salt,bank,client,target,source_context,entropy,max_class_fraction,macroclass_contribution_P11_minus_P00,P11_states,P00_states
T013-S0,B,29,gaussian_blur,clean,-0.0,1.0,-1.2575250836120402,clean|clean,contrast_low|contrast_low
T013-S1,B,29,gaussian_blur,clean,-0.0,1.0,-1.2575250836120402,clean|clean,contrast_low|contrast_low
T013-S2,B,29,gaussian_blur,clean,-0.0,1.0,-1.2575250836120402,clean|clean,contrast_low|contrast_low
T013-S3,B,29,gaussian_blur,clean,-0.0,1.0,-1.2575250836120402,clean|clean,contrast_low|contrast_low
T013-S0,A,29,gaussian_blur,clean,-0.0,1.0,-1.2173913043478262,clean|clean,contrast_low|contrast_low
T013-S1,A,29,gaussian_blur,clean,-0.0,1.0,-1.2173913043478262,clean|clean,contrast_low|contrast_low
T013-S2,A,29,gaussian_blur,clean,-0.0,1.0,-1.2173913043478262,clean|clean,contrast_low|contrast_low
T013-S3,A,29,gaussian_blur,clean,-0.0,1.0,-1.2173913043478262,clean|clean,contrast_low|contrast_low
T013-S0,B,94,gaussian_noise,gaussian_noise,0.08621407475879368,0.95,-0.726711259754738,gaussian_noise|gaussian_noise,brightness_dark|brightness_dark
T013-S1,B,94,gaussian_noise,gaussian_noise,0.08621407475879368,0.95,-0.726711259754738,gaussian_noise|gaussian_noise,brightness_dark|brightness_dark
T013-S2,B,94,gaussian_noise,gaussian_noise,0.08621407475879368,0.95,-0.726711259754738,gaussian_noise|gaussian_noise,brightness_dark|brightness_dark
T013-S3,B,94,gaussian_noise,gaussian_noise,0.08621407475879368,0.95,-0.726711259754738,gaussian_noise|gaussian_noise,brightness_dark|brightness_dark
T013-S0,A,94,gaussian_noise,gaussian_noise,0.08621407475879368,0.95,-0.7133779264214046,gaussian_noise|gaussian_noise,brightness_dark|brightness_dark
T013-S1,A,94,gaussian_noise,gaussian_noise,0.08621407475879368,0.95,-0.7133779264214046,gaussian_noise|gaussian_noise,brightness_dark|brightness_dark
T013-S2,A,94,gaussian_noise,gaussian_noise,0.08621407475879368,0.95,-0.7133779264214046,gaussian_noise|gaussian_noise,brightness_dark|brightness_dark
T013-S3,A,94,gaussian_noise,gaussian_noise,0.08621407475879368,0.95,-0.7133779264214046,gaussian_noise|gaussian_noise,brightness_dark|brightness_dark
T013-S1,B,94,clean,clean,0.08621407475879368,0.95,-0.6398216276477146,clean|clean,brightness_dark|brightness_dark
T013-S2,B,94,clean,clean,0.08621407475879368,0.95,-0.6398216276477146,clean|clean,brightness_dark|brightness_dark
T013-S0,B,94,gaussian_blur,gaussian_blur,0.08621407475879368,0.95,-0.6262478639866487,gaussian_blur|gaussian_blur,brightness_dark|brightness_dark
T013-S1,B,94,gaussian_blur,gaussian_blur,0.08621407475879368,0.95,-0.6262478639866487,gaussian_blur|gaussian_blur,brightness_dark|brightness_dark
T013-S2,B,94,gaussian_blur,gaussian_blur,0.08621407475879368,0.95,-0.6262478639866487,gaussian_blur|gaussian_blur,brightness_dark|brightness_dark
T013-S3,B,94,gaussian_blur,gaussian_blur,0.08621407475879368,0.95,-0.6262478639866487,gaussian_blur|gaussian_blur,brightness_dark|brightness_dark
T013-S0,B,94,clean,clean,0.08621407475879368,0.95,-0.6199108138238573,clean|gaussian_noise,brightness_dark|brightness_dark
T013-S0,A,94,clean,clean,0.08621407475879368,0.95,-0.6198216276477146,clean|clean,brightness_dark|brightness_dark
T013-S1,A,94,clean,clean,0.08621407475879368,0.95,-0.6198216276477146,clean|clean,brightness_dark|brightness_dark
T013-S2,A,94,clean,clean,0.08621407475879368,0.95,-0.6198216276477146,clean|clean,brightness_dark|brightness_dark
T013-S3,A,94,clean,clean,0.08621407475879368,0.95,-0.6198216276477146,clean|clean,brightness_dark|brightness_dark
T013-S3,B,94,clean,clean,0.08621407475879368,0.95,-0.606510590858417,clean|gaussian_noise,brightness_dark|brightness_dark
T013-S0,A,94,gaussian_blur,gaussian_blur,0.08621407475879368,0.95,-0.5996034938640177,gaussian_blur|gaussian_blur,brightness_dark|brightness_dark
T013-S1,A,94,gaussian_blur,gaussian_blur,0.08621407475879368,0.95,-0.5996034938640177,gaussian_blur|gaussian_blur,brightness_dark|brightness_dark
T013-S2,A,94,gaussian_blur,gaussian_blur,0.08621407475879368,0.95,-0.5996034938640177,gaussian_blur|gaussian_blur,brightness_dark|brightness_dark
T013-S3,A,94,gaussian_blur,gaussian_blur,0.08621407475879368,0.95,-0.5996034938640177,gaussian_blur|gaussian_blur,brightness_dark|brightness_dark
T013-S0,B,29,clean,gaussian_noise,-0.0,1.0,-0.5953177257525084,clean|clean,contrast_low|contrast_low
T013-S1,B,29,clean,gaussian_noise,-0.0,1.0,-0.5953177257525084,clean|clean,contrast_low|contrast_low
T013-S2,B,29,clean,gaussian_noise,-0.0,1.0,-0.5953177257525084,clean|clean,contrast_low|contrast_low
T013-S3,B,29,clean,gaussian_noise,-0.0,1.0,-0.5953177257525084,clean|clean,contrast_low|contrast_low
T013-S0,A,29,clean,gaussian_noise,-0.0,1.0,-0.5819397993311036,clean|clean,contrast_low|contrast_low
T013-S1,A,29,clean,gaussian_noise,-0.0,1.0,-0.5819397993311036,clean|clean,contrast_low|contrast_low
T013-S2,A,29,clean,gaussian_noise,-0.0,1.0,-0.5819397993311036,clean|clean,contrast_low|contrast_low
T013-S3,A,29,clean,gaussian_noise,-0.0,1.0,-0.5819397993311036,clean|clean,contrast_low|contrast_low
T013-S0,B,94,contrast_low,contrast_low,0.08621407475879368,0.95,-0.5126867335562988,contrast_low|contrast_low,brightness_dark|brightness_dark
T013-S1,B,94,contrast_low,contrast_low,0.08621407475879368,0.95,-0.5126867335562988,contrast_low|contrast_low,brightness_dark|brightness_dark
T013-S2,B,94,contrast_low,contrast_low,0.08621407475879368,0.95,-0.5126867335562988,contrast_low|contrast_low,brightness_dark|brightness_dark
T013-S3,B,94,contrast_low,contrast_low,0.08621407475879368,0.95,-0.5126867335562988,contrast_low|contrast_low,brightness_dark|brightness_dark
T013-S0,B,29,brightness_dark,brightness_dark,-0.0,1.0,-0.5083612040133779,brightness_dark|brightness_dark,contrast_low|contrast_low
T013-S1,B,29,brightness_dark,brightness_dark,-0.0,1.0,-0.5083612040133779,brightness_dark|brightness_dark,contrast_low|contrast_low
T013-S2,B,29,brightness_dark,brightness_dark,-0.0,1.0,-0.5083612040133779,brightness_dark|brightness_dark,contrast_low|contrast_low
T013-S3,B,29,brightness_dark,brightness_dark,-0.0,1.0,-0.5083612040133779,brightness_dark|brightness_dark,contrast_low|contrast_low
T013-S0,A,29,brightness_dark,brightness_dark,-0.0,1.0,-0.4816053511705686,brightness_dark|brightness_dark,contrast_low|contrast_low
T013-S1,A,29,brightness_dark,brightness_dark,-0.0,1.0,-0.4816053511705686,brightness_dark|brightness_dark,contrast_low|contrast_low
T013-S2,A,29,brightness_dark,brightness_dark,-0.0,1.0,-0.4816053511705686,brightness_dark|brightness_dark,contrast_low|contrast_low
T013-S3,A,29,brightness_dark,brightness_dark,-0.0,1.0,-0.4816053511705686,brightness_dark|brightness_dark,contrast_low|contrast_low
T013-S0,A,94,contrast_low,contrast_low,0.08621407475879368,0.95,-0.4527090301003345,contrast_low|contrast_low,brightness_dark|brightness_dark
T013-S1,A,94,contrast_low,contrast_low,0.08621407475879368,0.95,-0.4527090301003345,contrast_low|contrast_low,brightness_dark|brightness_dark
T013-S2,A,94,contrast_low,contrast_low,0.08621407475879368,0.95,-0.4527090301003345,contrast_low|contrast_low,brightness_dark|brightness_dark
T013-S3,A,94,contrast_low,contrast_low,0.08621407475879368,0.95,-0.4527090301003345,contrast_low|contrast_low,brightness_dark|brightness_dark
T013-S0,A,26,gaussian_blur,contrast_low,0.08621407475879368,0.95,-0.4515860552419876,contrast_low|contrast_low,gaussian_blur|gaussian_blur
T013-S1,A,26,gaussian_blur,contrast_low,0.08621407475879368,0.95,-0.4515860552419876,contrast_low|contrast_low,gaussian_blur|gaussian_blur
T013-S2,A,26,gaussian_blur,contrast_low,0.08621407475879368,0.95,-0.4515860552419876,contrast_low|contrast_low,gaussian_blur|gaussian_blur
T013-S3,A,26,gaussian_blur,contrast_low,0.08621407475879368,0.95,-0.4515860552419876,contrast_low|contrast_low,gaussian_blur|gaussian_blur
T013-S0,B,30,clean,gaussian_blur,0.37162086641628495,0.5,-0.43373094764744863,gaussian_blur|gaussian_blur,brightness_dark|brightness_dark
T013-S1,B,30,clean,gaussian_blur,0.37162086641628495,0.5,-0.43373094764744863,gaussian_blur|gaussian_blur,brightness_dark|brightness_dark
T013-S2,B,30,clean,gaussian_blur,0.37162086641628495,0.5,-0.43373094764744863,gaussian_blur|gaussian_blur,brightness_dark|brightness_dark
T013-S3,B,30,clean,gaussian_blur,0.37162086641628495,0.5,-0.43373094764744863,gaussian_blur|gaussian_blur,brightness_dark|brightness_dark
T013-S2,B,30,gaussian_blur,gaussian_blur,0.37162086641628495,0.5,-0.42714380384360506,gaussian_blur|gaussian_blur,brightness_dark|brightness_dark
T013-S3,B,30,gaussian_blur,gaussian_blur,0.37162086641628495,0.5,-0.42714380384360506,gaussian_blur|gaussian_blur,brightness_dark|brightness_dark
T013-S0,B,65,gaussian_blur,gaussian_blur,-0.0,1.0,-0.4266666666666667,gaussian_blur|gaussian_blur,brightness_dark|brightness_dark
T013-S1,B,65,gaussian_blur,gaussian_blur,-0.0,1.0,-0.4266666666666667,gaussian_blur|gaussian_blur,brightness_dark|brightness_dark
T013-S2,B,65,gaussian_blur,gaussian_blur,-0.0,1.0,-0.4266666666666667,gaussian_blur|gaussian_blur,brightness_dark|brightness_dark
T013-S3,B,65,gaussian_blur,gaussian_blur,-0.0,1.0,-0.4266666666666667,gaussian_blur|gaussian_blur,brightness_dark|brightness_dark
T013-S0,A,39,contrast_low,contrast_low,-0.0,1.0,-0.41749502982107356,contrast_low|contrast_low,gaussian_noise|gaussian_noise
T013-S1,A,39,contrast_low,contrast_low,-0.0,1.0,-0.41749502982107356,contrast_low|contrast_low,gaussian_noise|gaussian_noise
T013-S2,A,39,contrast_low,contrast_low,-0.0,1.0,-0.41749502982107356,contrast_low|contrast_low,gaussian_noise|gaussian_noise
T013-S3,A,39,contrast_low,contrast_low,-0.0,1.0,-0.41749502982107356,contrast_low|contrast_low,gaussian_noise|gaussian_noise
T013-S0,A,65,gaussian_blur,gaussian_blur,-0.0,1.0,-0.41333333333333333,gaussian_blur|gaussian_blur,brightness_dark|brightness_dark
T013-S1,A,65,gaussian_blur,gaussian_blur,-0.0,1.0,-0.41333333333333333,gaussian_blur|gaussian_blur,brightness_dark|brightness_dark
T013-S2,A,65,gaussian_blur,gaussian_blur,-0.0,1.0,-0.41333333333333333,gaussian_blur|gaussian_blur,brightness_dark|brightness_dark
T013-S3,A,65,gaussian_blur,gaussian_blur,-0.0,1.0,-0.41333333333333333,gaussian_blur|gaussian_blur,brightness_dark|brightness_dark
T013-S0,A,39,brightness_dark,brightness_dark,-0.0,1.0,-0.41086812458581845,brightness_dark|brightness_dark,gaussian_noise|gaussian_noise
T013-S1,A,39,brightness_dark,brightness_dark,-0.0,1.0,-0.41086812458581845,brightness_dark|brightness_dark,gaussian_noise|gaussian_noise
T013-S2,A,39,brightness_dark,brightness_dark,-0.0,1.0,-0.41086812458581845,brightness_dark|brightness_dark,gaussian_noise|gaussian_noise
T013-S3,A,39,brightness_dark,brightness_dark,-0.0,1.0,-0.41086812458581845,brightness_dark|brightness_dark,gaussian_noise|gaussian_noise
T013-S0,B,30,contrast_low,contrast_low,0.37162086641628495,0.5,-0.40686547382372434,contrast_low|contrast_low,brightness_dark|brightness_dark
T013-S3,B,30,contrast_low,contrast_low,0.37162086641628495,0.5,-0.40686547382372434,contrast_low|contrast_low,brightness_dark|brightness_dark
T013-S2,B,65,clean,clean,-0.0,1.0,-0.4066666666666667,gaussian_noise|clean,brightness_dark|brightness_dark
T013-S0,B,29,gaussian_noise,gaussian_noise,-0.0,1.0,-0.4013377926421405,clean|clean,contrast_low|contrast_low
T013-S1,B,29,gaussian_noise,gaussian_noise,-0.0,1.0,-0.4013377926421405,clean|clean,contrast_low|contrast_low
T013-S2,B,29,gaussian_noise,gaussian_noise,-0.0,1.0,-0.4013377926421405,clean|clean,contrast_low|contrast_low
T013-S3,B,29,gaussian_noise,gaussian_noise,-0.0,1.0,-0.4013377926421405,clean|clean,contrast_low|contrast_low
T013-S0,A,30,clean,gaussian_blur,0.37162086641628495,0.5,-0.4005168986083499,gaussian_blur|gaussian_blur,brightness_dark|brightness_dark
T013-S1,A,30,clean,gaussian_blur,0.37162086641628495,0.5,-0.4005168986083499,gaussian_blur|gaussian_blur,brightness_dark|brightness_dark
T013-S2,A,30,clean,gaussian_blur,0.37162086641628495,0.5,-0.4005168986083499,gaussian_blur|gaussian_blur,brightness_dark|brightness_dark
T013-S3,A,30,clean,gaussian_blur,0.37162086641628495,0.5,-0.4005168986083499,gaussian_blur|gaussian_blur,brightness_dark|brightness_dark
T013-S0,B,65,contrast_low,contrast_low,-0.0,1.0,-0.4,contrast_low|contrast_low,brightness_dark|brightness_dark
T013-S1,B,65,contrast_low,contrast_low,-0.0,1.0,-0.4,contrast_low|contrast_low,brightness_dark|brightness_dark
T013-S2,B,65,contrast_low,contrast_low,-0.0,1.0,-0.4,contrast_low|contrast_low,brightness_dark|brightness_dark
T013-S3,B,65,clean,clean,-0.0,1.0,-0.4,clean|gaussian_noise,brightness_dark|brightness_dark
T013-S3,B,65,contrast_low,contrast_low,-0.0,1.0,-0.4,contrast_low|contrast_low,brightness_dark|brightness_dark
T013-S0,B,65,clean,clean,-0.0,1.0,-0.3933333333333333,gaussian_noise|gaussian_noise,brightness_dark|brightness_dark
T013-S1,B,65,clean,clean,-0.0,1.0,-0.3933333333333333,clean|gaussian_noise,brightness_dark|brightness_dark
T013-S0,A,8,gaussian_blur,gaussian_blur,0.21732201127364886,0.8,-0.3931926121372032,gaussian_blur|gaussian_blur,brightness_dark|brightness_dark
T013-S1,A,8,gaussian_blur,gaussian_blur,0.21732201127364886,0.8,-0.3931926121372032,gaussian_blur|gaussian_blur,brightness_dark|brightness_dark
T013-S2,A,8,gaussian_blur,gaussian_blur,0.21732201127364886,0.8,-0.3931926121372032,gaussian_blur|gaussian_blur,brightness_dark|brightness_dark
T013-S3,A,8,gaussian_blur,gaussian_blur,0.21732201127364886,0.8,-0.3931926121372032,gaussian_blur|gaussian_blur,brightness_dark|brightness_dark
T013-S0,B,39,brightness_dark,brightness_dark,-0.0,1.0,-0.390987408880053,brightness_dark|brightness_dark,gaussian_noise|gaussian_noise
T013-S1,B,39,brightness_dark,brightness_dark,-0.0,1.0,-0.390987408880053,brightness_dark|brightness_dark,gaussian_noise|gaussian_noise
T013-S2,B,39,brightness_dark,brightness_dark,-0.0,1.0,-0.390987408880053,brightness_dark|brightness_dark,gaussian_noise|gaussian_noise
T013-S3,B,39,brightness_dark,brightness_dark,-0.0,1.0,-0.390987408880053,brightness_dark|brightness_dark,gaussian_noise|gaussian_noise
T013-S0,A,29,gaussian_noise,gaussian_noise,-0.0,1.0,-0.3879598662207358,clean|clean,contrast_low|contrast_low
T013-S1,A,29,gaussian_noise,gaussian_noise,-0.0,1.0,-0.3879598662207358,clean|clean,contrast_low|contrast_low
T013-S2,A,29,gaussian_noise,gaussian_noise,-0.0,1.0,-0.3879598662207358,clean|clean,contrast_low|contrast_low
T013-S3,A,29,gaussian_noise,gaussian_noise,-0.0,1.0,-0.3879598662207358,clean|clean,contrast_low|contrast_low
T013-S0,B,8,gaussian_blur,gaussian_blur,0.21732201127364886,0.8,-0.38659630606860157,gaussian_blur|gaussian_blur,brightness_dark|brightness_dark
T013-S1,B,8,gaussian_blur,gaussian_blur,0.21732201127364886,0.8,-0.38659630606860157,gaussian_blur|gaussian_blur,brightness_dark|brightness_dark
T013-S2,B,8,gaussian_blur,gaussian_blur,0.21732201127364886,0.8,-0.38659630606860157,gaussian_blur|gaussian_blur,brightness_dark|brightness_dark
T013-S3,B,8,gaussian_blur,gaussian_blur,0.21732201127364886,0.8,-0.38659630606860157,gaussian_blur|gaussian_blur,brightness_dark|brightness_dark
T013-S0,B,8,contrast_low,contrast_low,0.21732201127364886,0.8,-0.3862802492802422,contrast_low|contrast_low,brightness_dark|brightness_dark
T013-S1,B,8,contrast_low,contrast_low,0.21732201127364886,0.8,-0.3862802492802422,contrast_low|contrast_low,brightness_dark|brightness_dark
T013-S2,B,8,contrast_low,contrast_low,0.21732201127364886,0.8,-0.3862802492802422,contrast_low|contrast_low,brightness_dark|brightness_dark
T013-S3,B,8,contrast_low,contrast_low,0.21732201127364886,0.8,-0.3862802492802422,contrast_low|contrast_low,brightness_dark|brightness_dark
T013-S0,B,39,contrast_low,contrast_low,-0.0,1.0,-0.3843605036447979,contrast_low|contrast_low,gaussian_noise|gaussian_noise
T013-S1,B,39,contrast_low,contrast_low,-0.0,1.0,-0.3843605036447979,contrast_low|contrast_low,gaussian_noise|gaussian_noise
T013-S2,B,39,contrast_low,contrast_low,-0.0,1.0,-0.3843605036447979,contrast_low|contrast_low,gaussian_noise|gaussian_noise
T013-S3,B,39,contrast_low,contrast_low,-0.0,1.0,-0.3843605036447979,contrast_low|contrast_low,gaussian_noise|gaussian_noise
T013-S1,A,30,gaussian_blur,gaussian_blur,0.37162086641628495,0.5,-0.3807952286282306,gaussian_blur|gaussian_blur,brightness_dark|brightness_dark
T013-S2,A,30,gaussian_blur,gaussian_blur,0.37162086641628495,0.5,-0.3807952286282306,gaussian_blur|gaussian_blur,brightness_dark|brightness_dark
T013-S3,A,30,gaussian_blur,gaussian_blur,0.37162086641628495,0.5,-0.3807952286282306,gaussian_blur|gaussian_blur,brightness_dark|brightness_dark
T013-S0,A,65,clean,clean,-0.0,1.0,-0.38,gaussian_noise|clean,brightness_dark|brightness_dark
T013-S3,A,65,clean,clean,-0.0,1.0,-0.38,gaussian_noise|clean,brightness_dark|brightness_dark
T013-S0,A,65,contrast_low,contrast_low,-0.0,1.0,-0.37333333333333335,contrast_low|contrast_low,brightness_dark|brightness_dark
T013-S1,A,65,clean,clean,-0.0,1.0,-0.37333333333333335,gaussian_noise|gaussian_noise,brightness_dark|brightness_dark
T013-S1,A,65,contrast_low,contrast_low,-0.0,1.0,-0.37333333333333335,contrast_low|contrast_low,brightness_dark|brightness_dark
T013-S2,A,65,clean,clean,-0.0,1.0,-0.37333333333333335,gaussian_noise|gaussian_noise,brightness_dark|brightness_dark
T013-S2,A,65,contrast_low,contrast_low,-0.0,1.0,-0.37333333333333335,contrast_low|contrast_low,brightness_dark|brightness_dark
T013-S3,A,65,contrast_low,contrast_low,-0.0,1.0,-0.37333333333333335,contrast_low|contrast_low,brightness_dark|brightness_dark
T013-S0,B,65,gaussian_noise,gaussian_noise,-0.0,1.0,-0.36666666666666664,gaussian_noise|gaussian_noise,brightness_dark|brightness_dark
T013-S1,B,65,gaussian_noise,gaussian_noise,-0.0,1.0,-0.36666666666666664,gaussian_noise|gaussian_noise,brightness_dark|brightness_dark
T013-S2,B,65,gaussian_noise,gaussian_noise,-0.0,1.0,-0.36666666666666664,gaussian_noise|gaussian_noise,brightness_dark|brightness_dark
T013-S3,B,65,gaussian_noise,gaussian_noise,-0.0,1.0,-0.36666666666666664,gaussian_noise|gaussian_noise,brightness_dark|brightness_dark
T013-S0,A,65,gaussian_noise,gaussian_noise,-0.0,1.0,-0.35333333333333333,gaussian_noise|gaussian_noise,brightness_dark|brightness_dark
T013-S1,A,65,gaussian_noise,gaussian_noise,-0.0,1.0,-0.35333333333333333,gaussian_noise|gaussian_noise,brightness_dark|brightness_dark
T013-S2,A,65,gaussian_noise,gaussian_noise,-0.0,1.0,-0.35333333333333333,gaussian_noise|gaussian_noise,brightness_dark|brightness_dark
T013-S3,A,65,gaussian_noise,gaussian_noise,-0.0,1.0,-0.35333333333333333,gaussian_noise|gaussian_noise,brightness_dark|brightness_dark
T013-S0,A,97,brightness_dark,brightness_dark,0.29854955310662773,0.75,-0.3512259774685222,brightness_dark|brightness_dark,gaussian_noise|gaussian_noise
T013-S1,A,97,brightness_dark,brightness_dark,0.29854955310662773,0.75,-0.3512259774685222,brightness_dark|brightness_dark,gaussian_noise|gaussian_noise
T013-S2,A,97,brightness_dark,brightness_dark,0.29854955310662773,0.75,-0.3512259774685222,brightness_dark|brightness_dark,gaussian_noise|gaussian_noise
T013-S3,A,97,brightness_dark,brightness_dark,0.29854955310662773,0.75,-0.3512259774685222,brightness_dark|brightness_dark,gaussian_noise|gaussian_noise
T013-S0,B,30,gaussian_noise,gaussian_noise,0.37162086641628495,0.5,-0.3475811795891319,gaussian_noise|gaussian_noise,brightness_dark|brightness_dark
T013-S1,B,30,gaussian_noise,gaussian_noise,0.37162086641628495,0.5,-0.3475811795891319,gaussian_noise|gaussian_noise,brightness_dark|brightness_dark
T013-S2,B,30,gaussian_noise,gaussian_noise,0.37162086641628495,0.5,-0.3475811795891319,gaussian_noise|gaussian_noise,brightness_dark|brightness_dark
T013-S3,B,30,gaussian_noise,gaussian_noise,0.37162086641628495,0.5,-0.3475811795891319,gaussian_noise|gaussian_noise,brightness_dark|brightness_dark
T013-S0,A,8,contrast_low,contrast_low,0.21732201127364886,0.8,-0.34649133107443747,contrast_low|contrast_low,brightness_dark|brightness_dark
T013-S1,A,8,contrast_low,contrast_low,0.21732201127364886,0.8,-0.34649133107443747,contrast_low|contrast_low,brightness_dark|brightness_dark
T013-S2,A,8,contrast_low,contrast_low,0.21732201127364886,0.8,-0.34649133107443747,contrast_low|contrast_low,brightness_dark|brightness_dark
T013-S3,A,8,contrast_low,contrast_low,0.21732201127364886,0.8,-0.34649133107443747,contrast_low|contrast_low,brightness_dark|brightness_dark
T013-S2,B,30,contrast_low,contrast_low,0.37162086641628495,0.5,-0.34587143803843606,contrast_low|contrast_low,gaussian_noise|brightness_dark
T013-S0,B,97,brightness_dark,brightness_dark,0.29854955310662773,0.75,-0.3445990722332671,brightness_dark|brightness_dark,gaussian_noise|gaussian_noise
T013-S1,B,97,brightness_dark,brightness_dark,0.29854955310662773,0.75,-0.3445990722332671,brightness_dark|brightness_dark,gaussian_noise|gaussian_noise
T013-S2,B,97,brightness_dark,brightness_dark,0.29854955310662773,0.75,-0.3445990722332671,brightness_dark|brightness_dark,gaussian_noise|gaussian_noise
T013-S3,B,97,brightness_dark,brightness_dark,0.29854955310662773,0.75,-0.3445990722332671,brightness_dark|brightness_dark,gaussian_noise|gaussian_noise
T013-S0,B,30,gaussian_blur,gaussian_blur,0.37162086641628495,0.5,-0.33424784625579856,clean|gaussian_blur,brightness_dark|brightness_dark
T013-S0,B,8,gaussian_noise,gaussian_noise,0.21732201127364886,0.8,-0.33375549692172385,gaussian_noise|gaussian_noise,brightness_dark|brightness_dark
T013-S1,B,8,gaussian_noise,gaussian_noise,0.21732201127364886,0.8,-0.33375549692172385,gaussian_noise|gaussian_noise,brightness_dark|brightness_dark
T013-S2,B,8,gaussian_noise,gaussian_noise,0.21732201127364886,0.8,-0.33375549692172385,gaussian_noise|gaussian_noise,brightness_dark|brightness_dark
T013-S3,B,8,gaussian_noise,gaussian_noise,0.21732201127364886,0.8,-0.33375549692172385,gaussian_noise|gaussian_noise,brightness_dark|brightness_dark
T013-S1,B,30,gaussian_blur,gaussian_blur,0.37162086641628495,0.5,-0.32758117958913185,clean|gaussian_blur,brightness_dark|brightness_dark
T013-S0,B,8,clean,clean,0.21732201127364886,0.8,-0.32680738786279684,gaussian_noise|gaussian_noise,brightness_dark|brightness_dark
T013-S1,B,8,clean,clean,0.21732201127364886,0.8,-0.32680738786279684,gaussian_noise|gaussian_noise,brightness_dark|brightness_dark
T013-S2,B,8,clean,clean,0.21732201127364886,0.8,-0.32680738786279684,gaussian_noise|gaussian_noise,brightness_dark|brightness_dark
T013-S3,B,8,clean,clean,0.21732201127364886,0.8,-0.32680738786279684,gaussian_noise|gaussian_noise,brightness_dark|brightness_dark
T013-S2,A,30,contrast_low,contrast_low,0.37162086641628495,0.5,-0.3258316766070245,contrast_low|contrast_low,gaussian_noise|brightness_dark
T013-S1,B,30,contrast_low,contrast_low,0.37162086641628495,0.5,-0.31924453280318094,gaussian_blur|contrast_low,gaussian_noise|brightness_dark
T013-S0,A,30,gaussian_noise,gaussian_noise,0.37162086641628495,0.5,-0.3143671305500331,gaussian_noise|gaussian_noise,brightness_dark|brightness_dark
T013-S1,A,30,gaussian_noise,gaussian_noise,0.37162086641628495,0.5,-0.3143671305500331,gaussian_noise|gaussian_noise,brightness_dark|brightness_dark
T013-S2,A,30,gaussian_noise,gaussian_noise,0.37162086641628495,0.5,-0.3143671305500331,gaussian_noise|gaussian_noise,brightness_dark|brightness_dark
T013-S3,A,30,gaussian_noise,gaussian_noise,0.37162086641628495,0.5,-0.3143671305500331,gaussian_noise|gaussian_noise,brightness_dark|brightness_dark
T013-S0,A,8,clean,clean,0.21732201127364886,0.8,-0.3134740545294635,gaussian_noise|gaussian_noise,brightness_dark|brightness_dark
T013-S1,A,8,clean,clean,0.21732201127364886,0.8,-0.3134740545294635,gaussian_noise|gaussian_noise,brightness_dark|brightness_dark
T013-S2,A,8,clean,clean,0.21732201127364886,0.8,-0.3134740545294635,gaussian_noise|gaussian_noise,brightness_dark|brightness_dark
T013-S3,A,8,clean,clean,0.21732201127364886,0.8,-0.3134740545294635,gaussian_noise|gaussian_noise,brightness_dark|brightness_dark
T013-S0,A,30,brightness_dark,brightness_dark,0.37162086641628495,0.5,-0.31130550033134524,brightness_dark|brightness_dark,gaussian_noise|gaussian_noise
T013-S1,A,30,brightness_dark,brightness_dark,0.37162086641628495,0.5,-0.31130550033134524,brightness_dark|brightness_dark,gaussian_noise|gaussian_noise
T013-S2,A,30,brightness_dark,brightness_dark,0.37162086641628495,0.5,-0.31130550033134524,brightness_dark|brightness_dark,gaussian_noise|gaussian_noise
T013-S3,A,30,brightness_dark,brightness_dark,0.37162086641628495,0.5,-0.31130550033134524,brightness_dark|brightness_dark,gaussian_noise|gaussian_noise
T013-S0,A,8,gaussian_noise,gaussian_noise,0.21732201127364886,0.8,-0.3004925241864556,gaussian_noise|gaussian_noise,brightness_dark|brightness_dark
T013-S1,A,8,gaussian_noise,gaussian_noise,0.21732201127364886,0.8,-0.3004925241864556,gaussian_noise|gaussian_noise,brightness_dark|brightness_dark
T013-S2,A,8,gaussian_noise,gaussian_noise,0.21732201127364886,0.8,-0.3004925241864556,gaussian_noise|gaussian_noise,brightness_dark|brightness_dark
T013-S3,A,8,gaussian_noise,gaussian_noise,0.21732201127364886,0.8,-0.3004925241864556,gaussian_noise|gaussian_noise,brightness_dark|brightness_dark
T013-S0,B,30,brightness_dark,brightness_dark,0.37162086641628495,0.5,-0.2980119284294235,brightness_dark|brightness_dark,gaussian_noise|gaussian_noise
T013-S1,B,30,brightness_dark,brightness_dark,0.37162086641628495,0.5,-0.2980119284294235,brightness_dark|brightness_dark,gaussian_noise|gaussian_noise
T013-S2,B,30,brightness_dark,brightness_dark,0.37162086641628495,0.5,-0.2980119284294235,brightness_dark|brightness_dark,gaussian_noise|gaussian_noise
T013-S3,B,30,brightness_dark,brightness_dark,0.37162086641628495,0.5,-0.2980119284294235,brightness_dark|brightness_dark,gaussian_noise|gaussian_noise
T013-S0,A,30,gaussian_blur,gaussian_blur,0.37162086641628495,0.5,-0.29452617627567923,clean|gaussian_blur,brightness_dark|brightness_dark
T013-S0,A,97,contrast_low,contrast_low,0.29854955310662773,0.75,-0.291583830351226,contrast_low|contrast_low,gaussian_noise|gaussian_noise
T013-S1,A,97,contrast_low,contrast_low,0.29854955310662773,0.75,-0.291583830351226,contrast_low|contrast_low,gaussian_noise|gaussian_noise
T013-S2,A,97,contrast_low,contrast_low,0.29854955310662773,0.75,-0.291583830351226,contrast_low|contrast_low,gaussian_noise|gaussian_noise
T013-S3,A,97,contrast_low,contrast_low,0.29854955310662773,0.75,-0.291583830351226,contrast_low|contrast_low,gaussian_noise|gaussian_noise
T013-S0,A,30,contrast_low,contrast_low,0.37162086641628495,0.5,-0.2778926441351889,contrast_low|contrast_low,gaussian_noise|gaussian_noise
T013-S1,A,30,contrast_low,contrast_low,0.37162086641628495,0.5,-0.2778926441351889,contrast_low|contrast_low,gaussian_noise|gaussian_noise
T013-S3,A,30,contrast_low,contrast_low,0.37162086641628495,0.5,-0.2778926441351889,contrast_low|contrast_low,gaussian_noise|gaussian_noise
T013-S0,A,73,clean,clean,0.4023767052555694,0.55,-0.26080180442219253,clean|clean,brightness_dark|brightness_dark
T013-S1,A,73,clean,clean,0.4023767052555694,0.55,-0.26080180442219253,clean|clean,brightness_dark|brightness_dark
T013-S2,A,73,clean,clean,0.4023767052555694,0.55,-0.26080180442219253,clean|clean,brightness_dark|brightness_dark
T013-S3,A,73,clean,clean,0.4023767052555694,0.55,-0.2541351377555259,gaussian_noise|clean,brightness_dark|brightness_dark
T013-S3,B,73,clean,clean,0.4023767052555694,0.55,-0.24762171621331225,clean|gaussian_noise,brightness_dark|brightness_dark
T013-S2,B,73,clean,clean,0.4023767052555694,0.55,-0.24758634928139361,gaussian_noise|clean,brightness_dark|brightness_dark
T013-S0,B,97,contrast_low,contrast_low,0.29854955310662773,0.75,-0.24519549370444002,contrast_low|contrast_low,gaussian_noise|gaussian_noise
T013-S1,B,97,contrast_low,contrast_low,0.29854955310662773,0.75,-0.24519549370444002,contrast_low|contrast_low,gaussian_noise|gaussian_noise
T013-S2,B,97,contrast_low,contrast_low,0.29854955310662773,0.75,-0.24519549370444002,contrast_low|contrast_low,gaussian_noise|gaussian_noise
T013-S3,B,97,contrast_low,contrast_low,0.29854955310662773,0.75,-0.24519549370444002,contrast_low|contrast_low,gaussian_noise|gaussian_noise
T013-S0,B,73,clean,clean,0.4023767052555694,0.55,-0.2409550495466456,gaussian_noise|gaussian_noise,brightness_dark|brightness_dark
T013-S0,B,73,gaussian_noise,gaussian_noise,0.4023767052555694,0.55,-0.24080180442219257,gaussian_noise|gaussian_noise,brightness_dark|brightness_dark
T013-S1,B,73,gaussian_noise,gaussian_noise,0.4023767052555694,0.55,-0.24080180442219257,gaussian_noise|gaussian_noise,brightness_dark|brightness_dark
T013-S2,B,73,gaussian_noise,gaussian_noise,0.4023767052555694,0.55,-0.24080180442219257,gaussian_noise|gaussian_noise,brightness_dark|brightness_dark
T013-S3,B,73,gaussian_noise,gaussian_noise,0.4023767052555694,0.55,-0.24080180442219257,gaussian_noise|gaussian_noise,brightness_dark|brightness_dark
T013-S0,A,77,contrast_low,contrast_low,0.29228525323862886,0.6,-0.23838499346926356,contrast_low|contrast_low,gaussian_noise|gaussian_noise
T013-S1,A,77,contrast_low,contrast_low,0.29228525323862886,0.6,-0.23838499346926356,contrast_low|contrast_low,gaussian_noise|gaussian_noise
T013-S2,A,77,contrast_low,contrast_low,0.29228525323862886,0.6,-0.23838499346926356,contrast_low|contrast_low,gaussian_noise|gaussian_noise
T013-S3,A,77,contrast_low,contrast_low,0.29228525323862886,0.6,-0.23838499346926356,contrast_low|contrast_low,gaussian_noise|gaussian_noise
T013-S1,B,73,clean,clean,0.4023767052555694,0.55,-0.2344062610725133,clean|gaussian_noise,brightness_dark|brightness_dark
T013-S0,A,73,gaussian_blur,gaussian_blur,0.4023767052555694,0.55,-0.22088690166501743,gaussian_blur|gaussian_blur,brightness_dark|brightness_dark
T013-S0,B,73,gaussian_blur,gaussian_blur,0.4023767052555694,0.55,-0.22088690166501743,gaussian_blur|gaussian_blur,brightness_dark|brightness_dark
T013-S1,A,73,gaussian_blur,gaussian_blur,0.4023767052555694,0.55,-0.22088690166501743,gaussian_blur|gaussian_blur,brightness_dark|brightness_dark
T013-S1,B,73,gaussian_blur,gaussian_blur,0.4023767052555694,0.55,-0.22088690166501743,gaussian_blur|gaussian_blur,brightness_dark|brightness_dark
T013-S2,A,73,gaussian_blur,gaussian_blur,0.4023767052555694,0.55,-0.22088690166501743,gaussian_blur|gaussian_blur,brightness_dark|brightness_dark
T013-S2,B,73,gaussian_blur,gaussian_blur,0.4023767052555694,0.55,-0.22088690166501743,gaussian_blur|gaussian_blur,brightness_dark|brightness_dark
T013-S3,A,73,gaussian_blur,gaussian_blur,0.4023767052555694,0.55,-0.22088690166501743,gaussian_blur|gaussian_blur,brightness_dark|brightness_dark
T013-S3,B,73,gaussian_blur,gaussian_blur,0.4023767052555694,0.55,-0.22088690166501743,gaussian_blur|gaussian_blur,brightness_dark|brightness_dark
T013-S0,A,73,gaussian_noise,gaussian_noise,0.4023767052555694,0.55,-0.2208371713541112,gaussian_noise|gaussian_noise,brightness_dark|brightness_dark
T013-S1,A,73,gaussian_noise,gaussian_noise,0.4023767052555694,0.55,-0.2208371713541112,gaussian_noise|gaussian_noise,brightness_dark|brightness_dark
T013-S2,A,73,gaussian_noise,gaussian_noise,0.4023767052555694,0.55,-0.2208371713541112,gaussian_noise|gaussian_noise,brightness_dark|brightness_dark
T013-S3,A,73,gaussian_noise,gaussian_noise,0.4023767052555694,0.55,-0.2208371713541112,gaussian_noise|gaussian_noise,brightness_dark|brightness_dark
T013-S0,B,77,contrast_low,contrast_low,0.29228525323862886,0.6,-0.21853487693015172,contrast_low|contrast_low,gaussian_noise|gaussian_noise
T013-S1,B,77,contrast_low,contrast_low,0.29228525323862886,0.6,-0.21853487693015172,contrast_low|contrast_low,gaussian_noise|gaussian_noise
T013-S2,B,77,contrast_low,contrast_low,0.29228525323862886,0.6,-0.21853487693015172,contrast_low|contrast_low,gaussian_noise|gaussian_noise
T013-S3,B,77,contrast_low,contrast_low,0.29228525323862886,0.6,-0.21853487693015172,contrast_low|contrast_low,gaussian_noise|gaussian_noise
T013-S0,A,46,gaussian_noise,gaussian_noise,0.1712847410710057,0.9,-0.21333333333333335,gaussian_noise|gaussian_noise,brightness_dark|brightness_dark
T013-S0,B,46,gaussian_noise,gaussian_noise,0.1712847410710057,0.9,-0.21333333333333335,gaussian_noise|gaussian_noise,brightness_dark|brightness_dark
T013-S1,A,46,gaussian_noise,gaussian_noise,0.1712847410710057,0.9,-0.21333333333333335,gaussian_noise|gaussian_noise,brightness_dark|brightness_dark
T013-S1,B,46,gaussian_noise,gaussian_noise,0.1712847410710057,0.9,-0.21333333333333335,gaussian_noise|gaussian_noise,brightness_dark|brightness_dark
T013-S2,A,46,gaussian_noise,gaussian_noise,0.1712847410710057,0.9,-0.21333333333333335,gaussian_noise|gaussian_noise,brightness_dark|brightness_dark
T013-S2,B,46,gaussian_noise,gaussian_noise,0.1712847410710057,0.9,-0.21333333333333335,gaussian_noise|gaussian_noise,brightness_dark|brightness_dark
T013-S3,A,46,gaussian_noise,gaussian_noise,0.1712847410710057,0.9,-0.21333333333333335,gaussian_noise|gaussian_noise,brightness_dark|brightness_dark
T013-S3,B,46,gaussian_noise,gaussian_noise,0.1712847410710057,0.9,-0.21333333333333335,gaussian_noise|gaussian_noise,brightness_dark|brightness_dark
T013-S0,B,78,gaussian_noise,gaussian_noise,0.29854955310662773,0.75,-0.2,gaussian_noise|gaussian_noise,brightness_dark|brightness_dark
T013-S1,B,78,gaussian_noise,gaussian_noise,0.29854955310662773,0.75,-0.2,gaussian_noise|gaussian_noise,brightness_dark|brightness_dark
T013-S2,B,78,gaussian_noise,gaussian_noise,0.29854955310662773,0.75,-0.2,gaussian_noise|gaussian_noise,brightness_dark|brightness_dark
T013-S3,B,78,gaussian_noise,gaussian_noise,0.29854955310662773,0.75,-0.2,gaussian_noise|gaussian_noise,brightness_dark|brightness_dark
T013-S0,B,74,gaussian_blur,contrast_low,-0.0,1.0,-0.19626480437151517,contrast_low|contrast_low,gaussian_blur|gaussian_blur
T013-S1,B,74,gaussian_blur,contrast_low,-0.0,1.0,-0.19626480437151517,contrast_low|contrast_low,gaussian_blur|gaussian_blur
T013-S2,B,74,gaussian_blur,contrast_low,-0.0,1.0,-0.19626480437151517,contrast_low|contrast_low,gaussian_blur|gaussian_blur
T013-S3,B,74,gaussian_blur,contrast_low,-0.0,1.0,-0.19626480437151517,contrast_low|contrast_low,gaussian_blur|gaussian_blur
T013-S2,A,46,gaussian_blur,gaussian_blur,0.1712847410710057,0.9,-0.1933690795352994,clean|clean,brightness_dark|brightness_dark
T013-S3,A,46,gaussian_blur,gaussian_blur,0.1712847410710057,0.9,-0.1933690795352994,clean|clean,brightness_dark|brightness_dark
T013-S0,A,78,gaussian_noise,gaussian_noise,0.29854955310662773,0.75,-0.19333333333333333,gaussian_noise|gaussian_noise,brightness_dark|brightness_dark
T013-S1,A,78,gaussian_noise,gaussian_noise,0.29854955310662773,0.75,-0.19333333333333333,gaussian_noise|gaussian_noise,brightness_dark|brightness_dark
T013-S2,A,78,gaussian_noise,gaussian_noise,0.29854955310662773,0.75,-0.19333333333333333,gaussian_noise|gaussian_noise,brightness_dark|brightness_dark
T013-S3,A,78,gaussian_noise,gaussian_noise,0.29854955310662773,0.75,-0.19333333333333333,gaussian_noise|gaussian_noise,brightness_dark|brightness_dark
T013-S0,A,74,gaussian_blur,contrast_low,-0.0,1.0,-0.18971601589738288,contrast_low|contrast_low,gaussian_blur|gaussian_blur
T013-S1,A,74,gaussian_blur,contrast_low,-0.0,1.0,-0.18971601589738288,contrast_low|contrast_low,gaussian_blur|gaussian_blur
T013-S2,A,74,gaussian_blur,contrast_low,-0.0,1.0,-0.18971601589738288,contrast_low|contrast_low,gaussian_blur|gaussian_blur
T013-S3,A,74,gaussian_blur,contrast_low,-0.0,1.0,-0.18971601589738288,contrast_low|contrast_low,gaussian_blur|gaussian_blur
T013-S1,A,46,gaussian_blur,gaussian_blur,0.1712847410710057,0.9,-0.1867024128686327,clean|gaussian_noise,brightness_dark|brightness_dark
T013-S0,A,46,clean,clean,0.1712847410710057,0.9,-0.18663092046470062,gaussian_noise|gaussian_noise,brightness_dark|brightness_dark
T013-S0,B,46,clean,clean,0.1712847410710057,0.9,-0.18663092046470062,gaussian_noise|gaussian_noise,brightness_dark|brightness_dark
T013-S1,A,46,clean,clean,0.1712847410710057,0.9,-0.18663092046470062,gaussian_noise|gaussian_noise,brightness_dark|brightness_dark
T013-S1,B,46,clean,clean,0.1712847410710057,0.9,-0.18663092046470062,gaussian_noise|gaussian_noise,brightness_dark|brightness_dark
T013-S2,A,46,clean,clean,0.1712847410710057,0.9,-0.18663092046470062,gaussian_noise|gaussian_noise,brightness_dark|brightness_dark
T013-S2,B,46,clean,clean,0.1712847410710057,0.9,-0.18663092046470062,gaussian_noise|gaussian_noise,brightness_dark|brightness_dark
T013-S3,A,46,clean,clean,0.1712847410710057,0.9,-0.18663092046470062,gaussian_noise|gaussian_noise,brightness_dark|brightness_dark
T013-S3,B,46,clean,clean,0.1712847410710057,0.9,-0.18663092046470062,gaussian_noise|gaussian_noise,brightness_dark|brightness_dark
T013-S0,B,26,clean,gaussian_blur,0.08621407475879368,0.95,-0.18294555306599383,gaussian_blur|gaussian_blur,clean|clean
T013-S1,B,26,clean,gaussian_blur,0.08621407475879368,0.95,-0.18294555306599383,gaussian_blur|gaussian_blur,clean|clean
T013-S2,B,26,clean,gaussian_blur,0.08621407475879368,0.95,-0.18294555306599383,gaussian_blur|gaussian_blur,clean|clean
T013-S3,B,26,clean,gaussian_blur,0.08621407475879368,0.95,-0.18294555306599383,gaussian_blur|gaussian_blur,clean|clean
T013-S0,A,46,gaussian_blur,gaussian_blur,0.1712847410710057,0.9,-0.18,clean|gaussian_noise,brightness_dark|brightness_dark
T013-S0,B,46,gaussian_blur,gaussian_blur,0.1712847410710057,0.9,-0.18,gaussian_noise|gaussian_noise,brightness_dark|brightness_dark
T013-S0,B,78,clean,clean,0.29854955310662773,0.75,-0.18,gaussian_noise|gaussian_noise,brightness_dark|brightness_dark
T013-S1,B,46,gaussian_blur,gaussian_blur,0.1712847410710057,0.9,-0.18,gaussian_noise|gaussian_noise,brightness_dark|brightness_dark
T013-S1,B,78,clean,clean,0.29854955310662773,0.75,-0.18,gaussian_noise|gaussian_noise,brightness_dark|brightness_dark
T013-S2,B,46,gaussian_blur,gaussian_blur,0.1712847410710057,0.9,-0.18,gaussian_noise|gaussian_noise,brightness_dark|brightness_dark
T013-S2,B,78,clean,clean,0.29854955310662773,0.75,-0.18,gaussian_noise|gaussian_noise,brightness_dark|brightness_dark
T013-S3,B,46,gaussian_blur,gaussian_blur,0.1712847410710057,0.9,-0.18,gaussian_noise|gaussian_noise,brightness_dark|brightness_dark
T013-S3,B,78,clean,clean,0.29854955310662773,0.75,-0.18,gaussian_noise|gaussian_noise,brightness_dark|brightness_dark
T013-S0,B,99,gaussian_blur,gaussian_blur,0.6814913078447037,0.35,-0.17991946499566758,gaussian_blur|gaussian_blur,brightness_dark|brightness_dark
T013-S1,B,99,gaussian_blur,gaussian_blur,0.6814913078447037,0.35,-0.17991946499566758,gaussian_blur|gaussian_blur,brightness_dark|brightness_dark
T013-S2,B,99,gaussian_blur,gaussian_blur,0.6814913078447037,0.35,-0.17991946499566758,gaussian_blur|gaussian_blur,brightness_dark|brightness_dark
T013-S3,B,99,gaussian_blur,gaussian_blur,0.6814913078447037,0.35,-0.17991946499566758,gaussian_blur|gaussian_blur,brightness_dark|brightness_dark
T013-S0,A,99,gaussian_blur,gaussian_blur,0.6814913078447037,0.35,-0.17983849333574856,gaussian_blur|gaussian_blur,brightness_dark|brightness_dark
T013-S1,A,99,gaussian_blur,gaussian_blur,0.6814913078447037,0.35,-0.17983849333574856,gaussian_blur|gaussian_blur,brightness_dark|brightness_dark
T013-S2,A,99,gaussian_blur,gaussian_blur,0.6814913078447037,0.35,-0.17983849333574856,gaussian_blur|gaussian_blur,brightness_dark|brightness_dark
T013-S3,A,99,gaussian_blur,gaussian_blur,0.6814913078447037,0.35,-0.17983849333574856,gaussian_blur|gaussian_blur,brightness_dark|brightness_dark
T013-S0,B,50,brightness_dark,brightness_dark,0.2442190502882155,0.75,-0.17879373756643688,brightness_dark|brightness_dark,gaussian_noise|gaussian_noise
T013-S1,B,50,brightness_dark,brightness_dark,0.2442190502882155,0.75,-0.17879373756643688,brightness_dark|brightness_dark,gaussian_noise|gaussian_noise
T013-S2,B,50,brightness_dark,brightness_dark,0.2442190502882155,0.75,-0.17879373756643688,brightness_dark|brightness_dark,gaussian_noise|gaussian_noise
T013-S3,B,50,brightness_dark,brightness_dark,0.2442190502882155,0.75,-0.17879373756643688,brightness_dark|brightness_dark,gaussian_noise|gaussian_noise
T013-S0,A,50,brightness_dark,brightness_dark,0.2442190502882155,0.75,-0.17873167959098965,brightness_dark|brightness_dark,gaussian_noise|gaussian_noise
T013-S1,A,50,brightness_dark,brightness_dark,0.2442190502882155,0.75,-0.17873167959098965,brightness_dark|brightness_dark,gaussian_noise|gaussian_noise
T013-S2,A,50,brightness_dark,brightness_dark,0.2442190502882155,0.75,-0.17873167959098965,brightness_dark|brightness_dark,gaussian_noise|gaussian_noise
T013-S3,A,50,brightness_dark,brightness_dark,0.2442190502882155,0.75,-0.17873167959098965,brightness_dark|brightness_dark,gaussian_noise|gaussian_noise
T013-S0,A,7,brightness_dark,brightness_dark,0.14118174150460758,0.9,-0.17508654579592794,brightness_dark|brightness_dark,contrast_low|contrast_low
T013-S1,A,7,brightness_dark,brightness_dark,0.14118174150460758,0.9,-0.17508654579592794,brightness_dark|brightness_dark,contrast_low|contrast_low
T013-S2,A,7,brightness_dark,brightness_dark,0.14118174150460758,0.9,-0.17508654579592794,brightness_dark|brightness_dark,contrast_low|contrast_low
T013-S3,A,7,brightness_dark,brightness_dark,0.14118174150460758,0.9,-0.17508654579592794,brightness_dark|brightness_dark,contrast_low|contrast_low
T013-S0,A,27,gaussian_blur,gaussian_blur,-0.0,1.0,-0.17391304347826086,gaussian_blur|gaussian_blur,contrast_low|contrast_low
T013-S0,B,27,gaussian_blur,gaussian_blur,-0.0,1.0,-0.17391304347826086,gaussian_blur|gaussian_blur,contrast_low|contrast_low
T013-S1,B,27,gaussian_blur,gaussian_blur,-0.0,1.0,-0.17391304347826086,gaussian_blur|gaussian_blur,contrast_low|contrast_low
T013-S2,A,27,gaussian_blur,gaussian_blur,-0.0,1.0,-0.17391304347826086,gaussian_blur|gaussian_blur,contrast_low|contrast_low
T013-S2,B,27,gaussian_blur,gaussian_blur,-0.0,1.0,-0.17391304347826086,gaussian_blur|gaussian_blur,contrast_low|contrast_low
T013-S3,A,27,gaussian_blur,gaussian_blur,-0.0,1.0,-0.17391304347826086,gaussian_blur|gaussian_blur,contrast_low|contrast_low
T013-S3,B,27,gaussian_blur,gaussian_blur,-0.0,1.0,-0.17391304347826086,gaussian_blur|gaussian_blur,contrast_low|contrast_low
T013-S0,A,78,clean,clean,0.29854955310662773,0.75,-0.17333333333333334,gaussian_noise|gaussian_noise,brightness_dark|brightness_dark
T013-S1,A,78,clean,clean,0.29854955310662773,0.75,-0.17333333333333334,gaussian_noise|gaussian_noise,brightness_dark|brightness_dark
T013-S2,A,78,clean,clean,0.29854955310662773,0.75,-0.17333333333333334,gaussian_noise|gaussian_noise,brightness_dark|brightness_dark
T013-S3,A,78,clean,clean,0.29854955310662773,0.75,-0.17333333333333334,gaussian_noise|gaussian_noise,brightness_dark|brightness_dark
T013-S0,B,27,brightness_dark,brightness_dark,-0.0,1.0,-0.16722408026755853,brightness_dark|brightness_dark,contrast_low|contrast_low
T013-S1,B,27,brightness_dark,brightness_dark,-0.0,1.0,-0.16722408026755853,brightness_dark|brightness_dark,contrast_low|contrast_low
T013-S2,B,27,brightness_dark,brightness_dark,-0.0,1.0,-0.16722408026755853,brightness_dark|brightness_dark,contrast_low|contrast_low
T013-S3,B,27,brightness_dark,brightness_dark,-0.0,1.0,-0.16722408026755853,brightness_dark|brightness_dark,contrast_low|contrast_low
T013-S0,A,27,gaussian_noise,gaussian_noise,-0.0,1.0,-0.1605351170568562,clean|clean,contrast_low|contrast_low
T013-S0,B,27,gaussian_noise,gaussian_noise,-0.0,1.0,-0.1605351170568562,clean|clean,contrast_low|contrast_low
T013-S1,A,27,gaussian_noise,gaussian_noise,-0.0,1.0,-0.1605351170568562,clean|clean,contrast_low|contrast_low
T013-S1,B,27,gaussian_noise,gaussian_noise,-0.0,1.0,-0.1605351170568562,clean|clean,contrast_low|contrast_low
T013-S2,A,27,gaussian_noise,gaussian_noise,-0.0,1.0,-0.1605351170568562,clean|clean,contrast_low|contrast_low
T013-S2,B,27,gaussian_noise,gaussian_noise,-0.0,1.0,-0.1605351170568562,clean|clean,contrast_low|contrast_low
T013-S3,A,27,gaussian_noise,gaussian_noise,-0.0,1.0,-0.1605351170568562,clean|clean,contrast_low|contrast_low
T013-S3,B,27,gaussian_noise,gaussian_noise,-0.0,1.0,-0.1605351170568562,clean|clean,contrast_low|contrast_low
T013-S0,B,73,contrast_low,contrast_low,0.4023767052555694,0.55,-0.1602765071494144,contrast_low|contrast_low,brightness_dark|brightness_dark
T013-S1,B,73,contrast_low,contrast_low,0.4023767052555694,0.55,-0.1602765071494144,contrast_low|contrast_low,brightness_dark|brightness_dark
T013-S2,B,73,contrast_low,contrast_low,0.4023767052555694,0.55,-0.1602765071494144,contrast_low|contrast_low,brightness_dark|brightness_dark
T013-S3,B,73,contrast_low,contrast_low,0.4023767052555694,0.55,-0.1602765071494144,contrast_low|contrast_low,brightness_dark|brightness_dark
T013-S0,A,73,contrast_low,contrast_low,0.4023767052555694,0.55,-0.16024114021749575,contrast_low|contrast_low,brightness_dark|brightness_dark
T013-S1,A,73,contrast_low,contrast_low,0.4023767052555694,0.55,-0.16024114021749575,contrast_low|contrast_low,brightness_dark|brightness_dark
T013-S2,A,73,contrast_low,contrast_low,0.4023767052555694,0.55,-0.16024114021749575,contrast_low|contrast_low,brightness_dark|brightness_dark
T013-S3,A,73,contrast_low,contrast_low,0.4023767052555694,0.55,-0.16024114021749575,contrast_low|contrast_low,brightness_dark|brightness_dark
T013-S0,A,78,gaussian_blur,gaussian_blur,0.29854955310662773,0.75,-0.16001775410563693,gaussian_blur|gaussian_blur,brightness_dark|brightness_dark
T013-S1,A,78,gaussian_blur,gaussian_blur,0.29854955310662773,0.75,-0.16001775410563693,gaussian_blur|gaussian_blur,brightness_dark|brightness_dark
T013-S1,B,78,gaussian_blur,gaussian_blur,0.29854955310662773,0.75,-0.16001775410563693,gaussian_blur|gaussian_blur,brightness_dark|brightness_dark
T013-S2,A,78,gaussian_blur,gaussian_blur,0.29854955310662773,0.75,-0.16001775410563693,gaussian_blur|gaussian_blur,brightness_dark|brightness_dark
T013-S2,B,78,gaussian_blur,gaussian_blur,0.29854955310662773,0.75,-0.16001775410563693,gaussian_blur|gaussian_blur,brightness_dark|brightness_dark
T013-S3,A,78,gaussian_blur,gaussian_blur,0.29854955310662773,0.75,-0.16001775410563693,gaussian_blur|gaussian_blur,brightness_dark|brightness_dark
T013-S3,B,78,gaussian_blur,gaussian_blur,0.29854955310662773,0.75,-0.16001775410563693,gaussian_blur|gaussian_blur,brightness_dark|brightness_dark
T013-S0,B,42,brightness_dark,brightness_dark,0.4023767052555694,0.55,-0.15913666350394381,brightness_dark|brightness_dark,gaussian_blur|gaussian_blur
T013-S1,B,42,brightness_dark,brightness_dark,0.4023767052555694,0.55,-0.15913666350394381,brightness_dark|brightness_dark,gaussian_blur|gaussian_blur
T013-S2,B,42,brightness_dark,brightness_dark,0.4023767052555694,0.55,-0.15913666350394381,brightness_dark|brightness_dark,gaussian_blur|gaussian_blur
T013-S3,B,42,brightness_dark,brightness_dark,0.4023767052555694,0.55,-0.15913666350394381,brightness_dark|brightness_dark,gaussian_blur|gaussian_blur
T013-S0,A,50,contrast_low,contrast_low,0.2442190502882155,0.75,-0.15881149167207378,contrast_low|contrast_low,gaussian_noise|gaussian_noise
T013-S1,A,50,contrast_low,contrast_low,0.2442190502882155,0.75,-0.15881149167207378,contrast_low|contrast_low,gaussian_noise|gaussian_noise
T013-S2,A,50,contrast_low,contrast_low,0.2442190502882155,0.75,-0.15881149167207378,contrast_low|contrast_low,gaussian_noise|gaussian_noise
T013-S3,A,50,contrast_low,contrast_low,0.2442190502882155,0.75,-0.15881149167207378,contrast_low|contrast_low,gaussian_noise|gaussian_noise
T013-S0,B,60,contrast_low,contrast_low,-0.0,1.0,-0.158311345646438,contrast_low|contrast_low,gaussian_noise|gaussian_noise
T013-S1,B,60,contrast_low,contrast_low,-0.0,1.0,-0.158311345646438,contrast_low|contrast_low,gaussian_noise|gaussian_noise
T013-S2,B,60,contrast_low,contrast_low,-0.0,1.0,-0.158311345646438,contrast_low|contrast_low,gaussian_noise|gaussian_noise
T013-S3,B,60,contrast_low,contrast_low,-0.0,1.0,-0.158311345646438,contrast_low|contrast_low,gaussian_noise|gaussian_noise
T013-S0,B,46,contrast_low,contrast_low,0.1712847410710057,0.9,-0.15336907953529938,contrast_low|contrast_low,brightness_dark|brightness_dark
T013-S1,B,46,contrast_low,contrast_low,0.1712847410710057,0.9,-0.15336907953529938,contrast_low|contrast_low,brightness_dark|brightness_dark
T013-S2,B,46,contrast_low,contrast_low,0.1712847410710057,0.9,-0.15336907953529938,contrast_low|contrast_low,brightness_dark|brightness_dark
T013-S3,B,46,contrast_low,contrast_low,0.1712847410710057,0.9,-0.15336907953529938,contrast_low|contrast_low,brightness_dark|brightness_dark
T013-S0,B,78,gaussian_blur,gaussian_blur,0.29854955310662773,0.75,-0.15335996449178874,clean|gaussian_blur,brightness_dark|brightness_dark
T013-S0,B,82,clean,clean,0.08621407475879368,0.95,-0.15246405137512214,clean|clean,brightness_dark|brightness_dark
T013-S3,B,82,clean,clean,0.08621407475879368,0.95,-0.15246405137512214,clean|clean,brightness_dark|brightness_dark
T013-S0,A,97,gaussian_blur,gaussian_blur,0.29854955310662773,0.75,-0.15241882041086813,clean|gaussian_blur,gaussian_noise|gaussian_noise
T013-S0,A,26,clean,gaussian_blur,0.08621407475879368,0.95,-0.1502016106953324,gaussian_blur|gaussian_blur,clean|clean
T013-S1,A,26,clean,gaussian_blur,0.08621407475879368,0.95,-0.1502016106953324,gaussian_blur|gaussian_blur,clean|clean
T013-S2,A,26,clean,gaussian_blur,0.08621407475879368,0.95,-0.1502016106953324,gaussian_blur|gaussian_blur,clean|clean
T013-S3,A,26,clean,gaussian_blur,0.08621407475879368,0.95,-0.1502016106953324,gaussian_blur|gaussian_blur,clean|clean
T013-S0,A,27,brightness_dark,brightness_dark,-0.0,1.0,-0.14715719063545152,brightness_dark|brightness_dark,contrast_low|contrast_low
T013-S1,A,27,brightness_dark,brightness_dark,-0.0,1.0,-0.14715719063545152,brightness_dark|brightness_dark,contrast_low|contrast_low
T013-S2,A,27,brightness_dark,brightness_dark,-0.0,1.0,-0.14715719063545152,brightness_dark|brightness_dark,contrast_low|contrast_low
T013-S3,A,27,brightness_dark,brightness_dark,-0.0,1.0,-0.14715719063545152,brightness_dark|brightness_dark,contrast_low|contrast_low
T013-S0,A,46,contrast_low,contrast_low,0.1712847410710057,0.9,-0.1467024128686327,contrast_low|contrast_low,brightness_dark|brightness_dark
T013-S1,A,46,contrast_low,contrast_low,0.1712847410710057,0.9,-0.1467024128686327,contrast_low|contrast_low,brightness_dark|brightness_dark
T013-S2,A,46,contrast_low,contrast_low,0.1712847410710057,0.9,-0.1467024128686327,contrast_low|contrast_low,brightness_dark|brightness_dark
T013-S3,A,46,contrast_low,contrast_low,0.1712847410710057,0.9,-0.1467024128686327,contrast_low|contrast_low,brightness_dark|brightness_dark
T013-S0,B,99,gaussian_noise,gaussian_noise,0.6814913078447037,0.35,-0.1466769044627484,gaussian_noise|gaussian_noise,brightness_dark|brightness_dark
T013-S1,B,99,gaussian_noise,gaussian_noise,0.6814913078447037,0.35,-0.1466769044627484,gaussian_noise|gaussian_noise,brightness_dark|brightness_dark
T013-S2,B,99,gaussian_noise,gaussian_noise,0.6814913078447037,0.35,-0.1466769044627484,gaussian_noise|gaussian_noise,brightness_dark|brightness_dark
T013-S3,B,99,gaussian_noise,gaussian_noise,0.6814913078447037,0.35,-0.1466769044627484,gaussian_noise|gaussian_noise,brightness_dark|brightness_dark
T013-S0,B,99,contrast_low,contrast_low,0.6814913078447037,0.35,-0.14643442013430275,contrast_low|contrast_low,brightness_dark|brightness_dark
T013-S1,B,99,contrast_low,contrast_low,0.6814913078447037,0.35,-0.14643442013430275,contrast_low|contrast_low,brightness_dark|brightness_dark
T013-S2,B,99,contrast_low,contrast_low,0.6814913078447037,0.35,-0.14643442013430275,contrast_low|contrast_low,brightness_dark|brightness_dark
T013-S3,B,99,contrast_low,contrast_low,0.6814913078447037,0.35,-0.14643442013430275,contrast_low|contrast_low,brightness_dark|brightness_dark
T013-S0,A,1,clean,clean,0.18358022428449897,0.85,-0.14603006189213086,clean|clean,brightness_dark|brightness_dark
T013-S0,B,1,clean,clean,0.18358022428449897,0.85,-0.14603006189213086,clean|clean,brightness_dark|brightness_dark
T013-S1,A,1,clean,clean,0.18358022428449897,0.85,-0.14603006189213086,clean|clean,brightness_dark|brightness_dark
T013-S1,B,1,clean,clean,0.18358022428449897,0.85,-0.14603006189213086,clean|clean,brightness_dark|brightness_dark
T013-S2,A,1,clean,clean,0.18358022428449897,0.85,-0.14603006189213086,clean|clean,brightness_dark|brightness_dark
T013-S2,B,1,clean,clean,0.18358022428449897,0.85,-0.14603006189213086,clean|clean,brightness_dark|brightness_dark
T013-S3,A,1,clean,clean,0.18358022428449897,0.85,-0.14603006189213086,clean|clean,brightness_dark|brightness_dark
T013-S3,B,1,clean,clean,0.18358022428449897,0.85,-0.14603006189213086,clean|clean,brightness_dark|brightness_dark
T013-S1,B,82,clean,clean,0.08621407475879368,0.95,-0.14583275164037415,clean|gaussian_noise,brightness_dark|brightness_dark
T013-S2,B,82,clean,clean,0.08621407475879368,0.95,-0.14583275164037415,gaussian_noise|clean,brightness_dark|brightness_dark
T013-S0,A,60,gaussian_blur,gaussian_blur,-0.0,1.0,-0.14511873350923482,gaussian_blur|gaussian_blur,gaussian_noise|gaussian_noise
T013-S1,A,60,gaussian_blur,gaussian_blur,-0.0,1.0,-0.14511873350923482,gaussian_blur|gaussian_blur,gaussian_noise|gaussian_noise
T013-S2,A,60,gaussian_blur,gaussian_blur,-0.0,1.0,-0.14511873350923482,gaussian_blur|gaussian_blur,gaussian_noise|gaussian_noise
T013-S3,A,60,gaussian_blur,gaussian_blur,-0.0,1.0,-0.14511873350923482,gaussian_blur|gaussian_blur,gaussian_noise|gaussian_noise
T013-S0,A,85,contrast_low,contrast_low,0.2811825026595474,0.65,-0.14082514734774068,contrast_low|contrast_low,brightness_dark|brightness_dark
T013-S1,A,85,contrast_low,contrast_low,0.2811825026595474,0.65,-0.14082514734774068,contrast_low|contrast_low,brightness_dark|brightness_dark
T013-S2,A,85,contrast_low,contrast_low,0.2811825026595474,0.65,-0.14082514734774068,contrast_low|contrast_low,brightness_dark|brightness_dark
T013-S3,A,85,contrast_low,contrast_low,0.2811825026595474,0.65,-0.14082514734774068,contrast_low|contrast_low,brightness_dark|brightness_dark
T013-S0,B,78,contrast_low,contrast_low,0.29854955310662773,0.75,-0.1400446232547845,contrast_low|contrast_low,brightness_dark|brightness_dark
T013-S1,B,78,contrast_low,contrast_low,0.29854955310662773,0.75,-0.1400446232547845,contrast_low|contrast_low,brightness_dark|brightness_dark
T013-S2,B,78,contrast_low,contrast_low,0.29854955310662773,0.75,-0.1400446232547845,contrast_low|contrast_low,brightness_dark|brightness_dark
T013-S3,B,78,contrast_low,contrast_low,0.29854955310662773,0.75,-0.1400446232547845,contrast_low|contrast_low,brightness_dark|brightness_dark
T013-S0,A,99,gaussian_noise,gaussian_noise,0.6814913078447037,0.35,-0.13997449159411568,gaussian_noise|gaussian_noise,brightness_dark|brightness_dark
T013-S1,A,99,gaussian_noise,gaussian_noise,0.6814913078447037,0.35,-0.13997449159411568,gaussian_noise|gaussian_noise,brightness_dark|brightness_dark
T013-S2,A,99,gaussian_noise,gaussian_noise,0.6814913078447037,0.35,-0.13997449159411568,gaussian_noise|gaussian_noise,brightness_dark|brightness_dark
T013-S3,A,99,gaussian_noise,gaussian_noise,0.6814913078447037,0.35,-0.13997449159411568,gaussian_noise|gaussian_noise,brightness_dark|brightness_dark
T013-S0,A,99,contrast_low,contrast_low,0.6814913078447037,0.35,-0.13968678180771704,contrast_low|contrast_low,brightness_dark|brightness_dark
T013-S1,A,99,contrast_low,contrast_low,0.6814913078447037,0.35,-0.13968678180771704,contrast_low|contrast_low,brightness_dark|brightness_dark
T013-S2,A,99,contrast_low,contrast_low,0.6814913078447037,0.35,-0.13968678180771704,contrast_low|contrast_low,brightness_dark|brightness_dark
T013-S3,A,99,contrast_low,contrast_low,0.6814913078447037,0.35,-0.13968678180771704,contrast_low|contrast_low,brightness_dark|brightness_dark
T013-S0,B,11,gaussian_blur,gaussian_blur,0.2988548895792612,0.55,-0.13925766307613704,gaussian_blur|gaussian_blur,gaussian_noise|gaussian_noise
T013-S1,B,11,gaussian_blur,gaussian_blur,0.2988548895792612,0.55,-0.13925766307613704,gaussian_blur|gaussian_blur,gaussian_noise|gaussian_noise
T013-S2,B,11,gaussian_blur,gaussian_blur,0.2988548895792612,0.55,-0.13925766307613704,gaussian_blur|gaussian_blur,gaussian_noise|gaussian_noise
T013-S3,B,11,gaussian_blur,gaussian_blur,0.2988548895792612,0.55,-0.13925766307613704,gaussian_blur|gaussian_blur,gaussian_noise|gaussian_noise
T013-S0,A,19,contrast_low,contrast_low,0.3172903635978727,0.75,-0.13922620827366497,contrast_low|contrast_low,gaussian_noise|gaussian_noise
T013-S1,A,19,contrast_low,contrast_low,0.3172903635978727,0.75,-0.13922620827366497,contrast_low|contrast_low,gaussian_noise|gaussian_noise
T013-S2,A,19,contrast_low,contrast_low,0.3172903635978727,0.75,-0.13922620827366497,contrast_low|contrast_low,gaussian_noise|gaussian_noise
T013-S3,A,19,contrast_low,contrast_low,0.3172903635978727,0.75,-0.13922620827366497,contrast_low|contrast_low,gaussian_noise|gaussian_noise
T013-S0,A,14,contrast_low,contrast_low,0.08621407475879368,0.95,-0.13904089398946345,contrast_low|contrast_low,gaussian_noise|gaussian_noise
T013-S0,B,14,contrast_low,contrast_low,0.08621407475879368,0.95,-0.13904089398946345,contrast_low|contrast_low,gaussian_noise|gaussian_noise
T013-S1,A,14,contrast_low,contrast_low,0.08621407475879368,0.95,-0.13904089398946345,contrast_low|contrast_low,gaussian_noise|gaussian_noise
T013-S1,B,14,contrast_low,contrast_low,0.08621407475879368,0.95,-0.13904089398946345,contrast_low|contrast_low,gaussian_noise|gaussian_noise
T013-S2,A,14,contrast_low,contrast_low,0.08621407475879368,0.95,-0.13904089398946345,contrast_low|contrast_low,gaussian_noise|gaussian_noise
T013-S2,B,14,contrast_low,contrast_low,0.08621407475879368,0.95,-0.13904089398946345,contrast_low|contrast_low,gaussian_noise|gaussian_noise
T013-S3,A,14,contrast_low,contrast_low,0.08621407475879368,0.95,-0.13904089398946345,contrast_low|contrast_low,gaussian_noise|gaussian_noise
T013-S3,B,14,contrast_low,contrast_low,0.08621407475879368,0.95,-0.13904089398946345,contrast_low|contrast_low,gaussian_noise|gaussian_noise
T013-S0,A,42,brightness_dark,brightness_dark,0.4023767052555694,0.55,-0.13900771589638958,brightness_dark|brightness_dark,gaussian_blur|gaussian_blur
T013-S1,A,42,brightness_dark,brightness_dark,0.4023767052555694,0.55,-0.13900771589638958,brightness_dark|brightness_dark,gaussian_blur|gaussian_blur
T013-S2,A,42,brightness_dark,brightness_dark,0.4023767052555694,0.55,-0.13900771589638958,brightness_dark|brightness_dark,gaussian_blur|gaussian_blur
T013-S3,A,42,brightness_dark,brightness_dark,0.4023767052555694,0.55,-0.13900771589638958,brightness_dark|brightness_dark,gaussian_blur|gaussian_blur
T013-S0,B,10,contrast_low,contrast_low,0.3556039942733158,0.7,-0.13868876151383827,contrast_low|contrast_low,gaussian_noise|gaussian_noise
T013-S1,B,10,contrast_low,contrast_low,0.3556039942733158,0.7,-0.13868876151383827,contrast_low|contrast_low,gaussian_noise|gaussian_noise
T013-S2,B,10,contrast_low,contrast_low,0.3556039942733158,0.7,-0.13868876151383827,contrast_low|contrast_low,gaussian_noise|gaussian_noise
T013-S3,B,10,contrast_low,contrast_low,0.3556039942733158,0.7,-0.13868876151383827,contrast_low|contrast_low,gaussian_noise|gaussian_noise
T013-S0,B,7,brightness_dark,brightness_dark,0.14118174150460758,0.9,-0.13460071583641378,brightness_dark|brightness_dark,contrast_low|contrast_low
T013-S1,B,7,brightness_dark,brightness_dark,0.14118174150460758,0.9,-0.13460071583641378,brightness_dark|brightness_dark,contrast_low|contrast_low
T013-S2,B,7,brightness_dark,brightness_dark,0.14118174150460758,0.9,-0.13460071583641378,brightness_dark|brightness_dark,contrast_low|contrast_low
T013-S3,B,7,brightness_dark,brightness_dark,0.14118174150460758,0.9,-0.13460071583641378,brightness_dark|brightness_dark,contrast_low|contrast_low
T013-S0,B,99,clean,clean,0.6814913078447037,0.35,-0.133308956733316,gaussian_noise|gaussian_noise,brightness_dark|brightness_dark
T013-S1,B,99,clean,clean,0.6814913078447037,0.35,-0.133308956733316,gaussian_noise|gaussian_noise,brightness_dark|brightness_dark
T013-S2,B,99,clean,clean,0.6814913078447037,0.35,-0.133308956733316,gaussian_noise|gaussian_noise,brightness_dark|brightness_dark
T013-S3,B,99,clean,clean,0.6814913078447037,0.35,-0.133308956733316,gaussian_noise|gaussian_noise,brightness_dark|brightness_dark
T013-S1,A,82,clean,clean,0.08621407475879368,0.95,-0.1325701521708781,gaussian_noise|clean,brightness_dark|brightness_dark
T013-S2,A,82,clean,clean,0.08621407475879368,0.95,-0.1325701521708781,gaussian_noise|clean,brightness_dark|brightness_dark
T013-S3,A,82,clean,clean,0.08621407475879368,0.95,-0.1325701521708781,gaussian_noise|clean,brightness_dark|brightness_dark
T013-S0,A,14,brightness_dark,brightness_dark,0.08621407475879368,0.95,-0.13241398875420832,brightness_dark|brightness_dark,gaussian_noise|gaussian_noise
T013-S1,A,14,brightness_dark,brightness_dark,0.08621407475879368,0.95,-0.13241398875420832,brightness_dark|brightness_dark,gaussian_noise|gaussian_noise
T013-S2,A,14,brightness_dark,brightness_dark,0.08621407475879368,0.95,-0.13241398875420832,brightness_dark|brightness_dark,gaussian_noise|gaussian_noise
T013-S3,A,14,brightness_dark,brightness_dark,0.08621407475879368,0.95,-0.13241398875420832,brightness_dark|brightness_dark,gaussian_noise|gaussian_noise
T013-S0,B,50,contrast_low,contrast_low,0.2442190502882155,0.75,-0.13230387073105326,contrast_low|contrast_low,gaussian_noise|gaussian_noise
T013-S1,B,50,contrast_low,contrast_low,0.2442190502882155,0.75,-0.13230387073105326,contrast_low|contrast_low,gaussian_noise|gaussian_noise
T013-S2,B,50,contrast_low,contrast_low,0.2442190502882155,0.75,-0.13230387073105326,contrast_low|contrast_low,gaussian_noise|gaussian_noise
T013-S3,B,50,contrast_low,contrast_low,0.2442190502882155,0.75,-0.13230387073105326,contrast_low|contrast_low,gaussian_noise|gaussian_noise
T013-S0,A,77,gaussian_blur,gaussian_blur,0.29228525323862886,0.6,-0.1322933113718743,gaussian_blur|gaussian_blur,gaussian_noise|gaussian_noise
T013-S1,A,77,gaussian_blur,gaussian_blur,0.29228525323862886,0.6,-0.1322933113718743,gaussian_blur|gaussian_blur,gaussian_noise|gaussian_noise
T013-S2,A,77,gaussian_blur,gaussian_blur,0.29228525323862886,0.6,-0.1322933113718743,gaussian_blur|gaussian_blur,gaussian_noise|gaussian_noise
T013-S3,A,77,gaussian_blur,gaussian_blur,0.29228525323862886,0.6,-0.1322933113718743,gaussian_blur|gaussian_blur,gaussian_noise|gaussian_noise
T013-S0,B,60,gaussian_blur,gaussian_blur,-0.0,1.0,-0.13192612137203166,gaussian_blur|gaussian_blur,gaussian_noise|gaussian_noise
T013-S1,B,60,gaussian_blur,gaussian_blur,-0.0,1.0,-0.13192612137203166,gaussian_blur|gaussian_blur,gaussian_noise|gaussian_noise
T013-S2,B,60,gaussian_blur,gaussian_blur,-0.0,1.0,-0.13192612137203166,gaussian_blur|gaussian_blur,gaussian_noise|gaussian_noise
T013-S3,B,60,gaussian_blur,gaussian_blur,-0.0,1.0,-0.13192612137203166,gaussian_blur|gaussian_blur,gaussian_noise|gaussian_noise
T013-S0,A,49,brightness_dark,brightness_dark,0.18358022428449897,0.85,-0.12785307750982808,brightness_dark|brightness_dark,contrast_low|contrast_low
T013-S1,A,49,brightness_dark,brightness_dark,0.18358022428449897,0.85,-0.12785307750982808,brightness_dark|brightness_dark,contrast_low|contrast_low
T013-S2,A,49,brightness_dark,brightness_dark,0.18358022428449897,0.85,-0.12785307750982808,brightness_dark|brightness_dark,contrast_low|contrast_low
T013-S3,A,49,brightness_dark,brightness_dark,0.18358022428449897,0.85,-0.12785307750982808,brightness_dark|brightness_dark,contrast_low|contrast_low
T013-S0,B,85,contrast_low,contrast_low,0.2811825026595474,0.65,-0.12784544859201047,contrast_low|contrast_low,brightness_dark|brightness_dark
T013-S1,B,85,contrast_low,contrast_low,0.2811825026595474,0.65,-0.12784544859201047,contrast_low|contrast_low,brightness_dark|brightness_dark
T013-S2,B,85,contrast_low,contrast_low,0.2811825026595474,0.65,-0.12784544859201047,contrast_low|contrast_low,brightness_dark|brightness_dark
T013-S3,B,85,contrast_low,contrast_low,0.2811825026595474,0.65,-0.12784544859201047,contrast_low|contrast_low,brightness_dark|brightness_dark
T013-S3,B,54,gaussian_blur,gaussian_blur,0.26616582133129196,0.8,-0.1267986569688574,gaussian_noise|clean,brightness_dark|brightness_dark
T013-S2,B,54,gaussian_blur,gaussian_blur,0.26616582133129196,0.8,-0.1267161457082417,gaussian_noise|clean,brightness_dark|brightness_dark
T013-S0,A,78,contrast_low,contrast_low,0.29854955310662773,0.75,-0.12671128992145117,contrast_low|contrast_low,brightness_dark|brightness_dark
T013-S1,A,78,contrast_low,contrast_low,0.29854955310662773,0.75,-0.12671128992145117,contrast_low|contrast_low,brightness_dark|brightness_dark
T013-S2,A,78,contrast_low,contrast_low,0.29854955310662773,0.75,-0.12671128992145117,contrast_low|contrast_low,brightness_dark|brightness_dark
T013-S3,A,78,contrast_low,contrast_low,0.29854955310662773,0.75,-0.12671128992145117,contrast_low|contrast_low,brightness_dark|brightness_dark
T013-S1,B,31,gaussian_blur,gaussian_blur,-0.0,1.0,-0.12646711828452278,gaussian_blur|gaussian_blur,clean|gaussian_noise
T013-S0,A,77,brightness_dark,brightness_dark,0.29228525323862886,0.6,-0.12624779030303665,brightness_dark|brightness_dark,gaussian_noise|gaussian_noise
T013-S1,A,77,brightness_dark,brightness_dark,0.29228525323862886,0.6,-0.12624779030303665,brightness_dark|brightness_dark,gaussian_noise|gaussian_noise
T013-S2,A,77,brightness_dark,brightness_dark,0.29228525323862886,0.6,-0.12624779030303665,brightness_dark|brightness_dark,gaussian_noise|gaussian_noise
T013-S3,A,77,brightness_dark,brightness_dark,0.29228525323862886,0.6,-0.12624779030303665,brightness_dark|brightness_dark,gaussian_noise|gaussian_noise
T013-S0,B,19,contrast_low,contrast_low,0.3172903635978727,0.75,-0.1259723978031547,contrast_low|contrast_low,gaussian_noise|gaussian_noise
T013-S1,B,19,contrast_low,contrast_low,0.3172903635978727,0.75,-0.1259723978031547,contrast_low|contrast_low,gaussian_noise|gaussian_noise
T013-S2,B,19,contrast_low,contrast_low,0.3172903635978727,0.75,-0.1259723978031547,contrast_low|contrast_low,gaussian_noise|gaussian_noise
T013-S3,B,19,contrast_low,contrast_low,0.3172903635978727,0.75,-0.1259723978031547,contrast_low|contrast_low,gaussian_noise|gaussian_noise
T013-S0,A,82,clean,clean,0.08621407475879368,0.95,-0.12593885243613012,gaussian_noise|clean,brightness_dark|brightness_dark
T013-S0,A,5,contrast_low,contrast_low,0.3849866301909954,0.65,-0.12578880280323337,contrast_low|contrast_low,gaussian_noise|gaussian_noise
T013-S1,A,5,contrast_low,contrast_low,0.3849866301909954,0.65,-0.12578880280323337,contrast_low|contrast_low,gaussian_noise|gaussian_noise
T013-S3,A,5,contrast_low,contrast_low,0.3849866301909954,0.65,-0.12578880280323337,contrast_low|contrast_low,gaussian_noise|gaussian_noise
T013-S0,B,14,brightness_dark,brightness_dark,0.08621407475879368,0.95,-0.12578708351895318,brightness_dark|brightness_dark,gaussian_noise|gaussian_noise
T013-S1,B,14,brightness_dark,brightness_dark,0.08621407475879368,0.95,-0.12578708351895318,brightness_dark|brightness_dark,gaussian_noise|gaussian_noise
T013-S2,B,14,brightness_dark,brightness_dark,0.08621407475879368,0.95,-0.12578708351895318,brightness_dark|brightness_dark,gaussian_noise|gaussian_noise
T013-S3,B,14,brightness_dark,brightness_dark,0.08621407475879368,0.95,-0.12578708351895318,brightness_dark|brightness_dark,gaussian_noise|gaussian_noise
T013-S0,B,77,gaussian_blur,gaussian_blur,0.29228525323862886,0.6,-0.12575820363657983,gaussian_blur|gaussian_blur,gaussian_noise|gaussian_noise
T013-S1,B,77,gaussian_blur,gaussian_blur,0.29228525323862886,0.6,-0.12575820363657983,gaussian_blur|gaussian_blur,gaussian_noise|gaussian_noise
T013-S2,B,77,gaussian_blur,gaussian_blur,0.29228525323862886,0.6,-0.12575820363657983,gaussian_blur|gaussian_blur,gaussian_noise|gaussian_noise
T013-S3,B,77,gaussian_blur,gaussian_blur,0.29228525323862886,0.6,-0.12575820363657983,gaussian_blur|gaussian_blur,gaussian_noise|gaussian_noise
T013-S0,A,10,contrast_low,contrast_low,0.3556039942733158,0.7,-0.12537627592744466,contrast_low|contrast_low,gaussian_noise|gaussian_noise
T013-S1,A,10,contrast_low,contrast_low,0.3556039942733158,0.7,-0.12537627592744466,contrast_low|contrast_low,gaussian_noise|gaussian_noise
T013-S2,A,10,contrast_low,contrast_low,0.3556039942733158,0.7,-0.12537627592744466,contrast_low|contrast_low,gaussian_noise|gaussian_noise
T013-S3,A,10,contrast_low,contrast_low,0.3556039942733158,0.7,-0.12537627592744466,contrast_low|contrast_low,gaussian_noise|gaussian_noise
T013-S0,A,99,clean,clean,0.6814913078447037,0.35,-0.12001023779608172,gaussian_noise|gaussian_noise,brightness_dark|brightness_dark
T013-S1,A,99,clean,clean,0.6814913078447037,0.35,-0.12001023779608172,gaussian_noise|gaussian_noise,brightness_dark|brightness_dark
T013-S2,A,99,clean,clean,0.6814913078447037,0.35,-0.12001023779608172,gaussian_noise|gaussian_noise,brightness_dark|brightness_dark
T013-S3,A,99,clean,clean,0.6814913078447037,0.35,-0.12001023779608172,gaussian_noise|gaussian_noise,brightness_dark|brightness_dark
T013-S0,B,4,clean,clean,0.3670280240301799,0.55,-0.12000887705281846,clean|clean,brightness_dark|brightness_dark
T013-S1,B,4,clean,clean,0.3670280240301799,0.55,-0.12000887705281846,clean|clean,brightness_dark|brightness_dark
T013-S2,B,4,clean,clean,0.3670280240301799,0.55,-0.12000887705281846,clean|clean,brightness_dark|brightness_dark
T013-S3,B,4,clean,clean,0.3670280240301799,0.55,-0.12000887705281846,clean|clean,brightness_dark|brightness_dark
T013-S2,B,5,contrast_low,contrast_low,0.3849866301909954,0.65,-0.11950142592116605,contrast_low|contrast_low,gaussian_noise|brightness_dark
T013-S0,A,11,gaussian_blur,gaussian_blur,0.2988548895792612,0.55,-0.11928429423459244,gaussian_blur|gaussian_blur,gaussian_noise|gaussian_noise
T013-S0,B,97,gaussian_blur,gaussian_blur,0.29854955310662773,0.75,-0.11928429423459244,clean|gaussian_blur,gaussian_noise|gaussian_noise
T013-S1,A,11,gaussian_blur,gaussian_blur,0.2988548895792612,0.55,-0.11928429423459244,gaussian_blur|gaussian_blur,gaussian_noise|gaussian_noise
T013-S2,A,11,gaussian_blur,gaussian_blur,0.2988548895792612,0.55,-0.11928429423459244,gaussian_blur|gaussian_blur,gaussian_noise|gaussian_noise
T013-S3,A,11,gaussian_blur,gaussian_blur,0.2988548895792612,0.55,-0.11928429423459244,gaussian_blur|gaussian_blur,gaussian_noise|gaussian_noise
T013-S1,B,54,gaussian_blur,gaussian_blur,0.26616582133129196,0.8,-0.11354045199885426,clean|gaussian_noise,brightness_dark|brightness_dark
T013-S0,A,4,clean,clean,0.3670280240301799,0.55,-0.1133422103861518,clean|clean,brightness_dark|brightness_dark
T013-S1,A,4,clean,clean,0.3670280240301799,0.55,-0.1133422103861518,clean|clean,brightness_dark|brightness_dark
T013-S2,A,4,clean,clean,0.3670280240301799,0.55,-0.1133422103861518,clean|clean,brightness_dark|brightness_dark
T013-S3,A,4,clean,clean,0.3670280240301799,0.55,-0.1133422103861518,clean|clean,brightness_dark|brightness_dark
T013-S0,B,31,gaussian_blur,gaussian_blur,-0.0,1.0,-0.11318242343541944,gaussian_blur|gaussian_blur,clean|clean
T013-S2,B,31,gaussian_blur,gaussian_blur,-0.0,1.0,-0.11318242343541944,gaussian_blur|gaussian_blur,clean|clean
T013-S3,B,31,gaussian_blur,gaussian_blur,-0.0,1.0,-0.11318242343541944,gaussian_blur|gaussian_blur,clean|clean
T013-S0,B,69,clean,clean,0.3239978696052099,0.7,-0.11292029269691584,clean|clean,brightness_dark|brightness_dark
T013-S1,B,69,clean,clean,0.3239978696052099,0.7,-0.11292029269691584,clean|clean,brightness_dark|brightness_dark
T013-S2,B,69,clean,clean,0.3239978696052099,0.7,-0.11292029269691584,clean|clean,brightness_dark|brightness_dark
T013-S3,B,69,clean,clean,0.3239978696052099,0.7,-0.11292029269691584,clean|clean,brightness_dark|brightness_dark
T013-S0,A,69,gaussian_blur,gaussian_blur,0.3239978696052099,0.7,-0.11279955960558528,gaussian_blur|gaussian_blur,brightness_dark|brightness_dark
T013-S0,B,69,gaussian_blur,gaussian_blur,0.3239978696052099,0.7,-0.11279955960558528,gaussian_blur|gaussian_blur,brightness_dark|brightness_dark
T013-S1,A,69,gaussian_blur,gaussian_blur,0.3239978696052099,0.7,-0.11279955960558528,gaussian_blur|gaussian_blur,brightness_dark|brightness_dark
T013-S1,B,69,gaussian_blur,gaussian_blur,0.3239978696052099,0.7,-0.11279955960558528,gaussian_blur|gaussian_blur,brightness_dark|brightness_dark
T013-S2,A,69,gaussian_blur,gaussian_blur,0.3239978696052099,0.7,-0.11279955960558528,gaussian_blur|gaussian_blur,brightness_dark|brightness_dark
T013-S2,B,69,gaussian_blur,gaussian_blur,0.3239978696052099,0.7,-0.11279955960558528,gaussian_blur|gaussian_blur,brightness_dark|brightness_dark
T013-S3,A,69,gaussian_blur,gaussian_blur,0.3239978696052099,0.7,-0.11279955960558528,gaussian_blur|gaussian_blur,brightness_dark|brightness_dark
T013-S3,B,69,gaussian_blur,gaussian_blur,0.3239978696052099,0.7,-0.11279955960558528,gaussian_blur|gaussian_blur,brightness_dark|brightness_dark
T013-S0,A,82,gaussian_blur,gaussian_blur,0.08621407475879368,0.95,-0.11264088603471543,gaussian_blur|gaussian_blur,brightness_dark|brightness_dark
T013-S0,B,82,gaussian_blur,gaussian_blur,0.08621407475879368,0.95,-0.11264088603471543,gaussian_blur|gaussian_blur,brightness_dark|brightness_dark
T013-S1,A,82,gaussian_blur,gaussian_blur,0.08621407475879368,0.95,-0.11264088603471543,gaussian_blur|gaussian_blur,brightness_dark|brightness_dark
T013-S1,B,82,gaussian_blur,gaussian_blur,0.08621407475879368,0.95,-0.11264088603471543,gaussian_blur|gaussian_blur,brightness_dark|brightness_dark
T013-S2,A,82,gaussian_blur,gaussian_blur,0.08621407475879368,0.95,-0.11264088603471543,gaussian_blur|gaussian_blur,brightness_dark|brightness_dark
T013-S2,B,82,gaussian_blur,gaussian_blur,0.08621407475879368,0.95,-0.11264088603471543,gaussian_blur|gaussian_blur,brightness_dark|brightness_dark
T013-S3,A,82,gaussian_blur,gaussian_blur,0.08621407475879368,0.95,-0.11264088603471543,gaussian_blur|gaussian_blur,brightness_dark|brightness_dark
T013-S3,B,82,gaussian_blur,gaussian_blur,0.08621407475879368,0.95,-0.11264088603471543,gaussian_blur|gaussian_blur,brightness_dark|brightness_dark
T013-S0,A,60,contrast_low,contrast_low,-0.0,1.0,-0.11213720316622691,contrast_low|contrast_low,gaussian_noise|gaussian_noise
T013-S1,A,60,contrast_low,contrast_low,-0.0,1.0,-0.11213720316622691,contrast_low|contrast_low,gaussian_noise|gaussian_noise
T013-S2,A,60,contrast_low,contrast_low,-0.0,1.0,-0.11213720316622691,contrast_low|contrast_low,gaussian_noise|gaussian_noise
T013-S3,A,60,contrast_low,contrast_low,-0.0,1.0,-0.11213720316622691,contrast_low|contrast_low,gaussian_noise|gaussian_noise
T013-S0,B,89,contrast_low,contrast_low,0.2652949955741215,0.7,-0.10699028629753403,contrast_low|contrast_low,brightness_dark|brightness_dark
T013-S1,B,89,contrast_low,contrast_low,0.2652949955741215,0.7,-0.10699028629753403,contrast_low|contrast_low,brightness_dark|brightness_dark
T013-S2,B,89,contrast_low,contrast_low,0.2652949955741215,0.7,-0.10699028629753403,contrast_low|contrast_low,brightness_dark|brightness_dark
T013-S3,B,89,contrast_low,contrast_low,0.2652949955741215,0.7,-0.10699028629753403,contrast_low|contrast_low,brightness_dark|brightness_dark
T013-S0,A,72,gaussian_blur,gaussian_blur,0.46343299021718715,0.45,-0.10689550256649885,gaussian_blur|gaussian_blur,brightness_dark|brightness_dark
T013-S1,A,72,gaussian_blur,gaussian_blur,0.46343299021718715,0.45,-0.10689550256649885,gaussian_blur|gaussian_blur,brightness_dark|brightness_dark
T013-S2,A,72,gaussian_blur,gaussian_blur,0.46343299021718715,0.45,-0.10689550256649885,gaussian_blur|gaussian_blur,brightness_dark|brightness_dark
T013-S3,A,72,gaussian_blur,gaussian_blur,0.46343299021718715,0.45,-0.10689550256649885,gaussian_blur|gaussian_blur,brightness_dark|brightness_dark
T013-S0,A,4,gaussian_noise,gaussian_noise,0.3670280240301799,0.55,-0.10667554371948514,gaussian_noise|gaussian_noise,brightness_dark|brightness_dark
T013-S0,B,4,gaussian_noise,gaussian_noise,0.3670280240301799,0.55,-0.10667554371948514,gaussian_noise|gaussian_noise,brightness_dark|brightness_dark
T013-S1,A,4,gaussian_noise,gaussian_noise,0.3670280240301799,0.55,-0.10667554371948514,gaussian_noise|gaussian_noise,brightness_dark|brightness_dark
T013-S1,B,4,gaussian_noise,gaussian_noise,0.3670280240301799,0.55,-0.10667554371948514,gaussian_noise|gaussian_noise,brightness_dark|brightness_dark
T013-S2,A,4,gaussian_noise,gaussian_noise,0.3670280240301799,0.55,-0.10667554371948514,gaussian_noise|gaussian_noise,brightness_dark|brightness_dark
T013-S2,B,4,gaussian_noise,gaussian_noise,0.3670280240301799,0.55,-0.10667554371948514,gaussian_noise|gaussian_noise,brightness_dark|brightness_dark
T013-S3,A,4,gaussian_noise,gaussian_noise,0.3670280240301799,0.55,-0.10667554371948514,gaussian_noise|gaussian_noise,brightness_dark|brightness_dark
T013-S3,B,4,gaussian_noise,gaussian_noise,0.3670280240301799,0.55,-0.10667554371948514,gaussian_noise|gaussian_noise,brightness_dark|brightness_dark
T013-S0,B,4,gaussian_blur,gaussian_blur,0.3670280240301799,0.55,-0.10666666666666667,gaussian_blur|gaussian_blur,brightness_dark|brightness_dark
T013-S1,B,4,gaussian_blur,gaussian_blur,0.3670280240301799,0.55,-0.10666666666666667,gaussian_blur|gaussian_blur,brightness_dark|brightness_dark
T013-S2,B,4,gaussian_blur,gaussian_blur,0.3670280240301799,0.55,-0.10666666666666667,gaussian_blur|gaussian_blur,brightness_dark|brightness_dark
T013-S3,B,4,gaussian_blur,gaussian_blur,0.3670280240301799,0.55,-0.10666666666666667,gaussian_blur|gaussian_blur,brightness_dark|brightness_dark
T013-S0,A,31,gaussian_blur,gaussian_blur,-0.0,1.0,-0.10652463382157124,gaussian_blur|gaussian_blur,clean|clean
T013-S1,A,31,gaussian_blur,gaussian_blur,-0.0,1.0,-0.10652463382157124,gaussian_blur|gaussian_blur,clean|clean
T013-S2,A,31,gaussian_blur,gaussian_blur,-0.0,1.0,-0.10652463382157124,gaussian_blur|gaussian_blur,clean|clean
T013-S3,A,31,gaussian_blur,gaussian_blur,-0.0,1.0,-0.10652463382157124,gaussian_blur|gaussian_blur,clean|clean
T013-S2,B,5,gaussian_blur,gaussian_blur,0.3849866301909954,0.65,-0.1064189358134395,gaussian_blur|gaussian_blur,gaussian_noise|brightness_dark
T013-S0,A,67,gaussian_noise,gaussian_noise,0.5362838323534155,0.55,-0.10637470621959308,gaussian_noise|gaussian_noise,brightness_dark|brightness_dark
T013-S0,B,67,gaussian_noise,gaussian_noise,0.5362838323534155,0.55,-0.10637470621959308,gaussian_noise|gaussian_noise,brightness_dark|brightness_dark
T013-S1,A,67,gaussian_noise,gaussian_noise,0.5362838323534155,0.55,-0.10637470621959308,gaussian_noise|gaussian_noise,brightness_dark|brightness_dark
T013-S1,B,67,gaussian_noise,gaussian_noise,0.5362838323534155,0.55,-0.10637470621959308,gaussian_noise|gaussian_noise,brightness_dark|brightness_dark
T013-S2,A,67,gaussian_noise,gaussian_noise,0.5362838323534155,0.55,-0.10637470621959308,gaussian_noise|gaussian_noise,brightness_dark|brightness_dark
T013-S2,B,67,gaussian_noise,gaussian_noise,0.5362838323534155,0.55,-0.10637470621959308,gaussian_noise|gaussian_noise,brightness_dark|brightness_dark
T013-S3,A,67,gaussian_noise,gaussian_noise,0.5362838323534155,0.55,-0.10637470621959308,gaussian_noise|gaussian_noise,brightness_dark|brightness_dark
T013-S3,B,67,gaussian_noise,gaussian_noise,0.5362838323534155,0.55,-0.10637470621959308,gaussian_noise|gaussian_noise,brightness_dark|brightness_dark
T013-S0,A,67,clean,clean,0.5362838323534155,0.55,-0.10629055286453856,clean|clean,brightness_dark|brightness_dark
T013-S0,B,67,clean,clean,0.5362838323534155,0.55,-0.10629055286453856,clean|clean,brightness_dark|brightness_dark
T013-S1,A,67,clean,clean,0.5362838323534155,0.55,-0.10629055286453856,clean|clean,brightness_dark|brightness_dark
T013-S3,B,67,clean,clean,0.5362838323534155,0.55,-0.10629055286453856,clean|clean,brightness_dark|brightness_dark
T013-S0,B,5,contrast_low,contrast_low,0.3849866301909954,0.65,-0.10620785401924425,contrast_low|contrast_low,brightness_dark|gaussian_noise
T013-S0,A,82,gaussian_noise,gaussian_noise,0.08621407475879368,0.95,-0.10619665875564242,gaussian_noise|gaussian_noise,brightness_dark|brightness_dark
T013-S1,A,82,gaussian_noise,gaussian_noise,0.08621407475879368,0.95,-0.10619665875564242,gaussian_noise|gaussian_noise,brightness_dark|brightness_dark
T013-S2,A,82,gaussian_noise,gaussian_noise,0.08621407475879368,0.95,-0.10619665875564242,gaussian_noise|gaussian_noise,brightness_dark|brightness_dark
T013-S3,A,82,gaussian_noise,gaussian_noise,0.08621407475879368,0.95,-0.10619665875564242,gaussian_noise|gaussian_noise,brightness_dark|brightness_dark
T013-S0,A,9,clean,clean,0.2652949955741215,0.7,-0.10610649111365114,clean|clean,brightness_dark|brightness_dark
T013-S1,A,9,clean,clean,0.2652949955741215,0.7,-0.10610649111365114,clean|clean,brightness_dark|brightness_dark
T013-S2,A,9,clean,clean,0.2652949955741215,0.7,-0.10610649111365114,gaussian_noise|clean,brightness_dark|brightness_dark
T013-S3,A,9,clean,clean,0.2652949955741215,0.7,-0.10610649111365114,clean|clean,brightness_dark|brightness_dark
T013-S0,B,82,gaussian_noise,gaussian_noise,0.08621407475879368,0.95,-0.10608032016380474,gaussian_noise|gaussian_noise,brightness_dark|brightness_dark
T013-S1,B,82,gaussian_noise,gaussian_noise,0.08621407475879368,0.95,-0.10608032016380474,gaussian_noise|gaussian_noise,brightness_dark|brightness_dark
T013-S2,B,82,gaussian_noise,gaussian_noise,0.08621407475879368,0.95,-0.10608032016380474,gaussian_noise|gaussian_noise,brightness_dark|brightness_dark
T013-S3,B,82,gaussian_noise,gaussian_noise,0.08621407475879368,0.95,-0.10608032016380474,gaussian_noise|gaussian_noise,brightness_dark|brightness_dark
T013-S0,A,50,gaussian_blur,gaussian_blur,0.2442190502882155,0.75,-0.10603048376408217,gaussian_blur|gaussian_blur,gaussian_noise|gaussian_noise
T013-S1,A,50,gaussian_blur,gaussian_blur,0.2442190502882155,0.75,-0.10603048376408217,gaussian_blur|gaussian_blur,gaussian_noise|gaussian_noise
T013-S2,A,50,gaussian_blur,gaussian_blur,0.2442190502882155,0.75,-0.10603048376408217,gaussian_blur|gaussian_blur,gaussian_noise|gaussian_noise
T013-S3,A,50,gaussian_blur,gaussian_blur,0.2442190502882155,0.75,-0.10603048376408217,gaussian_blur|gaussian_blur,gaussian_noise|gaussian_noise
T013-S0,A,5,gaussian_blur,gaussian_blur,0.3849866301909954,0.65,-0.10601820912694458,gaussian_blur|gaussian_blur,gaussian_noise|gaussian_noise
T013-S1,A,5,gaussian_blur,gaussian_blur,0.3849866301909954,0.65,-0.10601820912694458,gaussian_blur|gaussian_blur,gaussian_noise|gaussian_noise
T013-S2,A,5,gaussian_blur,gaussian_blur,0.3849866301909954,0.65,-0.10601820912694458,gaussian_blur|gaussian_blur,gaussian_noise|gaussian_noise
T013-S3,A,5,gaussian_blur,gaussian_blur,0.3849866301909954,0.65,-0.10601820912694458,gaussian_blur|gaussian_blur,gaussian_noise|gaussian_noise
T013-S0,B,0,gaussian_noise,gaussian_noise,0.22504541292605024,0.85,-0.1060103165887209,gaussian_noise|gaussian_noise,brightness_dark|brightness_dark
T013-S1,B,0,gaussian_noise,gaussian_noise,0.22504541292605024,0.85,-0.1060103165887209,gaussian_noise|gaussian_noise,brightness_dark|brightness_dark
T013-S2,B,0,gaussian_noise,gaussian_noise,0.22504541292605024,0.85,-0.1060103165887209,gaussian_noise|gaussian_noise,brightness_dark|brightness_dark
T013-S3,B,0,gaussian_noise,gaussian_noise,0.22504541292605024,0.85,-0.1060103165887209,gaussian_noise|gaussian_noise,brightness_dark|brightness_dark
T013-S3,B,5,gaussian_blur,gaussian_blur,0.3849866301909954,0.65,-0.10598760996029102,gaussian_blur|gaussian_blur,gaussian_noise|gaussian_noise
T013-S0,B,0,clean,clean,0.22504541292605024,0.85,-0.10589498963681224,clean|clean,brightness_dark|brightness_dark
T013-S1,B,0,clean,clean,0.22504541292605024,0.85,-0.10589498963681224,clean|clean,brightness_dark|brightness_dark
T013-S2,B,0,clean,clean,0.22504541292605024,0.85,-0.10589498963681224,clean|clean,brightness_dark|brightness_dark
T013-S3,B,0,clean,clean,0.22504541292605024,0.85,-0.10589498963681224,clean|clean,brightness_dark|brightness_dark
T013-S0,A,20,contrast_low,contrast_low,-0.0,1.0,-0.10478061558611657,contrast_low|contrast_low,gaussian_blur|gaussian_blur
T013-S0,B,20,contrast_low,contrast_low,-0.0,1.0,-0.10478061558611657,contrast_low|contrast_low,gaussian_blur|gaussian_blur
T013-S1,A,20,contrast_low,contrast_low,-0.0,1.0,-0.10478061558611657,contrast_low|contrast_low,gaussian_blur|gaussian_blur
T013-S1,B,20,contrast_low,contrast_low,-0.0,1.0,-0.10478061558611657,contrast_low|contrast_low,gaussian_blur|gaussian_blur
T013-S2,A,20,contrast_low,contrast_low,-0.0,1.0,-0.10478061558611657,contrast_low|contrast_low,gaussian_blur|gaussian_blur
T013-S2,B,20,contrast_low,contrast_low,-0.0,1.0,-0.10478061558611657,contrast_low|contrast_low,gaussian_blur|gaussian_blur
T013-S3,A,20,contrast_low,contrast_low,-0.0,1.0,-0.10478061558611657,contrast_low|contrast_low,gaussian_blur|gaussian_blur
T013-S3,B,20,contrast_low,contrast_low,-0.0,1.0,-0.10478061558611657,contrast_low|contrast_low,gaussian_blur|gaussian_blur
T013-S0,A,10,brightness_dark,brightness_dark,0.3556039942733158,0.7,-0.10449941331561019,brightness_dark|brightness_dark,gaussian_noise|gaussian_noise
T013-S1,A,10,brightness_dark,brightness_dark,0.3556039942733158,0.7,-0.10449941331561019,brightness_dark|brightness_dark,gaussian_noise|gaussian_noise
T013-S2,A,10,brightness_dark,brightness_dark,0.3556039942733158,0.7,-0.10449941331561019,brightness_dark|brightness_dark,gaussian_noise|gaussian_noise
T013-S3,A,10,brightness_dark,brightness_dark,0.3556039942733158,0.7,-0.10449941331561019,brightness_dark|brightness_dark,gaussian_noise|gaussian_noise
T013-S0,B,49,brightness_dark,brightness_dark,0.18358022428449897,0.85,-0.10080384908760195,brightness_dark|brightness_dark,contrast_low|contrast_low
T013-S1,B,49,brightness_dark,brightness_dark,0.18358022428449897,0.85,-0.10080384908760195,brightness_dark|brightness_dark,contrast_low|contrast_low
T013-S2,B,49,brightness_dark,brightness_dark,0.18358022428449897,0.85,-0.10080384908760195,brightness_dark|brightness_dark,contrast_low|contrast_low
T013-S3,B,49,brightness_dark,brightness_dark,0.18358022428449897,0.85,-0.10080384908760195,brightness_dark|brightness_dark,contrast_low|contrast_low
T013-S0,B,13,brightness_dark,brightness_dark,0.3172903635978727,0.75,-0.10045179839230182,brightness_dark|brightness_dark,contrast_low|contrast_low
T013-S1,B,13,brightness_dark,brightness_dark,0.3172903635978727,0.75,-0.10045179839230182,brightness_dark|brightness_dark,contrast_low|contrast_low
T013-S2,B,13,brightness_dark,brightness_dark,0.3172903635978727,0.75,-0.10045179839230182,brightness_dark|brightness_dark,contrast_low|contrast_low
T013-S3,B,13,brightness_dark,brightness_dark,0.3172903635978727,0.75,-0.10045179839230182,brightness_dark|brightness_dark,contrast_low|contrast_low
T013-S0,B,54,gaussian_noise,gaussian_noise,0.26616582133129196,0.8,-0.10027345802986536,gaussian_noise|gaussian_noise,brightness_dark|brightness_dark
T013-S1,B,54,gaussian_noise,gaussian_noise,0.26616582133129196,0.8,-0.10027345802986536,gaussian_noise|gaussian_noise,brightness_dark|brightness_dark
T013-S2,B,54,gaussian_noise,gaussian_noise,0.26616582133129196,0.8,-0.10027345802986536,gaussian_noise|gaussian_noise,brightness_dark|brightness_dark
T013-S3,B,54,gaussian_noise,gaussian_noise,0.26616582133129196,0.8,-0.10027345802986536,gaussian_noise|gaussian_noise,brightness_dark|brightness_dark
T013-S0,A,4,gaussian_blur,gaussian_blur,0.3670280240301799,0.55,-0.10000887705281847,gaussian_blur|gaussian_blur,brightness_dark|brightness_dark
T013-S1,A,4,gaussian_blur,gaussian_blur,0.3670280240301799,0.55,-0.10000887705281847,gaussian_blur|gaussian_blur,brightness_dark|brightness_dark
T013-S2,A,4,gaussian_blur,gaussian_blur,0.3670280240301799,0.55,-0.10000887705281847,gaussian_blur|gaussian_blur,brightness_dark|brightness_dark
T013-S3,A,4,gaussian_blur,gaussian_blur,0.3670280240301799,0.55,-0.10000887705281847,gaussian_blur|gaussian_blur,brightness_dark|brightness_dark
T013-S1,B,5,gaussian_blur,gaussian_blur,0.3849866301909954,0.65,-0.09987155344100743,gaussian_blur|gaussian_blur,brightness_dark|gaussian_noise
T013-S0,B,31,clean,clean,-0.0,1.0,-0.09983595982912997,clean|clean,gaussian_noise|gaussian_noise
T013-S3,B,31,clean,clean,-0.0,1.0,-0.09983595982912997,clean|clean,gaussian_noise|gaussian_noise
T013-S0,B,77,brightness_dark,brightness_dark,0.29228525323862886,0.6,-0.09974016936201612,brightness_dark|brightness_dark,gaussian_noise|gaussian_noise
T013-S1,B,77,brightness_dark,brightness_dark,0.29228525323862886,0.6,-0.09974016936201612,brightness_dark|brightness_dark,gaussian_noise|gaussian_noise
T013-S2,B,77,brightness_dark,brightness_dark,0.29228525323862886,0.6,-0.09974016936201612,brightness_dark|brightness_dark,gaussian_noise|gaussian_noise
T013-S3,B,77,brightness_dark,brightness_dark,0.29228525323862886,0.6,-0.09974016936201612,brightness_dark|brightness_dark,gaussian_noise|gaussian_noise
T013-S2,A,5,contrast_low,contrast_low,0.3849866301909954,0.65,-0.09968190854870776,contrast_low|contrast_low,gaussian_noise|brightness_dark
T013-S0,A,69,clean,clean,0.3239978696052099,0.7,-0.09965769322741982,clean|clean,brightness_dark|brightness_dark
T013-S1,A,69,clean,clean,0.3239978696052099,0.7,-0.09965769322741982,clean|clean,brightness_dark|brightness_dark
T013-S2,A,69,clean,clean,0.3239978696052099,0.7,-0.09965769322741982,clean|clean,brightness_dark|brightness_dark
T013-S3,A,69,clean,clean,0.3239978696052099,0.7,-0.09965769322741982,clean|clean,brightness_dark|brightness_dark
T013-S2,A,67,clean,clean,0.5362838323534155,0.55,-0.0996238861978719,gaussian_noise|clean,brightness_dark|brightness_dark
T013-S2,B,67,clean,clean,0.5362838323534155,0.55,-0.0996238861978719,gaussian_noise|clean,brightness_dark|brightness_dark
T013-S0,B,1,gaussian_noise,gaussian_noise,0.18358022428449897,0.85,-0.09957559681697613,gaussian_noise|gaussian_noise,brightness_dark|brightness_dark
T013-S1,B,1,gaussian_noise,gaussian_noise,0.18358022428449897,0.85,-0.09957559681697613,gaussian_noise|gaussian_noise,brightness_dark|brightness_dark
T013-S2,B,1,gaussian_noise,gaussian_noise,0.18358022428449897,0.85,-0.09957559681697613,gaussian_noise|gaussian_noise,brightness_dark|brightness_dark
T013-S3,B,1,gaussian_noise,gaussian_noise,0.18358022428449897,0.85,-0.09957559681697613,gaussian_noise|gaussian_noise,brightness_dark|brightness_dark
T013-S0,B,9,clean,clean,0.2652949955741215,0.7,-0.09944870149980294,clean|clean,brightness_dark|brightness_dark
T013-S2,B,9,clean,clean,0.2652949955741215,0.7,-0.09944870149980294,gaussian_noise|clean,brightness_dark|brightness_dark
T013-S3,B,9,clean,clean,0.2652949955741215,0.7,-0.09944870149980294,clean|clean,brightness_dark|brightness_dark
T013-S0,B,9,gaussian_noise,gaussian_noise,0.2652949955741215,0.7,-0.09942221162070275,gaussian_noise|gaussian_noise,brightness_dark|brightness_dark
T013-S1,B,9,gaussian_noise,gaussian_noise,0.2652949955741215,0.7,-0.09942221162070275,gaussian_noise|gaussian_noise,brightness_dark|brightness_dark
T013-S2,B,9,gaussian_noise,gaussian_noise,0.2652949955741215,0.7,-0.09942221162070275,gaussian_noise|gaussian_noise,brightness_dark|brightness_dark
T013-S3,B,9,gaussian_noise,gaussian_noise,0.2652949955741215,0.7,-0.09942221162070275,gaussian_noise|gaussian_noise,brightness_dark|brightness_dark
T013-S0,B,50,gaussian_blur,gaussian_blur,0.2442190502882155,0.75,-0.09940357852882704,gaussian_blur|gaussian_blur,gaussian_noise|gaussian_noise
T013-S1,B,50,gaussian_blur,gaussian_blur,0.2442190502882155,0.75,-0.09940357852882704,gaussian_blur|gaussian_blur,gaussian_noise|gaussian_noise
T013-S2,B,50,gaussian_blur,gaussian_blur,0.2442190502882155,0.75,-0.09940357852882704,gaussian_blur|gaussian_blur,gaussian_noise|gaussian_noise
T013-S3,B,50,gaussian_blur,gaussian_blur,0.2442190502882155,0.75,-0.09940357852882704,gaussian_blur|gaussian_blur,gaussian_noise|gaussian_noise
T013-S0,A,0,gaussian_noise,gaussian_noise,0.22504541292605024,0.85,-0.09937901685397289,gaussian_noise|gaussian_noise,brightness_dark|brightness_dark
T013-S1,A,0,gaussian_noise,gaussian_noise,0.22504541292605024,0.85,-0.09937901685397289,gaussian_noise|gaussian_noise,brightness_dark|brightness_dark
T013-S2,A,0,gaussian_noise,gaussian_noise,0.22504541292605024,0.85,-0.09937901685397289,gaussian_noise|gaussian_noise,brightness_dark|brightness_dark
T013-S3,A,0,gaussian_noise,gaussian_noise,0.22504541292605024,0.85,-0.09937901685397289,gaussian_noise|gaussian_noise,brightness_dark|brightness_dark
T013-S0,A,0,clean,clean,0.22504541292605024,0.85,-0.09926368990206423,clean|clean,brightness_dark|brightness_dark
T013-S1,A,0,clean,clean,0.22504541292605024,0.85,-0.09926368990206423,clean|clean,brightness_dark|brightness_dark
T013-S2,A,0,clean,clean,0.22504541292605024,0.85,-0.09926368990206423,clean|clean,brightness_dark|brightness_dark
T013-S3,A,0,clean,clean,0.22504541292605024,0.85,-0.09926368990206423,clean|clean,brightness_dark|brightness_dark
T013-S1,A,26,contrast_low,contrast_low,0.08621407475879368,0.95,-0.09753095342913401,contrast_low|contrast_low,gaussian_blur|gaussian_blur
T013-S2,A,26,contrast_low,contrast_low,0.08621407475879368,0.95,-0.09753095342913401,contrast_low|contrast_low,gaussian_blur|gaussian_blur
T013-S0,A,13,brightness_dark,brightness_dark,0.3172903635978727,0.75,-0.09376283518159949,brightness_dark|brightness_dark,contrast_low|contrast_low
T013-S1,A,13,brightness_dark,brightness_dark,0.3172903635978727,0.75,-0.09376283518159949,brightness_dark|brightness_dark,contrast_low|contrast_low
T013-S2,A,13,brightness_dark,brightness_dark,0.3172903635978727,0.75,-0.09376283518159949,brightness_dark|brightness_dark,contrast_low|contrast_low
T013-S3,A,13,brightness_dark,brightness_dark,0.3172903635978727,0.75,-0.09376283518159949,brightness_dark|brightness_dark,contrast_low|contrast_low
T013-S0,A,54,gaussian_blur,gaussian_blur,0.26616582133129196,0.8,-0.09371148605725445,clean|gaussian_blur,brightness_dark|brightness_dark
T013-S0,B,72,gaussian_blur,gaussian_blur,0.46343299021718715,0.45,-0.09357992333880244,gaussian_blur|gaussian_blur,brightness_dark|brightness_dark
T013-S1,B,72,gaussian_blur,gaussian_blur,0.46343299021718715,0.45,-0.09357992333880244,gaussian_blur|gaussian_blur,brightness_dark|brightness_dark
T013-S2,B,72,gaussian_blur,gaussian_blur,0.46343299021718715,0.45,-0.09357992333880244,gaussian_blur|gaussian_blur,brightness_dark|brightness_dark
T013-S3,B,72,gaussian_blur,gaussian_blur,0.46343299021718715,0.45,-0.09357992333880244,gaussian_blur|gaussian_blur,brightness_dark|brightness_dark
T013-S1,A,33,gaussian_blur,gaussian_blur,0.18358022428449897,0.85,-0.09355894302429506,gaussian_blur|gaussian_blur,contrast_low|brightness_dark
T013-S0,B,53,gaussian_blur,gaussian_blur,0.2652949955741215,0.7,-0.09324184061815247,gaussian_blur|gaussian_blur,contrast_low|contrast_low
T013-S2,B,53,gaussian_blur,gaussian_blur,0.2652949955741215,0.7,-0.09324184061815247,gaussian_blur|gaussian_blur,contrast_low|contrast_low
T013-S3,B,53,gaussian_blur,gaussian_blur,0.2652949955741215,0.7,-0.09324184061815247,gaussian_blur|gaussian_blur,contrast_low|contrast_low
T013-S0,A,31,clean,clean,-0.0,1.0,-0.09317817021528177,clean|clean,gaussian_noise|gaussian_noise
T013-S0,B,12,clean,clean,0.18358022428449897,0.85,-0.09311209706527657,gaussian_noise|gaussian_noise,brightness_dark|brightness_dark
T013-S1,B,12,clean,clean,0.18358022428449897,0.85,-0.09311209706527657,gaussian_noise|gaussian_noise,brightness_dark|brightness_dark
T013-S2,B,12,clean,clean,0.18358022428449897,0.85,-0.09311209706527657,gaussian_noise|gaussian_noise,brightness_dark|brightness_dark
T013-S3,B,12,clean,clean,0.18358022428449897,0.85,-0.09311209706527657,gaussian_noise|gaussian_noise,brightness_dark|brightness_dark
T013-S2,B,12,gaussian_blur,gaussian_blur,0.18358022428449897,0.85,-0.09305003908982937,gaussian_blur|gaussian_noise,brightness_dark|brightness_dark
T013-S1,B,67,clean,clean,0.5362838323534155,0.55,-0.09299258646312389,clean|gaussian_noise,brightness_dark|brightness_dark
T013-S0,A,19,brightness_dark,brightness_dark,0.3172903635978727,0.75,-0.09291648562836104,brightness_dark|brightness_dark,gaussian_noise|gaussian_noise
T013-S0,B,19,brightness_dark,brightness_dark,0.3172903635978727,0.75,-0.09291648562836104,brightness_dark|brightness_dark,gaussian_noise|gaussian_noise
T013-S1,A,19,brightness_dark,brightness_dark,0.3172903635978727,0.75,-0.09291648562836104,brightness_dark|brightness_dark,gaussian_noise|gaussian_noise
T013-S1,B,19,brightness_dark,brightness_dark,0.3172903635978727,0.75,-0.09291648562836104,brightness_dark|brightness_dark,gaussian_noise|gaussian_noise
T013-S2,A,19,brightness_dark,brightness_dark,0.3172903635978727,0.75,-0.09291648562836104,brightness_dark|brightness_dark,gaussian_noise|gaussian_noise
T013-S2,B,19,brightness_dark,brightness_dark,0.3172903635978727,0.75,-0.09291648562836104,brightness_dark|brightness_dark,gaussian_noise|gaussian_noise
T013-S3,A,19,brightness_dark,brightness_dark,0.3172903635978727,0.75,-0.09291648562836104,brightness_dark|brightness_dark,gaussian_noise|gaussian_noise
T013-S3,B,19,brightness_dark,brightness_dark,0.3172903635978727,0.75,-0.09291648562836104,brightness_dark|brightness_dark,gaussian_noise|gaussian_noise
T013-S0,A,9,gaussian_noise,gaussian_noise,0.2652949955741215,0.7,-0.09276442200685454,gaussian_noise|gaussian_noise,brightness_dark|brightness_dark
T013-S1,A,9,gaussian_noise,gaussian_noise,0.2652949955741215,0.7,-0.09276442200685454,gaussian_noise|gaussian_noise,brightness_dark|brightness_dark
T013-S2,A,9,gaussian_noise,gaussian_noise,0.2652949955741215,0.7,-0.09276442200685454,gaussian_noise|gaussian_noise,brightness_dark|brightness_dark
T013-S3,A,9,gaussian_noise,gaussian_noise,0.2652949955741215,0.7,-0.09276442200685454,gaussian_noise|gaussian_noise,brightness_dark|brightness_dark
T013-S0,A,10,gaussian_blur,gaussian_blur,0.3556039942733158,0.7,-0.09272318849189318,gaussian_blur|gaussian_blur,gaussian_noise|gaussian_noise
T013-S1,A,10,gaussian_blur,gaussian_blur,0.3556039942733158,0.7,-0.09272318849189318,gaussian_blur|gaussian_blur,gaussian_noise|gaussian_noise
T013-S2,A,10,gaussian_blur,gaussian_blur,0.3556039942733158,0.7,-0.09272318849189318,gaussian_blur|gaussian_blur,gaussian_noise|gaussian_noise
T013-S3,A,10,gaussian_blur,gaussian_blur,0.3556039942733158,0.7,-0.09272318849189318,gaussian_blur|gaussian_blur,gaussian_noise|gaussian_noise
T013-S1,A,54,gaussian_blur,gaussian_blur,0.26616582133129196,0.8,-0.08716269758312216,gaussian_blur|clean,brightness_dark|brightness_dark
T013-S0,A,89,contrast_low,contrast_low,0.2652949955741215,0.7,-0.0868830476916359,contrast_low|contrast_low,brightness_dark|brightness_dark
T013-S1,A,89,contrast_low,contrast_low,0.2652949955741215,0.7,-0.0868830476916359,contrast_low|contrast_low,brightness_dark|brightness_dark
T013-S2,A,89,contrast_low,contrast_low,0.2652949955741215,0.7,-0.0868830476916359,contrast_low|contrast_low,brightness_dark|brightness_dark
T013-S3,A,89,contrast_low,contrast_low,0.2652949955741215,0.7,-0.0868830476916359,contrast_low|contrast_low,brightness_dark|brightness_dark
T013-S0,B,89,gaussian_blur,gaussian_blur,0.2652949955741215,0.7,-0.08680305750493275,gaussian_blur|gaussian_blur,brightness_dark|brightness_dark
T013-S1,B,89,gaussian_blur,gaussian_blur,0.2652949955741215,0.7,-0.08680305750493275,gaussian_blur|gaussian_blur,brightness_dark|brightness_dark
T013-S2,B,89,gaussian_blur,gaussian_blur,0.2652949955741215,0.7,-0.08680305750493275,gaussian_blur|gaussian_blur,brightness_dark|brightness_dark
T013-S3,B,89,gaussian_blur,gaussian_blur,0.2652949955741215,0.7,-0.08680305750493275,gaussian_blur|gaussian_blur,brightness_dark|brightness_dark
T013-S1,B,12,gaussian_blur,gaussian_blur,0.18358022428449897,0.85,-0.08656330859114429,gaussian_blur|gaussian_noise,brightness_dark|brightness_dark
T013-S0,A,53,gaussian_blur,gaussian_blur,0.2652949955741215,0.7,-0.08649521393149578,gaussian_blur|gaussian_blur,contrast_low|contrast_low
T013-S2,A,53,gaussian_blur,gaussian_blur,0.2652949955741215,0.7,-0.08649521393149578,gaussian_blur|gaussian_blur,contrast_low|contrast_low
T013-S1,A,12,gaussian_blur,gaussian_blur,0.18358022428449897,0.85,-0.08648519183002144,gaussian_blur|gaussian_noise,brightness_dark|brightness_dark
T013-S0,B,12,gaussian_noise,gaussian_noise,0.18358022428449897,0.85,-0.08648079733052856,gaussian_noise|gaussian_noise,brightness_dark|brightness_dark
T013-S1,B,12,gaussian_noise,gaussian_noise,0.18358022428449897,0.85,-0.08648079733052856,gaussian_noise|gaussian_noise,brightness_dark|brightness_dark
T013-S2,B,12,gaussian_noise,gaussian_noise,0.18358022428449897,0.85,-0.08648079733052856,gaussian_noise|gaussian_noise,brightness_dark|brightness_dark
T013-S3,B,12,gaussian_noise,gaussian_noise,0.18358022428449897,0.85,-0.08648079733052856,gaussian_noise|gaussian_noise,brightness_dark|brightness_dark
T013-S0,B,82,contrast_low,contrast_low,0.08621407475879368,0.95,-0.08644422727907301,contrast_low|contrast_low,brightness_dark|brightness_dark
T013-S2,B,82,contrast_low,contrast_low,0.08621407475879368,0.95,-0.08644422727907301,contrast_low|contrast_low,brightness_dark|brightness_dark
T013-S3,B,82,contrast_low,contrast_low,0.08621407475879368,0.95,-0.08644422727907301,contrast_low|contrast_low,brightness_dark|brightness_dark
T013-S0,A,12,gaussian_blur,gaussian_blur,0.18358022428449897,0.85,-0.08641873935508136,gaussian_noise|gaussian_blur,brightness_dark|brightness_dark
T013-S0,B,12,gaussian_blur,gaussian_blur,0.18358022428449897,0.85,-0.08641434485558848,gaussian_noise|gaussian_blur,brightness_dark|brightness_dark
T013-S0,A,35,gaussian_blur,gaussian_blur,0.2988548895792612,0.55,-0.0863642233989018,contrast_low|contrast_low,gaussian_blur|gaussian_blur
T013-S2,A,35,gaussian_blur,gaussian_blur,0.2988548895792612,0.55,-0.0863642233989018,contrast_low|contrast_low,gaussian_blur|gaussian_blur
T013-S3,A,35,gaussian_blur,gaussian_blur,0.2988548895792612,0.55,-0.0863642233989018,contrast_low|contrast_low,gaussian_blur|gaussian_blur
T013-S3,A,67,clean,clean,0.5362838323534155,0.55,-0.08632591979645722,gaussian_noise|clean,brightness_dark|brightness_dark
T013-S0,A,1,gaussian_noise,gaussian_noise,0.18358022428449897,0.85,-0.0863129973474801,gaussian_noise|gaussian_noise,brightness_dark|brightness_dark
T013-S1,A,1,gaussian_noise,gaussian_noise,0.18358022428449897,0.85,-0.0863129973474801,gaussian_noise|gaussian_noise,brightness_dark|brightness_dark
T013-S2,A,1,gaussian_noise,gaussian_noise,0.18358022428449897,0.85,-0.0863129973474801,gaussian_noise|gaussian_noise,brightness_dark|brightness_dark
T013-S3,A,1,gaussian_noise,gaussian_noise,0.18358022428449897,0.85,-0.0863129973474801,gaussian_noise|gaussian_noise,brightness_dark|brightness_dark
T013-S1,B,9,clean,clean,0.2652949955741215,0.7,-0.08615961215120672,clean|gaussian_noise,brightness_dark|brightness_dark
T013-S0,B,11,contrast_low,contrast_low,0.2988548895792612,0.55,-0.0855629648650485,contrast_low|contrast_low,gaussian_noise|gaussian_noise
T013-S1,B,11,contrast_low,contrast_low,0.2988548895792612,0.55,-0.0855629648650485,contrast_low|contrast_low,gaussian_noise|gaussian_noise
T013-S2,B,11,contrast_low,contrast_low,0.2988548895792612,0.55,-0.0855629648650485,contrast_low|contrast_low,gaussian_noise|gaussian_noise
T013-S3,B,11,contrast_low,contrast_low,0.2988548895792612,0.55,-0.0855629648650485,contrast_low|contrast_low,gaussian_noise|gaussian_noise
T013-S0,B,13,gaussian_noise,gaussian_noise,0.3172903635978727,0.75,-0.08032623364431145,clean|clean,gaussian_blur|contrast_low
T013-S1,B,13,gaussian_noise,gaussian_noise,0.3172903635978727,0.75,-0.08032623364431145,clean|clean,contrast_low|contrast_low
T013-S2,B,13,gaussian_noise,gaussian_noise,0.3172903635978727,0.75,-0.08032623364431145,clean|clean,contrast_low|contrast_low
T013-S3,B,13,gaussian_noise,gaussian_noise,0.3172903635978727,0.75,-0.08032623364431145,clean|clean,contrast_low|contrast_low
T013-S0,B,89,clean,clean,0.2652949955741215,0.7,-0.08028075890990065,clean|clean,brightness_dark|brightness_dark
T013-S3,B,89,clean,clean,0.2652949955741215,0.7,-0.08028075890990065,clean|gaussian_noise,brightness_dark|brightness_dark
T013-S0,A,89,gaussian_blur,gaussian_blur,0.2652949955741215,0.7,-0.08013639083826608,gaussian_blur|gaussian_blur,brightness_dark|brightness_dark
T013-S1,A,89,gaussian_blur,gaussian_blur,0.2652949955741215,0.7,-0.08013639083826608,gaussian_blur|gaussian_blur,brightness_dark|brightness_dark
T013-S2,A,89,gaussian_blur,gaussian_blur,0.2652949955741215,0.7,-0.08013639083826608,gaussian_blur|gaussian_blur,brightness_dark|brightness_dark
T013-S3,A,89,gaussian_blur,gaussian_blur,0.2652949955741215,0.7,-0.08013639083826608,gaussian_blur|gaussian_blur,brightness_dark|brightness_dark
T013-S0,B,98,clean,clean,0.34822537285722394,0.7,-0.08008251126061572,clean|clean,brightness_dark|brightness_dark
T013-S1,B,98,clean,clean,0.34822537285722394,0.7,-0.08008251126061572,clean|clean,brightness_dark|brightness_dark
T013-S2,B,98,clean,clean,0.34822537285722394,0.7,-0.08008251126061572,clean|clean,brightness_dark|brightness_dark
T013-S3,B,98,clean,clean,0.34822537285722394,0.7,-0.08008251126061572,clean|clean,brightness_dark|brightness_dark
T013-S0,A,86,gaussian_blur,gaussian_blur,0.4647156441454661,0.55,-0.08007952286282306,gaussian_blur|gaussian_blur,brightness_dark|brightness_dark
T013-S0,B,86,gaussian_blur,gaussian_blur,0.4647156441454661,0.55,-0.08007952286282306,gaussian_blur|gaussian_blur,brightness_dark|brightness_dark
T013-S1,A,86,gaussian_blur,gaussian_blur,0.4647156441454661,0.55,-0.08007952286282306,gaussian_blur|gaussian_blur,brightness_dark|brightness_dark
T013-S1,B,86,gaussian_blur,gaussian_blur,0.4647156441454661,0.55,-0.08007952286282306,gaussian_blur|gaussian_blur,brightness_dark|brightness_dark
T013-S2,A,86,gaussian_blur,gaussian_blur,0.4647156441454661,0.55,-0.08007952286282306,gaussian_blur|gaussian_blur,brightness_dark|brightness_dark
T013-S2,B,86,gaussian_blur,gaussian_blur,0.4647156441454661,0.55,-0.08007952286282306,gaussian_blur|gaussian_blur,brightness_dark|brightness_dark
T013-S3,A,86,gaussian_blur,gaussian_blur,0.4647156441454661,0.55,-0.08007952286282306,gaussian_blur|gaussian_blur,brightness_dark|brightness_dark
T013-S3,B,86,gaussian_blur,gaussian_blur,0.4647156441454661,0.55,-0.08007952286282306,gaussian_blur|gaussian_blur,brightness_dark|brightness_dark
T013-S0,A,98,contrast_low,contrast_low,0.34822537285722394,0.7,-0.08003536693191865,contrast_low|contrast_low,brightness_dark|brightness_dark
T013-S0,B,98,contrast_low,contrast_low,0.34822537285722394,0.7,-0.08003536693191865,contrast_low|contrast_low,brightness_dark|brightness_dark
T013-S1,A,98,contrast_low,contrast_low,0.34822537285722394,0.7,-0.08003536693191865,contrast_low|contrast_low,brightness_dark|brightness_dark
T013-S1,B,98,contrast_low,contrast_low,0.34822537285722394,0.7,-0.08003536693191865,contrast_low|contrast_low,brightness_dark|brightness_dark
T013-S2,A,98,contrast_low,contrast_low,0.34822537285722394,0.7,-0.08003536693191865,contrast_low|contrast_low,brightness_dark|brightness_dark
T013-S2,B,98,contrast_low,contrast_low,0.34822537285722394,0.7,-0.08003536693191865,contrast_low|contrast_low,brightness_dark|brightness_dark
T013-S3,A,98,contrast_low,contrast_low,0.34822537285722394,0.7,-0.08003536693191865,contrast_low|contrast_low,brightness_dark|brightness_dark
T013-S3,B,98,contrast_low,contrast_low,0.34822537285722394,0.7,-0.08003536693191865,contrast_low|contrast_low,brightness_dark|brightness_dark
T013-S0,A,12,clean,clean,0.18358022428449897,0.85,-0.07984949759578056,gaussian_noise|gaussian_noise,brightness_dark|brightness_dark
T013-S0,A,12,gaussian_noise,gaussian_noise,0.18358022428449897,0.85,-0.07984949759578056,gaussian_noise|gaussian_noise,brightness_dark|brightness_dark
T013-S1,A,12,clean,clean,0.18358022428449897,0.85,-0.07984949759578056,gaussian_noise|gaussian_noise,brightness_dark|brightness_dark
T013-S1,A,12,gaussian_noise,gaussian_noise,0.18358022428449897,0.85,-0.07984949759578056,gaussian_noise|gaussian_noise,brightness_dark|brightness_dark
T013-S2,A,12,clean,clean,0.18358022428449897,0.85,-0.07984949759578056,gaussian_noise|gaussian_noise,brightness_dark|brightness_dark
T013-S2,A,12,gaussian_noise,gaussian_noise,0.18358022428449897,0.85,-0.07984949759578056,gaussian_noise|gaussian_noise,brightness_dark|brightness_dark
T013-S3,A,12,clean,clean,0.18358022428449897,0.85,-0.07984949759578056,gaussian_noise|gaussian_noise,brightness_dark|brightness_dark
T013-S3,A,12,gaussian_noise,gaussian_noise,0.18358022428449897,0.85,-0.07984949759578056,gaussian_noise|gaussian_noise,brightness_dark|brightness_dark
T013-S2,A,12,gaussian_blur,gaussian_blur,0.18358022428449897,0.85,-0.07977865062134759,gaussian_blur|gaussian_blur,brightness_dark|brightness_dark
T013-S0,A,82,contrast_low,contrast_low,0.08621407475879368,0.95,-0.07969658895248732,contrast_low|contrast_low,brightness_dark|brightness_dark
T013-S1,A,82,contrast_low,contrast_low,0.08621407475879368,0.95,-0.07969658895248732,contrast_low|contrast_low,brightness_dark|brightness_dark
T013-S2,A,82,contrast_low,contrast_low,0.08621407475879368,0.95,-0.07969658895248732,contrast_low|contrast_low,brightness_dark|brightness_dark
T013-S3,A,82,contrast_low,contrast_low,0.08621407475879368,0.95,-0.07969658895248732,contrast_low|contrast_low,brightness_dark|brightness_dark
T013-S1,A,97,gaussian_blur,gaussian_blur,0.29854955310662773,0.75,-0.07952286282306163,clean|clean,gaussian_noise|gaussian_noise
T013-S2,A,97,gaussian_blur,gaussian_blur,0.29854955310662773,0.75,-0.07952286282306163,clean|clean,gaussian_noise|gaussian_noise
T013-S0,A,19,gaussian_blur,gaussian_blur,0.3172903635978727,0.75,-0.07947468565843657,gaussian_blur|gaussian_blur,gaussian_noise|gaussian_noise
T013-S1,A,19,gaussian_blur,gaussian_blur,0.3172903635978727,0.75,-0.07947468565843657,gaussian_blur|gaussian_blur,gaussian_noise|gaussian_noise
T013-S2,A,19,gaussian_blur,gaussian_blur,0.3172903635978727,0.75,-0.07947468565843657,gaussian_blur|gaussian_blur,gaussian_noise|gaussian_noise
T013-S3,A,19,gaussian_blur,gaussian_blur,0.3172903635978727,0.75,-0.07947468565843657,gaussian_blur|gaussian_blur,gaussian_noise|gaussian_noise
T013-S0,B,10,gaussian_blur,gaussian_blur,0.3556039942733158,0.7,-0.07939387038800533,gaussian_blur|gaussian_blur,gaussian_noise|gaussian_noise
T013-S1,B,10,gaussian_blur,gaussian_blur,0.3556039942733158,0.7,-0.07939387038800533,gaussian_blur|gaussian_blur,gaussian_noise|gaussian_noise
T013-S2,B,10,gaussian_blur,gaussian_blur,0.3556039942733158,0.7,-0.07939387038800533,gaussian_blur|gaussian_blur,gaussian_noise|gaussian_noise
T013-S3,B,10,gaussian_blur,gaussian_blur,0.3556039942733158,0.7,-0.07939387038800533,gaussian_blur|gaussian_blur,gaussian_noise|gaussian_noise
T013-S0,A,11,contrast_low,contrast_low,0.2988548895792612,0.55,-0.07884340649401417,contrast_low|contrast_low,gaussian_noise|gaussian_noise
T013-S1,A,11,contrast_low,contrast_low,0.2988548895792612,0.55,-0.07884340649401417,contrast_low|contrast_low,gaussian_noise|gaussian_noise
T013-S2,A,11,contrast_low,contrast_low,0.2988548895792612,0.55,-0.07884340649401417,contrast_low|contrast_low,gaussian_noise|gaussian_noise
T013-S3,A,11,contrast_low,contrast_low,0.2988548895792612,0.55,-0.07884340649401417,contrast_low|contrast_low,gaussian_noise|gaussian_noise
T013-S1,B,26,contrast_low,contrast_low,0.08621407475879368,0.95,-0.07844528695301738,gaussian_blur|contrast_low,gaussian_blur|gaussian_blur
T013-S0,B,10,brightness_dark,brightness_dark,0.3556039942733158,0.7,-0.07781238416737574,brightness_dark|brightness_dark,gaussian_noise|gaussian_noise
T013-S1,B,10,brightness_dark,brightness_dark,0.3556039942733158,0.7,-0.07781238416737574,brightness_dark|brightness_dark,gaussian_noise|gaussian_noise
T013-S2,B,10,brightness_dark,brightness_dark,0.3556039942733158,0.7,-0.07781238416737574,brightness_dark|brightness_dark,gaussian_noise|gaussian_noise
T013-S3,B,10,brightness_dark,brightness_dark,0.3556039942733158,0.7,-0.07781238416737574,brightness_dark|brightness_dark,gaussian_noise|gaussian_noise
T013-S0,A,75,brightness_dark,brightness_dark,0.44717262228329563,0.5,-0.07441862481319561,brightness_dark|brightness_dark,contrast_low|contrast_low
T013-S1,A,75,brightness_dark,brightness_dark,0.44717262228329563,0.5,-0.07441862481319561,brightness_dark|brightness_dark,contrast_low|contrast_low
T013-S2,A,75,brightness_dark,brightness_dark,0.44717262228329563,0.5,-0.07441862481319561,brightness_dark|brightness_dark,contrast_low|contrast_low
T013-S3,A,75,brightness_dark,brightness_dark,0.44717262228329563,0.5,-0.07441862481319561,brightness_dark|brightness_dark,contrast_low|contrast_low
T013-S0,A,54,gaussian_noise,gaussian_noise,0.26616582133129196,0.8,-0.07375704808985907,gaussian_noise|gaussian_noise,brightness_dark|brightness_dark
T013-S1,A,54,gaussian_noise,gaussian_noise,0.26616582133129196,0.8,-0.07375704808985907,gaussian_noise|gaussian_noise,brightness_dark|brightness_dark
T013-S2,A,54,gaussian_noise,gaussian_noise,0.26616582133129196,0.8,-0.07375704808985907,gaussian_noise|gaussian_noise,brightness_dark|brightness_dark
T013-S3,A,54,gaussian_noise,gaussian_noise,0.26616582133129196,0.8,-0.07375704808985907,gaussian_noise|gaussian_noise,brightness_dark|brightness_dark
T013-S2,A,54,gaussian_blur,gaussian_blur,0.26616582133129196,0.8,-0.07374825909087332,gaussian_blur|clean,brightness_dark|brightness_dark
T013-S0,A,21,contrast_low,contrast_low,-0.0,1.0,-0.07372654155495978,contrast_low|contrast_low,brightness_dark|brightness_dark
T013-S0,B,15,contrast_low,contrast_low,-0.0,1.0,-0.07372654155495978,gaussian_blur|gaussian_blur,brightness_dark|brightness_dark
T013-S0,B,21,contrast_low,contrast_low,-0.0,1.0,-0.07372654155495978,contrast_low|contrast_low,brightness_dark|brightness_dark
T013-S1,A,21,contrast_low,contrast_low,-0.0,1.0,-0.07372654155495978,contrast_low|contrast_low,brightness_dark|brightness_dark
T013-S1,B,15,contrast_low,contrast_low,-0.0,1.0,-0.07372654155495978,gaussian_blur|gaussian_blur,brightness_dark|brightness_dark
T013-S1,B,21,contrast_low,contrast_low,-0.0,1.0,-0.07372654155495978,contrast_low|contrast_low,brightness_dark|brightness_dark
T013-S2,A,21,contrast_low,contrast_low,-0.0,1.0,-0.07372654155495978,contrast_low|contrast_low,brightness_dark|brightness_dark
T013-S2,B,15,contrast_low,contrast_low,-0.0,1.0,-0.07372654155495978,gaussian_blur|gaussian_blur,brightness_dark|brightness_dark
T013-S2,B,21,contrast_low,contrast_low,-0.0,1.0,-0.07372654155495978,contrast_low|contrast_low,brightness_dark|brightness_dark
T013-S3,A,21,contrast_low,contrast_low,-0.0,1.0,-0.07372654155495978,contrast_low|contrast_low,brightness_dark|brightness_dark
T013-S3,B,15,contrast_low,contrast_low,-0.0,1.0,-0.07372654155495978,gaussian_blur|gaussian_blur,brightness_dark|brightness_dark
T013-S3,B,21,contrast_low,contrast_low,-0.0,1.0,-0.07372654155495978,contrast_low|contrast_low,brightness_dark|brightness_dark
T013-S0,A,13,gaussian_noise,gaussian_noise,0.3172903635978727,0.75,-0.07363727043360911,clean|clean,contrast_low|contrast_low
T013-S1,A,13,gaussian_noise,gaussian_noise,0.3172903635978727,0.75,-0.07363727043360911,clean|clean,contrast_low|contrast_low
T013-S2,A,13,gaussian_noise,gaussian_noise,0.3172903635978727,0.75,-0.07363727043360911,clean|clean,contrast_low|contrast_low
T013-S3,A,13,gaussian_noise,gaussian_noise,0.3172903635978727,0.75,-0.07363727043360911,clean|clean,contrast_low|contrast_low
T013-S1,B,89,clean,clean,0.2652949955741215,0.7,-0.07362296929605246,clean|gaussian_noise,brightness_dark|brightness_dark
T013-S2,B,89,clean,clean,0.2652949955741215,0.7,-0.07362296929605246,gaussian_noise|clean,brightness_dark|brightness_dark
T013-S1,A,89,clean,clean,0.2652949955741215,0.7,-0.07361409224323398,clean|clean,brightness_dark|brightness_dark
T013-S0,B,68,gaussian_blur,gaussian_blur,0.45542455414570265,0.45,-0.07357859531772576,gaussian_blur|gaussian_blur,contrast_low|contrast_low
T013-S3,B,68,gaussian_blur,gaussian_blur,0.45542455414570265,0.45,-0.07357859531772576,gaussian_blur|gaussian_blur,contrast_low|contrast_low
T013-S3,B,5,contrast_low,contrast_low,0.3849866301909954,0.65,-0.07348321679422148,contrast_low|contrast_low,brightness_dark|brightness_dark
T013-S0,B,90,clean,clean,0.5365043035268443,0.45,-0.07348145100589655,clean|clean,brightness_dark|brightness_dark
T013-S1,B,90,clean,clean,0.5365043035268443,0.45,-0.07348145100589655,clean|clean,brightness_dark|brightness_dark
T013-S2,B,90,clean,clean,0.5365043035268443,0.45,-0.07348145100589655,clean|clean,brightness_dark|brightness_dark
T013-S3,B,90,clean,clean,0.5365043035268443,0.45,-0.07348145100589655,clean|clean,brightness_dark|brightness_dark
T013-S2,A,31,clean,clean,-0.0,1.0,-0.07320480137373717,gaussian_noise|clean,gaussian_noise|gaussian_noise
T013-S2,B,31,clean,clean,-0.0,1.0,-0.07320480137373717,gaussian_noise|clean,gaussian_noise|gaussian_noise
T013-S1,B,5,contrast_low,contrast_low,0.3849866301909954,0.65,-0.07307332784296858,contrast_low|contrast_low,gaussian_noise|brightness_dark
T013-S0,B,19,gaussian_blur,gaussian_blur,0.3172903635978727,0.75,-0.07284778042318145,gaussian_blur|gaussian_blur,gaussian_noise|gaussian_noise
T013-S1,B,19,gaussian_blur,gaussian_blur,0.3172903635978727,0.75,-0.07284778042318145,gaussian_blur|gaussian_blur,gaussian_noise|gaussian_noise
T013-S2,B,19,gaussian_blur,gaussian_blur,0.3172903635978727,0.75,-0.07284778042318145,gaussian_blur|gaussian_blur,gaussian_noise|gaussian_noise
T013-S3,B,19,gaussian_blur,gaussian_blur,0.3172903635978727,0.75,-0.07284778042318145,gaussian_blur|gaussian_blur,gaussian_noise|gaussian_noise
T013-S1,A,84,gaussian_blur,gaussian_blur,0.45542455414570265,0.45,-0.0727823403957685,gaussian_blur|gaussian_blur,clean|clean
T013-S0,A,32,gaussian_blur,gaussian_blur,0.6385229941014448,0.35,-0.07276553950419236,gaussian_blur|gaussian_blur,gaussian_noise|gaussian_noise
T013-S1,A,32,gaussian_blur,gaussian_blur,0.6385229941014448,0.35,-0.07276553950419236,gaussian_blur|gaussian_blur,gaussian_noise|gaussian_noise
T013-S2,A,32,gaussian_blur,gaussian_blur,0.6385229941014448,0.35,-0.07276553950419236,gaussian_blur|gaussian_blur,gaussian_noise|gaussian_noise
T013-S3,A,32,gaussian_blur,gaussian_blur,0.6385229941014448,0.35,-0.07276553950419236,gaussian_blur|gaussian_blur,gaussian_noise|gaussian_noise
T013-S0,A,41,brightness_dark,brightness_dark,0.34739336316427083,0.75,-0.06760021400481185,brightness_dark|brightness_dark,contrast_low|contrast_low
T013-S1,A,41,brightness_dark,brightness_dark,0.34739336316427083,0.75,-0.06760021400481185,brightness_dark|brightness_dark,contrast_low|contrast_low
T013-S2,A,41,brightness_dark,brightness_dark,0.34739336316427083,0.75,-0.06760021400481185,brightness_dark|brightness_dark,contrast_low|contrast_low
T013-S3,A,41,brightness_dark,brightness_dark,0.34739336316427083,0.75,-0.06760021400481185,brightness_dark|brightness_dark,contrast_low|contrast_low
T013-S3,A,54,gaussian_blur,gaussian_blur,0.26616582133129196,0.8,-0.06719947061674103,gaussian_blur|clean,brightness_dark|brightness_dark
T013-S0,A,68,brightness_dark,brightness_dark,0.45542455414570265,0.45,-0.06717693784686604,brightness_dark|brightness_dark,contrast_low|contrast_low
T013-S0,B,68,brightness_dark,brightness_dark,0.45542455414570265,0.45,-0.06717693784686604,brightness_dark|brightness_dark,contrast_low|contrast_low
T013-S1,A,68,brightness_dark,brightness_dark,0.45542455414570265,0.45,-0.06717693784686604,brightness_dark|brightness_dark,contrast_low|contrast_low
T013-S1,B,68,brightness_dark,brightness_dark,0.45542455414570265,0.45,-0.06717693784686604,brightness_dark|brightness_dark,contrast_low|contrast_low
T013-S2,A,68,brightness_dark,brightness_dark,0.45542455414570265,0.45,-0.06717693784686604,brightness_dark|brightness_dark,contrast_low|contrast_low
T013-S2,B,68,brightness_dark,brightness_dark,0.45542455414570265,0.45,-0.06717693784686604,brightness_dark|brightness_dark,contrast_low|contrast_low
T013-S3,A,68,brightness_dark,brightness_dark,0.45542455414570265,0.45,-0.06717693784686604,brightness_dark|brightness_dark,contrast_low|contrast_low
T013-S3,B,68,brightness_dark,brightness_dark,0.45542455414570265,0.45,-0.06717693784686604,brightness_dark|brightness_dark,contrast_low|contrast_low
T013-S3,A,21,gaussian_blur,gaussian_blur,-0.0,1.0,-0.06706935414428007,gaussian_noise|clean,brightness_dark|brightness_dark
T013-S0,B,72,clean,clean,0.46343299021718715,0.45,-0.06706285492108441,clean|clean,brightness_dark|brightness_dark
T013-S1,B,72,clean,clean,0.46343299021718715,0.45,-0.06706285492108441,clean|clean,brightness_dark|brightness_dark
T013-S2,B,72,clean,clean,0.46343299021718715,0.45,-0.06706285492108441,clean|clean,brightness_dark|brightness_dark
T013-S3,B,72,clean,clean,0.46343299021718715,0.45,-0.06706285492108441,clean|clean,brightness_dark|brightness_dark
T013-S0,A,89,clean,clean,0.2652949955741215,0.7,-0.06695630262938579,gaussian_noise|clean,brightness_dark|brightness_dark
T013-S2,A,89,clean,clean,0.2652949955741215,0.7,-0.06695630262938579,gaussian_noise|clean,brightness_dark|brightness_dark
T013-S3,A,89,clean,clean,0.2652949955741215,0.7,-0.06695630262938579,gaussian_noise|clean,brightness_dark|brightness_dark
T013-S0,A,64,gaussian_blur,gaussian_blur,0.4385343715564183,0.7,-0.06695536523185756,gaussian_blur|gaussian_blur,brightness_dark|brightness_dark
T013-S1,A,64,gaussian_blur,gaussian_blur,0.4385343715564183,0.7,-0.06695536523185756,gaussian_blur|gaussian_blur,brightness_dark|brightness_dark
T013-S2,A,64,gaussian_blur,gaussian_blur,0.4385343715564183,0.7,-0.06695536523185756,gaussian_blur|gaussian_blur,brightness_dark|brightness_dark
T013-S3,A,64,gaussian_blur,gaussian_blur,0.4385343715564183,0.7,-0.06695536523185756,gaussian_blur|gaussian_blur,brightness_dark|brightness_dark
T013-S0,A,64,gaussian_noise,gaussian_noise,0.4385343715564183,0.7,-0.06687439357193854,gaussian_noise|gaussian_noise,brightness_dark|brightness_dark
T013-S1,A,64,gaussian_noise,gaussian_noise,0.4385343715564183,0.7,-0.06687439357193854,gaussian_noise|gaussian_noise,brightness_dark|brightness_dark
T013-S2,A,64,gaussian_noise,gaussian_noise,0.4385343715564183,0.7,-0.06687439357193854,gaussian_noise|gaussian_noise,brightness_dark|brightness_dark
T013-S3,A,64,gaussian_noise,gaussian_noise,0.4385343715564183,0.7,-0.06687439357193854,gaussian_noise|gaussian_noise,brightness_dark|brightness_dark
T013-S1,B,68,gaussian_blur,gaussian_blur,0.45542455414570265,0.45,-0.06683196863106908,contrast_low|gaussian_blur,contrast_low|contrast_low
T013-S0,A,90,clean,clean,0.5365043035268443,0.45,-0.06681478433922988,clean|clean,brightness_dark|brightness_dark
T013-S1,A,90,clean,clean,0.5365043035268443,0.45,-0.06681478433922988,clean|clean,brightness_dark|brightness_dark
T013-S2,A,90,clean,clean,0.5365043035268443,0.45,-0.06681478433922988,clean|clean,brightness_dark|brightness_dark
T013-S3,A,90,clean,clean,0.5365043035268443,0.45,-0.06681478433922988,clean|clean,brightness_dark|brightness_dark
T013-S0,A,98,clean,clean,0.34822537285722394,0.7,-0.06678454485920104,clean|clean,brightness_dark|brightness_dark
T013-S1,A,98,clean,clean,0.34822537285722394,0.7,-0.06678454485920104,clean|clean,brightness_dark|brightness_dark
T013-S2,A,98,clean,clean,0.34822537285722394,0.7,-0.06678454485920104,clean|clean,brightness_dark|brightness_dark
T013-S3,A,98,clean,clean,0.34822537285722394,0.7,-0.06678454485920104,clean|clean,brightness_dark|brightness_dark
T013-S0,A,86,clean,clean,0.4647156441454661,0.55,-0.06674618952948973,gaussian_noise|gaussian_noise,brightness_dark|brightness_dark
T013-S0,A,86,gaussian_noise,gaussian_noise,0.4647156441454661,0.55,-0.06674618952948973,gaussian_noise|gaussian_noise,brightness_dark|brightness_dark
T013-S0,B,86,gaussian_noise,gaussian_noise,0.4647156441454661,0.55,-0.06674618952948973,gaussian_noise|gaussian_noise,brightness_dark|brightness_dark
T013-S1,A,86,clean,clean,0.4647156441454661,0.55,-0.06674618952948973,gaussian_noise|gaussian_noise,brightness_dark|brightness_dark
T013-S1,A,86,gaussian_noise,gaussian_noise,0.4647156441454661,0.55,-0.06674618952948973,gaussian_noise|gaussian_noise,brightness_dark|brightness_dark
T013-S1,B,86,gaussian_noise,gaussian_noise,0.4647156441454661,0.55,-0.06674618952948973,gaussian_noise|gaussian_noise,brightness_dark|brightness_dark
T013-S2,A,86,clean,clean,0.4647156441454661,0.55,-0.06674618952948973,gaussian_noise|gaussian_noise,brightness_dark|brightness_dark
T013-S2,A,86,gaussian_noise,gaussian_noise,0.4647156441454661,0.55,-0.06674618952948973,gaussian_noise|gaussian_noise,brightness_dark|brightness_dark
T013-S2,B,86,gaussian_noise,gaussian_noise,0.4647156441454661,0.55,-0.06674618952948973,gaussian_noise|gaussian_noise,brightness_dark|brightness_dark
T013-S3,A,86,clean,clean,0.4647156441454661,0.55,-0.06674618952948973,gaussian_noise|gaussian_noise,brightness_dark|brightness_dark
T013-S3,A,86,gaussian_noise,gaussian_noise,0.4647156441454661,0.55,-0.06674618952948973,gaussian_noise|gaussian_noise,brightness_dark|brightness_dark
T013-S3,B,86,gaussian_noise,gaussian_noise,0.4647156441454661,0.55,-0.06674618952948973,gaussian_noise|gaussian_noise,brightness_dark|brightness_dark
T013-S0,B,98,gaussian_noise,gaussian_noise,0.34822537285722394,0.7,-0.06670203359858533,gaussian_noise|gaussian_noise,brightness_dark|brightness_dark
T013-S1,B,98,gaussian_noise,gaussian_noise,0.34822537285722394,0.7,-0.06670203359858533,gaussian_noise|gaussian_noise,brightness_dark|brightness_dark
T013-S2,B,98,gaussian_noise,gaussian_noise,0.34822537285722394,0.7,-0.06670203359858533,gaussian_noise|gaussian_noise,brightness_dark|brightness_dark
T013-S3,B,98,gaussian_noise,gaussian_noise,0.34822537285722394,0.7,-0.06670203359858533,gaussian_noise|gaussian_noise,brightness_dark|brightness_dark
T013-S0,B,5,gaussian_blur,gaussian_blur,0.3849866301909954,0.65,-0.06668810356856224,gaussian_blur|gaussian_blur,brightness_dark|gaussian_noise
T013-S3,B,12,gaussian_blur,gaussian_blur,0.18358022428449897,0.85,-0.06660735141145305,gaussian_noise|gaussian_blur,brightness_dark|brightness_dark
T013-S0,A,98,gaussian_noise,gaussian_noise,0.34822537285722394,0.7,-0.06658415540605093,gaussian_noise|gaussian_noise,brightness_dark|brightness_dark
T013-S1,A,98,gaussian_noise,gaussian_noise,0.34822537285722394,0.7,-0.06658415540605093,gaussian_noise|gaussian_noise,brightness_dark|brightness_dark
T013-S2,A,98,gaussian_noise,gaussian_noise,0.34822537285722394,0.7,-0.06658415540605093,gaussian_noise|gaussian_noise,brightness_dark|brightness_dark
T013-S3,A,98,gaussian_noise,gaussian_noise,0.34822537285722394,0.7,-0.06658415540605093,gaussian_noise|gaussian_noise,brightness_dark|brightness_dark
T013-S2,B,83,gaussian_blur,gaussian_blur,0.26616582133129196,0.8,-0.06654102718394492,gaussian_blur|gaussian_blur,gaussian_noise|clean
T013-S3,A,12,gaussian_blur,gaussian_blur,0.18358022428449897,0.85,-0.0665292346503302,gaussian_noise|gaussian_blur,brightness_dark|brightness_dark
T013-S3,B,83,gaussian_blur,gaussian_blur,0.26616582133129196,0.8,-0.06651453730484472,gaussian_blur|gaussian_blur,clean|gaussian_noise
T013-S3,B,84,contrast_low,contrast_low,0.45542455414570265,0.45,-0.0665034026359199,contrast_low|contrast_low,clean|clean
T013-S2,B,35,clean,clean,0.2988548895792612,0.55,-0.06648437534791961,clean|gaussian_blur,clean|clean
T013-S0,A,84,contrast_low,contrast_low,0.45542455414570265,0.45,-0.06642528587479705,contrast_low|contrast_low,clean|clean
T013-S1,A,84,contrast_low,contrast_low,0.45542455414570265,0.45,-0.06642528587479705,contrast_low|contrast_low,clean|clean
T013-S2,A,84,contrast_low,contrast_low,0.45542455414570265,0.45,-0.06642528587479705,contrast_low|contrast_low,clean|clean
T013-S3,A,84,contrast_low,contrast_low,0.45542455414570265,0.45,-0.06642528587479705,contrast_low|contrast_low,clean|clean
T013-S0,B,84,gaussian_blur,gaussian_blur,0.45542455414570265,0.45,-0.06615543516051337,clean|gaussian_blur,clean|clean
T013-S0,A,23,gaussian_blur,gaussian_blur,0.5374816209824899,0.5,-0.06611577130734408,gaussian_blur|gaussian_blur,gaussian_noise|gaussian_noise
T013-S0,B,23,gaussian_blur,gaussian_blur,0.5374816209824899,0.5,-0.06611577130734408,gaussian_blur|gaussian_blur,gaussian_noise|gaussian_noise
T013-S1,A,23,gaussian_blur,gaussian_blur,0.5374816209824899,0.5,-0.06611577130734408,gaussian_blur|gaussian_blur,gaussian_noise|gaussian_noise
T013-S1,B,23,gaussian_blur,gaussian_blur,0.5374816209824899,0.5,-0.06611577130734408,gaussian_blur|gaussian_blur,gaussian_noise|gaussian_noise
T013-S2,A,23,gaussian_blur,gaussian_blur,0.5374816209824899,0.5,-0.06611577130734408,gaussian_blur|gaussian_blur,gaussian_noise|gaussian_noise
T013-S2,B,23,gaussian_blur,gaussian_blur,0.5374816209824899,0.5,-0.06611577130734408,gaussian_blur|gaussian_blur,gaussian_noise|gaussian_noise
T013-S3,A,23,gaussian_blur,gaussian_blur,0.5374816209824899,0.5,-0.06611577130734408,gaussian_blur|gaussian_blur,gaussian_noise|gaussian_noise
T013-S3,B,23,gaussian_blur,gaussian_blur,0.5374816209824899,0.5,-0.06611577130734408,gaussian_blur|gaussian_blur,gaussian_noise|gaussian_noise
T013-S0,A,43,gaussian_blur,gaussian_blur,0.29228525323862886,0.6,-0.06606916748604695,gaussian_blur|gaussian_blur,gaussian_noise|gaussian_noise
T013-S1,A,43,gaussian_blur,gaussian_blur,0.29228525323862886,0.6,-0.06606916748604695,gaussian_blur|gaussian_blur,gaussian_noise|gaussian_noise
T013-S2,A,43,gaussian_blur,gaussian_blur,0.29228525323862886,0.6,-0.06606916748604695,gaussian_blur|gaussian_blur,gaussian_noise|gaussian_noise
T013-S3,A,43,gaussian_blur,gaussian_blur,0.29228525323862886,0.6,-0.06606916748604695,gaussian_blur|gaussian_blur,gaussian_noise|gaussian_noise
T013-S0,B,85,gaussian_blur,gaussian_blur,0.2811825026595474,0.65,-0.06282907662082515,gaussian_blur|gaussian_blur,brightness_dark|brightness_dark
T013-S1,B,85,gaussian_blur,gaussian_blur,0.2811825026595474,0.65,-0.06282907662082515,gaussian_blur|gaussian_blur,brightness_dark|brightness_dark
T013-S2,B,85,gaussian_blur,gaussian_blur,0.2811825026595474,0.65,-0.06282907662082515,gaussian_blur|gaussian_blur,brightness_dark|brightness_dark
T013-S3,B,85,gaussian_blur,gaussian_blur,0.2811825026595474,0.65,-0.06282907662082515,gaussian_blur|gaussian_blur,brightness_dark|brightness_dark
T013-S0,A,85,gaussian_blur,gaussian_blur,0.2811825026595474,0.65,-0.06271119842829076,gaussian_blur|gaussian_blur,brightness_dark|brightness_dark
T013-S1,A,85,gaussian_blur,gaussian_blur,0.2811825026595474,0.65,-0.06271119842829076,gaussian_blur|gaussian_blur,brightness_dark|brightness_dark
T013-S2,A,85,gaussian_blur,gaussian_blur,0.2811825026595474,0.65,-0.06271119842829076,gaussian_blur|gaussian_blur,brightness_dark|brightness_dark
T013-S3,A,85,gaussian_blur,gaussian_blur,0.2811825026595474,0.65,-0.06271119842829076,gaussian_blur|gaussian_blur,brightness_dark|brightness_dark
T013-S0,A,85,gaussian_noise,gaussian_noise,0.2811825026595474,0.65,-0.062475442043222,gaussian_noise|gaussian_noise,brightness_dark|brightness_dark
T013-S1,A,85,gaussian_noise,gaussian_noise,0.2811825026595474,0.65,-0.062475442043222,gaussian_noise|gaussian_noise,brightness_dark|brightness_dark
T013-S2,A,85,gaussian_noise,gaussian_noise,0.2811825026595474,0.65,-0.062475442043222,gaussian_noise|gaussian_noise,brightness_dark|brightness_dark
T013-S3,A,85,gaussian_noise,gaussian_noise,0.2811825026595474,0.65,-0.062475442043222,gaussian_noise|gaussian_noise,brightness_dark|brightness_dark
T013-S0,B,54,clean,clean,0.26616582133129196,0.8,-0.0605725653814859,gaussian_noise|gaussian_noise,brightness_dark|brightness_dark
T013-S1,B,54,clean,clean,0.26616582133129196,0.8,-0.0605725653814859,gaussian_noise|gaussian_noise,brightness_dark|brightness_dark
T013-S2,B,54,clean,clean,0.26616582133129196,0.8,-0.0605725653814859,gaussian_noise|gaussian_noise,brightness_dark|brightness_dark
T013-S3,B,54,clean,clean,0.26616582133129196,0.8,-0.0605725653814859,gaussian_noise|gaussian_noise,brightness_dark|brightness_dark
T013-S0,B,54,gaussian_blur,gaussian_blur,0.26616582133129196,0.8,-0.060559381883007274,gaussian_noise|gaussian_blur,brightness_dark|brightness_dark
T013-S0,B,72,gaussian_noise,gaussian_noise,0.46343299021718715,0.45,-0.060475425905301285,gaussian_noise|gaussian_noise,brightness_dark|brightness_dark
T013-S1,B,72,gaussian_noise,gaussian_noise,0.46343299021718715,0.45,-0.060475425905301285,gaussian_noise|gaussian_noise,brightness_dark|brightness_dark
T013-S2,B,72,gaussian_noise,gaussian_noise,0.46343299021718715,0.45,-0.060475425905301285,gaussian_noise|gaussian_noise,brightness_dark|brightness_dark
T013-S3,B,72,gaussian_noise,gaussian_noise,0.46343299021718715,0.45,-0.060475425905301285,gaussian_noise|gaussian_noise,brightness_dark|brightness_dark
T013-S1,A,21,gaussian_blur,gaussian_blur,-0.0,1.0,-0.06036694127564736,clean|gaussian_noise,brightness_dark|brightness_dark
T013-S0,A,15,contrast_low,contrast_low,-0.0,1.0,-0.06032171581769437,gaussian_blur|gaussian_blur,brightness_dark|brightness_dark
T013-S1,A,15,contrast_low,contrast_low,-0.0,1.0,-0.06032171581769437,gaussian_blur|gaussian_blur,brightness_dark|brightness_dark
T013-S2,A,15,contrast_low,contrast_low,-0.0,1.0,-0.06032171581769437,gaussian_blur|gaussian_blur,brightness_dark|brightness_dark
T013-S3,A,15,contrast_low,contrast_low,-0.0,1.0,-0.06032171581769437,gaussian_blur|gaussian_blur,brightness_dark|brightness_dark
T013-S0,B,64,gaussian_blur,gaussian_blur,0.4385343715564183,0.7,-0.0602886985651909,gaussian_blur|gaussian_blur,brightness_dark|brightness_dark
T013-S1,B,64,gaussian_blur,gaussian_blur,0.4385343715564183,0.7,-0.0602886985651909,gaussian_blur|gaussian_blur,brightness_dark|brightness_dark
T013-S2,B,64,gaussian_blur,gaussian_blur,0.4385343715564183,0.7,-0.0602886985651909,gaussian_blur|gaussian_blur,brightness_dark|brightness_dark
T013-S3,B,64,gaussian_blur,gaussian_blur,0.4385343715564183,0.7,-0.0602886985651909,gaussian_blur|gaussian_blur,brightness_dark|brightness_dark
T013-S1,B,13,gaussian_blur,gaussian_blur,0.3172903635978727,0.75,-0.06022296544035675,contrast_low|gaussian_blur,contrast_low|contrast_low
T013-S0,A,27,clean,clean,-0.0,1.0,-0.06020066889632107,gaussian_blur|gaussian_blur,contrast_low|contrast_low
T013-S0,B,27,clean,clean,-0.0,1.0,-0.06020066889632107,gaussian_blur|gaussian_blur,contrast_low|contrast_low
T013-S1,A,27,clean,clean,-0.0,1.0,-0.06020066889632107,gaussian_blur|gaussian_blur,contrast_low|contrast_low
T013-S1,A,27,gaussian_blur,gaussian_blur,-0.0,1.0,-0.06020066889632107,contrast_low|gaussian_blur,contrast_low|contrast_low
T013-S1,B,27,clean,clean,-0.0,1.0,-0.06020066889632107,gaussian_blur|gaussian_blur,contrast_low|contrast_low
T013-S2,A,27,clean,clean,-0.0,1.0,-0.06020066889632107,gaussian_blur|gaussian_blur,contrast_low|contrast_low
T013-S2,B,27,clean,clean,-0.0,1.0,-0.06020066889632107,gaussian_blur|gaussian_blur,contrast_low|contrast_low
T013-S3,A,27,clean,clean,-0.0,1.0,-0.06020066889632107,gaussian_blur|gaussian_blur,contrast_low|contrast_low
T013-S3,B,27,clean,clean,-0.0,1.0,-0.06020066889632107,gaussian_blur|gaussian_blur,contrast_low|contrast_low
T013-S0,B,98,gaussian_blur,gaussian_blur,0.34822537285722394,0.7,-0.06015324512445304,gaussian_blur|gaussian_blur,brightness_dark|brightness_dark
T013-S1,B,98,gaussian_blur,gaussian_blur,0.34822537285722394,0.7,-0.06015324512445304,gaussian_blur|gaussian_blur,brightness_dark|brightness_dark
T013-S2,B,98,gaussian_blur,gaussian_blur,0.34822537285722394,0.7,-0.06015324512445304,gaussian_blur|gaussian_blur,brightness_dark|brightness_dark
T013-S3,B,98,gaussian_blur,gaussian_blur,0.34822537285722394,0.7,-0.06015324512445304,gaussian_blur|gaussian_blur,brightness_dark|brightness_dark
T013-S0,B,86,clean,clean,0.4647156441454661,0.55,-0.06007952286282306,gaussian_noise|gaussian_noise,brightness_dark|brightness_dark
T013-S1,B,86,clean,clean,0.4647156441454661,0.55,-0.06007952286282306,gaussian_noise|gaussian_noise,brightness_dark|brightness_dark
T013-S2,B,86,clean,clean,0.4647156441454661,0.55,-0.06007952286282306,gaussian_noise|gaussian_noise,brightness_dark|brightness_dark
T013-S3,B,86,clean,clean,0.4647156441454661,0.55,-0.06007952286282306,gaussian_noise|gaussian_noise,brightness_dark|brightness_dark
T013-S0,B,89,gaussian_noise,gaussian_noise,0.2652949955741215,0.7,-0.060038408555233805,gaussian_noise|gaussian_noise,brightness_dark|brightness_dark
T013-S1,B,89,gaussian_noise,gaussian_noise,0.2652949955741215,0.7,-0.060038408555233805,gaussian_noise|gaussian_noise,brightness_dark|brightness_dark
T013-S2,B,89,gaussian_noise,gaussian_noise,0.2652949955741215,0.7,-0.060038408555233805,gaussian_noise|gaussian_noise,brightness_dark|brightness_dark
T013-S3,B,89,gaussian_noise,gaussian_noise,0.2652949955741215,0.7,-0.060038408555233805,gaussian_noise|gaussian_noise,brightness_dark|brightness_dark
T013-S0,A,4,contrast_low,contrast_low,0.3670280240301799,0.55,-0.06001775410563693,contrast_low|contrast_low,brightness_dark|brightness_dark
T013-S0,B,4,contrast_low,contrast_low,0.3670280240301799,0.55,-0.06001775410563693,contrast_low|contrast_low,brightness_dark|brightness_dark
T013-S1,A,4,contrast_low,contrast_low,0.3670280240301799,0.55,-0.06001775410563693,contrast_low|contrast_low,brightness_dark|brightness_dark
T013-S1,B,4,contrast_low,contrast_low,0.3670280240301799,0.55,-0.06001775410563693,contrast_low|contrast_low,brightness_dark|brightness_dark
T013-S2,A,4,contrast_low,contrast_low,0.3670280240301799,0.55,-0.06001775410563693,contrast_low|contrast_low,brightness_dark|brightness_dark
T013-S2,B,4,contrast_low,contrast_low,0.3670280240301799,0.55,-0.06001775410563693,contrast_low|contrast_low,brightness_dark|brightness_dark
T013-S3,A,4,contrast_low,contrast_low,0.3670280240301799,0.55,-0.06001775410563693,contrast_low|contrast_low,brightness_dark|brightness_dark
T013-S3,B,4,contrast_low,contrast_low,0.3670280240301799,0.55,-0.06001775410563693,contrast_low|contrast_low,brightness_dark|brightness_dark
T013-S0,A,89,gaussian_noise,gaussian_noise,0.2652949955741215,0.7,-0.06000304162331515,gaussian_noise|gaussian_noise,brightness_dark|brightness_dark
T013-S1,A,89,gaussian_noise,gaussian_noise,0.2652949955741215,0.7,-0.06000304162331515,gaussian_noise|gaussian_noise,brightness_dark|brightness_dark
T013-S2,A,89,gaussian_noise,gaussian_noise,0.2652949955741215,0.7,-0.06000304162331515,gaussian_noise|gaussian_noise,brightness_dark|brightness_dark
T013-S3,A,89,gaussian_noise,gaussian_noise,0.2652949955741215,0.7,-0.06000304162331515,gaussian_noise|gaussian_noise,brightness_dark|brightness_dark
T013-S3,A,31,clean,clean,-0.0,1.0,-0.059889222146040755,clean|gaussian_noise,gaussian_noise|gaussian_noise
T013-S2,A,35,clean,clean,0.2988548895792612,0.55,-0.0598265857340714,clean|gaussian_blur,clean|clean
T013-S0,B,24,gaussian_blur,gaussian_blur,0.26616582133129196,0.8,-0.05971860414534745,gaussian_blur|gaussian_blur,brightness_dark|brightness_dark
T013-S2,B,24,gaussian_blur,gaussian_blur,0.26616582133129196,0.8,-0.05971860414534745,gaussian_blur|gaussian_blur,brightness_dark|brightness_dark
T013-S3,B,24,gaussian_blur,gaussian_blur,0.26616582133129196,0.8,-0.05971860414534745,gaussian_blur|gaussian_blur,brightness_dark|brightness_dark
T013-S3,A,97,gaussian_blur,gaussian_blur,0.29854955310662773,0.75,-0.05964214711729622,gaussian_noise|gaussian_blur,gaussian_noise|gaussian_noise
T013-S3,B,24,clean,clean,0.26616582133129196,0.8,-0.05963609288473172,clean|gaussian_blur,brightness_dark|brightness_dark
T013-S3,B,43,contrast_low,contrast_low,0.29228525323862886,0.6,-0.0595789682174765,contrast_low|contrast_low,gaussian_noise|brightness_dark
T013-S0,B,69,gaussian_noise,gaussian_noise,0.3239978696052099,0.7,-0.059529668042404456,gaussian_noise|gaussian_noise,brightness_dark|brightness_dark
T013-S1,B,69,gaussian_noise,gaussian_noise,0.3239978696052099,0.7,-0.059529668042404456,gaussian_noise|gaussian_noise,brightness_dark|brightness_dark
T013-S2,B,69,gaussian_noise,gaussian_noise,0.3239978696052099,0.7,-0.059529668042404456,gaussian_noise|gaussian_noise,brightness_dark|brightness_dark
T013-S3,B,69,gaussian_noise,gaussian_noise,0.3239978696052099,0.7,-0.059529668042404456,gaussian_noise|gaussian_noise,brightness_dark|brightness_dark
T013-S0,A,84,gaussian_blur,gaussian_blur,0.45542455414570265,0.45,-0.05952852992525823,clean|gaussian_blur,clean|clean
T013-S0,B,32,gaussian_blur,gaussian_blur,0.6385229941014448,0.35,-0.05950256676892411,gaussian_blur|gaussian_blur,gaussian_noise|gaussian_noise
T013-S1,B,32,gaussian_blur,gaussian_blur,0.6385229941014448,0.35,-0.05950256676892411,gaussian_blur|gaussian_blur,gaussian_noise|gaussian_noise
T013-S2,B,32,gaussian_blur,gaussian_blur,0.6385229941014448,0.35,-0.05950256676892411,gaussian_blur|gaussian_blur,gaussian_noise|gaussian_noise
T013-S3,B,32,gaussian_blur,gaussian_blur,0.6385229941014448,0.35,-0.05950256676892411,gaussian_blur|gaussian_blur,gaussian_noise|gaussian_noise
T013-S0,B,43,gaussian_blur,gaussian_blur,0.29228525323862886,0.6,-0.05947286141744537,gaussian_blur|gaussian_blur,gaussian_noise|gaussian_noise
T013-S1,B,43,gaussian_blur,gaussian_blur,0.29228525323862886,0.6,-0.05947286141744537,gaussian_blur|gaussian_blur,gaussian_noise|gaussian_noise
T013-S2,B,43,gaussian_blur,gaussian_blur,0.29228525323862886,0.6,-0.05947286141744537,gaussian_blur|gaussian_blur,gaussian_noise|gaussian_noise
T013-S3,B,43,gaussian_blur,gaussian_blur,0.29228525323862886,0.6,-0.05947286141744537,gaussian_blur|gaussian_blur,gaussian_noise|gaussian_noise
T013-S3,A,26,contrast_low,contrast_low,0.08621407475879368,0.95,-0.05865874679405046,gaussian_blur|contrast_low,gaussian_blur|gaussian_blur
T013-S0,A,85,clean,clean,0.2811825026595474,0.65,-0.056280288146692864,clean|clean,brightness_dark|brightness_dark
T013-S1,A,85,clean,clean,0.2811825026595474,0.65,-0.056280288146692864,clean|clean,brightness_dark|brightness_dark
T013-S2,A,85,clean,clean,0.2811825026595474,0.65,-0.056280288146692864,clean|clean,brightness_dark|brightness_dark
T013-S3,A,85,clean,clean,0.2811825026595474,0.65,-0.056280288146692864,clean|clean,brightness_dark|brightness_dark
T013-S0,B,75,brightness_dark,brightness_dark,0.44717262228329563,0.5,-0.05417570983343853,brightness_dark|brightness_dark,contrast_low|contrast_low
T013-S1,B,75,brightness_dark,brightness_dark,0.44717262228329563,0.5,-0.05417570983343853,brightness_dark|brightness_dark,contrast_low|contrast_low
T013-S2,B,75,brightness_dark,brightness_dark,0.44717262228329563,0.5,-0.05417570983343853,brightness_dark|brightness_dark,contrast_low|contrast_low
T013-S3,B,75,brightness_dark,brightness_dark,0.44717262228329563,0.5,-0.05417570983343853,brightness_dark|brightness_dark,contrast_low|contrast_low
T013-S0,A,72,gaussian_noise,gaussian_noise,0.46343299021718715,0.45,-0.053756152746206466,gaussian_noise|gaussian_noise,brightness_dark|brightness_dark
T013-S1,A,72,gaussian_noise,gaussian_noise,0.46343299021718715,0.45,-0.053756152746206466,gaussian_noise|gaussian_noise,brightness_dark|brightness_dark
T013-S2,A,72,gaussian_noise,gaussian_noise,0.46343299021718715,0.45,-0.053756152746206466,gaussian_noise|gaussian_noise,brightness_dark|brightness_dark
T013-S3,A,72,gaussian_noise,gaussian_noise,0.46343299021718715,0.45,-0.053756152746206466,gaussian_noise|gaussian_noise,brightness_dark|brightness_dark
T013-S0,A,72,clean,clean,0.46343299021718715,0.45,-0.05372952158775107,clean|clean,brightness_dark|brightness_dark
T013-S1,A,72,clean,clean,0.46343299021718715,0.45,-0.05372952158775107,clean|clean,brightness_dark|brightness_dark
T013-S2,A,72,clean,clean,0.46343299021718715,0.45,-0.05372952158775107,clean|clean,brightness_dark|brightness_dark
T013-S3,A,72,clean,clean,0.46343299021718715,0.45,-0.05372952158775107,clean|clean,brightness_dark|brightness_dark
T013-S0,A,15,gaussian_blur,contrast_low,-0.0,1.0,-0.05361930294906166,contrast_low|contrast_low,brightness_dark|brightness_dark
T013-S0,B,15,gaussian_blur,contrast_low,-0.0,1.0,-0.05361930294906166,contrast_low|contrast_low,brightness_dark|brightness_dark
T013-S0,B,21,gaussian_blur,gaussian_blur,-0.0,1.0,-0.05361930294906166,gaussian_noise|gaussian_noise,brightness_dark|brightness_dark
T013-S1,A,15,gaussian_blur,contrast_low,-0.0,1.0,-0.05361930294906166,contrast_low|contrast_low,brightness_dark|brightness_dark
T013-S1,B,15,gaussian_blur,contrast_low,-0.0,1.0,-0.05361930294906166,contrast_low|contrast_low,brightness_dark|brightness_dark
T013-S1,B,21,gaussian_blur,gaussian_blur,-0.0,1.0,-0.05361930294906166,gaussian_noise|gaussian_noise,brightness_dark|brightness_dark
T013-S2,A,15,gaussian_blur,contrast_low,-0.0,1.0,-0.05361930294906166,contrast_low|contrast_low,brightness_dark|brightness_dark
T013-S2,B,15,gaussian_blur,contrast_low,-0.0,1.0,-0.05361930294906166,contrast_low|contrast_low,brightness_dark|brightness_dark
T013-S3,A,15,gaussian_blur,contrast_low,-0.0,1.0,-0.05361930294906166,contrast_low|contrast_low,brightness_dark|brightness_dark
T013-S3,B,15,gaussian_blur,contrast_low,-0.0,1.0,-0.05361930294906166,contrast_low|contrast_low,brightness_dark|brightness_dark
T013-S3,B,21,gaussian_blur,gaussian_blur,-0.0,1.0,-0.05361930294906166,gaussian_noise|gaussian_noise,brightness_dark|brightness_dark
T013-S2,A,93,gaussian_blur,gaussian_blur,-0.0,1.0,-0.053526645806960906,clean|clean,gaussian_noise|brightness_dark
T013-S0,B,93,gaussian_blur,gaussian_blur,-0.0,1.0,-0.05351319614903054,clean|gaussian_blur,brightness_dark|brightness_dark
T013-S1,B,93,gaussian_blur,gaussian_blur,-0.0,1.0,-0.05351319614903054,clean|clean,brightness_dark|brightness_dark
T013-S1,A,68,gaussian_blur,gaussian_blur,0.45542455414570265,0.45,-0.05351170568561873,contrast_low|gaussian_blur,contrast_low|contrast_low
T013-S0,A,98,gaussian_blur,gaussian_blur,0.34822537285722394,0.7,-0.05348657845778637,gaussian_blur|gaussian_blur,brightness_dark|brightness_dark
T013-S1,A,98,gaussian_blur,gaussian_blur,0.34822537285722394,0.7,-0.05348657845778637,gaussian_blur|gaussian_blur,brightness_dark|brightness_dark
T013-S2,A,98,gaussian_blur,gaussian_blur,0.34822537285722394,0.7,-0.05348657845778637,gaussian_blur|gaussian_blur,brightness_dark|brightness_dark
T013-S3,A,98,gaussian_blur,gaussian_blur,0.34822537285722394,0.7,-0.05348657845778637,gaussian_blur|gaussian_blur,brightness_dark|brightness_dark
T013-S0,B,64,gaussian_noise,gaussian_noise,0.4385343715564183,0.7,-0.05337911691876715,gaussian_noise|gaussian_noise,brightness_dark|brightness_dark
T013-S1,B,64,gaussian_noise,gaussian_noise,0.4385343715564183,0.7,-0.05337911691876715,gaussian_noise|gaussian_noise,brightness_dark|brightness_dark
T013-S2,B,64,gaussian_noise,gaussian_noise,0.4385343715564183,0.7,-0.05337911691876715,gaussian_noise|gaussian_noise,brightness_dark|brightness_dark
T013-S3,B,64,gaussian_noise,gaussian_noise,0.4385343715564183,0.7,-0.05337911691876715,gaussian_noise|gaussian_noise,brightness_dark|brightness_dark
T013-S0,B,53,clean,clean,0.2652949955741215,0.7,-0.053338715257755735,clean|clean,gaussian_blur|gaussian_blur
T013-S0,A,37,brightness_dark,brightness_dark,0.34352144154944414,0.65,-0.053249592165409636,brightness_dark|brightness_dark,gaussian_noise|gaussian_noise
T013-S1,A,37,brightness_dark,brightness_dark,0.34352144154944414,0.65,-0.053249592165409636,brightness_dark|brightness_dark,gaussian_noise|gaussian_noise
T013-S2,A,37,brightness_dark,brightness_dark,0.34352144154944414,0.65,-0.053249592165409636,brightness_dark|brightness_dark,gaussian_noise|gaussian_noise
T013-S3,A,37,brightness_dark,brightness_dark,0.34352144154944414,0.65,-0.053249592165409636,brightness_dark|brightness_dark,gaussian_noise|gaussian_noise
T013-S0,A,37,contrast_low,contrast_low,0.34352144154944414,0.65,-0.05317147540428679,contrast_low|contrast_low,gaussian_noise|gaussian_noise
T013-S1,A,37,contrast_low,contrast_low,0.34352144154944414,0.65,-0.05317147540428679,contrast_low|contrast_low,gaussian_noise|gaussian_noise
T013-S2,A,37,contrast_low,contrast_low,0.34352144154944414,0.65,-0.05317147540428679,contrast_low|contrast_low,gaussian_noise|gaussian_noise
T013-S3,A,37,contrast_low,contrast_low,0.34352144154944414,0.65,-0.05317147540428679,contrast_low|contrast_low,gaussian_noise|gaussian_noise
T013-S3,A,35,clean,clean,0.2988548895792612,0.55,-0.053168796120223204,clean|gaussian_blur,clean|clean
T013-S0,B,37,gaussian_blur,gaussian_blur,0.34352144154944414,0.65,-0.053124243021757,gaussian_blur|gaussian_blur,gaussian_noise|gaussian_noise
T013-S1,B,37,gaussian_blur,gaussian_blur,0.34352144154944414,0.65,-0.053124243021757,gaussian_blur|gaussian_blur,gaussian_noise|gaussian_noise
T013-S2,B,37,gaussian_blur,gaussian_blur,0.34352144154944414,0.65,-0.053124243021757,gaussian_blur|gaussian_blur,gaussian_noise|gaussian_noise
T013-S3,B,37,gaussian_blur,gaussian_blur,0.34352144154944414,0.65,-0.053124243021757,gaussian_blur|gaussian_blur,gaussian_noise|gaussian_noise
T013-S1,B,24,clean,clean,0.26616582133129196,0.8,-0.05308730441059944,gaussian_blur|clean,brightness_dark|brightness_dark
T013-S0,A,35,clean,clean,0.2988548895792612,0.55,-0.05307527532966079,gaussian_blur|gaussian_blur,clean|clean
T013-S0,A,45,contrast_low,contrast_low,0.3076310099728432,0.8,-0.053015241882041084,contrast_low|contrast_low,gaussian_noise|gaussian_noise
T013-S1,A,45,contrast_low,contrast_low,0.3076310099728432,0.8,-0.053015241882041084,contrast_low|contrast_low,gaussian_noise|gaussian_noise
T013-S2,A,45,contrast_low,contrast_low,0.3076310099728432,0.8,-0.053015241882041084,contrast_low|contrast_low,gaussian_noise|gaussian_noise
T013-S3,A,45,contrast_low,contrast_low,0.3076310099728432,0.8,-0.053015241882041084,contrast_low|contrast_low,gaussian_noise|gaussian_noise
T013-S0,A,69,gaussian_noise,gaussian_noise,0.3239978696052099,0.7,-0.05301470689949413,gaussian_noise|gaussian_noise,brightness_dark|brightness_dark
T013-S1,A,69,gaussian_noise,gaussian_noise,0.3239978696052099,0.7,-0.05301470689949413,gaussian_noise|gaussian_noise,brightness_dark|brightness_dark
T013-S2,A,69,gaussian_noise,gaussian_noise,0.3239978696052099,0.7,-0.05301470689949413,gaussian_noise|gaussian_noise,brightness_dark|brightness_dark
T013-S3,A,69,gaussian_noise,gaussian_noise,0.3239978696052099,0.7,-0.05301470689949413,gaussian_noise|gaussian_noise,brightness_dark|brightness_dark
T013-S0,A,79,brightness_dark,brightness_dark,0.26616582133129196,0.8,-0.052953183906593884,brightness_dark|brightness_dark,gaussian_noise|gaussian_noise
T013-S0,B,79,brightness_dark,brightness_dark,0.26616582133129196,0.8,-0.052953183906593884,brightness_dark|brightness_dark,gaussian_noise|gaussian_noise
T013-S1,A,79,brightness_dark,brightness_dark,0.26616582133129196,0.8,-0.052953183906593884,brightness_dark|brightness_dark,gaussian_noise|gaussian_noise
T013-S1,B,79,brightness_dark,brightness_dark,0.26616582133129196,0.8,-0.052953183906593884,brightness_dark|brightness_dark,gaussian_noise|gaussian_noise
T013-S2,A,79,brightness_dark,brightness_dark,0.26616582133129196,0.8,-0.052953183906593884,brightness_dark|brightness_dark,gaussian_noise|gaussian_noise
T013-S2,B,79,brightness_dark,brightness_dark,0.26616582133129196,0.8,-0.052953183906593884,brightness_dark|brightness_dark,gaussian_noise|gaussian_noise
T013-S3,A,79,brightness_dark,brightness_dark,0.26616582133129196,0.8,-0.052953183906593884,brightness_dark|brightness_dark,gaussian_noise|gaussian_noise
T013-S3,B,79,brightness_dark,brightness_dark,0.26616582133129196,0.8,-0.052953183906593884,brightness_dark|brightness_dark,gaussian_noise|gaussian_noise
T013-S0,A,9,gaussian_blur,gaussian_blur,0.2652949955741215,0.7,-0.05295013371926629,gaussian_blur|gaussian_blur,brightness_dark|brightness_dark
T013-S1,A,9,gaussian_blur,gaussian_blur,0.2652949955741215,0.7,-0.05295013371926629,gaussian_blur|gaussian_blur,brightness_dark|brightness_dark
T013-S2,A,9,gaussian_blur,gaussian_blur,0.2652949955741215,0.7,-0.05295013371926629,gaussian_blur|gaussian_blur,brightness_dark|brightness_dark
T013-S3,A,9,gaussian_blur,gaussian_blur,0.2652949955741215,0.7,-0.05295013371926629,gaussian_blur|gaussian_blur,brightness_dark|brightness_dark
T013-S0,B,0,gaussian_blur,gaussian_blur,0.22504541292605024,0.85,-0.052754112591580894,gaussian_blur|gaussian_blur,brightness_dark|contrast_low
T013-S0,B,22,brightness_dark,brightness_dark,0.29228525323862886,0.6,-0.052518778078463446,brightness_dark|brightness_dark,gaussian_blur|gaussian_blur
T013-S1,B,22,brightness_dark,brightness_dark,0.29228525323862886,0.6,-0.052518778078463446,brightness_dark|brightness_dark,gaussian_blur|gaussian_blur
T013-S2,B,22,brightness_dark,brightness_dark,0.29228525323862886,0.6,-0.052518778078463446,brightness_dark|brightness_dark,gaussian_blur|gaussian_blur
T013-S3,B,22,brightness_dark,brightness_dark,0.29228525323862886,0.6,-0.052518778078463446,brightness_dark|brightness_dark,gaussian_blur|gaussian_blur
T013-S0,A,22,brightness_dark,brightness_dark,0.29228525323862886,0.6,-0.05239466212756903,brightness_dark|brightness_dark,gaussian_blur|gaussian_blur
T013-S1,A,22,brightness_dark,brightness_dark,0.29228525323862886,0.6,-0.05239466212756903,brightness_dark|brightness_dark,gaussian_blur|gaussian_blur
T013-S2,A,22,brightness_dark,brightness_dark,0.29228525323862886,0.6,-0.05239466212756903,brightness_dark|brightness_dark,gaussian_blur|gaussian_blur
T013-S3,A,22,brightness_dark,brightness_dark,0.29228525323862886,0.6,-0.05239466212756903,brightness_dark|brightness_dark,gaussian_blur|gaussian_blur
T013-S0,A,26,gaussian_noise,gaussian_noise,0.08621407475879368,0.95,-0.05239030779305828,gaussian_noise|gaussian_noise,clean|clean
T013-S1,A,26,gaussian_noise,gaussian_noise,0.08621407475879368,0.95,-0.05239030779305828,gaussian_noise|gaussian_noise,clean|clean
T013-S2,A,26,gaussian_noise,gaussian_noise,0.08621407475879368,0.95,-0.05239030779305828,gaussian_noise|gaussian_noise,clean|clean
T013-S3,A,26,gaussian_noise,gaussian_noise,0.08621407475879368,0.95,-0.05239030779305828,gaussian_noise|gaussian_noise,clean|clean
T013-S0,A,33,gaussian_blur,gaussian_blur,0.18358022428449897,0.85,-0.04738480054408398,gaussian_blur|gaussian_blur,brightness_dark|contrast_low
T013-S0,A,49,gaussian_noise,gaussian_noise,0.18358022428449897,0.85,-0.0470574429384498,gaussian_noise|gaussian_noise,gaussian_noise|clean
T013-S2,B,92,brightness_dark,brightness_dark,0.3239978696052098,0.7,-0.04691259118765388,brightness_dark|brightness_dark,brightness_dark|contrast_low
T013-S0,B,90,contrast_low,contrast_low,0.5365043035268443,0.45,-0.046832249226605734,contrast_low|contrast_low,brightness_dark|brightness_dark
T013-S1,B,90,contrast_low,contrast_low,0.5365043035268443,0.45,-0.046832249226605734,contrast_low|contrast_low,brightness_dark|brightness_dark
T013-S2,B,90,contrast_low,contrast_low,0.5365043035268443,0.45,-0.046832249226605734,contrast_low|contrast_low,brightness_dark|brightness_dark
T013-S3,B,90,contrast_low,contrast_low,0.5365043035268443,0.45,-0.046832249226605734,contrast_low|contrast_low,brightness_dark|brightness_dark
T013-S0,A,93,gaussian_blur,gaussian_blur,-0.0,1.0,-0.04681078328039783,clean|clean,brightness_dark|brightness_dark
T013-S1,A,93,gaussian_blur,gaussian_blur,-0.0,1.0,-0.04681078328039783,clean|clean,brightness_dark|brightness_dark
T013-S3,A,93,gaussian_blur,gaussian_blur,-0.0,1.0,-0.04681078328039783,clean|clean,brightness_dark|brightness_dark
T013-S0,A,64,clean,clean,0.4385343715564183,0.7,-0.04672132730491895,gaussian_noise|gaussian_noise,brightness_dark|brightness_dark
T013-S1,A,64,clean,clean,0.4385343715564183,0.7,-0.04672132730491895,gaussian_noise|gaussian_noise,brightness_dark|brightness_dark
T013-S2,A,64,clean,clean,0.4385343715564183,0.7,-0.04672132730491895,gaussian_noise|gaussian_noise,brightness_dark|brightness_dark
T013-S3,A,64,clean,clean,0.4385343715564183,0.7,-0.04672132730491895,gaussian_noise|gaussian_noise,brightness_dark|brightness_dark
T013-S0,B,37,brightness_dark,brightness_dark,0.34352144154944414,0.65,-0.046700803691277354,brightness_dark|brightness_dark,gaussian_noise|gaussian_noise
T013-S1,B,37,brightness_dark,brightness_dark,0.34352144154944414,0.65,-0.046700803691277354,brightness_dark|brightness_dark,gaussian_noise|gaussian_noise
T013-S2,B,37,brightness_dark,brightness_dark,0.34352144154944414,0.65,-0.046700803691277354,brightness_dark|brightness_dark,gaussian_noise|gaussian_noise
T013-S3,B,37,brightness_dark,brightness_dark,0.34352144154944414,0.65,-0.046700803691277354,brightness_dark|brightness_dark,gaussian_noise|gaussian_noise
T013-S0,A,48,gaussian_blur,gaussian_blur,0.4072105587434522,0.6,-0.04666743121103659,gaussian_blur|gaussian_blur,brightness_dark|brightness_dark
T013-S0,B,48,gaussian_blur,gaussian_blur,0.4072105587434522,0.6,-0.04666743121103659,gaussian_blur|gaussian_blur,brightness_dark|brightness_dark
T013-S1,A,48,gaussian_blur,gaussian_blur,0.4072105587434522,0.6,-0.04666743121103659,gaussian_blur|gaussian_blur,brightness_dark|brightness_dark
T013-S1,B,48,gaussian_blur,gaussian_blur,0.4072105587434522,0.6,-0.04666743121103659,gaussian_blur|gaussian_blur,brightness_dark|brightness_dark
T013-S2,A,48,gaussian_blur,gaussian_blur,0.4072105587434522,0.6,-0.04666743121103659,gaussian_blur|gaussian_blur,brightness_dark|brightness_dark
T013-S2,B,48,gaussian_blur,gaussian_blur,0.4072105587434522,0.6,-0.04666743121103659,gaussian_blur|gaussian_blur,brightness_dark|brightness_dark
T013-S3,A,48,gaussian_blur,gaussian_blur,0.4072105587434522,0.6,-0.04666743121103659,gaussian_blur|gaussian_blur,brightness_dark|brightness_dark
T013-S3,B,48,gaussian_blur,gaussian_blur,0.4072105587434522,0.6,-0.04666743121103659,gaussian_blur|gaussian_blur,brightness_dark|brightness_dark
T013-S1,A,31,clean,clean,-0.0,1.0,-0.04660452729693742,clean|gaussian_noise,gaussian_noise|gaussian_noise
T013-S1,B,31,clean,clean,-0.0,1.0,-0.04660452729693742,clean|gaussian_noise,gaussian_noise|gaussian_noise
T013-S1,B,43,contrast_low,contrast_low,0.29228525323862886,0.6,-0.04659856968033558,contrast_low|contrast_low,brightness_dark|brightness_dark
T013-S0,A,37,gaussian_blur,gaussian_blur,0.34352144154944414,0.65,-0.04657545454762472,gaussian_blur|gaussian_blur,gaussian_noise|gaussian_noise
T013-S1,A,37,gaussian_blur,gaussian_blur,0.34352144154944414,0.65,-0.04657545454762472,gaussian_blur|gaussian_blur,gaussian_noise|gaussian_noise
T013-S2,A,37,gaussian_blur,gaussian_blur,0.34352144154944414,0.65,-0.04657545454762472,gaussian_blur|gaussian_blur,gaussian_noise|gaussian_noise
T013-S3,A,37,gaussian_blur,gaussian_blur,0.34352144154944414,0.65,-0.04657545454762472,gaussian_blur|gaussian_blur,gaussian_noise|gaussian_noise
T013-S0,A,75,gaussian_blur,gaussian_blur,0.44717262228329563,0.5,-0.046495384869282216,gaussian_blur|gaussian_blur,contrast_low|contrast_low
T013-S1,A,75,gaussian_blur,gaussian_blur,0.44717262228329563,0.5,-0.046495384869282216,gaussian_blur|gaussian_blur,contrast_low|contrast_low
T013-S2,A,75,gaussian_blur,gaussian_blur,0.44717262228329563,0.5,-0.046495384869282216,gaussian_blur|gaussian_blur,contrast_low|contrast_low
T013-S3,A,75,gaussian_blur,gaussian_blur,0.44717262228329563,0.5,-0.046495384869282216,gaussian_blur|gaussian_blur,contrast_low|contrast_low
T013-S1,A,24,clean,clean,0.26616582133129196,0.8,-0.046456004675851426,gaussian_blur|clean,brightness_dark|brightness_dark
T013-S0,A,24,gaussian_noise,gaussian_noise,0.26616582133129196,0.8,-0.04640886034715436,clean|clean,brightness_dark|brightness_dark
T013-S0,B,24,gaussian_noise,gaussian_noise,0.26616582133129196,0.8,-0.04640886034715436,clean|clean,brightness_dark|brightness_dark
T013-S1,A,24,gaussian_noise,gaussian_noise,0.26616582133129196,0.8,-0.04640886034715436,clean|clean,brightness_dark|brightness_dark
T013-S1,B,24,gaussian_noise,gaussian_noise,0.26616582133129196,0.8,-0.04640886034715436,clean|clean,brightness_dark|brightness_dark
T013-S2,A,24,gaussian_noise,gaussian_noise,0.26616582133129196,0.8,-0.04640886034715436,clean|clean,brightness_dark|brightness_dark
T013-S2,B,24,gaussian_noise,gaussian_noise,0.26616582133129196,0.8,-0.04640886034715436,clean|clean,brightness_dark|brightness_dark
T013-S3,A,24,gaussian_noise,gaussian_noise,0.26616582133129196,0.8,-0.04640886034715436,clean|clean,brightness_dark|brightness_dark
T013-S3,B,24,gaussian_noise,gaussian_noise,0.26616582133129196,0.8,-0.04640886034715436,clean|clean,brightness_dark|brightness_dark
T013-S0,A,39,gaussian_blur,gaussian_blur,-0.0,1.0,-0.04638833664678595,clean|gaussian_noise,gaussian_noise|gaussian_noise
T013-S0,B,45,contrast_low,contrast_low,0.3076310099728432,0.8,-0.04638833664678595,contrast_low|contrast_low,gaussian_noise|gaussian_noise
T013-S1,B,45,contrast_low,contrast_low,0.3076310099728432,0.8,-0.04638833664678595,contrast_low|contrast_low,gaussian_noise|gaussian_noise
T013-S2,A,14,gaussian_blur,gaussian_blur,0.08621407475879368,0.95,-0.04638833664678595,clean|clean,gaussian_noise|gaussian_noise
T013-S2,B,45,contrast_low,contrast_low,0.3076310099728432,0.8,-0.04638833664678595,contrast_low|contrast_low,gaussian_noise|gaussian_noise
T013-S3,B,45,contrast_low,contrast_low,0.3076310099728432,0.8,-0.04638833664678595,contrast_low|contrast_low,gaussian_noise|gaussian_noise
T013-S2,B,0,gaussian_blur,gaussian_blur,0.22504541292605024,0.85,-0.046353466760650205,gaussian_blur|gaussian_blur,contrast_low|brightness_dark
T013-S0,B,9,gaussian_blur,gaussian_blur,0.2652949955741215,0.7,-0.046318833984518276,gaussian_blur|gaussian_blur,brightness_dark|brightness_dark
T013-S1,B,9,gaussian_blur,gaussian_blur,0.2652949955741215,0.7,-0.046318833984518276,gaussian_blur|gaussian_blur,brightness_dark|brightness_dark
T013-S2,B,9,gaussian_blur,gaussian_blur,0.2652949955741215,0.7,-0.046318833984518276,gaussian_blur|gaussian_blur,brightness_dark|brightness_dark
T013-S3,B,9,gaussian_blur,gaussian_blur,0.2652949955741215,0.7,-0.046318833984518276,gaussian_blur|gaussian_blur,brightness_dark|brightness_dark
T013-S0,A,24,gaussian_blur,gaussian_blur,0.26616582133129196,0.8,-0.04631582993928137,gaussian_blur|contrast_low,brightness_dark|brightness_dark
T013-S0,B,24,clean,clean,0.26616582133129196,0.8,-0.04631582993928137,gaussian_blur|gaussian_blur,brightness_dark|brightness_dark
T013-S2,A,24,gaussian_blur,gaussian_blur,0.26616582133129196,0.8,-0.04631582993928137,gaussian_blur|contrast_low,brightness_dark|brightness_dark
T013-S2,B,24,clean,clean,0.26616582133129196,0.8,-0.04631582993928137,clean|gaussian_blur,brightness_dark|brightness_dark
T013-S0,B,67,gaussian_blur,gaussian_blur,0.5362838323534155,0.55,-0.046280776440623284,gaussian_blur|gaussian_blur,brightness_dark|brightness_dark
T013-S1,B,67,gaussian_blur,gaussian_blur,0.5362838323534155,0.55,-0.046280776440623284,gaussian_blur|gaussian_blur,brightness_dark|brightness_dark
T013-S2,B,67,gaussian_blur,gaussian_blur,0.5362838323534155,0.55,-0.046280776440623284,gaussian_blur|gaussian_blur,brightness_dark|brightness_dark
T013-S3,B,67,gaussian_blur,gaussian_blur,0.5362838323534155,0.55,-0.046280776440623284,gaussian_blur|gaussian_blur,brightness_dark|brightness_dark
T013-S1,B,84,gaussian_blur,gaussian_blur,0.45542455414570265,0.45,-0.04623210312454025,clean|gaussian_blur,clean|clean
T013-S0,A,3,gaussian_blur,gaussian_blur,-0.0,1.0,-0.04617414248021108,gaussian_blur|gaussian_blur,gaussian_noise|gaussian_noise
T013-S0,B,3,contrast_low,contrast_low,-0.0,1.0,-0.04617414248021108,contrast_low|contrast_low,gaussian_noise|gaussian_noise
T013-S0,B,3,gaussian_blur,gaussian_blur,-0.0,1.0,-0.04617414248021108,gaussian_blur|gaussian_blur,gaussian_noise|gaussian_noise
T013-S1,A,3,gaussian_blur,gaussian_blur,-0.0,1.0,-0.04617414248021108,gaussian_blur|gaussian_blur,gaussian_noise|gaussian_noise
T013-S1,B,3,contrast_low,contrast_low,-0.0,1.0,-0.04617414248021108,contrast_low|contrast_low,gaussian_noise|gaussian_noise
T013-S1,B,3,gaussian_blur,gaussian_blur,-0.0,1.0,-0.04617414248021108,gaussian_blur|gaussian_blur,gaussian_noise|gaussian_noise
T013-S2,A,3,gaussian_blur,gaussian_blur,-0.0,1.0,-0.04617414248021108,gaussian_blur|gaussian_blur,gaussian_noise|gaussian_noise
T013-S2,B,3,contrast_low,contrast_low,-0.0,1.0,-0.04617414248021108,contrast_low|contrast_low,gaussian_noise|gaussian_noise
T013-S2,B,3,gaussian_blur,gaussian_blur,-0.0,1.0,-0.04617414248021108,gaussian_blur|gaussian_blur,gaussian_noise|gaussian_noise
T013-S3,A,3,gaussian_blur,gaussian_blur,-0.0,1.0,-0.04617414248021108,gaussian_blur|gaussian_blur,gaussian_noise|gaussian_noise
T013-S3,B,3,contrast_low,contrast_low,-0.0,1.0,-0.04617414248021108,contrast_low|contrast_low,gaussian_noise|gaussian_noise
T013-S3,B,3,gaussian_blur,gaussian_blur,-0.0,1.0,-0.04617414248021108,gaussian_blur|gaussian_blur,gaussian_noise|gaussian_noise
T013-S0,B,26,gaussian_blur,gaussian_blur,0.08621407475879368,0.95,-0.045981694055496056,clean|gaussian_blur,gaussian_blur|gaussian_blur
T013-S0,B,85,gaussian_noise,gaussian_noise,0.2811825026595474,0.65,-0.04294695481335953,gaussian_noise|gaussian_noise,brightness_dark|brightness_dark
T013-S1,B,85,gaussian_noise,gaussian_noise,0.2811825026595474,0.65,-0.04294695481335953,gaussian_noise|gaussian_noise,brightness_dark|brightness_dark
T013-S2,B,85,gaussian_noise,gaussian_noise,0.2811825026595474,0.65,-0.04294695481335953,gaussian_noise|gaussian_noise,brightness_dark|brightness_dark
T013-S3,B,85,gaussian_noise,gaussian_noise,0.2811825026595474,0.65,-0.04294695481335953,gaussian_noise|gaussian_noise,brightness_dark|brightness_dark
T013-S0,B,41,brightness_dark,brightness_dark,0.34739336316427083,0.75,-0.040609660698469066,brightness_dark|brightness_dark,contrast_low|contrast_low
T013-S1,B,41,brightness_dark,brightness_dark,0.34739336316427083,0.75,-0.040609660698469066,brightness_dark|brightness_dark,contrast_low|contrast_low
T013-S2,B,41,brightness_dark,brightness_dark,0.34739336316427083,0.75,-0.040609660698469066,brightness_dark|brightness_dark,contrast_low|contrast_low
T013-S3,B,41,brightness_dark,brightness_dark,0.34739336316427083,0.75,-0.040609660698469066,brightness_dark|brightness_dark,contrast_low|contrast_low
T013-S0,A,54,clean,clean,0.26616582133129196,0.8,-0.040600549416119014,gaussian_noise|gaussian_noise,brightness_dark|brightness_dark
T013-S1,A,54,clean,clean,0.26616582133129196,0.8,-0.040600549416119014,gaussian_noise|gaussian_noise,brightness_dark|brightness_dark
T013-S2,A,54,clean,clean,0.26616582133129196,0.8,-0.040600549416119014,gaussian_noise|gaussian_noise,brightness_dark|brightness_dark
T013-S3,A,54,clean,clean,0.26616582133129196,0.8,-0.040600549416119014,gaussian_noise|gaussian_noise,brightness_dark|brightness_dark
T013-S1,B,87,gaussian_blur,gaussian_blur,0.14118174150460758,0.9,-0.04042261240523207,clean|clean,brightness_dark|brightness_dark
T013-S3,B,87,gaussian_blur,gaussian_blur,0.14118174150460758,0.9,-0.04042261240523207,clean|clean,brightness_dark|brightness_dark
T013-S0,A,7,gaussian_blur,gaussian_blur,0.14118174150460758,0.9,-0.040309804611864106,gaussian_blur|gaussian_blur,contrast_low|contrast_low
T013-S0,B,49,gaussian_noise,gaussian_noise,0.18358022428449897,0.85,-0.040309804611864106,gaussian_noise|gaussian_noise,gaussian_noise|clean
T013-S1,A,7,gaussian_blur,gaussian_blur,0.14118174150460758,0.9,-0.040309804611864106,gaussian_blur|gaussian_blur,contrast_low|contrast_low
T013-S2,A,7,gaussian_blur,gaussian_blur,0.14118174150460758,0.9,-0.040309804611864106,gaussian_blur|gaussian_blur,contrast_low|contrast_low
T013-S3,A,7,gaussian_blur,gaussian_blur,0.14118174150460758,0.9,-0.040309804611864106,gaussian_blur|gaussian_blur,contrast_low|contrast_low
T013-S0,A,68,gaussian_noise,gaussian_noise,0.45542455414570265,0.45,-0.04030676969207704,clean|clean,contrast_low|contrast_low
T013-S1,A,68,gaussian_noise,gaussian_noise,0.45542455414570265,0.45,-0.04030676969207704,clean|clean,contrast_low|contrast_low
T013-S2,A,68,gaussian_noise,gaussian_noise,0.45542455414570265,0.45,-0.04030676969207704,clean|clean,contrast_low|contrast_low
T013-S3,A,68,gaussian_noise,gaussian_noise,0.45542455414570265,0.45,-0.04030676969207704,clean|clean,contrast_low|contrast_low
T013-S0,A,21,gaussian_blur,gaussian_blur,-0.0,1.0,-0.040214477211796246,clean|gaussian_noise,brightness_dark|gaussian_noise
T013-S2,B,13,gaussian_blur,gaussian_blur,0.3172903635978727,0.75,-0.04013377926421405,gaussian_blur|contrast_low,contrast_low|contrast_low
T013-S0,B,68,clean,clean,0.45542455414570265,0.45,-0.04007611578825972,gaussian_blur|gaussian_blur,contrast_low|contrast_low
T013-S1,B,68,clean,clean,0.45542455414570265,0.45,-0.04007611578825972,gaussian_blur|gaussian_blur,contrast_low|contrast_low
T013-S2,B,68,clean,clean,0.45542455414570265,0.45,-0.04007611578825972,gaussian_blur|gaussian_blur,contrast_low|contrast_low
T013-S3,B,68,clean,clean,0.45542455414570265,0.45,-0.04007611578825972,gaussian_blur|gaussian_blur,contrast_low|contrast_low
T013-S0,A,93,contrast_low,contrast_low,-0.0,1.0,-0.0400426125855251,contrast_low|contrast_low,brightness_dark|brightness_dark
T013-S1,A,93,contrast_low,contrast_low,-0.0,1.0,-0.0400426125855251,contrast_low|contrast_low,brightness_dark|brightness_dark
T013-S2,A,93,contrast_low,contrast_low,-0.0,1.0,-0.0400426125855251,contrast_low|contrast_low,brightness_dark|brightness_dark
T013-S3,A,93,contrast_low,contrast_low,-0.0,1.0,-0.0400426125855251,contrast_low|contrast_low,brightness_dark|brightness_dark
T013-S0,A,86,contrast_low,contrast_low,0.4647156441454661,0.55,-0.04003976143141153,contrast_low|contrast_low,brightness_dark|brightness_dark
T013-S0,B,86,contrast_low,contrast_low,0.4647156441454661,0.55,-0.04003976143141153,contrast_low|contrast_low,brightness_dark|brightness_dark
T013-S1,A,86,contrast_low,contrast_low,0.4647156441454661,0.55,-0.04003976143141153,contrast_low|contrast_low,brightness_dark|brightness_dark
T013-S1,B,86,contrast_low,contrast_low,0.4647156441454661,0.55,-0.04003976143141153,contrast_low|contrast_low,brightness_dark|brightness_dark
T013-S2,A,86,contrast_low,contrast_low,0.4647156441454661,0.55,-0.04003976143141153,contrast_low|contrast_low,brightness_dark|brightness_dark
T013-S2,B,86,contrast_low,contrast_low,0.4647156441454661,0.55,-0.04003976143141153,contrast_low|contrast_low,brightness_dark|brightness_dark
T013-S3,A,86,contrast_low,contrast_low,0.4647156441454661,0.55,-0.04003976143141153,contrast_low|contrast_low,brightness_dark|brightness_dark
T013-S3,B,86,contrast_low,contrast_low,0.4647156441454661,0.55,-0.04003976143141153,contrast_low|contrast_low,brightness_dark|brightness_dark
T013-S1,B,53,gaussian_blur,gaussian_blur,0.2652949955741215,0.7,-0.040018452312305386,contrast_low|gaussian_blur,contrast_low|contrast_low
T013-S2,B,68,gaussian_blur,gaussian_blur,0.45542455414570265,0.45,-0.040018452312305386,gaussian_blur|contrast_low,contrast_low|contrast_low
T013-S0,B,93,contrast_low,contrast_low,-0.0,1.0,-0.0399634051013547,contrast_low|contrast_low,brightness_dark|brightness_dark
T013-S1,B,93,contrast_low,contrast_low,-0.0,1.0,-0.0399634051013547,contrast_low|contrast_low,brightness_dark|brightness_dark
T013-S2,B,93,contrast_low,contrast_low,-0.0,1.0,-0.0399634051013547,contrast_low|contrast_low,brightness_dark|brightness_dark
T013-S3,B,93,contrast_low,contrast_low,-0.0,1.0,-0.0399634051013547,contrast_low|contrast_low,brightness_dark|brightness_dark
T013-S0,B,83,gaussian_blur,gaussian_blur,0.26616582133129196,0.8,-0.03990986872855211,gaussian_blur|gaussian_blur,clean|gaussian_noise
T013-S1,B,83,gaussian_blur,gaussian_blur,0.26616582133129196,0.8,-0.03990986872855211,gaussian_blur|gaussian_blur,clean|gaussian_noise
T013-S2,B,43,contrast_low,contrast_low,0.29228525323862886,0.6,-0.039896156811702874,contrast_low|contrast_low,gaussian_noise|brightness_dark
T013-S0,A,83,gaussian_blur,gaussian_blur,0.26616582133129196,0.8,-0.039883378849451916,gaussian_blur|gaussian_blur,clean|clean
T013-S2,A,83,gaussian_blur,gaussian_blur,0.26616582133129196,0.8,-0.039883378849451916,gaussian_blur|gaussian_blur,clean|clean
T013-S3,A,83,gaussian_blur,gaussian_blur,0.26616582133129196,0.8,-0.039883378849451916,gaussian_blur|gaussian_blur,clean|clean
T013-S0,A,37,clean,clean,0.34352144154944414,0.65,-0.03987043255124673,clean|clean,gaussian_noise|gaussian_noise
T013-S1,A,37,clean,clean,0.34352144154944414,0.65,-0.03987043255124673,clean|clean,gaussian_noise|gaussian_noise
T013-S2,A,37,clean,clean,0.34352144154944414,0.65,-0.03987043255124673,clean|clean,gaussian_noise|gaussian_noise
T013-S3,A,37,clean,clean,0.34352144154944414,0.65,-0.03987043255124673,clean|clean,gaussian_noise|gaussian_noise
T013-S0,B,75,gaussian_blur,gaussian_blur,0.44717262228329563,0.5,-0.03984040368479728,gaussian_blur|gaussian_blur,contrast_low|contrast_low
T013-S1,B,75,gaussian_blur,gaussian_blur,0.44717262228329563,0.5,-0.03984040368479728,gaussian_blur|gaussian_blur,contrast_low|contrast_low
T013-S2,B,75,gaussian_blur,gaussian_blur,0.44717262228329563,0.5,-0.03984040368479728,gaussian_blur|gaussian_blur,contrast_low|contrast_low
T013-S3,B,75,gaussian_blur,gaussian_blur,0.44717262228329563,0.5,-0.03984040368479728,gaussian_blur|gaussian_blur,contrast_low|contrast_low
T013-S1,A,24,gaussian_blur,gaussian_blur,0.26616582133129196,0.8,-0.03982470494110342,contrast_low|gaussian_blur,brightness_dark|brightness_dark
T013-S0,A,52,brightness_dark,brightness_dark,0.14118174150460758,0.9,-0.03982262974483792,brightness_dark|brightness_dark,gaussian_noise|gaussian_noise
T013-S0,B,52,brightness_dark,brightness_dark,0.14118174150460758,0.9,-0.03982262974483792,brightness_dark|brightness_dark,gaussian_noise|gaussian_noise
T013-S1,A,52,brightness_dark,brightness_dark,0.14118174150460758,0.9,-0.03982262974483792,brightness_dark|brightness_dark,gaussian_noise|gaussian_noise
T013-S1,B,52,brightness_dark,brightness_dark,0.14118174150460758,0.9,-0.03982262974483792,brightness_dark|brightness_dark,gaussian_noise|gaussian_noise
T013-S2,A,52,brightness_dark,brightness_dark,0.14118174150460758,0.9,-0.03982262974483792,brightness_dark|brightness_dark,gaussian_noise|gaussian_noise
T013-S2,B,52,brightness_dark,brightness_dark,0.14118174150460758,0.9,-0.03982262974483792,brightness_dark|brightness_dark,gaussian_noise|gaussian_noise
T013-S3,A,52,brightness_dark,brightness_dark,0.14118174150460758,0.9,-0.03982262974483792,brightness_dark|brightness_dark,gaussian_noise|gaussian_noise
T013-S3,B,52,brightness_dark,brightness_dark,0.14118174150460758,0.9,-0.03982262974483792,brightness_dark|brightness_dark,gaussian_noise|gaussian_noise
T013-S1,B,0,gaussian_blur,gaussian_blur,0.22504541292605024,0.85,-0.03980467828651792,gaussian_blur|gaussian_blur,contrast_low|brightness_dark
T013-S3,A,43,contrast_low,contrast_low,0.29228525323862886,0.6,-0.03979005001167175,contrast_low|contrast_low,gaussian_noise|brightness_dark
T013-S1,B,24,gaussian_blur,gaussian_blur,0.26616582133129196,0.8,-0.03978933800918476,contrast_low|gaussian_blur,brightness_dark|brightness_dark
T013-S0,A,1,gaussian_blur,gaussian_blur,0.18358022428449897,0.85,-0.03978779840848806,gaussian_blur|gaussian_blur,contrast_low|contrast_low
T013-S1,A,1,gaussian_blur,gaussian_blur,0.18358022428449897,0.85,-0.03978779840848806,gaussian_blur|gaussian_blur,contrast_low|contrast_low
T013-S2,A,1,gaussian_blur,gaussian_blur,0.18358022428449897,0.85,-0.03978779840848806,gaussian_blur|gaussian_blur,contrast_low|contrast_low
T013-S3,A,1,gaussian_blur,gaussian_blur,0.18358022428449897,0.85,-0.03978779840848806,gaussian_blur|gaussian_blur,contrast_low|contrast_low
T013-S0,A,76,clean,clean,0.37162086641628495,0.5,-0.03977091853045821,gaussian_noise|gaussian_noise,clean|clean
T013-S1,A,76,clean,clean,0.37162086641628495,0.5,-0.03977091853045821,gaussian_noise|gaussian_noise,clean|clean
T013-S2,A,76,clean,clean,0.37162086641628495,0.5,-0.03977091853045821,gaussian_noise|gaussian_noise,clean|clean
T013-S3,A,76,clean,clean,0.37162086641628495,0.5,-0.03977091853045821,gaussian_noise|gaussian_noise,clean|clean
T013-S1,A,14,gaussian_blur,gaussian_blur,0.08621407475879368,0.95,-0.039761431411530816,clean|gaussian_noise,gaussian_noise|gaussian_noise
T013-S1,A,39,gaussian_blur,gaussian_blur,-0.0,1.0,-0.039761431411530816,clean|gaussian_noise,gaussian_noise|gaussian_noise
T013-S1,A,45,gaussian_blur,gaussian_blur,0.3076310099728432,0.8,-0.039761431411530816,gaussian_blur|gaussian_blur,gaussian_noise|gaussian_noise
T013-S2,A,45,gaussian_blur,gaussian_blur,0.3076310099728432,0.8,-0.039761431411530816,gaussian_blur|gaussian_blur,gaussian_noise|gaussian_noise
T013-S2,B,45,gaussian_blur,gaussian_blur,0.3076310099728432,0.8,-0.039761431411530816,gaussian_blur|gaussian_blur,gaussian_noise|gaussian_noise
T013-S3,A,45,gaussian_blur,gaussian_blur,0.3076310099728432,0.8,-0.039761431411530816,gaussian_blur|gaussian_blur,gaussian_noise|gaussian_noise
T013-S3,A,24,gaussian_blur,gaussian_blur,0.26616582133129196,0.8,-0.03974219368048769,gaussian_blur|contrast_low,brightness_dark|brightness_dark
T013-S0,A,24,clean,clean,0.26616582133129196,0.8,-0.03968453020453336,gaussian_blur|gaussian_blur,brightness_dark|brightness_dark
T013-S2,A,24,clean,clean,0.26616582133129196,0.8,-0.03968453020453336,gaussian_blur|gaussian_blur,brightness_dark|brightness_dark
T013-S3,A,24,clean,clean,0.26616582133129196,0.8,-0.03968453020453336,gaussian_blur|gaussian_blur,brightness_dark|brightness_dark
T013-S2,A,84,gaussian_blur,gaussian_blur,0.45542455414570265,0.45,-0.03968331465040797,clean|gaussian_blur,clean|clean
T013-S0,A,67,gaussian_blur,gaussian_blur,0.5362838323534155,0.55,-0.039614109773956616,gaussian_blur|gaussian_blur,brightness_dark|brightness_dark
T013-S1,A,67,gaussian_blur,gaussian_blur,0.5362838323534155,0.55,-0.039614109773956616,gaussian_blur|gaussian_blur,brightness_dark|brightness_dark
T013-S2,A,67,gaussian_blur,gaussian_blur,0.5362838323534155,0.55,-0.039614109773956616,gaussian_blur|gaussian_blur,brightness_dark|brightness_dark
T013-S3,A,67,gaussian_blur,gaussian_blur,0.5362838323534155,0.55,-0.039614109773956616,gaussian_blur|gaussian_blur,brightness_dark|brightness_dark
T013-S0,A,26,contrast_low,contrast_low,0.08621407475879368,0.95,-0.03887220663508355,gaussian_blur|contrast_low,gaussian_blur|gaussian_blur
T013-S2,A,87,gaussian_blur,gaussian_blur,0.14118174150460758,0.9,-0.03367497407864638,clean|clean,brightness_dark|brightness_dark
T013-S3,A,87,gaussian_blur,gaussian_blur,0.14118174150460758,0.9,-0.03367497407864638,clean|clean,brightness_dark|brightness_dark
T013-S3,B,68,gaussian_noise,gaussian_noise,0.45542455414570265,0.45,-0.0336178064813747,clean|clean,gaussian_blur|contrast_low
T013-S1,A,87,gaussian_blur,gaussian_blur,0.14118174150460758,0.9,-0.03358512536590888,clean|gaussian_blur,brightness_dark|brightness_dark
T013-S0,A,84,brightness_dark,brightness_dark,0.45542455414570265,0.45,-0.03352510998188993,brightness_dark|brightness_dark,gaussian_blur|gaussian_blur
T013-S1,A,84,brightness_dark,brightness_dark,0.45542455414570265,0.45,-0.03352510998188993,brightness_dark|brightness_dark,gaussian_blur|gaussian_blur
T013-S2,A,84,brightness_dark,brightness_dark,0.45542455414570265,0.45,-0.03352510998188993,brightness_dark|brightness_dark,gaussian_blur|gaussian_blur
T013-S3,A,84,brightness_dark,brightness_dark,0.45542455414570265,0.45,-0.03352510998188993,brightness_dark|brightness_dark,gaussian_blur|gaussian_blur
T013-S3,A,15,clean,gaussian_blur,-0.0,1.0,-0.03351206434316354,gaussian_blur|gaussian_blur,gaussian_noise|brightness_dark
T013-S0,B,2,gaussian_blur,gaussian_blur,0.1712847410710057,0.9,-0.03350551444925311,gaussian_blur|gaussian_blur,brightness_dark|brightness_dark
T013-S1,B,2,gaussian_blur,gaussian_blur,0.1712847410710057,0.9,-0.03350551444925311,gaussian_blur|gaussian_blur,brightness_dark|brightness_dark
T013-S2,B,2,gaussian_blur,gaussian_blur,0.1712847410710057,0.9,-0.03350551444925311,gaussian_blur|gaussian_blur,brightness_dark|brightness_dark
T013-S3,B,2,gaussian_blur,gaussian_blur,0.1712847410710057,0.9,-0.03350551444925311,gaussian_blur|gaussian_blur,brightness_dark|brightness_dark
T013-S0,B,84,brightness_dark,brightness_dark,0.45542455414570265,0.45,-0.03344699322076708,brightness_dark|brightness_dark,gaussian_blur|gaussian_blur
T013-S1,B,84,brightness_dark,brightness_dark,0.45542455414570265,0.45,-0.03344699322076708,brightness_dark|brightness_dark,gaussian_blur|gaussian_blur
T013-S2,B,84,brightness_dark,brightness_dark,0.45542455414570265,0.45,-0.03344699322076708,brightness_dark|brightness_dark,gaussian_blur|gaussian_blur
T013-S3,B,84,brightness_dark,brightness_dark,0.45542455414570265,0.45,-0.03344699322076708,brightness_dark|brightness_dark,gaussian_blur|gaussian_blur
T013-S1,B,92,gaussian_blur,gaussian_blur,0.3239978696052098,0.7,-0.033444816053511704,contrast_low|gaussian_blur,contrast_low|contrast_low
T013-S3,B,13,gaussian_blur,gaussian_blur,0.3172903635978727,0.75,-0.033444816053511704,gaussian_blur|contrast_low,contrast_low|contrast_low
T013-S0,B,48,contrast_low,contrast_low,0.4072105587434522,0.6,-0.033405957543132414,contrast_low|contrast_low,brightness_dark|brightness_dark
T013-S1,B,48,contrast_low,contrast_low,0.4072105587434522,0.6,-0.033405957543132414,contrast_low|contrast_low,brightness_dark|brightness_dark
T013-S2,B,48,contrast_low,contrast_low,0.4072105587434522,0.6,-0.033405957543132414,contrast_low|contrast_low,brightness_dark|brightness_dark
T013-S3,B,48,contrast_low,contrast_low,0.4072105587434522,0.6,-0.033405957543132414,contrast_low|contrast_low,brightness_dark|brightness_dark
T013-S0,A,55,clean,clean,0.08621407475879368,0.95,-0.033350431614487634,clean|gaussian_noise,gaussian_noise|gaussian_noise
T013-S1,A,53,gaussian_blur,gaussian_blur,0.2652949955741215,0.7,-0.03332948910160304,contrast_low|gaussian_blur,contrast_low|contrast_low
T013-S3,A,53,gaussian_blur,gaussian_blur,0.2652949955741215,0.7,-0.03332948910160304,gaussian_blur|contrast_low,contrast_low|contrast_low
T013-S0,B,62,contrast_low,contrast_low,0.5878285561418409,0.3,-0.03326297273526825,contrast_low|contrast_low,brightness_dark|brightness_dark
T013-S1,B,62,contrast_low,contrast_low,0.5878285561418409,0.3,-0.03326297273526825,contrast_low|contrast_low,brightness_dark|brightness_dark
T013-S2,B,62,contrast_low,contrast_low,0.5878285561418409,0.3,-0.03326297273526825,contrast_low|contrast_low,brightness_dark|brightness_dark
T013-S3,B,62,contrast_low,contrast_low,0.5878285561418409,0.3,-0.03326297273526825,contrast_low|contrast_low,brightness_dark|brightness_dark
T013-S0,B,90,gaussian_noise,gaussian_noise,0.5365043035268443,0.45,-0.03324656648503044,gaussian_noise|gaussian_noise,brightness_dark|brightness_dark
T013-S1,B,90,gaussian_noise,gaussian_noise,0.5365043035268443,0.45,-0.03324656648503044,gaussian_noise|gaussian_noise,brightness_dark|brightness_dark
T013-S2,B,90,gaussian_noise,gaussian_noise,0.5365043035268443,0.45,-0.03324656648503044,gaussian_noise|gaussian_noise,brightness_dark|brightness_dark
T013-S3,B,90,gaussian_noise,gaussian_noise,0.5365043035268443,0.45,-0.03324656648503044,gaussian_noise|gaussian_noise,brightness_dark|brightness_dark
T013-S0,A,48,clean,clean,0.4072105587434522,0.6,-0.03322761180762475,clean|clean,brightness_dark|brightness_dark
T013-S0,B,48,clean,clean,0.4072105587434522,0.6,-0.03322761180762475,clean|clean,brightness_dark|brightness_dark
T013-S1,A,48,clean,clean,0.4072105587434522,0.6,-0.03322761180762475,clean|clean,brightness_dark|brightness_dark
T013-S1,B,48,clean,clean,0.4072105587434522,0.6,-0.03322761180762475,clean|clean,brightness_dark|brightness_dark
T013-S2,A,48,clean,clean,0.4072105587434522,0.6,-0.03322761180762475,clean|clean,brightness_dark|brightness_dark
T013-S2,B,48,clean,clean,0.4072105587434522,0.6,-0.03322761180762475,clean|clean,brightness_dark|brightness_dark
T013-S3,A,48,clean,clean,0.4072105587434522,0.6,-0.03322761180762475,clean|clean,brightness_dark|brightness_dark
T013-S3,B,48,clean,clean,0.4072105587434522,0.6,-0.03322761180762475,clean|clean,brightness_dark|brightness_dark
T013-S0,B,64,clean,clean,0.4385343715564183,0.7,-0.03322605065174756,gaussian_noise|gaussian_noise,brightness_dark|brightness_dark
T013-S1,B,64,clean,clean,0.4385343715564183,0.7,-0.03322605065174756,gaussian_noise|gaussian_noise,brightness_dark|brightness_dark
T013-S2,B,64,clean,clean,0.4385343715564183,0.7,-0.03322605065174756,gaussian_noise|gaussian_noise,brightness_dark|brightness_dark
T013-S3,B,64,clean,clean,0.4385343715564183,0.7,-0.03322605065174756,gaussian_noise|gaussian_noise,brightness_dark|brightness_dark
T013-S1,A,83,gaussian_blur,gaussian_blur,0.26616582133129196,0.8,-0.03322558923560371,gaussian_blur|gaussian_blur,clean|gaussian_noise
T013-S2,A,0,gaussian_blur,gaussian_blur,0.22504541292605024,0.85,-0.033173378551769904,gaussian_blur|gaussian_blur,contrast_low|brightness_dark
T013-S0,A,66,gaussian_blur,gaussian_blur,0.1712847410710057,0.9,-0.033145100547009025,contrast_low|contrast_low,brightness_dark|brightness_dark
T013-S1,A,66,gaussian_blur,gaussian_blur,0.1712847410710057,0.9,-0.033145100547009025,contrast_low|contrast_low,brightness_dark|brightness_dark
T013-S2,A,66,gaussian_blur,gaussian_blur,0.1712847410710057,0.9,-0.033145100547009025,contrast_low|contrast_low,brightness_dark|brightness_dark
T013-S1,B,32,clean,clean,0.6385229941014448,0.35,-0.03314397365297317,clean|gaussian_noise,gaussian_noise|gaussian_noise
T013-S0,A,79,gaussian_blur,gaussian_blur,0.26616582133129196,0.8,-0.03313452617627568,gaussian_blur|gaussian_blur,gaussian_noise|gaussian_noise
T013-S0,B,45,clean,gaussian_blur,0.3076310099728432,0.8,-0.03313452617627568,gaussian_blur|gaussian_blur,gaussian_noise|gaussian_noise
T013-S0,B,79,gaussian_blur,gaussian_blur,0.26616582133129196,0.8,-0.03313452617627568,gaussian_blur|gaussian_blur,gaussian_noise|gaussian_noise
T013-S1,A,79,gaussian_blur,gaussian_blur,0.26616582133129196,0.8,-0.03313452617627568,gaussian_blur|gaussian_blur,gaussian_noise|gaussian_noise
T013-S1,B,45,clean,gaussian_blur,0.3076310099728432,0.8,-0.03313452617627568,gaussian_blur|gaussian_blur,gaussian_noise|gaussian_noise
T013-S1,B,45,gaussian_blur,gaussian_blur,0.3076310099728432,0.8,-0.03313452617627568,clean|gaussian_blur,gaussian_noise|gaussian_noise
T013-S1,B,79,gaussian_blur,gaussian_blur,0.26616582133129196,0.8,-0.03313452617627568,gaussian_blur|gaussian_blur,gaussian_noise|gaussian_noise
T013-S1,B,97,gaussian_blur,gaussian_blur,0.29854955310662773,0.75,-0.03313452617627568,clean|gaussian_noise,gaussian_noise|gaussian_noise
T013-S2,A,79,gaussian_blur,gaussian_blur,0.26616582133129196,0.8,-0.03313452617627568,gaussian_blur|gaussian_blur,gaussian_noise|gaussian_noise
T013-S2,B,45,clean,gaussian_blur,0.3076310099728432,0.8,-0.03313452617627568,gaussian_blur|gaussian_blur,gaussian_noise|gaussian_noise
T013-S2,B,79,gaussian_blur,gaussian_blur,0.26616582133129196,0.8,-0.03313452617627568,gaussian_blur|gaussian_blur,gaussian_noise|gaussian_noise
T013-S2,B,97,gaussian_blur,gaussian_blur,0.29854955310662773,0.75,-0.03313452617627568,gaussian_noise|clean,gaussian_noise|gaussian_noise
T013-S3,A,14,gaussian_blur,gaussian_blur,0.08621407475879368,0.95,-0.03313452617627568,gaussian_noise|clean,gaussian_noise|gaussian_noise
T013-S3,A,39,gaussian_blur,gaussian_blur,-0.0,1.0,-0.03313452617627568,gaussian_noise|clean,gaussian_noise|gaussian_noise
T013-S3,A,79,gaussian_blur,gaussian_blur,0.26616582133129196,0.8,-0.03313452617627568,gaussian_blur|gaussian_blur,gaussian_noise|gaussian_noise
T013-S3,B,45,clean,gaussian_blur,0.3076310099728432,0.8,-0.03313452617627568,gaussian_blur|gaussian_blur,gaussian_noise|gaussian_noise
T013-S3,B,79,gaussian_blur,gaussian_blur,0.26616582133129196,0.8,-0.03313452617627568,gaussian_blur|gaussian_blur,gaussian_noise|gaussian_noise
T013-S0,B,75,clean,clean,0.44717262228329563,0.5,-0.03311745844787753,clean|clean,gaussian_blur|gaussian_blur
T013-S1,B,75,clean,clean,0.44717262228329563,0.5,-0.03311745844787753,clean|clean,gaussian_blur|gaussian_blur
T013-S2,B,75,clean,clean,0.44717262228329563,0.5,-0.03311745844787753,clean|clean,gaussian_blur|gaussian_blur
T013-S3,B,75,clean,clean,0.44717262228329563,0.5,-0.03311745844787753,clean|clean,gaussian_blur|gaussian_blur
T013-S0,A,70,gaussian_blur,gaussian_blur,0.21732201127364886,0.8,-0.03307800755440096,gaussian_blur|gaussian_blur,clean|gaussian_noise
T013-S0,B,70,gaussian_blur,gaussian_blur,0.21732201127364886,0.8,-0.03307800755440096,gaussian_blur|gaussian_blur,clean|gaussian_noise
T013-S0,B,79,contrast_low,contrast_low,0.26616582133129196,0.8,-0.03307246820082847,contrast_low|contrast_low,gaussian_noise|gaussian_noise
T013-S1,B,79,contrast_low,contrast_low,0.26616582133129196,0.8,-0.03307246820082847,contrast_low|contrast_low,gaussian_noise|gaussian_noise
T013-S2,B,79,contrast_low,contrast_low,0.26616582133129196,0.8,-0.03307246820082847,contrast_low|contrast_low,gaussian_noise|gaussian_noise
T013-S3,B,79,contrast_low,contrast_low,0.26616582133129196,0.8,-0.03307246820082847,contrast_low|contrast_low,gaussian_noise|gaussian_noise
T013-S3,A,66,gaussian_blur,gaussian_blur,0.1712847410710057,0.9,-0.0330625892863933,contrast_low|contrast_low,brightness_dark|gaussian_noise
T013-S0,A,79,contrast_low,contrast_low,0.26616582133129196,0.8,-0.03303270676941694,contrast_low|contrast_low,gaussian_noise|gaussian_noise
T013-S1,A,79,contrast_low,contrast_low,0.26616582133129196,0.8,-0.03303270676941694,contrast_low|contrast_low,gaussian_noise|gaussian_noise
T013-S2,A,79,contrast_low,contrast_low,0.26616582133129196,0.8,-0.03303270676941694,contrast_low|contrast_low,gaussian_noise|gaussian_noise
T013-S3,A,79,contrast_low,contrast_low,0.26616582133129196,0.8,-0.03303270676941694,contrast_low|contrast_low,gaussian_noise|gaussian_noise
T013-S2,B,70,gaussian_blur,gaussian_blur,0.21732201127364886,0.8,-0.032985350412300204,gaussian_blur|gaussian_blur,gaussian_noise|gaussian_noise
T013-S3,B,70,gaussian_blur,gaussian_blur,0.21732201127364886,0.8,-0.032985350412300204,gaussian_blur|gaussian_blur,gaussian_noise|gaussian_noise
T013-S1,A,6,gaussian_noise,gaussian_noise,0.37162086641628495,0.5,-0.03294279222311484,gaussian_noise|gaussian_noise,gaussian_noise|clean
T013-S0,B,6,contrast_low,contrast_low,0.37162086641628495,0.5,-0.032393760260223906,contrast_low|contrast_low,gaussian_blur|contrast_low
T013-S0,A,74,contrast_low,contrast_low,-0.0,1.0,-0.03232341816095126,contrast_low|contrast_low,gaussian_blur|gaussian_blur
T013-S0,B,74,contrast_low,contrast_low,-0.0,1.0,-0.03232341816095126,contrast_low|contrast_low,gaussian_blur|gaussian_blur
T013-S1,A,74,contrast_low,contrast_low,-0.0,1.0,-0.03232341816095126,contrast_low|contrast_low,gaussian_blur|gaussian_blur
T013-S2,A,74,contrast_low,contrast_low,-0.0,1.0,-0.03232341816095126,contrast_low|contrast_low,gaussian_blur|gaussian_blur
T013-S2,B,74,contrast_low,contrast_low,-0.0,1.0,-0.03232341816095126,contrast_low|contrast_low,gaussian_blur|gaussian_blur
T013-S3,A,74,contrast_low,contrast_low,-0.0,1.0,-0.03232341816095126,contrast_low|contrast_low,gaussian_blur|gaussian_blur
T013-S3,B,74,contrast_low,contrast_low,-0.0,1.0,-0.03232341816095126,contrast_low|contrast_low,gaussian_blur|gaussian_blur
T013-S0,B,85,clean,clean,0.2811825026595474,0.65,-0.03008513425016372,clean|clean,brightness_dark|brightness_dark
T013-S1,B,85,clean,clean,0.2811825026595474,0.65,-0.03008513425016372,clean|clean,brightness_dark|brightness_dark
T013-S2,B,85,clean,clean,0.2811825026595474,0.65,-0.03008513425016372,clean|clean,brightness_dark|brightness_dark
T013-S3,B,85,clean,clean,0.2811825026595474,0.65,-0.03008513425016372,clean|clean,brightness_dark|brightness_dark
T013-S1,B,68,gaussian_noise,gaussian_noise,0.45542455414570265,0.45,-0.026928843270672357,clean|clean,gaussian_blur|contrast_low
T013-S2,B,87,gaussian_blur,gaussian_blur,0.14118174150460758,0.9,-0.02692733575206068,gaussian_blur|clean,brightness_dark|brightness_dark
T013-S0,A,2,gaussian_blur,gaussian_blur,0.1712847410710057,0.9,-0.026874214714505094,gaussian_blur|gaussian_blur,brightness_dark|brightness_dark
T013-S1,A,2,gaussian_blur,gaussian_blur,0.1712847410710057,0.9,-0.026874214714505094,gaussian_blur|gaussian_blur,brightness_dark|brightness_dark
T013-S2,A,2,gaussian_blur,gaussian_blur,0.1712847410710057,0.9,-0.026874214714505094,gaussian_blur|gaussian_blur,brightness_dark|brightness_dark
T013-S3,A,2,gaussian_blur,gaussian_blur,0.1712847410710057,0.9,-0.026874214714505094,gaussian_blur|gaussian_blur,brightness_dark|brightness_dark
T013-S3,B,7,gaussian_blur,gaussian_blur,0.14118174150460758,0.9,-0.026873203074576073,gaussian_blur|gaussian_blur,contrast_low|gaussian_blur
T013-S2,B,92,gaussian_noise,gaussian_noise,0.3239978696052098,0.7,-0.026845701555546858,clean|clean,clean|gaussian_blur
T013-S0,B,71,contrast_low,contrast_low,0.3172903635978727,0.75,-0.02682740558016776,contrast_low|contrast_low,brightness_dark|brightness_dark
T013-S1,B,71,contrast_low,contrast_low,0.3172903635978727,0.75,-0.02682740558016776,contrast_low|contrast_low,brightness_dark|brightness_dark
T013-S2,B,71,contrast_low,contrast_low,0.3172903635978727,0.75,-0.02682740558016776,contrast_low|contrast_low,brightness_dark|brightness_dark
T013-S3,B,71,contrast_low,contrast_low,0.3172903635978727,0.75,-0.02682740558016776,contrast_low|contrast_low,brightness_dark|brightness_dark
T013-S1,A,49,gaussian_noise,gaussian_noise,0.18358022428449897,0.85,-0.026814527958692717,gaussian_noise|gaussian_noise,clean|gaussian_noise
T013-S0,A,48,contrast_low,contrast_low,0.4072105587434522,0.6,-0.02680965147453083,contrast_low|contrast_low,brightness_dark|brightness_dark
T013-S1,A,15,clean,gaussian_blur,-0.0,1.0,-0.02680965147453083,gaussian_blur|gaussian_blur,gaussian_noise|brightness_dark
T013-S1,A,48,contrast_low,contrast_low,0.4072105587434522,0.6,-0.02680965147453083,contrast_low|contrast_low,brightness_dark|brightness_dark
T013-S2,A,48,contrast_low,contrast_low,0.4072105587434522,0.6,-0.02680965147453083,contrast_low|contrast_low,brightness_dark|brightness_dark
T013-S3,A,48,contrast_low,contrast_low,0.4072105587434522,0.6,-0.02680965147453083,contrast_low|contrast_low,brightness_dark|brightness_dark
T013-S3,B,93,gaussian_blur,gaussian_blur,-0.0,1.0,-0.02680965147453083,gaussian_noise|clean,brightness_dark|brightness_dark
T013-S0,B,87,gaussian_blur,gaussian_blur,0.14118174150460758,0.9,-0.026747638326585697,clean|gaussian_blur,brightness_dark|brightness_dark
T013-S2,B,93,gaussian_blur,gaussian_blur,-0.0,1.0,-0.026703544674499705,gaussian_noise|clean,gaussian_noise|brightness_dark
T013-S0,B,55,clean,clean,0.08621407475879368,0.95,-0.02669264200063943,clean|gaussian_noise,gaussian_noise|gaussian_noise
T013-S0,B,76,clean,clean,0.37162086641628495,0.5,-0.02667334158219364,gaussian_noise|gaussian_noise,clean|clean
T013-S3,B,76,clean,clean,0.37162086641628495,0.5,-0.02667334158219364,gaussian_noise|gaussian_noise,clean|clean
T013-S0,A,90,contrast_low,contrast_low,0.5365043035268443,0.45,-0.026670305906767677,contrast_low|contrast_low,brightness_dark|brightness_dark
T013-S1,A,90,contrast_low,contrast_low,0.5365043035268443,0.45,-0.026670305906767677,contrast_low|contrast_low,brightness_dark|brightness_dark
T013-S2,A,90,contrast_low,contrast_low,0.5365043035268443,0.45,-0.026670305906767677,contrast_low|contrast_low,brightness_dark|brightness_dark
T013-S3,A,90,contrast_low,contrast_low,0.5365043035268443,0.45,-0.026670305906767677,contrast_low|contrast_low,brightness_dark|brightness_dark
T013-S0,B,37,contrast_low,contrast_low,0.34352144154944414,0.65,-0.026663854463266246,contrast_low|contrast_low,gaussian_noise|gaussian_noise
T013-S1,B,37,contrast_low,contrast_low,0.34352144154944414,0.65,-0.026663854463266246,contrast_low|contrast_low,gaussian_noise|gaussian_noise
T013-S2,B,37,contrast_low,contrast_low,0.34352144154944414,0.65,-0.026663854463266246,contrast_low|contrast_low,gaussian_noise|gaussian_noise
T013-S3,B,37,contrast_low,contrast_low,0.34352144154944414,0.65,-0.026663854463266246,contrast_low|contrast_low,gaussian_noise|gaussian_noise
T013-S0,B,55,gaussian_blur,gaussian_blur,0.08621407475879368,0.95,-0.02663115845539281,gaussian_blur|gaussian_blur,clean|gaussian_noise
T013-S2,B,55,gaussian_blur,gaussian_blur,0.08621407475879368,0.95,-0.02663115845539281,gaussian_blur|gaussian_blur,clean|gaussian_noise
T013-S0,A,75,gaussian_noise,gaussian_noise,0.44717262228329563,0.5,-0.026530441315827404,gaussian_noise|gaussian_noise,gaussian_blur|gaussian_blur
T013-S0,B,75,gaussian_noise,gaussian_noise,0.44717262228329563,0.5,-0.026530441315827404,gaussian_noise|gaussian_noise,gaussian_blur|gaussian_blur
T013-S1,A,75,gaussian_noise,gaussian_noise,0.44717262228329563,0.5,-0.026530441315827404,gaussian_noise|gaussian_noise,gaussian_blur|gaussian_blur
T013-S1,B,75,gaussian_noise,gaussian_noise,0.44717262228329563,0.5,-0.026530441315827404,gaussian_noise|gaussian_noise,gaussian_blur|gaussian_blur
T013-S2,A,75,gaussian_noise,gaussian_noise,0.44717262228329563,0.5,-0.026530441315827404,gaussian_noise|gaussian_noise,gaussian_blur|gaussian_blur
T013-S2,B,75,gaussian_noise,gaussian_noise,0.44717262228329563,0.5,-0.026530441315827404,gaussian_noise|gaussian_noise,gaussian_blur|gaussian_blur
T013-S3,A,75,gaussian_noise,gaussian_noise,0.44717262228329563,0.5,-0.026530441315827404,gaussian_noise|gaussian_noise,gaussian_blur|gaussian_blur
T013-S3,B,75,gaussian_noise,gaussian_noise,0.44717262228329563,0.5,-0.026530441315827404,gaussian_noise|gaussian_noise,gaussian_blur|gaussian_blur
T013-S0,B,1,gaussian_blur,gaussian_blur,0.18358022428449897,0.85,-0.026525198938992044,gaussian_blur|gaussian_blur,contrast_low|contrast_low
T013-S1,B,1,gaussian_blur,gaussian_blur,0.18358022428449897,0.85,-0.026525198938992044,gaussian_blur|gaussian_blur,contrast_low|contrast_low
T013-S2,B,1,gaussian_blur,gaussian_blur,0.18358022428449897,0.85,-0.026525198938992044,gaussian_blur|gaussian_blur,contrast_low|contrast_low
T013-S3,B,1,gaussian_blur,gaussian_blur,0.18358022428449897,0.85,-0.026525198938992044,gaussian_blur|gaussian_blur,contrast_low|contrast_low
T013-S0,A,14,gaussian_blur,gaussian_blur,0.08621407475879368,0.95,-0.026507620941020542,clean|gaussian_noise,gaussian_noise|gaussian_noise
T013-S0,A,45,clean,gaussian_blur,0.3076310099728432,0.8,-0.026507620941020542,gaussian_blur|gaussian_blur,gaussian_noise|gaussian_noise
T013-S0,A,45,gaussian_blur,gaussian_blur,0.3076310099728432,0.8,-0.026507620941020542,clean|gaussian_blur,gaussian_noise|gaussian_noise
T013-S0,B,45,gaussian_blur,gaussian_blur,0.3076310099728432,0.8,-0.026507620941020542,clean|gaussian_blur,gaussian_noise|gaussian_noise
T013-S1,A,45,clean,gaussian_blur,0.3076310099728432,0.8,-0.026507620941020542,gaussian_blur|gaussian_blur,gaussian_noise|gaussian_noise
T013-S2,A,45,clean,gaussian_blur,0.3076310099728432,0.8,-0.026507620941020542,gaussian_blur|gaussian_blur,gaussian_noise|gaussian_noise
T013-S3,A,45,clean,gaussian_blur,0.3076310099728432,0.8,-0.026507620941020542,gaussian_blur|gaussian_blur,gaussian_noise|gaussian_noise
T013-S3,B,45,gaussian_blur,gaussian_blur,0.3076310099728432,0.8,-0.026507620941020542,clean|gaussian_blur,gaussian_noise|gaussian_noise
T013-S1,B,35,gaussian_blur,gaussian_blur,0.2988548895792612,0.55,-0.026506464067976254,contrast_low|gaussian_blur,gaussian_blur|gaussian_blur
T013-S3,B,66,gaussian_blur,gaussian_blur,0.1712847410710057,0.9,-0.026487310933160823,gaussian_blur|contrast_low,brightness_dark|brightness_dark
T013-S1,A,70,gaussian_blur,gaussian_blur,0.21732201127364886,0.8,-0.02648170148579938,gaussian_blur|gaussian_blur,clean|gaussian_noise
T013-S1,B,70,gaussian_blur,gaussian_blur,0.21732201127364886,0.8,-0.02648170148579938,gaussian_blur|gaussian_blur,clean|gaussian_noise
T013-S2,A,70,clean,clean,0.21732201127364886,0.8,-0.02648170148579938,gaussian_noise|clean,gaussian_noise|gaussian_noise
T013-S2,A,70,gaussian_blur,gaussian_blur,0.21732201127364886,0.8,-0.02648170148579938,gaussian_blur|gaussian_blur,clean|gaussian_noise
T013-S3,A,70,gaussian_blur,gaussian_blur,0.21732201127364886,0.8,-0.02648170148579938,gaussian_blur|gaussian_blur,gaussian_noise|clean
T013-S1,A,75,clean,clean,0.44717262228329563,0.5,-0.026428495237175192,clean|clean,gaussian_blur|gaussian_blur
T013-S2,A,75,clean,clean,0.44717262228329563,0.5,-0.026428495237175192,clean|clean,gaussian_blur|gaussian_blur
T013-S3,A,75,clean,clean,0.44717262228329563,0.5,-0.026428495237175192,clean|clean,gaussian_blur|gaussian_blur
T013-S0,B,12,contrast_low,contrast_low,0.18358022428449897,0.85,-0.02642798496760184,contrast_low|contrast_low,gaussian_noise|gaussian_noise
T013-S1,B,12,contrast_low,contrast_low,0.18358022428449897,0.85,-0.02642798496760184,contrast_low|contrast_low,gaussian_noise|gaussian_noise
T013-S2,B,12,contrast_low,contrast_low,0.18358022428449897,0.85,-0.02642798496760184,contrast_low|contrast_low,gaussian_noise|gaussian_noise
T013-S3,B,12,contrast_low,contrast_low,0.18358022428449897,0.85,-0.02642798496760184,contrast_low|contrast_low,gaussian_noise|gaussian_noise
T013-S0,A,75,clean,clean,0.44717262228329563,0.5,-0.026369820121291836,clean|clean,contrast_low|gaussian_blur
T013-S0,B,90,gaussian_blur,gaussian_blur,0.5365043035268443,0.45,-0.026293208177749668,gaussian_blur|gaussian_blur,brightness_dark|brightness_dark
T013-S1,B,90,gaussian_blur,gaussian_blur,0.5365043035268443,0.45,-0.026293208177749668,gaussian_blur|gaussian_blur,brightness_dark|brightness_dark
T013-S2,B,90,gaussian_blur,gaussian_blur,0.5365043035268443,0.45,-0.026293208177749668,gaussian_blur|gaussian_blur,brightness_dark|brightness_dark
T013-S3,B,90,gaussian_blur,gaussian_blur,0.5365043035268443,0.45,-0.026293208177749668,gaussian_blur|gaussian_blur,brightness_dark|brightness_dark
T013-S0,B,80,gaussian_blur,gaussian_blur,0.14118174150460758,0.9,-0.02627766515714487,clean|gaussian_blur,gaussian_blur|gaussian_blur
T013-S0,B,88,contrast_low,contrast_low,0.4802818720531094,0.6,-0.025996304044075734,contrast_low|contrast_low,gaussian_blur|gaussian_blur
T013-S1,B,88,contrast_low,contrast_low,0.4802818720531094,0.6,-0.025996304044075734,contrast_low|contrast_low,gaussian_blur|gaussian_blur
T013-S2,B,88,contrast_low,contrast_low,0.4802818720531094,0.6,-0.025996304044075734,contrast_low|contrast_low,gaussian_blur|gaussian_blur
T013-S3,B,88,contrast_low,contrast_low,0.4802818720531094,0.6,-0.025996304044075734,contrast_low|contrast_low,gaussian_blur|gaussian_blur
T013-S1,B,6,contrast_low,contrast_low,0.37162086641628495,0.5,-0.025646121933638213,contrast_low|contrast_low,contrast_low|gaussian_blur
T013-S0,A,34,brightness_dark,brightness_dark,0.3172903635978727,0.75,-0.02045349678382514,brightness_dark|brightness_dark,contrast_low|brightness_dark
T013-S3,A,33,gaussian_blur,gaussian_blur,0.18358022428449897,0.85,-0.020242914979757085,gaussian_blur|gaussian_blur,brightness_dark|contrast_low
T013-S2,B,41,gaussian_blur,gaussian_blur,0.34739336316427083,0.75,-0.020240106550393818,gaussian_blur|gaussian_blur,gaussian_blur|brightness_dark
T013-S2,A,92,gaussian_noise,gaussian_noise,0.3239978696052098,0.7,-0.020156738344844514,clean|clean,clean|gaussian_blur
T013-S3,A,34,gaussian_blur,gaussian_blur,0.3172903635978727,0.75,-0.02015306626701959,gaussian_blur|gaussian_blur,clean|gaussian_blur
T013-S0,A,71,contrast_low,contrast_low,0.3172903635978727,0.75,-0.02012499271153505,contrast_low|contrast_low,brightness_dark|brightness_dark
T013-S1,A,71,contrast_low,contrast_low,0.3172903635978727,0.75,-0.02012499271153505,contrast_low|contrast_low,brightness_dark|brightness_dark
T013-S2,A,71,contrast_low,contrast_low,0.3172903635978727,0.75,-0.02012499271153505,contrast_low|contrast_low,brightness_dark|brightness_dark
T013-S3,A,71,contrast_low,contrast_low,0.3172903635978727,0.75,-0.02012499271153505,contrast_low|contrast_low,brightness_dark|brightness_dark
T013-S0,A,68,clean,clean,0.45542455414570265,0.45,-0.020124553108061355,gaussian_blur|gaussian_blur,contrast_low|contrast_low
T013-S1,A,68,clean,clean,0.45542455414570265,0.45,-0.020124553108061355,gaussian_blur|gaussian_blur,contrast_low|contrast_low
T013-S2,A,68,clean,clean,0.45542455414570265,0.45,-0.020124553108061355,gaussian_blur|gaussian_blur,contrast_low|contrast_low
T013-S3,A,68,clean,clean,0.45542455414570265,0.45,-0.020124553108061355,gaussian_blur|gaussian_blur,contrast_low|contrast_low
T013-S0,A,15,clean,gaussian_blur,-0.0,1.0,-0.020107238605898123,gaussian_blur|gaussian_blur,gaussian_noise|brightness_dark
T013-S0,B,15,clean,gaussian_blur,-0.0,1.0,-0.020107238605898123,gaussian_blur|gaussian_blur,brightness_dark|brightness_dark
T013-S0,B,21,clean,clean,-0.0,1.0,-0.020107238605898123,gaussian_noise|gaussian_noise,brightness_dark|brightness_dark
T013-S2,B,21,gaussian_blur,gaussian_blur,-0.0,1.0,-0.020107238605898123,gaussian_noise|gaussian_noise,gaussian_noise|brightness_dark
T013-S3,B,15,clean,gaussian_blur,-0.0,1.0,-0.020107238605898123,gaussian_blur|gaussian_blur,brightness_dark|brightness_dark
T013-S3,B,21,clean,clean,-0.0,1.0,-0.020107238605898123,gaussian_noise|gaussian_noise,brightness_dark|brightness_dark
T013-S3,A,93,clean,clean,-0.0,1.0,-0.020093788947967758,gaussian_noise|gaussian_noise,brightness_dark|gaussian_noise
T013-S0,B,62,gaussian_blur,gaussian_blur,0.5878285561418409,0.3,-0.020082511260615724,gaussian_blur|gaussian_blur,brightness_dark|brightness_dark
T013-S1,B,62,gaussian_blur,gaussian_blur,0.5878285561418409,0.3,-0.020082511260615724,gaussian_blur|gaussian_blur,brightness_dark|brightness_dark
T013-S2,B,62,gaussian_blur,gaussian_blur,0.5878285561418409,0.3,-0.020082511260615724,gaussian_blur|gaussian_blur,brightness_dark|brightness_dark
T013-S3,B,62,gaussian_blur,gaussian_blur,0.5878285561418409,0.3,-0.020082511260615724,gaussian_blur|gaussian_blur,brightness_dark|brightness_dark
T013-S0,A,62,contrast_low,contrast_low,0.5878285561418409,0.3,-0.020070360598065082,contrast_low|contrast_low,brightness_dark|brightness_dark
T013-S1,A,62,contrast_low,contrast_low,0.5878285561418409,0.3,-0.020070360598065082,contrast_low|contrast_low,brightness_dark|brightness_dark
T013-S2,A,62,contrast_low,contrast_low,0.5878285561418409,0.3,-0.020070360598065082,contrast_low|contrast_low,brightness_dark|brightness_dark
T013-S3,A,62,contrast_low,contrast_low,0.5878285561418409,0.3,-0.020070360598065082,contrast_low|contrast_low,brightness_dark|brightness_dark
T013-S0,B,13,gaussian_blur,gaussian_blur,0.3172903635978727,0.75,-0.020066889632107024,contrast_low|gaussian_blur,contrast_low|contrast_low
T013-S0,A,90,gaussian_noise,gaussian_noise,0.5365043035268443,0.45,-0.020033966243027664,gaussian_noise|gaussian_noise,brightness_dark|brightness_dark
T013-S1,A,90,gaussian_noise,gaussian_noise,0.5365043035268443,0.45,-0.020033966243027664,gaussian_noise|gaussian_noise,brightness_dark|brightness_dark
T013-S2,A,90,gaussian_noise,gaussian_noise,0.5365043035268443,0.45,-0.020033966243027664,gaussian_noise|gaussian_noise,brightness_dark|brightness_dark
T013-S3,A,90,gaussian_noise,gaussian_noise,0.5365043035268443,0.45,-0.020033966243027664,gaussian_noise|gaussian_noise,brightness_dark|brightness_dark
T013-S0,A,49,gaussian_blur,gaussian_blur,0.18358022428449897,0.85,-0.020008214516223668,gaussian_blur|gaussian_blur,contrast_low|contrast_low
T013-S0,B,7,clean,clean,0.14118174150460758,0.9,-0.020008214516223668,gaussian_noise|gaussian_noise,gaussian_blur|gaussian_blur
T013-S1,A,49,gaussian_blur,gaussian_blur,0.18358022428449897,0.85,-0.020008214516223668,gaussian_blur|gaussian_blur,contrast_low|contrast_low
T013-S1,B,7,clean,clean,0.14118174150460758,0.9,-0.020008214516223668,gaussian_noise|gaussian_noise,gaussian_blur|gaussian_blur
T013-S2,A,49,gaussian_blur,gaussian_blur,0.18358022428449897,0.85,-0.020008214516223668,gaussian_blur|gaussian_blur,contrast_low|contrast_low
T013-S2,B,7,clean,clean,0.14118174150460758,0.9,-0.020008214516223668,gaussian_noise|gaussian_noise,gaussian_blur|gaussian_blur
T013-S3,A,49,gaussian_blur,gaussian_blur,0.18358022428449897,0.85,-0.020008214516223668,gaussian_blur|gaussian_blur,contrast_low|contrast_low
T013-S3,B,7,clean,clean,0.14118174150460758,0.9,-0.020008214516223668,gaussian_noise|gaussian_noise,gaussian_blur|gaussian_blur
T013-S0,A,87,gaussian_blur,gaussian_blur,0.14118174150460758,0.9,-0.02,clean|gaussian_blur,brightness_dark|brightness_dark
T013-S0,A,55,gaussian_blur,gaussian_blur,0.08621407475879368,0.95,-0.019973368841544607,gaussian_blur|gaussian_blur,clean|gaussian_noise
T013-S0,A,61,gaussian_noise,gaussian_noise,0.358755552239424,0.75,-0.019964633068081345,gaussian_noise|gaussian_noise,brightness_dark|brightness_dark
T013-S0,B,61,gaussian_noise,gaussian_noise,0.358755552239424,0.75,-0.019964633068081345,gaussian_noise|gaussian_noise,brightness_dark|brightness_dark
T013-S1,A,61,gaussian_noise,gaussian_noise,0.358755552239424,0.75,-0.019964633068081345,gaussian_noise|gaussian_noise,brightness_dark|brightness_dark
T013-S1,B,61,gaussian_noise,gaussian_noise,0.358755552239424,0.75,-0.019964633068081345,gaussian_noise|gaussian_noise,brightness_dark|brightness_dark
T013-S2,A,61,gaussian_noise,gaussian_noise,0.358755552239424,0.75,-0.019964633068081345,gaussian_noise|gaussian_noise,brightness_dark|brightness_dark
T013-S2,B,61,gaussian_noise,gaussian_noise,0.358755552239424,0.75,-0.019964633068081345,gaussian_noise|gaussian_noise,brightness_dark|brightness_dark
T013-S3,A,61,gaussian_noise,gaussian_noise,0.358755552239424,0.75,-0.019964633068081345,gaussian_noise|gaussian_noise,brightness_dark|brightness_dark
T013-S3,B,61,gaussian_noise,gaussian_noise,0.358755552239424,0.75,-0.019964633068081345,gaussian_noise|gaussian_noise,brightness_dark|brightness_dark
T013-S0,B,37,clean,clean,0.34352144154944414,0.65,-0.019958832466888256,clean|clean,gaussian_noise|gaussian_noise
T013-S1,B,37,clean,clean,0.34352144154944414,0.65,-0.019958832466888256,clean|clean,gaussian_noise|gaussian_noise
T013-S2,B,37,clean,clean,0.34352144154944414,0.65,-0.019958832466888256,clean|clean,gaussian_noise|gaussian_noise
T013-S3,B,37,clean,clean,0.34352144154944414,0.65,-0.019958832466888256,clean|clean,gaussian_noise|gaussian_noise
T013-S1,B,96,gaussian_blur,gaussian_blur,0.08621407475879368,0.95,-0.019952574320127387,contrast_low|gaussian_blur,brightness_dark|brightness_dark
T013-S3,B,96,gaussian_blur,gaussian_blur,0.08621407475879368,0.95,-0.019952574320127387,gaussian_blur|contrast_low,brightness_dark|brightness_dark
T013-S0,B,32,clean,clean,0.6385229941014448,0.35,-0.019951361515770004,clean|gaussian_noise,gaussian_noise|gaussian_noise
T013-S0,A,7,clean,clean,0.14118174150460758,0.9,-0.019949539400340315,gaussian_noise|gaussian_noise,gaussian_blur|gaussian_blur
T013-S0,A,49,clean,clean,0.18358022428449897,0.85,-0.019949539400340315,clean|clean,gaussian_blur|gaussian_blur
T013-S1,A,7,clean,clean,0.14118174150460758,0.9,-0.019949539400340315,gaussian_noise|gaussian_noise,gaussian_blur|gaussian_blur
T013-S1,A,49,clean,clean,0.18358022428449897,0.85,-0.019949539400340315,clean|clean,gaussian_blur|gaussian_blur
T013-S2,A,7,clean,clean,0.14118174150460758,0.9,-0.019949539400340315,gaussian_noise|gaussian_noise,gaussian_blur|gaussian_blur
T013-S2,A,49,clean,clean,0.18358022428449897,0.85,-0.019949539400340315,clean|clean,gaussian_blur|gaussian_blur
T013-S3,A,7,clean,clean,0.14118174150460758,0.9,-0.019949539400340315,gaussian_noise|gaussian_noise,gaussian_blur|gaussian_blur
T013-S3,A,49,clean,clean,0.18358022428449897,0.85,-0.019949539400340315,clean|clean,gaussian_blur|gaussian_blur
T013-S2,A,35,gaussian_noise,gaussian_noise,0.2988548895792612,0.55,-0.01994219524469047,clean|clean,gaussian_noise|clean
T013-S0,B,61,gaussian_blur,gaussian_blur,0.358755552239424,0.75,-0.019929639401934915,gaussian_blur|gaussian_blur,brightness_dark|brightness_dark
T013-S1,B,61,gaussian_blur,gaussian_blur,0.358755552239424,0.75,-0.019929639401934915,gaussian_blur|gaussian_blur,brightness_dark|brightness_dark
T013-S2,B,61,gaussian_blur,gaussian_blur,0.358755552239424,0.75,-0.019929639401934915,gaussian_blur|gaussian_blur,brightness_dark|brightness_dark
T013-S3,B,61,gaussian_blur,gaussian_blur,0.358755552239424,0.75,-0.019929639401934915,gaussian_blur|gaussian_blur,brightness_dark|brightness_dark
T013-S2,A,32,clean,clean,0.6385229941014448,0.35,-0.019920762349116453,gaussian_noise|clean,gaussian_noise|gaussian_noise
T013-S3,A,44,gaussian_blur,gaussian_blur,0.3670280240301799,0.55,-0.019911885296297987,gaussian_blur|gaussian_blur,gaussian_noise|gaussian_noise
T013-S1,A,0,gaussian_blur,gaussian_blur,0.22504541292605024,0.85,-0.019910779082273886,gaussian_blur|gaussian_blur,contrast_low|brightness_dark
T013-S1,A,43,contrast_low,contrast_low,0.29228525323862886,0.6,-0.019895025005835874,contrast_low|contrast_low,gaussian_noise|brightness_dark
T013-S1,B,91,gaussian_noise,gaussian_noise,0.22504541292605024,0.85,-0.01989389920424403,clean|gaussian_noise,brightness_dark|brightness_dark
T013-S3,B,91,gaussian_noise,gaussian_noise,0.22504541292605024,0.85,-0.01989389920424403,gaussian_noise|clean,brightness_dark|brightness_dark
T013-S0,A,52,clean,gaussian_blur,0.14118174150460758,0.9,-0.019880715705765408,gaussian_blur|gaussian_blur,gaussian_noise|gaussian_noise
T013-S0,A,52,contrast_low,contrast_low,0.14118174150460758,0.9,-0.019880715705765408,contrast_low|contrast_low,gaussian_noise|gaussian_noise
T013-S1,A,52,clean,gaussian_blur,0.14118174150460758,0.9,-0.019880715705765408,gaussian_blur|gaussian_blur,gaussian_noise|gaussian_noise
T013-S1,A,52,contrast_low,contrast_low,0.14118174150460758,0.9,-0.019880715705765408,contrast_low|contrast_low,gaussian_noise|gaussian_noise
T013-S1,B,52,clean,gaussian_blur,0.14118174150460758,0.9,-0.019880715705765408,gaussian_blur|gaussian_blur,gaussian_noise|gaussian_noise
T013-S2,A,52,clean,gaussian_blur,0.14118174150460758,0.9,-0.019880715705765408,gaussian_blur|gaussian_blur,gaussian_noise|gaussian_noise
T013-S2,A,52,contrast_low,contrast_low,0.14118174150460758,0.9,-0.019880715705765408,contrast_low|contrast_low,gaussian_noise|gaussian_noise
T013-S2,B,52,clean,gaussian_blur,0.14118174150460758,0.9,-0.019880715705765408,gaussian_blur|gaussian_blur,gaussian_noise|gaussian_noise
T013-S3,A,52,clean,gaussian_blur,0.14118174150460758,0.9,-0.019880715705765408,gaussian_blur|gaussian_blur,gaussian_noise|gaussian_noise
T013-S3,A,52,contrast_low,contrast_low,0.14118174150460758,0.9,-0.019880715705765408,contrast_low|contrast_low,gaussian_noise|gaussian_noise
T013-S3,B,52,clean,gaussian_blur,0.14118174150460758,0.9,-0.019880715705765408,gaussian_blur|gaussian_blur,gaussian_noise|gaussian_noise
T013-S1,B,82,contrast_low,contrast_low,0.08621407475879368,0.95,-0.0198734236120806,contrast_low|contrast_low,contrast_low|brightness_dark
T013-S0,A,45,brightness_dark,brightness_dark,0.3076310099728432,0.8,-0.01984983132717234,brightness_dark|brightness_dark,gaussian_noise|gaussian_noise
T013-S0,B,45,brightness_dark,brightness_dark,0.3076310099728432,0.8,-0.01984983132717234,brightness_dark|brightness_dark,gaussian_noise|gaussian_noise
T013-S1,A,45,brightness_dark,brightness_dark,0.3076310099728432,0.8,-0.01984983132717234,brightness_dark|brightness_dark,gaussian_noise|gaussian_noise
T013-S1,B,45,brightness_dark,brightness_dark,0.3076310099728432,0.8,-0.01984983132717234,brightness_dark|brightness_dark,gaussian_noise|gaussian_noise
T013-S2,A,45,brightness_dark,brightness_dark,0.3076310099728432,0.8,-0.01984983132717234,brightness_dark|brightness_dark,gaussian_noise|gaussian_noise
T013-S2,B,45,brightness_dark,brightness_dark,0.3076310099728432,0.8,-0.01984983132717234,brightness_dark|brightness_dark,gaussian_noise|gaussian_noise
T013-S3,A,45,brightness_dark,brightness_dark,0.3076310099728432,0.8,-0.01984983132717234,brightness_dark|brightness_dark,gaussian_noise|gaussian_noise
T013-S3,B,45,brightness_dark,brightness_dark,0.3076310099728432,0.8,-0.01984983132717234,brightness_dark|brightness_dark,gaussian_noise|gaussian_noise
T013-S2,B,70,clean,clean,0.21732201127364886,0.8,-0.019823911871951178,gaussian_noise|clean,gaussian_noise|gaussian_noise
T013-S1,A,23,clean,clean,0.5374816209824899,0.5,-0.019819517372458302,clean|gaussian_noise,gaussian_noise|gaussian_noise
T013-S1,B,23,clean,clean,0.5374816209824899,0.5,-0.019819517372458302,clean|gaussian_noise,gaussian_noise|gaussian_noise
T013-S0,B,43,contrast_low,contrast_low,0.29228525323862886,0.6,-0.01978891820580475,contrast_low|contrast_low,brightness_dark|gaussian_noise
T013-S1,B,70,clean,clean,0.21732201127364886,0.8,-0.019762428326704558,clean|gaussian_noise,gaussian_noise|gaussian_noise
T013-S0,A,0,gaussian_blur,gaussian_blur,0.22504541292605024,0.85,-0.01968012517845656,gaussian_blur|gaussian_blur,brightness_dark|contrast_low
T013-S0,A,20,gaussian_noise,gaussian_noise,-0.0,1.0,-0.019646365422396856,gaussian_noise|gaussian_noise,clean|clean
T013-S0,A,80,contrast_low,contrast_low,0.14118174150460758,0.9,-0.019646365422396856,contrast_low|contrast_low,gaussian_blur|gaussian_blur
T013-S0,B,80,contrast_low,contrast_low,0.14118174150460758,0.9,-0.019646365422396856,contrast_low|contrast_low,gaussian_blur|gaussian_blur
T013-S1,A,20,gaussian_noise,gaussian_noise,-0.0,1.0,-0.019646365422396856,gaussian_noise|gaussian_noise,clean|clean
T013-S1,A,80,contrast_low,contrast_low,0.14118174150460758,0.9,-0.019646365422396856,contrast_low|contrast_low,gaussian_blur|gaussian_blur
T013-S2,A,80,contrast_low,contrast_low,0.14118174150460758,0.9,-0.019646365422396856,contrast_low|contrast_low,gaussian_blur|gaussian_blur
T013-S2,B,74,gaussian_noise,gaussian_noise,-0.0,1.0,-0.019646365422396856,gaussian_noise|clean,clean|clean
T013-S2,B,80,contrast_low,contrast_low,0.14118174150460758,0.9,-0.019646365422396856,contrast_low|contrast_low,gaussian_blur|gaussian_blur
T013-S3,A,20,gaussian_noise,gaussian_noise,-0.0,1.0,-0.019646365422396856,gaussian_noise|gaussian_noise,clean|clean
T013-S3,A,80,contrast_low,contrast_low,0.14118174150460758,0.9,-0.019646365422396856,contrast_low|contrast_low,gaussian_blur|gaussian_blur
T013-S3,B,80,contrast_low,contrast_low,0.14118174150460758,0.9,-0.019646365422396856,contrast_low|contrast_low,gaussian_blur|gaussian_blur
T013-S0,A,90,gaussian_blur,gaussian_blur,0.5365043035268443,0.45,-0.019626541511083,gaussian_blur|gaussian_blur,brightness_dark|brightness_dark
T013-S1,A,90,gaussian_blur,gaussian_blur,0.5365043035268443,0.45,-0.019626541511083,gaussian_blur|gaussian_blur,brightness_dark|brightness_dark
T013-S2,A,90,gaussian_blur,gaussian_blur,0.5365043035268443,0.45,-0.019626541511083,gaussian_blur|gaussian_blur,brightness_dark|brightness_dark
T013-S3,A,90,gaussian_blur,gaussian_blur,0.5365043035268443,0.45,-0.019626541511083,gaussian_blur|gaussian_blur,brightness_dark|brightness_dark
T013-S3,B,0,gaussian_blur,gaussian_blur,0.22504541292605024,0.85,-0.019515102657225114,gaussian_blur|gaussian_blur,brightness_dark|contrast_low
T013-S0,A,88,contrast_low,contrast_low,0.4802818720531094,0.6,-0.01944751556994345,contrast_low|contrast_low,gaussian_blur|gaussian_blur
T013-S1,A,88,contrast_low,contrast_low,0.4802818720531094,0.6,-0.01944751556994345,contrast_low|contrast_low,gaussian_blur|gaussian_blur
T013-S2,A,88,contrast_low,contrast_low,0.4802818720531094,0.6,-0.01944751556994345,contrast_low|contrast_low,gaussian_blur|gaussian_blur
T013-S3,A,88,contrast_low,contrast_low,0.4802818720531094,0.6,-0.01944751556994345,contrast_low|contrast_low,gaussian_blur|gaussian_blur
T013-S1,A,63,gaussian_noise,gaussian_noise,0.37162086641628495,0.5,-0.019049815865036627,gaussian_noise|gaussian_noise,clean|clean
T013-S2,A,63,gaussian_noise,gaussian_noise,0.37162086641628495,0.5,-0.019049815865036627,gaussian_noise|gaussian_noise,clean|clean
T013-S3,A,63,gaussian_noise,gaussian_noise,0.37162086641628495,0.5,-0.019049815865036627,gaussian_noise|gaussian_noise,clean|clean
T013-S0,B,84,contrast_low,contrast_low,0.45542455414570265,0.45,-0.014191211603984476,contrast_low|contrast_low,gaussian_noise|clean
T013-S0,B,33,gaussian_blur,gaussian_blur,0.18358022428449897,0.85,-0.014100605685107837,gaussian_blur|gaussian_blur,brightness_dark|brightness_dark
T013-S0,B,33,clean,clean,0.18358022428449897,0.85,-0.013949273427123725,gaussian_noise|gaussian_noise,gaussian_noise|brightness_dark
T013-S3,B,33,gaussian_blur,gaussian_blur,0.18358022428449897,0.85,-0.013797941169139613,gaussian_blur|gaussian_blur,brightness_dark|gaussian_blur
T013-S1,B,5,gaussian_noise,gaussian_noise,0.3849866301909954,0.65,-0.013663699421763176,gaussian_noise|gaussian_noise,brightness_dark|gaussian_noise
T013-S0,A,28,brightness_dark,brightness_dark,0.5053986284565879,0.65,-0.013646608911155501,brightness_dark|brightness_dark,contrast_low|contrast_low
T013-S1,A,28,brightness_dark,brightness_dark,0.5053986284565879,0.65,-0.013646608911155501,brightness_dark|brightness_dark,contrast_low|contrast_low
T013-S2,A,28,brightness_dark,brightness_dark,0.5053986284565879,0.65,-0.013646608911155501,brightness_dark|brightness_dark,contrast_low|contrast_low
T013-S3,A,28,brightness_dark,brightness_dark,0.5053986284565879,0.65,-0.013646608911155501,brightness_dark|brightness_dark,contrast_low|contrast_low
T013-S0,B,59,clean,clean,0.6145365019512083,0.4,-0.01363305484411117,clean|clean,gaussian_blur|gaussian_blur
T013-S1,B,59,clean,clean,0.6145365019512083,0.4,-0.01363305484411117,clean|clean,gaussian_blur|gaussian_blur
T013-S2,B,59,clean,clean,0.6145365019512083,0.4,-0.01363305484411117,clean|clean,gaussian_blur|gaussian_blur
T013-S3,B,59,clean,clean,0.6145365019512083,0.4,-0.01363305484411117,clean|clean,gaussian_blur|gaussian_blur
T013-S3,A,53,clean,clean,0.2652949955741215,0.7,-0.013608580325222004,clean|gaussian_blur,contrast_low|gaussian_blur
T013-S1,B,62,gaussian_noise,gaussian_noise,0.5878285561418409,0.3,-0.013569089718402096,clean|clean,brightness_dark|brightness_dark
T013-S3,A,62,gaussian_noise,gaussian_noise,0.5878285561418409,0.3,-0.013569089718402096,clean|gaussian_noise,brightness_dark|brightness_dark
T013-S3,B,62,gaussian_noise,gaussian_noise,0.5878285561418409,0.3,-0.013569089718402096,clean|clean,brightness_dark|brightness_dark
T013-S0,A,41,gaussian_blur,gaussian_blur,0.34739336316427083,0.75,-0.013557623846879667,gaussian_blur|gaussian_blur,contrast_low|contrast_low
T013-S1,A,41,gaussian_blur,gaussian_blur,0.34739336316427083,0.75,-0.013557623846879667,gaussian_blur|gaussian_blur,contrast_low|contrast_low
T013-S2,A,41,clean,clean,0.34739336316427083,0.75,-0.013557623846879667,clean|clean,gaussian_blur|brightness_dark
T013-S2,A,41,gaussian_blur,gaussian_blur,0.34739336316427083,0.75,-0.013557623846879667,gaussian_blur|gaussian_blur,contrast_low|contrast_low
T013-S2,B,41,clean,clean,0.34739336316427083,0.75,-0.013557623846879667,clean|clean,gaussian_blur|brightness_dark
T013-S3,A,41,gaussian_blur,gaussian_blur,0.34739336316427083,0.75,-0.013557623846879667,gaussian_blur|gaussian_blur,contrast_low|contrast_low
T013-S0,B,68,gaussian_noise,gaussian_noise,0.45542455414570265,0.45,-0.013550916849267673,clean|clean,gaussian_blur|gaussian_blur
T013-S2,B,68,gaussian_noise,gaussian_noise,0.45542455414570265,0.45,-0.013550916849267673,clean|clean,gaussian_blur|gaussian_blur
T013-S0,A,59,gaussian_blur,gaussian_blur,0.6145365019512083,0.4,-0.013540397702010412,gaussian_blur|gaussian_blur,contrast_low|contrast_low
T013-S1,A,59,gaussian_blur,gaussian_blur,0.6145365019512083,0.4,-0.013540397702010412,gaussian_blur|gaussian_blur,contrast_low|contrast_low
T013-S2,A,59,gaussian_blur,gaussian_blur,0.6145365019512083,0.4,-0.013540397702010412,gaussian_blur|gaussian_blur,contrast_low|contrast_low
T013-S3,A,59,gaussian_blur,gaussian_blur,0.6145365019512083,0.4,-0.013540397702010412,gaussian_blur|gaussian_blur,contrast_low|contrast_low
T013-S0,B,92,gaussian_noise,gaussian_noise,0.3239978696052098,0.7,-0.013530122327850452,clean|clean,gaussian_blur|gaussian_blur
T013-S0,B,2,contrast_low,contrast_low,0.1712847410710057,0.9,-0.01349527665317139,contrast_low|contrast_low,brightness_dark|brightness_dark
T013-S1,B,2,contrast_low,contrast_low,0.1712847410710057,0.9,-0.01349527665317139,contrast_low|contrast_low,brightness_dark|brightness_dark
T013-S2,B,2,contrast_low,contrast_low,0.1712847410710057,0.9,-0.01349527665317139,contrast_low|contrast_low,brightness_dark|brightness_dark
T013-S3,A,2,contrast_low,contrast_low,0.1712847410710057,0.9,-0.01349527665317139,contrast_low|contrast_low,brightness_dark|contrast_low
T013-S3,B,2,contrast_low,contrast_low,0.1712847410710057,0.9,-0.01349527665317139,contrast_low|contrast_low,brightness_dark|brightness_dark
T013-S0,A,76,gaussian_noise,gaussian_noise,0.37162086641628495,0.5,-0.013493253373313344,gaussian_noise|gaussian_noise,clean|clean
T013-S0,B,76,gaussian_noise,gaussian_noise,0.37162086641628495,0.5,-0.013493253373313344,gaussian_noise|gaussian_noise,clean|clean
T013-S1,A,76,gaussian_noise,gaussian_noise,0.37162086641628495,0.5,-0.013493253373313344,gaussian_noise|gaussian_noise,clean|clean
T013-S1,B,76,gaussian_noise,gaussian_noise,0.37162086641628495,0.5,-0.013493253373313344,gaussian_noise|gaussian_noise,clean|clean
T013-S2,A,76,gaussian_noise,gaussian_noise,0.37162086641628495,0.5,-0.013493253373313344,gaussian_noise|gaussian_noise,clean|clean
T013-S2,B,76,gaussian_noise,gaussian_noise,0.37162086641628495,0.5,-0.013493253373313344,gaussian_noise|gaussian_noise,clean|clean
T013-S3,A,76,gaussian_noise,gaussian_noise,0.37162086641628495,0.5,-0.013493253373313344,gaussian_noise|gaussian_noise,clean|clean
T013-S3,B,76,gaussian_noise,gaussian_noise,0.37162086641628495,0.5,-0.013493253373313344,gaussian_noise|gaussian_noise,clean|clean
T013-S0,A,62,gaussian_blur,gaussian_blur,0.5878285561418409,0.3,-0.013451211525867715,gaussian_blur|gaussian_blur,brightness_dark|brightness_dark
T013-S1,A,62,gaussian_noise,gaussian_noise,0.5878285561418409,0.3,-0.013451211525867715,clean|gaussian_noise,brightness_dark|brightness_dark
T013-S1,A,62,gaussian_blur,gaussian_blur,0.5878285561418409,0.3,-0.013451211525867715,gaussian_blur|gaussian_blur,brightness_dark|brightness_dark
T013-S2,A,62,gaussian_blur,gaussian_blur,0.5878285561418409,0.3,-0.013451211525867715,gaussian_blur|gaussian_blur,brightness_dark|brightness_dark
T013-S3,A,62,gaussian_blur,gaussian_blur,0.5878285561418409,0.3,-0.013451211525867715,gaussian_blur|gaussian_blur,brightness_dark|brightness_dark
T013-S3,B,92,gaussian_noise,gaussian_noise,0.3239978696052098,0.7,-0.013436601537288036,clean|clean,gaussian_blur|clean
T013-S1,A,53,clean,clean,0.2652949955741215,0.7,-0.013435589897359013,gaussian_blur|clean,contrast_low|gaussian_blur
T013-S0,A,21,clean,gaussian_blur,-0.0,1.0,-0.013404825737265416,gaussian_blur|gaussian_blur,gaussian_noise|gaussian_noise
T013-S1,A,21,clean,gaussian_blur,-0.0,1.0,-0.013404825737265416,gaussian_blur|gaussian_blur,gaussian_noise|brightness_dark
T013-S1,B,15,clean,gaussian_blur,-0.0,1.0,-0.013404825737265416,gaussian_blur|gaussian_blur,gaussian_noise|brightness_dark
T013-S2,A,21,clean,gaussian_blur,-0.0,1.0,-0.013404825737265416,gaussian_blur|gaussian_blur,gaussian_noise|brightness_dark
T013-S2,A,21,gaussian_blur,gaussian_blur,-0.0,1.0,-0.013404825737265416,gaussian_noise|gaussian_noise,gaussian_noise|brightness_dark
T013-S2,A,43,contrast_low,contrast_low,0.29228525323862886,0.6,-0.013404825737265416,contrast_low|contrast_low,gaussian_noise|brightness_dark
T013-S2,B,15,clean,gaussian_blur,-0.0,1.0,-0.013404825737265416,gaussian_blur|gaussian_blur,gaussian_noise|brightness_dark
T013-S3,A,21,clean,gaussian_blur,-0.0,1.0,-0.013404825737265416,gaussian_blur|gaussian_blur,gaussian_noise|gaussian_noise
T013-S0,A,36,gaussian_blur,gaussian_blur,0.4385343715564183,0.7,-0.013402774206066077,gaussian_blur|gaussian_blur,brightness_dark|contrast_low
T013-S0,B,36,gaussian_blur,gaussian_blur,0.4385343715564183,0.7,-0.013402774206066077,gaussian_blur|gaussian_blur,contrast_low|contrast_low
T013-S2,B,36,gaussian_blur,gaussian_blur,0.4385343715564183,0.7,-0.013402774206066077,gaussian_blur|gaussian_blur,contrast_low|contrast_low
T013-S0,B,66,gaussian_blur,gaussian_blur,0.1712847410710057,0.9,-0.013389733984896252,contrast_low|gaussian_blur,brightness_dark|brightness_dark
T013-S2,B,76,clean,clean,0.37162086641628495,0.5,-0.013377926421404682,gaussian_noise|clean,clean|clean
T013-S0,A,61,clean,clean,0.358755552239424,0.75,-0.013333333333333334,gaussian_noise|gaussian_noise,brightness_dark|brightness_dark
T013-S0,A,61,gaussian_blur,gaussian_blur,0.358755552239424,0.75,-0.013333333333333334,gaussian_blur|gaussian_blur,brightness_dark|brightness_dark
T013-S0,B,61,clean,clean,0.358755552239424,0.75,-0.013333333333333334,gaussian_noise|gaussian_noise,brightness_dark|brightness_dark
T013-S1,A,61,clean,clean,0.358755552239424,0.75,-0.013333333333333334,gaussian_noise|gaussian_noise,brightness_dark|brightness_dark
T013-S1,A,61,gaussian_blur,gaussian_blur,0.358755552239424,0.75,-0.013333333333333334,gaussian_blur|gaussian_blur,brightness_dark|brightness_dark
T013-S1,B,61,clean,clean,0.358755552239424,0.75,-0.013333333333333334,gaussian_noise|gaussian_noise,brightness_dark|brightness_dark
T013-S2,A,61,clean,clean,0.358755552239424,0.75,-0.013333333333333334,gaussian_noise|gaussian_noise,brightness_dark|brightness_dark
T013-S2,A,61,gaussian_blur,gaussian_blur,0.358755552239424,0.75,-0.013333333333333334,gaussian_blur|gaussian_blur,brightness_dark|brightness_dark
T013-S2,B,61,clean,clean,0.358755552239424,0.75,-0.013333333333333334,gaussian_noise|gaussian_noise,brightness_dark|brightness_dark
T013-S3,A,61,clean,clean,0.358755552239424,0.75,-0.013333333333333334,gaussian_noise|gaussian_noise,brightness_dark|brightness_dark
T013-S3,A,61,gaussian_blur,gaussian_blur,0.358755552239424,0.75,-0.013333333333333334,gaussian_blur|gaussian_blur,brightness_dark|brightness_dark
T013-S3,B,61,clean,clean,0.358755552239424,0.75,-0.013333333333333334,gaussian_noise|gaussian_noise,brightness_dark|brightness_dark
T013-S1,A,36,gaussian_blur,gaussian_blur,0.4385343715564183,0.7,-0.013320262945450351,gaussian_blur|gaussian_blur,contrast_low|brightness_dark
T013-S1,B,36,gaussian_blur,gaussian_blur,0.4385343715564183,0.7,-0.013320262945450351,gaussian_blur|gaussian_blur,contrast_low|brightness_dark
T013-S0,B,44,gaussian_blur,gaussian_blur,0.3670280240301799,0.55,-0.013315579227696404,gaussian_blur|gaussian_blur,gaussian_noise|gaussian_noise
T013-S1,A,44,gaussian_blur,gaussian_blur,0.3670280240301799,0.55,-0.013315579227696404,gaussian_blur|gaussian_blur,clean|gaussian_noise
T013-S1,B,44,gaussian_blur,gaussian_blur,0.3670280240301799,0.55,-0.013315579227696404,gaussian_blur|gaussian_blur,clean|gaussian_noise
T013-S2,A,55,gaussian_blur,gaussian_blur,0.08621407475879368,0.95,-0.013315579227696404,gaussian_blur|gaussian_blur,clean|gaussian_noise
T013-S2,B,44,gaussian_blur,gaussian_blur,0.3670280240301799,0.55,-0.013315579227696404,gaussian_blur|gaussian_blur,gaussian_noise|gaussian_noise
T013-S3,B,44,gaussian_blur,gaussian_blur,0.3670280240301799,0.55,-0.013315579227696404,gaussian_blur|gaussian_blur,gaussian_noise|gaussian_noise
T013-S3,B,55,gaussian_blur,gaussian_blur,0.08621407475879368,0.95,-0.013315579227696404,gaussian_blur|gaussian_blur,clean|clean
T013-S1,B,66,gaussian_blur,gaussian_blur,0.1712847410710057,0.9,-0.013307222724280527,contrast_low|gaussian_blur,brightness_dark|brightness_dark
T013-S2,A,88,gaussian_noise,gaussian_noise,0.4802818720531094,0.6,-0.01329642680071798,gaussian_noise|clean,clean|clean
T013-S2,B,88,gaussian_noise,gaussian_noise,0.4802818720531094,0.6,-0.01329642680071798,gaussian_noise|clean,clean|clean
T013-S3,A,6,gaussian_noise,gaussian_noise,0.37162086641628495,0.5,-0.01329642680071798,gaussian_noise|gaussian_noise,clean|gaussian_noise
T013-S0,A,34,gaussian_blur,gaussian_blur,0.3172903635978727,0.75,-0.013284694849103338,gaussian_blur|gaussian_blur,gaussian_noise|gaussian_blur
T013-S2,A,34,gaussian_blur,gaussian_blur,0.3172903635978727,0.75,-0.013284694849103338,gaussian_blur|gaussian_blur,gaussian_blur|clean
T013-S2,B,35,gaussian_noise,gaussian_noise,0.2988548895792612,0.55,-0.013284405630842266,clean|clean,gaussian_noise|clean
T013-S0,B,61,contrast_low,contrast_low,0.358755552239424,0.75,-0.01326297273526825,contrast_low|contrast_low,brightness_dark|brightness_dark
T013-S1,B,61,contrast_low,contrast_low,0.358755552239424,0.75,-0.01326297273526825,contrast_low|contrast_low,brightness_dark|brightness_dark
T013-S2,B,32,clean,clean,0.6385229941014448,0.35,-0.01326297273526825,gaussian_noise|clean,gaussian_noise|gaussian_noise
T013-S2,B,61,contrast_low,contrast_low,0.358755552239424,0.75,-0.01326297273526825,contrast_low|contrast_low,brightness_dark|brightness_dark
T013-S3,B,61,contrast_low,contrast_low,0.358755552239424,0.75,-0.01326297273526825,contrast_low|contrast_low,brightness_dark|brightness_dark
T013-S0,A,81,contrast_low,contrast_low,0.08621407475879368,0.95,-0.013262599469496022,contrast_low|contrast_low,brightness_dark|brightness_dark
T013-S0,A,81,gaussian_noise,gaussian_noise,0.08621407475879368,0.95,-0.013262599469496022,gaussian_noise|gaussian_noise,brightness_dark|brightness_dark
T013-S0,A,81,gaussian_blur,gaussian_blur,0.08621407475879368,0.95,-0.013262599469496022,gaussian_blur|gaussian_blur,brightness_dark|brightness_dark
T013-S0,B,81,contrast_low,contrast_low,0.08621407475879368,0.95,-0.013262599469496022,contrast_low|contrast_low,brightness_dark|brightness_dark
T013-S0,B,81,gaussian_noise,gaussian_noise,0.08621407475879368,0.95,-0.013262599469496022,gaussian_noise|gaussian_noise,brightness_dark|brightness_dark
T013-S0,B,81,gaussian_blur,gaussian_blur,0.08621407475879368,0.95,-0.013262599469496022,gaussian_blur|gaussian_blur,brightness_dark|brightness_dark
T013-S1,A,2,clean,clean,0.1712847410710057,0.9,-0.013262599469496022,clean|clean,brightness_dark|gaussian_noise
T013-S1,A,81,contrast_low,contrast_low,0.08621407475879368,0.95,-0.013262599469496022,contrast_low|contrast_low,brightness_dark|brightness_dark
T013-S1,A,81,gaussian_noise,gaussian_noise,0.08621407475879368,0.95,-0.013262599469496022,gaussian_noise|gaussian_noise,brightness_dark|brightness_dark
T013-S1,A,81,gaussian_blur,gaussian_blur,0.08621407475879368,0.95,-0.013262599469496022,gaussian_blur|gaussian_blur,brightness_dark|brightness_dark
T013-S1,B,2,clean,clean,0.1712847410710057,0.9,-0.013262599469496022,clean|clean,brightness_dark|gaussian_noise
T013-S1,B,81,gaussian_noise,gaussian_noise,0.08621407475879368,0.95,-0.013262599469496022,gaussian_noise|gaussian_noise,brightness_dark|brightness_dark
T013-S1,B,81,gaussian_blur,gaussian_blur,0.08621407475879368,0.95,-0.013262599469496022,gaussian_blur|gaussian_blur,brightness_dark|brightness_dark
T013-S2,A,2,clean,clean,0.1712847410710057,0.9,-0.013262599469496022,clean|gaussian_blur,brightness_dark|brightness_dark
T013-S2,A,81,contrast_low,contrast_low,0.08621407475879368,0.95,-0.013262599469496022,contrast_low|contrast_low,brightness_dark|brightness_dark
T013-S2,A,81,gaussian_noise,gaussian_noise,0.08621407475879368,0.95,-0.013262599469496022,gaussian_noise|gaussian_noise,brightness_dark|brightness_dark
T013-S2,A,81,gaussian_blur,gaussian_blur,0.08621407475879368,0.95,-0.013262599469496022,gaussian_blur|gaussian_blur,brightness_dark|brightness_dark
T013-S2,B,2,clean,clean,0.1712847410710057,0.9,-0.013262599469496022,clean|clean,brightness_dark|brightness_dark
T013-S2,B,81,contrast_low,contrast_low,0.08621407475879368,0.95,-0.013262599469496022,contrast_low|contrast_low,brightness_dark|brightness_dark
T013-S2,B,81,gaussian_noise,gaussian_noise,0.08621407475879368,0.95,-0.013262599469496022,gaussian_noise|gaussian_noise,brightness_dark|brightness_dark
T013-S2,B,81,gaussian_blur,gaussian_blur,0.08621407475879368,0.95,-0.013262599469496022,gaussian_blur|gaussian_blur,brightness_dark|brightness_dark
T013-S3,A,2,clean,clean,0.1712847410710057,0.9,-0.013262599469496022,clean|clean,brightness_dark|gaussian_noise
T013-S3,A,36,gaussian_blur,gaussian_blur,0.4385343715564183,0.7,-0.013262599469496022,gaussian_blur|gaussian_blur,brightness_dark|contrast_low
T013-S3,A,81,contrast_low,contrast_low,0.08621407475879368,0.95,-0.013262599469496022,contrast_low|contrast_low,brightness_dark|brightness_dark
T013-S3,A,81,gaussian_noise,gaussian_noise,0.08621407475879368,0.95,-0.013262599469496022,gaussian_noise|gaussian_noise,brightness_dark|brightness_dark
T013-S3,A,81,gaussian_blur,gaussian_blur,0.08621407475879368,0.95,-0.013262599469496022,gaussian_blur|gaussian_blur,brightness_dark|brightness_dark
T013-S3,B,2,clean,clean,0.1712847410710057,0.9,-0.013262599469496022,clean|clean,brightness_dark|gaussian_noise
T013-S3,B,36,gaussian_blur,gaussian_blur,0.4385343715564183,0.7,-0.013262599469496022,gaussian_blur|gaussian_blur,brightness_dark|contrast_low
T013-S3,B,81,contrast_low,contrast_low,0.08621407475879368,0.95,-0.013262599469496022,contrast_low|contrast_low,contrast_low|brightness_dark
T013-S3,B,81,gaussian_noise,gaussian_noise,0.08621407475879368,0.95,-0.013262599469496022,gaussian_noise|gaussian_noise,brightness_dark|brightness_dark
T013-S3,B,81,gaussian_blur,gaussian_blur,0.08621407475879368,0.95,-0.013262599469496022,gaussian_blur|gaussian_blur,brightness_dark|brightness_dark
T013-S0,A,44,gaussian_blur,gaussian_blur,0.3670280240301799,0.55,-0.013254095682449785,gaussian_blur|gaussian_blur,clean|gaussian_noise
T013-S0,B,44,clean,clean,0.3670280240301799,0.55,-0.013254095682449785,clean|clean,gaussian_noise|gaussian_noise
T013-S1,B,44,clean,clean,0.3670280240301799,0.55,-0.013254095682449785,clean|clean,gaussian_noise|gaussian_noise
T013-S2,A,44,gaussian_blur,gaussian_blur,0.3670280240301799,0.55,-0.013254095682449785,gaussian_blur|gaussian_blur,clean|gaussian_noise
T013-S2,B,44,clean,clean,0.3670280240301799,0.55,-0.013254095682449785,clean|clean,gaussian_noise|gaussian_noise
T013-S3,B,44,clean,clean,0.3670280240301799,0.55,-0.013254095682449785,clean|clean,gaussian_noise|gaussian_noise
T013-S0,B,52,contrast_low,contrast_low,0.14118174150460758,0.9,-0.013253810470510271,contrast_low|contrast_low,gaussian_noise|gaussian_noise
T013-S1,B,52,contrast_low,contrast_low,0.14118174150460758,0.9,-0.013253810470510271,contrast_low|contrast_low,gaussian_noise|gaussian_noise
T013-S2,B,52,contrast_low,contrast_low,0.14118174150460758,0.9,-0.013253810470510271,contrast_low|contrast_low,gaussian_noise|gaussian_noise
T013-S3,B,52,contrast_low,contrast_low,0.14118174150460758,0.9,-0.013253810470510271,contrast_low|contrast_low,gaussian_noise|gaussian_noise
T013-S3,B,97,gaussian_blur,gaussian_blur,0.29854955310662773,0.75,-0.013253810470510271,gaussian_noise|clean,gaussian_noise|gaussian_noise
T013-S1,B,35,clean,clean,0.2988548895792612,0.55,-0.013222058437133989,gaussian_blur|clean,clean|clean
T013-S0,B,96,gaussian_blur,gaussian_blur,0.08621407475879368,0.95,-0.013204935993541691,contrast_low|contrast_low,brightness_dark|brightness_dark
T013-S0,A,3,contrast_low,contrast_low,-0.0,1.0,-0.013192612137203167,contrast_low|contrast_low,gaussian_noise|gaussian_noise
T013-S1,A,3,contrast_low,contrast_low,-0.0,1.0,-0.013192612137203167,contrast_low|contrast_low,gaussian_noise|gaussian_noise
T013-S2,A,3,contrast_low,contrast_low,-0.0,1.0,-0.013192612137203167,contrast_low|contrast_low,gaussian_noise|gaussian_noise
T013-S3,A,3,contrast_low,contrast_low,-0.0,1.0,-0.013192612137203167,contrast_low|contrast_low,gaussian_noise|gaussian_noise
T013-S3,A,84,gaussian_blur,gaussian_blur,0.45542455414570265,0.45,-0.01317569370938742,gaussian_blur|clean,clean|clean
T013-S0,A,91,gaussian_noise,gaussian_noise,0.22504541292605024,0.85,-0.013146260877658337,clean|gaussian_noise,brightness_dark|brightness_dark
T013-S0,B,91,gaussian_noise,gaussian_noise,0.22504541292605024,0.85,-0.013146260877658337,clean|gaussian_noise,brightness_dark|brightness_dark
T013-S1,A,91,gaussian_noise,gaussian_noise,0.22504541292605024,0.85,-0.013146260877658337,gaussian_noise|gaussian_noise,brightness_dark|brightness_dark
T013-S2,A,91,gaussian_noise,gaussian_noise,0.22504541292605024,0.85,-0.013146260877658337,gaussian_noise|clean,brightness_dark|brightness_dark
T013-S2,B,91,gaussian_noise,gaussian_noise,0.22504541292605024,0.85,-0.013146260877658337,gaussian_noise|clean,brightness_dark|brightness_dark
T013-S3,A,91,gaussian_noise,gaussian_noise,0.22504541292605024,0.85,-0.013146260877658337,gaussian_noise|gaussian_noise,brightness_dark|brightness_dark
T013-S3,A,23,clean,clean,0.5374816209824899,0.5,-0.013131128591956547,clean|gaussian_noise,gaussian_noise|gaussian_noise
T013-S3,B,23,clean,clean,0.5374816209824899,0.5,-0.013131128591956547,clean|gaussian_noise,gaussian_noise|gaussian_noise
T013-S0,B,26,gaussian_noise,gaussian_noise,0.08621407475879368,0.95,-0.01309757694826457,gaussian_noise|gaussian_noise,clean|clean
T013-S0,B,74,gaussian_noise,gaussian_noise,-0.0,1.0,-0.01309757694826457,gaussian_noise|clean,clean|clean
T013-S1,B,26,gaussian_noise,gaussian_noise,0.08621407475879368,0.95,-0.01309757694826457,gaussian_noise|gaussian_noise,clean|clean
T013-S1,B,74,gaussian_noise,gaussian_noise,-0.0,1.0,-0.01309757694826457,gaussian_noise|clean,clean|clean
T013-S2,B,26,gaussian_noise,gaussian_noise,0.08621407475879368,0.95,-0.01309757694826457,gaussian_noise|gaussian_noise,clean|clean
T013-S3,B,26,gaussian_noise,gaussian_noise,0.08621407475879368,0.95,-0.01309757694826457,gaussian_noise|gaussian_noise,clean|clean
T013-S3,B,74,gaussian_noise,gaussian_noise,-0.0,1.0,-0.01309757694826457,clean|gaussian_noise,clean|clean
T013-S0,A,40,gaussian_blur,gaussian_blur,-0.0,1.0,-0.013029922285820653,gaussian_blur|gaussian_blur,brightness_dark|brightness_dark
T013-S0,B,40,gaussian_blur,gaussian_blur,-0.0,1.0,-0.013029922285820653,gaussian_blur|gaussian_blur,brightness_dark|brightness_dark
T013-S1,A,40,gaussian_blur,gaussian_blur,-0.0,1.0,-0.013029922285820653,contrast_low|gaussian_blur,brightness_dark|brightness_dark
T013-S1,B,40,gaussian_blur,gaussian_blur,-0.0,1.0,-0.013029922285820653,gaussian_blur|gaussian_blur,brightness_dark|brightness_dark
T013-S2,A,40,gaussian_blur,gaussian_blur,-0.0,1.0,-0.013029922285820653,gaussian_blur|contrast_low,brightness_dark|brightness_dark
T013-S2,B,40,gaussian_blur,gaussian_blur,-0.0,1.0,-0.013029922285820653,gaussian_blur|gaussian_blur,brightness_dark|brightness_dark
T013-S3,A,40,gaussian_blur,gaussian_blur,-0.0,1.0,-0.013029922285820653,gaussian_blur|contrast_low,brightness_dark|brightness_dark
T013-S3,B,40,gaussian_blur,gaussian_blur,-0.0,1.0,-0.013029922285820653,gaussian_blur|gaussian_blur,brightness_dark|brightness_dark
T013-S3,B,6,contrast_low,contrast_low,0.37162086641628495,0.5,-0.012898727095811162,contrast_low|contrast_low,contrast_low|gaussian_blur
T013-S0,A,42,clean,clean,0.4023767052555694,0.55,-0.012385858456389497,clean|clean,gaussian_noise|gaussian_noise
T013-S1,A,42,clean,clean,0.4023767052555694,0.55,-0.012385858456389497,clean|clean,gaussian_noise|gaussian_noise
T013-S2,A,42,clean,clean,0.4023767052555694,0.55,-0.012385858456389497,clean|clean,gaussian_noise|gaussian_noise
T013-S0,A,64,brightness_dark,brightness_dark,0.4385343715564183,0.7,-0.007925946966333058,brightness_dark|brightness_dark,contrast_low|contrast_low
T013-S1,A,64,brightness_dark,brightness_dark,0.4385343715564183,0.7,-0.007925946966333058,brightness_dark|brightness_dark,contrast_low|contrast_low
T013-S2,A,64,brightness_dark,brightness_dark,0.4385343715564183,0.7,-0.007925946966333058,brightness_dark|brightness_dark,contrast_low|contrast_low
T013-S3,A,64,brightness_dark,brightness_dark,0.4385343715564183,0.7,-0.007925946966333058,brightness_dark|brightness_dark,contrast_low|contrast_low
T013-S1,B,84,contrast_low,contrast_low,0.45542455414570265,0.45,-0.007798656652097891,contrast_low|contrast_low,gaussian_noise|clean
T013-S3,B,57,gaussian_noise,gaussian_noise,0.5779694921683955,0.45,-0.0073670123887492715,gaussian_noise|gaussian_noise,clean|gaussian_blur
T013-S3,B,53,clean,clean,0.2652949955741215,0.7,-0.006977280590473994,clean|gaussian_blur,contrast_low|gaussian_blur
T013-S0,A,96,gaussian_noise,gaussian_noise,0.08621407475879368,0.95,-0.0069464881790391045,clean|clean,brightness_dark|brightness_dark
T013-S0,B,96,gaussian_noise,gaussian_noise,0.08621407475879368,0.95,-0.0069464881790391045,clean|clean,brightness_dark|brightness_dark
T013-S1,A,96,gaussian_noise,gaussian_noise,0.08621407475879368,0.95,-0.0069464881790391045,clean|clean,brightness_dark|brightness_dark
T013-S1,B,96,gaussian_noise,gaussian_noise,0.08621407475879368,0.95,-0.0069464881790391045,clean|clean,brightness_dark|brightness_dark
T013-S2,A,96,gaussian_noise,gaussian_noise,0.08621407475879368,0.95,-0.0069464881790391045,clean|clean,brightness_dark|brightness_dark
T013-S2,B,96,gaussian_noise,gaussian_noise,0.08621407475879368,0.95,-0.0069464881790391045,clean|clean,brightness_dark|brightness_dark
T013-S3,A,96,gaussian_noise,gaussian_noise,0.08621407475879368,0.95,-0.0069464881790391045,clean|clean,brightness_dark|brightness_dark
T013-S3,B,96,gaussian_noise,gaussian_noise,0.08621407475879368,0.95,-0.0069464881790391045,clean|clean,brightness_dark|brightness_dark
T013-S0,A,59,clean,clean,0.6145365019512083,0.4,-0.006944091633408829,clean|clean,gaussian_blur|gaussian_blur
T013-S1,A,59,clean,clean,0.6145365019512083,0.4,-0.006944091633408829,clean|clean,gaussian_blur|gaussian_blur
T013-S2,A,59,clean,clean,0.6145365019512083,0.4,-0.006944091633408829,clean|clean,gaussian_blur|gaussian_blur
T013-S3,A,59,clean,clean,0.6145365019512083,0.4,-0.006944091633408829,clean|clean,gaussian_blur|gaussian_blur
T013-S0,A,62,clean,clean,0.5878285561418409,0.3,-0.006902423051735429,clean|clean,brightness_dark|brightness_dark
T013-S0,B,62,clean,clean,0.5878285561418409,0.3,-0.006902423051735429,clean|clean,brightness_dark|brightness_dark
T013-S1,A,62,clean,clean,0.5878285561418409,0.3,-0.006902423051735429,clean|clean,brightness_dark|brightness_dark
T013-S1,B,62,clean,clean,0.5878285561418409,0.3,-0.006902423051735429,clean|clean,brightness_dark|brightness_dark
T013-S2,A,62,clean,clean,0.5878285561418409,0.3,-0.006902423051735429,clean|clean,brightness_dark|brightness_dark
T013-S2,B,62,clean,clean,0.5878285561418409,0.3,-0.006902423051735429,clean|clean,brightness_dark|brightness_dark
T013-S3,A,62,clean,clean,0.5878285561418409,0.3,-0.006902423051735429,clean|clean,brightness_dark|brightness_dark
T013-S3,B,62,clean,clean,0.5878285561418409,0.3,-0.006902423051735429,clean|clean,brightness_dark|brightness_dark
T013-S3,B,41,gaussian_blur,gaussian_blur,0.34739336316427083,0.75,-0.006896162155206541,gaussian_blur|gaussian_blur,brightness_dark|gaussian_blur
T013-S0,A,12,contrast_low,contrast_low,0.18358022428449897,0.85,-0.0068641308058207074,contrast_low|contrast_low,gaussian_noise|gaussian_noise
T013-S1,A,12,contrast_low,contrast_low,0.18358022428449897,0.85,-0.0068641308058207074,contrast_low|contrast_low,gaussian_noise|gaussian_noise
T013-S2,A,12,contrast_low,contrast_low,0.18358022428449897,0.85,-0.0068641308058207074,contrast_low|contrast_low,gaussian_noise|gaussian_noise
T013-S3,A,12,contrast_low,contrast_low,0.18358022428449897,0.85,-0.0068641308058207074,contrast_low|contrast_low,gaussian_noise|gaussian_noise
T013-S0,A,62,gaussian_noise,gaussian_noise,0.5878285561418409,0.3,-0.006854905457266132,clean|gaussian_noise,brightness_dark|brightness_dark
T013-S0,B,62,gaussian_noise,gaussian_noise,0.5878285561418409,0.3,-0.006854905457266132,clean|gaussian_noise,brightness_dark|brightness_dark
T013-S0,A,92,gaussian_noise,gaussian_noise,0.3239978696052098,0.7,-0.006841159117148111,clean|clean,gaussian_blur|gaussian_blur
T013-S3,A,92,gaussian_noise,gaussian_noise,0.3239978696052098,0.7,-0.006841159117148111,clean|clean,gaussian_blur|gaussian_blur
T013-S2,B,66,gaussian_blur,gaussian_blur,0.1712847410710057,0.9,-0.006840945510763966,gaussian_blur|contrast_low,brightness_dark|brightness_dark
T013-S1,A,66,clean,clean,0.1712847410710057,0.9,-0.006784924129248433,gaussian_blur|gaussian_blur,brightness_dark|gaussian_noise
T013-S3,A,25,gaussian_noise,gaussian_noise,0.43881668341155816,0.45,-0.0067816203528031,gaussian_noise|gaussian_noise,gaussian_blur|gaussian_noise
T013-S3,B,25,gaussian_noise,gaussian_noise,0.43881668341155816,0.45,-0.0067816203528031,gaussian_noise|gaussian_noise,gaussian_blur|gaussian_noise
T013-S0,B,66,clean,clean,0.1712847410710057,0.9,-0.006758434250148241,gaussian_blur|gaussian_blur,brightness_dark|brightness_dark
T013-S1,B,66,clean,clean,0.1712847410710057,0.9,-0.006758434250148241,gaussian_blur|gaussian_blur,brightness_dark|brightness_dark
T013-S2,A,25,gaussian_noise,gaussian_noise,0.43881668341155816,0.45,-0.006751021186149547,gaussian_noise|gaussian_noise,gaussian_blur|gaussian_noise
T013-S2,B,25,gaussian_noise,gaussian_noise,0.43881668341155816,0.45,-0.006751021186149547,gaussian_noise|gaussian_noise,gaussian_blur|gaussian_noise
T013-S1,A,2,contrast_low,contrast_low,0.1712847410710057,0.9,-0.006747638326585695,contrast_low|contrast_low,contrast_low|brightness_dark
T013-S1,A,91,gaussian_blur,gaussian_blur,0.22504541292605024,0.85,-0.006747638326585695,contrast_low|gaussian_blur,brightness_dark|brightness_dark
T013-S2,A,2,gaussian_noise,gaussian_noise,0.1712847410710057,0.9,-0.006747638326585695,clean|clean,gaussian_noise|brightness_dark
T013-S3,B,88,gaussian_noise,gaussian_noise,0.4802818720531094,0.6,-0.006747638326585695,clean|gaussian_noise,clean|clean
T013-S1,B,76,clean,clean,0.37162086641628495,0.5,-0.006746626686656672,clean|gaussian_noise,clean|clean
T013-S2,A,36,gaussian_blur,gaussian_blur,0.4385343715564183,0.7,-0.006713810995363736,gaussian_blur|gaussian_blur,contrast_low|brightness_dark
T013-S0,B,93,clean,clean,-0.0,1.0,-0.006702412868632708,gaussian_noise|gaussian_noise,brightness_dark|brightness_dark
T013-S2,A,15,clean,gaussian_blur,-0.0,1.0,-0.006702412868632708,gaussian_blur|gaussian_blur,gaussian_noise|brightness_dark
T013-S2,A,93,clean,clean,-0.0,1.0,-0.006702412868632708,gaussian_noise|gaussian_noise,gaussian_noise|brightness_dark
T013-S2,B,93,clean,clean,-0.0,1.0,-0.006702412868632708,gaussian_noise|gaussian_noise,gaussian_noise|brightness_dark
T013-S3,B,93,clean,clean,-0.0,1.0,-0.006702412868632708,gaussian_noise|gaussian_noise,brightness_dark|brightness_dark
T013-S0,A,6,gaussian_noise,gaussian_noise,0.37162086641628495,0.5,-0.006700120732116397,gaussian_noise|gaussian_noise,gaussian_noise|clean
T013-S0,A,13,clean,clean,0.3172903635978727,0.75,-0.006688963210702341,gaussian_blur|gaussian_blur,contrast_low|contrast_low
T013-S1,A,13,clean,clean,0.3172903635978727,0.75,-0.006688963210702341,gaussian_blur|gaussian_blur,contrast_low|contrast_low
T013-S2,A,13,clean,clean,0.3172903635978727,0.75,-0.006688963210702341,gaussian_blur|gaussian_blur,contrast_low|contrast_low
T013-S2,B,7,gaussian_blur,gaussian_blur,0.14118174150460758,0.9,-0.006688963210702341,gaussian_blur|gaussian_blur,gaussian_blur|contrast_low
T013-S3,A,13,clean,clean,0.3172903635978727,0.75,-0.006688963210702341,gaussian_blur|gaussian_blur,contrast_low|contrast_low
T013-S3,A,25,clean,clean,0.43881668341155816,0.45,-0.006688963210702341,clean|clean,gaussian_blur|gaussian_noise
T013-S3,B,25,clean,clean,0.43881668341155816,0.45,-0.006688963210702341,clean|clean,gaussian_blur|gaussian_noise
T013-S0,A,66,clean,clean,0.1712847410710057,0.9,-0.006675922989532516,gaussian_blur|gaussian_blur,gaussian_noise|brightness_dark
T013-S3,A,66,clean,clean,0.1712847410710057,0.9,-0.006675922989532516,gaussian_blur|gaussian_blur,brightness_dark|gaussian_noise
T013-S3,B,66,clean,clean,0.1712847410710057,0.9,-0.006675922989532516,gaussian_blur|gaussian_blur,brightness_dark|gaussian_noise
T013-S0,A,61,contrast_low,contrast_low,0.358755552239424,0.75,-0.006666666666666667,contrast_low|contrast_low,brightness_dark|brightness_dark
T013-S1,A,61,contrast_low,contrast_low,0.358755552239424,0.75,-0.006666666666666667,contrast_low|contrast_low,brightness_dark|brightness_dark
T013-S2,A,24,contrast_low,contrast_low,0.26616582133129196,0.8,-0.006666666666666667,contrast_low|contrast_low,contrast_low|brightness_dark
T013-S2,A,61,contrast_low,contrast_low,0.358755552239424,0.75,-0.006666666666666667,contrast_low|contrast_low,brightness_dark|brightness_dark
T013-S2,B,24,contrast_low,contrast_low,0.26616582133129196,0.8,-0.006666666666666667,contrast_low|contrast_low,contrast_low|brightness_dark
T013-S3,A,24,contrast_low,contrast_low,0.26616582133129196,0.8,-0.006666666666666667,contrast_low|contrast_low,contrast_low|brightness_dark
T013-S3,A,61,contrast_low,contrast_low,0.358755552239424,0.75,-0.006666666666666667,contrast_low|contrast_low,brightness_dark|brightness_dark
T013-S3,B,24,contrast_low,contrast_low,0.26616582133129196,0.8,-0.006666666666666667,contrast_low|contrast_low,contrast_low|brightness_dark
T013-S0,B,48,gaussian_noise,gaussian_noise,0.4072105587434522,0.6,-0.0066662934008944385,gaussian_noise|gaussian_noise,brightness_dark|brightness_dark
T013-S1,B,48,gaussian_noise,gaussian_noise,0.4072105587434522,0.6,-0.0066662934008944385,gaussian_noise|gaussian_noise,brightness_dark|brightness_dark
T013-S2,B,48,gaussian_noise,gaussian_noise,0.4072105587434522,0.6,-0.0066662934008944385,gaussian_noise|gaussian_noise,brightness_dark|brightness_dark
T013-S3,B,48,gaussian_noise,gaussian_noise,0.4072105587434522,0.6,-0.0066662934008944385,gaussian_noise|gaussian_noise,brightness_dark|brightness_dark
T013-S1,B,55,gaussian_blur,gaussian_blur,0.08621407475879368,0.95,-0.006657789613848202,gaussian_blur|gaussian_blur,clean|gaussian_noise
T013-S3,A,55,clean,clean,0.08621407475879368,0.95,-0.006657789613848202,clean|gaussian_noise,gaussian_noise|gaussian_noise
T013-S0,A,36,clean,clean,0.4385343715564183,0.7,-0.006631299734748011,clean|clean,brightness_dark|brightness_dark
T013-S0,A,81,clean,clean,0.08621407475879368,0.95,-0.006631299734748011,gaussian_noise|gaussian_noise,brightness_dark|brightness_dark
T013-S0,A,91,gaussian_blur,gaussian_blur,0.22504541292605024,0.85,-0.006631299734748011,gaussian_blur|gaussian_blur,brightness_dark|brightness_dark
T013-S0,B,36,clean,clean,0.4385343715564183,0.7,-0.006631299734748011,clean|clean,brightness_dark|brightness_dark
T013-S0,B,81,clean,clean,0.08621407475879368,0.95,-0.006631299734748011,gaussian_noise|gaussian_noise,brightness_dark|brightness_dark
T013-S0,B,91,gaussian_blur,gaussian_blur,0.22504541292605024,0.85,-0.006631299734748011,gaussian_blur|gaussian_blur,brightness_dark|brightness_dark
T013-S1,A,36,clean,clean,0.4385343715564183,0.7,-0.006631299734748011,clean|clean,brightness_dark|brightness_dark
T013-S1,A,81,clean,clean,0.08621407475879368,0.95,-0.006631299734748011,gaussian_noise|gaussian_noise,brightness_dark|brightness_dark
T013-S1,B,36,clean,clean,0.4385343715564183,0.7,-0.006631299734748011,clean|clean,brightness_dark|brightness_dark
T013-S1,B,81,clean,clean,0.08621407475879368,0.95,-0.006631299734748011,gaussian_noise|gaussian_noise,brightness_dark|brightness_dark
T013-S1,B,91,gaussian_blur,gaussian_blur,0.22504541292605024,0.85,-0.006631299734748011,gaussian_blur|gaussian_blur,brightness_dark|brightness_dark
T013-S2,A,36,clean,clean,0.4385343715564183,0.7,-0.006631299734748011,clean|clean,brightness_dark|brightness_dark
T013-S2,A,81,clean,clean,0.08621407475879368,0.95,-0.006631299734748011,gaussian_noise|gaussian_noise,brightness_dark|brightness_dark
T013-S2,A,91,gaussian_blur,gaussian_blur,0.22504541292605024,0.85,-0.006631299734748011,gaussian_blur|gaussian_blur,brightness_dark|brightness_dark
T013-S2,B,36,clean,clean,0.4385343715564183,0.7,-0.006631299734748011,clean|clean,brightness_dark|brightness_dark
T013-S2,B,81,clean,clean,0.08621407475879368,0.95,-0.006631299734748011,gaussian_noise|gaussian_noise,brightness_dark|brightness_dark
T013-S2,B,91,gaussian_blur,gaussian_blur,0.22504541292605024,0.85,-0.006631299734748011,gaussian_blur|gaussian_blur,brightness_dark|brightness_dark
T013-S3,A,36,clean,clean,0.4385343715564183,0.7,-0.006631299734748011,clean|clean,brightness_dark|brightness_dark
T013-S3,A,81,clean,clean,0.08621407475879368,0.95,-0.006631299734748011,gaussian_noise|gaussian_noise,brightness_dark|brightness_dark
T013-S3,A,91,gaussian_blur,gaussian_blur,0.22504541292605024,0.85,-0.006631299734748011,gaussian_blur|gaussian_blur,brightness_dark|brightness_dark
T013-S3,B,36,clean,clean,0.4385343715564183,0.7,-0.006631299734748011,clean|clean,brightness_dark|brightness_dark
T013-S3,B,70,clean,clean,0.21732201127364886,0.8,-0.006631299734748011,clean|gaussian_noise,gaussian_noise|gaussian_noise
T013-S3,B,81,clean,clean,0.08621407475879368,0.95,-0.006631299734748011,gaussian_noise|gaussian_noise,brightness_dark|brightness_dark
T013-S3,B,91,gaussian_blur,gaussian_blur,0.22504541292605024,0.85,-0.006631299734748011,gaussian_blur|gaussian_blur,brightness_dark|brightness_dark
T013-S1,B,7,gaussian_blur,gaussian_blur,0.14118174150460758,0.9,-0.0066302880948189875,gaussian_blur|gaussian_blur,contrast_low|gaussian_blur
T013-S0,B,52,clean,gaussian_blur,0.14118174150460758,0.9,-0.0066269052352551355,clean|gaussian_blur,gaussian_noise|gaussian_noise
T013-S2,B,37,gaussian_noise,gaussian_noise,0.34352144154944414,0.65,-0.0066269052352551355,gaussian_noise|clean,gaussian_noise|gaussian_noise
T013-S2,B,56,contrast_low,contrast_low,0.4802818720531094,0.6,-0.0066269052352551355,contrast_low|contrast_low,contrast_low|gaussian_blur
T013-S3,B,56,contrast_low,contrast_low,0.4802818720531094,0.6,-0.0066269052352551355,contrast_low|contrast_low,contrast_low|gaussian_blur
T013-S0,A,43,contrast_low,contrast_low,0.29228525323862886,0.6,-0.006596306068601583,contrast_low|contrast_low,brightness_dark|gaussian_noise
T013-S0,A,44,clean,clean,0.3670280240301799,0.55,-0.006596306068601583,clean|clean,gaussian_noise|gaussian_noise
T013-S1,A,44,clean,clean,0.3670280240301799,0.55,-0.006596306068601583,clean|clean,gaussian_noise|gaussian_noise
T013-S2,A,44,clean,clean,0.3670280240301799,0.55,-0.006596306068601583,clean|clean,gaussian_noise|gaussian_noise
T013-S3,A,44,clean,clean,0.3670280240301799,0.55,-0.006596306068601583,clean|clean,gaussian_noise|gaussian_noise
T013-S0,A,96,gaussian_blur,gaussian_blur,0.08621407475879368,0.95,-0.00657363625879368,contrast_low|contrast_low,brightness_dark|brightness_dark
T013-S1,A,53,gaussian_noise,gaussian_noise,0.2652949955741215,0.7,-0.00657363625879368,clean|clean,gaussian_blur|brightness_dark
T013-S1,A,96,gaussian_blur,gaussian_blur,0.08621407475879368,0.95,-0.00657363625879368,contrast_low|contrast_low,brightness_dark|brightness_dark
T013-S1,B,53,gaussian_noise,gaussian_noise,0.2652949955741215,0.7,-0.00657363625879368,clean|clean,gaussian_blur|brightness_dark
T013-S2,A,96,gaussian_blur,gaussian_blur,0.08621407475879368,0.95,-0.00657363625879368,contrast_low|contrast_low,brightness_dark|brightness_dark
T013-S3,A,96,gaussian_blur,gaussian_blur,0.08621407475879368,0.95,-0.00657363625879368,contrast_low|contrast_low,brightness_dark|brightness_dark
T013-S2,A,23,clean,clean,0.5374816209824899,0.5,-0.006565421690008517,gaussian_noise|clean,gaussian_noise|gaussian_noise
T013-S2,B,23,clean,clean,0.5374816209824899,0.5,-0.006565421690008517,gaussian_noise|clean,gaussian_noise|gaussian_noise
T013-S0,A,35,gaussian_noise,gaussian_noise,0.2988548895792612,0.55,-0.006564268823285787,clean|clean,clean|gaussian_noise
T013-S1,A,35,clean,clean,0.2988548895792612,0.55,-0.006564268823285787,gaussian_blur|clean,clean|clean
T013-S0,B,20,gaussian_noise,gaussian_noise,-0.0,1.0,-0.006548788474132285,gaussian_noise|gaussian_noise,clean|clean
T013-S0,B,88,gaussian_noise,gaussian_noise,0.4802818720531094,0.6,-0.006548788474132285,clean|gaussian_noise,clean|clean
T013-S1,B,20,gaussian_noise,gaussian_noise,-0.0,1.0,-0.006548788474132285,gaussian_noise|gaussian_noise,clean|clean
T013-S1,B,80,contrast_low,contrast_low,0.14118174150460758,0.9,-0.006548788474132285,gaussian_blur|contrast_low,gaussian_blur|gaussian_blur
T013-S3,B,20,gaussian_noise,gaussian_noise,-0.0,1.0,-0.006548788474132285,gaussian_noise|gaussian_noise,clean|clean
T013-S2,B,34,gaussian_blur,gaussian_blur,0.3172903635978727,0.75,-0.006537056522517643,gaussian_blur|gaussian_blur,gaussian_blur|clean
T013-S0,A,23,clean,clean,0.5374816209824899,0.5,-0.0065348225233549636,clean|gaussian_noise,gaussian_noise|gaussian_noise
T013-S3,B,34,gaussian_blur,gaussian_blur,0.3172903635978727,0.75,-0.006494440192309934,gaussian_blur|gaussian_blur,clean|gaussian_noise
T013-S0,B,49,clean,clean,0.18358022428449897,0.85,-0.006454262747168925,clean|clean,gaussian_blur|gaussian_blur
T013-S1,B,49,clean,clean,0.18358022428449897,0.85,-0.006454262747168925,clean|clean,gaussian_blur|gaussian_blur
T013-S2,B,49,clean,clean,0.18358022428449897,0.85,-0.006454262747168925,clean|clean,gaussian_blur|gaussian_blur
T013-S3,B,49,clean,clean,0.18358022428449897,0.85,-0.006454262747168925,clean|clean,gaussian_blur|gaussian_blur
T013-S0,A,91,clean,clean,0.22504541292605024,0.85,-0.006398622551072642,clean|clean,brightness_dark|brightness_dark
T013-S0,B,91,clean,clean,0.22504541292605024,0.85,-0.006398622551072642,clean|clean,brightness_dark|brightness_dark
T013-S1,A,91,clean,clean,0.22504541292605024,0.85,-0.006398622551072642,clean|clean,brightness_dark|brightness_dark
T013-S1,B,91,clean,clean,0.22504541292605024,0.85,-0.006398622551072642,clean|clean,brightness_dark|brightness_dark
T013-S2,A,91,clean,clean,0.22504541292605024,0.85,-0.006398622551072642,clean|clean,brightness_dark|brightness_dark
T013-S2,B,91,clean,clean,0.22504541292605024,0.85,-0.006398622551072642,clean|clean,brightness_dark|brightness_dark
T013-S3,A,91,clean,clean,0.22504541292605024,0.85,-0.006398622551072642,clean|clean,brightness_dark|brightness_dark
T013-S3,B,91,clean,clean,0.22504541292605024,0.85,-0.006398622551072642,clean|clean,brightness_dark|brightness_dark
T013-S0,A,69,contrast_low,contrast_low,0.3239978696052099,0.7,-0.006373267194044417,contrast_low|contrast_low,gaussian_noise|gaussian_noise
T013-S1,A,69,contrast_low,contrast_low,0.3239978696052099,0.7,-0.006373267194044417,contrast_low|contrast_low,gaussian_noise|gaussian_noise
T013-S2,A,69,contrast_low,contrast_low,0.3239978696052099,0.7,-0.006373267194044417,contrast_low|contrast_low,gaussian_noise|gaussian_noise
T013-S3,A,69,contrast_low,contrast_low,0.3239978696052099,0.7,-0.006373267194044417,contrast_low|contrast_low,gaussian_noise|gaussian_noise
T013-S3,B,42,clean,clean,0.4023767052555694,0.55,-0.006348074166812762,clean|clean,gaussian_noise|clean
T013-S0,A,53,gaussian_noise,gaussian_noise,0.2652949955741215,0.7,-0.006285318879022028,clean|clean,brightness_dark|brightness_dark
T013-S0,B,53,gaussian_noise,gaussian_noise,0.2652949955741215,0.7,-0.006285318879022028,clean|clean,brightness_dark|brightness_dark
T013-S2,A,53,gaussian_noise,gaussian_noise,0.2652949955741215,0.7,-0.006285318879022028,clean|clean,brightness_dark|brightness_dark
T013-S2,B,53,gaussian_noise,gaussian_noise,0.2652949955741215,0.7,-0.006285318879022028,clean|clean,brightness_dark|brightness_dark
T013-S3,A,53,gaussian_noise,gaussian_noise,0.2652949955741215,0.7,-0.006285318879022028,clean|clean,brightness_dark|brightness_dark
T013-S3,B,53,gaussian_noise,gaussian_noise,0.2652949955741215,0.7,-0.006285318879022028,clean|clean,brightness_dark|brightness_dark
T013-S0,B,42,clean,clean,0.4023767052555694,0.55,-0.006192499407124699,clean|clean,clean|gaussian_noise
T013-S2,B,6,contrast_low,contrast_low,0.37162086641628495,0.5,-0.006151088769225466,contrast_low|contrast_low,contrast_low|gaussian_blur
T013-S3,A,57,gaussian_noise,gaussian_noise,0.5779694921683955,0.45,-0.0006193740621635763,gaussian_noise|gaussian_noise,clean|gaussian_blur
T013-S0,B,59,gaussian_blur,gaussian_blur,0.6145365019512083,0.4,-0.00048796030137730176,gaussian_blur|gaussian_blur,contrast_low|contrast_low
T013-S1,B,59,gaussian_blur,gaussian_blur,0.6145365019512083,0.4,-0.00048796030137730176,gaussian_blur|gaussian_blur,contrast_low|contrast_low
T013-S2,B,59,gaussian_blur,gaussian_blur,0.6145365019512083,0.4,-0.00048796030137730176,gaussian_blur|gaussian_blur,contrast_low|contrast_low
T013-S3,B,59,gaussian_blur,gaussian_blur,0.6145365019512083,0.4,-0.00048796030137730176,gaussian_blur|gaussian_blur,contrast_low|contrast_low
T013-S2,A,62,gaussian_noise,gaussian_noise,0.5878285561418409,0.3,-0.0003061169831338458,gaussian_noise|clean,brightness_dark|brightness_dark
T013-S2,B,62,gaussian_noise,gaussian_noise,0.5878285561418409,0.3,-0.0003061169831338458,gaussian_noise|clean,brightness_dark|brightness_dark
T013-S3,A,41,clean,clean,0.34739336316427083,0.75,-0.00027235456757574323,clean|clean,brightness_dark|gaussian_blur
T013-S2,A,84,clean,clean,0.45542455414570265,0.45,-0.00023435028336855099,gaussian_noise|clean,gaussian_noise|gaussian_noise
T013-S2,B,66,clean,clean,0.1712847410710057,0.9,-0.00020964577601595554,clean|gaussian_blur,brightness_dark|brightness_dark
T013-S1,B,84,clean,clean,0.45542455414570265,0.45,-0.00015623352224570066,clean|gaussian_noise,gaussian_noise|gaussian_noise
T013-S2,B,28,contrast_low,contrast_low,0.5053986284565879,0.65,-0.0001513322579841119,contrast_low|contrast_low,contrast_low|brightness_dark
T013-S0,B,95,gaussian_noise,gaussian_noise,0.29854955310662773,0.75,-0.00014017473657005562,clean|clean,gaussian_blur|gaussian_blur
T013-S1,A,95,gaussian_noise,gaussian_noise,0.29854955310662773,0.75,-0.00014017473657005562,clean|clean,gaussian_blur|gaussian_blur
T013-S1,B,95,gaussian_noise,gaussian_noise,0.29854955310662773,0.75,-0.00014017473657005562,clean|clean,gaussian_blur|gaussian_blur
T013-S2,A,95,gaussian_noise,gaussian_noise,0.29854955310662773,0.75,-0.00014017473657005562,clean|clean,gaussian_blur|gaussian_blur
T013-S2,B,95,gaussian_noise,gaussian_noise,0.29854955310662773,0.75,-0.00014017473657005562,clean|clean,gaussian_blur|gaussian_blur
T013-S3,A,95,gaussian_noise,gaussian_noise,0.29854955310662773,0.75,-0.00014017473657005562,clean|clean,gaussian_blur|gaussian_blur
T013-S3,B,95,gaussian_noise,gaussian_noise,0.29854955310662773,0.75,-0.00014017473657005562,clean|clean,gaussian_blur|gaussian_blur
T013-S2,A,66,clean,clean,0.1712847410710057,0.9,-0.00012713451540023046,gaussian_blur|gaussian_blur,brightness_dark|gaussian_noise
T013-S1,B,92,gaussian_noise,gaussian_noise,0.3239978696052098,0.7,-0.00012102230959163135,clean|clean,gaussian_blur|clean
T013-S0,A,36,gaussian_noise,gaussian_noise,0.4385343715564183,0.7,-8.251126061572508e-05,gaussian_noise|gaussian_noise,brightness_dark|brightness_dark
T013-S0,B,36,gaussian_noise,gaussian_noise,0.4385343715564183,0.7,-8.251126061572508e-05,gaussian_noise|gaussian_noise,brightness_dark|brightness_dark
T013-S1,A,36,gaussian_noise,gaussian_noise,0.4385343715564183,0.7,-8.251126061572508e-05,gaussian_noise|gaussian_noise,brightness_dark|brightness_dark
T013-S1,B,36,gaussian_noise,gaussian_noise,0.4385343715564183,0.7,-8.251126061572508e-05,gaussian_noise|gaussian_noise,brightness_dark|brightness_dark
T013-S2,A,36,gaussian_noise,gaussian_noise,0.4385343715564183,0.7,-8.251126061572508e-05,gaussian_noise|gaussian_noise,brightness_dark|brightness_dark
T013-S2,B,36,gaussian_noise,gaussian_noise,0.4385343715564183,0.7,-8.251126061572508e-05,gaussian_noise|gaussian_noise,brightness_dark|brightness_dark
T013-S3,A,36,gaussian_noise,gaussian_noise,0.4385343715564183,0.7,-8.251126061572508e-05,gaussian_noise|gaussian_noise,brightness_dark|brightness_dark
T013-S3,B,36,gaussian_noise,gaussian_noise,0.4385343715564183,0.7,-8.251126061572508e-05,gaussian_noise|gaussian_noise,brightness_dark|brightness_dark
T013-S0,A,57,gaussian_noise,gaussian_noise,0.5779694921683955,0.45,-8.149962068670174e-05,gaussian_noise|gaussian_noise,clean|clean
T013-S0,B,57,gaussian_noise,gaussian_noise,0.5779694921683955,0.45,-8.149962068670174e-05,gaussian_noise|gaussian_noise,clean|clean
T013-S1,A,57,gaussian_noise,gaussian_noise,0.5779694921683955,0.45,-8.149962068670174e-05,gaussian_noise|gaussian_noise,clean|clean
T013-S1,B,57,gaussian_noise,gaussian_noise,0.5779694921683955,0.45,-8.149962068670174e-05,gaussian_noise|gaussian_noise,clean|clean
T013-S2,A,57,gaussian_noise,gaussian_noise,0.5779694921683955,0.45,-8.149962068670174e-05,gaussian_noise|gaussian_noise,clean|clean
T013-S0,A,25,gaussian_blur,gaussian_blur,0.43881668341155816,0.45,-6.205797544720529e-05,gaussian_blur|gaussian_blur,contrast_low|contrast_low
T013-S0,B,25,gaussian_blur,gaussian_blur,0.43881668341155816,0.45,-6.205797544720529e-05,gaussian_blur|gaussian_blur,contrast_low|contrast_low
T013-S1,A,25,gaussian_blur,gaussian_blur,0.43881668341155816,0.45,-6.205797544720529e-05,gaussian_blur|gaussian_blur,contrast_low|contrast_low
T013-S1,B,25,gaussian_blur,gaussian_blur,0.43881668341155816,0.45,-6.205797544720529e-05,gaussian_blur|gaussian_blur,contrast_low|contrast_low
T013-S2,A,25,gaussian_blur,gaussian_blur,0.43881668341155816,0.45,-6.205797544720529e-05,gaussian_blur|gaussian_blur,contrast_low|contrast_low
T013-S2,B,25,gaussian_blur,gaussian_blur,0.43881668341155816,0.45,-6.205797544720529e-05,gaussian_blur|gaussian_blur,contrast_low|contrast_low
T013-S3,A,25,gaussian_blur,gaussian_blur,0.43881668341155816,0.45,-6.205797544720529e-05,gaussian_blur|gaussian_blur,contrast_low|contrast_low
T013-S3,B,25,gaussian_blur,gaussian_blur,0.43881668341155816,0.45,-6.205797544720529e-05,gaussian_blur|gaussian_blur,contrast_low|contrast_low
T013-S2,A,55,clean,clean,0.08621407475879368,0.95,-6.148354524661928e-05,gaussian_noise|clean,gaussian_noise|gaussian_noise
T013-S2,B,55,clean,clean,0.08621407475879368,0.95,-6.148354524661928e-05,gaussian_noise|clean,gaussian_noise|gaussian_noise
T013-S0,A,71,gaussian_blur,gaussian_blur,0.3172903635978727,0.75,-5.3500307602969645e-05,clean|gaussian_blur,brightness_dark|brightness_dark
T013-S0,B,71,gaussian_blur,gaussian_blur,0.3172903635978727,0.75,-5.3500307602969645e-05,clean|gaussian_blur,brightness_dark|brightness_dark
T013-S1,A,71,gaussian_blur,gaussian_blur,0.3172903635978727,0.75,-5.3500307602969645e-05,gaussian_blur|gaussian_blur,brightness_dark|brightness_dark
T013-S1,B,71,gaussian_blur,gaussian_blur,0.3172903635978727,0.75,-5.3500307602969645e-05,clean|gaussian_blur,brightness_dark|brightness_dark
T013-S2,A,71,gaussian_blur,gaussian_blur,0.3172903635978727,0.75,-5.3500307602969645e-05,gaussian_blur|gaussian_blur,brightness_dark|brightness_dark
T013-S2,B,71,gaussian_blur,gaussian_blur,0.3172903635978727,0.75,-5.3500307602969645e-05,gaussian_blur|clean,brightness_dark|brightness_dark
T013-S3,A,71,gaussian_blur,gaussian_blur,0.3172903635978727,0.75,-5.3500307602969645e-05,gaussian_blur|gaussian_blur,brightness_dark|brightness_dark
T013-S3,B,71,gaussian_blur,gaussian_blur,0.3172903635978727,0.75,-5.3500307602969645e-05,clean|gaussian_blur,brightness_dark|brightness_dark
T013-S0,A,48,gaussian_noise,gaussian_noise,0.4072105587434522,0.6,-3.49936661464275e-05,gaussian_noise|gaussian_noise,brightness_dark|brightness_dark
T013-S1,A,48,gaussian_noise,gaussian_noise,0.4072105587434522,0.6,-3.49936661464275e-05,gaussian_noise|gaussian_noise,brightness_dark|brightness_dark
T013-S2,A,48,gaussian_noise,gaussian_noise,0.4072105587434522,0.6,-3.49936661464275e-05,gaussian_noise|gaussian_noise,brightness_dark|brightness_dark
T013-S3,A,48,gaussian_noise,gaussian_noise,0.4072105587434522,0.6,-3.49936661464275e-05,gaussian_noise|gaussian_noise,brightness_dark|brightness_dark
T013-S0,B,13,clean,clean,0.3172903635978727,0.75,-2.229654403567447e-05,gaussian_blur|gaussian_blur,contrast_low|contrast_low
T013-S0,B,95,clean,clean,0.29854955310662773,0.75,-2.229654403567447e-05,gaussian_blur|gaussian_blur,contrast_low|contrast_low
T013-S1,B,13,clean,clean,0.3172903635978727,0.75,-2.229654403567447e-05,gaussian_blur|gaussian_blur,contrast_low|contrast_low
T013-S1,B,95,clean,clean,0.29854955310662773,0.75,-2.229654403567447e-05,gaussian_blur|gaussian_blur,contrast_low|contrast_low
T013-S2,B,13,clean,clean,0.3172903635978727,0.75,-2.229654403567447e-05,gaussian_blur|gaussian_blur,contrast_low|contrast_low
T013-S2,B,95,clean,clean,0.29854955310662773,0.75,-2.229654403567447e-05,gaussian_blur|gaussian_blur,contrast_low|contrast_low
T013-S3,B,13,clean,clean,0.3172903635978727,0.75,-2.229654403567447e-05,gaussian_blur|gaussian_blur,contrast_low|contrast_low
T013-S3,B,95,clean,clean,0.29854955310662773,0.75,-2.229654403567447e-05,gaussian_blur|gaussian_blur,contrast_low|contrast_low
T013-S0,A,71,clean,gaussian_blur,0.3172903635978727,0.75,-8.87705281846427e-06,gaussian_blur|gaussian_blur,brightness_dark|brightness_dark
T013-S0,B,71,clean,gaussian_blur,0.3172903635978727,0.75,-8.87705281846427e-06,gaussian_blur|gaussian_blur,brightness_dark|brightness_dark
T013-S0,B,71,gaussian_noise,gaussian_noise,0.3172903635978727,0.75,-8.87705281846427e-06,gaussian_noise|gaussian_noise,brightness_dark|brightness_dark
T013-S1,A,71,clean,gaussian_blur,0.3172903635978727,0.75,-8.87705281846427e-06,gaussian_blur|gaussian_blur,brightness_dark|brightness_dark
T013-S1,B,71,clean,gaussian_blur,0.3172903635978727,0.75,-8.87705281846427e-06,gaussian_blur|gaussian_blur,brightness_dark|brightness_dark
T013-S1,B,71,gaussian_noise,gaussian_noise,0.3172903635978727,0.75,-8.87705281846427e-06,gaussian_noise|gaussian_noise,brightness_dark|brightness_dark
T013-S2,A,71,clean,gaussian_blur,0.3172903635978727,0.75,-8.87705281846427e-06,gaussian_blur|gaussian_blur,brightness_dark|brightness_dark
T013-S2,B,71,clean,gaussian_blur,0.3172903635978727,0.75,-8.87705281846427e-06,gaussian_blur|gaussian_blur,brightness_dark|brightness_dark
T013-S2,B,71,gaussian_noise,gaussian_noise,0.3172903635978727,0.75,-8.87705281846427e-06,gaussian_noise|gaussian_noise,brightness_dark|brightness_dark
T013-S3,A,71,clean,gaussian_blur,0.3172903635978727,0.75,-8.87705281846427e-06,gaussian_blur|gaussian_blur,brightness_dark|brightness_dark
T013-S3,B,71,clean,gaussian_blur,0.3172903635978727,0.75,-8.87705281846427e-06,gaussian_blur|gaussian_blur,brightness_dark|brightness_dark
T013-S3,B,71,gaussian_noise,gaussian_noise,0.3172903635978727,0.75,-8.87705281846427e-06,gaussian_noise|gaussian_noise,brightness_dark|brightness_dark
T013-S0,A,0,brightness_dark,brightness_dark,0.22504541292605024,0.85,0.0,brightness_dark|brightness_dark,brightness_dark|brightness_dark
T013-S0,A,0,contrast_low,contrast_low,0.22504541292605024,0.85,0.0,contrast_low|contrast_low,contrast_low|contrast_low
T013-S0,A,1,brightness_dark,brightness_dark,0.18358022428449897,0.85,0.0,brightness_dark|brightness_dark,brightness_dark|brightness_dark
T013-S0,A,1,contrast_low,contrast_low,0.18358022428449897,0.85,0.0,contrast_low|contrast_low,contrast_low|contrast_low
T013-S0,A,2,contrast_low,contrast_low,0.1712847410710057,0.9,0.0,contrast_low|contrast_low,brightness_dark|contrast_low
T013-S0,A,2,gaussian_noise,gaussian_noise,0.1712847410710057,0.9,0.0,clean|clean,gaussian_noise|gaussian_noise
T013-S0,A,3,clean,clean,-0.0,1.0,0.0,gaussian_noise|gaussian_noise,gaussian_noise|gaussian_noise
T013-S0,A,3,brightness_dark,brightness_dark,-0.0,1.0,0.0,brightness_dark|brightness_dark,brightness_dark|brightness_dark
T013-S0,A,3,gaussian_noise,gaussian_noise,-0.0,1.0,0.0,gaussian_noise|gaussian_noise,gaussian_noise|gaussian_noise
T013-S0,A,4,brightness_dark,brightness_dark,0.3670280240301799,0.55,0.0,brightness_dark|brightness_dark,brightness_dark|brightness_dark
T013-S0,A,5,clean,clean,0.3849866301909954,0.65,0.0,gaussian_noise|gaussian_noise,gaussian_noise|gaussian_noise
T013-S0,A,5,brightness_dark,brightness_dark,0.3849866301909954,0.65,0.0,brightness_dark|brightness_dark,brightness_dark|brightness_dark
T013-S0,A,5,gaussian_noise,gaussian_noise,0.3849866301909954,0.65,0.0,gaussian_noise|gaussian_noise,gaussian_noise|gaussian_noise
T013-S0,A,6,clean,clean,0.37162086641628495,0.5,0.0,clean|clean,clean|clean
T013-S0,A,6,brightness_dark,brightness_dark,0.37162086641628495,0.5,0.0,brightness_dark|brightness_dark,brightness_dark|brightness_dark
T013-S0,A,6,contrast_low,contrast_low,0.37162086641628495,0.5,0.0,contrast_low|contrast_low,contrast_low|contrast_low
T013-S0,A,6,gaussian_blur,gaussian_blur,0.37162086641628495,0.5,0.0,gaussian_blur|gaussian_blur,gaussian_blur|gaussian_blur
T013-S0,A,7,contrast_low,contrast_low,0.14118174150460758,0.9,0.0,contrast_low|contrast_low,contrast_low|contrast_low
T013-S0,A,8,brightness_dark,brightness_dark,0.21732201127364886,0.8,0.0,brightness_dark|brightness_dark,brightness_dark|brightness_dark
T013-S0,A,9,brightness_dark,brightness_dark,0.2652949955741215,0.7,0.0,brightness_dark|brightness_dark,brightness_dark|brightness_dark
T013-S0,A,9,contrast_low,contrast_low,0.2652949955741215,0.7,0.0,contrast_low|contrast_low,contrast_low|contrast_low
T013-S0,A,10,clean,clean,0.3556039942733158,0.7,0.0,gaussian_noise|gaussian_noise,gaussian_noise|gaussian_noise
T013-S0,A,10,gaussian_noise,gaussian_noise,0.3556039942733158,0.7,0.0,gaussian_noise|gaussian_noise,gaussian_noise|gaussian_noise
T013-S0,A,11,clean,clean,0.2988548895792612,0.55,0.0,gaussian_noise|gaussian_noise,gaussian_noise|gaussian_noise
T013-S0,A,11,brightness_dark,brightness_dark,0.2988548895792612,0.55,0.0,brightness_dark|brightness_dark,brightness_dark|brightness_dark
T013-S0,A,11,gaussian_noise,gaussian_noise,0.2988548895792612,0.55,0.0,gaussian_noise|gaussian_noise,gaussian_noise|gaussian_noise
T013-S0,A,12,brightness_dark,brightness_dark,0.18358022428449897,0.85,0.0,brightness_dark|brightness_dark,brightness_dark|brightness_dark
T013-S0,A,13,contrast_low,contrast_low,0.3172903635978727,0.75,0.0,contrast_low|contrast_low,contrast_low|contrast_low
T013-S0,A,13,gaussian_blur,gaussian_blur,0.3172903635978727,0.75,0.0,contrast_low|contrast_low,contrast_low|contrast_low
T013-S0,A,14,clean,clean,0.08621407475879368,0.95,0.0,gaussian_noise|gaussian_noise,gaussian_noise|gaussian_noise
T013-S0,A,14,gaussian_noise,gaussian_noise,0.08621407475879368,0.95,0.0,gaussian_noise|gaussian_noise,gaussian_noise|gaussian_noise
T013-S0,A,15,brightness_dark,brightness_dark,-0.0,1.0,0.0,brightness_dark|brightness_dark,clean|brightness_dark
T013-S0,A,15,gaussian_noise,gaussian_noise,-0.0,1.0,0.0,gaussian_noise|gaussian_noise,gaussian_noise|gaussian_noise
T013-S0,A,16,clean,clean,0.5052456816589913,0.5,0.0,clean|clean,clean|clean
T013-S0,A,16,brightness_dark,brightness_dark,0.5052456816589913,0.5,0.0,brightness_dark|brightness_dark,brightness_dark|brightness_dark
T013-S0,A,16,contrast_low,contrast_low,0.5052456816589913,0.5,0.0,contrast_low|contrast_low,contrast_low|contrast_low
T013-S0,A,16,gaussian_noise,gaussian_noise,0.5052456816589913,0.5,0.0,clean|gaussian_noise,clean|gaussian_noise
T013-S0,A,16,gaussian_blur,gaussian_blur,0.5052456816589913,0.5,0.0,gaussian_blur|gaussian_blur,gaussian_blur|gaussian_blur
T013-S0,A,17,brightness_dark,brightness_dark,0.4023767052555694,0.55,0.0,brightness_dark|brightness_dark,brightness_dark|brightness_dark
T013-S0,A,17,contrast_low,contrast_low,0.4023767052555694,0.55,0.0,contrast_low|contrast_low,contrast_low|contrast_low
T013-S0,A,18,clean,clean,0.29854955310662773,0.75,0.0,gaussian_noise|gaussian_noise,gaussian_noise|gaussian_noise
T013-S0,A,18,brightness_dark,brightness_dark,0.29854955310662773,0.75,0.0,brightness_dark|brightness_dark,brightness_dark|brightness_dark
T013-S0,A,18,contrast_low,contrast_low,0.29854955310662773,0.75,0.0,contrast_low|contrast_low,brightness_dark|contrast_low
T013-S0,A,18,gaussian_noise,gaussian_noise,0.29854955310662773,0.75,0.0,gaussian_noise|gaussian_noise,gaussian_noise|gaussian_noise
T013-S0,A,18,gaussian_blur,gaussian_blur,0.29854955310662773,0.75,0.0,gaussian_blur|gaussian_blur,gaussian_noise|gaussian_noise
T013-S0,A,19,clean,clean,0.3172903635978727,0.75,0.0,gaussian_noise|gaussian_noise,gaussian_noise|gaussian_noise
T013-S0,A,19,gaussian_noise,gaussian_noise,0.3172903635978727,0.75,0.0,gaussian_noise|gaussian_noise,gaussian_noise|gaussian_noise
T013-S0,A,20,clean,clean,-0.0,1.0,0.0,clean|clean,clean|clean
T013-S0,A,20,brightness_dark,brightness_dark,-0.0,1.0,0.0,brightness_dark|brightness_dark,brightness_dark|brightness_dark
T013-S0,A,20,gaussian_blur,gaussian_blur,-0.0,1.0,0.0,gaussian_blur|gaussian_blur,gaussian_blur|gaussian_blur
T013-S0,A,21,gaussian_noise,gaussian_noise,-0.0,1.0,0.0,gaussian_noise|gaussian_noise,gaussian_noise|gaussian_noise
T013-S0,A,22,contrast_low,contrast_low,0.29228525323862886,0.6,0.0,contrast_low|contrast_low,contrast_low|contrast_low
T013-S0,A,22,gaussian_noise,gaussian_noise,0.29228525323862886,0.6,0.0,gaussian_noise|gaussian_noise,gaussian_noise|gaussian_noise
T013-S0,A,22,gaussian_blur,gaussian_blur,0.29228525323862886,0.6,0.0,gaussian_blur|gaussian_blur,gaussian_blur|gaussian_blur
T013-S0,A,23,brightness_dark,brightness_dark,0.5374816209824899,0.5,0.0,brightness_dark|brightness_dark,brightness_dark|brightness_dark
T013-S0,A,23,contrast_low,contrast_low,0.5374816209824899,0.5,0.0,contrast_low|contrast_low,contrast_low|contrast_low
T013-S0,A,23,gaussian_noise,gaussian_noise,0.5374816209824899,0.5,0.0,gaussian_noise|gaussian_noise,gaussian_noise|gaussian_noise
T013-S0,A,24,brightness_dark,brightness_dark,0.26616582133129196,0.8,0.0,brightness_dark|brightness_dark,brightness_dark|brightness_dark
T013-S0,A,24,contrast_low,contrast_low,0.26616582133129196,0.8,0.0,contrast_low|contrast_low,brightness_dark|contrast_low
T013-S0,A,25,clean,clean,0.43881668341155816,0.45,0.0,clean|clean,gaussian_blur|gaussian_noise
T013-S0,A,25,brightness_dark,brightness_dark,0.43881668341155816,0.45,0.0,brightness_dark|brightness_dark,brightness_dark|brightness_dark
T013-S0,A,25,contrast_low,contrast_low,0.43881668341155816,0.45,0.0,contrast_low|contrast_low,contrast_low|contrast_low
T013-S0,A,26,brightness_dark,brightness_dark,0.08621407475879368,0.95,0.0,brightness_dark|brightness_dark,brightness_dark|brightness_dark
T013-S0,A,27,contrast_low,contrast_low,-0.0,1.0,0.0,contrast_low|contrast_low,contrast_low|contrast_low
T013-S0,A,28,contrast_low,contrast_low,0.5053986284565879,0.65,0.0,contrast_low|contrast_low,contrast_low|contrast_low
T013-S0,A,28,gaussian_noise,gaussian_noise,0.5053986284565879,0.65,0.0,gaussian_noise|gaussian_noise,gaussian_noise|brightness_dark
T013-S0,A,29,contrast_low,contrast_low,-0.0,1.0,0.0,contrast_low|contrast_low,contrast_low|contrast_low
T013-S0,A,31,brightness_dark,brightness_dark,-0.0,1.0,0.0,brightness_dark|brightness_dark,brightness_dark|brightness_dark
T013-S0,A,31,contrast_low,contrast_low,-0.0,1.0,0.0,contrast_low|contrast_low,contrast_low|contrast_low
T013-S0,A,31,gaussian_noise,gaussian_noise,-0.0,1.0,0.0,gaussian_noise|gaussian_noise,gaussian_noise|gaussian_noise
T013-S0,A,32,clean,clean,0.6385229941014448,0.35,0.0,gaussian_noise|gaussian_noise,gaussian_noise|gaussian_noise
T013-S0,A,32,brightness_dark,brightness_dark,0.6385229941014448,0.35,0.0,brightness_dark|brightness_dark,brightness_dark|brightness_dark
T013-S0,A,32,gaussian_noise,gaussian_noise,0.6385229941014448,0.35,0.0,gaussian_noise|gaussian_noise,gaussian_noise|gaussian_noise
T013-S0,A,33,contrast_low,contrast_low,0.18358022428449897,0.85,0.0,contrast_low|contrast_low,contrast_low|contrast_low
T013-S0,A,33,gaussian_noise,gaussian_noise,0.18358022428449897,0.85,0.0,gaussian_noise|gaussian_noise,gaussian_noise|gaussian_noise
T013-S0,A,34,clean,clean,0.3172903635978727,0.75,0.0,gaussian_noise|gaussian_noise,gaussian_noise|gaussian_noise
T013-S0,A,34,contrast_low,contrast_low,0.3172903635978727,0.75,0.0,contrast_low|contrast_low,contrast_low|contrast_low
T013-S0,A,34,gaussian_noise,gaussian_noise,0.3172903635978727,0.75,0.0,gaussian_noise|gaussian_noise,gaussian_noise|gaussian_noise
T013-S0,A,35,brightness_dark,brightness_dark,0.2988548895792612,0.55,0.0,brightness_dark|brightness_dark,brightness_dark|brightness_dark
T013-S0,A,35,contrast_low,contrast_low,0.2988548895792612,0.55,0.0,contrast_low|contrast_low,contrast_low|contrast_low
T013-S0,A,36,brightness_dark,brightness_dark,0.4385343715564183,0.7,0.0,brightness_dark|brightness_dark,brightness_dark|brightness_dark
T013-S0,A,36,contrast_low,contrast_low,0.4385343715564183,0.7,0.0,contrast_low|contrast_low,contrast_low|contrast_low
T013-S0,A,37,gaussian_noise,gaussian_noise,0.34352144154944414,0.65,0.0,gaussian_noise|gaussian_noise,gaussian_noise|gaussian_noise
T013-S0,A,38,clean,clean,-0.0,1.0,0.0,clean|gaussian_noise,gaussian_noise|gaussian_noise
T013-S0,A,38,brightness_dark,brightness_dark,-0.0,1.0,0.0,brightness_dark|brightness_dark,brightness_dark|brightness_dark
T013-S0,A,38,contrast_low,contrast_low,-0.0,1.0,0.0,contrast_low|contrast_low,contrast_low|contrast_low
T013-S0,A,38,gaussian_noise,gaussian_noise,-0.0,1.0,0.0,gaussian_noise|gaussian_noise,gaussian_noise|gaussian_noise
T013-S0,A,38,gaussian_blur,gaussian_blur,-0.0,1.0,0.0,gaussian_blur|gaussian_blur,clean|clean
T013-S0,A,39,clean,clean,-0.0,1.0,0.0,gaussian_noise|gaussian_noise,gaussian_noise|gaussian_noise
T013-S0,A,39,gaussian_noise,gaussian_noise,-0.0,1.0,0.0,gaussian_noise|gaussian_noise,gaussian_noise|gaussian_noise
T013-S0,A,40,gaussian_noise,gaussian_noise,-0.0,1.0,0.0,clean|clean,clean|clean
T013-S0,A,41,contrast_low,contrast_low,0.34739336316427083,0.75,0.0,contrast_low|contrast_low,contrast_low|contrast_low
T013-S0,A,41,gaussian_noise,gaussian_noise,0.34739336316427083,0.75,0.0,gaussian_noise|gaussian_noise,gaussian_noise|gaussian_noise
T013-S0,A,42,contrast_low,contrast_low,0.4023767052555694,0.55,0.0,contrast_low|contrast_low,contrast_low|contrast_low
T013-S0,A,42,gaussian_noise,gaussian_noise,0.4023767052555694,0.55,0.0,gaussian_noise|gaussian_noise,gaussian_noise|gaussian_noise
T013-S0,A,42,gaussian_blur,gaussian_blur,0.4023767052555694,0.55,0.0,gaussian_blur|gaussian_blur,gaussian_blur|gaussian_blur
T013-S0,A,43,clean,clean,0.29228525323862886,0.6,0.0,gaussian_noise|gaussian_noise,gaussian_noise|gaussian_noise
T013-S0,A,43,brightness_dark,brightness_dark,0.29228525323862886,0.6,0.0,brightness_dark|brightness_dark,brightness_dark|brightness_dark
T013-S0,A,43,gaussian_noise,gaussian_noise,0.29228525323862886,0.6,0.0,gaussian_noise|gaussian_noise,gaussian_noise|gaussian_noise
T013-S0,A,44,brightness_dark,brightness_dark,0.3670280240301799,0.55,0.0,brightness_dark|brightness_dark,brightness_dark|brightness_dark
T013-S0,A,44,contrast_low,contrast_low,0.3670280240301799,0.55,0.0,contrast_low|contrast_low,contrast_low|contrast_low
T013-S0,A,44,gaussian_noise,gaussian_noise,0.3670280240301799,0.55,0.0,gaussian_noise|gaussian_noise,gaussian_noise|gaussian_noise
T013-S0,A,45,gaussian_noise,gaussian_noise,0.3076310099728432,0.8,0.0,gaussian_noise|gaussian_noise,gaussian_noise|gaussian_noise
T013-S0,A,46,brightness_dark,brightness_dark,0.1712847410710057,0.9,0.0,brightness_dark|brightness_dark,brightness_dark|brightness_dark
T013-S0,A,47,clean,clean,0.5660814954471801,0.5,0.0,clean|clean,clean|gaussian_noise
T013-S0,A,47,brightness_dark,brightness_dark,0.5660814954471801,0.5,0.0,brightness_dark|brightness_dark,brightness_dark|brightness_dark
T013-S0,A,47,contrast_low,contrast_low,0.5660814954471801,0.5,0.0,contrast_low|contrast_low,contrast_low|contrast_low
T013-S0,A,47,gaussian_noise,gaussian_noise,0.5660814954471801,0.5,0.0,gaussian_noise|gaussian_noise,gaussian_noise|gaussian_noise
T013-S0,A,47,gaussian_blur,gaussian_blur,0.5660814954471801,0.5,0.0,gaussian_blur|gaussian_blur,gaussian_blur|gaussian_blur
T013-S0,A,48,brightness_dark,brightness_dark,0.4072105587434522,0.6,0.0,brightness_dark|brightness_dark,brightness_dark|brightness_dark
T013-S0,A,49,contrast_low,contrast_low,0.18358022428449897,0.85,0.0,contrast_low|contrast_low,contrast_low|contrast_low
T013-S0,A,50,clean,clean,0.2442190502882155,0.75,0.0,gaussian_noise|gaussian_noise,gaussian_noise|gaussian_noise
T013-S0,A,50,gaussian_noise,gaussian_noise,0.2442190502882155,0.75,0.0,gaussian_noise|gaussian_noise,gaussian_noise|gaussian_noise
T013-S0,A,51,clean,clean,0.1712847410710057,0.9,0.0,gaussian_blur|gaussian_blur,gaussian_noise|brightness_dark
T013-S0,A,51,brightness_dark,brightness_dark,0.1712847410710057,0.9,0.0,brightness_dark|brightness_dark,contrast_low|contrast_low
T013-S0,A,51,contrast_low,contrast_low,0.1712847410710057,0.9,0.0,contrast_low|contrast_low,brightness_dark|contrast_low
T013-S0,A,51,gaussian_noise,gaussian_noise,0.1712847410710057,0.9,0.0,clean|clean,gaussian_noise|brightness_dark
T013-S0,A,51,gaussian_blur,gaussian_blur,0.1712847410710057,0.9,0.0,gaussian_blur|gaussian_blur,brightness_dark|brightness_dark
T013-S0,A,52,gaussian_noise,gaussian_noise,0.14118174150460758,0.9,0.0,gaussian_noise|gaussian_noise,gaussian_noise|gaussian_noise
T013-S0,A,52,gaussian_blur,gaussian_blur,0.14118174150460758,0.9,0.0,gaussian_noise|gaussian_noise,gaussian_noise|gaussian_noise
T013-S0,A,53,brightness_dark,brightness_dark,0.2652949955741215,0.7,0.0,brightness_dark|brightness_dark,brightness_dark|brightness_dark
T013-S0,A,53,contrast_low,contrast_low,0.2652949955741215,0.7,0.0,contrast_low|contrast_low,contrast_low|contrast_low
T013-S0,A,54,brightness_dark,brightness_dark,0.26616582133129196,0.8,0.0,brightness_dark|brightness_dark,brightness_dark|brightness_dark
T013-S0,A,55,brightness_dark,brightness_dark,0.08621407475879368,0.95,0.0,brightness_dark|brightness_dark,brightness_dark|brightness_dark
T013-S0,A,55,contrast_low,contrast_low,0.08621407475879368,0.95,0.0,contrast_low|contrast_low,contrast_low|contrast_low
T013-S0,A,55,gaussian_noise,gaussian_noise,0.08621407475879368,0.95,0.0,gaussian_noise|gaussian_noise,gaussian_noise|gaussian_noise
T013-S0,A,56,clean,clean,0.4802818720531094,0.6,0.0,clean|clean,clean|clean
T013-S0,A,56,brightness_dark,brightness_dark,0.4802818720531094,0.6,0.0,brightness_dark|brightness_dark,brightness_dark|brightness_dark
T013-S0,A,56,contrast_low,contrast_low,0.4802818720531094,0.6,0.0,contrast_low|contrast_low,contrast_low|contrast_low
T013-S0,A,56,gaussian_noise,gaussian_noise,0.4802818720531094,0.6,0.0,gaussian_noise|gaussian_noise,gaussian_noise|clean
T013-S0,A,56,gaussian_blur,gaussian_blur,0.4802818720531094,0.6,0.0,gaussian_blur|gaussian_blur,gaussian_blur|gaussian_blur
T013-S0,A,57,contrast_low,contrast_low,0.5779694921683955,0.45,0.0,contrast_low|contrast_low,contrast_low|contrast_low
T013-S0,A,58,clean,clean,0.14118174150460758,0.9,0.0,gaussian_blur|gaussian_blur,gaussian_noise|gaussian_noise
T013-S0,A,58,brightness_dark,brightness_dark,0.14118174150460758,0.9,0.0,brightness_dark|brightness_dark,brightness_dark|brightness_dark
T013-S0,A,58,gaussian_noise,gaussian_noise,0.14118174150460758,0.9,0.0,clean|clean,gaussian_noise|gaussian_noise
T013-S0,A,58,gaussian_blur,gaussian_blur,0.14118174150460758,0.9,0.0,contrast_low|contrast_low,gaussian_noise|gaussian_noise
T013-S0,A,59,brightness_dark,brightness_dark,0.6145365019512083,0.4,0.0,brightness_dark|brightness_dark,brightness_dark|brightness_dark
T013-S0,A,59,contrast_low,contrast_low,0.6145365019512083,0.4,0.0,contrast_low|contrast_low,contrast_low|contrast_low
T013-S0,A,59,gaussian_noise,gaussian_noise,0.6145365019512083,0.4,0.0,clean|clean,clean|clean
T013-S0,A,60,clean,clean,-0.0,1.0,0.0,gaussian_noise|gaussian_noise,gaussian_noise|gaussian_noise
T013-S0,A,60,brightness_dark,brightness_dark,-0.0,1.0,0.0,brightness_dark|brightness_dark,brightness_dark|brightness_dark
T013-S0,A,60,gaussian_noise,gaussian_noise,-0.0,1.0,0.0,gaussian_noise|gaussian_noise,gaussian_noise|gaussian_noise
T013-S0,A,61,brightness_dark,brightness_dark,0.358755552239424,0.75,0.0,brightness_dark|brightness_dark,brightness_dark|brightness_dark
T013-S0,A,62,brightness_dark,brightness_dark,0.5878285561418409,0.3,0.0,brightness_dark|brightness_dark,brightness_dark|brightness_dark
T013-S0,A,63,clean,clean,0.37162086641628495,0.5,0.0,clean|clean,clean|clean
T013-S0,A,63,brightness_dark,brightness_dark,0.37162086641628495,0.5,0.0,brightness_dark|brightness_dark,brightness_dark|brightness_dark
T013-S0,A,63,gaussian_blur,gaussian_blur,0.37162086641628495,0.5,0.0,gaussian_blur|gaussian_blur,gaussian_blur|gaussian_blur
T013-S0,A,64,contrast_low,contrast_low,0.4385343715564183,0.7,0.0,contrast_low|contrast_low,contrast_low|contrast_low
T013-S0,A,65,brightness_dark,brightness_dark,-0.0,1.0,0.0,brightness_dark|brightness_dark,brightness_dark|brightness_dark
T013-S0,A,66,brightness_dark,brightness_dark,0.1712847410710057,0.9,0.0,brightness_dark|brightness_dark,brightness_dark|brightness_dark
T013-S0,A,66,contrast_low,contrast_low,0.1712847410710057,0.9,0.0,contrast_low|contrast_low,contrast_low|contrast_low
T013-S0,A,67,brightness_dark,brightness_dark,0.5362838323534155,0.55,0.0,brightness_dark|brightness_dark,brightness_dark|brightness_dark
T013-S0,A,67,contrast_low,contrast_low,0.5362838323534155,0.55,0.0,contrast_low|contrast_low,contrast_low|contrast_low
T013-S0,A,68,contrast_low,contrast_low,0.45542455414570265,0.45,0.0,contrast_low|contrast_low,contrast_low|contrast_low
T013-S0,A,68,gaussian_blur,gaussian_blur,0.45542455414570265,0.45,0.0,contrast_low|contrast_low,contrast_low|contrast_low
T013-S0,A,70,brightness_dark,brightness_dark,0.21732201127364886,0.8,0.0,brightness_dark|brightness_dark,brightness_dark|brightness_dark
T013-S0,A,70,contrast_low,contrast_low,0.21732201127364886,0.8,0.0,contrast_low|contrast_low,contrast_low|contrast_low
T013-S0,A,70,gaussian_noise,gaussian_noise,0.21732201127364886,0.8,0.0,gaussian_noise|gaussian_noise,gaussian_noise|gaussian_noise
T013-S0,A,71,brightness_dark,brightness_dark,0.3172903635978727,0.75,0.0,brightness_dark|brightness_dark,brightness_dark|brightness_dark
T013-S0,A,72,brightness_dark,brightness_dark,0.46343299021718715,0.45,0.0,brightness_dark|brightness_dark,brightness_dark|brightness_dark
T013-S0,A,73,brightness_dark,brightness_dark,0.4023767052555694,0.55,0.0,brightness_dark|brightness_dark,brightness_dark|brightness_dark
T013-S0,A,74,clean,clean,-0.0,1.0,0.0,clean|clean,clean|clean
T013-S0,A,74,brightness_dark,brightness_dark,-0.0,1.0,0.0,brightness_dark|brightness_dark,brightness_dark|brightness_dark
T013-S0,A,74,gaussian_noise,gaussian_noise,-0.0,1.0,0.0,clean|clean,clean|clean
T013-S0,A,75,contrast_low,contrast_low,0.44717262228329563,0.5,0.0,contrast_low|contrast_low,contrast_low|contrast_low
T013-S0,A,76,brightness_dark,brightness_dark,0.37162086641628495,0.5,0.0,brightness_dark|brightness_dark,brightness_dark|brightness_dark
T013-S0,A,76,contrast_low,contrast_low,0.37162086641628495,0.5,0.0,contrast_low|contrast_low,contrast_low|contrast_low
T013-S0,A,76,gaussian_blur,gaussian_blur,0.37162086641628495,0.5,0.0,gaussian_blur|gaussian_blur,gaussian_blur|gaussian_blur
T013-S0,A,77,clean,clean,0.29228525323862886,0.6,0.0,gaussian_noise|gaussian_noise,gaussian_noise|gaussian_noise
T013-S0,A,77,gaussian_noise,gaussian_noise,0.29228525323862886,0.6,0.0,gaussian_noise|gaussian_noise,gaussian_noise|gaussian_noise
T013-S0,A,78,brightness_dark,brightness_dark,0.29854955310662773,0.75,0.0,brightness_dark|brightness_dark,brightness_dark|brightness_dark
T013-S0,A,79,clean,clean,0.26616582133129196,0.8,0.0,gaussian_noise|gaussian_noise,gaussian_noise|gaussian_noise
T013-S0,A,79,gaussian_noise,gaussian_noise,0.26616582133129196,0.8,0.0,gaussian_noise|gaussian_noise,gaussian_noise|gaussian_noise
T013-S0,A,80,clean,clean,0.14118174150460758,0.9,0.0,clean|clean,clean|clean
T013-S0,A,80,brightness_dark,brightness_dark,0.14118174150460758,0.9,0.0,brightness_dark|brightness_dark,brightness_dark|brightness_dark
T013-S0,A,80,gaussian_blur,gaussian_blur,0.14118174150460758,0.9,0.0,gaussian_blur|gaussian_blur,gaussian_blur|gaussian_blur
T013-S0,A,81,brightness_dark,brightness_dark,0.08621407475879368,0.95,0.0,brightness_dark|brightness_dark,brightness_dark|brightness_dark
T013-S0,A,82,brightness_dark,brightness_dark,0.08621407475879368,0.95,0.0,brightness_dark|brightness_dark,brightness_dark|brightness_dark
T013-S0,A,83,clean,clean,0.26616582133129196,0.8,0.0,gaussian_noise|gaussian_noise,gaussian_noise|gaussian_noise
T013-S0,A,83,brightness_dark,brightness_dark,0.26616582133129196,0.8,0.0,brightness_dark|brightness_dark,brightness_dark|brightness_dark
T013-S0,A,83,contrast_low,contrast_low,0.26616582133129196,0.8,0.0,contrast_low|contrast_low,contrast_low|contrast_low
T013-S0,A,83,gaussian_noise,gaussian_noise,0.26616582133129196,0.8,0.0,gaussian_noise|gaussian_noise,gaussian_noise|gaussian_noise
T013-S0,A,84,clean,clean,0.45542455414570265,0.45,0.0,gaussian_noise|clean,gaussian_noise|clean
T013-S0,A,84,gaussian_noise,gaussian_noise,0.45542455414570265,0.45,0.0,gaussian_noise|gaussian_noise,gaussian_noise|gaussian_noise
T013-S0,A,85,brightness_dark,brightness_dark,0.2811825026595474,0.65,0.0,brightness_dark|brightness_dark,brightness_dark|brightness_dark
T013-S0,A,88,clean,clean,0.4802818720531094,0.6,0.0,clean|clean,clean|clean
T013-S0,A,88,brightness_dark,brightness_dark,0.4802818720531094,0.6,0.0,brightness_dark|brightness_dark,brightness_dark|brightness_dark
T013-S0,A,88,gaussian_noise,gaussian_noise,0.4802818720531094,0.6,0.0,clean|clean,clean|clean
T013-S0,A,88,gaussian_blur,gaussian_blur,0.4802818720531094,0.6,0.0,gaussian_blur|gaussian_blur,gaussian_blur|gaussian_blur
T013-S0,A,89,brightness_dark,brightness_dark,0.2652949955741215,0.7,0.0,brightness_dark|brightness_dark,brightness_dark|brightness_dark
T013-S0,A,90,brightness_dark,brightness_dark,0.5365043035268443,0.45,0.0,brightness_dark|brightness_dark,brightness_dark|brightness_dark
T013-S0,A,91,brightness_dark,brightness_dark,0.22504541292605024,0.85,0.0,brightness_dark|brightness_dark,brightness_dark|brightness_dark
T013-S0,A,92,clean,clean,0.3239978696052098,0.7,0.0,gaussian_blur|gaussian_blur,gaussian_blur|gaussian_blur
T013-S0,A,92,brightness_dark,brightness_dark,0.3239978696052098,0.7,0.0,brightness_dark|brightness_dark,brightness_dark|brightness_dark
T013-S0,A,92,contrast_low,contrast_low,0.3239978696052098,0.7,0.0,contrast_low|contrast_low,contrast_low|contrast_low
T013-S0,A,92,gaussian_blur,gaussian_blur,0.3239978696052098,0.7,0.0,contrast_low|contrast_low,contrast_low|contrast_low
T013-S0,A,93,gaussian_noise,gaussian_noise,-0.0,1.0,0.0,gaussian_noise|gaussian_noise,gaussian_noise|gaussian_noise
T013-S0,A,94,brightness_dark,brightness_dark,0.08621407475879368,0.95,0.0,brightness_dark|brightness_dark,brightness_dark|brightness_dark
T013-S0,A,95,clean,clean,0.29854955310662773,0.75,0.0,gaussian_blur|gaussian_blur,contrast_low|contrast_low
T013-S0,A,95,contrast_low,contrast_low,0.29854955310662773,0.75,0.0,contrast_low|contrast_low,contrast_low|contrast_low
T013-S0,A,95,gaussian_blur,gaussian_blur,0.29854955310662773,0.75,0.0,contrast_low|contrast_low,contrast_low|contrast_low
T013-S0,A,96,brightness_dark,brightness_dark,0.08621407475879368,0.95,0.0,brightness_dark|brightness_dark,brightness_dark|brightness_dark
T013-S0,A,97,clean,clean,0.29854955310662773,0.75,0.0,gaussian_noise|gaussian_noise,gaussian_noise|gaussian_noise
T013-S0,A,97,gaussian_noise,gaussian_noise,0.29854955310662773,0.75,0.0,gaussian_noise|gaussian_noise,gaussian_noise|gaussian_noise
T013-S0,A,98,brightness_dark,brightness_dark,0.34822537285722394,0.7,0.0,brightness_dark|brightness_dark,brightness_dark|brightness_dark
T013-S0,A,99,brightness_dark,brightness_dark,0.6814913078447037,0.35,0.0,brightness_dark|brightness_dark,brightness_dark|brightness_dark
T013-S0,B,0,brightness_dark,brightness_dark,0.22504541292605024,0.85,0.0,brightness_dark|brightness_dark,brightness_dark|brightness_dark
T013-S0,B,0,contrast_low,contrast_low,0.22504541292605024,0.85,0.0,contrast_low|contrast_low,contrast_low|contrast_low
T013-S0,B,1,brightness_dark,brightness_dark,0.18358022428449897,0.85,0.0,brightness_dark|brightness_dark,brightness_dark|brightness_dark
T013-S0,B,1,contrast_low,contrast_low,0.18358022428449897,0.85,0.0,contrast_low|contrast_low,contrast_low|contrast_low
T013-S0,B,2,gaussian_noise,gaussian_noise,0.1712847410710057,0.9,0.0,clean|clean,gaussian_noise|gaussian_noise
T013-S0,B,3,clean,clean,-0.0,1.0,0.0,gaussian_noise|gaussian_noise,gaussian_noise|gaussian_noise
T013-S0,B,3,brightness_dark,brightness_dark,-0.0,1.0,0.0,brightness_dark|brightness_dark,brightness_dark|brightness_dark
T013-S0,B,3,gaussian_noise,gaussian_noise,-0.0,1.0,0.0,gaussian_noise|gaussian_noise,gaussian_noise|gaussian_noise
T013-S0,B,4,brightness_dark,brightness_dark,0.3670280240301799,0.55,0.0,brightness_dark|brightness_dark,brightness_dark|brightness_dark
T013-S0,B,5,clean,clean,0.3849866301909954,0.65,0.0,gaussian_noise|gaussian_noise,gaussian_noise|gaussian_noise
T013-S0,B,5,brightness_dark,brightness_dark,0.3849866301909954,0.65,0.0,brightness_dark|brightness_dark,brightness_dark|brightness_dark
T013-S0,B,6,clean,clean,0.37162086641628495,0.5,0.0,clean|clean,clean|clean
T013-S0,B,6,brightness_dark,brightness_dark,0.37162086641628495,0.5,0.0,brightness_dark|brightness_dark,brightness_dark|brightness_dark
T013-S0,B,6,gaussian_noise,gaussian_noise,0.37162086641628495,0.5,0.0,gaussian_noise|gaussian_noise,gaussian_noise|gaussian_noise
T013-S0,B,6,gaussian_blur,gaussian_blur,0.37162086641628495,0.5,0.0,gaussian_blur|gaussian_blur,gaussian_blur|gaussian_blur
T013-S0,B,7,contrast_low,contrast_low,0.14118174150460758,0.9,0.0,contrast_low|contrast_low,contrast_low|contrast_low
T013-S0,B,7,gaussian_noise,gaussian_noise,0.14118174150460758,0.9,0.0,gaussian_noise|gaussian_noise,gaussian_noise|gaussian_noise
T013-S0,B,8,brightness_dark,brightness_dark,0.21732201127364886,0.8,0.0,brightness_dark|brightness_dark,brightness_dark|brightness_dark
T013-S0,B,9,brightness_dark,brightness_dark,0.2652949955741215,0.7,0.0,brightness_dark|brightness_dark,brightness_dark|brightness_dark
T013-S0,B,9,contrast_low,contrast_low,0.2652949955741215,0.7,0.0,contrast_low|contrast_low,contrast_low|contrast_low
T013-S0,B,10,clean,clean,0.3556039942733158,0.7,0.0,gaussian_noise|gaussian_noise,gaussian_noise|gaussian_noise
T013-S0,B,10,gaussian_noise,gaussian_noise,0.3556039942733158,0.7,0.0,gaussian_noise|gaussian_noise,gaussian_noise|gaussian_noise
T013-S0,B,11,clean,clean,0.2988548895792612,0.55,0.0,gaussian_noise|gaussian_noise,gaussian_noise|gaussian_noise
T013-S0,B,11,brightness_dark,brightness_dark,0.2988548895792612,0.55,0.0,brightness_dark|brightness_dark,brightness_dark|brightness_dark
T013-S0,B,11,gaussian_noise,gaussian_noise,0.2988548895792612,0.55,0.0,gaussian_noise|gaussian_noise,gaussian_noise|gaussian_noise
T013-S0,B,12,brightness_dark,brightness_dark,0.18358022428449897,0.85,0.0,brightness_dark|brightness_dark,brightness_dark|brightness_dark
T013-S0,B,13,contrast_low,contrast_low,0.3172903635978727,0.75,0.0,contrast_low|contrast_low,contrast_low|contrast_low
T013-S0,B,14,clean,clean,0.08621407475879368,0.95,0.0,gaussian_noise|gaussian_noise,gaussian_noise|gaussian_noise
T013-S0,B,14,gaussian_noise,gaussian_noise,0.08621407475879368,0.95,0.0,gaussian_noise|gaussian_noise,gaussian_noise|gaussian_noise
T013-S0,B,14,gaussian_blur,gaussian_blur,0.08621407475879368,0.95,0.0,gaussian_noise|gaussian_noise,gaussian_noise|gaussian_noise
T013-S0,B,15,brightness_dark,brightness_dark,-0.0,1.0,0.0,brightness_dark|brightness_dark,clean|brightness_dark
T013-S0,B,15,gaussian_noise,gaussian_noise,-0.0,1.0,0.0,gaussian_noise|gaussian_noise,gaussian_noise|gaussian_noise
T013-S0,B,16,clean,clean,0.5052456816589913,0.5,0.0,clean|clean,clean|clean
T013-S0,B,16,brightness_dark,brightness_dark,0.5052456816589913,0.5,0.0,brightness_dark|brightness_dark,brightness_dark|brightness_dark
T013-S0,B,16,contrast_low,contrast_low,0.5052456816589913,0.5,0.0,contrast_low|contrast_low,contrast_low|contrast_low
T013-S0,B,16,gaussian_noise,gaussian_noise,0.5052456816589913,0.5,0.0,clean|gaussian_noise,clean|gaussian_noise
T013-S0,B,16,gaussian_blur,gaussian_blur,0.5052456816589913,0.5,0.0,gaussian_blur|gaussian_blur,gaussian_blur|gaussian_blur
T013-S0,B,17,brightness_dark,brightness_dark,0.4023767052555694,0.55,0.0,brightness_dark|brightness_dark,brightness_dark|brightness_dark
T013-S0,B,17,contrast_low,contrast_low,0.4023767052555694,0.55,0.0,contrast_low|contrast_low,contrast_low|contrast_low
T013-S0,B,18,clean,clean,0.29854955310662773,0.75,0.0,gaussian_noise|gaussian_noise,gaussian_noise|gaussian_noise
T013-S0,B,18,brightness_dark,brightness_dark,0.29854955310662773,0.75,0.0,brightness_dark|brightness_dark,brightness_dark|brightness_dark
T013-S0,B,18,contrast_low,contrast_low,0.29854955310662773,0.75,0.0,contrast_low|contrast_low,brightness_dark|gaussian_noise
T013-S0,B,18,gaussian_noise,gaussian_noise,0.29854955310662773,0.75,0.0,gaussian_noise|gaussian_noise,gaussian_noise|gaussian_noise
T013-S0,B,18,gaussian_blur,gaussian_blur,0.29854955310662773,0.75,0.0,gaussian_blur|gaussian_blur,gaussian_noise|gaussian_noise
T013-S0,B,19,clean,clean,0.3172903635978727,0.75,0.0,gaussian_noise|gaussian_noise,gaussian_noise|gaussian_noise
T013-S0,B,19,gaussian_noise,gaussian_noise,0.3172903635978727,0.75,0.0,gaussian_noise|gaussian_noise,gaussian_noise|gaussian_noise
T013-S0,B,20,clean,clean,-0.0,1.0,0.0,clean|clean,clean|clean
T013-S0,B,20,brightness_dark,brightness_dark,-0.0,1.0,0.0,brightness_dark|brightness_dark,brightness_dark|brightness_dark
T013-S0,B,20,gaussian_blur,gaussian_blur,-0.0,1.0,0.0,gaussian_blur|gaussian_blur,gaussian_blur|gaussian_blur
T013-S0,B,21,gaussian_noise,gaussian_noise,-0.0,1.0,0.0,gaussian_noise|gaussian_noise,gaussian_noise|gaussian_noise
T013-S0,B,22,clean,clean,0.29228525323862886,0.6,0.0,clean|clean,clean|clean
T013-S0,B,22,contrast_low,contrast_low,0.29228525323862886,0.6,0.0,contrast_low|contrast_low,contrast_low|contrast_low
T013-S0,B,22,gaussian_noise,gaussian_noise,0.29228525323862886,0.6,0.0,gaussian_noise|gaussian_noise,gaussian_noise|gaussian_noise
T013-S0,B,22,gaussian_blur,gaussian_blur,0.29228525323862886,0.6,0.0,gaussian_blur|gaussian_blur,gaussian_blur|gaussian_blur
T013-S0,B,23,brightness_dark,brightness_dark,0.5374816209824899,0.5,0.0,brightness_dark|brightness_dark,brightness_dark|brightness_dark
T013-S0,B,23,contrast_low,contrast_low,0.5374816209824899,0.5,0.0,contrast_low|contrast_low,contrast_low|contrast_low
T013-S0,B,23,gaussian_noise,gaussian_noise,0.5374816209824899,0.5,0.0,gaussian_noise|gaussian_noise,gaussian_noise|gaussian_noise
T013-S0,B,24,brightness_dark,brightness_dark,0.26616582133129196,0.8,0.0,brightness_dark|brightness_dark,brightness_dark|brightness_dark
T013-S0,B,24,contrast_low,contrast_low,0.26616582133129196,0.8,0.0,contrast_low|contrast_low,brightness_dark|contrast_low
T013-S0,B,25,clean,clean,0.43881668341155816,0.45,0.0,clean|clean,gaussian_blur|gaussian_noise
T013-S0,B,25,brightness_dark,brightness_dark,0.43881668341155816,0.45,0.0,brightness_dark|brightness_dark,brightness_dark|brightness_dark
T013-S0,B,25,contrast_low,contrast_low,0.43881668341155816,0.45,0.0,contrast_low|contrast_low,contrast_low|contrast_low
T013-S0,B,26,brightness_dark,brightness_dark,0.08621407475879368,0.95,0.0,brightness_dark|brightness_dark,brightness_dark|brightness_dark
T013-S0,B,26,contrast_low,contrast_low,0.08621407475879368,0.95,0.0,gaussian_blur|gaussian_blur,gaussian_blur|gaussian_blur
T013-S0,B,27,contrast_low,contrast_low,-0.0,1.0,0.0,contrast_low|contrast_low,contrast_low|contrast_low
T013-S0,B,28,brightness_dark,brightness_dark,0.5053986284565879,0.65,0.0,brightness_dark|brightness_dark,brightness_dark|brightness_dark
T013-S0,B,28,contrast_low,contrast_low,0.5053986284565879,0.65,0.0,contrast_low|contrast_low,contrast_low|contrast_low
T013-S0,B,28,gaussian_noise,gaussian_noise,0.5053986284565879,0.65,0.0,gaussian_noise|gaussian_noise,gaussian_noise|gaussian_noise
T013-S0,B,29,contrast_low,contrast_low,-0.0,1.0,0.0,contrast_low|contrast_low,contrast_low|contrast_low
T013-S0,B,31,brightness_dark,brightness_dark,-0.0,1.0,0.0,brightness_dark|brightness_dark,brightness_dark|brightness_dark
T013-S0,B,31,contrast_low,contrast_low,-0.0,1.0,0.0,contrast_low|contrast_low,contrast_low|contrast_low
T013-S0,B,31,gaussian_noise,gaussian_noise,-0.0,1.0,0.0,gaussian_noise|gaussian_noise,gaussian_noise|gaussian_noise
T013-S0,B,32,brightness_dark,brightness_dark,0.6385229941014448,0.35,0.0,brightness_dark|brightness_dark,brightness_dark|brightness_dark
T013-S0,B,32,gaussian_noise,gaussian_noise,0.6385229941014448,0.35,0.0,gaussian_noise|gaussian_noise,gaussian_noise|gaussian_noise
T013-S0,B,33,contrast_low,contrast_low,0.18358022428449897,0.85,0.0,contrast_low|contrast_low,contrast_low|contrast_low
T013-S0,B,33,gaussian_noise,gaussian_noise,0.18358022428449897,0.85,0.0,gaussian_noise|gaussian_noise,gaussian_noise|gaussian_noise
T013-S0,B,34,clean,clean,0.3172903635978727,0.75,0.0,gaussian_noise|gaussian_noise,gaussian_noise|gaussian_noise
T013-S0,B,34,brightness_dark,brightness_dark,0.3172903635978727,0.75,0.0,brightness_dark|brightness_dark,brightness_dark|brightness_dark
T013-S0,B,34,contrast_low,contrast_low,0.3172903635978727,0.75,0.0,contrast_low|contrast_low,contrast_low|contrast_low
T013-S0,B,34,gaussian_noise,gaussian_noise,0.3172903635978727,0.75,0.0,gaussian_noise|gaussian_noise,gaussian_noise|gaussian_noise
T013-S0,B,35,clean,clean,0.2988548895792612,0.55,0.0,clean|clean,clean|clean
T013-S0,B,35,brightness_dark,brightness_dark,0.2988548895792612,0.55,0.0,brightness_dark|brightness_dark,brightness_dark|brightness_dark
T013-S0,B,35,contrast_low,contrast_low,0.2988548895792612,0.55,0.0,contrast_low|contrast_low,contrast_low|contrast_low
T013-S0,B,35,gaussian_blur,gaussian_blur,0.2988548895792612,0.55,0.0,gaussian_blur|gaussian_blur,gaussian_blur|gaussian_blur
T013-S0,B,36,brightness_dark,brightness_dark,0.4385343715564183,0.7,0.0,brightness_dark|brightness_dark,brightness_dark|brightness_dark
T013-S0,B,36,contrast_low,contrast_low,0.4385343715564183,0.7,0.0,contrast_low|contrast_low,contrast_low|contrast_low
T013-S0,B,37,gaussian_noise,gaussian_noise,0.34352144154944414,0.65,0.0,gaussian_noise|gaussian_noise,gaussian_noise|gaussian_noise
T013-S0,B,38,clean,clean,-0.0,1.0,0.0,clean|gaussian_noise,gaussian_noise|gaussian_noise
T013-S0,B,38,brightness_dark,brightness_dark,-0.0,1.0,0.0,brightness_dark|brightness_dark,brightness_dark|brightness_dark
T013-S0,B,38,contrast_low,contrast_low,-0.0,1.0,0.0,contrast_low|contrast_low,contrast_low|contrast_low
T013-S0,B,38,gaussian_noise,gaussian_noise,-0.0,1.0,0.0,gaussian_noise|gaussian_noise,gaussian_noise|gaussian_noise
T013-S0,B,39,clean,clean,-0.0,1.0,0.0,gaussian_noise|gaussian_noise,gaussian_noise|gaussian_noise
T013-S0,B,39,gaussian_noise,gaussian_noise,-0.0,1.0,0.0,gaussian_noise|gaussian_noise,gaussian_noise|gaussian_noise
T013-S0,B,39,gaussian_blur,gaussian_blur,-0.0,1.0,0.0,gaussian_noise|gaussian_noise,gaussian_noise|gaussian_noise
T013-S0,B,40,contrast_low,contrast_low,-0.0,1.0,0.0,contrast_low|contrast_low,clean|clean
T013-S0,B,40,gaussian_noise,gaussian_noise,-0.0,1.0,0.0,clean|clean,clean|clean
T013-S0,B,41,contrast_low,contrast_low,0.34739336316427083,0.75,0.0,contrast_low|contrast_low,contrast_low|contrast_low
T013-S0,B,41,gaussian_noise,gaussian_noise,0.34739336316427083,0.75,0.0,gaussian_noise|gaussian_noise,gaussian_noise|gaussian_noise
T013-S0,B,41,gaussian_blur,gaussian_blur,0.34739336316427083,0.75,0.0,gaussian_blur|gaussian_blur,gaussian_blur|gaussian_blur
T013-S0,B,42,contrast_low,contrast_low,0.4023767052555694,0.55,0.0,contrast_low|contrast_low,contrast_low|contrast_low
T013-S0,B,42,gaussian_noise,gaussian_noise,0.4023767052555694,0.55,0.0,gaussian_noise|gaussian_noise,gaussian_noise|gaussian_noise
T013-S0,B,42,gaussian_blur,gaussian_blur,0.4023767052555694,0.55,0.0,gaussian_blur|gaussian_blur,gaussian_blur|gaussian_blur
T013-S0,B,43,clean,clean,0.29228525323862886,0.6,0.0,gaussian_noise|gaussian_noise,gaussian_noise|gaussian_noise
T013-S0,B,43,brightness_dark,brightness_dark,0.29228525323862886,0.6,0.0,brightness_dark|brightness_dark,brightness_dark|brightness_dark
T013-S0,B,43,gaussian_noise,gaussian_noise,0.29228525323862886,0.6,0.0,gaussian_noise|gaussian_noise,gaussian_noise|gaussian_noise
T013-S0,B,44,brightness_dark,brightness_dark,0.3670280240301799,0.55,0.0,brightness_dark|brightness_dark,brightness_dark|brightness_dark
T013-S0,B,44,contrast_low,contrast_low,0.3670280240301799,0.55,0.0,contrast_low|contrast_low,contrast_low|contrast_low
T013-S0,B,44,gaussian_noise,gaussian_noise,0.3670280240301799,0.55,0.0,gaussian_noise|gaussian_noise,gaussian_noise|gaussian_noise
T013-S0,B,45,gaussian_noise,gaussian_noise,0.3076310099728432,0.8,0.0,gaussian_noise|gaussian_noise,gaussian_noise|gaussian_noise
T013-S0,B,46,brightness_dark,brightness_dark,0.1712847410710057,0.9,0.0,brightness_dark|brightness_dark,brightness_dark|brightness_dark
T013-S0,B,47,clean,clean,0.5660814954471801,0.5,0.0,clean|clean,clean|gaussian_noise
T013-S0,B,47,brightness_dark,brightness_dark,0.5660814954471801,0.5,0.0,brightness_dark|brightness_dark,brightness_dark|brightness_dark
T013-S0,B,47,contrast_low,contrast_low,0.5660814954471801,0.5,0.0,contrast_low|contrast_low,contrast_low|contrast_low
T013-S0,B,47,gaussian_noise,gaussian_noise,0.5660814954471801,0.5,0.0,gaussian_noise|gaussian_noise,gaussian_noise|gaussian_noise
T013-S0,B,47,gaussian_blur,gaussian_blur,0.5660814954471801,0.5,0.0,gaussian_blur|gaussian_blur,gaussian_blur|gaussian_blur
T013-S0,B,48,brightness_dark,brightness_dark,0.4072105587434522,0.6,0.0,brightness_dark|brightness_dark,brightness_dark|brightness_dark
T013-S0,B,49,contrast_low,contrast_low,0.18358022428449897,0.85,0.0,contrast_low|contrast_low,contrast_low|contrast_low
T013-S0,B,50,clean,clean,0.2442190502882155,0.75,0.0,gaussian_noise|gaussian_noise,gaussian_noise|gaussian_noise
T013-S0,B,50,gaussian_noise,gaussian_noise,0.2442190502882155,0.75,0.0,gaussian_noise|gaussian_noise,gaussian_noise|gaussian_noise
T013-S0,B,51,clean,clean,0.1712847410710057,0.9,0.0,gaussian_blur|clean,gaussian_noise|brightness_dark
T013-S0,B,51,brightness_dark,brightness_dark,0.1712847410710057,0.9,0.0,brightness_dark|brightness_dark,contrast_low|contrast_low
T013-S0,B,51,contrast_low,contrast_low,0.1712847410710057,0.9,0.0,contrast_low|contrast_low,brightness_dark|brightness_dark
T013-S0,B,51,gaussian_noise,gaussian_noise,0.1712847410710057,0.9,0.0,clean|clean,gaussian_noise|gaussian_noise
T013-S0,B,51,gaussian_blur,gaussian_blur,0.1712847410710057,0.9,0.0,gaussian_blur|gaussian_blur,brightness_dark|brightness_dark
T013-S0,B,52,gaussian_noise,gaussian_noise,0.14118174150460758,0.9,0.0,gaussian_noise|gaussian_noise,gaussian_noise|gaussian_noise
T013-S0,B,52,gaussian_blur,gaussian_blur,0.14118174150460758,0.9,0.0,gaussian_noise|gaussian_noise,gaussian_noise|gaussian_noise
T013-S0,B,53,brightness_dark,brightness_dark,0.2652949955741215,0.7,0.0,brightness_dark|brightness_dark,brightness_dark|brightness_dark
T013-S0,B,53,contrast_low,contrast_low,0.2652949955741215,0.7,0.0,contrast_low|contrast_low,contrast_low|contrast_low
T013-S0,B,54,brightness_dark,brightness_dark,0.26616582133129196,0.8,0.0,brightness_dark|brightness_dark,brightness_dark|brightness_dark
T013-S0,B,55,brightness_dark,brightness_dark,0.08621407475879368,0.95,0.0,brightness_dark|brightness_dark,brightness_dark|brightness_dark
T013-S0,B,55,contrast_low,contrast_low,0.08621407475879368,0.95,0.0,contrast_low|contrast_low,contrast_low|contrast_low
T013-S0,B,55,gaussian_noise,gaussian_noise,0.08621407475879368,0.95,0.0,gaussian_noise|gaussian_noise,gaussian_noise|gaussian_noise
T013-S0,B,56,clean,clean,0.4802818720531094,0.6,0.0,clean|clean,clean|clean
T013-S0,B,56,brightness_dark,brightness_dark,0.4802818720531094,0.6,0.0,brightness_dark|brightness_dark,brightness_dark|brightness_dark
T013-S0,B,56,gaussian_noise,gaussian_noise,0.4802818720531094,0.6,0.0,gaussian_noise|gaussian_noise,gaussian_noise|clean
T013-S0,B,56,gaussian_blur,gaussian_blur,0.4802818720531094,0.6,0.0,gaussian_blur|gaussian_blur,gaussian_blur|gaussian_blur
T013-S0,B,57,contrast_low,contrast_low,0.5779694921683955,0.45,0.0,contrast_low|contrast_low,contrast_low|contrast_low
T013-S0,B,58,clean,clean,0.14118174150460758,0.9,0.0,gaussian_blur|gaussian_blur,gaussian_noise|gaussian_noise
T013-S0,B,58,brightness_dark,brightness_dark,0.14118174150460758,0.9,0.0,brightness_dark|brightness_dark,brightness_dark|brightness_dark
T013-S0,B,58,gaussian_noise,gaussian_noise,0.14118174150460758,0.9,0.0,clean|clean,gaussian_noise|gaussian_noise
T013-S0,B,58,gaussian_blur,gaussian_blur,0.14118174150460758,0.9,0.0,contrast_low|contrast_low,brightness_dark|gaussian_noise
T013-S0,B,59,brightness_dark,brightness_dark,0.6145365019512083,0.4,0.0,brightness_dark|brightness_dark,brightness_dark|brightness_dark
T013-S0,B,59,contrast_low,contrast_low,0.6145365019512083,0.4,0.0,contrast_low|contrast_low,contrast_low|contrast_low
T013-S0,B,59,gaussian_noise,gaussian_noise,0.6145365019512083,0.4,0.0,clean|clean,clean|clean
T013-S0,B,60,clean,clean,-0.0,1.0,0.0,gaussian_noise|gaussian_noise,gaussian_noise|gaussian_noise
T013-S0,B,60,brightness_dark,brightness_dark,-0.0,1.0,0.0,brightness_dark|brightness_dark,brightness_dark|brightness_dark
T013-S0,B,60,gaussian_noise,gaussian_noise,-0.0,1.0,0.0,gaussian_noise|gaussian_noise,gaussian_noise|gaussian_noise
T013-S0,B,61,brightness_dark,brightness_dark,0.358755552239424,0.75,0.0,brightness_dark|brightness_dark,brightness_dark|brightness_dark
T013-S0,B,62,brightness_dark,brightness_dark,0.5878285561418409,0.3,0.0,brightness_dark|brightness_dark,brightness_dark|brightness_dark
T013-S0,B,63,clean,clean,0.37162086641628495,0.5,0.0,clean|clean,clean|clean
T013-S0,B,63,brightness_dark,brightness_dark,0.37162086641628495,0.5,0.0,brightness_dark|brightness_dark,brightness_dark|brightness_dark
T013-S0,B,63,gaussian_blur,gaussian_blur,0.37162086641628495,0.5,0.0,gaussian_blur|gaussian_blur,gaussian_blur|gaussian_blur
T013-S0,B,64,brightness_dark,brightness_dark,0.4385343715564183,0.7,0.0,brightness_dark|brightness_dark,brightness_dark|brightness_dark
T013-S0,B,64,contrast_low,contrast_low,0.4385343715564183,0.7,0.0,contrast_low|contrast_low,contrast_low|contrast_low
T013-S0,B,65,brightness_dark,brightness_dark,-0.0,1.0,0.0,brightness_dark|brightness_dark,brightness_dark|brightness_dark
T013-S0,B,66,brightness_dark,brightness_dark,0.1712847410710057,0.9,0.0,brightness_dark|brightness_dark,brightness_dark|brightness_dark
T013-S0,B,66,contrast_low,contrast_low,0.1712847410710057,0.9,0.0,contrast_low|contrast_low,contrast_low|contrast_low
T013-S0,B,67,brightness_dark,brightness_dark,0.5362838323534155,0.55,0.0,brightness_dark|brightness_dark,brightness_dark|brightness_dark
T013-S0,B,67,contrast_low,contrast_low,0.5362838323534155,0.55,0.0,contrast_low|contrast_low,contrast_low|contrast_low
T013-S0,B,68,contrast_low,contrast_low,0.45542455414570265,0.45,0.0,contrast_low|contrast_low,contrast_low|contrast_low
T013-S0,B,69,brightness_dark,brightness_dark,0.3239978696052099,0.7,0.0,brightness_dark|brightness_dark,brightness_dark|brightness_dark
T013-S0,B,70,brightness_dark,brightness_dark,0.21732201127364886,0.8,0.0,brightness_dark|brightness_dark,brightness_dark|brightness_dark
T013-S0,B,70,contrast_low,contrast_low,0.21732201127364886,0.8,0.0,contrast_low|contrast_low,contrast_low|contrast_low
T013-S0,B,70,gaussian_noise,gaussian_noise,0.21732201127364886,0.8,0.0,gaussian_noise|gaussian_noise,gaussian_noise|gaussian_noise
T013-S0,B,71,brightness_dark,brightness_dark,0.3172903635978727,0.75,0.0,brightness_dark|brightness_dark,brightness_dark|brightness_dark
T013-S0,B,72,brightness_dark,brightness_dark,0.46343299021718715,0.45,0.0,brightness_dark|brightness_dark,brightness_dark|brightness_dark
T013-S0,B,73,brightness_dark,brightness_dark,0.4023767052555694,0.55,0.0,brightness_dark|brightness_dark,brightness_dark|brightness_dark
T013-S0,B,74,clean,clean,-0.0,1.0,0.0,clean|clean,clean|clean
T013-S0,B,74,brightness_dark,brightness_dark,-0.0,1.0,0.0,brightness_dark|brightness_dark,brightness_dark|brightness_dark
T013-S0,B,75,contrast_low,contrast_low,0.44717262228329563,0.5,0.0,contrast_low|contrast_low,contrast_low|contrast_low
T013-S0,B,76,brightness_dark,brightness_dark,0.37162086641628495,0.5,0.0,brightness_dark|brightness_dark,brightness_dark|brightness_dark
T013-S0,B,76,contrast_low,contrast_low,0.37162086641628495,0.5,0.0,contrast_low|contrast_low,contrast_low|contrast_low
T013-S0,B,76,gaussian_blur,gaussian_blur,0.37162086641628495,0.5,0.0,gaussian_blur|gaussian_blur,gaussian_blur|gaussian_blur
T013-S0,B,77,clean,clean,0.29228525323862886,0.6,0.0,gaussian_noise|gaussian_noise,gaussian_noise|gaussian_noise
T013-S0,B,77,gaussian_noise,gaussian_noise,0.29228525323862886,0.6,0.0,gaussian_noise|gaussian_noise,gaussian_noise|gaussian_noise
T013-S0,B,78,brightness_dark,brightness_dark,0.29854955310662773,0.75,0.0,brightness_dark|brightness_dark,brightness_dark|brightness_dark
T013-S0,B,79,clean,clean,0.26616582133129196,0.8,0.0,gaussian_noise|gaussian_noise,gaussian_noise|gaussian_noise
T013-S0,B,79,gaussian_noise,gaussian_noise,0.26616582133129196,0.8,0.0,gaussian_noise|gaussian_noise,gaussian_noise|gaussian_noise
T013-S0,B,80,clean,clean,0.14118174150460758,0.9,0.0,clean|clean,clean|clean
T013-S0,B,80,brightness_dark,brightness_dark,0.14118174150460758,0.9,0.0,brightness_dark|brightness_dark,brightness_dark|brightness_dark
T013-S0,B,81,brightness_dark,brightness_dark,0.08621407475879368,0.95,0.0,brightness_dark|brightness_dark,brightness_dark|brightness_dark
T013-S0,B,82,brightness_dark,brightness_dark,0.08621407475879368,0.95,0.0,brightness_dark|brightness_dark,brightness_dark|brightness_dark
T013-S0,B,83,clean,clean,0.26616582133129196,0.8,0.0,gaussian_noise|gaussian_noise,gaussian_noise|gaussian_noise
T013-S0,B,83,brightness_dark,brightness_dark,0.26616582133129196,0.8,0.0,brightness_dark|brightness_dark,brightness_dark|brightness_dark
T013-S0,B,83,contrast_low,contrast_low,0.26616582133129196,0.8,0.0,contrast_low|contrast_low,contrast_low|contrast_low
T013-S0,B,83,gaussian_noise,gaussian_noise,0.26616582133129196,0.8,0.0,gaussian_noise|gaussian_noise,gaussian_noise|gaussian_noise
T013-S0,B,84,clean,clean,0.45542455414570265,0.45,0.0,gaussian_noise|gaussian_noise,gaussian_noise|gaussian_noise
T013-S0,B,84,gaussian_noise,gaussian_noise,0.45542455414570265,0.45,0.0,gaussian_noise|gaussian_noise,gaussian_noise|gaussian_noise
T013-S0,B,85,brightness_dark,brightness_dark,0.2811825026595474,0.65,0.0,brightness_dark|brightness_dark,brightness_dark|brightness_dark
T013-S0,B,88,clean,clean,0.4802818720531094,0.6,0.0,clean|clean,clean|clean
T013-S0,B,88,brightness_dark,brightness_dark,0.4802818720531094,0.6,0.0,brightness_dark|brightness_dark,brightness_dark|brightness_dark
T013-S0,B,88,gaussian_blur,gaussian_blur,0.4802818720531094,0.6,0.0,gaussian_blur|gaussian_blur,gaussian_blur|gaussian_blur
T013-S0,B,89,brightness_dark,brightness_dark,0.2652949955741215,0.7,0.0,brightness_dark|brightness_dark,brightness_dark|brightness_dark
T013-S0,B,90,brightness_dark,brightness_dark,0.5365043035268443,0.45,0.0,brightness_dark|brightness_dark,brightness_dark|brightness_dark
T013-S0,B,91,brightness_dark,brightness_dark,0.22504541292605024,0.85,0.0,brightness_dark|brightness_dark,brightness_dark|brightness_dark
T013-S0,B,92,clean,clean,0.3239978696052098,0.7,0.0,gaussian_blur|gaussian_blur,gaussian_blur|gaussian_blur
T013-S0,B,92,brightness_dark,brightness_dark,0.3239978696052098,0.7,0.0,brightness_dark|brightness_dark,brightness_dark|brightness_dark
T013-S0,B,92,contrast_low,contrast_low,0.3239978696052098,0.7,0.0,contrast_low|contrast_low,contrast_low|contrast_low
T013-S0,B,92,gaussian_blur,gaussian_blur,0.3239978696052098,0.7,0.0,contrast_low|contrast_low,contrast_low|contrast_low
T013-S0,B,93,gaussian_noise,gaussian_noise,-0.0,1.0,0.0,gaussian_noise|gaussian_noise,gaussian_noise|gaussian_noise
T013-S0,B,94,brightness_dark,brightness_dark,0.08621407475879368,0.95,0.0,brightness_dark|brightness_dark,brightness_dark|brightness_dark
T013-S0,B,95,contrast_low,contrast_low,0.29854955310662773,0.75,0.0,contrast_low|contrast_low,contrast_low|contrast_low
T013-S0,B,95,gaussian_blur,gaussian_blur,0.29854955310662773,0.75,0.0,contrast_low|contrast_low,contrast_low|contrast_low
T013-S0,B,96,brightness_dark,brightness_dark,0.08621407475879368,0.95,0.0,brightness_dark|brightness_dark,brightness_dark|brightness_dark
T013-S0,B,97,clean,clean,0.29854955310662773,0.75,0.0,gaussian_noise|gaussian_noise,gaussian_noise|gaussian_noise
T013-S0,B,97,gaussian_noise,gaussian_noise,0.29854955310662773,0.75,0.0,gaussian_noise|gaussian_noise,gaussian_noise|gaussian_noise
T013-S0,B,98,brightness_dark,brightness_dark,0.34822537285722394,0.7,0.0,brightness_dark|brightness_dark,brightness_dark|brightness_dark
T013-S0,B,99,brightness_dark,brightness_dark,0.6814913078447037,0.35,0.0,brightness_dark|brightness_dark,brightness_dark|brightness_dark
T013-S1,A,0,brightness_dark,brightness_dark,0.22504541292605024,0.85,0.0,brightness_dark|brightness_dark,brightness_dark|brightness_dark
T013-S1,A,0,contrast_low,contrast_low,0.22504541292605024,0.85,0.0,contrast_low|contrast_low,contrast_low|contrast_low
T013-S1,A,1,brightness_dark,brightness_dark,0.18358022428449897,0.85,0.0,brightness_dark|brightness_dark,brightness_dark|brightness_dark
T013-S1,A,1,contrast_low,contrast_low,0.18358022428449897,0.85,0.0,contrast_low|contrast_low,contrast_low|contrast_low
T013-S1,A,2,gaussian_noise,gaussian_noise,0.1712847410710057,0.9,0.0,clean|clean,gaussian_noise|gaussian_noise
T013-S1,A,3,clean,clean,-0.0,1.0,0.0,gaussian_noise|gaussian_noise,gaussian_noise|gaussian_noise
T013-S1,A,3,brightness_dark,brightness_dark,-0.0,1.0,0.0,brightness_dark|brightness_dark,brightness_dark|brightness_dark
T013-S1,A,3,gaussian_noise,gaussian_noise,-0.0,1.0,0.0,gaussian_noise|gaussian_noise,gaussian_noise|gaussian_noise
T013-S1,A,4,brightness_dark,brightness_dark,0.3670280240301799,0.55,0.0,brightness_dark|brightness_dark,brightness_dark|brightness_dark
T013-S1,A,5,clean,clean,0.3849866301909954,0.65,0.0,gaussian_noise|gaussian_noise,gaussian_noise|gaussian_noise
T013-S1,A,5,brightness_dark,brightness_dark,0.3849866301909954,0.65,0.0,brightness_dark|brightness_dark,brightness_dark|brightness_dark
T013-S1,A,5,gaussian_noise,gaussian_noise,0.3849866301909954,0.65,0.0,gaussian_noise|gaussian_noise,gaussian_noise|gaussian_noise
T013-S1,A,6,clean,clean,0.37162086641628495,0.5,0.0,clean|clean,clean|clean
T013-S1,A,6,brightness_dark,brightness_dark,0.37162086641628495,0.5,0.0,brightness_dark|brightness_dark,brightness_dark|brightness_dark
T013-S1,A,6,contrast_low,contrast_low,0.37162086641628495,0.5,0.0,contrast_low|contrast_low,contrast_low|contrast_low
T013-S1,A,6,gaussian_blur,gaussian_blur,0.37162086641628495,0.5,0.0,gaussian_blur|gaussian_blur,gaussian_blur|gaussian_blur
T013-S1,A,7,contrast_low,contrast_low,0.14118174150460758,0.9,0.0,contrast_low|contrast_low,contrast_low|contrast_low
T013-S1,A,7,gaussian_noise,gaussian_noise,0.14118174150460758,0.9,0.0,gaussian_noise|gaussian_noise,gaussian_noise|gaussian_noise
T013-S1,A,8,brightness_dark,brightness_dark,0.21732201127364886,0.8,0.0,brightness_dark|brightness_dark,brightness_dark|brightness_dark
T013-S1,A,9,brightness_dark,brightness_dark,0.2652949955741215,0.7,0.0,brightness_dark|brightness_dark,brightness_dark|brightness_dark
T013-S1,A,9,contrast_low,contrast_low,0.2652949955741215,0.7,0.0,contrast_low|contrast_low,contrast_low|contrast_low
T013-S1,A,10,clean,clean,0.3556039942733158,0.7,0.0,gaussian_noise|gaussian_noise,gaussian_noise|gaussian_noise
T013-S1,A,10,gaussian_noise,gaussian_noise,0.3556039942733158,0.7,0.0,gaussian_noise|gaussian_noise,gaussian_noise|gaussian_noise
T013-S1,A,11,clean,clean,0.2988548895792612,0.55,0.0,gaussian_noise|gaussian_noise,gaussian_noise|gaussian_noise
T013-S1,A,11,brightness_dark,brightness_dark,0.2988548895792612,0.55,0.0,brightness_dark|brightness_dark,brightness_dark|brightness_dark
T013-S1,A,11,gaussian_noise,gaussian_noise,0.2988548895792612,0.55,0.0,gaussian_noise|gaussian_noise,gaussian_noise|gaussian_noise
T013-S1,A,12,brightness_dark,brightness_dark,0.18358022428449897,0.85,0.0,brightness_dark|brightness_dark,brightness_dark|brightness_dark
T013-S1,A,13,contrast_low,contrast_low,0.3172903635978727,0.75,0.0,contrast_low|contrast_low,contrast_low|contrast_low
T013-S1,A,13,gaussian_blur,gaussian_blur,0.3172903635978727,0.75,0.0,contrast_low|contrast_low,contrast_low|contrast_low
T013-S1,A,14,clean,clean,0.08621407475879368,0.95,0.0,gaussian_noise|gaussian_noise,gaussian_noise|gaussian_noise
T013-S1,A,14,gaussian_noise,gaussian_noise,0.08621407475879368,0.95,0.0,gaussian_noise|gaussian_noise,gaussian_noise|gaussian_noise
T013-S1,A,15,brightness_dark,brightness_dark,-0.0,1.0,0.0,brightness_dark|brightness_dark,brightness_dark|brightness_dark
T013-S1,A,15,gaussian_noise,gaussian_noise,-0.0,1.0,0.0,gaussian_noise|gaussian_noise,gaussian_noise|gaussian_noise
T013-S1,A,16,clean,clean,0.5052456816589913,0.5,0.0,clean|clean,clean|clean
T013-S1,A,16,brightness_dark,brightness_dark,0.5052456816589913,0.5,0.0,brightness_dark|brightness_dark,brightness_dark|brightness_dark
T013-S1,A,16,contrast_low,contrast_low,0.5052456816589913,0.5,0.0,contrast_low|contrast_low,contrast_low|contrast_low
T013-S1,A,16,gaussian_noise,gaussian_noise,0.5052456816589913,0.5,0.0,gaussian_noise|gaussian_noise,gaussian_noise|gaussian_noise
T013-S1,A,16,gaussian_blur,gaussian_blur,0.5052456816589913,0.5,0.0,gaussian_blur|gaussian_blur,gaussian_blur|gaussian_blur
T013-S1,A,17,brightness_dark,brightness_dark,0.4023767052555694,0.55,0.0,brightness_dark|brightness_dark,brightness_dark|brightness_dark
T013-S1,A,17,contrast_low,contrast_low,0.4023767052555694,0.55,0.0,contrast_low|contrast_low,contrast_low|contrast_low
T013-S1,A,18,clean,clean,0.29854955310662773,0.75,0.0,gaussian_noise|gaussian_noise,gaussian_noise|gaussian_noise
T013-S1,A,18,brightness_dark,brightness_dark,0.29854955310662773,0.75,0.0,brightness_dark|brightness_dark,brightness_dark|brightness_dark
T013-S1,A,18,contrast_low,contrast_low,0.29854955310662773,0.75,0.0,contrast_low|contrast_low,brightness_dark|brightness_dark
T013-S1,A,18,gaussian_noise,gaussian_noise,0.29854955310662773,0.75,0.0,gaussian_noise|gaussian_noise,gaussian_noise|gaussian_noise
T013-S1,A,18,gaussian_blur,gaussian_blur,0.29854955310662773,0.75,0.0,gaussian_blur|gaussian_blur,gaussian_noise|gaussian_noise
T013-S1,A,19,clean,clean,0.3172903635978727,0.75,0.0,gaussian_noise|gaussian_noise,gaussian_noise|gaussian_noise
T013-S1,A,19,gaussian_noise,gaussian_noise,0.3172903635978727,0.75,0.0,gaussian_noise|gaussian_noise,gaussian_noise|gaussian_noise
T013-S1,A,20,clean,clean,-0.0,1.0,0.0,clean|clean,clean|clean
T013-S1,A,20,brightness_dark,brightness_dark,-0.0,1.0,0.0,brightness_dark|brightness_dark,brightness_dark|brightness_dark
T013-S1,A,20,gaussian_blur,gaussian_blur,-0.0,1.0,0.0,gaussian_blur|gaussian_blur,gaussian_blur|gaussian_blur
T013-S1,A,21,brightness_dark,brightness_dark,-0.0,1.0,0.0,brightness_dark|brightness_dark,brightness_dark|brightness_dark
T013-S1,A,21,gaussian_noise,gaussian_noise,-0.0,1.0,0.0,gaussian_noise|gaussian_noise,gaussian_noise|gaussian_noise
T013-S1,A,22,contrast_low,contrast_low,0.29228525323862886,0.6,0.0,contrast_low|contrast_low,contrast_low|contrast_low
T013-S1,A,22,gaussian_noise,gaussian_noise,0.29228525323862886,0.6,0.0,gaussian_noise|gaussian_noise,gaussian_noise|gaussian_noise
T013-S1,A,22,gaussian_blur,gaussian_blur,0.29228525323862886,0.6,0.0,gaussian_blur|gaussian_blur,gaussian_blur|gaussian_blur
T013-S1,A,23,brightness_dark,brightness_dark,0.5374816209824899,0.5,0.0,brightness_dark|brightness_dark,brightness_dark|brightness_dark
T013-S1,A,23,contrast_low,contrast_low,0.5374816209824899,0.5,0.0,contrast_low|contrast_low,contrast_low|contrast_low
T013-S1,A,23,gaussian_noise,gaussian_noise,0.5374816209824899,0.5,0.0,gaussian_noise|gaussian_noise,gaussian_noise|gaussian_noise
T013-S1,A,24,brightness_dark,brightness_dark,0.26616582133129196,0.8,0.0,brightness_dark|brightness_dark,brightness_dark|brightness_dark
T013-S1,A,24,contrast_low,contrast_low,0.26616582133129196,0.8,0.0,contrast_low|contrast_low,contrast_low|brightness_dark
T013-S1,A,25,brightness_dark,brightness_dark,0.43881668341155816,0.45,0.0,brightness_dark|brightness_dark,brightness_dark|brightness_dark
T013-S1,A,25,contrast_low,contrast_low,0.43881668341155816,0.45,0.0,contrast_low|contrast_low,contrast_low|contrast_low
T013-S1,A,26,brightness_dark,brightness_dark,0.08621407475879368,0.95,0.0,brightness_dark|brightness_dark,brightness_dark|brightness_dark
T013-S1,A,27,contrast_low,contrast_low,-0.0,1.0,0.0,contrast_low|contrast_low,contrast_low|contrast_low
T013-S1,A,28,contrast_low,contrast_low,0.5053986284565879,0.65,0.0,contrast_low|contrast_low,contrast_low|contrast_low
T013-S1,A,28,gaussian_noise,gaussian_noise,0.5053986284565879,0.65,0.0,gaussian_noise|gaussian_noise,gaussian_noise|gaussian_noise
T013-S1,A,29,contrast_low,contrast_low,-0.0,1.0,0.0,contrast_low|contrast_low,contrast_low|contrast_low
T013-S1,A,31,brightness_dark,brightness_dark,-0.0,1.0,0.0,brightness_dark|brightness_dark,brightness_dark|brightness_dark
T013-S1,A,31,contrast_low,contrast_low,-0.0,1.0,0.0,contrast_low|contrast_low,contrast_low|contrast_low
T013-S1,A,31,gaussian_noise,gaussian_noise,-0.0,1.0,0.0,gaussian_noise|gaussian_noise,gaussian_noise|gaussian_noise
T013-S1,A,32,clean,clean,0.6385229941014448,0.35,0.0,gaussian_noise|gaussian_noise,gaussian_noise|gaussian_noise
T013-S1,A,32,brightness_dark,brightness_dark,0.6385229941014448,0.35,0.0,brightness_dark|brightness_dark,brightness_dark|brightness_dark
T013-S1,A,32,gaussian_noise,gaussian_noise,0.6385229941014448,0.35,0.0,gaussian_noise|gaussian_noise,gaussian_noise|gaussian_noise
T013-S1,A,33,contrast_low,contrast_low,0.18358022428449897,0.85,0.0,contrast_low|contrast_low,contrast_low|contrast_low
T013-S1,A,33,gaussian_noise,gaussian_noise,0.18358022428449897,0.85,0.0,gaussian_noise|gaussian_noise,gaussian_noise|gaussian_noise
T013-S1,A,34,clean,clean,0.3172903635978727,0.75,0.0,gaussian_noise|gaussian_noise,gaussian_noise|gaussian_noise
T013-S1,A,34,contrast_low,contrast_low,0.3172903635978727,0.75,0.0,contrast_low|contrast_low,contrast_low|contrast_low
T013-S1,A,34,gaussian_noise,gaussian_noise,0.3172903635978727,0.75,0.0,gaussian_noise|gaussian_noise,gaussian_noise|gaussian_noise
T013-S1,A,35,brightness_dark,brightness_dark,0.2988548895792612,0.55,0.0,brightness_dark|brightness_dark,brightness_dark|brightness_dark
T013-S1,A,35,contrast_low,contrast_low,0.2988548895792612,0.55,0.0,contrast_low|contrast_low,contrast_low|contrast_low
T013-S1,A,35,gaussian_noise,gaussian_noise,0.2988548895792612,0.55,0.0,clean|clean,clean|clean
T013-S1,A,35,gaussian_blur,gaussian_blur,0.2988548895792612,0.55,0.0,contrast_low|gaussian_blur,contrast_low|gaussian_blur
T013-S1,A,36,brightness_dark,brightness_dark,0.4385343715564183,0.7,0.0,brightness_dark|brightness_dark,brightness_dark|brightness_dark
T013-S1,A,36,contrast_low,contrast_low,0.4385343715564183,0.7,0.0,contrast_low|contrast_low,contrast_low|contrast_low
T013-S1,A,37,gaussian_noise,gaussian_noise,0.34352144154944414,0.65,0.0,gaussian_noise|gaussian_noise,gaussian_noise|gaussian_noise
T013-S1,A,38,brightness_dark,brightness_dark,-0.0,1.0,0.0,brightness_dark|brightness_dark,brightness_dark|brightness_dark
T013-S1,A,38,contrast_low,contrast_low,-0.0,1.0,0.0,contrast_low|contrast_low,contrast_low|contrast_low
T013-S1,A,38,gaussian_noise,gaussian_noise,-0.0,1.0,0.0,gaussian_noise|gaussian_noise,gaussian_noise|gaussian_noise
T013-S1,A,38,gaussian_blur,gaussian_blur,-0.0,1.0,0.0,gaussian_blur|gaussian_blur,clean|clean
T013-S1,A,39,clean,clean,-0.0,1.0,0.0,gaussian_noise|gaussian_noise,gaussian_noise|gaussian_noise
T013-S1,A,39,gaussian_noise,gaussian_noise,-0.0,1.0,0.0,gaussian_noise|gaussian_noise,gaussian_noise|gaussian_noise
T013-S1,A,40,gaussian_noise,gaussian_noise,-0.0,1.0,0.0,clean|clean,clean|clean
T013-S1,A,41,contrast_low,contrast_low,0.34739336316427083,0.75,0.0,contrast_low|contrast_low,contrast_low|contrast_low
T013-S1,A,41,gaussian_noise,gaussian_noise,0.34739336316427083,0.75,0.0,gaussian_noise|gaussian_noise,gaussian_noise|gaussian_noise
T013-S1,A,42,contrast_low,contrast_low,0.4023767052555694,0.55,0.0,contrast_low|contrast_low,contrast_low|contrast_low
T013-S1,A,42,gaussian_noise,gaussian_noise,0.4023767052555694,0.55,0.0,gaussian_noise|gaussian_noise,gaussian_noise|gaussian_noise
T013-S1,A,42,gaussian_blur,gaussian_blur,0.4023767052555694,0.55,0.0,gaussian_blur|gaussian_blur,gaussian_blur|gaussian_blur
T013-S1,A,43,clean,clean,0.29228525323862886,0.6,0.0,gaussian_noise|gaussian_noise,gaussian_noise|gaussian_noise
T013-S1,A,43,brightness_dark,brightness_dark,0.29228525323862886,0.6,0.0,brightness_dark|brightness_dark,brightness_dark|brightness_dark
T013-S1,A,43,gaussian_noise,gaussian_noise,0.29228525323862886,0.6,0.0,gaussian_noise|gaussian_noise,gaussian_noise|gaussian_noise
T013-S1,A,44,brightness_dark,brightness_dark,0.3670280240301799,0.55,0.0,brightness_dark|brightness_dark,brightness_dark|brightness_dark
T013-S1,A,44,contrast_low,contrast_low,0.3670280240301799,0.55,0.0,contrast_low|contrast_low,contrast_low|contrast_low
T013-S1,A,44,gaussian_noise,gaussian_noise,0.3670280240301799,0.55,0.0,gaussian_noise|gaussian_noise,gaussian_noise|gaussian_noise
T013-S1,A,45,gaussian_noise,gaussian_noise,0.3076310099728432,0.8,0.0,gaussian_noise|gaussian_noise,gaussian_noise|gaussian_noise
T013-S1,A,46,brightness_dark,brightness_dark,0.1712847410710057,0.9,0.0,brightness_dark|brightness_dark,brightness_dark|brightness_dark
T013-S1,A,47,clean,clean,0.5660814954471801,0.5,0.0,clean|clean,clean|gaussian_noise
T013-S1,A,47,brightness_dark,brightness_dark,0.5660814954471801,0.5,0.0,brightness_dark|brightness_dark,brightness_dark|brightness_dark
T013-S1,A,47,contrast_low,contrast_low,0.5660814954471801,0.5,0.0,contrast_low|contrast_low,contrast_low|contrast_low
T013-S1,A,47,gaussian_noise,gaussian_noise,0.5660814954471801,0.5,0.0,gaussian_noise|gaussian_noise,gaussian_noise|gaussian_noise
T013-S1,A,47,gaussian_blur,gaussian_blur,0.5660814954471801,0.5,0.0,gaussian_blur|gaussian_blur,gaussian_blur|gaussian_blur
T013-S1,A,48,brightness_dark,brightness_dark,0.4072105587434522,0.6,0.0,brightness_dark|brightness_dark,brightness_dark|brightness_dark
T013-S1,A,49,contrast_low,contrast_low,0.18358022428449897,0.85,0.0,contrast_low|contrast_low,contrast_low|contrast_low
T013-S1,A,50,clean,clean,0.2442190502882155,0.75,0.0,gaussian_noise|gaussian_noise,gaussian_noise|gaussian_noise
T013-S1,A,50,gaussian_noise,gaussian_noise,0.2442190502882155,0.75,0.0,gaussian_noise|gaussian_noise,gaussian_noise|gaussian_noise
T013-S1,A,51,clean,clean,0.1712847410710057,0.9,0.0,gaussian_blur|clean,brightness_dark|gaussian_noise
T013-S1,A,51,brightness_dark,brightness_dark,0.1712847410710057,0.9,0.0,brightness_dark|brightness_dark,contrast_low|contrast_low
T013-S1,A,51,contrast_low,contrast_low,0.1712847410710057,0.9,0.0,contrast_low|contrast_low,contrast_low|brightness_dark
T013-S1,A,51,gaussian_noise,gaussian_noise,0.1712847410710057,0.9,0.0,clean|clean,brightness_dark|gaussian_noise
T013-S1,A,51,gaussian_blur,gaussian_blur,0.1712847410710057,0.9,0.0,contrast_low|gaussian_blur,brightness_dark|brightness_dark
T013-S1,A,52,gaussian_noise,gaussian_noise,0.14118174150460758,0.9,0.0,gaussian_noise|gaussian_noise,gaussian_noise|gaussian_noise
T013-S1,A,52,gaussian_blur,gaussian_blur,0.14118174150460758,0.9,0.0,gaussian_noise|gaussian_noise,gaussian_noise|gaussian_noise
T013-S1,A,53,brightness_dark,brightness_dark,0.2652949955741215,0.7,0.0,brightness_dark|brightness_dark,brightness_dark|brightness_dark
T013-S1,A,53,contrast_low,contrast_low,0.2652949955741215,0.7,0.0,contrast_low|contrast_low,contrast_low|contrast_low
T013-S1,A,54,brightness_dark,brightness_dark,0.26616582133129196,0.8,0.0,brightness_dark|brightness_dark,brightness_dark|brightness_dark
T013-S1,A,55,brightness_dark,brightness_dark,0.08621407475879368,0.95,0.0,brightness_dark|brightness_dark,brightness_dark|brightness_dark
T013-S1,A,55,contrast_low,contrast_low,0.08621407475879368,0.95,0.0,contrast_low|contrast_low,contrast_low|contrast_low
T013-S1,A,55,gaussian_noise,gaussian_noise,0.08621407475879368,0.95,0.0,gaussian_noise|gaussian_noise,gaussian_noise|gaussian_noise
T013-S1,A,55,gaussian_blur,gaussian_blur,0.08621407475879368,0.95,0.0,gaussian_blur|gaussian_blur,clean|gaussian_noise
T013-S1,A,56,clean,clean,0.4802818720531094,0.6,0.0,clean|clean,clean|clean
T013-S1,A,56,brightness_dark,brightness_dark,0.4802818720531094,0.6,0.0,brightness_dark|brightness_dark,brightness_dark|brightness_dark
T013-S1,A,56,contrast_low,contrast_low,0.4802818720531094,0.6,0.0,contrast_low|contrast_low,contrast_low|contrast_low
T013-S1,A,56,gaussian_blur,gaussian_blur,0.4802818720531094,0.6,0.0,gaussian_blur|gaussian_blur,gaussian_blur|gaussian_blur
T013-S1,A,57,contrast_low,contrast_low,0.5779694921683955,0.45,0.0,contrast_low|contrast_low,contrast_low|contrast_low
T013-S1,A,58,clean,clean,0.14118174150460758,0.9,0.0,gaussian_blur|gaussian_blur,gaussian_noise|gaussian_noise
T013-S1,A,58,brightness_dark,brightness_dark,0.14118174150460758,0.9,0.0,brightness_dark|brightness_dark,brightness_dark|brightness_dark
T013-S1,A,58,gaussian_noise,gaussian_noise,0.14118174150460758,0.9,0.0,clean|clean,gaussian_noise|gaussian_noise
T013-S1,A,58,gaussian_blur,gaussian_blur,0.14118174150460758,0.9,0.0,contrast_low|contrast_low,gaussian_noise|gaussian_noise
T013-S1,A,59,brightness_dark,brightness_dark,0.6145365019512083,0.4,0.0,brightness_dark|brightness_dark,brightness_dark|brightness_dark
T013-S1,A,59,contrast_low,contrast_low,0.6145365019512083,0.4,0.0,contrast_low|contrast_low,contrast_low|contrast_low
T013-S1,A,59,gaussian_noise,gaussian_noise,0.6145365019512083,0.4,0.0,clean|clean,clean|clean
T013-S1,A,60,clean,clean,-0.0,1.0,0.0,gaussian_noise|gaussian_noise,gaussian_noise|gaussian_noise
T013-S1,A,60,brightness_dark,brightness_dark,-0.0,1.0,0.0,brightness_dark|brightness_dark,brightness_dark|brightness_dark
T013-S1,A,60,gaussian_noise,gaussian_noise,-0.0,1.0,0.0,gaussian_noise|gaussian_noise,gaussian_noise|gaussian_noise
T013-S1,A,61,brightness_dark,brightness_dark,0.358755552239424,0.75,0.0,brightness_dark|brightness_dark,brightness_dark|brightness_dark
T013-S1,A,62,brightness_dark,brightness_dark,0.5878285561418409,0.3,0.0,brightness_dark|brightness_dark,brightness_dark|brightness_dark
T013-S1,A,63,clean,clean,0.37162086641628495,0.5,0.0,clean|clean,clean|clean
T013-S1,A,63,brightness_dark,brightness_dark,0.37162086641628495,0.5,0.0,brightness_dark|brightness_dark,brightness_dark|brightness_dark
T013-S1,A,63,contrast_low,contrast_low,0.37162086641628495,0.5,0.0,contrast_low|contrast_low,contrast_low|contrast_low
T013-S1,A,63,gaussian_blur,gaussian_blur,0.37162086641628495,0.5,0.0,gaussian_blur|gaussian_blur,gaussian_blur|gaussian_blur
T013-S1,A,64,contrast_low,contrast_low,0.4385343715564183,0.7,0.0,contrast_low|contrast_low,contrast_low|contrast_low
T013-S1,A,65,brightness_dark,brightness_dark,-0.0,1.0,0.0,brightness_dark|brightness_dark,brightness_dark|brightness_dark
T013-S1,A,66,brightness_dark,brightness_dark,0.1712847410710057,0.9,0.0,brightness_dark|brightness_dark,brightness_dark|brightness_dark
T013-S1,A,66,contrast_low,contrast_low,0.1712847410710057,0.9,0.0,contrast_low|contrast_low,contrast_low|contrast_low
T013-S1,A,67,brightness_dark,brightness_dark,0.5362838323534155,0.55,0.0,brightness_dark|brightness_dark,brightness_dark|brightness_dark
T013-S1,A,67,contrast_low,contrast_low,0.5362838323534155,0.55,0.0,contrast_low|contrast_low,contrast_low|contrast_low
T013-S1,A,68,contrast_low,contrast_low,0.45542455414570265,0.45,0.0,contrast_low|contrast_low,contrast_low|contrast_low
T013-S1,A,70,clean,clean,0.21732201127364886,0.8,0.0,gaussian_noise|gaussian_noise,gaussian_noise|gaussian_noise
T013-S1,A,70,brightness_dark,brightness_dark,0.21732201127364886,0.8,0.0,brightness_dark|brightness_dark,brightness_dark|brightness_dark
T013-S1,A,70,contrast_low,contrast_low,0.21732201127364886,0.8,0.0,contrast_low|contrast_low,contrast_low|contrast_low
T013-S1,A,70,gaussian_noise,gaussian_noise,0.21732201127364886,0.8,0.0,gaussian_noise|gaussian_noise,gaussian_noise|gaussian_noise
T013-S1,A,71,brightness_dark,brightness_dark,0.3172903635978727,0.75,0.0,brightness_dark|brightness_dark,brightness_dark|brightness_dark
T013-S1,A,72,brightness_dark,brightness_dark,0.46343299021718715,0.45,0.0,brightness_dark|brightness_dark,brightness_dark|brightness_dark
T013-S1,A,73,brightness_dark,brightness_dark,0.4023767052555694,0.55,0.0,brightness_dark|brightness_dark,brightness_dark|brightness_dark
T013-S1,A,74,clean,clean,-0.0,1.0,0.0,clean|clean,clean|clean
T013-S1,A,74,brightness_dark,brightness_dark,-0.0,1.0,0.0,brightness_dark|brightness_dark,brightness_dark|brightness_dark
T013-S1,A,74,gaussian_noise,gaussian_noise,-0.0,1.0,0.0,clean|clean,clean|clean
T013-S1,A,75,contrast_low,contrast_low,0.44717262228329563,0.5,0.0,contrast_low|contrast_low,contrast_low|contrast_low
T013-S1,A,76,brightness_dark,brightness_dark,0.37162086641628495,0.5,0.0,brightness_dark|brightness_dark,brightness_dark|brightness_dark
T013-S1,A,76,contrast_low,contrast_low,0.37162086641628495,0.5,0.0,contrast_low|contrast_low,contrast_low|contrast_low
T013-S1,A,76,gaussian_blur,gaussian_blur,0.37162086641628495,0.5,0.0,gaussian_blur|gaussian_blur,gaussian_blur|gaussian_blur
T013-S1,A,77,clean,clean,0.29228525323862886,0.6,0.0,gaussian_noise|gaussian_noise,gaussian_noise|gaussian_noise
T013-S1,A,77,gaussian_noise,gaussian_noise,0.29228525323862886,0.6,0.0,gaussian_noise|gaussian_noise,gaussian_noise|gaussian_noise
T013-S1,A,78,brightness_dark,brightness_dark,0.29854955310662773,0.75,0.0,brightness_dark|brightness_dark,brightness_dark|brightness_dark
T013-S1,A,79,clean,clean,0.26616582133129196,0.8,0.0,gaussian_noise|gaussian_noise,gaussian_noise|gaussian_noise
T013-S1,A,79,gaussian_noise,gaussian_noise,0.26616582133129196,0.8,0.0,gaussian_noise|gaussian_noise,gaussian_noise|gaussian_noise
T013-S1,A,80,clean,clean,0.14118174150460758,0.9,0.0,clean|clean,clean|clean
T013-S1,A,80,brightness_dark,brightness_dark,0.14118174150460758,0.9,0.0,brightness_dark|brightness_dark,brightness_dark|brightness_dark
T013-S1,A,80,gaussian_blur,gaussian_blur,0.14118174150460758,0.9,0.0,gaussian_blur|gaussian_blur,gaussian_blur|gaussian_blur
T013-S1,A,81,brightness_dark,brightness_dark,0.08621407475879368,0.95,0.0,brightness_dark|brightness_dark,brightness_dark|brightness_dark
T013-S1,A,82,brightness_dark,brightness_dark,0.08621407475879368,0.95,0.0,brightness_dark|brightness_dark,brightness_dark|brightness_dark
T013-S1,A,83,clean,clean,0.26616582133129196,0.8,0.0,gaussian_noise|gaussian_noise,gaussian_noise|gaussian_noise
T013-S1,A,83,brightness_dark,brightness_dark,0.26616582133129196,0.8,0.0,brightness_dark|brightness_dark,brightness_dark|brightness_dark
T013-S1,A,83,contrast_low,contrast_low,0.26616582133129196,0.8,0.0,contrast_low|contrast_low,contrast_low|contrast_low
T013-S1,A,83,gaussian_noise,gaussian_noise,0.26616582133129196,0.8,0.0,gaussian_noise|gaussian_noise,gaussian_noise|gaussian_noise
T013-S1,A,84,gaussian_noise,gaussian_noise,0.45542455414570265,0.45,0.0,gaussian_noise|gaussian_noise,gaussian_noise|gaussian_noise
T013-S1,A,85,brightness_dark,brightness_dark,0.2811825026595474,0.65,0.0,brightness_dark|brightness_dark,brightness_dark|brightness_dark
T013-S1,A,88,clean,clean,0.4802818720531094,0.6,0.0,clean|clean,clean|clean
T013-S1,A,88,brightness_dark,brightness_dark,0.4802818720531094,0.6,0.0,brightness_dark|brightness_dark,brightness_dark|brightness_dark
T013-S1,A,88,gaussian_noise,gaussian_noise,0.4802818720531094,0.6,0.0,clean|clean,clean|clean
T013-S1,A,88,gaussian_blur,gaussian_blur,0.4802818720531094,0.6,0.0,gaussian_blur|gaussian_blur,gaussian_blur|gaussian_blur
T013-S1,A,89,brightness_dark,brightness_dark,0.2652949955741215,0.7,0.0,brightness_dark|brightness_dark,brightness_dark|brightness_dark
T013-S1,A,90,brightness_dark,brightness_dark,0.5365043035268443,0.45,0.0,brightness_dark|brightness_dark,brightness_dark|brightness_dark
T013-S1,A,91,brightness_dark,brightness_dark,0.22504541292605024,0.85,0.0,brightness_dark|brightness_dark,brightness_dark|brightness_dark
T013-S1,A,92,clean,clean,0.3239978696052098,0.7,0.0,gaussian_blur|gaussian_blur,gaussian_blur|gaussian_blur
T013-S1,A,92,brightness_dark,brightness_dark,0.3239978696052098,0.7,0.0,brightness_dark|brightness_dark,brightness_dark|brightness_dark
T013-S1,A,92,contrast_low,contrast_low,0.3239978696052098,0.7,0.0,contrast_low|contrast_low,contrast_low|contrast_low
T013-S1,A,92,gaussian_blur,gaussian_blur,0.3239978696052098,0.7,0.0,contrast_low|contrast_low,contrast_low|contrast_low
T013-S1,A,93,brightness_dark,brightness_dark,-0.0,1.0,0.0,brightness_dark|brightness_dark,brightness_dark|brightness_dark
T013-S1,A,93,gaussian_noise,gaussian_noise,-0.0,1.0,0.0,gaussian_noise|gaussian_noise,gaussian_noise|gaussian_noise
T013-S1,A,94,brightness_dark,brightness_dark,0.08621407475879368,0.95,0.0,brightness_dark|brightness_dark,brightness_dark|brightness_dark
T013-S1,A,95,clean,clean,0.29854955310662773,0.75,0.0,gaussian_blur|gaussian_blur,contrast_low|contrast_low
T013-S1,A,95,contrast_low,contrast_low,0.29854955310662773,0.75,0.0,contrast_low|contrast_low,contrast_low|contrast_low
T013-S1,A,95,gaussian_blur,gaussian_blur,0.29854955310662773,0.75,0.0,contrast_low|contrast_low,contrast_low|contrast_low
T013-S1,A,96,brightness_dark,brightness_dark,0.08621407475879368,0.95,0.0,brightness_dark|brightness_dark,brightness_dark|brightness_dark
T013-S1,A,97,clean,clean,0.29854955310662773,0.75,0.0,gaussian_noise|gaussian_noise,gaussian_noise|gaussian_noise
T013-S1,A,97,gaussian_noise,gaussian_noise,0.29854955310662773,0.75,0.0,gaussian_noise|gaussian_noise,gaussian_noise|gaussian_noise
T013-S1,A,98,brightness_dark,brightness_dark,0.34822537285722394,0.7,0.0,brightness_dark|brightness_dark,brightness_dark|brightness_dark
T013-S1,A,99,brightness_dark,brightness_dark,0.6814913078447037,0.35,0.0,brightness_dark|brightness_dark,brightness_dark|brightness_dark
T013-S1,B,0,brightness_dark,brightness_dark,0.22504541292605024,0.85,0.0,brightness_dark|brightness_dark,brightness_dark|brightness_dark
T013-S1,B,0,contrast_low,contrast_low,0.22504541292605024,0.85,0.0,contrast_low|contrast_low,contrast_low|contrast_low
T013-S1,B,1,brightness_dark,brightness_dark,0.18358022428449897,0.85,0.0,brightness_dark|brightness_dark,brightness_dark|brightness_dark
T013-S1,B,1,contrast_low,contrast_low,0.18358022428449897,0.85,0.0,contrast_low|contrast_low,contrast_low|contrast_low
T013-S1,B,2,gaussian_noise,gaussian_noise,0.1712847410710057,0.9,0.0,clean|clean,gaussian_noise|gaussian_noise
T013-S1,B,3,clean,clean,-0.0,1.0,0.0,gaussian_noise|gaussian_noise,gaussian_noise|gaussian_noise
T013-S1,B,3,brightness_dark,brightness_dark,-0.0,1.0,0.0,brightness_dark|brightness_dark,brightness_dark|brightness_dark
T013-S1,B,3,gaussian_noise,gaussian_noise,-0.0,1.0,0.0,gaussian_noise|gaussian_noise,gaussian_noise|gaussian_noise
T013-S1,B,4,brightness_dark,brightness_dark,0.3670280240301799,0.55,0.0,brightness_dark|brightness_dark,brightness_dark|brightness_dark
T013-S1,B,5,clean,clean,0.3849866301909954,0.65,0.0,gaussian_noise|gaussian_noise,gaussian_noise|gaussian_noise
T013-S1,B,5,brightness_dark,brightness_dark,0.3849866301909954,0.65,0.0,brightness_dark|brightness_dark,brightness_dark|brightness_dark
T013-S1,B,6,clean,clean,0.37162086641628495,0.5,0.0,clean|clean,clean|clean
T013-S1,B,6,brightness_dark,brightness_dark,0.37162086641628495,0.5,0.0,brightness_dark|brightness_dark,brightness_dark|brightness_dark
T013-S1,B,6,gaussian_noise,gaussian_noise,0.37162086641628495,0.5,0.0,gaussian_noise|gaussian_noise,gaussian_noise|gaussian_noise
T013-S1,B,6,gaussian_blur,gaussian_blur,0.37162086641628495,0.5,0.0,gaussian_blur|gaussian_blur,gaussian_blur|gaussian_blur
T013-S1,B,7,contrast_low,contrast_low,0.14118174150460758,0.9,0.0,contrast_low|contrast_low,contrast_low|contrast_low
T013-S1,B,7,gaussian_noise,gaussian_noise,0.14118174150460758,0.9,0.0,gaussian_noise|gaussian_noise,gaussian_noise|gaussian_noise
T013-S1,B,8,brightness_dark,brightness_dark,0.21732201127364886,0.8,0.0,brightness_dark|brightness_dark,brightness_dark|brightness_dark
T013-S1,B,9,brightness_dark,brightness_dark,0.2652949955741215,0.7,0.0,brightness_dark|brightness_dark,brightness_dark|brightness_dark
T013-S1,B,9,contrast_low,contrast_low,0.2652949955741215,0.7,0.0,contrast_low|contrast_low,contrast_low|contrast_low
T013-S1,B,10,clean,clean,0.3556039942733158,0.7,0.0,gaussian_noise|gaussian_noise,gaussian_noise|gaussian_noise
T013-S1,B,10,gaussian_noise,gaussian_noise,0.3556039942733158,0.7,0.0,gaussian_noise|gaussian_noise,gaussian_noise|gaussian_noise
T013-S1,B,11,clean,clean,0.2988548895792612,0.55,0.0,gaussian_noise|gaussian_noise,gaussian_noise|gaussian_noise
T013-S1,B,11,brightness_dark,brightness_dark,0.2988548895792612,0.55,0.0,brightness_dark|brightness_dark,brightness_dark|brightness_dark
T013-S1,B,11,gaussian_noise,gaussian_noise,0.2988548895792612,0.55,0.0,gaussian_noise|gaussian_noise,gaussian_noise|gaussian_noise
T013-S1,B,12,brightness_dark,brightness_dark,0.18358022428449897,0.85,0.0,brightness_dark|brightness_dark,brightness_dark|brightness_dark
T013-S1,B,13,contrast_low,contrast_low,0.3172903635978727,0.75,0.0,contrast_low|contrast_low,contrast_low|contrast_low
T013-S1,B,14,clean,clean,0.08621407475879368,0.95,0.0,gaussian_noise|gaussian_noise,gaussian_noise|gaussian_noise
T013-S1,B,14,gaussian_noise,gaussian_noise,0.08621407475879368,0.95,0.0,gaussian_noise|gaussian_noise,gaussian_noise|gaussian_noise
T013-S1,B,14,gaussian_blur,gaussian_blur,0.08621407475879368,0.95,0.0,gaussian_noise|gaussian_noise,gaussian_noise|gaussian_noise
T013-S1,B,15,brightness_dark,brightness_dark,-0.0,1.0,0.0,brightness_dark|brightness_dark,brightness_dark|brightness_dark
T013-S1,B,15,gaussian_noise,gaussian_noise,-0.0,1.0,0.0,gaussian_noise|gaussian_noise,gaussian_noise|gaussian_noise
T013-S1,B,16,clean,clean,0.5052456816589913,0.5,0.0,clean|clean,clean|clean
T013-S1,B,16,brightness_dark,brightness_dark,0.5052456816589913,0.5,0.0,brightness_dark|brightness_dark,brightness_dark|brightness_dark
T013-S1,B,16,contrast_low,contrast_low,0.5052456816589913,0.5,0.0,contrast_low|contrast_low,contrast_low|contrast_low
T013-S1,B,16,gaussian_noise,gaussian_noise,0.5052456816589913,0.5,0.0,clean|gaussian_noise,clean|gaussian_noise
T013-S1,B,16,gaussian_blur,gaussian_blur,0.5052456816589913,0.5,0.0,gaussian_blur|gaussian_blur,gaussian_blur|gaussian_blur
T013-S1,B,17,brightness_dark,brightness_dark,0.4023767052555694,0.55,0.0,brightness_dark|brightness_dark,brightness_dark|brightness_dark
T013-S1,B,17,contrast_low,contrast_low,0.4023767052555694,0.55,0.0,contrast_low|contrast_low,contrast_low|contrast_low
T013-S1,B,17,gaussian_noise,gaussian_noise,0.4023767052555694,0.55,0.0,clean|clean,clean|clean
T013-S1,B,18,clean,clean,0.29854955310662773,0.75,0.0,gaussian_noise|gaussian_noise,gaussian_noise|gaussian_noise
T013-S1,B,18,brightness_dark,brightness_dark,0.29854955310662773,0.75,0.0,brightness_dark|brightness_dark,brightness_dark|brightness_dark
T013-S1,B,18,contrast_low,contrast_low,0.29854955310662773,0.75,0.0,contrast_low|contrast_low,brightness_dark|gaussian_noise
T013-S1,B,18,gaussian_noise,gaussian_noise,0.29854955310662773,0.75,0.0,gaussian_noise|gaussian_noise,gaussian_noise|gaussian_noise
T013-S1,B,18,gaussian_blur,gaussian_blur,0.29854955310662773,0.75,0.0,gaussian_blur|gaussian_blur,gaussian_noise|gaussian_noise
T013-S1,B,19,clean,clean,0.3172903635978727,0.75,0.0,gaussian_noise|gaussian_noise,gaussian_noise|gaussian_noise
T013-S1,B,19,gaussian_noise,gaussian_noise,0.3172903635978727,0.75,0.0,gaussian_noise|gaussian_noise,gaussian_noise|gaussian_noise
T013-S1,B,20,clean,clean,-0.0,1.0,0.0,clean|clean,clean|clean
T013-S1,B,20,brightness_dark,brightness_dark,-0.0,1.0,0.0,brightness_dark|brightness_dark,brightness_dark|brightness_dark
T013-S1,B,20,gaussian_blur,gaussian_blur,-0.0,1.0,0.0,gaussian_blur|gaussian_blur,gaussian_blur|gaussian_blur
T013-S1,B,21,clean,clean,-0.0,1.0,0.0,gaussian_noise|gaussian_noise,gaussian_noise|brightness_dark
T013-S1,B,21,brightness_dark,brightness_dark,-0.0,1.0,0.0,brightness_dark|brightness_dark,brightness_dark|brightness_dark
T013-S1,B,21,gaussian_noise,gaussian_noise,-0.0,1.0,0.0,gaussian_noise|gaussian_noise,gaussian_noise|gaussian_noise
T013-S1,B,22,clean,clean,0.29228525323862886,0.6,0.0,clean|clean,clean|clean
T013-S1,B,22,contrast_low,contrast_low,0.29228525323862886,0.6,0.0,contrast_low|contrast_low,contrast_low|contrast_low
T013-S1,B,22,gaussian_noise,gaussian_noise,0.29228525323862886,0.6,0.0,gaussian_noise|gaussian_noise,gaussian_noise|gaussian_noise
T013-S1,B,22,gaussian_blur,gaussian_blur,0.29228525323862886,0.6,0.0,gaussian_blur|gaussian_blur,gaussian_blur|gaussian_blur
T013-S1,B,23,brightness_dark,brightness_dark,0.5374816209824899,0.5,0.0,brightness_dark|brightness_dark,brightness_dark|brightness_dark
T013-S1,B,23,contrast_low,contrast_low,0.5374816209824899,0.5,0.0,contrast_low|contrast_low,contrast_low|contrast_low
T013-S1,B,23,gaussian_noise,gaussian_noise,0.5374816209824899,0.5,0.0,gaussian_noise|gaussian_noise,gaussian_noise|gaussian_noise
T013-S1,B,24,brightness_dark,brightness_dark,0.26616582133129196,0.8,0.0,brightness_dark|brightness_dark,brightness_dark|brightness_dark
T013-S1,B,24,contrast_low,contrast_low,0.26616582133129196,0.8,0.0,contrast_low|contrast_low,contrast_low|brightness_dark
T013-S1,B,25,clean,clean,0.43881668341155816,0.45,0.0,clean|clean,gaussian_blur|gaussian_noise
T013-S1,B,25,brightness_dark,brightness_dark,0.43881668341155816,0.45,0.0,brightness_dark|brightness_dark,brightness_dark|brightness_dark
T013-S1,B,25,contrast_low,contrast_low,0.43881668341155816,0.45,0.0,contrast_low|contrast_low,contrast_low|contrast_low
T013-S1,B,26,brightness_dark,brightness_dark,0.08621407475879368,0.95,0.0,brightness_dark|brightness_dark,brightness_dark|brightness_dark
T013-S1,B,26,gaussian_blur,gaussian_blur,0.08621407475879368,0.95,0.0,gaussian_blur|gaussian_blur,gaussian_blur|gaussian_blur
T013-S1,B,27,contrast_low,contrast_low,-0.0,1.0,0.0,contrast_low|contrast_low,contrast_low|contrast_low
T013-S1,B,28,brightness_dark,brightness_dark,0.5053986284565879,0.65,0.0,brightness_dark|brightness_dark,brightness_dark|brightness_dark
T013-S1,B,28,contrast_low,contrast_low,0.5053986284565879,0.65,0.0,contrast_low|contrast_low,contrast_low|contrast_low
T013-S1,B,28,gaussian_noise,gaussian_noise,0.5053986284565879,0.65,0.0,gaussian_noise|gaussian_noise,gaussian_noise|gaussian_noise
T013-S1,B,29,contrast_low,contrast_low,-0.0,1.0,0.0,contrast_low|contrast_low,contrast_low|contrast_low
T013-S1,B,31,brightness_dark,brightness_dark,-0.0,1.0,0.0,brightness_dark|brightness_dark,brightness_dark|brightness_dark
T013-S1,B,31,contrast_low,contrast_low,-0.0,1.0,0.0,contrast_low|contrast_low,contrast_low|contrast_low
T013-S1,B,31,gaussian_noise,gaussian_noise,-0.0,1.0,0.0,gaussian_noise|gaussian_noise,gaussian_noise|gaussian_noise
T013-S1,B,32,brightness_dark,brightness_dark,0.6385229941014448,0.35,0.0,brightness_dark|brightness_dark,brightness_dark|brightness_dark
T013-S1,B,32,gaussian_noise,gaussian_noise,0.6385229941014448,0.35,0.0,gaussian_noise|gaussian_noise,gaussian_noise|gaussian_noise
T013-S1,B,33,contrast_low,contrast_low,0.18358022428449897,0.85,0.0,contrast_low|contrast_low,contrast_low|contrast_low
T013-S1,B,33,gaussian_noise,gaussian_noise,0.18358022428449897,0.85,0.0,gaussian_noise|gaussian_noise,gaussian_noise|gaussian_noise
T013-S1,B,34,brightness_dark,brightness_dark,0.3172903635978727,0.75,0.0,brightness_dark|brightness_dark,brightness_dark|brightness_dark
T013-S1,B,34,contrast_low,contrast_low,0.3172903635978727,0.75,0.0,contrast_low|contrast_low,contrast_low|contrast_low
T013-S1,B,34,gaussian_noise,gaussian_noise,0.3172903635978727,0.75,0.0,gaussian_noise|gaussian_noise,gaussian_noise|gaussian_noise
T013-S1,B,35,brightness_dark,brightness_dark,0.2988548895792612,0.55,0.0,brightness_dark|brightness_dark,brightness_dark|brightness_dark
T013-S1,B,35,contrast_low,contrast_low,0.2988548895792612,0.55,0.0,contrast_low|contrast_low,contrast_low|contrast_low
T013-S1,B,35,gaussian_noise,gaussian_noise,0.2988548895792612,0.55,0.0,clean|clean,clean|clean
T013-S1,B,36,brightness_dark,brightness_dark,0.4385343715564183,0.7,0.0,brightness_dark|brightness_dark,brightness_dark|brightness_dark
T013-S1,B,36,contrast_low,contrast_low,0.4385343715564183,0.7,0.0,contrast_low|contrast_low,contrast_low|contrast_low
T013-S1,B,37,gaussian_noise,gaussian_noise,0.34352144154944414,0.65,0.0,gaussian_noise|gaussian_noise,gaussian_noise|gaussian_noise
T013-S1,B,38,clean,clean,-0.0,1.0,0.0,clean|gaussian_noise,gaussian_noise|gaussian_noise
T013-S1,B,38,brightness_dark,brightness_dark,-0.0,1.0,0.0,brightness_dark|brightness_dark,brightness_dark|brightness_dark
T013-S1,B,38,contrast_low,contrast_low,-0.0,1.0,0.0,contrast_low|contrast_low,contrast_low|contrast_low
T013-S1,B,38,gaussian_noise,gaussian_noise,-0.0,1.0,0.0,gaussian_noise|gaussian_noise,gaussian_noise|gaussian_noise
T013-S1,B,39,clean,clean,-0.0,1.0,0.0,gaussian_noise|gaussian_noise,gaussian_noise|gaussian_noise
T013-S1,B,39,gaussian_noise,gaussian_noise,-0.0,1.0,0.0,gaussian_noise|gaussian_noise,gaussian_noise|gaussian_noise
T013-S1,B,39,gaussian_blur,gaussian_blur,-0.0,1.0,0.0,gaussian_noise|gaussian_noise,gaussian_noise|gaussian_noise
T013-S1,B,40,clean,clean,-0.0,1.0,0.0,gaussian_blur|clean,clean|gaussian_noise
T013-S1,B,40,contrast_low,contrast_low,-0.0,1.0,0.0,contrast_low|contrast_low,clean|clean
T013-S1,B,40,gaussian_noise,gaussian_noise,-0.0,1.0,0.0,clean|clean,clean|clean
T013-S1,B,41,contrast_low,contrast_low,0.34739336316427083,0.75,0.0,contrast_low|contrast_low,contrast_low|contrast_low
T013-S1,B,41,gaussian_noise,gaussian_noise,0.34739336316427083,0.75,0.0,gaussian_noise|gaussian_noise,gaussian_noise|gaussian_noise
T013-S1,B,42,clean,clean,0.4023767052555694,0.55,0.0,clean|clean,clean|clean
T013-S1,B,42,contrast_low,contrast_low,0.4023767052555694,0.55,0.0,contrast_low|contrast_low,contrast_low|contrast_low
T013-S1,B,42,gaussian_noise,gaussian_noise,0.4023767052555694,0.55,0.0,gaussian_noise|gaussian_noise,gaussian_noise|gaussian_noise
T013-S1,B,42,gaussian_blur,gaussian_blur,0.4023767052555694,0.55,0.0,gaussian_blur|gaussian_blur,gaussian_blur|gaussian_blur
T013-S1,B,43,clean,clean,0.29228525323862886,0.6,0.0,gaussian_noise|gaussian_noise,gaussian_noise|gaussian_noise
T013-S1,B,43,brightness_dark,brightness_dark,0.29228525323862886,0.6,0.0,brightness_dark|brightness_dark,brightness_dark|brightness_dark
T013-S1,B,43,gaussian_noise,gaussian_noise,0.29228525323862886,0.6,0.0,gaussian_noise|gaussian_noise,gaussian_noise|gaussian_noise
T013-S1,B,44,brightness_dark,brightness_dark,0.3670280240301799,0.55,0.0,brightness_dark|brightness_dark,brightness_dark|brightness_dark
T013-S1,B,44,contrast_low,contrast_low,0.3670280240301799,0.55,0.0,contrast_low|contrast_low,contrast_low|contrast_low
T013-S1,B,44,gaussian_noise,gaussian_noise,0.3670280240301799,0.55,0.0,gaussian_noise|gaussian_noise,gaussian_noise|gaussian_noise
T013-S1,B,45,gaussian_noise,gaussian_noise,0.3076310099728432,0.8,0.0,gaussian_noise|gaussian_noise,gaussian_noise|gaussian_noise
T013-S1,B,46,brightness_dark,brightness_dark,0.1712847410710057,0.9,0.0,brightness_dark|brightness_dark,brightness_dark|brightness_dark
T013-S1,B,47,clean,clean,0.5660814954471801,0.5,0.0,clean|clean,clean|gaussian_noise
T013-S1,B,47,brightness_dark,brightness_dark,0.5660814954471801,0.5,0.0,brightness_dark|brightness_dark,brightness_dark|brightness_dark
T013-S1,B,47,contrast_low,contrast_low,0.5660814954471801,0.5,0.0,contrast_low|contrast_low,contrast_low|contrast_low
T013-S1,B,47,gaussian_noise,gaussian_noise,0.5660814954471801,0.5,0.0,gaussian_noise|gaussian_noise,gaussian_noise|gaussian_noise
T013-S1,B,47,gaussian_blur,gaussian_blur,0.5660814954471801,0.5,0.0,gaussian_blur|gaussian_blur,gaussian_blur|gaussian_blur
T013-S1,B,48,brightness_dark,brightness_dark,0.4072105587434522,0.6,0.0,brightness_dark|brightness_dark,brightness_dark|brightness_dark
T013-S1,B,49,contrast_low,contrast_low,0.18358022428449897,0.85,0.0,contrast_low|contrast_low,contrast_low|contrast_low
T013-S1,B,49,gaussian_noise,gaussian_noise,0.18358022428449897,0.85,0.0,gaussian_noise|gaussian_noise,gaussian_noise|gaussian_noise
T013-S1,B,50,clean,clean,0.2442190502882155,0.75,0.0,gaussian_noise|gaussian_noise,gaussian_noise|gaussian_noise
T013-S1,B,50,gaussian_noise,gaussian_noise,0.2442190502882155,0.75,0.0,gaussian_noise|gaussian_noise,gaussian_noise|gaussian_noise
T013-S1,B,51,clean,clean,0.1712847410710057,0.9,0.0,gaussian_blur|clean,brightness_dark|gaussian_noise
T013-S1,B,51,brightness_dark,brightness_dark,0.1712847410710057,0.9,0.0,brightness_dark|brightness_dark,contrast_low|contrast_low
T013-S1,B,51,contrast_low,contrast_low,0.1712847410710057,0.9,0.0,contrast_low|contrast_low,brightness_dark|brightness_dark
T013-S1,B,51,gaussian_noise,gaussian_noise,0.1712847410710057,0.9,0.0,clean|clean,gaussian_noise|gaussian_noise
T013-S1,B,51,gaussian_blur,gaussian_blur,0.1712847410710057,0.9,0.0,gaussian_blur|gaussian_blur,brightness_dark|brightness_dark
T013-S1,B,52,gaussian_noise,gaussian_noise,0.14118174150460758,0.9,0.0,gaussian_noise|gaussian_noise,gaussian_noise|gaussian_noise
T013-S1,B,52,gaussian_blur,gaussian_blur,0.14118174150460758,0.9,0.0,gaussian_noise|gaussian_noise,gaussian_noise|gaussian_noise
T013-S1,B,53,brightness_dark,brightness_dark,0.2652949955741215,0.7,0.0,brightness_dark|brightness_dark,brightness_dark|brightness_dark
T013-S1,B,53,contrast_low,contrast_low,0.2652949955741215,0.7,0.0,contrast_low|contrast_low,contrast_low|contrast_low
T013-S1,B,54,brightness_dark,brightness_dark,0.26616582133129196,0.8,0.0,brightness_dark|brightness_dark,brightness_dark|brightness_dark
T013-S1,B,55,brightness_dark,brightness_dark,0.08621407475879368,0.95,0.0,brightness_dark|brightness_dark,brightness_dark|brightness_dark
T013-S1,B,55,contrast_low,contrast_low,0.08621407475879368,0.95,0.0,contrast_low|contrast_low,contrast_low|contrast_low
T013-S1,B,55,gaussian_noise,gaussian_noise,0.08621407475879368,0.95,0.0,gaussian_noise|gaussian_noise,gaussian_noise|gaussian_noise
T013-S1,B,56,clean,clean,0.4802818720531094,0.6,0.0,clean|clean,clean|clean
T013-S1,B,56,brightness_dark,brightness_dark,0.4802818720531094,0.6,0.0,brightness_dark|brightness_dark,brightness_dark|brightness_dark
T013-S1,B,56,gaussian_noise,gaussian_noise,0.4802818720531094,0.6,0.0,gaussian_noise|gaussian_noise,gaussian_noise|gaussian_noise
T013-S1,B,56,gaussian_blur,gaussian_blur,0.4802818720531094,0.6,0.0,gaussian_blur|gaussian_blur,gaussian_blur|gaussian_blur
T013-S1,B,57,contrast_low,contrast_low,0.5779694921683955,0.45,0.0,contrast_low|contrast_low,contrast_low|contrast_low
T013-S1,B,58,clean,clean,0.14118174150460758,0.9,0.0,gaussian_blur|gaussian_blur,gaussian_noise|gaussian_noise
T013-S1,B,58,brightness_dark,brightness_dark,0.14118174150460758,0.9,0.0,brightness_dark|brightness_dark,brightness_dark|brightness_dark
T013-S1,B,58,gaussian_noise,gaussian_noise,0.14118174150460758,0.9,0.0,clean|clean,gaussian_noise|gaussian_noise
T013-S1,B,58,gaussian_blur,gaussian_blur,0.14118174150460758,0.9,0.0,contrast_low|contrast_low,gaussian_noise|brightness_dark
T013-S1,B,59,brightness_dark,brightness_dark,0.6145365019512083,0.4,0.0,brightness_dark|brightness_dark,brightness_dark|brightness_dark
T013-S1,B,59,contrast_low,contrast_low,0.6145365019512083,0.4,0.0,contrast_low|contrast_low,contrast_low|contrast_low
T013-S1,B,59,gaussian_noise,gaussian_noise,0.6145365019512083,0.4,0.0,clean|clean,clean|clean
T013-S1,B,60,clean,clean,-0.0,1.0,0.0,gaussian_noise|gaussian_noise,gaussian_noise|gaussian_noise
T013-S1,B,60,brightness_dark,brightness_dark,-0.0,1.0,0.0,brightness_dark|brightness_dark,brightness_dark|brightness_dark
T013-S1,B,60,gaussian_noise,gaussian_noise,-0.0,1.0,0.0,gaussian_noise|gaussian_noise,gaussian_noise|gaussian_noise
T013-S1,B,61,brightness_dark,brightness_dark,0.358755552239424,0.75,0.0,brightness_dark|brightness_dark,brightness_dark|brightness_dark
T013-S1,B,62,brightness_dark,brightness_dark,0.5878285561418409,0.3,0.0,brightness_dark|brightness_dark,brightness_dark|brightness_dark
T013-S1,B,63,clean,clean,0.37162086641628495,0.5,0.0,clean|clean,clean|clean
T013-S1,B,63,brightness_dark,brightness_dark,0.37162086641628495,0.5,0.0,brightness_dark|brightness_dark,brightness_dark|brightness_dark
T013-S1,B,63,gaussian_noise,gaussian_noise,0.37162086641628495,0.5,0.0,gaussian_noise|gaussian_noise,gaussian_noise|gaussian_noise
T013-S1,B,63,gaussian_blur,gaussian_blur,0.37162086641628495,0.5,0.0,gaussian_blur|gaussian_blur,gaussian_blur|gaussian_blur
T013-S1,B,64,brightness_dark,brightness_dark,0.4385343715564183,0.7,0.0,brightness_dark|brightness_dark,brightness_dark|brightness_dark
T013-S1,B,64,contrast_low,contrast_low,0.4385343715564183,0.7,0.0,contrast_low|contrast_low,contrast_low|contrast_low
T013-S1,B,65,brightness_dark,brightness_dark,-0.0,1.0,0.0,brightness_dark|brightness_dark,brightness_dark|brightness_dark
T013-S1,B,66,brightness_dark,brightness_dark,0.1712847410710057,0.9,0.0,brightness_dark|brightness_dark,brightness_dark|brightness_dark
T013-S1,B,66,contrast_low,contrast_low,0.1712847410710057,0.9,0.0,contrast_low|contrast_low,contrast_low|contrast_low
T013-S1,B,67,brightness_dark,brightness_dark,0.5362838323534155,0.55,0.0,brightness_dark|brightness_dark,brightness_dark|brightness_dark
T013-S1,B,67,contrast_low,contrast_low,0.5362838323534155,0.55,0.0,contrast_low|contrast_low,contrast_low|contrast_low
T013-S1,B,68,contrast_low,contrast_low,0.45542455414570265,0.45,0.0,contrast_low|contrast_low,contrast_low|contrast_low
T013-S1,B,69,brightness_dark,brightness_dark,0.3239978696052099,0.7,0.0,brightness_dark|brightness_dark,brightness_dark|brightness_dark
T013-S1,B,70,brightness_dark,brightness_dark,0.21732201127364886,0.8,0.0,brightness_dark|brightness_dark,brightness_dark|brightness_dark
T013-S1,B,70,contrast_low,contrast_low,0.21732201127364886,0.8,0.0,contrast_low|contrast_low,contrast_low|contrast_low
T013-S1,B,70,gaussian_noise,gaussian_noise,0.21732201127364886,0.8,0.0,gaussian_noise|gaussian_noise,gaussian_noise|gaussian_noise
T013-S1,B,71,brightness_dark,brightness_dark,0.3172903635978727,0.75,0.0,brightness_dark|brightness_dark,brightness_dark|brightness_dark
T013-S1,B,72,brightness_dark,brightness_dark,0.46343299021718715,0.45,0.0,brightness_dark|brightness_dark,brightness_dark|brightness_dark
T013-S1,B,73,brightness_dark,brightness_dark,0.4023767052555694,0.55,0.0,brightness_dark|brightness_dark,brightness_dark|brightness_dark
T013-S1,B,74,clean,clean,-0.0,1.0,0.0,clean|clean,clean|clean
T013-S1,B,74,brightness_dark,brightness_dark,-0.0,1.0,0.0,brightness_dark|brightness_dark,brightness_dark|brightness_dark
T013-S1,B,75,contrast_low,contrast_low,0.44717262228329563,0.5,0.0,contrast_low|contrast_low,contrast_low|contrast_low
T013-S1,B,76,brightness_dark,brightness_dark,0.37162086641628495,0.5,0.0,brightness_dark|brightness_dark,brightness_dark|brightness_dark
T013-S1,B,76,contrast_low,contrast_low,0.37162086641628495,0.5,0.0,contrast_low|contrast_low,contrast_low|contrast_low
T013-S1,B,76,gaussian_blur,gaussian_blur,0.37162086641628495,0.5,0.0,gaussian_blur|gaussian_blur,gaussian_blur|gaussian_blur
T013-S1,B,77,clean,clean,0.29228525323862886,0.6,0.0,gaussian_noise|gaussian_noise,gaussian_noise|gaussian_noise
T013-S1,B,77,gaussian_noise,gaussian_noise,0.29228525323862886,0.6,0.0,gaussian_noise|gaussian_noise,gaussian_noise|gaussian_noise
T013-S1,B,78,brightness_dark,brightness_dark,0.29854955310662773,0.75,0.0,brightness_dark|brightness_dark,brightness_dark|brightness_dark
T013-S1,B,79,clean,clean,0.26616582133129196,0.8,0.0,gaussian_noise|gaussian_noise,gaussian_noise|gaussian_noise
T013-S1,B,79,gaussian_noise,gaussian_noise,0.26616582133129196,0.8,0.0,gaussian_noise|gaussian_noise,gaussian_noise|gaussian_noise
T013-S1,B,80,clean,clean,0.14118174150460758,0.9,0.0,clean|clean,clean|clean
T013-S1,B,80,brightness_dark,brightness_dark,0.14118174150460758,0.9,0.0,brightness_dark|brightness_dark,brightness_dark|brightness_dark
T013-S1,B,80,gaussian_blur,gaussian_blur,0.14118174150460758,0.9,0.0,gaussian_blur|gaussian_blur,gaussian_blur|gaussian_blur
T013-S1,B,81,brightness_dark,brightness_dark,0.08621407475879368,0.95,0.0,brightness_dark|brightness_dark,brightness_dark|brightness_dark
T013-S1,B,81,contrast_low,contrast_low,0.08621407475879368,0.95,0.0,contrast_low|contrast_low,contrast_low|brightness_dark
T013-S1,B,82,brightness_dark,brightness_dark,0.08621407475879368,0.95,0.0,brightness_dark|brightness_dark,brightness_dark|brightness_dark
T013-S1,B,83,clean,clean,0.26616582133129196,0.8,0.0,gaussian_noise|gaussian_noise,gaussian_noise|gaussian_noise
T013-S1,B,83,brightness_dark,brightness_dark,0.26616582133129196,0.8,0.0,brightness_dark|brightness_dark,brightness_dark|brightness_dark
T013-S1,B,83,contrast_low,contrast_low,0.26616582133129196,0.8,0.0,contrast_low|contrast_low,contrast_low|contrast_low
T013-S1,B,83,gaussian_noise,gaussian_noise,0.26616582133129196,0.8,0.0,gaussian_noise|gaussian_noise,gaussian_noise|gaussian_noise
T013-S1,B,84,gaussian_noise,gaussian_noise,0.45542455414570265,0.45,0.0,gaussian_noise|gaussian_noise,gaussian_noise|gaussian_noise
T013-S1,B,85,brightness_dark,brightness_dark,0.2811825026595474,0.65,0.0,brightness_dark|brightness_dark,brightness_dark|brightness_dark
T013-S1,B,88,clean,clean,0.4802818720531094,0.6,0.0,clean|clean,clean|clean
T013-S1,B,88,brightness_dark,brightness_dark,0.4802818720531094,0.6,0.0,brightness_dark|brightness_dark,brightness_dark|brightness_dark
T013-S1,B,88,gaussian_noise,gaussian_noise,0.4802818720531094,0.6,0.0,clean|gaussian_noise,clean|clean
T013-S1,B,88,gaussian_blur,gaussian_blur,0.4802818720531094,0.6,0.0,gaussian_blur|gaussian_blur,gaussian_blur|gaussian_blur
T013-S1,B,89,brightness_dark,brightness_dark,0.2652949955741215,0.7,0.0,brightness_dark|brightness_dark,brightness_dark|brightness_dark
T013-S1,B,90,brightness_dark,brightness_dark,0.5365043035268443,0.45,0.0,brightness_dark|brightness_dark,brightness_dark|brightness_dark
T013-S1,B,91,brightness_dark,brightness_dark,0.22504541292605024,0.85,0.0,brightness_dark|brightness_dark,brightness_dark|brightness_dark
T013-S1,B,92,clean,clean,0.3239978696052098,0.7,0.0,gaussian_blur|gaussian_blur,gaussian_blur|gaussian_blur
T013-S1,B,92,contrast_low,contrast_low,0.3239978696052098,0.7,0.0,contrast_low|contrast_low,contrast_low|contrast_low
T013-S1,B,93,brightness_dark,brightness_dark,-0.0,1.0,0.0,brightness_dark|brightness_dark,brightness_dark|brightness_dark
T013-S1,B,93,gaussian_noise,gaussian_noise,-0.0,1.0,0.0,gaussian_noise|gaussian_noise,gaussian_noise|gaussian_noise
T013-S1,B,94,brightness_dark,brightness_dark,0.08621407475879368,0.95,0.0,brightness_dark|brightness_dark,brightness_dark|brightness_dark
T013-S1,B,95,contrast_low,contrast_low,0.29854955310662773,0.75,0.0,contrast_low|contrast_low,contrast_low|contrast_low
T013-S1,B,95,gaussian_blur,gaussian_blur,0.29854955310662773,0.75,0.0,contrast_low|contrast_low,contrast_low|contrast_low
T013-S1,B,96,brightness_dark,brightness_dark,0.08621407475879368,0.95,0.0,brightness_dark|brightness_dark,brightness_dark|brightness_dark
T013-S1,B,97,clean,clean,0.29854955310662773,0.75,0.0,gaussian_noise|gaussian_noise,gaussian_noise|gaussian_noise
T013-S1,B,97,gaussian_noise,gaussian_noise,0.29854955310662773,0.75,0.0,gaussian_noise|gaussian_noise,gaussian_noise|gaussian_noise
T013-S1,B,98,brightness_dark,brightness_dark,0.34822537285722394,0.7,0.0,brightness_dark|brightness_dark,brightness_dark|brightness_dark
T013-S1,B,99,brightness_dark,brightness_dark,0.6814913078447037,0.35,0.0,brightness_dark|brightness_dark,brightness_dark|brightness_dark
T013-S2,A,0,brightness_dark,brightness_dark,0.22504541292605024,0.85,0.0,brightness_dark|brightness_dark,brightness_dark|brightness_dark
T013-S2,A,0,contrast_low,contrast_low,0.22504541292605024,0.85,0.0,contrast_low|contrast_low,contrast_low|contrast_low
T013-S2,A,1,brightness_dark,brightness_dark,0.18358022428449897,0.85,0.0,brightness_dark|brightness_dark,brightness_dark|brightness_dark
T013-S2,A,1,contrast_low,contrast_low,0.18358022428449897,0.85,0.0,contrast_low|contrast_low,contrast_low|contrast_low
T013-S2,A,2,contrast_low,contrast_low,0.1712847410710057,0.9,0.0,contrast_low|contrast_low,contrast_low|brightness_dark
T013-S2,A,3,clean,clean,-0.0,1.0,0.0,gaussian_noise|gaussian_noise,gaussian_noise|gaussian_noise
T013-S2,A,3,brightness_dark,brightness_dark,-0.0,1.0,0.0,brightness_dark|brightness_dark,brightness_dark|brightness_dark
T013-S2,A,3,gaussian_noise,gaussian_noise,-0.0,1.0,0.0,gaussian_noise|gaussian_noise,gaussian_noise|gaussian_noise
T013-S2,A,4,brightness_dark,brightness_dark,0.3670280240301799,0.55,0.0,brightness_dark|brightness_dark,brightness_dark|brightness_dark
T013-S2,A,5,clean,clean,0.3849866301909954,0.65,0.0,gaussian_noise|gaussian_noise,gaussian_noise|gaussian_noise
T013-S2,A,5,brightness_dark,brightness_dark,0.3849866301909954,0.65,0.0,brightness_dark|brightness_dark,brightness_dark|brightness_dark
T013-S2,A,5,gaussian_noise,gaussian_noise,0.3849866301909954,0.65,0.0,gaussian_noise|gaussian_noise,gaussian_noise|gaussian_noise
T013-S2,A,6,clean,clean,0.37162086641628495,0.5,0.0,clean|clean,clean|clean
T013-S2,A,6,brightness_dark,brightness_dark,0.37162086641628495,0.5,0.0,brightness_dark|brightness_dark,brightness_dark|brightness_dark
T013-S2,A,6,contrast_low,contrast_low,0.37162086641628495,0.5,0.0,contrast_low|contrast_low,contrast_low|contrast_low
T013-S2,A,6,gaussian_blur,gaussian_blur,0.37162086641628495,0.5,0.0,gaussian_blur|gaussian_blur,gaussian_blur|gaussian_blur
T013-S2,A,7,contrast_low,contrast_low,0.14118174150460758,0.9,0.0,contrast_low|contrast_low,contrast_low|contrast_low
T013-S2,A,8,brightness_dark,brightness_dark,0.21732201127364886,0.8,0.0,brightness_dark|brightness_dark,brightness_dark|brightness_dark
T013-S2,A,9,brightness_dark,brightness_dark,0.2652949955741215,0.7,0.0,brightness_dark|brightness_dark,brightness_dark|brightness_dark
T013-S2,A,9,contrast_low,contrast_low,0.2652949955741215,0.7,0.0,contrast_low|contrast_low,contrast_low|contrast_low
T013-S2,A,10,clean,clean,0.3556039942733158,0.7,0.0,gaussian_noise|gaussian_noise,gaussian_noise|gaussian_noise
T013-S2,A,10,gaussian_noise,gaussian_noise,0.3556039942733158,0.7,0.0,gaussian_noise|gaussian_noise,gaussian_noise|gaussian_noise
T013-S2,A,11,clean,clean,0.2988548895792612,0.55,0.0,gaussian_noise|gaussian_noise,gaussian_noise|gaussian_noise
T013-S2,A,11,brightness_dark,brightness_dark,0.2988548895792612,0.55,0.0,brightness_dark|brightness_dark,brightness_dark|brightness_dark
T013-S2,A,11,gaussian_noise,gaussian_noise,0.2988548895792612,0.55,0.0,gaussian_noise|gaussian_noise,gaussian_noise|gaussian_noise
T013-S2,A,12,brightness_dark,brightness_dark,0.18358022428449897,0.85,0.0,brightness_dark|brightness_dark,brightness_dark|brightness_dark
T013-S2,A,13,contrast_low,contrast_low,0.3172903635978727,0.75,0.0,contrast_low|contrast_low,contrast_low|contrast_low
T013-S2,A,13,gaussian_blur,gaussian_blur,0.3172903635978727,0.75,0.0,contrast_low|contrast_low,contrast_low|contrast_low
T013-S2,A,14,clean,clean,0.08621407475879368,0.95,0.0,gaussian_noise|gaussian_noise,gaussian_noise|gaussian_noise
T013-S2,A,14,gaussian_noise,gaussian_noise,0.08621407475879368,0.95,0.0,gaussian_noise|gaussian_noise,gaussian_noise|gaussian_noise
T013-S2,A,15,brightness_dark,brightness_dark,-0.0,1.0,0.0,brightness_dark|brightness_dark,brightness_dark|brightness_dark
T013-S2,A,15,gaussian_noise,gaussian_noise,-0.0,1.0,0.0,gaussian_noise|gaussian_noise,gaussian_noise|gaussian_noise
T013-S2,A,16,clean,clean,0.5052456816589913,0.5,0.0,clean|clean,clean|clean
T013-S2,A,16,brightness_dark,brightness_dark,0.5052456816589913,0.5,0.0,brightness_dark|brightness_dark,brightness_dark|brightness_dark
T013-S2,A,16,contrast_low,contrast_low,0.5052456816589913,0.5,0.0,contrast_low|contrast_low,contrast_low|contrast_low
T013-S2,A,16,gaussian_noise,gaussian_noise,0.5052456816589913,0.5,0.0,gaussian_noise|gaussian_noise,gaussian_noise|clean
T013-S2,A,16,gaussian_blur,gaussian_blur,0.5052456816589913,0.5,0.0,gaussian_blur|gaussian_blur,gaussian_blur|gaussian_blur
T013-S2,A,17,brightness_dark,brightness_dark,0.4023767052555694,0.55,0.0,brightness_dark|brightness_dark,brightness_dark|brightness_dark
T013-S2,A,17,contrast_low,contrast_low,0.4023767052555694,0.55,0.0,contrast_low|contrast_low,contrast_low|contrast_low
T013-S2,A,18,clean,clean,0.29854955310662773,0.75,0.0,gaussian_noise|gaussian_noise,gaussian_noise|gaussian_noise
T013-S2,A,18,brightness_dark,brightness_dark,0.29854955310662773,0.75,0.0,brightness_dark|brightness_dark,brightness_dark|brightness_dark
T013-S2,A,18,contrast_low,contrast_low,0.29854955310662773,0.75,0.0,contrast_low|contrast_low,contrast_low|brightness_dark
T013-S2,A,18,gaussian_noise,gaussian_noise,0.29854955310662773,0.75,0.0,gaussian_noise|gaussian_noise,gaussian_noise|gaussian_noise
T013-S2,A,18,gaussian_blur,gaussian_blur,0.29854955310662773,0.75,0.0,gaussian_blur|gaussian_blur,gaussian_noise|gaussian_noise
T013-S2,A,19,clean,clean,0.3172903635978727,0.75,0.0,gaussian_noise|gaussian_noise,gaussian_noise|gaussian_noise
T013-S2,A,19,gaussian_noise,gaussian_noise,0.3172903635978727,0.75,0.0,gaussian_noise|gaussian_noise,gaussian_noise|gaussian_noise
T013-S2,A,20,clean,clean,-0.0,1.0,0.0,clean|clean,clean|clean
T013-S2,A,20,brightness_dark,brightness_dark,-0.0,1.0,0.0,brightness_dark|brightness_dark,brightness_dark|brightness_dark
T013-S2,A,20,gaussian_noise,gaussian_noise,-0.0,1.0,0.0,gaussian_noise|clean,clean|clean
T013-S2,A,20,gaussian_blur,gaussian_blur,-0.0,1.0,0.0,gaussian_blur|gaussian_blur,gaussian_blur|gaussian_blur
T013-S2,A,21,brightness_dark,brightness_dark,-0.0,1.0,0.0,brightness_dark|brightness_dark,brightness_dark|clean
T013-S2,A,21,gaussian_noise,gaussian_noise,-0.0,1.0,0.0,gaussian_noise|gaussian_noise,gaussian_noise|gaussian_noise
T013-S2,A,22,contrast_low,contrast_low,0.29228525323862886,0.6,0.0,contrast_low|contrast_low,contrast_low|contrast_low
T013-S2,A,22,gaussian_noise,gaussian_noise,0.29228525323862886,0.6,0.0,gaussian_noise|gaussian_noise,gaussian_noise|gaussian_noise
T013-S2,A,22,gaussian_blur,gaussian_blur,0.29228525323862886,0.6,0.0,gaussian_blur|gaussian_blur,gaussian_blur|gaussian_blur
T013-S2,A,23,brightness_dark,brightness_dark,0.5374816209824899,0.5,0.0,brightness_dark|brightness_dark,brightness_dark|brightness_dark
T013-S2,A,23,contrast_low,contrast_low,0.5374816209824899,0.5,0.0,contrast_low|contrast_low,contrast_low|contrast_low
T013-S2,A,23,gaussian_noise,gaussian_noise,0.5374816209824899,0.5,0.0,gaussian_noise|gaussian_noise,gaussian_noise|gaussian_noise
T013-S2,A,24,brightness_dark,brightness_dark,0.26616582133129196,0.8,0.0,brightness_dark|brightness_dark,brightness_dark|brightness_dark
T013-S2,A,25,brightness_dark,brightness_dark,0.43881668341155816,0.45,0.0,brightness_dark|brightness_dark,brightness_dark|brightness_dark
T013-S2,A,25,contrast_low,contrast_low,0.43881668341155816,0.45,0.0,contrast_low|contrast_low,contrast_low|contrast_low
T013-S2,A,26,brightness_dark,brightness_dark,0.08621407475879368,0.95,0.0,brightness_dark|brightness_dark,brightness_dark|brightness_dark
T013-S2,A,27,contrast_low,contrast_low,-0.0,1.0,0.0,contrast_low|contrast_low,contrast_low|contrast_low
T013-S2,A,28,contrast_low,contrast_low,0.5053986284565879,0.65,0.0,contrast_low|contrast_low,contrast_low|contrast_low
T013-S2,A,29,contrast_low,contrast_low,-0.0,1.0,0.0,contrast_low|contrast_low,contrast_low|contrast_low
T013-S2,A,31,brightness_dark,brightness_dark,-0.0,1.0,0.0,brightness_dark|brightness_dark,brightness_dark|brightness_dark
T013-S2,A,31,contrast_low,contrast_low,-0.0,1.0,0.0,contrast_low|contrast_low,contrast_low|contrast_low
T013-S2,A,31,gaussian_noise,gaussian_noise,-0.0,1.0,0.0,gaussian_noise|gaussian_noise,gaussian_noise|gaussian_noise
T013-S2,A,32,brightness_dark,brightness_dark,0.6385229941014448,0.35,0.0,brightness_dark|brightness_dark,brightness_dark|brightness_dark
T013-S2,A,32,gaussian_noise,gaussian_noise,0.6385229941014448,0.35,0.0,gaussian_noise|gaussian_noise,gaussian_noise|gaussian_noise
T013-S2,A,33,contrast_low,contrast_low,0.18358022428449897,0.85,0.0,contrast_low|contrast_low,contrast_low|contrast_low
T013-S2,A,33,gaussian_noise,gaussian_noise,0.18358022428449897,0.85,0.0,gaussian_noise|gaussian_noise,gaussian_noise|gaussian_noise
T013-S2,A,34,contrast_low,contrast_low,0.3172903635978727,0.75,0.0,contrast_low|contrast_low,contrast_low|contrast_low
T013-S2,A,34,gaussian_noise,gaussian_noise,0.3172903635978727,0.75,0.0,gaussian_noise|gaussian_noise,gaussian_noise|gaussian_noise
T013-S2,A,35,brightness_dark,brightness_dark,0.2988548895792612,0.55,0.0,brightness_dark|brightness_dark,brightness_dark|brightness_dark
T013-S2,A,35,contrast_low,contrast_low,0.2988548895792612,0.55,0.0,contrast_low|contrast_low,contrast_low|contrast_low
T013-S2,A,36,brightness_dark,brightness_dark,0.4385343715564183,0.7,0.0,brightness_dark|brightness_dark,brightness_dark|brightness_dark
T013-S2,A,36,contrast_low,contrast_low,0.4385343715564183,0.7,0.0,contrast_low|contrast_low,contrast_low|contrast_low
T013-S2,A,37,gaussian_noise,gaussian_noise,0.34352144154944414,0.65,0.0,gaussian_noise|gaussian_noise,gaussian_noise|gaussian_noise
T013-S2,A,38,brightness_dark,brightness_dark,-0.0,1.0,0.0,brightness_dark|brightness_dark,brightness_dark|brightness_dark
T013-S2,A,38,contrast_low,contrast_low,-0.0,1.0,0.0,contrast_low|contrast_low,contrast_low|contrast_low
T013-S2,A,38,gaussian_noise,gaussian_noise,-0.0,1.0,0.0,gaussian_noise|gaussian_noise,gaussian_noise|gaussian_noise
T013-S2,A,38,gaussian_blur,gaussian_blur,-0.0,1.0,0.0,gaussian_blur|gaussian_blur,clean|clean
T013-S2,A,39,clean,clean,-0.0,1.0,0.0,gaussian_noise|gaussian_noise,gaussian_noise|gaussian_noise
T013-S2,A,39,gaussian_noise,gaussian_noise,-0.0,1.0,0.0,gaussian_noise|gaussian_noise,gaussian_noise|gaussian_noise
T013-S2,A,39,gaussian_blur,gaussian_blur,-0.0,1.0,0.0,gaussian_noise|gaussian_noise,gaussian_noise|gaussian_noise
T013-S2,A,40,clean,clean,-0.0,1.0,0.0,clean|gaussian_blur,clean|gaussian_noise
T013-S2,A,40,gaussian_noise,gaussian_noise,-0.0,1.0,0.0,clean|clean,clean|clean
T013-S2,A,41,contrast_low,contrast_low,0.34739336316427083,0.75,0.0,contrast_low|contrast_low,contrast_low|contrast_low
T013-S2,A,41,gaussian_noise,gaussian_noise,0.34739336316427083,0.75,0.0,gaussian_noise|gaussian_noise,gaussian_noise|gaussian_noise
T013-S2,A,42,contrast_low,contrast_low,0.4023767052555694,0.55,0.0,contrast_low|contrast_low,contrast_low|contrast_low
T013-S2,A,42,gaussian_noise,gaussian_noise,0.4023767052555694,0.55,0.0,gaussian_noise|gaussian_noise,gaussian_noise|gaussian_noise
T013-S2,A,42,gaussian_blur,gaussian_blur,0.4023767052555694,0.55,0.0,gaussian_blur|gaussian_blur,gaussian_blur|gaussian_blur
T013-S2,A,43,clean,clean,0.29228525323862886,0.6,0.0,gaussian_noise|gaussian_noise,gaussian_noise|gaussian_noise
T013-S2,A,43,brightness_dark,brightness_dark,0.29228525323862886,0.6,0.0,brightness_dark|brightness_dark,brightness_dark|brightness_dark
T013-S2,A,43,gaussian_noise,gaussian_noise,0.29228525323862886,0.6,0.0,gaussian_noise|gaussian_noise,gaussian_noise|gaussian_noise
T013-S2,A,44,brightness_dark,brightness_dark,0.3670280240301799,0.55,0.0,brightness_dark|brightness_dark,brightness_dark|brightness_dark
T013-S2,A,44,contrast_low,contrast_low,0.3670280240301799,0.55,0.0,contrast_low|contrast_low,contrast_low|contrast_low
T013-S2,A,44,gaussian_noise,gaussian_noise,0.3670280240301799,0.55,0.0,gaussian_noise|gaussian_noise,gaussian_noise|gaussian_noise
T013-S2,A,45,gaussian_noise,gaussian_noise,0.3076310099728432,0.8,0.0,gaussian_noise|gaussian_noise,gaussian_noise|gaussian_noise
T013-S2,A,46,brightness_dark,brightness_dark,0.1712847410710057,0.9,0.0,brightness_dark|brightness_dark,brightness_dark|brightness_dark
T013-S2,A,47,clean,clean,0.5660814954471801,0.5,0.0,clean|clean,gaussian_noise|clean
T013-S2,A,47,brightness_dark,brightness_dark,0.5660814954471801,0.5,0.0,brightness_dark|brightness_dark,brightness_dark|brightness_dark
T013-S2,A,47,contrast_low,contrast_low,0.5660814954471801,0.5,0.0,contrast_low|contrast_low,contrast_low|contrast_low
T013-S2,A,47,gaussian_noise,gaussian_noise,0.5660814954471801,0.5,0.0,gaussian_noise|gaussian_noise,gaussian_noise|gaussian_noise
T013-S2,A,47,gaussian_blur,gaussian_blur,0.5660814954471801,0.5,0.0,gaussian_blur|gaussian_blur,gaussian_blur|gaussian_blur
T013-S2,A,48,brightness_dark,brightness_dark,0.4072105587434522,0.6,0.0,brightness_dark|brightness_dark,brightness_dark|brightness_dark
T013-S2,A,49,contrast_low,contrast_low,0.18358022428449897,0.85,0.0,contrast_low|contrast_low,contrast_low|contrast_low
T013-S2,A,50,clean,clean,0.2442190502882155,0.75,0.0,gaussian_noise|gaussian_noise,gaussian_noise|gaussian_noise
T013-S2,A,50,gaussian_noise,gaussian_noise,0.2442190502882155,0.75,0.0,gaussian_noise|gaussian_noise,gaussian_noise|gaussian_noise
T013-S2,A,51,clean,clean,0.1712847410710057,0.9,0.0,clean|gaussian_blur,brightness_dark|brightness_dark
T013-S2,A,51,brightness_dark,brightness_dark,0.1712847410710057,0.9,0.0,brightness_dark|brightness_dark,contrast_low|contrast_low
T013-S2,A,51,contrast_low,contrast_low,0.1712847410710057,0.9,0.0,contrast_low|contrast_low,contrast_low|brightness_dark
T013-S2,A,51,gaussian_noise,gaussian_noise,0.1712847410710057,0.9,0.0,clean|clean,gaussian_noise|brightness_dark
T013-S2,A,51,gaussian_blur,gaussian_blur,0.1712847410710057,0.9,0.0,gaussian_blur|contrast_low,brightness_dark|brightness_dark
T013-S2,A,52,gaussian_noise,gaussian_noise,0.14118174150460758,0.9,0.0,gaussian_noise|gaussian_noise,gaussian_noise|gaussian_noise
T013-S2,A,52,gaussian_blur,gaussian_blur,0.14118174150460758,0.9,0.0,gaussian_noise|gaussian_noise,gaussian_noise|gaussian_noise
T013-S2,A,53,brightness_dark,brightness_dark,0.2652949955741215,0.7,0.0,brightness_dark|brightness_dark,brightness_dark|brightness_dark
T013-S2,A,53,contrast_low,contrast_low,0.2652949955741215,0.7,0.0,contrast_low|contrast_low,contrast_low|contrast_low
T013-S2,A,54,brightness_dark,brightness_dark,0.26616582133129196,0.8,0.0,brightness_dark|brightness_dark,brightness_dark|brightness_dark
T013-S2,A,55,brightness_dark,brightness_dark,0.08621407475879368,0.95,0.0,brightness_dark|brightness_dark,brightness_dark|brightness_dark
T013-S2,A,55,contrast_low,contrast_low,0.08621407475879368,0.95,0.0,contrast_low|contrast_low,contrast_low|contrast_low
T013-S2,A,55,gaussian_noise,gaussian_noise,0.08621407475879368,0.95,0.0,gaussian_noise|gaussian_noise,gaussian_noise|gaussian_noise
T013-S2,A,56,clean,clean,0.4802818720531094,0.6,0.0,clean|clean,clean|clean
T013-S2,A,56,brightness_dark,brightness_dark,0.4802818720531094,0.6,0.0,brightness_dark|brightness_dark,brightness_dark|brightness_dark
T013-S2,A,56,contrast_low,contrast_low,0.4802818720531094,0.6,0.0,contrast_low|contrast_low,contrast_low|contrast_low
T013-S2,A,56,gaussian_blur,gaussian_blur,0.4802818720531094,0.6,0.0,gaussian_blur|gaussian_blur,gaussian_blur|gaussian_blur
T013-S2,A,57,contrast_low,contrast_low,0.5779694921683955,0.45,0.0,contrast_low|contrast_low,contrast_low|contrast_low
T013-S2,A,58,clean,clean,0.14118174150460758,0.9,0.0,gaussian_blur|gaussian_blur,gaussian_noise|gaussian_noise
T013-S2,A,58,brightness_dark,brightness_dark,0.14118174150460758,0.9,0.0,brightness_dark|brightness_dark,brightness_dark|brightness_dark
T013-S2,A,58,gaussian_noise,gaussian_noise,0.14118174150460758,0.9,0.0,clean|clean,gaussian_noise|gaussian_noise
T013-S2,A,58,gaussian_blur,gaussian_blur,0.14118174150460758,0.9,0.0,contrast_low|contrast_low,gaussian_noise|gaussian_noise
T013-S2,A,59,brightness_dark,brightness_dark,0.6145365019512083,0.4,0.0,brightness_dark|brightness_dark,brightness_dark|brightness_dark
T013-S2,A,59,contrast_low,contrast_low,0.6145365019512083,0.4,0.0,contrast_low|contrast_low,contrast_low|contrast_low
T013-S2,A,59,gaussian_noise,gaussian_noise,0.6145365019512083,0.4,0.0,clean|clean,clean|clean
T013-S2,A,60,clean,clean,-0.0,1.0,0.0,gaussian_noise|gaussian_noise,gaussian_noise|gaussian_noise
T013-S2,A,60,brightness_dark,brightness_dark,-0.0,1.0,0.0,brightness_dark|brightness_dark,brightness_dark|brightness_dark
T013-S2,A,60,gaussian_noise,gaussian_noise,-0.0,1.0,0.0,gaussian_noise|gaussian_noise,gaussian_noise|gaussian_noise
T013-S2,A,61,brightness_dark,brightness_dark,0.358755552239424,0.75,0.0,brightness_dark|brightness_dark,brightness_dark|brightness_dark
T013-S2,A,62,brightness_dark,brightness_dark,0.5878285561418409,0.3,0.0,brightness_dark|brightness_dark,brightness_dark|brightness_dark
T013-S2,A,63,clean,clean,0.37162086641628495,0.5,0.0,clean|clean,clean|clean
T013-S2,A,63,brightness_dark,brightness_dark,0.37162086641628495,0.5,0.0,brightness_dark|brightness_dark,brightness_dark|brightness_dark
T013-S2,A,63,contrast_low,contrast_low,0.37162086641628495,0.5,0.0,contrast_low|contrast_low,contrast_low|contrast_low
T013-S2,A,63,gaussian_blur,gaussian_blur,0.37162086641628495,0.5,0.0,gaussian_blur|gaussian_blur,gaussian_blur|gaussian_blur
T013-S2,A,64,contrast_low,contrast_low,0.4385343715564183,0.7,0.0,contrast_low|contrast_low,contrast_low|contrast_low
T013-S2,A,65,brightness_dark,brightness_dark,-0.0,1.0,0.0,brightness_dark|brightness_dark,brightness_dark|brightness_dark
T013-S2,A,66,brightness_dark,brightness_dark,0.1712847410710057,0.9,0.0,brightness_dark|brightness_dark,brightness_dark|brightness_dark
T013-S2,A,66,contrast_low,contrast_low,0.1712847410710057,0.9,0.0,contrast_low|contrast_low,contrast_low|contrast_low
T013-S2,A,67,brightness_dark,brightness_dark,0.5362838323534155,0.55,0.0,brightness_dark|brightness_dark,brightness_dark|brightness_dark
T013-S2,A,67,contrast_low,contrast_low,0.5362838323534155,0.55,0.0,contrast_low|contrast_low,contrast_low|contrast_low
T013-S2,A,68,contrast_low,contrast_low,0.45542455414570265,0.45,0.0,contrast_low|contrast_low,contrast_low|contrast_low
T013-S2,A,68,gaussian_blur,gaussian_blur,0.45542455414570265,0.45,0.0,contrast_low|contrast_low,contrast_low|contrast_low
T013-S2,A,70,brightness_dark,brightness_dark,0.21732201127364886,0.8,0.0,brightness_dark|brightness_dark,brightness_dark|brightness_dark
T013-S2,A,70,contrast_low,contrast_low,0.21732201127364886,0.8,0.0,contrast_low|contrast_low,contrast_low|contrast_low
T013-S2,A,70,gaussian_noise,gaussian_noise,0.21732201127364886,0.8,0.0,gaussian_noise|gaussian_noise,gaussian_noise|gaussian_noise
T013-S2,A,71,brightness_dark,brightness_dark,0.3172903635978727,0.75,0.0,brightness_dark|brightness_dark,brightness_dark|brightness_dark
T013-S2,A,72,brightness_dark,brightness_dark,0.46343299021718715,0.45,0.0,brightness_dark|brightness_dark,brightness_dark|brightness_dark
T013-S2,A,73,brightness_dark,brightness_dark,0.4023767052555694,0.55,0.0,brightness_dark|brightness_dark,brightness_dark|brightness_dark
T013-S2,A,74,clean,clean,-0.0,1.0,0.0,clean|clean,clean|clean
T013-S2,A,74,brightness_dark,brightness_dark,-0.0,1.0,0.0,brightness_dark|brightness_dark,brightness_dark|brightness_dark
T013-S2,A,74,gaussian_noise,gaussian_noise,-0.0,1.0,0.0,clean|clean,clean|clean
T013-S2,A,75,contrast_low,contrast_low,0.44717262228329563,0.5,0.0,contrast_low|contrast_low,contrast_low|contrast_low
T013-S2,A,76,brightness_dark,brightness_dark,0.37162086641628495,0.5,0.0,brightness_dark|brightness_dark,brightness_dark|brightness_dark
T013-S2,A,76,contrast_low,contrast_low,0.37162086641628495,0.5,0.0,contrast_low|contrast_low,contrast_low|contrast_low
T013-S2,A,76,gaussian_blur,gaussian_blur,0.37162086641628495,0.5,0.0,gaussian_blur|gaussian_blur,gaussian_blur|gaussian_blur
T013-S2,A,77,clean,clean,0.29228525323862886,0.6,0.0,gaussian_noise|gaussian_noise,gaussian_noise|gaussian_noise
T013-S2,A,77,gaussian_noise,gaussian_noise,0.29228525323862886,0.6,0.0,gaussian_noise|gaussian_noise,gaussian_noise|gaussian_noise
T013-S2,A,78,brightness_dark,brightness_dark,0.29854955310662773,0.75,0.0,brightness_dark|brightness_dark,brightness_dark|brightness_dark
T013-S2,A,79,clean,clean,0.26616582133129196,0.8,0.0,gaussian_noise|gaussian_noise,gaussian_noise|gaussian_noise
T013-S2,A,79,gaussian_noise,gaussian_noise,0.26616582133129196,0.8,0.0,gaussian_noise|gaussian_noise,gaussian_noise|gaussian_noise
T013-S2,A,80,clean,clean,0.14118174150460758,0.9,0.0,clean|clean,clean|clean
T013-S2,A,80,brightness_dark,brightness_dark,0.14118174150460758,0.9,0.0,brightness_dark|brightness_dark,brightness_dark|brightness_dark
T013-S2,A,80,gaussian_blur,gaussian_blur,0.14118174150460758,0.9,0.0,gaussian_blur|gaussian_blur,gaussian_blur|gaussian_blur
T013-S2,A,81,brightness_dark,brightness_dark,0.08621407475879368,0.95,0.0,brightness_dark|brightness_dark,brightness_dark|brightness_dark
T013-S2,A,82,brightness_dark,brightness_dark,0.08621407475879368,0.95,0.0,brightness_dark|brightness_dark,brightness_dark|brightness_dark
T013-S2,A,83,clean,clean,0.26616582133129196,0.8,0.0,gaussian_noise|gaussian_noise,gaussian_noise|gaussian_noise
T013-S2,A,83,brightness_dark,brightness_dark,0.26616582133129196,0.8,0.0,brightness_dark|brightness_dark,brightness_dark|brightness_dark
T013-S2,A,83,contrast_low,contrast_low,0.26616582133129196,0.8,0.0,contrast_low|contrast_low,contrast_low|contrast_low
T013-S2,A,83,gaussian_noise,gaussian_noise,0.26616582133129196,0.8,0.0,gaussian_noise|gaussian_noise,gaussian_noise|gaussian_noise
T013-S2,A,84,gaussian_noise,gaussian_noise,0.45542455414570265,0.45,0.0,gaussian_noise|gaussian_noise,gaussian_noise|gaussian_noise
T013-S2,A,85,brightness_dark,brightness_dark,0.2811825026595474,0.65,0.0,brightness_dark|brightness_dark,brightness_dark|brightness_dark
T013-S2,A,88,clean,clean,0.4802818720531094,0.6,0.0,clean|clean,clean|clean
T013-S2,A,88,brightness_dark,brightness_dark,0.4802818720531094,0.6,0.0,brightness_dark|brightness_dark,brightness_dark|brightness_dark
T013-S2,A,88,gaussian_blur,gaussian_blur,0.4802818720531094,0.6,0.0,gaussian_blur|gaussian_blur,gaussian_blur|gaussian_blur
T013-S2,A,89,brightness_dark,brightness_dark,0.2652949955741215,0.7,0.0,brightness_dark|brightness_dark,brightness_dark|brightness_dark
T013-S2,A,90,brightness_dark,brightness_dark,0.5365043035268443,0.45,0.0,brightness_dark|brightness_dark,brightness_dark|brightness_dark
T013-S2,A,91,brightness_dark,brightness_dark,0.22504541292605024,0.85,0.0,brightness_dark|brightness_dark,brightness_dark|brightness_dark
T013-S2,A,92,clean,clean,0.3239978696052098,0.7,0.0,gaussian_blur|gaussian_blur,gaussian_blur|gaussian_blur
T013-S2,A,92,brightness_dark,brightness_dark,0.3239978696052098,0.7,0.0,brightness_dark|brightness_dark,brightness_dark|brightness_dark
T013-S2,A,92,contrast_low,contrast_low,0.3239978696052098,0.7,0.0,contrast_low|contrast_low,contrast_low|contrast_low
T013-S2,A,92,gaussian_blur,gaussian_blur,0.3239978696052098,0.7,0.0,contrast_low|contrast_low,contrast_low|contrast_low
T013-S2,A,93,brightness_dark,brightness_dark,-0.0,1.0,0.0,brightness_dark|brightness_dark,brightness_dark|brightness_dark
T013-S2,A,93,gaussian_noise,gaussian_noise,-0.0,1.0,0.0,gaussian_noise|gaussian_noise,gaussian_noise|gaussian_noise
T013-S2,A,94,brightness_dark,brightness_dark,0.08621407475879368,0.95,0.0,brightness_dark|brightness_dark,brightness_dark|brightness_dark
T013-S2,A,95,clean,clean,0.29854955310662773,0.75,0.0,gaussian_blur|gaussian_blur,contrast_low|contrast_low
T013-S2,A,95,contrast_low,contrast_low,0.29854955310662773,0.75,0.0,contrast_low|contrast_low,contrast_low|contrast_low
T013-S2,A,95,gaussian_blur,gaussian_blur,0.29854955310662773,0.75,0.0,contrast_low|contrast_low,contrast_low|contrast_low
T013-S2,A,96,brightness_dark,brightness_dark,0.08621407475879368,0.95,0.0,brightness_dark|brightness_dark,brightness_dark|brightness_dark
T013-S2,A,97,clean,clean,0.29854955310662773,0.75,0.0,gaussian_noise|gaussian_noise,gaussian_noise|gaussian_noise
T013-S2,A,97,gaussian_noise,gaussian_noise,0.29854955310662773,0.75,0.0,gaussian_noise|gaussian_noise,gaussian_noise|gaussian_noise
T013-S2,A,98,brightness_dark,brightness_dark,0.34822537285722394,0.7,0.0,brightness_dark|brightness_dark,brightness_dark|brightness_dark
T013-S2,A,99,brightness_dark,brightness_dark,0.6814913078447037,0.35,0.0,brightness_dark|brightness_dark,brightness_dark|brightness_dark
T013-S2,B,0,brightness_dark,brightness_dark,0.22504541292605024,0.85,0.0,brightness_dark|brightness_dark,brightness_dark|brightness_dark
T013-S2,B,0,contrast_low,contrast_low,0.22504541292605024,0.85,0.0,contrast_low|contrast_low,contrast_low|contrast_low
T013-S2,B,1,brightness_dark,brightness_dark,0.18358022428449897,0.85,0.0,brightness_dark|brightness_dark,brightness_dark|brightness_dark
T013-S2,B,1,contrast_low,contrast_low,0.18358022428449897,0.85,0.0,contrast_low|contrast_low,contrast_low|contrast_low
T013-S2,B,2,gaussian_noise,gaussian_noise,0.1712847410710057,0.9,0.0,clean|clean,gaussian_noise|gaussian_noise
T013-S2,B,3,clean,clean,-0.0,1.0,0.0,gaussian_noise|gaussian_noise,gaussian_noise|gaussian_noise
T013-S2,B,3,brightness_dark,brightness_dark,-0.0,1.0,0.0,brightness_dark|brightness_dark,brightness_dark|brightness_dark
T013-S2,B,3,gaussian_noise,gaussian_noise,-0.0,1.0,0.0,gaussian_noise|gaussian_noise,gaussian_noise|gaussian_noise
T013-S2,B,4,brightness_dark,brightness_dark,0.3670280240301799,0.55,0.0,brightness_dark|brightness_dark,brightness_dark|brightness_dark
T013-S2,B,5,brightness_dark,brightness_dark,0.3849866301909954,0.65,0.0,brightness_dark|brightness_dark,brightness_dark|brightness_dark
T013-S2,B,5,gaussian_noise,gaussian_noise,0.3849866301909954,0.65,0.0,gaussian_noise|gaussian_noise,gaussian_noise|gaussian_noise
T013-S2,B,6,clean,clean,0.37162086641628495,0.5,0.0,clean|clean,clean|clean
T013-S2,B,6,brightness_dark,brightness_dark,0.37162086641628495,0.5,0.0,brightness_dark|brightness_dark,brightness_dark|brightness_dark
T013-S2,B,6,gaussian_noise,gaussian_noise,0.37162086641628495,0.5,0.0,gaussian_noise|gaussian_noise,gaussian_noise|gaussian_noise
T013-S2,B,6,gaussian_blur,gaussian_blur,0.37162086641628495,0.5,0.0,gaussian_blur|gaussian_blur,gaussian_blur|gaussian_blur
T013-S2,B,7,contrast_low,contrast_low,0.14118174150460758,0.9,0.0,contrast_low|contrast_low,contrast_low|contrast_low
T013-S2,B,7,gaussian_noise,gaussian_noise,0.14118174150460758,0.9,0.0,gaussian_noise|gaussian_noise,gaussian_noise|gaussian_noise
T013-S2,B,8,brightness_dark,brightness_dark,0.21732201127364886,0.8,0.0,brightness_dark|brightness_dark,brightness_dark|brightness_dark
T013-S2,B,9,brightness_dark,brightness_dark,0.2652949955741215,0.7,0.0,brightness_dark|brightness_dark,brightness_dark|brightness_dark
T013-S2,B,9,contrast_low,contrast_low,0.2652949955741215,0.7,0.0,contrast_low|contrast_low,contrast_low|contrast_low
T013-S2,B,10,clean,clean,0.3556039942733158,0.7,0.0,gaussian_noise|gaussian_noise,gaussian_noise|gaussian_noise
T013-S2,B,10,gaussian_noise,gaussian_noise,0.3556039942733158,0.7,0.0,gaussian_noise|gaussian_noise,gaussian_noise|gaussian_noise
T013-S2,B,11,clean,clean,0.2988548895792612,0.55,0.0,gaussian_noise|gaussian_noise,gaussian_noise|gaussian_noise
T013-S2,B,11,brightness_dark,brightness_dark,0.2988548895792612,0.55,0.0,brightness_dark|brightness_dark,brightness_dark|brightness_dark
T013-S2,B,11,gaussian_noise,gaussian_noise,0.2988548895792612,0.55,0.0,gaussian_noise|gaussian_noise,gaussian_noise|gaussian_noise
T013-S2,B,12,brightness_dark,brightness_dark,0.18358022428449897,0.85,0.0,brightness_dark|brightness_dark,brightness_dark|brightness_dark
T013-S2,B,13,contrast_low,contrast_low,0.3172903635978727,0.75,0.0,contrast_low|contrast_low,contrast_low|contrast_low
T013-S2,B,14,clean,clean,0.08621407475879368,0.95,0.0,gaussian_noise|gaussian_noise,gaussian_noise|gaussian_noise
T013-S2,B,14,gaussian_noise,gaussian_noise,0.08621407475879368,0.95,0.0,gaussian_noise|gaussian_noise,gaussian_noise|gaussian_noise
T013-S2,B,14,gaussian_blur,gaussian_blur,0.08621407475879368,0.95,0.0,gaussian_noise|gaussian_noise,gaussian_noise|gaussian_noise
T013-S2,B,15,brightness_dark,brightness_dark,-0.0,1.0,0.0,brightness_dark|brightness_dark,brightness_dark|brightness_dark
T013-S2,B,15,gaussian_noise,gaussian_noise,-0.0,1.0,0.0,gaussian_noise|gaussian_noise,gaussian_noise|clean
T013-S2,B,16,clean,clean,0.5052456816589913,0.5,0.0,clean|clean,clean|clean
T013-S2,B,16,brightness_dark,brightness_dark,0.5052456816589913,0.5,0.0,brightness_dark|brightness_dark,brightness_dark|brightness_dark
T013-S2,B,16,contrast_low,contrast_low,0.5052456816589913,0.5,0.0,contrast_low|contrast_low,contrast_low|contrast_low
T013-S2,B,16,gaussian_noise,gaussian_noise,0.5052456816589913,0.5,0.0,gaussian_noise|clean,gaussian_noise|clean
T013-S2,B,16,gaussian_blur,gaussian_blur,0.5052456816589913,0.5,0.0,gaussian_blur|gaussian_blur,gaussian_blur|gaussian_blur
T013-S2,B,17,brightness_dark,brightness_dark,0.4023767052555694,0.55,0.0,brightness_dark|brightness_dark,brightness_dark|brightness_dark
T013-S2,B,17,contrast_low,contrast_low,0.4023767052555694,0.55,0.0,contrast_low|contrast_low,contrast_low|contrast_low
T013-S2,B,18,clean,clean,0.29854955310662773,0.75,0.0,gaussian_noise|gaussian_noise,gaussian_noise|gaussian_noise
T013-S2,B,18,brightness_dark,brightness_dark,0.29854955310662773,0.75,0.0,brightness_dark|brightness_dark,brightness_dark|brightness_dark
T013-S2,B,18,gaussian_noise,gaussian_noise,0.29854955310662773,0.75,0.0,gaussian_noise|gaussian_noise,gaussian_noise|gaussian_noise
T013-S2,B,18,gaussian_blur,gaussian_blur,0.29854955310662773,0.75,0.0,gaussian_blur|gaussian_blur,gaussian_noise|gaussian_noise
T013-S2,B,19,clean,clean,0.3172903635978727,0.75,0.0,gaussian_noise|gaussian_noise,gaussian_noise|gaussian_noise
T013-S2,B,19,gaussian_noise,gaussian_noise,0.3172903635978727,0.75,0.0,gaussian_noise|gaussian_noise,gaussian_noise|gaussian_noise
T013-S2,B,20,clean,clean,-0.0,1.0,0.0,clean|clean,clean|clean
T013-S2,B,20,brightness_dark,brightness_dark,-0.0,1.0,0.0,brightness_dark|brightness_dark,brightness_dark|brightness_dark
T013-S2,B,20,gaussian_blur,gaussian_blur,-0.0,1.0,0.0,gaussian_blur|gaussian_blur,gaussian_blur|gaussian_blur
T013-S2,B,21,clean,clean,-0.0,1.0,0.0,gaussian_noise|gaussian_noise,gaussian_noise|brightness_dark
T013-S2,B,21,gaussian_noise,gaussian_noise,-0.0,1.0,0.0,gaussian_noise|gaussian_noise,gaussian_noise|clean
T013-S2,B,22,clean,clean,0.29228525323862886,0.6,0.0,clean|clean,clean|clean
T013-S2,B,22,contrast_low,contrast_low,0.29228525323862886,0.6,0.0,contrast_low|contrast_low,contrast_low|contrast_low
T013-S2,B,22,gaussian_noise,gaussian_noise,0.29228525323862886,0.6,0.0,gaussian_noise|gaussian_noise,gaussian_noise|gaussian_noise
T013-S2,B,22,gaussian_blur,gaussian_blur,0.29228525323862886,0.6,0.0,gaussian_blur|gaussian_blur,gaussian_blur|gaussian_blur
T013-S2,B,23,brightness_dark,brightness_dark,0.5374816209824899,0.5,0.0,brightness_dark|brightness_dark,brightness_dark|brightness_dark
T013-S2,B,23,contrast_low,contrast_low,0.5374816209824899,0.5,0.0,contrast_low|contrast_low,contrast_low|contrast_low
T013-S2,B,23,gaussian_noise,gaussian_noise,0.5374816209824899,0.5,0.0,gaussian_noise|gaussian_noise,gaussian_noise|gaussian_noise
T013-S2,B,24,brightness_dark,brightness_dark,0.26616582133129196,0.8,0.0,brightness_dark|brightness_dark,brightness_dark|brightness_dark
T013-S2,B,25,brightness_dark,brightness_dark,0.43881668341155816,0.45,0.0,brightness_dark|brightness_dark,brightness_dark|brightness_dark
T013-S2,B,25,contrast_low,contrast_low,0.43881668341155816,0.45,0.0,contrast_low|contrast_low,contrast_low|contrast_low
T013-S2,B,26,brightness_dark,brightness_dark,0.08621407475879368,0.95,0.0,brightness_dark|brightness_dark,brightness_dark|brightness_dark
T013-S2,B,26,contrast_low,contrast_low,0.08621407475879368,0.95,0.0,gaussian_blur|gaussian_blur,gaussian_blur|gaussian_blur
T013-S2,B,26,gaussian_blur,gaussian_blur,0.08621407475879368,0.95,0.0,gaussian_blur|gaussian_blur,gaussian_blur|gaussian_blur
T013-S2,B,27,contrast_low,contrast_low,-0.0,1.0,0.0,contrast_low|contrast_low,contrast_low|contrast_low
T013-S2,B,28,brightness_dark,brightness_dark,0.5053986284565879,0.65,0.0,brightness_dark|brightness_dark,brightness_dark|brightness_dark
T013-S2,B,28,gaussian_noise,gaussian_noise,0.5053986284565879,0.65,0.0,gaussian_noise|gaussian_noise,gaussian_noise|gaussian_noise
T013-S2,B,29,contrast_low,contrast_low,-0.0,1.0,0.0,contrast_low|contrast_low,contrast_low|contrast_low
T013-S2,B,31,brightness_dark,brightness_dark,-0.0,1.0,0.0,brightness_dark|brightness_dark,brightness_dark|brightness_dark
T013-S2,B,31,contrast_low,contrast_low,-0.0,1.0,0.0,contrast_low|contrast_low,contrast_low|contrast_low
T013-S2,B,31,gaussian_noise,gaussian_noise,-0.0,1.0,0.0,gaussian_noise|gaussian_noise,gaussian_noise|gaussian_noise
T013-S2,B,32,brightness_dark,brightness_dark,0.6385229941014448,0.35,0.0,brightness_dark|brightness_dark,brightness_dark|brightness_dark
T013-S2,B,32,gaussian_noise,gaussian_noise,0.6385229941014448,0.35,0.0,gaussian_noise|gaussian_noise,gaussian_noise|gaussian_noise
T013-S2,B,33,contrast_low,contrast_low,0.18358022428449897,0.85,0.0,contrast_low|contrast_low,contrast_low|contrast_low
T013-S2,B,33,gaussian_noise,gaussian_noise,0.18358022428449897,0.85,0.0,gaussian_noise|gaussian_noise,gaussian_noise|gaussian_noise
T013-S2,B,34,brightness_dark,brightness_dark,0.3172903635978727,0.75,0.0,brightness_dark|brightness_dark,brightness_dark|brightness_dark
T013-S2,B,34,contrast_low,contrast_low,0.3172903635978727,0.75,0.0,contrast_low|contrast_low,contrast_low|contrast_low
T013-S2,B,34,gaussian_noise,gaussian_noise,0.3172903635978727,0.75,0.0,gaussian_noise|gaussian_noise,gaussian_noise|gaussian_noise
T013-S2,B,35,brightness_dark,brightness_dark,0.2988548895792612,0.55,0.0,brightness_dark|brightness_dark,brightness_dark|brightness_dark
T013-S2,B,35,contrast_low,contrast_low,0.2988548895792612,0.55,0.0,contrast_low|contrast_low,contrast_low|contrast_low
T013-S2,B,35,gaussian_blur,gaussian_blur,0.2988548895792612,0.55,0.0,gaussian_blur|gaussian_blur,gaussian_blur|gaussian_blur
T013-S2,B,36,brightness_dark,brightness_dark,0.4385343715564183,0.7,0.0,brightness_dark|brightness_dark,brightness_dark|brightness_dark
T013-S2,B,36,contrast_low,contrast_low,0.4385343715564183,0.7,0.0,contrast_low|contrast_low,contrast_low|contrast_low
T013-S2,B,38,clean,clean,-0.0,1.0,0.0,gaussian_noise|clean,gaussian_noise|gaussian_noise
T013-S2,B,38,brightness_dark,brightness_dark,-0.0,1.0,0.0,brightness_dark|brightness_dark,brightness_dark|brightness_dark
T013-S2,B,38,contrast_low,contrast_low,-0.0,1.0,0.0,contrast_low|contrast_low,contrast_low|contrast_low
T013-S2,B,38,gaussian_noise,gaussian_noise,-0.0,1.0,0.0,gaussian_noise|gaussian_noise,gaussian_noise|gaussian_noise
T013-S2,B,38,gaussian_blur,gaussian_blur,-0.0,1.0,0.0,gaussian_blur|gaussian_blur,clean|clean
T013-S2,B,39,clean,clean,-0.0,1.0,0.0,gaussian_noise|gaussian_noise,gaussian_noise|gaussian_noise
T013-S2,B,39,gaussian_noise,gaussian_noise,-0.0,1.0,0.0,gaussian_noise|gaussian_noise,gaussian_noise|gaussian_noise
T013-S2,B,39,gaussian_blur,gaussian_blur,-0.0,1.0,0.0,gaussian_noise|gaussian_noise,gaussian_noise|gaussian_noise
T013-S2,B,40,clean,clean,-0.0,1.0,0.0,clean|gaussian_blur,clean|gaussian_noise
T013-S2,B,40,contrast_low,contrast_low,-0.0,1.0,0.0,contrast_low|contrast_low,clean|clean
T013-S2,B,40,gaussian_noise,gaussian_noise,-0.0,1.0,0.0,clean|clean,clean|clean
T013-S2,B,41,contrast_low,contrast_low,0.34739336316427083,0.75,0.0,contrast_low|contrast_low,contrast_low|contrast_low
T013-S2,B,41,gaussian_noise,gaussian_noise,0.34739336316427083,0.75,0.0,gaussian_noise|gaussian_noise,gaussian_noise|gaussian_noise
T013-S2,B,42,contrast_low,contrast_low,0.4023767052555694,0.55,0.0,contrast_low|contrast_low,contrast_low|contrast_low
T013-S2,B,42,gaussian_noise,gaussian_noise,0.4023767052555694,0.55,0.0,gaussian_noise|gaussian_noise,gaussian_noise|gaussian_noise
T013-S2,B,42,gaussian_blur,gaussian_blur,0.4023767052555694,0.55,0.0,gaussian_blur|gaussian_blur,gaussian_blur|gaussian_blur
T013-S2,B,43,clean,clean,0.29228525323862886,0.6,0.0,gaussian_noise|gaussian_noise,gaussian_noise|gaussian_noise
T013-S2,B,43,brightness_dark,brightness_dark,0.29228525323862886,0.6,0.0,brightness_dark|brightness_dark,brightness_dark|brightness_dark
T013-S2,B,43,gaussian_noise,gaussian_noise,0.29228525323862886,0.6,0.0,gaussian_noise|gaussian_noise,gaussian_noise|gaussian_noise
T013-S2,B,44,brightness_dark,brightness_dark,0.3670280240301799,0.55,0.0,brightness_dark|brightness_dark,brightness_dark|brightness_dark
T013-S2,B,44,contrast_low,contrast_low,0.3670280240301799,0.55,0.0,contrast_low|contrast_low,contrast_low|contrast_low
T013-S2,B,44,gaussian_noise,gaussian_noise,0.3670280240301799,0.55,0.0,gaussian_noise|gaussian_noise,gaussian_noise|gaussian_noise
T013-S2,B,45,gaussian_noise,gaussian_noise,0.3076310099728432,0.8,0.0,gaussian_noise|gaussian_noise,gaussian_noise|gaussian_noise
T013-S2,B,46,brightness_dark,brightness_dark,0.1712847410710057,0.9,0.0,brightness_dark|brightness_dark,brightness_dark|brightness_dark
T013-S2,B,47,clean,clean,0.5660814954471801,0.5,0.0,clean|clean,gaussian_noise|clean
T013-S2,B,47,brightness_dark,brightness_dark,0.5660814954471801,0.5,0.0,brightness_dark|brightness_dark,brightness_dark|brightness_dark
T013-S2,B,47,contrast_low,contrast_low,0.5660814954471801,0.5,0.0,contrast_low|contrast_low,contrast_low|contrast_low
T013-S2,B,47,gaussian_noise,gaussian_noise,0.5660814954471801,0.5,0.0,gaussian_noise|gaussian_noise,gaussian_noise|gaussian_noise
T013-S2,B,47,gaussian_blur,gaussian_blur,0.5660814954471801,0.5,0.0,gaussian_blur|gaussian_blur,gaussian_blur|gaussian_blur
T013-S2,B,48,brightness_dark,brightness_dark,0.4072105587434522,0.6,0.0,brightness_dark|brightness_dark,brightness_dark|brightness_dark
T013-S2,B,49,contrast_low,contrast_low,0.18358022428449897,0.85,0.0,contrast_low|contrast_low,contrast_low|contrast_low
T013-S2,B,49,gaussian_noise,gaussian_noise,0.18358022428449897,0.85,0.0,gaussian_noise|gaussian_noise,gaussian_noise|gaussian_noise
T013-S2,B,50,clean,clean,0.2442190502882155,0.75,0.0,gaussian_noise|gaussian_noise,gaussian_noise|gaussian_noise
T013-S2,B,50,gaussian_noise,gaussian_noise,0.2442190502882155,0.75,0.0,gaussian_noise|gaussian_noise,gaussian_noise|gaussian_noise
T013-S2,B,51,clean,clean,0.1712847410710057,0.9,0.0,clean|gaussian_blur,brightness_dark|brightness_dark
T013-S2,B,51,brightness_dark,brightness_dark,0.1712847410710057,0.9,0.0,brightness_dark|brightness_dark,contrast_low|contrast_low
T013-S2,B,51,contrast_low,contrast_low,0.1712847410710057,0.9,0.0,contrast_low|contrast_low,brightness_dark|brightness_dark
T013-S2,B,51,gaussian_noise,gaussian_noise,0.1712847410710057,0.9,0.0,clean|clean,gaussian_noise|gaussian_noise
T013-S2,B,51,gaussian_blur,gaussian_blur,0.1712847410710057,0.9,0.0,gaussian_blur|gaussian_blur,brightness_dark|brightness_dark
T013-S2,B,52,gaussian_noise,gaussian_noise,0.14118174150460758,0.9,0.0,gaussian_noise|gaussian_noise,gaussian_noise|gaussian_noise
T013-S2,B,52,gaussian_blur,gaussian_blur,0.14118174150460758,0.9,0.0,gaussian_noise|gaussian_noise,gaussian_noise|gaussian_noise
T013-S2,B,53,brightness_dark,brightness_dark,0.2652949955741215,0.7,0.0,brightness_dark|brightness_dark,brightness_dark|brightness_dark
T013-S2,B,53,contrast_low,contrast_low,0.2652949955741215,0.7,0.0,contrast_low|contrast_low,contrast_low|contrast_low
T013-S2,B,54,brightness_dark,brightness_dark,0.26616582133129196,0.8,0.0,brightness_dark|brightness_dark,brightness_dark|brightness_dark
T013-S2,B,55,brightness_dark,brightness_dark,0.08621407475879368,0.95,0.0,brightness_dark|brightness_dark,brightness_dark|brightness_dark
T013-S2,B,55,contrast_low,contrast_low,0.08621407475879368,0.95,0.0,contrast_low|contrast_low,contrast_low|contrast_low
T013-S2,B,55,gaussian_noise,gaussian_noise,0.08621407475879368,0.95,0.0,gaussian_noise|gaussian_noise,gaussian_noise|gaussian_noise
T013-S2,B,56,clean,clean,0.4802818720531094,0.6,0.0,clean|clean,clean|clean
T013-S2,B,56,brightness_dark,brightness_dark,0.4802818720531094,0.6,0.0,brightness_dark|brightness_dark,brightness_dark|brightness_dark
T013-S2,B,56,gaussian_blur,gaussian_blur,0.4802818720531094,0.6,0.0,gaussian_blur|gaussian_blur,gaussian_blur|gaussian_blur
T013-S2,B,57,contrast_low,contrast_low,0.5779694921683955,0.45,0.0,contrast_low|contrast_low,contrast_low|contrast_low
T013-S2,B,58,clean,clean,0.14118174150460758,0.9,0.0,gaussian_blur|gaussian_blur,gaussian_noise|gaussian_noise
T013-S2,B,58,brightness_dark,brightness_dark,0.14118174150460758,0.9,0.0,brightness_dark|brightness_dark,brightness_dark|brightness_dark
T013-S2,B,58,gaussian_noise,gaussian_noise,0.14118174150460758,0.9,0.0,clean|clean,gaussian_noise|gaussian_noise
T013-S2,B,58,gaussian_blur,gaussian_blur,0.14118174150460758,0.9,0.0,contrast_low|contrast_low,brightness_dark|gaussian_noise
T013-S2,B,59,brightness_dark,brightness_dark,0.6145365019512083,0.4,0.0,brightness_dark|brightness_dark,brightness_dark|brightness_dark
T013-S2,B,59,contrast_low,contrast_low,0.6145365019512083,0.4,0.0,contrast_low|contrast_low,contrast_low|contrast_low
T013-S2,B,59,gaussian_noise,gaussian_noise,0.6145365019512083,0.4,0.0,clean|clean,clean|clean
T013-S2,B,60,clean,clean,-0.0,1.0,0.0,gaussian_noise|gaussian_noise,gaussian_noise|gaussian_noise
T013-S2,B,60,brightness_dark,brightness_dark,-0.0,1.0,0.0,brightness_dark|brightness_dark,brightness_dark|brightness_dark
T013-S2,B,60,gaussian_noise,gaussian_noise,-0.0,1.0,0.0,gaussian_noise|gaussian_noise,gaussian_noise|gaussian_noise
T013-S2,B,61,brightness_dark,brightness_dark,0.358755552239424,0.75,0.0,brightness_dark|brightness_dark,brightness_dark|brightness_dark
T013-S2,B,62,brightness_dark,brightness_dark,0.5878285561418409,0.3,0.0,brightness_dark|brightness_dark,brightness_dark|brightness_dark
T013-S2,B,63,clean,clean,0.37162086641628495,0.5,0.0,clean|clean,clean|clean
T013-S2,B,63,brightness_dark,brightness_dark,0.37162086641628495,0.5,0.0,brightness_dark|brightness_dark,brightness_dark|brightness_dark
T013-S2,B,63,gaussian_noise,gaussian_noise,0.37162086641628495,0.5,0.0,gaussian_noise|gaussian_noise,gaussian_noise|gaussian_noise
T013-S2,B,63,gaussian_blur,gaussian_blur,0.37162086641628495,0.5,0.0,gaussian_blur|gaussian_blur,gaussian_blur|gaussian_blur
T013-S2,B,64,brightness_dark,brightness_dark,0.4385343715564183,0.7,0.0,brightness_dark|brightness_dark,brightness_dark|brightness_dark
T013-S2,B,64,contrast_low,contrast_low,0.4385343715564183,0.7,0.0,contrast_low|contrast_low,contrast_low|contrast_low
T013-S2,B,65,brightness_dark,brightness_dark,-0.0,1.0,0.0,brightness_dark|brightness_dark,brightness_dark|brightness_dark
T013-S2,B,66,brightness_dark,brightness_dark,0.1712847410710057,0.9,0.0,brightness_dark|brightness_dark,brightness_dark|brightness_dark
T013-S2,B,66,contrast_low,contrast_low,0.1712847410710057,0.9,0.0,contrast_low|contrast_low,contrast_low|contrast_low
T013-S2,B,67,brightness_dark,brightness_dark,0.5362838323534155,0.55,0.0,brightness_dark|brightness_dark,brightness_dark|brightness_dark
T013-S2,B,67,contrast_low,contrast_low,0.5362838323534155,0.55,0.0,contrast_low|contrast_low,contrast_low|contrast_low
T013-S2,B,68,contrast_low,contrast_low,0.45542455414570265,0.45,0.0,contrast_low|contrast_low,contrast_low|contrast_low
T013-S2,B,69,brightness_dark,brightness_dark,0.3239978696052099,0.7,0.0,brightness_dark|brightness_dark,brightness_dark|brightness_dark
T013-S2,B,70,brightness_dark,brightness_dark,0.21732201127364886,0.8,0.0,brightness_dark|brightness_dark,brightness_dark|brightness_dark
T013-S2,B,70,contrast_low,contrast_low,0.21732201127364886,0.8,0.0,contrast_low|contrast_low,contrast_low|contrast_low
T013-S2,B,70,gaussian_noise,gaussian_noise,0.21732201127364886,0.8,0.0,gaussian_noise|gaussian_noise,gaussian_noise|gaussian_noise
T013-S2,B,71,brightness_dark,brightness_dark,0.3172903635978727,0.75,0.0,brightness_dark|brightness_dark,brightness_dark|brightness_dark
T013-S2,B,72,brightness_dark,brightness_dark,0.46343299021718715,0.45,0.0,brightness_dark|brightness_dark,brightness_dark|brightness_dark
T013-S2,B,73,brightness_dark,brightness_dark,0.4023767052555694,0.55,0.0,brightness_dark|brightness_dark,brightness_dark|brightness_dark
T013-S2,B,74,clean,clean,-0.0,1.0,0.0,clean|clean,clean|clean
T013-S2,B,74,brightness_dark,brightness_dark,-0.0,1.0,0.0,brightness_dark|brightness_dark,brightness_dark|brightness_dark
T013-S2,B,75,contrast_low,contrast_low,0.44717262228329563,0.5,0.0,contrast_low|contrast_low,contrast_low|contrast_low
T013-S2,B,76,brightness_dark,brightness_dark,0.37162086641628495,0.5,0.0,brightness_dark|brightness_dark,brightness_dark|brightness_dark
T013-S2,B,76,contrast_low,contrast_low,0.37162086641628495,0.5,0.0,contrast_low|contrast_low,contrast_low|contrast_low
T013-S2,B,76,gaussian_blur,gaussian_blur,0.37162086641628495,0.5,0.0,gaussian_blur|gaussian_blur,gaussian_blur|gaussian_blur
T013-S2,B,77,clean,clean,0.29228525323862886,0.6,0.0,gaussian_noise|gaussian_noise,gaussian_noise|gaussian_noise
T013-S2,B,77,gaussian_noise,gaussian_noise,0.29228525323862886,0.6,0.0,gaussian_noise|gaussian_noise,gaussian_noise|gaussian_noise
T013-S2,B,78,brightness_dark,brightness_dark,0.29854955310662773,0.75,0.0,brightness_dark|brightness_dark,brightness_dark|brightness_dark
T013-S2,B,79,clean,clean,0.26616582133129196,0.8,0.0,gaussian_noise|gaussian_noise,gaussian_noise|gaussian_noise
T013-S2,B,79,gaussian_noise,gaussian_noise,0.26616582133129196,0.8,0.0,gaussian_noise|gaussian_noise,gaussian_noise|gaussian_noise
T013-S2,B,80,clean,clean,0.14118174150460758,0.9,0.0,clean|clean,clean|clean
T013-S2,B,80,brightness_dark,brightness_dark,0.14118174150460758,0.9,0.0,brightness_dark|brightness_dark,brightness_dark|brightness_dark
T013-S2,B,80,gaussian_blur,gaussian_blur,0.14118174150460758,0.9,0.0,gaussian_blur|gaussian_blur,gaussian_blur|gaussian_blur
T013-S2,B,81,brightness_dark,brightness_dark,0.08621407475879368,0.95,0.0,brightness_dark|brightness_dark,brightness_dark|brightness_dark
T013-S2,B,82,brightness_dark,brightness_dark,0.08621407475879368,0.95,0.0,brightness_dark|brightness_dark,brightness_dark|brightness_dark
T013-S2,B,83,clean,clean,0.26616582133129196,0.8,0.0,gaussian_noise|gaussian_noise,gaussian_noise|gaussian_noise
T013-S2,B,83,brightness_dark,brightness_dark,0.26616582133129196,0.8,0.0,brightness_dark|brightness_dark,brightness_dark|brightness_dark
T013-S2,B,83,contrast_low,contrast_low,0.26616582133129196,0.8,0.0,contrast_low|contrast_low,contrast_low|contrast_low
T013-S2,B,83,gaussian_noise,gaussian_noise,0.26616582133129196,0.8,0.0,gaussian_noise|gaussian_noise,gaussian_noise|gaussian_noise
T013-S2,B,84,clean,clean,0.45542455414570265,0.45,0.0,gaussian_noise|gaussian_noise,gaussian_noise|gaussian_noise
T013-S2,B,84,gaussian_noise,gaussian_noise,0.45542455414570265,0.45,0.0,gaussian_noise|gaussian_noise,gaussian_noise|gaussian_noise
T013-S2,B,85,brightness_dark,brightness_dark,0.2811825026595474,0.65,0.0,brightness_dark|brightness_dark,brightness_dark|brightness_dark
T013-S2,B,88,clean,clean,0.4802818720531094,0.6,0.0,clean|clean,clean|clean
T013-S2,B,88,brightness_dark,brightness_dark,0.4802818720531094,0.6,0.0,brightness_dark|brightness_dark,brightness_dark|brightness_dark
T013-S2,B,88,gaussian_blur,gaussian_blur,0.4802818720531094,0.6,0.0,gaussian_blur|gaussian_blur,gaussian_blur|gaussian_blur
T013-S2,B,89,brightness_dark,brightness_dark,0.2652949955741215,0.7,0.0,brightness_dark|brightness_dark,brightness_dark|brightness_dark
T013-S2,B,90,brightness_dark,brightness_dark,0.5365043035268443,0.45,0.0,brightness_dark|brightness_dark,brightness_dark|brightness_dark
T013-S2,B,91,brightness_dark,brightness_dark,0.22504541292605024,0.85,0.0,brightness_dark|brightness_dark,brightness_dark|brightness_dark
T013-S2,B,92,clean,clean,0.3239978696052098,0.7,0.0,gaussian_blur|gaussian_blur,gaussian_blur|gaussian_blur
T013-S2,B,92,contrast_low,contrast_low,0.3239978696052098,0.7,0.0,contrast_low|contrast_low,contrast_low|contrast_low
T013-S2,B,92,gaussian_blur,gaussian_blur,0.3239978696052098,0.7,0.0,contrast_low|contrast_low,contrast_low|contrast_low
T013-S2,B,93,brightness_dark,brightness_dark,-0.0,1.0,0.0,brightness_dark|brightness_dark,brightness_dark|brightness_dark
T013-S2,B,94,brightness_dark,brightness_dark,0.08621407475879368,0.95,0.0,brightness_dark|brightness_dark,brightness_dark|brightness_dark
T013-S2,B,95,contrast_low,contrast_low,0.29854955310662773,0.75,0.0,contrast_low|contrast_low,contrast_low|contrast_low
T013-S2,B,95,gaussian_blur,gaussian_blur,0.29854955310662773,0.75,0.0,contrast_low|contrast_low,contrast_low|contrast_low
T013-S2,B,96,brightness_dark,brightness_dark,0.08621407475879368,0.95,0.0,brightness_dark|brightness_dark,brightness_dark|brightness_dark
T013-S2,B,97,clean,clean,0.29854955310662773,0.75,0.0,gaussian_noise|gaussian_noise,gaussian_noise|gaussian_noise
T013-S2,B,97,gaussian_noise,gaussian_noise,0.29854955310662773,0.75,0.0,gaussian_noise|gaussian_noise,gaussian_noise|gaussian_noise
T013-S2,B,98,brightness_dark,brightness_dark,0.34822537285722394,0.7,0.0,brightness_dark|brightness_dark,brightness_dark|brightness_dark
T013-S2,B,99,brightness_dark,brightness_dark,0.6814913078447037,0.35,0.0,brightness_dark|brightness_dark,brightness_dark|brightness_dark
T013-S3,A,0,brightness_dark,brightness_dark,0.22504541292605024,0.85,0.0,brightness_dark|brightness_dark,brightness_dark|brightness_dark
T013-S3,A,0,contrast_low,contrast_low,0.22504541292605024,0.85,0.0,contrast_low|contrast_low,contrast_low|contrast_low
T013-S3,A,1,brightness_dark,brightness_dark,0.18358022428449897,0.85,0.0,brightness_dark|brightness_dark,brightness_dark|brightness_dark
T013-S3,A,1,contrast_low,contrast_low,0.18358022428449897,0.85,0.0,contrast_low|contrast_low,contrast_low|contrast_low
T013-S3,A,2,gaussian_noise,gaussian_noise,0.1712847410710057,0.9,0.0,clean|clean,gaussian_noise|gaussian_noise
T013-S3,A,3,clean,clean,-0.0,1.0,0.0,gaussian_noise|gaussian_noise,gaussian_noise|gaussian_noise
T013-S3,A,3,brightness_dark,brightness_dark,-0.0,1.0,0.0,brightness_dark|brightness_dark,brightness_dark|brightness_dark
T013-S3,A,3,gaussian_noise,gaussian_noise,-0.0,1.0,0.0,gaussian_noise|gaussian_noise,gaussian_noise|gaussian_noise
T013-S3,A,4,brightness_dark,brightness_dark,0.3670280240301799,0.55,0.0,brightness_dark|brightness_dark,brightness_dark|brightness_dark
T013-S3,A,5,clean,clean,0.3849866301909954,0.65,0.0,gaussian_noise|gaussian_noise,gaussian_noise|gaussian_noise
T013-S3,A,5,brightness_dark,brightness_dark,0.3849866301909954,0.65,0.0,brightness_dark|brightness_dark,brightness_dark|brightness_dark
T013-S3,A,5,gaussian_noise,gaussian_noise,0.3849866301909954,0.65,0.0,gaussian_noise|gaussian_noise,gaussian_noise|gaussian_noise
T013-S3,A,6,clean,clean,0.37162086641628495,0.5,0.0,clean|clean,clean|clean
T013-S3,A,6,brightness_dark,brightness_dark,0.37162086641628495,0.5,0.0,brightness_dark|brightness_dark,brightness_dark|brightness_dark
T013-S3,A,6,contrast_low,contrast_low,0.37162086641628495,0.5,0.0,contrast_low|contrast_low,contrast_low|contrast_low
T013-S3,A,6,gaussian_blur,gaussian_blur,0.37162086641628495,0.5,0.0,gaussian_blur|gaussian_blur,gaussian_blur|gaussian_blur
T013-S3,A,7,contrast_low,contrast_low,0.14118174150460758,0.9,0.0,contrast_low|contrast_low,contrast_low|contrast_low
T013-S3,A,7,gaussian_noise,gaussian_noise,0.14118174150460758,0.9,0.0,gaussian_noise|gaussian_noise,gaussian_noise|gaussian_noise
T013-S3,A,8,brightness_dark,brightness_dark,0.21732201127364886,0.8,0.0,brightness_dark|brightness_dark,brightness_dark|brightness_dark
T013-S3,A,9,brightness_dark,brightness_dark,0.2652949955741215,0.7,0.0,brightness_dark|brightness_dark,brightness_dark|brightness_dark
T013-S3,A,9,contrast_low,contrast_low,0.2652949955741215,0.7,0.0,contrast_low|contrast_low,contrast_low|contrast_low
T013-S3,A,10,clean,clean,0.3556039942733158,0.7,0.0,gaussian_noise|gaussian_noise,gaussian_noise|gaussian_noise
T013-S3,A,10,gaussian_noise,gaussian_noise,0.3556039942733158,0.7,0.0,gaussian_noise|gaussian_noise,gaussian_noise|gaussian_noise
T013-S3,A,11,clean,clean,0.2988548895792612,0.55,0.0,gaussian_noise|gaussian_noise,gaussian_noise|gaussian_noise
T013-S3,A,11,brightness_dark,brightness_dark,0.2988548895792612,0.55,0.0,brightness_dark|brightness_dark,brightness_dark|brightness_dark
T013-S3,A,11,gaussian_noise,gaussian_noise,0.2988548895792612,0.55,0.0,gaussian_noise|gaussian_noise,gaussian_noise|gaussian_noise
T013-S3,A,12,brightness_dark,brightness_dark,0.18358022428449897,0.85,0.0,brightness_dark|brightness_dark,brightness_dark|brightness_dark
T013-S3,A,13,contrast_low,contrast_low,0.3172903635978727,0.75,0.0,contrast_low|contrast_low,contrast_low|contrast_low
T013-S3,A,13,gaussian_blur,gaussian_blur,0.3172903635978727,0.75,0.0,contrast_low|contrast_low,contrast_low|contrast_low
T013-S3,A,14,clean,clean,0.08621407475879368,0.95,0.0,gaussian_noise|gaussian_noise,gaussian_noise|gaussian_noise
T013-S3,A,14,gaussian_noise,gaussian_noise,0.08621407475879368,0.95,0.0,gaussian_noise|gaussian_noise,gaussian_noise|gaussian_noise
T013-S3,A,15,brightness_dark,brightness_dark,-0.0,1.0,0.0,brightness_dark|brightness_dark,brightness_dark|clean
T013-S3,A,15,gaussian_noise,gaussian_noise,-0.0,1.0,0.0,gaussian_noise|gaussian_noise,gaussian_noise|gaussian_noise
T013-S3,A,16,clean,clean,0.5052456816589913,0.5,0.0,clean|clean,clean|clean
T013-S3,A,16,brightness_dark,brightness_dark,0.5052456816589913,0.5,0.0,brightness_dark|brightness_dark,brightness_dark|brightness_dark
T013-S3,A,16,contrast_low,contrast_low,0.5052456816589913,0.5,0.0,contrast_low|contrast_low,contrast_low|contrast_low
T013-S3,A,16,gaussian_noise,gaussian_noise,0.5052456816589913,0.5,0.0,gaussian_noise|gaussian_noise,gaussian_noise|gaussian_noise
T013-S3,A,16,gaussian_blur,gaussian_blur,0.5052456816589913,0.5,0.0,gaussian_blur|gaussian_blur,gaussian_blur|gaussian_blur
T013-S3,A,17,brightness_dark,brightness_dark,0.4023767052555694,0.55,0.0,brightness_dark|brightness_dark,brightness_dark|brightness_dark
T013-S3,A,17,contrast_low,contrast_low,0.4023767052555694,0.55,0.0,contrast_low|contrast_low,contrast_low|contrast_low
T013-S3,A,18,clean,clean,0.29854955310662773,0.75,0.0,gaussian_noise|gaussian_noise,gaussian_noise|gaussian_noise
T013-S3,A,18,brightness_dark,brightness_dark,0.29854955310662773,0.75,0.0,brightness_dark|brightness_dark,brightness_dark|brightness_dark
T013-S3,A,18,contrast_low,contrast_low,0.29854955310662773,0.75,0.0,contrast_low|contrast_low,brightness_dark|brightness_dark
T013-S3,A,18,gaussian_noise,gaussian_noise,0.29854955310662773,0.75,0.0,gaussian_noise|gaussian_noise,gaussian_noise|gaussian_noise
T013-S3,A,18,gaussian_blur,gaussian_blur,0.29854955310662773,0.75,0.0,gaussian_blur|gaussian_blur,gaussian_noise|gaussian_noise
T013-S3,A,19,clean,clean,0.3172903635978727,0.75,0.0,gaussian_noise|gaussian_noise,gaussian_noise|gaussian_noise
T013-S3,A,19,gaussian_noise,gaussian_noise,0.3172903635978727,0.75,0.0,gaussian_noise|gaussian_noise,gaussian_noise|gaussian_noise
T013-S3,A,20,clean,clean,-0.0,1.0,0.0,clean|clean,clean|clean
T013-S3,A,20,brightness_dark,brightness_dark,-0.0,1.0,0.0,brightness_dark|brightness_dark,brightness_dark|brightness_dark
T013-S3,A,20,gaussian_blur,gaussian_blur,-0.0,1.0,0.0,gaussian_blur|gaussian_blur,gaussian_blur|gaussian_blur
T013-S3,A,21,gaussian_noise,gaussian_noise,-0.0,1.0,0.0,gaussian_noise|gaussian_noise,gaussian_noise|gaussian_noise
T013-S3,A,22,contrast_low,contrast_low,0.29228525323862886,0.6,0.0,contrast_low|contrast_low,contrast_low|contrast_low
T013-S3,A,22,gaussian_noise,gaussian_noise,0.29228525323862886,0.6,0.0,gaussian_noise|gaussian_noise,gaussian_noise|gaussian_noise
T013-S3,A,22,gaussian_blur,gaussian_blur,0.29228525323862886,0.6,0.0,gaussian_blur|gaussian_blur,gaussian_blur|gaussian_blur
T013-S3,A,23,brightness_dark,brightness_dark,0.5374816209824899,0.5,0.0,brightness_dark|brightness_dark,brightness_dark|brightness_dark
T013-S3,A,23,contrast_low,contrast_low,0.5374816209824899,0.5,0.0,contrast_low|contrast_low,contrast_low|contrast_low
T013-S3,A,23,gaussian_noise,gaussian_noise,0.5374816209824899,0.5,0.0,gaussian_noise|gaussian_noise,gaussian_noise|gaussian_noise
T013-S3,A,24,brightness_dark,brightness_dark,0.26616582133129196,0.8,0.0,brightness_dark|brightness_dark,brightness_dark|brightness_dark
T013-S3,A,25,brightness_dark,brightness_dark,0.43881668341155816,0.45,0.0,brightness_dark|brightness_dark,brightness_dark|brightness_dark
T013-S3,A,25,contrast_low,contrast_low,0.43881668341155816,0.45,0.0,contrast_low|contrast_low,contrast_low|contrast_low
T013-S3,A,26,brightness_dark,brightness_dark,0.08621407475879368,0.95,0.0,brightness_dark|brightness_dark,brightness_dark|brightness_dark
T013-S3,A,27,contrast_low,contrast_low,-0.0,1.0,0.0,contrast_low|contrast_low,contrast_low|contrast_low
T013-S3,A,28,contrast_low,contrast_low,0.5053986284565879,0.65,0.0,contrast_low|contrast_low,contrast_low|contrast_low
T013-S3,A,28,gaussian_noise,gaussian_noise,0.5053986284565879,0.65,0.0,gaussian_noise|gaussian_noise,gaussian_noise|gaussian_noise
T013-S3,A,29,contrast_low,contrast_low,-0.0,1.0,0.0,contrast_low|contrast_low,contrast_low|contrast_low
T013-S3,A,31,brightness_dark,brightness_dark,-0.0,1.0,0.0,brightness_dark|brightness_dark,brightness_dark|brightness_dark
T013-S3,A,31,contrast_low,contrast_low,-0.0,1.0,0.0,contrast_low|contrast_low,contrast_low|contrast_low
T013-S3,A,31,gaussian_noise,gaussian_noise,-0.0,1.0,0.0,gaussian_noise|gaussian_noise,gaussian_noise|gaussian_noise
T013-S3,A,32,clean,clean,0.6385229941014448,0.35,0.0,gaussian_noise|gaussian_noise,gaussian_noise|gaussian_noise
T013-S3,A,32,brightness_dark,brightness_dark,0.6385229941014448,0.35,0.0,brightness_dark|brightness_dark,brightness_dark|brightness_dark
T013-S3,A,32,gaussian_noise,gaussian_noise,0.6385229941014448,0.35,0.0,gaussian_noise|gaussian_noise,gaussian_noise|gaussian_noise
T013-S3,A,33,contrast_low,contrast_low,0.18358022428449897,0.85,0.0,contrast_low|contrast_low,contrast_low|contrast_low
T013-S3,A,33,gaussian_noise,gaussian_noise,0.18358022428449897,0.85,0.0,gaussian_noise|gaussian_noise,gaussian_noise|gaussian_noise
T013-S3,A,34,clean,clean,0.3172903635978727,0.75,0.0,gaussian_noise|gaussian_noise,gaussian_noise|gaussian_noise
T013-S3,A,34,contrast_low,contrast_low,0.3172903635978727,0.75,0.0,contrast_low|contrast_low,contrast_low|contrast_low
T013-S3,A,34,gaussian_noise,gaussian_noise,0.3172903635978727,0.75,0.0,gaussian_noise|gaussian_noise,gaussian_noise|gaussian_noise
T013-S3,A,35,brightness_dark,brightness_dark,0.2988548895792612,0.55,0.0,brightness_dark|brightness_dark,brightness_dark|brightness_dark
T013-S3,A,35,contrast_low,contrast_low,0.2988548895792612,0.55,0.0,contrast_low|contrast_low,contrast_low|contrast_low
T013-S3,A,35,gaussian_noise,gaussian_noise,0.2988548895792612,0.55,0.0,clean|clean,clean|clean
T013-S3,A,36,brightness_dark,brightness_dark,0.4385343715564183,0.7,0.0,brightness_dark|brightness_dark,brightness_dark|brightness_dark
T013-S3,A,36,contrast_low,contrast_low,0.4385343715564183,0.7,0.0,contrast_low|contrast_low,contrast_low|contrast_low
T013-S3,A,37,gaussian_noise,gaussian_noise,0.34352144154944414,0.65,0.0,gaussian_noise|gaussian_noise,gaussian_noise|gaussian_noise
T013-S3,A,38,brightness_dark,brightness_dark,-0.0,1.0,0.0,brightness_dark|brightness_dark,brightness_dark|brightness_dark
T013-S3,A,38,contrast_low,contrast_low,-0.0,1.0,0.0,contrast_low|contrast_low,contrast_low|contrast_low
T013-S3,A,38,gaussian_noise,gaussian_noise,-0.0,1.0,0.0,gaussian_noise|gaussian_noise,gaussian_noise|gaussian_noise
T013-S3,A,38,gaussian_blur,gaussian_blur,-0.0,1.0,0.0,gaussian_blur|gaussian_blur,clean|clean
T013-S3,A,39,clean,clean,-0.0,1.0,0.0,gaussian_noise|gaussian_noise,gaussian_noise|gaussian_noise
T013-S3,A,39,gaussian_noise,gaussian_noise,-0.0,1.0,0.0,gaussian_noise|gaussian_noise,gaussian_noise|gaussian_noise
T013-S3,A,40,gaussian_noise,gaussian_noise,-0.0,1.0,0.0,clean|clean,clean|clean
T013-S3,A,41,contrast_low,contrast_low,0.34739336316427083,0.75,0.0,contrast_low|contrast_low,contrast_low|contrast_low
T013-S3,A,41,gaussian_noise,gaussian_noise,0.34739336316427083,0.75,0.0,gaussian_noise|gaussian_noise,gaussian_noise|gaussian_noise
T013-S3,A,42,contrast_low,contrast_low,0.4023767052555694,0.55,0.0,contrast_low|contrast_low,contrast_low|contrast_low
T013-S3,A,42,gaussian_noise,gaussian_noise,0.4023767052555694,0.55,0.0,gaussian_noise|gaussian_noise,gaussian_noise|gaussian_noise
T013-S3,A,42,gaussian_blur,gaussian_blur,0.4023767052555694,0.55,0.0,gaussian_blur|gaussian_blur,gaussian_blur|gaussian_blur
T013-S3,A,43,clean,clean,0.29228525323862886,0.6,0.0,gaussian_noise|gaussian_noise,gaussian_noise|gaussian_noise
T013-S3,A,43,brightness_dark,brightness_dark,0.29228525323862886,0.6,0.0,brightness_dark|brightness_dark,brightness_dark|brightness_dark
T013-S3,A,43,gaussian_noise,gaussian_noise,0.29228525323862886,0.6,0.0,gaussian_noise|gaussian_noise,gaussian_noise|gaussian_noise
T013-S3,A,44,brightness_dark,brightness_dark,0.3670280240301799,0.55,0.0,brightness_dark|brightness_dark,brightness_dark|brightness_dark
T013-S3,A,44,contrast_low,contrast_low,0.3670280240301799,0.55,0.0,contrast_low|contrast_low,contrast_low|contrast_low
T013-S3,A,44,gaussian_noise,gaussian_noise,0.3670280240301799,0.55,0.0,gaussian_noise|gaussian_noise,gaussian_noise|gaussian_noise
T013-S3,A,45,gaussian_noise,gaussian_noise,0.3076310099728432,0.8,0.0,gaussian_noise|gaussian_noise,gaussian_noise|gaussian_noise
T013-S3,A,46,brightness_dark,brightness_dark,0.1712847410710057,0.9,0.0,brightness_dark|brightness_dark,brightness_dark|brightness_dark
T013-S3,A,47,clean,clean,0.5660814954471801,0.5,0.0,clean|clean,gaussian_noise|gaussian_noise
T013-S3,A,47,brightness_dark,brightness_dark,0.5660814954471801,0.5,0.0,brightness_dark|brightness_dark,brightness_dark|brightness_dark
T013-S3,A,47,contrast_low,contrast_low,0.5660814954471801,0.5,0.0,contrast_low|contrast_low,contrast_low|contrast_low
T013-S3,A,47,gaussian_noise,gaussian_noise,0.5660814954471801,0.5,0.0,gaussian_noise|gaussian_noise,gaussian_noise|gaussian_noise
T013-S3,A,47,gaussian_blur,gaussian_blur,0.5660814954471801,0.5,0.0,gaussian_blur|gaussian_blur,gaussian_blur|gaussian_blur
T013-S3,A,48,brightness_dark,brightness_dark,0.4072105587434522,0.6,0.0,brightness_dark|brightness_dark,brightness_dark|brightness_dark
T013-S3,A,49,contrast_low,contrast_low,0.18358022428449897,0.85,0.0,contrast_low|contrast_low,contrast_low|contrast_low
T013-S3,A,49,gaussian_noise,gaussian_noise,0.18358022428449897,0.85,0.0,gaussian_noise|gaussian_noise,gaussian_noise|gaussian_noise
T013-S3,A,50,clean,clean,0.2442190502882155,0.75,0.0,gaussian_noise|gaussian_noise,gaussian_noise|gaussian_noise
T013-S3,A,50,gaussian_noise,gaussian_noise,0.2442190502882155,0.75,0.0,gaussian_noise|gaussian_noise,gaussian_noise|gaussian_noise
T013-S3,A,51,clean,clean,0.1712847410710057,0.9,0.0,gaussian_blur|gaussian_blur,brightness_dark|gaussian_noise
T013-S3,A,51,brightness_dark,brightness_dark,0.1712847410710057,0.9,0.0,brightness_dark|brightness_dark,contrast_low|contrast_low
T013-S3,A,51,contrast_low,contrast_low,0.1712847410710057,0.9,0.0,contrast_low|contrast_low,brightness_dark|brightness_dark
T013-S3,A,51,gaussian_noise,gaussian_noise,0.1712847410710057,0.9,0.0,clean|clean,gaussian_noise|gaussian_noise
T013-S3,A,51,gaussian_blur,gaussian_blur,0.1712847410710057,0.9,0.0,gaussian_blur|contrast_low,brightness_dark|brightness_dark
T013-S3,A,52,gaussian_noise,gaussian_noise,0.14118174150460758,0.9,0.0,gaussian_noise|gaussian_noise,gaussian_noise|gaussian_noise
T013-S3,A,52,gaussian_blur,gaussian_blur,0.14118174150460758,0.9,0.0,gaussian_noise|gaussian_noise,gaussian_noise|gaussian_noise
T013-S3,A,53,brightness_dark,brightness_dark,0.2652949955741215,0.7,0.0,brightness_dark|brightness_dark,brightness_dark|brightness_dark
T013-S3,A,53,contrast_low,contrast_low,0.2652949955741215,0.7,0.0,contrast_low|contrast_low,contrast_low|contrast_low
T013-S3,A,54,brightness_dark,brightness_dark,0.26616582133129196,0.8,0.0,brightness_dark|brightness_dark,brightness_dark|brightness_dark
T013-S3,A,55,brightness_dark,brightness_dark,0.08621407475879368,0.95,0.0,brightness_dark|brightness_dark,brightness_dark|brightness_dark
T013-S3,A,55,contrast_low,contrast_low,0.08621407475879368,0.95,0.0,contrast_low|contrast_low,contrast_low|contrast_low
T013-S3,A,55,gaussian_noise,gaussian_noise,0.08621407475879368,0.95,0.0,gaussian_noise|gaussian_noise,gaussian_noise|gaussian_noise
T013-S3,A,55,gaussian_blur,gaussian_blur,0.08621407475879368,0.95,0.0,gaussian_blur|gaussian_blur,clean|clean
T013-S3,A,56,clean,clean,0.4802818720531094,0.6,0.0,clean|clean,clean|clean
T013-S3,A,56,brightness_dark,brightness_dark,0.4802818720531094,0.6,0.0,brightness_dark|brightness_dark,brightness_dark|brightness_dark
T013-S3,A,56,contrast_low,contrast_low,0.4802818720531094,0.6,0.0,contrast_low|contrast_low,contrast_low|contrast_low
T013-S3,A,56,gaussian_blur,gaussian_blur,0.4802818720531094,0.6,0.0,gaussian_blur|gaussian_blur,gaussian_blur|gaussian_blur
T013-S3,A,57,contrast_low,contrast_low,0.5779694921683955,0.45,0.0,contrast_low|contrast_low,contrast_low|contrast_low
T013-S3,A,58,clean,clean,0.14118174150460758,0.9,0.0,gaussian_blur|gaussian_blur,gaussian_noise|gaussian_noise
T013-S3,A,58,brightness_dark,brightness_dark,0.14118174150460758,0.9,0.0,brightness_dark|brightness_dark,brightness_dark|brightness_dark
T013-S3,A,58,gaussian_noise,gaussian_noise,0.14118174150460758,0.9,0.0,clean|clean,gaussian_noise|gaussian_noise
T013-S3,A,58,gaussian_blur,gaussian_blur,0.14118174150460758,0.9,0.0,contrast_low|contrast_low,gaussian_noise|gaussian_noise
T013-S3,A,59,brightness_dark,brightness_dark,0.6145365019512083,0.4,0.0,brightness_dark|brightness_dark,brightness_dark|brightness_dark
T013-S3,A,59,contrast_low,contrast_low,0.6145365019512083,0.4,0.0,contrast_low|contrast_low,contrast_low|contrast_low
T013-S3,A,59,gaussian_noise,gaussian_noise,0.6145365019512083,0.4,0.0,clean|clean,clean|clean
T013-S3,A,60,clean,clean,-0.0,1.0,0.0,gaussian_noise|gaussian_noise,gaussian_noise|gaussian_noise
T013-S3,A,60,brightness_dark,brightness_dark,-0.0,1.0,0.0,brightness_dark|brightness_dark,brightness_dark|brightness_dark
T013-S3,A,60,gaussian_noise,gaussian_noise,-0.0,1.0,0.0,gaussian_noise|gaussian_noise,gaussian_noise|gaussian_noise
T013-S3,A,61,brightness_dark,brightness_dark,0.358755552239424,0.75,0.0,brightness_dark|brightness_dark,brightness_dark|brightness_dark
T013-S3,A,62,brightness_dark,brightness_dark,0.5878285561418409,0.3,0.0,brightness_dark|brightness_dark,brightness_dark|brightness_dark
T013-S3,A,63,clean,clean,0.37162086641628495,0.5,0.0,clean|clean,clean|clean
T013-S3,A,63,brightness_dark,brightness_dark,0.37162086641628495,0.5,0.0,brightness_dark|brightness_dark,brightness_dark|brightness_dark
T013-S3,A,63,contrast_low,contrast_low,0.37162086641628495,0.5,0.0,contrast_low|contrast_low,contrast_low|contrast_low
T013-S3,A,63,gaussian_blur,gaussian_blur,0.37162086641628495,0.5,0.0,gaussian_blur|gaussian_blur,gaussian_blur|gaussian_blur
T013-S3,A,64,contrast_low,contrast_low,0.4385343715564183,0.7,0.0,contrast_low|contrast_low,contrast_low|contrast_low
T013-S3,A,65,brightness_dark,brightness_dark,-0.0,1.0,0.0,brightness_dark|brightness_dark,brightness_dark|brightness_dark
T013-S3,A,66,brightness_dark,brightness_dark,0.1712847410710057,0.9,0.0,brightness_dark|brightness_dark,brightness_dark|brightness_dark
T013-S3,A,66,contrast_low,contrast_low,0.1712847410710057,0.9,0.0,contrast_low|contrast_low,contrast_low|contrast_low
T013-S3,A,67,brightness_dark,brightness_dark,0.5362838323534155,0.55,0.0,brightness_dark|brightness_dark,brightness_dark|brightness_dark
T013-S3,A,67,contrast_low,contrast_low,0.5362838323534155,0.55,0.0,contrast_low|contrast_low,contrast_low|contrast_low
T013-S3,A,68,contrast_low,contrast_low,0.45542455414570265,0.45,0.0,contrast_low|contrast_low,contrast_low|contrast_low
T013-S3,A,68,gaussian_blur,gaussian_blur,0.45542455414570265,0.45,0.0,contrast_low|contrast_low,contrast_low|contrast_low
T013-S3,A,69,brightness_dark,brightness_dark,0.3239978696052099,0.7,0.0,brightness_dark|brightness_dark,brightness_dark|brightness_dark
T013-S3,A,70,clean,clean,0.21732201127364886,0.8,0.0,gaussian_noise|gaussian_noise,gaussian_noise|gaussian_noise
T013-S3,A,70,brightness_dark,brightness_dark,0.21732201127364886,0.8,0.0,brightness_dark|brightness_dark,brightness_dark|brightness_dark
T013-S3,A,70,contrast_low,contrast_low,0.21732201127364886,0.8,0.0,contrast_low|contrast_low,contrast_low|contrast_low
T013-S3,A,70,gaussian_noise,gaussian_noise,0.21732201127364886,0.8,0.0,gaussian_noise|gaussian_noise,gaussian_noise|gaussian_noise
T013-S3,A,71,brightness_dark,brightness_dark,0.3172903635978727,0.75,0.0,brightness_dark|brightness_dark,brightness_dark|brightness_dark
T013-S3,A,72,brightness_dark,brightness_dark,0.46343299021718715,0.45,0.0,brightness_dark|brightness_dark,brightness_dark|brightness_dark
T013-S3,A,73,brightness_dark,brightness_dark,0.4023767052555694,0.55,0.0,brightness_dark|brightness_dark,brightness_dark|brightness_dark
T013-S3,A,74,clean,clean,-0.0,1.0,0.0,clean|clean,clean|clean
T013-S3,A,74,brightness_dark,brightness_dark,-0.0,1.0,0.0,brightness_dark|brightness_dark,brightness_dark|brightness_dark
T013-S3,A,74,gaussian_noise,gaussian_noise,-0.0,1.0,0.0,clean|clean,clean|clean
T013-S3,A,75,contrast_low,contrast_low,0.44717262228329563,0.5,0.0,contrast_low|contrast_low,contrast_low|contrast_low
T013-S3,A,76,brightness_dark,brightness_dark,0.37162086641628495,0.5,0.0,brightness_dark|brightness_dark,brightness_dark|brightness_dark
T013-S3,A,76,contrast_low,contrast_low,0.37162086641628495,0.5,0.0,contrast_low|contrast_low,contrast_low|contrast_low
T013-S3,A,76,gaussian_blur,gaussian_blur,0.37162086641628495,0.5,0.0,gaussian_blur|gaussian_blur,gaussian_blur|gaussian_blur
T013-S3,A,77,clean,clean,0.29228525323862886,0.6,0.0,gaussian_noise|gaussian_noise,gaussian_noise|gaussian_noise
T013-S3,A,77,gaussian_noise,gaussian_noise,0.29228525323862886,0.6,0.0,gaussian_noise|gaussian_noise,gaussian_noise|gaussian_noise
T013-S3,A,78,brightness_dark,brightness_dark,0.29854955310662773,0.75,0.0,brightness_dark|brightness_dark,brightness_dark|brightness_dark
T013-S3,A,79,clean,clean,0.26616582133129196,0.8,0.0,gaussian_noise|gaussian_noise,gaussian_noise|gaussian_noise
T013-S3,A,79,gaussian_noise,gaussian_noise,0.26616582133129196,0.8,0.0,gaussian_noise|gaussian_noise,gaussian_noise|gaussian_noise
T013-S3,A,80,clean,clean,0.14118174150460758,0.9,0.0,clean|clean,clean|clean
T013-S3,A,80,brightness_dark,brightness_dark,0.14118174150460758,0.9,0.0,brightness_dark|brightness_dark,brightness_dark|brightness_dark
T013-S3,A,80,gaussian_blur,gaussian_blur,0.14118174150460758,0.9,0.0,gaussian_blur|gaussian_blur,gaussian_blur|gaussian_blur
T013-S3,A,81,brightness_dark,brightness_dark,0.08621407475879368,0.95,0.0,brightness_dark|brightness_dark,brightness_dark|brightness_dark
T013-S3,A,82,brightness_dark,brightness_dark,0.08621407475879368,0.95,0.0,brightness_dark|brightness_dark,brightness_dark|brightness_dark
T013-S3,A,83,clean,clean,0.26616582133129196,0.8,0.0,gaussian_noise|gaussian_noise,gaussian_noise|gaussian_noise
T013-S3,A,83,brightness_dark,brightness_dark,0.26616582133129196,0.8,0.0,brightness_dark|brightness_dark,brightness_dark|brightness_dark
T013-S3,A,83,contrast_low,contrast_low,0.26616582133129196,0.8,0.0,contrast_low|contrast_low,contrast_low|contrast_low
T013-S3,A,83,gaussian_noise,gaussian_noise,0.26616582133129196,0.8,0.0,gaussian_noise|gaussian_noise,gaussian_noise|gaussian_noise
T013-S3,A,84,gaussian_noise,gaussian_noise,0.45542455414570265,0.45,0.0,gaussian_noise|gaussian_noise,gaussian_noise|gaussian_noise
T013-S3,A,85,brightness_dark,brightness_dark,0.2811825026595474,0.65,0.0,brightness_dark|brightness_dark,brightness_dark|brightness_dark
T013-S3,A,88,clean,clean,0.4802818720531094,0.6,0.0,clean|clean,clean|clean
T013-S3,A,88,brightness_dark,brightness_dark,0.4802818720531094,0.6,0.0,brightness_dark|brightness_dark,brightness_dark|brightness_dark
T013-S3,A,88,gaussian_noise,gaussian_noise,0.4802818720531094,0.6,0.0,clean|clean,clean|clean
T013-S3,A,88,gaussian_blur,gaussian_blur,0.4802818720531094,0.6,0.0,gaussian_blur|gaussian_blur,gaussian_blur|gaussian_blur
T013-S3,A,89,brightness_dark,brightness_dark,0.2652949955741215,0.7,0.0,brightness_dark|brightness_dark,brightness_dark|brightness_dark
T013-S3,A,90,brightness_dark,brightness_dark,0.5365043035268443,0.45,0.0,brightness_dark|brightness_dark,brightness_dark|brightness_dark
T013-S3,A,91,brightness_dark,brightness_dark,0.22504541292605024,0.85,0.0,brightness_dark|brightness_dark,brightness_dark|brightness_dark
T013-S3,A,91,contrast_low,contrast_low,0.22504541292605024,0.85,0.0,contrast_low|contrast_low,contrast_low|contrast_low
T013-S3,A,92,clean,clean,0.3239978696052098,0.7,0.0,gaussian_blur|gaussian_blur,gaussian_blur|gaussian_blur
T013-S3,A,92,brightness_dark,brightness_dark,0.3239978696052098,0.7,0.0,brightness_dark|brightness_dark,brightness_dark|brightness_dark
T013-S3,A,92,contrast_low,contrast_low,0.3239978696052098,0.7,0.0,contrast_low|contrast_low,contrast_low|contrast_low
T013-S3,A,92,gaussian_blur,gaussian_blur,0.3239978696052098,0.7,0.0,contrast_low|contrast_low,contrast_low|contrast_low
T013-S3,A,93,gaussian_noise,gaussian_noise,-0.0,1.0,0.0,gaussian_noise|gaussian_noise,gaussian_noise|gaussian_noise
T013-S3,A,94,brightness_dark,brightness_dark,0.08621407475879368,0.95,0.0,brightness_dark|brightness_dark,brightness_dark|brightness_dark
T013-S3,A,95,clean,clean,0.29854955310662773,0.75,0.0,gaussian_blur|gaussian_blur,contrast_low|contrast_low
T013-S3,A,95,contrast_low,contrast_low,0.29854955310662773,0.75,0.0,contrast_low|contrast_low,contrast_low|contrast_low
T013-S3,A,95,gaussian_blur,gaussian_blur,0.29854955310662773,0.75,0.0,contrast_low|contrast_low,contrast_low|contrast_low
T013-S3,A,96,brightness_dark,brightness_dark,0.08621407475879368,0.95,0.0,brightness_dark|brightness_dark,brightness_dark|brightness_dark
T013-S3,A,97,clean,clean,0.29854955310662773,0.75,0.0,gaussian_noise|gaussian_noise,gaussian_noise|gaussian_noise
T013-S3,A,97,gaussian_noise,gaussian_noise,0.29854955310662773,0.75,0.0,gaussian_noise|gaussian_noise,gaussian_noise|gaussian_noise
T013-S3,A,98,brightness_dark,brightness_dark,0.34822537285722394,0.7,0.0,brightness_dark|brightness_dark,brightness_dark|brightness_dark
T013-S3,A,99,brightness_dark,brightness_dark,0.6814913078447037,0.35,0.0,brightness_dark|brightness_dark,brightness_dark|brightness_dark
T013-S3,B,0,brightness_dark,brightness_dark,0.22504541292605024,0.85,0.0,brightness_dark|brightness_dark,brightness_dark|brightness_dark
T013-S3,B,0,contrast_low,contrast_low,0.22504541292605024,0.85,0.0,contrast_low|contrast_low,contrast_low|contrast_low
T013-S3,B,1,brightness_dark,brightness_dark,0.18358022428449897,0.85,0.0,brightness_dark|brightness_dark,brightness_dark|brightness_dark
T013-S3,B,1,contrast_low,contrast_low,0.18358022428449897,0.85,0.0,contrast_low|contrast_low,contrast_low|contrast_low
T013-S3,B,2,gaussian_noise,gaussian_noise,0.1712847410710057,0.9,0.0,clean|clean,gaussian_noise|gaussian_noise
T013-S3,B,3,clean,clean,-0.0,1.0,0.0,gaussian_noise|gaussian_noise,gaussian_noise|gaussian_noise
T013-S3,B,3,brightness_dark,brightness_dark,-0.0,1.0,0.0,brightness_dark|brightness_dark,brightness_dark|brightness_dark
T013-S3,B,3,gaussian_noise,gaussian_noise,-0.0,1.0,0.0,gaussian_noise|gaussian_noise,gaussian_noise|gaussian_noise
T013-S3,B,4,brightness_dark,brightness_dark,0.3670280240301799,0.55,0.0,brightness_dark|brightness_dark,brightness_dark|brightness_dark
T013-S3,B,5,clean,clean,0.3849866301909954,0.65,0.0,gaussian_noise|gaussian_noise,gaussian_noise|gaussian_noise
T013-S3,B,5,brightness_dark,brightness_dark,0.3849866301909954,0.65,0.0,brightness_dark|brightness_dark,brightness_dark|brightness_dark
T013-S3,B,6,clean,clean,0.37162086641628495,0.5,0.0,clean|clean,clean|clean
T013-S3,B,6,brightness_dark,brightness_dark,0.37162086641628495,0.5,0.0,brightness_dark|brightness_dark,brightness_dark|brightness_dark
T013-S3,B,6,gaussian_noise,gaussian_noise,0.37162086641628495,0.5,0.0,gaussian_noise|gaussian_noise,gaussian_noise|gaussian_noise
T013-S3,B,6,gaussian_blur,gaussian_blur,0.37162086641628495,0.5,0.0,gaussian_blur|gaussian_blur,gaussian_blur|gaussian_blur
T013-S3,B,7,contrast_low,contrast_low,0.14118174150460758,0.9,0.0,contrast_low|contrast_low,contrast_low|contrast_low
T013-S3,B,7,gaussian_noise,gaussian_noise,0.14118174150460758,0.9,0.0,gaussian_noise|gaussian_noise,gaussian_noise|gaussian_noise
T013-S3,B,8,brightness_dark,brightness_dark,0.21732201127364886,0.8,0.0,brightness_dark|brightness_dark,brightness_dark|brightness_dark
T013-S3,B,9,brightness_dark,brightness_dark,0.2652949955741215,0.7,0.0,brightness_dark|brightness_dark,brightness_dark|brightness_dark
T013-S3,B,9,contrast_low,contrast_low,0.2652949955741215,0.7,0.0,contrast_low|contrast_low,contrast_low|contrast_low
T013-S3,B,10,clean,clean,0.3556039942733158,0.7,0.0,gaussian_noise|gaussian_noise,gaussian_noise|gaussian_noise
T013-S3,B,10,gaussian_noise,gaussian_noise,0.3556039942733158,0.7,0.0,gaussian_noise|gaussian_noise,gaussian_noise|gaussian_noise
T013-S3,B,11,clean,clean,0.2988548895792612,0.55,0.0,gaussian_noise|gaussian_noise,gaussian_noise|gaussian_noise
T013-S3,B,11,brightness_dark,brightness_dark,0.2988548895792612,0.55,0.0,brightness_dark|brightness_dark,brightness_dark|brightness_dark
T013-S3,B,11,gaussian_noise,gaussian_noise,0.2988548895792612,0.55,0.0,gaussian_noise|gaussian_noise,gaussian_noise|gaussian_noise
T013-S3,B,12,brightness_dark,brightness_dark,0.18358022428449897,0.85,0.0,brightness_dark|brightness_dark,brightness_dark|brightness_dark
T013-S3,B,13,contrast_low,contrast_low,0.3172903635978727,0.75,0.0,contrast_low|contrast_low,contrast_low|contrast_low
T013-S3,B,14,clean,clean,0.08621407475879368,0.95,0.0,gaussian_noise|gaussian_noise,gaussian_noise|gaussian_noise
T013-S3,B,14,gaussian_noise,gaussian_noise,0.08621407475879368,0.95,0.0,gaussian_noise|gaussian_noise,gaussian_noise|gaussian_noise
T013-S3,B,14,gaussian_blur,gaussian_blur,0.08621407475879368,0.95,0.0,gaussian_noise|gaussian_noise,gaussian_noise|gaussian_noise
T013-S3,B,15,brightness_dark,brightness_dark,-0.0,1.0,0.0,brightness_dark|brightness_dark,brightness_dark|clean
T013-S3,B,15,gaussian_noise,gaussian_noise,-0.0,1.0,0.0,gaussian_noise|gaussian_noise,gaussian_noise|gaussian_noise
T013-S3,B,16,clean,clean,0.5052456816589913,0.5,0.0,clean|clean,clean|clean
T013-S3,B,16,brightness_dark,brightness_dark,0.5052456816589913,0.5,0.0,brightness_dark|brightness_dark,brightness_dark|brightness_dark
T013-S3,B,16,contrast_low,contrast_low,0.5052456816589913,0.5,0.0,contrast_low|contrast_low,contrast_low|contrast_low
T013-S3,B,16,gaussian_noise,gaussian_noise,0.5052456816589913,0.5,0.0,gaussian_noise|clean,gaussian_noise|clean
T013-S3,B,16,gaussian_blur,gaussian_blur,0.5052456816589913,0.5,0.0,gaussian_blur|gaussian_blur,gaussian_blur|gaussian_blur
T013-S3,B,17,brightness_dark,brightness_dark,0.4023767052555694,0.55,0.0,brightness_dark|brightness_dark,brightness_dark|brightness_dark
T013-S3,B,17,contrast_low,contrast_low,0.4023767052555694,0.55,0.0,contrast_low|contrast_low,contrast_low|contrast_low
T013-S3,B,17,gaussian_noise,gaussian_noise,0.4023767052555694,0.55,0.0,clean|clean,clean|clean
T013-S3,B,18,clean,clean,0.29854955310662773,0.75,0.0,gaussian_noise|gaussian_noise,gaussian_noise|gaussian_noise
T013-S3,B,18,brightness_dark,brightness_dark,0.29854955310662773,0.75,0.0,brightness_dark|brightness_dark,brightness_dark|brightness_dark
T013-S3,B,18,contrast_low,contrast_low,0.29854955310662773,0.75,0.0,contrast_low|contrast_low,gaussian_noise|brightness_dark
T013-S3,B,18,gaussian_noise,gaussian_noise,0.29854955310662773,0.75,0.0,gaussian_noise|gaussian_noise,gaussian_noise|gaussian_noise
T013-S3,B,18,gaussian_blur,gaussian_blur,0.29854955310662773,0.75,0.0,gaussian_blur|gaussian_blur,gaussian_noise|gaussian_noise
T013-S3,B,19,clean,clean,0.3172903635978727,0.75,0.0,gaussian_noise|gaussian_noise,gaussian_noise|gaussian_noise
T013-S3,B,19,gaussian_noise,gaussian_noise,0.3172903635978727,0.75,0.0,gaussian_noise|gaussian_noise,gaussian_noise|gaussian_noise
T013-S3,B,20,clean,clean,-0.0,1.0,0.0,clean|clean,clean|clean
T013-S3,B,20,brightness_dark,brightness_dark,-0.0,1.0,0.0,brightness_dark|brightness_dark,brightness_dark|brightness_dark
T013-S3,B,20,gaussian_blur,gaussian_blur,-0.0,1.0,0.0,gaussian_blur|gaussian_blur,gaussian_blur|gaussian_blur
T013-S3,B,21,gaussian_noise,gaussian_noise,-0.0,1.0,0.0,gaussian_noise|gaussian_noise,gaussian_noise|gaussian_noise
T013-S3,B,22,clean,clean,0.29228525323862886,0.6,0.0,clean|clean,clean|clean
T013-S3,B,22,contrast_low,contrast_low,0.29228525323862886,0.6,0.0,contrast_low|contrast_low,contrast_low|contrast_low
T013-S3,B,22,gaussian_noise,gaussian_noise,0.29228525323862886,0.6,0.0,gaussian_noise|gaussian_noise,gaussian_noise|gaussian_noise
T013-S3,B,22,gaussian_blur,gaussian_blur,0.29228525323862886,0.6,0.0,gaussian_blur|gaussian_blur,gaussian_blur|gaussian_blur
T013-S3,B,23,brightness_dark,brightness_dark,0.5374816209824899,0.5,0.0,brightness_dark|brightness_dark,brightness_dark|brightness_dark
T013-S3,B,23,contrast_low,contrast_low,0.5374816209824899,0.5,0.0,contrast_low|contrast_low,contrast_low|contrast_low
T013-S3,B,23,gaussian_noise,gaussian_noise,0.5374816209824899,0.5,0.0,gaussian_noise|gaussian_noise,gaussian_noise|gaussian_noise
T013-S3,B,24,brightness_dark,brightness_dark,0.26616582133129196,0.8,0.0,brightness_dark|brightness_dark,brightness_dark|brightness_dark
T013-S3,B,25,brightness_dark,brightness_dark,0.43881668341155816,0.45,0.0,brightness_dark|brightness_dark,brightness_dark|brightness_dark
T013-S3,B,25,contrast_low,contrast_low,0.43881668341155816,0.45,0.0,contrast_low|contrast_low,contrast_low|contrast_low
T013-S3,B,26,brightness_dark,brightness_dark,0.08621407475879368,0.95,0.0,brightness_dark|brightness_dark,brightness_dark|brightness_dark
T013-S3,B,26,contrast_low,contrast_low,0.08621407475879368,0.95,0.0,gaussian_blur|gaussian_blur,gaussian_blur|gaussian_blur
T013-S3,B,26,gaussian_blur,gaussian_blur,0.08621407475879368,0.95,0.0,gaussian_blur|gaussian_blur,gaussian_blur|gaussian_blur
T013-S3,B,27,contrast_low,contrast_low,-0.0,1.0,0.0,contrast_low|contrast_low,contrast_low|contrast_low
T013-S3,B,28,brightness_dark,brightness_dark,0.5053986284565879,0.65,0.0,brightness_dark|brightness_dark,brightness_dark|brightness_dark
T013-S3,B,28,contrast_low,contrast_low,0.5053986284565879,0.65,0.0,contrast_low|contrast_low,contrast_low|contrast_low
T013-S3,B,28,gaussian_noise,gaussian_noise,0.5053986284565879,0.65,0.0,gaussian_noise|gaussian_noise,gaussian_noise|gaussian_noise
T013-S3,B,29,contrast_low,contrast_low,-0.0,1.0,0.0,contrast_low|contrast_low,contrast_low|contrast_low
T013-S3,B,31,brightness_dark,brightness_dark,-0.0,1.0,0.0,brightness_dark|brightness_dark,brightness_dark|brightness_dark
T013-S3,B,31,contrast_low,contrast_low,-0.0,1.0,0.0,contrast_low|contrast_low,contrast_low|contrast_low
T013-S3,B,31,gaussian_noise,gaussian_noise,-0.0,1.0,0.0,gaussian_noise|gaussian_noise,gaussian_noise|gaussian_noise
T013-S3,B,32,clean,clean,0.6385229941014448,0.35,0.0,gaussian_noise|gaussian_noise,gaussian_noise|gaussian_noise
T013-S3,B,32,brightness_dark,brightness_dark,0.6385229941014448,0.35,0.0,brightness_dark|brightness_dark,brightness_dark|brightness_dark
T013-S3,B,32,gaussian_noise,gaussian_noise,0.6385229941014448,0.35,0.0,gaussian_noise|gaussian_noise,gaussian_noise|gaussian_noise
T013-S3,B,33,contrast_low,contrast_low,0.18358022428449897,0.85,0.0,contrast_low|contrast_low,contrast_low|contrast_low
T013-S3,B,33,gaussian_noise,gaussian_noise,0.18358022428449897,0.85,0.0,gaussian_noise|gaussian_noise,gaussian_noise|gaussian_noise
T013-S3,B,34,brightness_dark,brightness_dark,0.3172903635978727,0.75,0.0,brightness_dark|brightness_dark,brightness_dark|brightness_dark
T013-S3,B,34,contrast_low,contrast_low,0.3172903635978727,0.75,0.0,contrast_low|contrast_low,contrast_low|contrast_low
T013-S3,B,34,gaussian_noise,gaussian_noise,0.3172903635978727,0.75,0.0,gaussian_noise|gaussian_noise,gaussian_noise|gaussian_noise
T013-S3,B,35,clean,clean,0.2988548895792612,0.55,0.0,clean|clean,clean|clean
T013-S3,B,35,brightness_dark,brightness_dark,0.2988548895792612,0.55,0.0,brightness_dark|brightness_dark,brightness_dark|brightness_dark
T013-S3,B,35,contrast_low,contrast_low,0.2988548895792612,0.55,0.0,contrast_low|contrast_low,contrast_low|contrast_low
T013-S3,B,35,gaussian_noise,gaussian_noise,0.2988548895792612,0.55,0.0,clean|clean,clean|clean
T013-S3,B,35,gaussian_blur,gaussian_blur,0.2988548895792612,0.55,0.0,gaussian_blur|gaussian_blur,gaussian_blur|gaussian_blur
T013-S3,B,36,brightness_dark,brightness_dark,0.4385343715564183,0.7,0.0,brightness_dark|brightness_dark,brightness_dark|brightness_dark
T013-S3,B,36,contrast_low,contrast_low,0.4385343715564183,0.7,0.0,contrast_low|contrast_low,contrast_low|contrast_low
T013-S3,B,37,gaussian_noise,gaussian_noise,0.34352144154944414,0.65,0.0,gaussian_noise|gaussian_noise,gaussian_noise|gaussian_noise
T013-S3,B,38,clean,clean,-0.0,1.0,0.0,clean|clean,gaussian_noise|gaussian_noise
T013-S3,B,38,brightness_dark,brightness_dark,-0.0,1.0,0.0,brightness_dark|brightness_dark,brightness_dark|brightness_dark
T013-S3,B,38,contrast_low,contrast_low,-0.0,1.0,0.0,contrast_low|contrast_low,contrast_low|contrast_low
T013-S3,B,38,gaussian_noise,gaussian_noise,-0.0,1.0,0.0,gaussian_noise|gaussian_noise,gaussian_noise|gaussian_noise
T013-S3,B,38,gaussian_blur,gaussian_blur,-0.0,1.0,0.0,gaussian_blur|gaussian_blur,clean|clean
T013-S3,B,39,clean,clean,-0.0,1.0,0.0,gaussian_noise|gaussian_noise,gaussian_noise|gaussian_noise
T013-S3,B,39,gaussian_noise,gaussian_noise,-0.0,1.0,0.0,gaussian_noise|gaussian_noise,gaussian_noise|gaussian_noise
T013-S3,B,39,gaussian_blur,gaussian_blur,-0.0,1.0,0.0,gaussian_noise|gaussian_noise,gaussian_noise|gaussian_noise
T013-S3,B,40,contrast_low,contrast_low,-0.0,1.0,0.0,contrast_low|contrast_low,clean|clean
T013-S3,B,40,gaussian_noise,gaussian_noise,-0.0,1.0,0.0,clean|clean,clean|clean
T013-S3,B,41,contrast_low,contrast_low,0.34739336316427083,0.75,0.0,contrast_low|contrast_low,contrast_low|contrast_low
T013-S3,B,41,gaussian_noise,gaussian_noise,0.34739336316427083,0.75,0.0,gaussian_noise|gaussian_noise,gaussian_noise|gaussian_noise
T013-S3,B,42,contrast_low,contrast_low,0.4023767052555694,0.55,0.0,contrast_low|contrast_low,contrast_low|contrast_low
T013-S3,B,42,gaussian_noise,gaussian_noise,0.4023767052555694,0.55,0.0,gaussian_noise|gaussian_noise,gaussian_noise|gaussian_noise
T013-S3,B,42,gaussian_blur,gaussian_blur,0.4023767052555694,0.55,0.0,gaussian_blur|gaussian_blur,gaussian_blur|gaussian_blur
T013-S3,B,43,clean,clean,0.29228525323862886,0.6,0.0,gaussian_noise|gaussian_noise,gaussian_noise|gaussian_noise
T013-S3,B,43,brightness_dark,brightness_dark,0.29228525323862886,0.6,0.0,brightness_dark|brightness_dark,brightness_dark|brightness_dark
T013-S3,B,43,gaussian_noise,gaussian_noise,0.29228525323862886,0.6,0.0,gaussian_noise|gaussian_noise,gaussian_noise|gaussian_noise
T013-S3,B,44,brightness_dark,brightness_dark,0.3670280240301799,0.55,0.0,brightness_dark|brightness_dark,brightness_dark|brightness_dark
T013-S3,B,44,contrast_low,contrast_low,0.3670280240301799,0.55,0.0,contrast_low|contrast_low,contrast_low|contrast_low
T013-S3,B,44,gaussian_noise,gaussian_noise,0.3670280240301799,0.55,0.0,gaussian_noise|gaussian_noise,gaussian_noise|gaussian_noise
T013-S3,B,45,gaussian_noise,gaussian_noise,0.3076310099728432,0.8,0.0,gaussian_noise|gaussian_noise,gaussian_noise|gaussian_noise
T013-S3,B,46,brightness_dark,brightness_dark,0.1712847410710057,0.9,0.0,brightness_dark|brightness_dark,brightness_dark|brightness_dark
T013-S3,B,47,clean,clean,0.5660814954471801,0.5,0.0,clean|clean,clean|gaussian_noise
T013-S3,B,47,brightness_dark,brightness_dark,0.5660814954471801,0.5,0.0,brightness_dark|brightness_dark,brightness_dark|brightness_dark
T013-S3,B,47,contrast_low,contrast_low,0.5660814954471801,0.5,0.0,contrast_low|contrast_low,contrast_low|contrast_low
T013-S3,B,47,gaussian_noise,gaussian_noise,0.5660814954471801,0.5,0.0,gaussian_noise|gaussian_noise,gaussian_noise|gaussian_noise
T013-S3,B,47,gaussian_blur,gaussian_blur,0.5660814954471801,0.5,0.0,gaussian_blur|gaussian_blur,gaussian_blur|gaussian_blur
T013-S3,B,48,brightness_dark,brightness_dark,0.4072105587434522,0.6,0.0,brightness_dark|brightness_dark,brightness_dark|brightness_dark
T013-S3,B,49,contrast_low,contrast_low,0.18358022428449897,0.85,0.0,contrast_low|contrast_low,contrast_low|contrast_low
T013-S3,B,49,gaussian_noise,gaussian_noise,0.18358022428449897,0.85,0.0,gaussian_noise|gaussian_noise,gaussian_noise|gaussian_noise
T013-S3,B,50,clean,clean,0.2442190502882155,0.75,0.0,gaussian_noise|gaussian_noise,gaussian_noise|gaussian_noise
T013-S3,B,50,gaussian_noise,gaussian_noise,0.2442190502882155,0.75,0.0,gaussian_noise|gaussian_noise,gaussian_noise|gaussian_noise
T013-S3,B,51,clean,clean,0.1712847410710057,0.9,0.0,clean|gaussian_blur,brightness_dark|gaussian_noise
T013-S3,B,51,brightness_dark,brightness_dark,0.1712847410710057,0.9,0.0,brightness_dark|brightness_dark,contrast_low|contrast_low
T013-S3,B,51,contrast_low,contrast_low,0.1712847410710057,0.9,0.0,contrast_low|contrast_low,brightness_dark|brightness_dark
T013-S3,B,51,gaussian_noise,gaussian_noise,0.1712847410710057,0.9,0.0,clean|clean,gaussian_noise|gaussian_noise
T013-S3,B,51,gaussian_blur,gaussian_blur,0.1712847410710057,0.9,0.0,gaussian_blur|gaussian_blur,brightness_dark|brightness_dark
T013-S3,B,52,gaussian_noise,gaussian_noise,0.14118174150460758,0.9,0.0,gaussian_noise|gaussian_noise,gaussian_noise|gaussian_noise
T013-S3,B,52,gaussian_blur,gaussian_blur,0.14118174150460758,0.9,0.0,gaussian_noise|gaussian_noise,gaussian_noise|gaussian_noise
T013-S3,B,53,brightness_dark,brightness_dark,0.2652949955741215,0.7,0.0,brightness_dark|brightness_dark,brightness_dark|brightness_dark
T013-S3,B,53,contrast_low,contrast_low,0.2652949955741215,0.7,0.0,contrast_low|contrast_low,contrast_low|contrast_low
T013-S3,B,54,brightness_dark,brightness_dark,0.26616582133129196,0.8,0.0,brightness_dark|brightness_dark,brightness_dark|brightness_dark
T013-S3,B,55,brightness_dark,brightness_dark,0.08621407475879368,0.95,0.0,brightness_dark|brightness_dark,brightness_dark|brightness_dark
T013-S3,B,55,contrast_low,contrast_low,0.08621407475879368,0.95,0.0,contrast_low|contrast_low,contrast_low|contrast_low
T013-S3,B,55,gaussian_noise,gaussian_noise,0.08621407475879368,0.95,0.0,gaussian_noise|gaussian_noise,gaussian_noise|gaussian_noise
T013-S3,B,56,clean,clean,0.4802818720531094,0.6,0.0,clean|clean,clean|clean
T013-S3,B,56,brightness_dark,brightness_dark,0.4802818720531094,0.6,0.0,brightness_dark|brightness_dark,brightness_dark|brightness_dark
T013-S3,B,56,gaussian_noise,gaussian_noise,0.4802818720531094,0.6,0.0,gaussian_noise|gaussian_noise,gaussian_noise|gaussian_noise
T013-S3,B,56,gaussian_blur,gaussian_blur,0.4802818720531094,0.6,0.0,gaussian_blur|gaussian_blur,gaussian_blur|gaussian_blur
T013-S3,B,57,contrast_low,contrast_low,0.5779694921683955,0.45,0.0,contrast_low|contrast_low,contrast_low|contrast_low
T013-S3,B,58,clean,clean,0.14118174150460758,0.9,0.0,gaussian_blur|gaussian_blur,gaussian_noise|gaussian_noise
T013-S3,B,58,brightness_dark,brightness_dark,0.14118174150460758,0.9,0.0,brightness_dark|brightness_dark,brightness_dark|brightness_dark
T013-S3,B,58,gaussian_noise,gaussian_noise,0.14118174150460758,0.9,0.0,clean|clean,gaussian_noise|gaussian_noise
T013-S3,B,58,gaussian_blur,gaussian_blur,0.14118174150460758,0.9,0.0,contrast_low|contrast_low,brightness_dark|gaussian_noise
T013-S3,B,59,brightness_dark,brightness_dark,0.6145365019512083,0.4,0.0,brightness_dark|brightness_dark,brightness_dark|brightness_dark
T013-S3,B,59,contrast_low,contrast_low,0.6145365019512083,0.4,0.0,contrast_low|contrast_low,contrast_low|contrast_low
T013-S3,B,59,gaussian_noise,gaussian_noise,0.6145365019512083,0.4,0.0,clean|clean,clean|clean
T013-S3,B,60,clean,clean,-0.0,1.0,0.0,gaussian_noise|gaussian_noise,gaussian_noise|gaussian_noise
T013-S3,B,60,brightness_dark,brightness_dark,-0.0,1.0,0.0,brightness_dark|brightness_dark,brightness_dark|brightness_dark
T013-S3,B,60,gaussian_noise,gaussian_noise,-0.0,1.0,0.0,gaussian_noise|gaussian_noise,gaussian_noise|gaussian_noise
T013-S3,B,61,brightness_dark,brightness_dark,0.358755552239424,0.75,0.0,brightness_dark|brightness_dark,brightness_dark|brightness_dark
T013-S3,B,62,brightness_dark,brightness_dark,0.5878285561418409,0.3,0.0,brightness_dark|brightness_dark,brightness_dark|brightness_dark
T013-S3,B,63,clean,clean,0.37162086641628495,0.5,0.0,clean|clean,clean|clean
T013-S3,B,63,brightness_dark,brightness_dark,0.37162086641628495,0.5,0.0,brightness_dark|brightness_dark,brightness_dark|brightness_dark
T013-S3,B,63,gaussian_noise,gaussian_noise,0.37162086641628495,0.5,0.0,gaussian_noise|gaussian_noise,gaussian_noise|gaussian_noise
T013-S3,B,63,gaussian_blur,gaussian_blur,0.37162086641628495,0.5,0.0,gaussian_blur|gaussian_blur,gaussian_blur|gaussian_blur
T013-S3,B,64,brightness_dark,brightness_dark,0.4385343715564183,0.7,0.0,brightness_dark|brightness_dark,brightness_dark|brightness_dark
T013-S3,B,64,contrast_low,contrast_low,0.4385343715564183,0.7,0.0,contrast_low|contrast_low,contrast_low|contrast_low
T013-S3,B,65,brightness_dark,brightness_dark,-0.0,1.0,0.0,brightness_dark|brightness_dark,brightness_dark|brightness_dark
T013-S3,B,66,brightness_dark,brightness_dark,0.1712847410710057,0.9,0.0,brightness_dark|brightness_dark,brightness_dark|brightness_dark
T013-S3,B,66,contrast_low,contrast_low,0.1712847410710057,0.9,0.0,contrast_low|contrast_low,contrast_low|contrast_low
T013-S3,B,67,brightness_dark,brightness_dark,0.5362838323534155,0.55,0.0,brightness_dark|brightness_dark,brightness_dark|brightness_dark
T013-S3,B,67,contrast_low,contrast_low,0.5362838323534155,0.55,0.0,contrast_low|contrast_low,contrast_low|contrast_low
T013-S3,B,68,contrast_low,contrast_low,0.45542455414570265,0.45,0.0,contrast_low|contrast_low,contrast_low|contrast_low
T013-S3,B,69,brightness_dark,brightness_dark,0.3239978696052099,0.7,0.0,brightness_dark|brightness_dark,brightness_dark|brightness_dark
T013-S3,B,70,brightness_dark,brightness_dark,0.21732201127364886,0.8,0.0,brightness_dark|brightness_dark,brightness_dark|brightness_dark
T013-S3,B,70,contrast_low,contrast_low,0.21732201127364886,0.8,0.0,contrast_low|contrast_low,contrast_low|contrast_low
T013-S3,B,70,gaussian_noise,gaussian_noise,0.21732201127364886,0.8,0.0,gaussian_noise|gaussian_noise,gaussian_noise|gaussian_noise
T013-S3,B,71,brightness_dark,brightness_dark,0.3172903635978727,0.75,0.0,brightness_dark|brightness_dark,brightness_dark|brightness_dark
T013-S3,B,72,brightness_dark,brightness_dark,0.46343299021718715,0.45,0.0,brightness_dark|brightness_dark,brightness_dark|brightness_dark
T013-S3,B,73,brightness_dark,brightness_dark,0.4023767052555694,0.55,0.0,brightness_dark|brightness_dark,brightness_dark|brightness_dark
T013-S3,B,74,clean,clean,-0.0,1.0,0.0,clean|clean,clean|clean
T013-S3,B,74,brightness_dark,brightness_dark,-0.0,1.0,0.0,brightness_dark|brightness_dark,brightness_dark|brightness_dark
T013-S3,B,75,contrast_low,contrast_low,0.44717262228329563,0.5,0.0,contrast_low|contrast_low,contrast_low|contrast_low
T013-S3,B,76,brightness_dark,brightness_dark,0.37162086641628495,0.5,0.0,brightness_dark|brightness_dark,brightness_dark|brightness_dark
T013-S3,B,76,contrast_low,contrast_low,0.37162086641628495,0.5,0.0,contrast_low|contrast_low,contrast_low|contrast_low
T013-S3,B,76,gaussian_blur,gaussian_blur,0.37162086641628495,0.5,0.0,gaussian_blur|gaussian_blur,gaussian_blur|gaussian_blur
T013-S3,B,77,clean,clean,0.29228525323862886,0.6,0.0,gaussian_noise|gaussian_noise,gaussian_noise|gaussian_noise
T013-S3,B,77,gaussian_noise,gaussian_noise,0.29228525323862886,0.6,0.0,gaussian_noise|gaussian_noise,gaussian_noise|gaussian_noise
T013-S3,B,78,brightness_dark,brightness_dark,0.29854955310662773,0.75,0.0,brightness_dark|brightness_dark,brightness_dark|brightness_dark
T013-S3,B,79,clean,clean,0.26616582133129196,0.8,0.0,gaussian_noise|gaussian_noise,gaussian_noise|gaussian_noise
T013-S3,B,79,gaussian_noise,gaussian_noise,0.26616582133129196,0.8,0.0,gaussian_noise|gaussian_noise,gaussian_noise|gaussian_noise
T013-S3,B,80,clean,clean,0.14118174150460758,0.9,0.0,clean|clean,clean|clean
T013-S3,B,80,brightness_dark,brightness_dark,0.14118174150460758,0.9,0.0,brightness_dark|brightness_dark,brightness_dark|brightness_dark
T013-S3,B,80,gaussian_blur,gaussian_blur,0.14118174150460758,0.9,0.0,gaussian_blur|gaussian_blur,gaussian_blur|gaussian_blur
T013-S3,B,81,brightness_dark,brightness_dark,0.08621407475879368,0.95,0.0,brightness_dark|brightness_dark,brightness_dark|brightness_dark
T013-S3,B,82,brightness_dark,brightness_dark,0.08621407475879368,0.95,0.0,brightness_dark|brightness_dark,brightness_dark|brightness_dark
T013-S3,B,83,clean,clean,0.26616582133129196,0.8,0.0,gaussian_noise|gaussian_noise,gaussian_noise|gaussian_noise
T013-S3,B,83,brightness_dark,brightness_dark,0.26616582133129196,0.8,0.0,brightness_dark|brightness_dark,brightness_dark|brightness_dark
T013-S3,B,83,contrast_low,contrast_low,0.26616582133129196,0.8,0.0,contrast_low|contrast_low,contrast_low|contrast_low
T013-S3,B,83,gaussian_noise,gaussian_noise,0.26616582133129196,0.8,0.0,gaussian_noise|gaussian_noise,gaussian_noise|gaussian_noise
T013-S3,B,84,clean,clean,0.45542455414570265,0.45,0.0,clean|gaussian_noise,clean|gaussian_noise
T013-S3,B,84,gaussian_noise,gaussian_noise,0.45542455414570265,0.45,0.0,gaussian_noise|gaussian_noise,gaussian_noise|gaussian_noise
T013-S3,B,85,brightness_dark,brightness_dark,0.2811825026595474,0.65,0.0,brightness_dark|brightness_dark,brightness_dark|brightness_dark
T013-S3,B,88,clean,clean,0.4802818720531094,0.6,0.0,clean|clean,clean|clean
T013-S3,B,88,brightness_dark,brightness_dark,0.4802818720531094,0.6,0.0,brightness_dark|brightness_dark,brightness_dark|brightness_dark
T013-S3,B,88,gaussian_blur,gaussian_blur,0.4802818720531094,0.6,0.0,gaussian_blur|gaussian_blur,gaussian_blur|gaussian_blur
T013-S3,B,89,brightness_dark,brightness_dark,0.2652949955741215,0.7,0.0,brightness_dark|brightness_dark,brightness_dark|brightness_dark
T013-S3,B,90,brightness_dark,brightness_dark,0.5365043035268443,0.45,0.0,brightness_dark|brightness_dark,brightness_dark|brightness_dark
T013-S3,B,91,brightness_dark,brightness_dark,0.22504541292605024,0.85,0.0,brightness_dark|brightness_dark,brightness_dark|brightness_dark
T013-S3,B,92,clean,clean,0.3239978696052098,0.7,0.0,gaussian_blur|gaussian_blur,gaussian_blur|gaussian_blur
T013-S3,B,92,brightness_dark,brightness_dark,0.3239978696052098,0.7,0.0,brightness_dark|brightness_dark,brightness_dark|brightness_dark
T013-S3,B,92,contrast_low,contrast_low,0.3239978696052098,0.7,0.0,contrast_low|contrast_low,contrast_low|contrast_low
T013-S3,B,92,gaussian_blur,gaussian_blur,0.3239978696052098,0.7,0.0,contrast_low|contrast_low,contrast_low|contrast_low
T013-S3,B,93,gaussian_noise,gaussian_noise,-0.0,1.0,0.0,gaussian_noise|gaussian_noise,gaussian_noise|gaussian_noise
T013-S3,B,94,brightness_dark,brightness_dark,0.08621407475879368,0.95,0.0,brightness_dark|brightness_dark,brightness_dark|brightness_dark
T013-S3,B,95,contrast_low,contrast_low,0.29854955310662773,0.75,0.0,contrast_low|contrast_low,contrast_low|contrast_low
T013-S3,B,95,gaussian_blur,gaussian_blur,0.29854955310662773,0.75,0.0,contrast_low|contrast_low,contrast_low|contrast_low
T013-S3,B,96,brightness_dark,brightness_dark,0.08621407475879368,0.95,0.0,brightness_dark|brightness_dark,brightness_dark|brightness_dark
T013-S3,B,97,clean,clean,0.29854955310662773,0.75,0.0,gaussian_noise|gaussian_noise,gaussian_noise|gaussian_noise
T013-S3,B,97,gaussian_noise,gaussian_noise,0.29854955310662773,0.75,0.0,gaussian_noise|gaussian_noise,gaussian_noise|gaussian_noise
T013-S3,B,98,brightness_dark,brightness_dark,0.34822537285722394,0.7,0.0,brightness_dark|brightness_dark,brightness_dark|brightness_dark
T013-S3,B,99,brightness_dark,brightness_dark,0.6814913078447037,0.35,0.0,brightness_dark|brightness_dark,brightness_dark|brightness_dark
T013-S1,A,34,gaussian_blur,gaussian_blur,0.3172903635978727,0.75,1.1731951614642285e-05,gaussian_blur|gaussian_blur,clean|gaussian_noise
T013-S1,B,49,gaussian_blur,gaussian_blur,0.18358022428449897,0.85,5.867511588335387e-05,gaussian_blur|gaussian_blur,contrast_low|gaussian_blur
T013-S2,B,57,gaussian_noise,gaussian_noise,0.5779694921683955,0.45,5.867511588335387e-05,gaussian_noise|clean,clean|clean
T013-S0,B,23,clean,clean,0.5374816209824899,0.5,6.148354524661928e-05,clean|gaussian_noise,gaussian_noise|gaussian_noise
T013-S0,B,34,gaussian_blur,gaussian_blur,0.3172903635978727,0.75,8.984871273749261e-05,gaussian_blur|gaussian_blur,gaussian_noise|gaussian_blur
T013-S2,B,96,gaussian_blur,gaussian_blur,0.08621407475879368,0.95,9.149080717628984e-05,gaussian_blur|contrast_low,brightness_dark|brightness_dark
T013-S0,A,2,clean,clean,0.1712847410710057,0.9,0.0001163385918376844,clean|clean,gaussian_noise|brightness_dark
T013-S0,A,91,contrast_low,contrast_low,0.22504541292605024,0.85,0.0001163385918376844,contrast_low|contrast_low,brightness_dark|contrast_low
T013-S0,B,2,clean,clean,0.1712847410710057,0.9,0.0001163385918376844,clean|clean,gaussian_noise|brightness_dark
T013-S0,B,91,contrast_low,contrast_low,0.22504541292605024,0.85,0.0001163385918376844,contrast_low|contrast_low,brightness_dark|contrast_low
T013-S0,B,56,contrast_low,contrast_low,0.4802818720531094,0.6,0.00012073309133055916,contrast_low|contrast_low,gaussian_blur|contrast_low
T013-S1,B,34,clean,clean,0.3172903635978727,0.75,0.00012073309133055916,clean|gaussian_noise,gaussian_noise|gaussian_noise
T013-S2,A,87,contrast_low,contrast_low,0.14118174150460758,0.9,0.00017082037265652095,contrast_low|contrast_low,contrast_low|brightness_dark
T013-S0,A,63,gaussian_noise,gaussian_noise,0.37162086641628495,0.5,0.00019884985245340948,gaussian_noise|gaussian_noise,gaussian_noise|clean
T013-S0,B,63,gaussian_noise,gaussian_noise,0.37162086641628495,0.5,0.00019884985245340948,gaussian_noise|gaussian_noise,gaussian_noise|clean
T013-S3,A,42,clean,clean,0.4023767052555694,0.55,0.00040294701933678447,clean|clean,gaussian_noise|clean
T013-S3,B,63,contrast_low,contrast_low,0.37162086641628495,0.5,0.0005965495573602284,contrast_low|contrast_low,contrast_low|gaussian_blur
T013-S0,A,57,brightness_dark,brightness_dark,0.5779694921683955,0.45,0.004854193489782633,brightness_dark|brightness_dark,contrast_low|contrast_low
T013-S1,A,57,brightness_dark,brightness_dark,0.5779694921683955,0.45,0.004854193489782633,brightness_dark|brightness_dark,contrast_low|contrast_low
T013-S2,A,57,brightness_dark,brightness_dark,0.5779694921683955,0.45,0.004854193489782633,brightness_dark|brightness_dark,contrast_low|contrast_low
T013-S3,A,57,brightness_dark,brightness_dark,0.5779694921683955,0.45,0.004854193489782633,brightness_dark|brightness_dark,contrast_low|contrast_low
T013-S2,B,84,contrast_low,contrast_low,0.45542455414570265,0.45,0.005377037057289531,contrast_low|contrast_low,gaussian_noise|clean
T013-S2,B,5,clean,clean,0.3849866301909954,0.65,0.00626593998017174,gaussian_noise|gaussian_noise,gaussian_noise|brightness_dark
T013-S2,A,33,gaussian_blur,gaussian_blur,0.18358022428449897,0.85,0.006293641552633359,gaussian_blur|gaussian_blur,contrast_low|brightness_dark
T013-S1,B,53,clean,clean,0.2652949955741215,0.7,0.006458309306885019,gaussian_blur|clean,contrast_low|gaussian_blur
T013-S3,B,41,clean,clean,0.34739336316427083,0.75,0.006475283759009952,clean|clean,brightness_dark|gaussian_blur
T013-S0,A,96,clean,clean,0.08621407475879368,0.95,0.006490113358248932,gaussian_blur|gaussian_blur,brightness_dark|brightness_dark
T013-S0,B,96,clean,clean,0.08621407475879368,0.95,0.006490113358248932,gaussian_blur|gaussian_blur,brightness_dark|brightness_dark
T013-S1,A,96,clean,clean,0.08621407475879368,0.95,0.006490113358248932,gaussian_blur|gaussian_blur,brightness_dark|brightness_dark
T013-S1,B,96,clean,clean,0.08621407475879368,0.95,0.006490113358248932,gaussian_blur|gaussian_blur,brightness_dark|brightness_dark
T013-S2,A,96,clean,clean,0.08621407475879368,0.95,0.006490113358248932,gaussian_blur|gaussian_blur,brightness_dark|brightness_dark
T013-S2,B,96,clean,clean,0.08621407475879368,0.95,0.006490113358248932,gaussian_blur|gaussian_blur,brightness_dark|brightness_dark
T013-S3,A,96,clean,clean,0.08621407475879368,0.95,0.006490113358248932,gaussian_blur|gaussian_blur,brightness_dark|brightness_dark
T013-S3,B,96,clean,clean,0.08621407475879368,0.95,0.006490113358248932,gaussian_blur|gaussian_blur,brightness_dark|brightness_dark
T013-S0,A,66,gaussian_noise,gaussian_noise,0.1712847410710057,0.9,0.006492767092616752,clean|clean,brightness_dark|brightness_dark
T013-S0,B,66,gaussian_noise,gaussian_noise,0.1712847410710057,0.9,0.006492767092616752,clean|clean,brightness_dark|brightness_dark
T013-S1,A,66,gaussian_noise,gaussian_noise,0.1712847410710057,0.9,0.006492767092616752,clean|clean,brightness_dark|brightness_dark
T013-S1,B,66,gaussian_noise,gaussian_noise,0.1712847410710057,0.9,0.006492767092616752,clean|clean,brightness_dark|brightness_dark
T013-S2,A,66,gaussian_noise,gaussian_noise,0.1712847410710057,0.9,0.006492767092616752,clean|clean,brightness_dark|brightness_dark
T013-S2,B,66,gaussian_noise,gaussian_noise,0.1712847410710057,0.9,0.006492767092616752,clean|clean,brightness_dark|brightness_dark
T013-S3,A,66,gaussian_noise,gaussian_noise,0.1712847410710057,0.9,0.006492767092616752,clean|clean,brightness_dark|brightness_dark
T013-S3,B,66,gaussian_noise,gaussian_noise,0.1712847410710057,0.9,0.006492767092616752,clean|clean,brightness_dark|brightness_dark
T013-S2,B,93,gaussian_noise,gaussian_noise,-0.0,1.0,0.006503648926500825,gaussian_noise|gaussian_noise,gaussian_noise|clean
T013-S0,A,95,gaussian_noise,gaussian_noise,0.29854955310662773,0.75,0.006526491930096611,clean|clean,gaussian_blur|contrast_low
T013-S0,A,25,gaussian_noise,gaussian_noise,0.43881668341155816,0.45,0.006534248093154378,gaussian_noise|gaussian_noise,gaussian_blur|gaussian_noise
T013-S0,B,25,gaussian_noise,gaussian_noise,0.43881668341155816,0.45,0.006534248093154378,gaussian_noise|gaussian_noise,gaussian_blur|gaussian_noise
T013-S1,A,25,gaussian_noise,gaussian_noise,0.43881668341155816,0.45,0.006534248093154378,gaussian_noise|gaussian_noise,gaussian_blur|gaussian_noise
T013-S1,B,25,gaussian_noise,gaussian_noise,0.43881668341155816,0.45,0.006534248093154378,gaussian_noise|gaussian_noise,gaussian_blur|gaussian_noise
T013-S2,B,20,gaussian_noise,gaussian_noise,-0.0,1.0,0.006548788474132285,gaussian_noise|clean,clean|clean
T013-S1,B,92,brightness_dark,brightness_dark,0.3239978696052098,0.7,0.006564268823285787,brightness_dark|brightness_dark,contrast_low|brightness_dark
T013-S1,A,92,gaussian_noise,gaussian_noise,0.3239978696052098,0.7,0.00656794090111071,clean|clean,gaussian_blur|clean
T013-S0,B,28,gaussian_blur,gaussian_blur,0.5053986284565879,0.65,0.006596306068601583,gaussian_blur|gaussian_blur,brightness_dark|brightness_dark
T013-S1,B,28,gaussian_blur,gaussian_blur,0.5053986284565879,0.65,0.006596306068601583,gaussian_blur|gaussian_blur,brightness_dark|brightness_dark
T013-S2,B,18,contrast_low,contrast_low,0.29854955310662773,0.75,0.006596306068601583,contrast_low|contrast_low,gaussian_noise|brightness_dark
T013-S2,B,28,gaussian_blur,gaussian_blur,0.5053986284565879,0.65,0.006596306068601583,gaussian_blur|gaussian_blur,brightness_dark|brightness_dark
T013-S3,B,28,gaussian_blur,gaussian_blur,0.5053986284565879,0.65,0.006596306068601583,gaussian_blur|gaussian_blur,brightness_dark|brightness_dark
T013-S0,A,41,clean,clean,0.34739336316427083,0.75,0.006623807587630798,clean|clean,gaussian_blur|gaussian_blur
T013-S2,A,17,gaussian_noise,gaussian_noise,0.4023767052555694,0.55,0.006626616016994063,gaussian_noise|clean,clean|clean
T013-S1,A,56,gaussian_noise,gaussian_noise,0.4802818720531094,0.6,0.0066269052352551355,gaussian_noise|gaussian_noise,clean|clean
T013-S2,A,56,gaussian_noise,gaussian_noise,0.4802818720531094,0.6,0.0066269052352551355,gaussian_noise|gaussian_noise,gaussian_noise|clean
T013-S2,B,56,gaussian_noise,gaussian_noise,0.4802818720531094,0.6,0.0066269052352551355,gaussian_noise|gaussian_noise,gaussian_noise|clean
T013-S3,A,56,gaussian_noise,gaussian_noise,0.4802818720531094,0.6,0.0066269052352551355,gaussian_noise|gaussian_noise,clean|clean
T013-S3,B,91,contrast_low,contrast_low,0.22504541292605024,0.85,0.006631299734748011,contrast_low|contrast_low,contrast_low|brightness_dark
T013-S0,A,71,gaussian_noise,gaussian_noise,0.3172903635978727,0.75,0.006648912561029738,gaussian_noise|gaussian_noise,brightness_dark|brightness_dark
T013-S1,A,71,gaussian_noise,gaussian_noise,0.3172903635978727,0.75,0.006648912561029738,gaussian_noise|gaussian_noise,brightness_dark|brightness_dark
T013-S2,A,71,gaussian_noise,gaussian_noise,0.3172903635978727,0.75,0.006648912561029738,gaussian_noise|gaussian_noise,brightness_dark|brightness_dark
T013-S3,A,71,gaussian_noise,gaussian_noise,0.3172903635978727,0.75,0.006648912561029738,gaussian_noise|gaussian_noise,brightness_dark|brightness_dark
T013-S1,A,38,clean,clean,-0.0,1.0,0.006657789613848202,clean|gaussian_noise,gaussian_noise|gaussian_noise
T013-S1,B,38,gaussian_blur,gaussian_blur,-0.0,1.0,0.006657789613848202,gaussian_blur|gaussian_blur,clean|gaussian_noise
T013-S2,A,38,clean,clean,-0.0,1.0,0.006657789613848202,gaussian_noise|clean,gaussian_noise|gaussian_noise
T013-S3,A,38,clean,clean,-0.0,1.0,0.006657789613848202,clean|gaussian_noise,gaussian_noise|gaussian_noise
T013-S3,B,55,clean,clean,0.08621407475879368,0.95,0.006657789613848202,clean|gaussian_noise,gaussian_noise|gaussian_noise
T013-S0,A,86,brightness_dark,brightness_dark,0.4647156441454661,0.55,0.006666666666666667,brightness_dark|brightness_dark,clean|clean
T013-S0,B,86,brightness_dark,brightness_dark,0.4647156441454661,0.55,0.006666666666666667,brightness_dark|brightness_dark,clean|clean
T013-S1,A,86,brightness_dark,brightness_dark,0.4647156441454661,0.55,0.006666666666666667,brightness_dark|brightness_dark,clean|clean
T013-S1,B,86,brightness_dark,brightness_dark,0.4647156441454661,0.55,0.006666666666666667,brightness_dark|brightness_dark,clean|clean
T013-S2,A,86,brightness_dark,brightness_dark,0.4647156441454661,0.55,0.006666666666666667,brightness_dark|brightness_dark,clean|clean
T013-S2,B,86,brightness_dark,brightness_dark,0.4647156441454661,0.55,0.006666666666666667,brightness_dark|brightness_dark,clean|clean
T013-S3,A,86,brightness_dark,brightness_dark,0.4647156441454661,0.55,0.006666666666666667,brightness_dark|brightness_dark,clean|clean
T013-S3,B,86,brightness_dark,brightness_dark,0.4647156441454661,0.55,0.006666666666666667,brightness_dark|brightness_dark,gaussian_noise|clean
T013-S0,A,58,contrast_low,contrast_low,0.14118174150460758,0.9,0.006688963210702341,contrast_low|contrast_low,gaussian_noise|gaussian_noise
T013-S0,A,93,clean,clean,-0.0,1.0,0.006688963210702341,gaussian_noise|gaussian_noise,gaussian_noise|brightness_dark
T013-S0,B,58,contrast_low,contrast_low,0.14118174150460758,0.9,0.006688963210702341,contrast_low|contrast_low,gaussian_noise|gaussian_noise
T013-S1,A,58,contrast_low,contrast_low,0.14118174150460758,0.9,0.006688963210702341,contrast_low|contrast_low,gaussian_noise|gaussian_noise
T013-S1,B,58,contrast_low,contrast_low,0.14118174150460758,0.9,0.006688963210702341,contrast_low|contrast_low,gaussian_noise|gaussian_noise
T013-S2,A,58,contrast_low,contrast_low,0.14118174150460758,0.9,0.006688963210702341,contrast_low|contrast_low,gaussian_noise|gaussian_noise
T013-S2,B,25,clean,clean,0.43881668341155816,0.45,0.006688963210702341,clean|clean,gaussian_noise|gaussian_blur
T013-S2,B,58,contrast_low,contrast_low,0.14118174150460758,0.9,0.006688963210702341,contrast_low|contrast_low,gaussian_noise|gaussian_noise
T013-S3,A,58,contrast_low,contrast_low,0.14118174150460758,0.9,0.006688963210702341,contrast_low|contrast_low,gaussian_noise|gaussian_noise
T013-S3,B,58,contrast_low,contrast_low,0.14118174150460758,0.9,0.006688963210702341,contrast_low|contrast_low,gaussian_noise|gaussian_noise
T013-S0,A,21,brightness_dark,brightness_dark,-0.0,1.0,0.006702412868632708,brightness_dark|brightness_dark,clean|brightness_dark
T013-S2,B,21,brightness_dark,brightness_dark,-0.0,1.0,0.006702412868632708,brightness_dark|brightness_dark,brightness_dark|clean
T013-S3,A,21,brightness_dark,brightness_dark,-0.0,1.0,0.006702412868632708,brightness_dark|brightness_dark,brightness_dark|clean
T013-S0,A,87,clean,clean,0.14118174150460758,0.9,0.0067121301153118375,gaussian_noise|gaussian_noise,brightness_dark|brightness_dark
T013-S1,A,87,clean,clean,0.14118174150460758,0.9,0.0067121301153118375,gaussian_noise|gaussian_noise,brightness_dark|brightness_dark
T013-S2,A,87,clean,clean,0.14118174150460758,0.9,0.0067121301153118375,gaussian_noise|gaussian_noise,brightness_dark|brightness_dark
T013-S3,A,87,clean,clean,0.14118174150460758,0.9,0.0067121301153118375,gaussian_noise|gaussian_noise,brightness_dark|brightness_dark
T013-S1,B,41,gaussian_blur,gaussian_blur,0.34739336316427083,0.75,0.0067164647297315565,gaussian_blur|gaussian_blur,contrast_low|gaussian_blur
T013-S0,A,40,clean,clean,-0.0,1.0,0.006747638326585695,gaussian_blur|gaussian_blur,gaussian_noise|brightness_dark
T013-S0,A,63,contrast_low,contrast_low,0.37162086641628495,0.5,0.006747638326585695,contrast_low|contrast_low,gaussian_blur|contrast_low
T013-S0,B,40,clean,clean,-0.0,1.0,0.006747638326585695,gaussian_blur|gaussian_blur,gaussian_noise|brightness_dark
T013-S1,A,40,clean,clean,-0.0,1.0,0.006747638326585695,gaussian_blur|gaussian_blur,clean|gaussian_noise
T013-S1,A,91,contrast_low,contrast_low,0.22504541292605024,0.85,0.006747638326585695,contrast_low|contrast_low,contrast_low|brightness_dark
T013-S1,B,56,contrast_low,contrast_low,0.4802818720531094,0.6,0.006747638326585695,contrast_low|contrast_low,contrast_low|gaussian_blur
T013-S2,A,91,contrast_low,contrast_low,0.22504541292605024,0.85,0.006747638326585695,contrast_low|contrast_low,contrast_low|brightness_dark
T013-S3,A,40,clean,clean,-0.0,1.0,0.006747638326585695,gaussian_blur|gaussian_blur,clean|gaussian_noise
T013-S3,B,40,clean,clean,-0.0,1.0,0.006747638326585695,clean|gaussian_blur,clean|gaussian_noise
T013-S0,B,35,gaussian_noise,gaussian_noise,0.2988548895792612,0.55,0.0067824840012647575,clean|clean,clean|gaussian_noise
T013-S2,A,34,clean,clean,0.3172903635978727,0.75,0.006868371417916254,gaussian_noise|clean,gaussian_noise|gaussian_noise
T013-S2,B,34,clean,clean,0.3172903635978727,0.75,0.006868371417916254,gaussian_noise|clean,gaussian_noise|gaussian_noise
T013-S3,B,34,clean,clean,0.3172903635978727,0.75,0.006868371417916254,clean|gaussian_noise,gaussian_noise|gaussian_noise
T013-S0,B,69,contrast_low,contrast_low,0.3239978696052099,0.7,0.00688493777595873,contrast_low|contrast_low,gaussian_noise|gaussian_noise
T013-S1,B,69,contrast_low,contrast_low,0.3239978696052099,0.7,0.00688493777595873,contrast_low|contrast_low,gaussian_noise|gaussian_noise
T013-S2,B,69,contrast_low,contrast_low,0.3239978696052099,0.7,0.00688493777595873,contrast_low|contrast_low,gaussian_noise|gaussian_noise
T013-S3,B,69,contrast_low,contrast_low,0.3239978696052099,0.7,0.00688493777595873,contrast_low|contrast_low,gaussian_noise|gaussian_noise
T013-S1,B,74,contrast_low,contrast_low,-0.0,1.0,0.006969312683842452,gaussian_blur|contrast_low,gaussian_blur|gaussian_blur
T013-S2,A,6,gaussian_noise,gaussian_noise,0.37162086641628495,0.5,0.0069940057735084025,gaussian_noise|gaussian_noise,gaussian_noise|clean
T013-S2,B,42,clean,clean,0.4023767052555694,0.55,0.006999253087938368,clean|clean,gaussian_noise|clean
T013-S0,A,32,contrast_low,contrast_low,0.6385229941014448,0.35,0.007023008089069272,contrast_low|contrast_low,gaussian_noise|contrast_low
T013-S0,B,32,contrast_low,contrast_low,0.6385229941014448,0.35,0.007453678117735121,contrast_low|contrast_low,gaussian_noise|gaussian_noise
T013-S1,B,32,contrast_low,contrast_low,0.6385229941014448,0.35,0.007453678117735121,contrast_low|contrast_low,gaussian_noise|gaussian_noise
T013-S2,B,32,contrast_low,contrast_low,0.6385229941014448,0.35,0.007453678117735121,contrast_low|contrast_low,gaussian_noise|gaussian_noise
T013-S3,B,32,contrast_low,contrast_low,0.6385229941014448,0.35,0.007453678117735121,contrast_low|contrast_low,gaussian_noise|gaussian_noise
T013-S3,B,33,clean,clean,0.18358022428449897,0.85,0.012435950847282606,gaussian_noise|gaussian_noise,brightness_dark|gaussian_noise
T013-S3,B,5,gaussian_noise,gaussian_noise,0.3849866301909954,0.65,0.012853083784015345,gaussian_noise|gaussian_noise,brightness_dark|gaussian_noise
T013-S1,A,84,clean,clean,0.45542455414570265,0.45,0.01294134342601887,gaussian_noise|clean,gaussian_noise|gaussian_noise
T013-S2,A,53,clean,clean,0.2652949955741215,0.7,0.012974282089724369,clean|gaussian_blur,gaussian_blur|contrast_low
T013-S0,A,95,brightness_dark,brightness_dark,0.29854955310662773,0.75,0.013030140856597436,brightness_dark|brightness_dark,contrast_low|contrast_low
T013-S0,B,95,brightness_dark,brightness_dark,0.29854955310662773,0.75,0.013030140856597436,brightness_dark|brightness_dark,contrast_low|contrast_low
T013-S1,A,95,brightness_dark,brightness_dark,0.29854955310662773,0.75,0.013030140856597436,brightness_dark|brightness_dark,contrast_low|contrast_low
T013-S1,B,95,brightness_dark,brightness_dark,0.29854955310662773,0.75,0.013030140856597436,brightness_dark|brightness_dark,contrast_low|contrast_low
T013-S2,A,95,brightness_dark,brightness_dark,0.29854955310662773,0.75,0.013030140856597436,brightness_dark|brightness_dark,contrast_low|contrast_low
T013-S2,B,95,brightness_dark,brightness_dark,0.29854955310662773,0.75,0.013030140856597436,brightness_dark|brightness_dark,contrast_low|contrast_low
T013-S3,A,95,brightness_dark,brightness_dark,0.29854955310662773,0.75,0.013030140856597436,brightness_dark|brightness_dark,contrast_low|contrast_low
T013-S3,B,95,brightness_dark,brightness_dark,0.29854955310662773,0.75,0.013030140856597436,brightness_dark|brightness_dark,contrast_low|contrast_low
T013-S0,A,80,gaussian_noise,gaussian_noise,0.14118174150460758,0.9,0.01309757694826457,gaussian_noise|gaussian_noise,clean|clean
T013-S0,B,80,gaussian_noise,gaussian_noise,0.14118174150460758,0.9,0.01309757694826457,gaussian_noise|gaussian_noise,clean|clean
T013-S1,A,80,gaussian_noise,gaussian_noise,0.14118174150460758,0.9,0.01309757694826457,gaussian_noise|gaussian_noise,clean|clean
T013-S1,B,80,gaussian_noise,gaussian_noise,0.14118174150460758,0.9,0.01309757694826457,gaussian_noise|gaussian_noise,clean|clean
T013-S2,A,80,gaussian_noise,gaussian_noise,0.14118174150460758,0.9,0.01309757694826457,gaussian_noise|gaussian_noise,clean|clean
T013-S2,B,80,gaussian_noise,gaussian_noise,0.14118174150460758,0.9,0.01309757694826457,gaussian_noise|gaussian_noise,clean|clean
T013-S3,A,80,gaussian_noise,gaussian_noise,0.14118174150460758,0.9,0.01309757694826457,gaussian_noise|gaussian_noise,clean|clean
T013-S3,B,80,gaussian_noise,gaussian_noise,0.14118174150460758,0.9,0.01309757694826457,gaussian_noise|gaussian_noise,clean|clean
T013-S1,A,55,clean,clean,0.08621407475879368,0.95,0.013254095682449785,clean|gaussian_noise,gaussian_noise|gaussian_noise
T013-S1,B,55,clean,clean,0.08621407475879368,0.95,0.013254095682449785,clean|gaussian_noise,gaussian_noise|gaussian_noise
T013-S2,B,17,gaussian_noise,gaussian_noise,0.4023767052555694,0.55,0.013284405630842266,gaussian_noise|clean,clean|clean
T013-S3,A,93,brightness_dark,brightness_dark,-0.0,1.0,0.013285269279303924,brightness_dark|brightness_dark,brightness_dark|clean
T013-S3,B,93,brightness_dark,brightness_dark,-0.0,1.0,0.013285269279303924,brightness_dark|brightness_dark,brightness_dark|clean
T013-S0,A,28,gaussian_blur,gaussian_blur,0.5053986284565879,0.65,0.013343944395187279,gaussian_blur|gaussian_blur,brightness_dark|brightness_dark
T013-S1,A,28,gaussian_blur,gaussian_blur,0.5053986284565879,0.65,0.013343944395187279,gaussian_blur|gaussian_blur,brightness_dark|brightness_dark
T013-S2,A,28,clean,clean,0.5053986284565879,0.65,0.013343944395187279,clean|clean,gaussian_noise|brightness_dark
T013-S2,A,28,gaussian_noise,gaussian_noise,0.5053986284565879,0.65,0.013343944395187279,gaussian_noise|gaussian_noise,gaussian_noise|brightness_dark
T013-S2,A,28,gaussian_blur,gaussian_blur,0.5053986284565879,0.65,0.013343944395187279,gaussian_blur|gaussian_blur,brightness_dark|brightness_dark
T013-S3,A,28,gaussian_blur,gaussian_blur,0.5053986284565879,0.65,0.013343944395187279,gaussian_blur|gaussian_blur,brightness_dark|brightness_dark
T013-S0,A,70,clean,clean,0.21732201127364886,0.8,0.013377062772943024,clean|gaussian_noise,gaussian_noise|gaussian_noise
T013-S0,B,70,clean,clean,0.21732201127364886,0.8,0.013377062772943024,clean|gaussian_noise,gaussian_noise|gaussian_noise
T013-S1,A,25,clean,clean,0.43881668341155816,0.45,0.013377926421404682,clean|clean,gaussian_noise|gaussian_noise
T013-S2,A,25,clean,clean,0.43881668341155816,0.45,0.013377926421404682,clean|clean,gaussian_noise|gaussian_noise
T013-S0,A,40,brightness_dark,brightness_dark,-0.0,1.0,0.013378938061333705,brightness_dark|brightness_dark,clean|clean
T013-S0,B,40,brightness_dark,brightness_dark,-0.0,1.0,0.013378938061333705,brightness_dark|brightness_dark,clean|clean
T013-S1,A,40,brightness_dark,brightness_dark,-0.0,1.0,0.013378938061333705,brightness_dark|brightness_dark,clean|clean
T013-S1,B,40,brightness_dark,brightness_dark,-0.0,1.0,0.013378938061333705,brightness_dark|brightness_dark,clean|clean
T013-S1,B,91,contrast_low,contrast_low,0.22504541292605024,0.85,0.013378938061333705,contrast_low|contrast_low,contrast_low|brightness_dark
T013-S2,A,40,brightness_dark,brightness_dark,-0.0,1.0,0.013378938061333705,brightness_dark|brightness_dark,clean|clean
T013-S2,B,40,brightness_dark,brightness_dark,-0.0,1.0,0.013378938061333705,brightness_dark|brightness_dark,clean|clean
T013-S2,B,91,contrast_low,contrast_low,0.22504541292605024,0.85,0.013378938061333705,contrast_low|contrast_low,contrast_low|brightness_dark
T013-S3,A,40,brightness_dark,brightness_dark,-0.0,1.0,0.013378938061333705,brightness_dark|brightness_dark,clean|clean
T013-S3,B,40,brightness_dark,brightness_dark,-0.0,1.0,0.013378938061333705,brightness_dark|brightness_dark,clean|clean
T013-S0,B,21,brightness_dark,brightness_dark,-0.0,1.0,0.013404825737265416,brightness_dark|brightness_dark,clean|brightness_dark
T013-S1,A,93,clean,clean,-0.0,1.0,0.013404825737265416,gaussian_noise|gaussian_noise,gaussian_noise|brightness_dark
T013-S1,B,93,clean,clean,-0.0,1.0,0.013404825737265416,gaussian_noise|gaussian_noise,gaussian_noise|brightness_dark
T013-S3,B,21,brightness_dark,brightness_dark,-0.0,1.0,0.013404825737265416,brightness_dark|brightness_dark,brightness_dark|clean
T013-S0,A,40,contrast_low,contrast_low,-0.0,1.0,0.013414304993252362,contrast_low|contrast_low,clean|clean
T013-S1,A,40,contrast_low,contrast_low,-0.0,1.0,0.013414304993252362,contrast_low|contrast_low,clean|clean
T013-S2,A,40,contrast_low,contrast_low,-0.0,1.0,0.013414304993252362,contrast_low|contrast_low,clean|clean
T013-S3,A,40,contrast_low,contrast_low,-0.0,1.0,0.013414304993252362,contrast_low|contrast_low,clean|clean
T013-S0,B,87,clean,clean,0.14118174150460758,0.9,0.013459768441897533,gaussian_noise|gaussian_noise,brightness_dark|brightness_dark
T013-S1,B,87,clean,clean,0.14118174150460758,0.9,0.013459768441897533,gaussian_noise|gaussian_noise,brightness_dark|brightness_dark
T013-S2,B,87,clean,clean,0.14118174150460758,0.9,0.013459768441897533,gaussian_noise|gaussian_noise,brightness_dark|brightness_dark
T013-S3,B,87,clean,clean,0.14118174150460758,0.9,0.013459768441897533,gaussian_noise|gaussian_noise,brightness_dark|brightness_dark
T013-S0,A,2,brightness_dark,brightness_dark,0.1712847410710057,0.9,0.01349527665317139,brightness_dark|brightness_dark,contrast_low|contrast_low
T013-S0,B,2,brightness_dark,brightness_dark,0.1712847410710057,0.9,0.01349527665317139,brightness_dark|brightness_dark,contrast_low|contrast_low
T013-S1,A,2,brightness_dark,brightness_dark,0.1712847410710057,0.9,0.01349527665317139,brightness_dark|brightness_dark,contrast_low|contrast_low
T013-S1,A,28,clean,clean,0.5053986284565879,0.65,0.01349527665317139,clean|clean,brightness_dark|gaussian_noise
T013-S1,B,2,brightness_dark,brightness_dark,0.1712847410710057,0.9,0.01349527665317139,brightness_dark|brightness_dark,contrast_low|contrast_low
T013-S1,B,96,contrast_low,contrast_low,0.08621407475879368,0.95,0.01349527665317139,contrast_low|contrast_low,contrast_low|brightness_dark
T013-S2,A,2,brightness_dark,brightness_dark,0.1712847410710057,0.9,0.01349527665317139,brightness_dark|brightness_dark,contrast_low|contrast_low
T013-S2,A,7,gaussian_noise,gaussian_noise,0.14118174150460758,0.9,0.01349527665317139,gaussian_noise|gaussian_noise,gaussian_noise|clean
T013-S2,A,49,gaussian_noise,gaussian_noise,0.18358022428449897,0.85,0.01349527665317139,gaussian_noise|gaussian_noise,gaussian_noise|clean
T013-S2,B,2,brightness_dark,brightness_dark,0.1712847410710057,0.9,0.01349527665317139,brightness_dark|brightness_dark,contrast_low|contrast_low
T013-S3,A,2,brightness_dark,brightness_dark,0.1712847410710057,0.9,0.01349527665317139,brightness_dark|brightness_dark,contrast_low|contrast_low
T013-S3,B,2,brightness_dark,brightness_dark,0.1712847410710057,0.9,0.01349527665317139,brightness_dark|brightness_dark,contrast_low|contrast_low
T013-S1,B,34,gaussian_blur,gaussian_blur,0.3172903635978727,0.75,0.013658626074709659,gaussian_blur|gaussian_blur,gaussian_noise|gaussian_blur
T013-S0,B,49,gaussian_blur,gaussian_blur,0.18358022428449897,0.85,0.013671302000821452,gaussian_blur|gaussian_blur,contrast_low|contrast_low
T013-S2,B,49,gaussian_blur,gaussian_blur,0.18358022428449897,0.85,0.013671302000821452,gaussian_blur|gaussian_blur,contrast_low|contrast_low
T013-S3,B,49,gaussian_blur,gaussian_blur,0.18358022428449897,0.85,0.013671302000821452,gaussian_blur|gaussian_blur,contrast_low|contrast_low
T013-S0,B,63,contrast_low,contrast_low,0.37162086641628495,0.5,0.01401085455061259,contrast_low|contrast_low,gaussian_blur|gaussian_blur
T013-S1,B,63,contrast_low,contrast_low,0.37162086641628495,0.5,0.01401085455061259,contrast_low|contrast_low,gaussian_blur|gaussian_blur
T013-S2,B,63,contrast_low,contrast_low,0.37162086641628495,0.5,0.01401085455061259,contrast_low|contrast_low,gaussian_blur|gaussian_blur
T013-S0,A,87,brightness_dark,brightness_dark,0.14118174150460758,0.9,0.018895184288694696,brightness_dark|brightness_dark,contrast_low|contrast_low
T013-S1,A,87,brightness_dark,brightness_dark,0.14118174150460758,0.9,0.018895184288694696,brightness_dark|brightness_dark,contrast_low|contrast_low
T013-S2,A,87,brightness_dark,brightness_dark,0.14118174150460758,0.9,0.018895184288694696,brightness_dark|brightness_dark,contrast_low|contrast_low
T013-S3,A,87,brightness_dark,brightness_dark,0.14118174150460758,0.9,0.018895184288694696,brightness_dark|brightness_dark,contrast_low|contrast_low
T013-S0,B,5,gaussian_noise,gaussian_noise,0.3849866301909954,0.65,0.01951975045068201,gaussian_noise|gaussian_noise,brightness_dark|gaussian_noise
T013-S2,A,34,brightness_dark,brightness_dark,0.3172903635978727,0.75,0.019701018280290424,brightness_dark|brightness_dark,contrast_low|contrast_low
T013-S3,A,34,brightness_dark,brightness_dark,0.3172903635978727,0.75,0.019701018280290424,brightness_dark|brightness_dark,contrast_low|contrast_low
T013-S1,A,17,gaussian_noise,gaussian_noise,0.4023767052555694,0.55,0.01991102164783633,clean|gaussian_noise,clean|clean
T013-S1,A,69,brightness_dark,brightness_dark,0.3239978696052099,0.7,0.019915871701708405,brightness_dark|brightness_dark,gaussian_noise|brightness_dark
T013-S0,B,38,gaussian_blur,gaussian_blur,-0.0,1.0,0.019973368841544607,gaussian_blur|gaussian_blur,clean|gaussian_noise
T013-S0,A,28,clean,clean,0.5053986284565879,0.65,0.02009158272177297,clean|clean,brightness_dark|brightness_dark
T013-S0,B,28,clean,clean,0.5053986284565879,0.65,0.02009158272177297,clean|clean,brightness_dark|brightness_dark
T013-S1,B,28,clean,clean,0.5053986284565879,0.65,0.02009158272177297,clean|clean,brightness_dark|brightness_dark
T013-S2,B,28,clean,clean,0.5053986284565879,0.65,0.02009158272177297,clean|clean,brightness_dark|brightness_dark
T013-S3,A,28,clean,clean,0.5053986284565879,0.65,0.02009158272177297,clean|clean,brightness_dark|brightness_dark
T013-S3,B,28,clean,clean,0.5053986284565879,0.65,0.02009158272177297,clean|clean,brightness_dark|brightness_dark
T013-S1,A,41,clean,clean,0.34739336316427083,0.75,0.020121892670165453,clean|clean,brightness_dark|gaussian_blur
T013-S3,A,0,gaussian_blur,gaussian_blur,0.22504541292605024,0.85,0.020190184490647224,gaussian_blur|gaussian_blur,brightness_dark|contrast_low
T013-S1,A,22,clean,clean,0.29228525323862886,0.6,0.02037717950934305,clean|clean,gaussian_noise|clean
T013-S0,A,57,clean,clean,0.5779694921683955,0.45,0.025517104718482213,clean|clean,gaussian_blur|gaussian_blur
T013-S0,B,57,clean,clean,0.5779694921683955,0.45,0.025517104718482213,clean|clean,gaussian_blur|gaussian_blur
T013-S1,A,57,clean,clean,0.5779694921683955,0.45,0.025517104718482213,clean|clean,gaussian_blur|gaussian_blur
T013-S1,B,57,clean,clean,0.5779694921683955,0.45,0.025517104718482213,clean|clean,gaussian_blur|gaussian_blur
T013-S2,A,57,clean,clean,0.5779694921683955,0.45,0.025517104718482213,clean|clean,gaussian_blur|gaussian_blur
T013-S2,B,57,clean,clean,0.5779694921683955,0.45,0.025517104718482213,clean|clean,gaussian_blur|gaussian_blur
T013-S3,A,57,clean,clean,0.5779694921683955,0.45,0.025517104718482213,clean|clean,gaussian_blur|gaussian_blur
T013-S3,B,57,clean,clean,0.5779694921683955,0.45,0.025517104718482213,clean|clean,gaussian_blur|gaussian_blur
T013-S2,B,33,clean,clean,0.18358022428449897,0.85,0.025931227500453995,gaussian_noise|gaussian_noise,gaussian_noise|brightness_dark
T013-S3,A,33,clean,clean,0.18358022428449897,0.85,0.025931227500453995,gaussian_noise|gaussian_noise,brightness_dark|gaussian_noise
T013-S3,A,84,clean,clean,0.45542455414570265,0.45,0.02603892037428344,clean|gaussian_noise,gaussian_noise|gaussian_noise
T013-S2,B,53,clean,clean,0.2652949955741215,0.7,0.02623688155922039,clean|gaussian_blur,gaussian_blur|contrast_low
T013-S0,A,53,clean,clean,0.2652949955741215,0.7,0.026409871987083382,gaussian_blur|gaussian_blur,gaussian_blur|contrast_low
T013-S0,A,69,brightness_dark,brightness_dark,0.3239978696052099,0.7,0.02665370938937933,brightness_dark|brightness_dark,brightness_dark|gaussian_noise
T013-S2,A,69,brightness_dark,brightness_dark,0.3239978696052099,0.7,0.02666689288785795,brightness_dark|brightness_dark,brightness_dark|gaussian_noise
T013-S2,B,33,gaussian_blur,gaussian_blur,0.18358022428449897,0.85,0.026687888790374557,gaussian_blur|gaussian_blur,gaussian_blur|brightness_dark
T013-S1,B,41,clean,clean,0.34739336316427083,0.75,0.02686953099675115,clean|clean,brightness_dark|gaussian_blur
T013-S3,A,22,clean,clean,0.29228525323862886,0.6,0.026879968793703773,clean|clean,gaussian_noise|clean
T013-S0,B,96,contrast_low,contrast_low,0.08621407475879368,0.95,0.026931878190459425,contrast_low|contrast_low,brightness_dark|brightness_dark
T013-S2,B,96,contrast_low,contrast_low,0.08621407475879368,0.95,0.026931878190459425,contrast_low|contrast_low,brightness_dark|brightness_dark
T013-S3,B,96,contrast_low,contrast_low,0.08621407475879368,0.95,0.026931878190459425,contrast_low|contrast_low,brightness_dark|brightness_dark
T013-S3,A,32,contrast_low,contrast_low,0.6385229941014448,0.35,0.0269872146658559,contrast_low|contrast_low,gaussian_noise|contrast_low
T013-S0,B,7,gaussian_blur,gaussian_blur,0.14118174150460758,0.9,0.02699055330634278,gaussian_blur|gaussian_blur,gaussian_blur|contrast_low
T013-S0,A,7,gaussian_noise,gaussian_noise,0.14118174150460758,0.9,0.027049228422226134,gaussian_noise|gaussian_noise,gaussian_noise|clean
T013-S0,A,87,gaussian_noise,gaussian_noise,0.14118174150460758,0.9,0.027134742520543906,gaussian_noise|gaussian_noise,brightness_dark|brightness_dark
T013-S1,A,87,gaussian_noise,gaussian_noise,0.14118174150460758,0.9,0.027134742520543906,gaussian_noise|gaussian_noise,brightness_dark|brightness_dark
T013-S2,A,87,gaussian_noise,gaussian_noise,0.14118174150460758,0.9,0.027134742520543906,gaussian_noise|gaussian_noise,brightness_dark|brightness_dark
T013-S3,A,87,gaussian_noise,gaussian_noise,0.14118174150460758,0.9,0.027134742520543906,gaussian_noise|gaussian_noise,brightness_dark|brightness_dark
T013-S0,B,87,gaussian_noise,gaussian_noise,0.14118174150460758,0.9,0.027215714180462938,gaussian_noise|gaussian_noise,brightness_dark|brightness_dark
T013-S1,B,87,gaussian_noise,gaussian_noise,0.14118174150460758,0.9,0.027215714180462938,gaussian_noise|gaussian_noise,brightness_dark|brightness_dark
T013-S2,B,87,gaussian_noise,gaussian_noise,0.14118174150460758,0.9,0.027215714180462938,gaussian_noise|gaussian_noise,brightness_dark|brightness_dark
T013-S3,B,87,gaussian_noise,gaussian_noise,0.14118174150460758,0.9,0.027215714180462938,gaussian_noise|gaussian_noise,brightness_dark|brightness_dark
T013-S0,A,54,contrast_low,contrast_low,0.26616582133129196,0.8,0.03269219260649583,contrast_low|contrast_low,gaussian_noise|gaussian_noise
T013-S1,A,54,contrast_low,contrast_low,0.26616582133129196,0.8,0.03269219260649583,contrast_low|contrast_low,gaussian_noise|gaussian_noise
T013-S2,A,54,contrast_low,contrast_low,0.26616582133129196,0.8,0.03269219260649583,contrast_low|contrast_low,gaussian_noise|gaussian_noise
T013-S3,A,54,contrast_low,contrast_low,0.26616582133129196,0.8,0.03269219260649583,contrast_low|contrast_low,gaussian_noise|gaussian_noise
T013-S0,A,17,gaussian_blur,gaussian_blur,0.4023767052555694,0.55,0.03310190648811618,gaussian_blur|gaussian_blur,contrast_low|contrast_low
T013-S1,A,17,gaussian_blur,gaussian_blur,0.4023767052555694,0.55,0.03310190648811618,gaussian_blur|gaussian_blur,contrast_low|contrast_low
T013-S2,A,17,gaussian_blur,gaussian_blur,0.4023767052555694,0.55,0.03310190648811618,gaussian_blur|gaussian_blur,contrast_low|contrast_low
T013-S3,A,17,gaussian_blur,gaussian_blur,0.4023767052555694,0.55,0.03310190648811618,gaussian_blur|gaussian_blur,contrast_low|contrast_low
T013-S0,A,17,gaussian_noise,gaussian_noise,0.4023767052555694,0.55,0.033257774472386877,clean|gaussian_noise,clean|clean
T013-S0,B,17,gaussian_noise,gaussian_noise,0.4023767052555694,0.55,0.033288948069241014,clean|gaussian_noise,clean|clean
T013-S0,A,93,brightness_dark,brightness_dark,-0.0,1.0,0.033352158911410947,brightness_dark|brightness_dark,clean|brightness_dark
T013-S0,B,93,brightness_dark,brightness_dark,-0.0,1.0,0.033352158911410947,brightness_dark|brightness_dark,clean|brightness_dark
T013-S0,B,41,clean,clean,0.34739336316427083,0.75,0.033407161949469376,clean|clean,gaussian_blur|brightness_dark
T013-S1,A,34,brightness_dark,brightness_dark,0.3172903635978727,0.75,0.033527609828860425,brightness_dark|brightness_dark,contrast_low|brightness_dark
T013-S0,A,22,clean,clean,0.29228525323862886,0.6,0.033630989979853324,clean|clean,gaussian_noise|clean
T013-S0,B,57,brightness_dark,brightness_dark,0.5779694921683955,0.45,0.03825336053368764,brightness_dark|brightness_dark,contrast_low|contrast_low
T013-S1,B,57,brightness_dark,brightness_dark,0.5779694921683955,0.45,0.03825336053368764,brightness_dark|brightness_dark,contrast_low|contrast_low
T013-S2,B,57,brightness_dark,brightness_dark,0.5779694921683955,0.45,0.03825336053368764,brightness_dark|brightness_dark,contrast_low|contrast_low
T013-S3,B,57,brightness_dark,brightness_dark,0.5779694921683955,0.45,0.03825336053368764,brightness_dark|brightness_dark,contrast_low|contrast_low
T013-S2,B,84,gaussian_blur,gaussian_blur,0.45542455414570265,0.45,0.039136497322548015,clean|clean,gaussian_noise|clean
T013-S1,B,33,clean,clean,0.18358022428449897,0.85,0.0395778364116095,gaussian_noise|gaussian_noise,brightness_dark|gaussian_noise
T013-S1,B,33,gaussian_blur,gaussian_blur,0.18358022428449897,0.85,0.0395778364116095,gaussian_blur|gaussian_blur,brightness_dark|gaussian_blur
T013-S0,B,72,contrast_low,contrast_low,0.46343299021718715,0.45,0.03962025420225393,contrast_low|contrast_low,brightness_dark|brightness_dark
T013-S1,B,72,contrast_low,contrast_low,0.46343299021718715,0.45,0.03962025420225393,contrast_low|contrast_low,brightness_dark|brightness_dark
T013-S2,B,72,contrast_low,contrast_low,0.46343299021718715,0.45,0.03962025420225393,contrast_low|contrast_low,brightness_dark|brightness_dark
T013-S3,B,72,contrast_low,contrast_low,0.46343299021718715,0.45,0.03962025420225393,contrast_low|contrast_low,brightness_dark|brightness_dark
T013-S3,A,17,gaussian_noise,gaussian_noise,0.4023767052555694,0.55,0.0398532168925268,gaussian_noise|gaussian_noise,clean|clean
T013-S0,A,96,contrast_low,contrast_low,0.08621407475879368,0.95,0.04042715484363082,contrast_low|contrast_low,brightness_dark|brightness_dark
T013-S1,A,96,contrast_low,contrast_low,0.08621407475879368,0.95,0.04042715484363082,contrast_low|contrast_low,brightness_dark|brightness_dark
T013-S2,A,96,contrast_low,contrast_low,0.08621407475879368,0.95,0.04042715484363082,contrast_low|contrast_low,brightness_dark|brightness_dark
T013-S3,A,96,contrast_low,contrast_low,0.08621407475879368,0.95,0.04042715484363082,contrast_low|contrast_low,brightness_dark|brightness_dark
T013-S2,A,22,clean,clean,0.29228525323862886,0.6,0.04044406914145007,clean|clean,gaussian_noise|clean
T013-S2,A,32,contrast_low,contrast_low,0.6385229941014448,0.35,0.040720618861201534,contrast_low|contrast_low,gaussian_noise|gaussian_noise
T013-S0,B,54,contrast_low,contrast_low,0.26616582133129196,0.8,0.04595039757649897,contrast_low|contrast_low,gaussian_noise|gaussian_noise
T013-S1,B,54,contrast_low,contrast_low,0.26616582133129196,0.8,0.04595039757649897,contrast_low|contrast_low,gaussian_noise|gaussian_noise
T013-S2,B,54,contrast_low,contrast_low,0.26616582133129196,0.8,0.04595039757649897,contrast_low|contrast_low,gaussian_noise|gaussian_noise
T013-S3,B,54,contrast_low,contrast_low,0.26616582133129196,0.8,0.04595039757649897,contrast_low|contrast_low,gaussian_noise|gaussian_noise
T013-S1,A,32,contrast_low,contrast_low,0.6385229941014448,0.35,0.04670577227359557,contrast_low|contrast_low,gaussian_noise|contrast_low
T013-S0,A,57,gaussian_blur,gaussian_blur,0.5779694921683955,0.45,0.05225013305648823,gaussian_blur|gaussian_blur,contrast_low|contrast_low
T013-S1,A,57,gaussian_blur,gaussian_blur,0.5779694921683955,0.45,0.05225013305648823,gaussian_blur|gaussian_blur,contrast_low|contrast_low
T013-S2,A,57,gaussian_blur,gaussian_blur,0.5779694921683955,0.45,0.05225013305648823,gaussian_blur|gaussian_blur,contrast_low|contrast_low
T013-S3,A,57,gaussian_blur,gaussian_blur,0.5779694921683955,0.45,0.05225013305648823,gaussian_blur|gaussian_blur,contrast_low|contrast_low
T013-S3,B,84,gaussian_blur,gaussian_blur,0.45542455414570265,0.45,0.052312191031935434,gaussian_blur|clean,gaussian_noise|clean
T013-S0,A,72,contrast_low,contrast_low,0.46343299021718715,0.45,0.052892103990340646,contrast_low|contrast_low,brightness_dark|brightness_dark
T013-S1,A,72,contrast_low,contrast_low,0.46343299021718715,0.45,0.052892103990340646,contrast_low|contrast_low,brightness_dark|brightness_dark
T013-S2,A,72,contrast_low,contrast_low,0.46343299021718715,0.45,0.052892103990340646,contrast_low|contrast_low,brightness_dark|brightness_dark
T013-S3,A,72,contrast_low,contrast_low,0.46343299021718715,0.45,0.052892103990340646,contrast_low|contrast_low,brightness_dark|brightness_dark
T013-S2,A,33,clean,clean,0.18358022428449897,0.85,0.05292178080679678,gaussian_noise|gaussian_noise,gaussian_noise|brightness_dark
T013-S0,A,17,clean,clean,0.4023767052555694,0.55,0.053137622523369066,clean|clean,gaussian_blur|gaussian_blur
T013-S0,B,17,clean,clean,0.4023767052555694,0.55,0.053137622523369066,clean|clean,gaussian_blur|gaussian_blur
T013-S1,A,17,clean,clean,0.4023767052555694,0.55,0.053137622523369066,clean|clean,gaussian_blur|gaussian_blur
T013-S1,B,17,clean,clean,0.4023767052555694,0.55,0.053137622523369066,clean|clean,gaussian_blur|gaussian_blur
T013-S2,A,17,clean,clean,0.4023767052555694,0.55,0.053137622523369066,clean|clean,gaussian_blur|gaussian_blur
T013-S2,B,17,clean,clean,0.4023767052555694,0.55,0.053137622523369066,clean|clean,gaussian_blur|gaussian_blur
T013-S3,A,17,clean,clean,0.4023767052555694,0.55,0.053137622523369066,clean|clean,gaussian_blur|gaussian_blur
T013-S3,B,17,clean,clean,0.4023767052555694,0.55,0.053137622523369066,clean|clean,gaussian_blur|gaussian_blur
T013-S0,B,87,contrast_low,contrast_low,0.14118174150460758,0.9,0.05368492931601769,contrast_low|contrast_low,brightness_dark|brightness_dark
T013-S1,B,87,contrast_low,contrast_low,0.14118174150460758,0.9,0.05368492931601769,contrast_low|contrast_low,brightness_dark|brightness_dark
T013-S2,B,87,contrast_low,contrast_low,0.14118174150460758,0.9,0.05368492931601769,contrast_low|contrast_low,brightness_dark|brightness_dark
T013-S3,B,87,contrast_low,contrast_low,0.14118174150460758,0.9,0.05368492931601769,contrast_low|contrast_low,brightness_dark|brightness_dark
T013-S0,A,33,brightness_dark,brightness_dark,0.18358022428449897,0.85,0.05724810300563668,brightness_dark|brightness_dark,contrast_low|contrast_low
T013-S1,A,33,brightness_dark,brightness_dark,0.18358022428449897,0.85,0.05724810300563668,brightness_dark|brightness_dark,contrast_low|contrast_low
T013-S2,A,33,brightness_dark,brightness_dark,0.18358022428449897,0.85,0.05724810300563668,brightness_dark|brightness_dark,contrast_low|contrast_low
T013-S3,A,33,brightness_dark,brightness_dark,0.18358022428449897,0.85,0.05724810300563668,brightness_dark|brightness_dark,contrast_low|contrast_low
T013-S0,A,33,clean,clean,0.18358022428449897,0.85,0.059064090101446025,gaussian_noise|gaussian_noise,brightness_dark|brightness_dark
T013-S1,A,33,clean,clean,0.18358022428449897,0.85,0.05982075139136658,gaussian_noise|gaussian_noise,brightness_dark|gaussian_noise
T013-S0,A,87,contrast_low,contrast_low,0.14118174150460758,0.9,0.06043256764260339,contrast_low|contrast_low,brightness_dark|brightness_dark
T013-S1,A,87,contrast_low,contrast_low,0.14118174150460758,0.9,0.06043256764260339,contrast_low|contrast_low,brightness_dark|brightness_dark
T013-S3,A,87,contrast_low,contrast_low,0.14118174150460758,0.9,0.06043256764260339,contrast_low|contrast_low,brightness_dark|brightness_dark
T013-S0,B,57,gaussian_blur,gaussian_blur,0.5779694921683955,0.45,0.06560523497308957,gaussian_blur|gaussian_blur,contrast_low|contrast_low
T013-S1,B,57,gaussian_blur,gaussian_blur,0.5779694921683955,0.45,0.06560523497308957,gaussian_blur|gaussian_blur,contrast_low|contrast_low
T013-S2,B,57,gaussian_blur,gaussian_blur,0.5779694921683955,0.45,0.06560523497308957,gaussian_blur|gaussian_blur,contrast_low|contrast_low
T013-S3,B,57,gaussian_blur,gaussian_blur,0.5779694921683955,0.45,0.06560523497308957,gaussian_blur|gaussian_blur,contrast_low|contrast_low
T013-S0,B,17,gaussian_blur,gaussian_blur,0.4023767052555694,0.55,0.07304864417120539,gaussian_blur|gaussian_blur,contrast_low|contrast_low
T013-S1,B,17,gaussian_blur,gaussian_blur,0.4023767052555694,0.55,0.07304864417120539,gaussian_blur|gaussian_blur,contrast_low|contrast_low
T013-S2,B,17,gaussian_blur,gaussian_blur,0.4023767052555694,0.55,0.07304864417120539,gaussian_blur|gaussian_blur,contrast_low|contrast_low
T013-S3,B,17,gaussian_blur,gaussian_blur,0.4023767052555694,0.55,0.07304864417120539,gaussian_blur|gaussian_blur,contrast_low|contrast_low
T013-S0,B,87,brightness_dark,brightness_dark,0.14118174150460758,0.9,0.09977699549498555,brightness_dark|brightness_dark,contrast_low|contrast_low
T013-S1,B,87,brightness_dark,brightness_dark,0.14118174150460758,0.9,0.09977699549498555,brightness_dark|brightness_dark,contrast_low|contrast_low
T013-S2,B,87,brightness_dark,brightness_dark,0.14118174150460758,0.9,0.09977699549498555,brightness_dark|brightness_dark,contrast_low|contrast_low
T013-S3,B,87,brightness_dark,brightness_dark,0.14118174150460758,0.9,0.09977699549498555,brightness_dark|brightness_dark,contrast_low|contrast_low
T013-S0,B,33,brightness_dark,brightness_dark,0.18358022428449897,0.85,0.12457315401350952,brightness_dark|brightness_dark,contrast_low|contrast_low
T013-S1,B,33,brightness_dark,brightness_dark,0.18358022428449897,0.85,0.12457315401350952,brightness_dark|brightness_dark,contrast_low|contrast_low
T013-S2,B,33,brightness_dark,brightness_dark,0.18358022428449897,0.85,0.12457315401350952,brightness_dark|brightness_dark,contrast_low|contrast_low
T013-S3,B,33,brightness_dark,brightness_dark,0.18358022428449897,0.85,0.12457315401350952,brightness_dark|brightness_dark,contrast_low|contrast_low
