client,bank,context,true_score,scramble_p05,scramble_median,scramble_p95,true_beats_scramble_median
0,A,clean,0.2719538921038319,0.3378434645541403,0.4165031460523831,0.5092956942727775,True
0,A,brightness_dark,0.2863654751483664,0.3389665706538275,0.42353191547395996,0.5057020944044672,True
0,A,contrast_low,0.2673203324192374,0.36138562710341887,0.47040060250242965,0.524585715797272,True
0,A,gaussian_noise,0.2510035143112088,0.3191804952738381,0.38714527711715124,0.46597089332618014,True
0,A,gaussian_blur,0.22920601714854866,0.35310492553479267,0.4412771802994623,0.5349630028833179,True
0,B,clean,0.2719538921038319,0.3378434645541403,0.4165031460523831,0.5092956942727775,True
0,B,brightness_dark,0.2863654751483664,0.3389665706538275,0.42353191547395996,0.5057020944044672,True
0,B,contrast_low,0.2673203324192374,0.36138562710341887,0.47040060250242965,0.524585715797272,True
0,B,gaussian_noise,0.2510035143112088,0.3191804952738381,0.38714527711715124,0.46597089332618014,True
0,B,gaussian_blur,0.22920601714854866,0.35310492553479267,0.4412771802994623,0.5349630028833179,True
1,A,clean,0.18985582224360312,0.3132603478061498,0.3936086693715521,0.43205392955828215,True
1,A,brightness_dark,0.20203336304342628,0.33992703622073456,0.4084649400105451,0.4590468257912911,True
1,A,contrast_low,0.2294510156421611,0.39044360517228227,0.4620200764125657,0.508788220235515,True
1,A,gaussian_noise,0.18457944865718656,0.3048114598789425,0.37487698265275793,0.401278830421642,True
1,A,gaussian_blur,0.21277472130204866,0.3209738509751928,0.4136358434525284,0.45636310747281406,True
1,B,clean,0.18985582224360312,0.3132603478061498,0.3936086693715521,0.43205392955828215,True
1,B,brightness_dark,0.20203336304342628,0.33992703622073456,0.4084649400105451,0.4590468257912911,True
1,B,contrast_low,0.2294510156421611,0.39044360517228227,0.4620200764125657,0.508788220235515,True
1,B,gaussian_noise,0.18457944865718656,0.3048114598789425,0.37487698265275793,0.401278830421642,True
1,B,gaussian_blur,0.21277472130204866,0.3209738509751928,0.4136358434525284,0.45636310747281406,True
2,A,clean,0.2220156687795874,0.3320778634445289,0.3772043352539455,0.4331131753776989,True
2,A,brightness_dark,0.2522455582075891,0.32052195756531365,0.3935411103828912,0.45654730986446956,True
2,A,contrast_low,0.36472812353492257,0.3513918788126209,0.42886137506603594,0.5303803236977473,True
2,A,gaussian_noise,0.22120343124818914,0.3165152135459842,0.3616940070150416,0.42892589600575626,True
2,A,gaussian_blur,0.26122528038512827,0.3335739400496829,0.4143049438208033,0.4626337613101854,True
2,B,clean,0.2220156687795874,0.3320778634445289,0.3772043352539455,0.4331131753776989,True
2,B,brightness_dark,0.2522455582075891,0.32052195756531365,0.3935411103828912,0.45654730986446956,True
2,B,contrast_low,0.36472812353492257,0.3513918788126209,0.42886137506603594,0.5303803236977473,True
2,B,gaussian_noise,0.22120343124818914,0.3165152135459842,0.3616940070150416,0.42892589600575626,True
2,B,gaussian_blur,0.26122528038512827,0.3335739400496829,0.4143049438208033,0.4626337613101854,True
3,A,clean,0.3096540786400026,0.39822767150429916,0.4502583883510595,0.5362306597757471,True
3,A,brightness_dark,0.3048697921834177,0.3790986519193146,0.45389302805770915,0.5474944755243009,True
3,A,contrast_low,0.503263602964525,0.5126019102260809,0.6327076665910809,0.7967662847212043,True
3,A,gaussian_noise,0.2919141397792554,0.3891282660259995,0.4303825533784542,0.5297748813191722,True
3,A,gaussian_blur,0.32393633058293403,0.4250046315277168,0.49217376751982017,0.5754066294790292,True
3,B,clean,0.3096540786400026,0.39822767150429916,0.4502583883510595,0.5362306597757471,True
3,B,brightness_dark,0.3048697921834177,0.3790986519193146,0.45389302805770915,0.5474944755243009,True
3,B,contrast_low,0.503263602964525,0.5126019102260809,0.6327076665910809,0.7967662847212043,True
3,B,gaussian_noise,0.2919141397792554,0.3891282660259995,0.4303825533784542,0.5297748813191722,True
3,B,gaussian_blur,0.32393633058293403,0.4250046315277168,0.49217376751982017,0.5754066294790292,True
4,A,clean,0.3101460890550035,0.3592180974958795,0.4034462377678574,0.46542483533083134,True
4,A,brightness_dark,0.3268152761325898,0.34438378657669677,0.39089925514116824,0.46005935720529356,True
4,A,contrast_low,0.2961374366848318,0.355869743608739,0.3984683815520371,0.4543485334063395,True
4,A,gaussian_noise,0.2534643467739338,0.3197512543790084,0.36102706513768623,0.40790812810636384,True
4,A,gaussian_blur,0.3442699264442821,0.40997643887192525,0.4498254677556578,0.6225441267408693,True
4,B,clean,0.3101460890550035,0.3592180974958795,0.4034462377678574,0.46542483533083134,True
4,B,brightness_dark,0.3268152761325898,0.34438378657669677,0.39089925514116824,0.46005935720529356,True
4,B,contrast_low,0.2961374366848318,0.355869743608739,0.3984683815520371,0.4543485334063395,True
4,B,gaussian_noise,0.2534643467739338,0.3197512543790084,0.36102706513768623,0.40790812810636384,True
4,B,gaussian_blur,0.3442699264442821,0.40997643887192525,0.4498254677556578,0.6225441267408693,True
5,A,clean,0.37436183192492106,0.4073698480335769,0.44297026088620467,0.5087015143228857,True
5,A,brightness_dark,0.3575028408859995,0.40905152496893493,0.46669679901424066,0.5462633231375527,True
5,A,contrast_low,0.6043313235579058,0.5478173248367724,0.6181664099564519,0.7063977167393578,True
5,A,gaussian_noise,0.33134131329528094,0.36365476095497806,0.38403693058225025,0.43502958998797947,True
5,A,gaussian_blur,0.4667142702276388,0.49347912777232894,0.5546031945505112,0.6003808108307176,True
5,B,clean,0.37436183192492106,0.4073698480335769,0.44297026088620467,0.5087015143228857,True
5,B,brightness_dark,0.3575028408859995,0.40905152496893493,0.46669679901424066,0.5462633231375527,True
5,B,contrast_low,0.6043313235579058,0.5478173248367724,0.6181664099564519,0.7063977167393578,True
5,B,gaussian_noise,0.33134131329528094,0.36365476095497806,0.38403693058225025,0.43502958998797947,True
5,B,gaussian_blur,0.4667142702276388,0.49347912777232894,0.5546031945505112,0.6003808108307176,True
6,A,clean,0.4001011588919702,0.3177819025870744,0.4277838902703187,0.4853999019742706,True
6,A,brightness_dark,0.39872610903916694,0.3439170676705749,0.4297516171406418,0.4880426189204495,True
6,A,contrast_low,0.6740755099883726,0.3367595101651844,0.503553942506975,0.583617286920344,False
6,A,gaussian_noise,0.39348413427346624,0.3088435348206366,0.3735139866077602,0.47663800278710383,False
6,A,gaussian_blur,0.4784634588653395,0.37298104980469265,0.4791877030391289,0.540658491295497,True
6,B,clean,0.4001011588919702,0.3177819025870744,0.4277838902703187,0.4853999019742706,True
6,B,brightness_dark,0.39872610903916694,0.3439170676705749,0.4297516171406418,0.4880426189204495,True
6,B,contrast_low,0.6740755099883726,0.3367595101651844,0.503553942506975,0.583617286920344,False
6,B,gaussian_noise,0.39348413427346624,0.3088435348206366,0.3735139866077602,0.47663800278710383,False
6,B,gaussian_blur,0.4784634588653395,0.37298104980469265,0.4791877030391289,0.540658491295497,True
7,A,clean,0.48762253050254584,0.3552791144824671,0.40988250941184556,0.46740056053206414,False
7,A,brightness_dark,0.37358448200954053,0.3765806240657792,0.4424406380861278,0.50202567855652,True
7,A,contrast_low,0.5552583352608672,0.4280730969564626,0.4913130653164933,0.6846055875277319,False
7,A,gaussian_noise,0.4267080956119288,0.3327769482003313,0.37916861487247233,0.40975132610752485,False
7,A,gaussian_blur,0.5892735735846619,0.3817808248822247,0.49069827392053006,0.5210478098679018,False
7,B,clean,0.48762253050254584,0.3552791144824671,0.40988250941184556,0.46740056053206414,False
7,B,brightness_dark,0.37358448200954053,0.3765806240657792,0.4424406380861278,0.50202567855652,True
7,B,contrast_low,0.5552583352608672,0.4280730969564626,0.4913130653164933,0.6846055875277319,False
7,B,gaussian_noise,0.4267080956119288,0.3327769482003313,0.37916861487247233,0.40975132610752485,False
7,B,gaussian_blur,0.5892735735846619,0.3817808248822247,0.49069827392053006,0.5210478098679018,False
8,A,clean,0.348201982894103,0.33759487502783847,0.4042769096304005,0.45562601783978984,True
8,A,brightness_dark,0.37193679823998493,0.3787423588146025,0.43156163239231526,0.4776984036149265,True
8,A,contrast_low,0.46822219124295017,0.4330499290379186,0.5185070680501991,0.6880842956628229,True
8,A,gaussian_noise,0.3422062937808307,0.3279635895249052,0.36302992905761394,0.43144824871621357,True
8,A,gaussian_blur,0.36780957270193027,0.3530228463576828,0.4485734020682595,0.5241316703873797,True
8,B,clean,0.348201982894103,0.33759487502783847,0.4042769096304005,0.45562601783978984,True
8,B,brightness_dark,0.37193679823998493,0.3787423588146025,0.43156163239231526,0.4776984036149265,True
8,B,contrast_low,0.46822219124295017,0.4330499290379186,0.5185070680501991,0.6880842956628229,True
8,B,gaussian_noise,0.3422062937808307,0.3279635895249052,0.36302992905761394,0.43144824871621357,True
8,B,gaussian_blur,0.36780957270193027,0.3530228463576828,0.4485734020682595,0.5241316703873797,True
9,A,clean,0.33405490084117306,0.33949694937790537,0.38555469059134323,0.41906077554793075,True
9,A,brightness_dark,0.3386292477597572,0.3602919346787563,0.39146585114475096,0.43003593360417247,True
9,A,contrast_low,0.7780128306187757,0.4101239542328714,0.5152279041953317,0.6090931825274678,False
9,A,gaussian_noise,0.30852154000594845,0.30948700903389637,0.3520632434387273,0.4023949443539524,True
9,A,gaussian_blur,0.3789520950204199,0.3468103533158876,0.42221447593511763,0.462299616375509,True
9,B,clean,0.33405490084117306,0.33949694937790537,0.38555469059134323,0.41906077554793075,True
9,B,brightness_dark,0.3386292477597572,0.3602919346787563,0.39146585114475096,0.43003593360417247,True
9,B,contrast_low,0.7780128306187757,0.4101239542328714,0.5152279041953317,0.6090931825274678,False
9,B,gaussian_noise,0.30852154000594845,0.30948700903389637,0.3520632434387273,0.4023949443539524,True
9,B,gaussian_blur,0.3789520950204199,0.3468103533158876,0.42221447593511763,0.462299616375509,True
10,A,clean,0.4897020345721507,0.4005639320924315,0.47907605422113075,0.5645183383502126,False
10,A,brightness_dark,0.511418234078877,0.4234388201850682,0.49295910565438106,0.594429703995947,False
10,A,contrast_low,0.7148954150001209,0.47202176515202376,0.6128378597587417,0.7734686499082479,False
10,A,gaussian_noise,0.46111088730068117,0.3529555853087093,0.3769765467600947,0.43297254682557296,False
10,A,gaussian_blur,0.47228764676097873,0.3745385498446082,0.48347810385993195,0.5592281808616328,True
10,B,clean,0.4897020345721507,0.4005639320924315,0.47907605422113075,0.5645183383502126,False
10,B,brightness_dark,0.511418234078877,0.4234388201850682,0.49295910565438106,0.594429703995947,False
10,B,contrast_low,0.7148954150001209,0.47202176515202376,0.6128378597587417,0.7734686499082479,False
10,B,gaussian_noise,0.46111088730068117,0.3529555853087093,0.3769765467600947,0.43297254682557296,False
10,B,gaussian_blur,0.47228764676097873,0.3745385498446082,0.48347810385993195,0.5592281808616328,True
11,A,clean,0.3793773107992898,0.3672867219738951,0.429303937259525,0.4688563253805105,True
11,A,brightness_dark,0.5108681715817094,0.3709039817701693,0.4282928497429225,0.5299919094344898,False
11,A,contrast_low,0.37904753483933995,0.3840573654682874,0.4294600651433723,0.48735375616314436,True
11,A,gaussian_noise,0.3688645283990606,0.3296047019016436,0.408663251099534,0.46409280512869944,True
11,A,gaussian_blur,0.4094926758172557,0.40185763682327413,0.4697797410353837,0.49870842934861226,True
11,B,clean,0.3793773107992898,0.3672867219738951,0.429303937259525,0.4688563253805105,True
11,B,brightness_dark,0.5108681715817094,0.3709039817701693,0.4282928497429225,0.5299919094344898,False
11,B,contrast_low,0.37904753483933995,0.3840573654682874,0.4294600651433723,0.48735375616314436,True
11,B,gaussian_noise,0.3688645283990606,0.3296047019016436,0.408663251099534,0.46409280512869944,True
11,B,gaussian_blur,0.4094926758172557,0.40185763682327413,0.4697797410353837,0.49870842934861226,True
12,A,clean,0.2515360569679034,0.35419404756182377,0.4263421050942985,0.5282834733495028,True
12,A,brightness_dark,0.25439334421438364,0.35578900492453586,0.42655430300460695,0.5099745603021493,True
12,A,contrast_low,0.28521398515118795,0.4119036892313959,0.48811253483413664,0.6026808372988608,True
12,A,gaussian_noise,0.20289806642537525,0.33491122083122143,0.3763648444301575,0.47051303200195904,True
12,A,gaussian_blur,0.2510124016059936,0.38847467151323994,0.4586057116797314,0.5515548040090024,True
12,B,clean,0.2515360569679034,0.35419404756182377,0.4263421050942985,0.5282834733495028,True
12,B,brightness_dark,0.25439334421438364,0.35578900492453586,0.42655430300460695,0.5099745603021493,True
12,B,contrast_low,0.28521398515118795,0.4119036892313959,0.48811253483413664,0.6026808372988608,True
12,B,gaussian_noise,0.20289806642537525,0.33491122083122143,0.3763648444301575,0.47051303200195904,True
12,B,gaussian_blur,0.2510124016059936,0.38847467151323994,0.4586057116797314,0.5515548040090024,True
13,A,clean,0.2667390622219107,0.32477113844409283,0.38582920165219736,0.4219984105812081,True
13,A,brightness_dark,0.2556498041426147,0.3442976482364139,0.3875587976439293,0.4299602140958754,True
13,A,contrast_low,0.2978302760956014,0.3263467408004308,0.3839212525986058,0.4233375338905214,True
13,A,gaussian_noise,0.27655842100015054,0.29963544680795196,0.36472659185733025,0.4188635954008908,True
13,A,gaussian_blur,0.3033815392409193,0.365241509117231,0.425021771514314,0.49193064867857933,True
13,B,clean,0.2667390622219107,0.32477113844409283,0.38582920165219736,0.4219984105812081,True
13,B,brightness_dark,0.2556498041426147,0.3442976482364139,0.3875587976439293,0.4299602140958754,True
13,B,contrast_low,0.2978302760956014,0.3263467408004308,0.3839212525986058,0.4233375338905214,True
13,B,gaussian_noise,0.27655842100015054,0.29963544680795196,0.36472659185733025,0.4188635954008908,True
13,B,gaussian_blur,0.3033815392409193,0.365241509117231,0.425021771514314,0.49193064867857933,True
14,A,clean,0.3368211904516285,0.39055277685799894,0.45539840257572256,0.526838895288038,True
14,A,brightness_dark,0.33433574988896086,0.35626259987789693,0.4529884409139174,0.5060202731787443,True
14,A,contrast_low,0.5608416516358137,0.48013821706527765,0.5371459871174236,0.752945930233265,False
14,A,gaussian_noise,0.2698386693272374,0.34718519603433184,0.391124695634328,0.4748376561630483,True
14,A,gaussian_blur,0.38487570402760185,0.4303702788183121,0.5079247067780426,0.591318561434417,True
14,B,clean,0.3368211904516285,0.39055277685799894,0.45539840257572256,0.526838895288038,True
14,B,brightness_dark,0.33433574988896086,0.35626259987789693,0.4529884409139174,0.5060202731787443,True
14,B,contrast_low,0.5608416516358137,0.48013821706527765,0.5371459871174236,0.752945930233265,False
14,B,gaussian_noise,0.2698386693272374,0.34718519603433184,0.391124695634328,0.4748376561630483,True
14,B,gaussian_blur,0.38487570402760185,0.4303702788183121,0.5079247067780426,0.591318561434417,True
15,A,clean,0.5131754061574503,0.3314100303067039,0.4155063555788426,0.4984714715801262,False
15,A,brightness_dark,0.4594537616277419,0.38893260403359664,0.4495377687577174,0.5073018146521279,False
15,A,contrast_low,0.524305055380993,0.4165289719065014,0.49939084582263005,0.5539081963049706,False
15,A,gaussian_noise,0.3742509830967337,0.3097323716403576,0.3611657941895229,0.41849518282623444,False
15,A,gaussian_blur,0.4869014279428438,0.40713992312937314,0.4569300036584818,0.5482715471127636,False
15,B,clean,0.5131754061574503,0.3314100303067039,0.4155063555788426,0.4984714715801262,False
15,B,brightness_dark,0.4594537616277419,0.38893260403359664,0.4495377687577174,0.5073018146521279,False
15,B,contrast_low,0.524305055380993,0.4165289719065014,0.49939084582263005,0.5539081963049706,False
15,B,gaussian_noise,0.3742509830967337,0.3097323716403576,0.3611657941895229,0.41849518282623444,False
15,B,gaussian_blur,0.4869014279428438,0.40713992312937314,0.4569300036584818,0.5482715471127636,False
16,A,clean,0.17712321634386768,0.3440087518170937,0.3836894249286301,0.4532974078640001,True
16,A,brightness_dark,0.18168065539036182,0.35151656819095567,0.39464841874705314,0.45815712159498473,True
16,A,contrast_low,0.22188545925401357,0.3715334633064029,0.4179097127684058,0.5160927985853199,True
16,A,gaussian_noise,0.17492101533545198,0.32505973637395524,0.36714406504404107,0.4320410594785208,True
16,A,gaussian_blur,0.15637105127645362,0.3510865411825859,0.40489876460650875,0.4938908875576383,True
16,B,clean,0.17712321634386768,0.3440087518170937,0.3836894249286301,0.4532974078640001,True
16,B,brightness_dark,0.18168065539036182,0.35151656819095567,0.39464841874705314,0.45815712159498473,True
16,B,contrast_low,0.22188545925401357,0.3715334633064029,0.4179097127684058,0.5160927985853199,True
16,B,gaussian_noise,0.17492101533545198,0.32505973637395524,0.36714406504404107,0.4320410594785208,True
16,B,gaussian_blur,0.15637105127645362,0.3510865411825859,0.40489876460650875,0.4938908875576383,True
17,A,clean,0.2807978403796577,0.33603522325898527,0.4000869428414259,0.45619303941154554,True
17,A,brightness_dark,0.27646112376380105,0.33452735144075596,0.42587422806875813,0.491818552377737,True
17,A,contrast_low,0.4875014850947099,0.3945396469299508,0.5714867274999074,0.7321911113396209,True
17,A,gaussian_noise,0.27869848542902764,0.331498436892306,0.3676880337612557,0.4307057373113092,True
17,A,gaussian_blur,0.29707043927593635,0.3972472187007677,0.446467657440851,0.48818808675345315,True
17,B,clean,0.2807978403796577,0.33603522325898527,0.4000869428414259,0.45619303941154554,True
17,B,brightness_dark,0.27646112376380105,0.33452735144075596,0.42587422806875813,0.491818552377737,True
17,B,contrast_low,0.4875014850947099,0.3945396469299508,0.5714867274999074,0.7321911113396209,True
17,B,gaussian_noise,0.27869848542902764,0.331498436892306,0.3676880337612557,0.4307057373113092,True
17,B,gaussian_blur,0.29707043927593635,0.3972472187007677,0.446467657440851,0.48818808675345315,True
18,A,clean,0.2394132493353066,0.35763853416540253,0.40877075114586525,0.4609187184681513,True
18,A,brightness_dark,0.3172040511068537,0.3773231409820256,0.4229805904210008,0.48264324949601867,True
18,A,contrast_low,0.32138556302681687,0.4154151446529307,0.5161236745092951,0.6123001810731246,True
18,A,gaussian_noise,0.24327404646288658,0.33481768665496164,0.37630611256731206,0.440785455407999,True
18,A,gaussian_blur,0.2961347139420771,0.3744640862325913,0.4839043516057111,0.5467857361941384,True
18,B,clean,0.2394132493353066,0.35763853416540253,0.40877075114586525,0.4609187184681513,True
18,B,brightness_dark,0.3172040511068537,0.3773231409820256,0.4229805904210008,0.48264324949601867,True
18,B,contrast_low,0.32138556302681687,0.4154151446529307,0.5161236745092951,0.6123001810731246,True
18,B,gaussian_noise,0.24327404646288658,0.33481768665496164,0.37630611256731206,0.440785455407999,True
18,B,gaussian_blur,0.2961347139420771,0.3744640862325913,0.4839043516057111,0.5467857361941384,True
19,A,clean,0.3531444419879413,0.38106973489139534,0.4382278731838644,0.5172377007494864,True
19,A,brightness_dark,0.3009268328391297,0.34893989916770685,0.4185004304223996,0.4913345007245956,True
19,A,contrast_low,0.43102435255345395,0.42659958812686977,0.5114930634210891,0.5634003193912437,True
19,A,gaussian_noise,0.3417796583055429,0.35957172385219766,0.397520611943487,0.4321058604981352,True
19,A,gaussian_blur,0.3766025228330908,0.4224420947623859,0.48722358775813135,0.5455554771534683,True
19,B,clean,0.3531444419879413,0.38106973489139534,0.4382278731838644,0.5172377007494864,True
19,B,brightness_dark,0.3009268328391297,0.34893989916770685,0.4185004304223996,0.4913345007245956,True
19,B,contrast_low,0.43102435255345395,0.42659958812686977,0.5114930634210891,0.5634003193912437,True
19,B,gaussian_noise,0.3417796583055429,0.35957172385219766,0.397520611943487,0.4321058604981352,True
19,B,gaussian_blur,0.3766025228330908,0.4224420947623859,0.48722358775813135,0.5455554771534683,True
20,A,clean,0.2771535949926441,0.3663680176053587,0.41701613414487565,0.45206280551069405,True
20,A,brightness_dark,0.24329747653603429,0.3258746212502649,0.3946810259691179,0.4314225100504986,True
20,A,contrast_low,0.41073126167112906,0.4094724115755183,0.469065273349343,0.5948161704844562,True
20,A,gaussian_noise,0.3261281888481674,0.34972098593161693,0.3780142878703881,0.40981058995213815,True
20,A,gaussian_blur,0.3585883786308777,0.4081426085597255,0.45993071226535814,0.500289504157769,True
20,B,clean,0.2771535949926441,0.3663680176053587,0.41701613414487565,0.45206280551069405,True
20,B,brightness_dark,0.24329747653603429,0.3258746212502649,0.3946810259691179,0.4314225100504986,True
20,B,contrast_low,0.41073126167112906,0.4094724115755183,0.469065273349343,0.5948161704844562,True
20,B,gaussian_noise,0.3261281888481674,0.34972098593161693,0.3780142878703881,0.40981058995213815,True
20,B,gaussian_blur,0.3585883786308777,0.4081426085597255,0.45993071226535814,0.500289504157769,True
21,A,clean,0.40283512684235623,0.4813074091535259,0.558622444369806,0.6560182298756114,True
21,A,brightness_dark,0.4298971578872879,0.440559657310086,0.5030916023552966,0.5757550065071295,True
21,A,contrast_low,0.5661397057126464,0.589055176644864,0.6758715678267826,0.7527828632116034,True
21,A,gaussian_noise,0.2791538356314577,0.35520497202576623,0.42520249801976684,0.49780565876967653,True
21,A,gaussian_blur,0.4333304939617171,0.5342919235423567,0.5814479571972595,0.7764285856414255,True
21,B,clean,0.40283512684235623,0.4813074091535259,0.558622444369806,0.6560182298756114,True
21,B,brightness_dark,0.4298971578872879,0.440559657310086,0.5030916023552966,0.5757550065071295,True
21,B,contrast_low,0.5661397057126464,0.589055176644864,0.6758715678267826,0.7527828632116034,True
21,B,gaussian_noise,0.2791538356314577,0.35520497202576623,0.42520249801976684,0.49780565876967653,True
21,B,gaussian_blur,0.4333304939617171,0.5342919235423567,0.5814479571972595,0.7764285856414255,True
22,A,clean,0.5546753500026951,0.3983414049558417,0.5691929374238055,0.703524585770387,True
22,A,brightness_dark,0.3955399774019026,0.3600146059241014,0.39067625280737717,0.46708067088048577,False
22,A,contrast_low,1.8861498537821795,0.50883406583372,1.1326377412571702,1.8155411142059377,False
22,A,gaussian_noise,0.5540047901857368,0.3430003995275591,0.4118060375898786,0.5212666411106643,False
22,A,gaussian_blur,0.5824865114660907,0.43200974991891145,0.6905364619073598,0.8757736010917818,True
22,B,clean,0.5546753500026951,0.3983414049558417,0.5691929374238055,0.703524585770387,True
22,B,brightness_dark,0.3955399774019026,0.3600146059241014,0.39067625280737717,0.46708067088048577,False
22,B,contrast_low,1.8861498537821795,0.50883406583372,1.1326377412571702,1.8155411142059377,False
22,B,gaussian_noise,0.5540047901857368,0.3430003995275591,0.4118060375898786,0.5212666411106643,False
22,B,gaussian_blur,0.5824865114660907,0.43200974991891145,0.6905364619073598,0.8757736010917818,True
23,A,clean,0.5046865426133762,0.3695617802270197,0.44493417320759443,0.51955183851323,False
23,A,brightness_dark,0.5451800479604622,0.4093855853763397,0.4737706064414372,0.5576802626958824,False
23,A,contrast_low,0.5890551972127857,0.421822155642425,0.4733346182740593,0.5868595066116269,False
23,A,gaussian_noise,0.46439627138791006,0.3875474150924292,0.42935269684801436,0.5006959758149704,False
23,A,gaussian_blur,0.6558977387101791,0.4545477425485393,0.4988199804235029,0.5656759475442319,False
23,B,clean,0.5046865426133762,0.3695617802270197,0.44493417320759443,0.51955183851323,False
23,B,brightness_dark,0.5451800479604622,0.4093855853763397,0.4737706064414372,0.5576802626958824,False
23,B,contrast_low,0.5890551972127857,0.421822155642425,0.4733346182740593,0.5868595066116269,False
23,B,gaussian_noise,0.46439627138791006,0.3875474150924292,0.42935269684801436,0.5006959758149704,False
23,B,gaussian_blur,0.6558977387101791,0.4545477425485393,0.4988199804235029,0.5656759475442319,False
24,A,clean,0.20971506991850547,0.3152369067770585,0.3552910660312422,0.4312851388682344,True
24,A,brightness_dark,0.25635815643023513,0.3273935481588671,0.3806361600626181,0.42537223010718156,True
24,A,contrast_low,0.24550854401088046,0.33693825508983255,0.36604220758724065,0.4291542632162606,True
24,A,gaussian_noise,0.22586789218975944,0.3133375490804664,0.3560230636803561,0.4147740769772441,True
24,A,gaussian_blur,0.21353694453524064,0.3335559873366958,0.3910136236989965,0.4794390782309307,True
24,B,clean,0.20971506991850547,0.3152369067770585,0.3552910660312422,0.4312851388682344,True
24,B,brightness_dark,0.25635815643023513,0.3273935481588671,0.3806361600626181,0.42537223010718156,True
24,B,contrast_low,0.24550854401088046,0.33693825508983255,0.36604220758724065,0.4291542632162606,True
24,B,gaussian_noise,0.22586789218975944,0.3133375490804664,0.3560230636803561,0.4147740769772441,True
24,B,gaussian_blur,0.21353694453524064,0.3335559873366958,0.3910136236989965,0.4794390782309307,True
25,A,clean,0.3189623399788586,0.362453767207116,0.4173505892392534,0.515038310337577,True
25,A,brightness_dark,0.3197946086097557,0.36840790786800937,0.4355217440301449,0.49753168933470393,True
25,A,contrast_low,0.32715287109836494,0.360901179448434,0.4157444240400774,0.48092792704609366,True
25,A,gaussian_noise,0.3024004761150829,0.3226377359124234,0.37392888251021805,0.43641130447024146,True
25,A,gaussian_blur,0.35950897471616616,0.4143563528096261,0.4457177480092386,0.5299758445017592,True
25,B,clean,0.3189623399788586,0.362453767207116,0.4173505892392534,0.515038310337577,True
25,B,brightness_dark,0.3197946086097557,0.36840790786800937,0.4355217440301449,0.49753168933470393,True
25,B,contrast_low,0.32715287109836494,0.360901179448434,0.4157444240400774,0.48092792704609366,True
25,B,gaussian_noise,0.3024004761150829,0.3226377359124234,0.37392888251021805,0.43641130447024146,True
25,B,gaussian_blur,0.35950897471616616,0.4143563528096261,0.4457177480092386,0.5299758445017592,True
26,A,clean,0.3372778423802376,0.38917887599975753,0.4464730809489464,0.49432618470217776,True
26,A,brightness_dark,0.3896675690807043,0.3653547746153178,0.39750222276717423,0.449286944808848,True
26,A,contrast_low,0.4401409434872268,0.4726367418745935,0.5490669622956802,0.6521361769319978,True
26,A,gaussian_noise,0.3007348991402799,0.33231396915513833,0.3835154507139511,0.44323105830011933,True
26,A,gaussian_blur,0.3319333176151935,0.4446389561155476,0.5103287314110568,0.5858466841003444,True
26,B,clean,0.3372778423802376,0.38917887599975753,0.4464730809489464,0.49432618470217776,True
26,B,brightness_dark,0.3896675690807043,0.3653547746153178,0.39750222276717423,0.449286944808848,True
26,B,contrast_low,0.4401409434872268,0.4726367418745935,0.5490669622956802,0.6521361769319978,True
26,B,gaussian_noise,0.3007348991402799,0.33231396915513833,0.3835154507139511,0.44323105830011933,True
26,B,gaussian_blur,0.3319333176151935,0.4446389561155476,0.5103287314110568,0.5858466841003444,True
27,A,clean,0.24416710134221412,0.34750735292947904,0.38817067175979036,0.4277860749333294,True
27,A,brightness_dark,0.22745229991154625,0.3538039863283763,0.3948210116376178,0.4506819208473055,True
27,A,contrast_low,0.3533338553420118,0.3957384625507347,0.4436709280851159,0.4974098595919844,True
27,A,gaussian_noise,0.26037969025610164,0.35599354959853396,0.3901925685560468,0.44646301008051587,True
27,A,gaussian_blur,0.25880267020757297,0.360028095523222,0.45670618748101277,0.496145970235986,True
27,B,clean,0.24416710134221412,0.34750735292947904,0.38817067175979036,0.4277860749333294,True
27,B,brightness_dark,0.22745229991154625,0.3538039863283763,0.3948210116376178,0.4506819208473055,True
27,B,contrast_low,0.3533338553420118,0.3957384625507347,0.4436709280851159,0.4974098595919844,True
27,B,gaussian_noise,0.26037969025610164,0.35599354959853396,0.3901925685560468,0.44646301008051587,True
27,B,gaussian_blur,0.25880267020757297,0.360028095523222,0.45670618748101277,0.496145970235986,True
28,A,clean,0.5066321367015478,0.42684646638135737,0.4777776963420245,0.5358574636475898,False
28,A,brightness_dark,0.42739585293163374,0.4206496533909325,0.47504305237514727,0.5576021728172529,True
28,A,contrast_low,0.6089055920364568,0.5694286442247315,0.7483107082256684,0.9640105604951965,True
28,A,gaussian_noise,0.4658414771882672,0.34356470092176183,0.38902860526046806,0.44105931382333335,False
28,A,gaussian_blur,0.5889269854748098,0.4856434301831113,0.5454232772080595,0.6177576630578958,False
28,B,clean,0.5066321367015478,0.42684646638135737,0.4777776963420245,0.5358574636475898,False
28,B,brightness_dark,0.42739585293163374,0.4206496533909325,0.47504305237514727,0.5576021728172529,True
28,B,contrast_low,0.6089055920364568,0.5694286442247315,0.7483107082256684,0.9640105604951965,True
28,B,gaussian_noise,0.4658414771882672,0.34356470092176183,0.38902860526046806,0.44105931382333335,False
28,B,gaussian_blur,0.5889269854748098,0.4856434301831113,0.5454232772080595,0.6177576630578958,False
29,A,clean,0.14618794674649505,0.3310053771973344,0.3618745391871195,0.39864705599303,True
29,A,brightness_dark,0.136911010417048,0.33564651999045214,0.37422258714274953,0.43104870516005905,True
29,A,contrast_low,0.19949174377685258,0.35422486931664987,0.3935054578773257,0.4423345383906509,True
29,A,gaussian_noise,0.1473798422877305,0.31587298904534544,0.3607130000756511,0.41109433544296314,True
29,A,gaussian_blur,0.15395969158622178,0.34130100813622954,0.3981877623454695,0.4165063313150944,True
29,B,clean,0.14618794674649505,0.3310053771973344,0.3618745391871195,0.39864705599303,True
29,B,brightness_dark,0.136911010417048,0.33564651999045214,0.37422258714274953,0.43104870516005905,True
29,B,contrast_low,0.19949174377685258,0.35422486931664987,0.3935054578773257,0.4423345383906509,True
29,B,gaussian_noise,0.1473798422877305,0.31587298904534544,0.3607130000756511,0.41109433544296314,True
29,B,gaussian_blur,0.15395969158622178,0.34130100813622954,0.3981877623454695,0.4165063313150944,True
30,A,clean,0.3964237363139294,0.3727368102168831,0.40599535705164713,0.5179319690663831,True
30,A,brightness_dark,0.31252513523937253,0.3276052165205605,0.39826158147719215,0.4702385484175013,True
30,A,contrast_low,0.4751896079962152,0.371149428333724,0.48361967420141583,0.5743427461856507,True
30,A,gaussian_noise,0.2925622972564473,0.3531320392390316,0.38735698712018407,0.4328696094436434,True
30,A,gaussian_blur,0.5112296948802908,0.41129370872319326,0.46411014626366043,0.5910400517623446,False
30,B,clean,0.3964237363139294,0.3727368102168831,0.40599535705164713,0.5179319690663831,True
30,B,brightness_dark,0.31252513523937253,0.3276052165205605,0.39826158147719215,0.4702385484175013,True
30,B,contrast_low,0.4751896079962152,0.371149428333724,0.48361967420141583,0.5743427461856507,True
30,B,gaussian_noise,0.2925622972564473,0.3531320392390316,0.38735698712018407,0.4328696094436434,True
30,B,gaussian_blur,0.5112296948802908,0.41129370872319326,0.46411014626366043,0.5910400517623446,False
31,A,clean,0.13795745398512768,0.36751115699763937,0.4030431921865484,0.4638758698463119,True
31,A,brightness_dark,0.12699631233668882,0.3893433379719155,0.42684462490892955,0.5108803979721306,True
31,A,contrast_low,0.2068023096449217,0.44259624941913384,0.48892598641325513,0.5475347474495164,True
31,A,gaussian_noise,0.14179710904425047,0.3321300939502795,0.38998331043686507,0.41498379853006784,True
31,A,gaussian_blur,0.16524467803905213,0.39329885308673207,0.45449773601799237,0.5155015260208349,True
31,B,clean,0.13795745398512768,0.36751115699763937,0.4030431921865484,0.4638758698463119,True
31,B,brightness_dark,0.12699631233668882,0.3893433379719155,0.42684462490892955,0.5108803979721306,True
31,B,contrast_low,0.2068023096449217,0.44259624941913384,0.48892598641325513,0.5475347474495164,True
31,B,gaussian_noise,0.14179710904425047,0.3321300939502795,0.38998331043686507,0.41498379853006784,True
31,B,gaussian_blur,0.16524467803905213,0.39329885308673207,0.45449773601799237,0.5155015260208349,True
32,A,clean,0.3394577418111403,0.3680040149760197,0.4291682670130169,0.4682668717009387,True
32,A,brightness_dark,0.3591757608443962,0.3731920425293548,0.4478103565552799,0.5073703594211194,True
32,A,contrast_low,0.46629950189169855,0.41924453231051095,0.48058617363684847,0.5454863989440462,True
32,A,gaussian_noise,0.2674430635343852,0.3480282684251486,0.3964976059873199,0.43152855770097115,True
32,A,gaussian_blur,0.36397199841841027,0.39655355486644783,0.45679929792742424,0.5333977911484834,True
32,B,clean,0.3394577418111403,0.3680040149760197,0.4291682670130169,0.4682668717009387,True
32,B,brightness_dark,0.3591757608443962,0.3731920425293548,0.4478103565552799,0.5073703594211194,True
32,B,contrast_low,0.46629950189169855,0.41924453231051095,0.48058617363684847,0.5454863989440462,True
32,B,gaussian_noise,0.2674430635343852,0.3480282684251486,0.3964976059873199,0.43152855770097115,True
32,B,gaussian_blur,0.36397199841841027,0.39655355486644783,0.45679929792742424,0.5333977911484834,True
33,A,clean,0.453471552866025,0.43856188555993364,0.49674288278392076,0.5993388737353614,True
33,A,brightness_dark,0.4594144512553931,0.43757304917567225,0.5252110518082229,0.6180408500349289,True
33,A,contrast_low,0.4624683374839783,0.46147957595240807,0.5554989618788355,0.6390482025369092,True
33,A,gaussian_noise,0.37218559076157104,0.35585788728784573,0.41801279654025736,0.47851397836556425,True
33,A,gaussian_blur,0.4961480542226875,0.506214730174654,0.5633051297584919,0.6747637205852196,True
33,B,clean,0.453471552866025,0.43856188555993364,0.49674288278392076,0.5993388737353614,True
33,B,brightness_dark,0.4594144512553931,0.43757304917567225,0.5252110518082229,0.6180408500349289,True
33,B,contrast_low,0.4624683374839783,0.46147957595240807,0.5554989618788355,0.6390482025369092,True
33,B,gaussian_noise,0.37218559076157104,0.35585788728784573,0.41801279654025736,0.47851397836556425,True
33,B,gaussian_blur,0.4961480542226875,0.506214730174654,0.5633051297584919,0.6747637205852196,True
34,A,clean,0.38820889707926387,0.3319815802181826,0.36895521812554966,0.40531669654961683,False
34,A,brightness_dark,0.4087080583783891,0.33304670741560405,0.3702797409574599,0.39741308976905076,False
34,A,contrast_low,0.535692830091874,0.35925931119491233,0.4511587397387391,0.5760281183302026,False
34,A,gaussian_noise,0.3990358166715864,0.32575894073334166,0.360851729371251,0.41698349765983,False
34,A,gaussian_blur,0.4614238338602123,0.3721956496751197,0.41824482850594036,0.5047157524296466,False
34,B,clean,0.38820889707926387,0.3319815802181826,0.36895521812554966,0.40531669654961683,False
34,B,brightness_dark,0.4087080583783891,0.33304670741560405,0.3702797409574599,0.39741308976905076,False
34,B,contrast_low,0.535692830091874,0.35925931119491233,0.4511587397387391,0.5760281183302026,False
34,B,gaussian_noise,0.3990358166715864,0.32575894073334166,0.360851729371251,0.41698349765983,False
34,B,gaussian_blur,0.4614238338602123,0.3721956496751197,0.41824482850594036,0.5047157524296466,False
35,A,clean,0.11584932755430073,0.3482436882716869,0.43312794014341993,0.5234884614511146,True
35,A,brightness_dark,0.10949519124890278,0.38147509462693485,0.4691179687606701,0.5563140409051438,True
35,A,contrast_low,0.1458543463285869,0.3986061613246479,0.4466966765720233,0.5012683432843096,True
35,A,gaussian_noise,0.12078476431039825,0.31767662508036565,0.3978004013297116,0.47198204171184965,True
35,A,gaussian_blur,0.15646996924294373,0.39139075835821424,0.4727490905737615,0.561095836746907,True
35,B,clean,0.11584932755430073,0.3482436882716869,0.43312794014341993,0.5234884614511146,True
35,B,brightness_dark,0.10949519124890278,0.38147509462693485,0.4691179687606701,0.5563140409051438,True
35,B,contrast_low,0.1458543463285869,0.3986061613246479,0.4466966765720233,0.5012683432843096,True
35,B,gaussian_noise,0.12078476431039825,0.31767662508036565,0.3978004013297116,0.47198204171184965,True
35,B,gaussian_blur,0.15646996924294373,0.39139075835821424,0.4727490905737615,0.561095836746907,True
36,A,clean,0.33147559850363517,0.32876010297047553,0.4066024074749959,0.4715659366878695,True
36,A,brightness_dark,0.3790240540225548,0.335291054518703,0.401800638606442,0.43831462971146545,True
36,A,contrast_low,0.4833846253983177,0.3857938955958978,0.5461811721217047,0.7136139733053053,True
36,A,gaussian_noise,0.36472764507060296,0.3186379399474599,0.3691933264591749,0.4372974657016953,True
36,A,gaussian_blur,0.33465850255044005,0.3465884158604364,0.4140366504003111,0.5048463416985319,True
36,B,clean,0.33147559850363517,0.32876010297047553,0.4066024074749959,0.4715659366878695,True
36,B,brightness_dark,0.3790240540225548,0.335291054518703,0.401800638606442,0.43831462971146545,True
36,B,contrast_low,0.4833846253983177,0.3857938955958978,0.5461811721217047,0.7136139733053053,True
36,B,gaussian_noise,0.36472764507060296,0.3186379399474599,0.3691933264591749,0.4372974657016953,True
36,B,gaussian_blur,0.33465850255044005,0.3465884158604364,0.4140366504003111,0.5048463416985319,True
37,A,clean,0.2733518771213672,0.3609212968366463,0.41819323213093385,0.46387662359430754,True
37,A,brightness_dark,0.29038553282992635,0.3431220574074586,0.41504214344299906,0.4427376622708852,True
37,A,contrast_low,0.3517590983546477,0.40715810348465115,0.49125269302231117,0.5468073757851286,True
37,A,gaussian_noise,0.2895754852379431,0.33170623343472416,0.3690509716220844,0.4268128020879389,True
37,A,gaussian_blur,0.2867011446754021,0.39502150654993395,0.4619657486140204,0.529045399677612,True
37,B,clean,0.2733518771213672,0.3609212968366463,0.41819323213093385,0.46387662359430754,True
37,B,brightness_dark,0.29038553282992635,0.3431220574074586,0.41504214344299906,0.4427376622708852,True
37,B,contrast_low,0.3517590983546477,0.40715810348465115,0.49125269302231117,0.5468073757851286,True
37,B,gaussian_noise,0.2895754852379431,0.33170623343472416,0.3690509716220844,0.4268128020879389,True
37,B,gaussian_blur,0.2867011446754021,0.39502150654993395,0.4619657486140204,0.529045399677612,True
38,A,clean,0.17916307896075986,0.3436090550748162,0.42269751878552936,0.45781042546981887,True
38,A,brightness_dark,0.2259178226421421,0.3683820645428474,0.4367993463204076,0.5498863565660057,True
38,A,contrast_low,0.22046551165010436,0.3440477447576096,0.42684166585895417,0.49559435607401137,True
38,A,gaussian_noise,0.1656795221224267,0.337895534172727,0.37488029967119746,0.43220326146400834,True
38,A,gaussian_blur,0.19149006864990978,0.35769392004129974,0.44209690866272655,0.49437436444022653,True
38,B,clean,0.17916307896075986,0.3436090550748162,0.42269751878552936,0.45781042546981887,True
38,B,brightness_dark,0.2259178226421421,0.3683820645428474,0.4367993463204076,0.5498863565660057,True
38,B,contrast_low,0.22046551165010436,0.3440477447576096,0.42684166585895417,0.49559435607401137,True
38,B,gaussian_noise,0.1656795221224267,0.337895534172727,0.37488029967119746,0.43220326146400834,True
38,B,gaussian_blur,0.19149006864990978,0.35769392004129974,0.44209690866272655,0.49437436444022653,True
39,A,clean,0.5248922579363837,0.5794673591056652,0.6474225733551975,0.8170856446671879,True
39,A,brightness_dark,0.5335417400494238,0.4692595139471795,0.6167079397136713,0.7160959783039917,True
39,A,contrast_low,0.742067435036776,0.6746085001768433,0.7498324401601035,0.8713601777105803,True
39,A,gaussian_noise,0.4531292284476991,0.44824200123585456,0.5529360263070782,0.630262098222957,True
39,A,gaussian_blur,0.7808555412864084,0.6712993249347805,0.8191179928814283,0.96373672609346,True
39,B,clean,0.5248922579363837,0.5794673591056652,0.6474225733551975,0.8170856446671879,True
39,B,brightness_dark,0.5335417400494238,0.4692595139471795,0.6167079397136713,0.7160959783039917,True
39,B,contrast_low,0.742067435036776,0.6746085001768433,0.7498324401601035,0.8713601777105803,True
39,B,gaussian_noise,0.4531292284476991,0.44824200123585456,0.5529360263070782,0.630262098222957,True
39,B,gaussian_blur,0.7808555412864084,0.6712993249347805,0.8191179928814283,0.96373672609346,True
40,A,clean,0.20943492476937725,0.31214713341144884,0.39126654647576603,0.44973545679616367,True
40,A,brightness_dark,0.23844703712539256,0.32930199555765394,0.3801554138906654,0.4764002963360349,True
40,A,contrast_low,0.2510578607087852,0.3282448948183121,0.4230877841504169,0.49659825273390157,True
40,A,gaussian_noise,0.24091881349077365,0.2908516415745038,0.390509519630977,0.4421578165908161,True
40,A,gaussian_blur,0.2421686068291735,0.34616571063931567,0.42075742015082246,0.4802614689424633,True
40,B,clean,0.20943492476937725,0.31214713341144884,0.39126654647576603,0.44973545679616367,True
40,B,brightness_dark,0.23844703712539256,0.32930199555765394,0.3801554138906654,0.4764002963360349,True
40,B,contrast_low,0.2510578607087852,0.3282448948183121,0.4230877841504169,0.49659825273390157,True
40,B,gaussian_noise,0.24091881349077365,0.2908516415745038,0.390509519630977,0.4421578165908161,True
40,B,gaussian_blur,0.2421686068291735,0.34616571063931567,0.42075742015082246,0.4802614689424633,True
41,A,clean,0.5710854149545936,0.37196025118250065,0.4422168616512122,0.5221924129418751,False
41,A,brightness_dark,0.6376745801267015,0.37521776052485756,0.4286602813936491,0.4821600143178126,False
41,A,contrast_low,0.585266659104988,0.4426199324333169,0.5094532724609334,0.6534069365348736,False
41,A,gaussian_noise,0.45179680117272414,0.354283168939031,0.4172040808053057,0.46673404617352876,False
41,A,gaussian_blur,0.6259195699729247,0.39824110308708877,0.47072129045353217,0.5524858770074232,False
41,B,clean,0.5710854149545936,0.37196025118250065,0.4422168616512122,0.5221924129418751,False
41,B,brightness_dark,0.6376745801267015,0.37521776052485756,0.4286602813936491,0.4821600143178126,False
41,B,contrast_low,0.585266659104988,0.4426199324333169,0.5094532724609334,0.6534069365348736,False
41,B,gaussian_noise,0.45179680117272414,0.354283168939031,0.4172040808053057,0.46673404617352876,False
41,B,gaussian_blur,0.6259195699729247,0.39824110308708877,0.47072129045353217,0.5524858770074232,False
42,A,clean,0.3777932835073572,0.33328892701161517,0.3871397627166963,0.4123359325947664,True
42,A,brightness_dark,0.34510768135609843,0.3482311440186252,0.3867933543798104,0.443647416639906,True
42,A,contrast_low,0.43067216262346386,0.3842885993475382,0.43577596791487294,0.5194329935417773,True
42,A,gaussian_noise,0.3887382909938142,0.3059845558351666,0.35889434608737103,0.4178315459707117,False
42,A,gaussian_blur,0.4449913210192944,0.3860397229034723,0.4309154888002473,0.48392460399568915,False
42,B,clean,0.3777932835073572,0.33328892701161517,0.3871397627166963,0.4123359325947664,True
42,B,brightness_dark,0.34510768135609843,0.3482311440186252,0.3867933543798104,0.443647416639906,True
42,B,contrast_low,0.43067216262346386,0.3842885993475382,0.43577596791487294,0.5194329935417773,True
42,B,gaussian_noise,0.3887382909938142,0.3059845558351666,0.35889434608737103,0.4178315459707117,False
42,B,gaussian_blur,0.4449913210192944,0.3860397229034723,0.4309154888002473,0.48392460399568915,False
43,A,clean,0.3690160937464409,0.3833353884097423,0.44217073587429867,0.5790092358815072,True
43,A,brightness_dark,0.3485512306232872,0.43888041927866406,0.4797973844539552,0.5875739600986174,True
43,A,contrast_low,0.5777273401127456,0.5080204133729723,0.6498250009533435,0.7681402217815559,True
43,A,gaussian_noise,0.3265228492189417,0.3164900410724198,0.39030070996801425,0.5125354118411065,True
43,A,gaussian_blur,0.46554109091374385,0.4238379654203383,0.49301083596581174,0.6371848961661202,True
43,B,clean,0.3690160937464409,0.3833353884097423,0.44217073587429867,0.5790092358815072,True
43,B,brightness_dark,0.3485512306232872,0.43888041927866406,0.4797973844539552,0.5875739600986174,True
43,B,contrast_low,0.5777273401127456,0.5080204133729723,0.6498250009533435,0.7681402217815559,True
43,B,gaussian_noise,0.3265228492189417,0.3164900410724198,0.39030070996801425,0.5125354118411065,True
43,B,gaussian_blur,0.46554109091374385,0.4238379654203383,0.49301083596581174,0.6371848961661202,True
44,A,clean,0.23659351961109007,0.3604632814589058,0.43066867601472325,0.5169386915451752,True
44,A,brightness_dark,0.27006008971148604,0.33512282842773106,0.4106069494782514,0.4760819711968435,True
44,A,contrast_low,0.2870098748047579,0.3562304569825544,0.4192480580068334,0.5205794502685076,True
44,A,gaussian_noise,0.21871397102362738,0.30636830259935555,0.39670086576742747,0.4688257692059359,True
44,A,gaussian_blur,0.23616921900322338,0.38261881789178354,0.43285645683054796,0.5784785356872053,True
44,B,clean,0.23659351961109007,0.3604632814589058,0.43066867601472325,0.5169386915451752,True
44,B,brightness_dark,0.27006008971148604,0.33512282842773106,0.4106069494782514,0.4760819711968435,True
44,B,contrast_low,0.2870098748047579,0.3562304569825544,0.4192480580068334,0.5205794502685076,True
44,B,gaussian_noise,0.21871397102362738,0.30636830259935555,0.39670086576742747,0.4688257692059359,True
44,B,gaussian_blur,0.23616921900322338,0.38261881789178354,0.43285645683054796,0.5784785356872053,True
45,A,clean,0.4208014057356319,0.37140172956952566,0.43281518159282134,0.5022682058393372,True
45,A,brightness_dark,0.3989214331479907,0.34821745605801496,0.41446923992147244,0.5058459571891953,True
45,A,contrast_low,0.5566463094242347,0.4004440800952204,0.4393183201032653,0.5291991619001754,False
45,A,gaussian_noise,0.4161403913453305,0.3219849781663191,0.35822383015018655,0.41744751343117914,False
45,A,gaussian_blur,0.5798509687722326,0.4211445179700489,0.47385539101612073,0.5557775342762402,False
45,B,clean,0.4208014057356319,0.37140172956952566,0.43281518159282134,0.5022682058393372,True
45,B,brightness_dark,0.3989214331479907,0.34821745605801496,0.41446923992147244,0.5058459571891953,True
45,B,contrast_low,0.5566463094242347,0.4004440800952204,0.4393183201032653,0.5291991619001754,False
45,B,gaussian_noise,0.4161403913453305,0.3219849781663191,0.35822383015018655,0.41744751343117914,False
45,B,gaussian_blur,0.5798509687722326,0.4211445179700489,0.47385539101612073,0.5557775342762402,False
46,A,clean,0.3099883941109959,0.36846826539888067,0.4089394521168276,0.4763811679861357,True
46,A,brightness_dark,0.3092890780044437,0.35006482121745663,0.4032251552770829,0.46321816680680766,True
46,A,contrast_low,0.3347636876963321,0.39716365538561593,0.4456778952381304,0.5059031852345519,True
46,A,gaussian_noise,0.30185105390576306,0.35670496291210796,0.37480255524688677,0.4273357616257515,True
46,A,gaussian_blur,0.3663943280060881,0.38740716317083934,0.4166309029508982,0.48683606344561386,True
46,B,clean,0.3099883941109959,0.36846826539888067,0.4089394521168276,0.4763811679861357,True
46,B,brightness_dark,0.3092890780044437,0.35006482121745663,0.4032251552770829,0.46321816680680766,True
46,B,contrast_low,0.3347636876963321,0.39716365538561593,0.4456778952381304,0.5059031852345519,True
46,B,gaussian_noise,0.30185105390576306,0.35670496291210796,0.37480255524688677,0.4273357616257515,True
46,B,gaussian_blur,0.3663943280060881,0.38740716317083934,0.4166309029508982,0.48683606344561386,True
47,A,clean,0.20375973992082025,0.36705762745215537,0.4052071351667493,0.4793171703455391,True
47,A,brightness_dark,0.17700242947029587,0.38240784825814056,0.40519462170487436,0.4799269539709804,True
47,A,contrast_low,0.2811002503283381,0.3731248049008973,0.4254514450611346,0.49340641527893203,True
47,A,gaussian_noise,0.19654741550073337,0.3469781069490701,0.3978537562892054,0.4444918684772025,True
47,A,gaussian_blur,0.2624922341289224,0.38952587085007284,0.45165236014555565,0.5288752942410909,True
47,B,clean,0.20375973992082025,0.36705762745215537,0.4052071351667493,0.4793171703455391,True
47,B,brightness_dark,0.17700242947029587,0.38240784825814056,0.40519462170487436,0.4799269539709804,True
47,B,contrast_low,0.2811002503283381,0.3731248049008973,0.4254514450611346,0.49340641527893203,True
47,B,gaussian_noise,0.19654741550073337,0.3469781069490701,0.3978537562892054,0.4444918684772025,True
47,B,gaussian_blur,0.2624922341289224,0.38952587085007284,0.45165236014555565,0.5288752942410909,True
48,A,clean,0.36264988579800217,0.41182263989449286,0.4705462862118077,0.5506429934730479,True
48,A,brightness_dark,0.36538003913222705,0.387858940719523,0.46143919928349014,0.5178388484369817,True
48,A,contrast_low,0.44452487329579127,0.4236823993332824,0.4805345964559576,0.6063172871418765,True
48,A,gaussian_noise,0.3683507226063333,0.3394846363549918,0.3808020753474411,0.46647305764922375,True
48,A,gaussian_blur,0.4990683125940062,0.44164784809917035,0.5402092556661147,0.5982424229609781,True
48,B,clean,0.36264988579800217,0.41182263989449286,0.4705462862118077,0.5506429934730479,True
48,B,brightness_dark,0.36538003913222705,0.387858940719523,0.46143919928349014,0.5178388484369817,True
48,B,contrast_low,0.44452487329579127,0.4236823993332824,0.4805345964559576,0.6063172871418765,True
48,B,gaussian_noise,0.3683507226063333,0.3394846363549918,0.3808020753474411,0.46647305764922375,True
48,B,gaussian_blur,0.4990683125940062,0.44164784809917035,0.5402092556661147,0.5982424229609781,True
49,A,clean,0.3687448267300779,0.364685375042909,0.41515414828630415,0.4686810342669113,True
49,A,brightness_dark,0.34841611482293955,0.38085410890778326,0.4165668223709307,0.47124542107132705,True
49,A,contrast_low,0.3506169566378597,0.3774465624901846,0.4321065401293085,0.49789300220775645,True
49,A,gaussian_noise,0.32774545201341043,0.34229230297451163,0.3901825974323355,0.45047121090300346,True
49,A,gaussian_blur,0.39947239617797503,0.3672098926552857,0.4363764458066588,0.5104459161400556,True
49,B,clean,0.3687448267300779,0.364685375042909,0.41515414828630415,0.4686810342669113,True
49,B,brightness_dark,0.34841611482293955,0.38085410890778326,0.4165668223709307,0.47124542107132705,True
49,B,contrast_low,0.3506169566378597,0.3774465624901846,0.4321065401293085,0.49789300220775645,True
49,B,gaussian_noise,0.32774545201341043,0.34229230297451163,0.3901825974323355,0.45047121090300346,True
49,B,gaussian_blur,0.39947239617797503,0.3672098926552857,0.4363764458066588,0.5104459161400556,True
50,A,clean,0.51472198225517,0.4466793820903992,0.5084194661780179,0.5807442115747422,False
50,A,brightness_dark,0.5115334994516827,0.42451644397633187,0.5076051248611202,0.567443014409287,False
50,A,contrast_low,0.8967101579854648,0.6361711765847504,0.8721004122031124,1.1535773704447005,False
50,A,gaussian_noise,0.4412964653502569,0.4147617705606327,0.4627332407049813,0.5258498435887367,True
50,A,gaussian_blur,0.571581057555584,0.5536550600248658,0.6630466527777057,0.7148064166390453,True
50,B,clean,0.51472198225517,0.4466793820903992,0.5084194661780179,0.5807442115747422,False
50,B,brightness_dark,0.5115334994516827,0.42451644397633187,0.5076051248611202,0.567443014409287,False
50,B,contrast_low,0.8967101579854648,0.6361711765847504,0.8721004122031124,1.1535773704447005,False
50,B,gaussian_noise,0.4412964653502569,0.4147617705606327,0.4627332407049813,0.5258498435887367,True
50,B,gaussian_blur,0.571581057555584,0.5536550600248658,0.6630466527777057,0.7148064166390453,True
51,A,clean,0.14602146446291703,0.2957839806333064,0.3744649446710854,0.43726090340080065,True
51,A,brightness_dark,0.1642014717722628,0.32063065062003554,0.396911954256185,0.4563245493559743,True
51,A,contrast_low,0.22636648908158985,0.3741121998237001,0.42344644013054156,0.5346803093691735,True
51,A,gaussian_noise,0.1461812055076936,0.2943254856372771,0.35454787782309627,0.4179977405456246,True
51,A,gaussian_blur,0.1443156398835851,0.3274579468402243,0.3904275684858268,0.4459614746354232,True
51,B,clean,0.14602146446291703,0.2957839806333064,0.3744649446710854,0.43726090340080065,True
51,B,brightness_dark,0.1642014717722628,0.32063065062003554,0.396911954256185,0.4563245493559743,True
51,B,contrast_low,0.22636648908158985,0.3741121998237001,0.42344644013054156,0.5346803093691735,True
51,B,gaussian_noise,0.1461812055076936,0.2943254856372771,0.35454787782309627,0.4179977405456246,True
51,B,gaussian_blur,0.1443156398835851,0.3274579468402243,0.3904275684858268,0.4459614746354232,True
52,A,clean,0.5943712639644526,0.43509896390663816,0.5099541705497916,0.5814970428521987,False
52,A,brightness_dark,0.5013999087886264,0.4556486458921965,0.5036374208289673,0.5816871115451171,True
52,A,contrast_low,0.597887852575268,0.4802390358250222,0.5836273204914448,0.6692159157389016,False
52,A,gaussian_noise,0.49373053049751126,0.40113516314658465,0.4554921077548062,0.4989647312271426,False
52,A,gaussian_blur,0.7777649893818412,0.5153267085025808,0.593068836379878,0.7523512182570025,False
52,B,clean,0.5943712639644526,0.43509896390663816,0.5099541705497916,0.5814970428521987,False
52,B,brightness_dark,0.5013999087886264,0.4556486458921965,0.5036374208289673,0.5816871115451171,True
52,B,contrast_low,0.597887852575268,0.4802390358250222,0.5836273204914448,0.6692159157389016,False
52,B,gaussian_noise,0.49373053049751126,0.40113516314658465,0.4554921077548062,0.4989647312271426,False
52,B,gaussian_blur,0.7777649893818412,0.5153267085025808,0.593068836379878,0.7523512182570025,False
53,A,clean,0.28495814052481583,0.331059321753893,0.37184078905342155,0.458622987216666,True
53,A,brightness_dark,0.3207080578543433,0.32801970002796443,0.3798179310075165,0.41974185887694904,True
53,A,contrast_low,0.2702416357886736,0.36875422324924795,0.39802825382373175,0.4753193467920853,True
53,A,gaussian_noise,0.28358470820005793,0.327544230513262,0.3526408270497855,0.4172293055649373,True
53,A,gaussian_blur,0.28144064787771017,0.34529702985058985,0.4016193802921209,0.5000626343920207,True
53,B,clean,0.28495814052481583,0.331059321753893,0.37184078905342155,0.458622987216666,True
53,B,brightness_dark,0.3207080578543433,0.32801970002796443,0.3798179310075165,0.41974185887694904,True
53,B,contrast_low,0.2702416357886736,0.36875422324924795,0.39802825382373175,0.4753193467920853,True
53,B,gaussian_noise,0.28358470820005793,0.327544230513262,0.3526408270497855,0.4172293055649373,True
53,B,gaussian_blur,0.28144064787771017,0.34529702985058985,0.4016193802921209,0.5000626343920207,True
54,A,clean,0.36993261273561223,0.3295856165282581,0.3951212751641772,0.43133211206119926,True
54,A,brightness_dark,0.339599561215849,0.33258952090832145,0.38963583048660044,0.4275355084176569,True
54,A,contrast_low,0.3743996919878519,0.35615066265289264,0.4274284437222271,0.4615267029875024,True
54,A,gaussian_noise,0.3175504004479477,0.29199251234110823,0.34645983811900544,0.3972828328248681,True
54,A,gaussian_blur,0.36655984297758576,0.32557800974325424,0.4030638851931089,0.4367096732262421,True
54,B,clean,0.36993261273561223,0.3295856165282581,0.3951212751641772,0.43133211206119926,True
54,B,brightness_dark,0.339599561215849,0.33258952090832145,0.38963583048660044,0.4275355084176569,True
54,B,contrast_low,0.3743996919878519,0.35615066265289264,0.4274284437222271,0.4615267029875024,True
54,B,gaussian_noise,0.3175504004479477,0.29199251234110823,0.34645983811900544,0.3972828328248681,True
54,B,gaussian_blur,0.36655984297758576,0.32557800974325424,0.4030638851931089,0.4367096732262421,True
55,A,clean,0.2966018828824817,0.3565213202544101,0.41645760140690774,0.4708033524988028,True
55,A,brightness_dark,0.3085857604567608,0.3510528330064438,0.43904123093851855,0.4973759967370115,True
55,A,contrast_low,0.3017446028363452,0.38247035912873073,0.44571438872784386,0.5265334435020199,True
55,A,gaussian_noise,0.3117466499899706,0.3253518706275577,0.3996213401501036,0.44771816301793865,True
55,A,gaussian_blur,0.308814653710178,0.36339794722751617,0.43348622107092216,0.49375645616507363,True
55,B,clean,0.2966018828824817,0.3565213202544101,0.41645760140690774,0.4708033524988028,True
55,B,brightness_dark,0.3085857604567608,0.3510528330064438,0.43904123093851855,0.4973759967370115,True
55,B,contrast_low,0.3017446028363452,0.38247035912873073,0.44571438872784386,0.5265334435020199,True
55,B,gaussian_noise,0.3117466499899706,0.3253518706275577,0.3996213401501036,0.44771816301793865,True
55,B,gaussian_blur,0.308814653710178,0.36339794722751617,0.43348622107092216,0.49375645616507363,True
56,A,clean,0.3317784903485542,0.35666820032634095,0.4211827474634181,0.4864841371696764,True
56,A,brightness_dark,0.3579803416412233,0.35946399878602386,0.40142143861432106,0.44299898559731443,True
56,A,contrast_low,0.3897271490980785,0.37710036158542537,0.43457967891150007,0.4815920181129842,True
56,A,gaussian_noise,0.29883008501076724,0.33445096699828886,0.3707768619925262,0.444377651956053,True
56,A,gaussian_blur,0.42598185539804756,0.406477265966966,0.4597832468865797,0.5276124262189084,True
56,B,clean,0.3317784903485542,0.35666820032634095,0.4211827474634181,0.4864841371696764,True
56,B,brightness_dark,0.3579803416412233,0.35946399878602386,0.40142143861432106,0.44299898559731443,True
56,B,contrast_low,0.3897271490980785,0.37710036158542537,0.43457967891150007,0.4815920181129842,True
56,B,gaussian_noise,0.29883008501076724,0.33445096699828886,0.3707768619925262,0.444377651956053,True
56,B,gaussian_blur,0.42598185539804756,0.406477265966966,0.4597832468865797,0.5276124262189084,True
57,A,clean,0.42405018512089565,0.3800599775816355,0.431387909049127,0.49075563545679546,True
57,A,brightness_dark,0.3740981171150177,0.36273022627964635,0.4197309603952769,0.5100995563310773,True
57,A,contrast_low,0.5819406581790102,0.41719125888656333,0.4843479277096252,0.5446789735833995,False
57,A,gaussian_noise,0.35530437772873047,0.33541757398861893,0.3820851884529143,0.43273171805895916,True
57,A,gaussian_blur,0.4788384988890677,0.4273689507902869,0.4907927381702772,0.5699087806164407,True
57,B,clean,0.42405018512089565,0.3800599775816355,0.431387909049127,0.49075563545679546,True
57,B,brightness_dark,0.3740981171150177,0.36273022627964635,0.4197309603952769,0.5100995563310773,True
57,B,contrast_low,0.5819406581790102,0.41719125888656333,0.4843479277096252,0.5446789735833995,False
57,B,gaussian_noise,0.35530437772873047,0.33541757398861893,0.3820851884529143,0.43273171805895916,True
57,B,gaussian_blur,0.4788384988890677,0.4273689507902869,0.4907927381702772,0.5699087806164407,True
58,A,clean,0.21315076009907605,0.3361901126231904,0.39507619839341956,0.4281758069244798,True
58,A,brightness_dark,0.2015590931149577,0.3507181464363105,0.38801371631535486,0.4422907139249179,True
58,A,contrast_low,0.2795751622490542,0.35401324652345856,0.425220714663233,0.4927583332150612,True
58,A,gaussian_noise,0.2014512831111997,0.31994405528924597,0.3686013110038554,0.4050312880124694,True
58,A,gaussian_blur,0.2466952483571846,0.3803858798095052,0.4299674610474512,0.4608182019532775,True
58,B,clean,0.21315076009907605,0.3361901126231904,0.39507619839341956,0.4281758069244798,True
58,B,brightness_dark,0.2015590931149577,0.3507181464363105,0.38801371631535486,0.4422907139249179,True
58,B,contrast_low,0.2795751622490542,0.35401324652345856,0.425220714663233,0.4927583332150612,True
58,B,gaussian_noise,0.2014512831111997,0.31994405528924597,0.3686013110038554,0.4050312880124694,True
58,B,gaussian_blur,0.2466952483571846,0.3803858798095052,0.4299674610474512,0.4608182019532775,True
59,A,clean,0.3132639629623639,0.3531084741828605,0.40091253473037525,0.48618953050084873,True
59,A,brightness_dark,0.25511432232584647,0.36426359472811365,0.4327712008167017,0.5149815043079876,True
59,A,contrast_low,0.3237988900512323,0.3751335790253017,0.4416284939292043,0.56509427388435,True
59,A,gaussian_noise,0.28021855559476605,0.32976683353465697,0.36707717431206843,0.4411402843179183,True
59,A,gaussian_blur,0.3652477866541737,0.38192037972603704,0.44813542456985866,0.5181197091913977,True
59,B,clean,0.3132639629623639,0.3531084741828605,0.40091253473037525,0.48618953050084873,True
59,B,brightness_dark,0.25511432232584647,0.36426359472811365,0.4327712008167017,0.5149815043079876,True
59,B,contrast_low,0.3237988900512323,0.3751335790253017,0.4416284939292043,0.56509427388435,True
59,B,gaussian_noise,0.28021855559476605,0.32976683353465697,0.36707717431206843,0.4411402843179183,True
59,B,gaussian_blur,0.3652477866541737,0.38192037972603704,0.44813542456985866,0.5181197091913977,True
60,A,clean,0.3034741721034272,0.3766118282053916,0.4347951537084054,0.5014747902870836,True
60,A,brightness_dark,0.4089523575739863,0.4754656571617699,0.5439085538746853,0.6150020678034738,True
60,A,contrast_low,0.47032058008120503,0.5219942792148108,0.6216495349197195,0.787627790417415,True
60,A,gaussian_noise,0.2853863498896888,0.34671328934335227,0.4114974741667808,0.453592004356343,True
60,A,gaussian_blur,0.3671024883285896,0.43164053724537604,0.5134565226607768,0.5947985207330997,True
60,B,clean,0.3034741721034272,0.3766118282053916,0.4347951537084054,0.5014747902870836,True
60,B,brightness_dark,0.4089523575739863,0.4754656571617699,0.5439085538746853,0.6150020678034738,True
60,B,contrast_low,0.47032058008120503,0.5219942792148108,0.6216495349197195,0.787627790417415,True
60,B,gaussian_noise,0.2853863498896888,0.34671328934335227,0.4114974741667808,0.453592004356343,True
60,B,gaussian_blur,0.3671024883285896,0.43164053724537604,0.5134565226607768,0.5947985207330997,True
61,A,clean,0.35059221555247155,0.4067576064671521,0.46759644334073414,0.532433236965428,True
61,A,brightness_dark,0.3135657303829201,0.3501861578096211,0.3975612400561218,0.4373730474065775,True
61,A,contrast_low,0.5112095084771308,0.427394432473415,0.5151461103353885,0.7176732199099259,True
61,A,gaussian_noise,0.3316919121281585,0.38175029486860074,0.46763976426810283,0.530653459268543,True
61,A,gaussian_blur,0.3864612497415505,0.4164657971063476,0.5202255093640196,0.643836072712521,True
61,B,clean,0.35059221555247155,0.4067576064671521,0.46759644334073414,0.532433236965428,True
61,B,brightness_dark,0.3135657303829201,0.3501861578096211,0.3975612400561218,0.4373730474065775,True
61,B,contrast_low,0.5112095084771308,0.427394432473415,0.5151461103353885,0.7176732199099259,True
61,B,gaussian_noise,0.3316919121281585,0.38175029486860074,0.46763976426810283,0.530653459268543,True
61,B,gaussian_blur,0.3864612497415505,0.4164657971063476,0.5202255093640196,0.643836072712521,True
62,A,clean,0.3921772399379278,0.3099689864682115,0.39543391472282147,0.4325866058914378,True
62,A,brightness_dark,0.48176676586615386,0.3225981373266036,0.3853326474194245,0.4319595061549878,False
62,A,contrast_low,0.48653520204696016,0.418543240124244,0.4790680080766839,0.5897951791839193,False
62,A,gaussian_noise,0.37166023974717893,0.2844451352471176,0.3646780104641134,0.4276589861914801,False
62,A,gaussian_blur,0.5682202839375767,0.40410250128180225,0.46653350394372683,0.5976462332780166,False
62,B,clean,0.3921772399379278,0.3099689864682115,0.39543391472282147,0.4325866058914378,True
62,B,brightness_dark,0.48176676586615386,0.3225981373266036,0.3853326474194245,0.4319595061549878,False
62,B,contrast_low,0.48653520204696016,0.418543240124244,0.4790680080766839,0.5897951791839193,False
62,B,gaussian_noise,0.37166023974717893,0.2844451352471176,0.3646780104641134,0.4276589861914801,False
62,B,gaussian_blur,0.5682202839375767,0.40410250128180225,0.46653350394372683,0.5976462332780166,False
63,A,clean,0.46485238964427167,0.45147283071228234,0.5003154655755018,0.6564898685882061,True
63,A,brightness_dark,0.3899550335820685,0.36335147635214743,0.4339270311246974,0.5137347104601669,True
63,A,contrast_low,0.43238890404758723,0.41383973619546044,0.5099920580929287,0.6212383456838082,True
63,A,gaussian_noise,0.4865120609486093,0.40510386113274566,0.434004036948601,0.5532406260576523,False
63,A,gaussian_blur,0.5200675065003983,0.5011250098458052,0.583403052930537,0.6644296003109259,True
63,B,clean,0.46485238964427167,0.45147283071228234,0.5003154655755018,0.6564898685882061,True
63,B,brightness_dark,0.3899550335820685,0.36335147635214743,0.4339270311246974,0.5137347104601669,True
63,B,contrast_low,0.43238890404758723,0.41383973619546044,0.5099920580929287,0.6212383456838082,True
63,B,gaussian_noise,0.4865120609486093,0.40510386113274566,0.434004036948601,0.5532406260576523,False
63,B,gaussian_blur,0.5200675065003983,0.5011250098458052,0.583403052930537,0.6644296003109259,True
64,A,clean,0.42037782651301503,0.3199562151580001,0.39050990951898623,0.48500301373554794,False
64,A,brightness_dark,0.5002755364842087,0.3518834492713224,0.4020480096850415,0.4924594369671373,False
64,A,contrast_low,0.4344668522437477,0.35279422707560504,0.41182860006716704,0.4857835501057367,False
64,A,gaussian_noise,0.3849143421252472,0.30469534026907436,0.3758245273446371,0.44972453636946297,False
64,A,gaussian_blur,0.4475035769705664,0.3473910479374257,0.4064782508430088,0.48696086771309727,False
64,B,clean,0.42037782651301503,0.3199562151580001,0.39050990951898623,0.48500301373554794,False
64,B,brightness_dark,0.5002755364842087,0.3518834492713224,0.4020480096850415,0.4924594369671373,False
64,B,contrast_low,0.4344668522437477,0.35279422707560504,0.41182860006716704,0.4857835501057367,False
64,B,gaussian_noise,0.3849143421252472,0.30469534026907436,0.3758245273446371,0.44972453636946297,False
64,B,gaussian_blur,0.4475035769705664,0.3473910479374257,0.4064782508430088,0.48696086771309727,False
65,A,clean,0.39267213145914126,0.3301627444099252,0.3881991123056773,0.426062228481004,False
65,A,brightness_dark,0.3713627429426992,0.32567489024159013,0.40405919460953454,0.44275768978104224,True
65,A,contrast_low,0.3704857974259059,0.3741249063289224,0.4448657595567178,0.47230676946428035,True
65,A,gaussian_noise,0.36069743387092734,0.29917239141614904,0.34137819891853877,0.4244830078416679,False
65,A,gaussian_blur,0.4112273878359608,0.3856871588838827,0.42915152155289377,0.4612772023041034,True
65,B,clean,0.39267213145914126,0.3301627444099252,0.3881991123056773,0.426062228481004,False
65,B,brightness_dark,0.3713627429426992,0.32567489024159013,0.40405919460953454,0.44275768978104224,True
65,B,contrast_low,0.3704857974259059,0.3741249063289224,0.4448657595567178,0.47230676946428035,True
65,B,gaussian_noise,0.36069743387092734,0.29917239141614904,0.34137819891853877,0.4244830078416679,False
65,B,gaussian_blur,0.4112273878359608,0.3856871588838827,0.42915152155289377,0.4612772023041034,True
66,A,clean,0.17985047619968955,0.3190640458880899,0.3812883796588623,0.43027870622843556,True
66,A,brightness_dark,0.23354795464225325,0.3385681948693468,0.4117051026995014,0.4581553002238505,True
66,A,contrast_low,0.22145864160184264,0.3521783951516073,0.4130952057021223,0.46369094153721024,True
66,A,gaussian_noise,0.18407442502849022,0.32273963362597086,0.3680279189739986,0.4495031840845134,True
66,A,gaussian_blur,0.19949901118587007,0.31862635897900615,0.4032166186919254,0.46034002419409664,True
66,B,clean,0.17985047619968955,0.3190640458880899,0.3812883796588623,0.43027870622843556,True
66,B,brightness_dark,0.23354795464225325,0.3385681948693468,0.4117051026995014,0.4581553002238505,True
66,B,contrast_low,0.22145864160184264,0.3521783951516073,0.4130952057021223,0.46369094153721024,True
66,B,gaussian_noise,0.18407442502849022,0.32273963362597086,0.3680279189739986,0.4495031840845134,True
66,B,gaussian_blur,0.19949901118587007,0.31862635897900615,0.4032166186919254,0.46034002419409664,True
67,A,clean,0.3554340114251221,0.3804312944510783,0.41772158064353365,0.5086698269088361,True
67,A,brightness_dark,0.3744412986500709,0.36175083508628814,0.43078434147352446,0.5066500798138959,True
67,A,contrast_low,0.46251654550584587,0.41868624823313183,0.4723093991169348,0.5349356141356282,True
67,A,gaussian_noise,0.37521146727689747,0.34210428959857586,0.4195487338086975,0.4640788031064518,True
67,A,gaussian_blur,0.37786452149400407,0.4098236095118262,0.462794585418128,0.5383961243387018,True
67,B,clean,0.3554340114251221,0.3804312944510783,0.41772158064353365,0.5086698269088361,True
67,B,brightness_dark,0.3744412986500709,0.36175083508628814,0.43078434147352446,0.5066500798138959,True
67,B,contrast_low,0.46251654550584587,0.41868624823313183,0.4723093991169348,0.5349356141356282,True
67,B,gaussian_noise,0.37521146727689747,0.34210428959857586,0.4195487338086975,0.4640788031064518,True
67,B,gaussian_blur,0.37786452149400407,0.4098236095118262,0.462794585418128,0.5383961243387018,True
68,A,clean,0.2886924069717731,0.3250763101184709,0.3829987624784102,0.4585446691714856,True
68,A,brightness_dark,0.28263077742432097,0.3506624307393126,0.38661022686044566,0.46172416344190564,True
68,A,contrast_low,0.3179013900994977,0.33108111866112566,0.41028149023384874,0.5054961063878743,True
68,A,gaussian_noise,0.2699475155417409,0.3014897718113092,0.34366046121384963,0.43425756965467094,True
68,A,gaussian_blur,0.2728740688353099,0.34699333747885264,0.4180489209229522,0.4933063601706291,True
68,B,clean,0.2886924069717731,0.3250763101184709,0.3829987624784102,0.4585446691714856,True
68,B,brightness_dark,0.28263077742432097,0.3506624307393126,0.38661022686044566,0.46172416344190564,True
68,B,contrast_low,0.3179013900994977,0.33108111866112566,0.41028149023384874,0.5054961063878743,True
68,B,gaussian_noise,0.2699475155417409,0.3014897718113092,0.34366046121384963,0.43425756965467094,True
68,B,gaussian_blur,0.2728740688353099,0.34699333747885264,0.4180489209229522,0.4933063601706291,True
69,A,clean,0.450651065020528,0.3655248420841541,0.4504414033420584,0.5207095167275969,False
69,A,brightness_dark,0.3781178464689581,0.3277521754931074,0.42157033216654094,0.47383404200320867,True
69,A,contrast_low,0.7286325467169733,0.4685134300901917,0.5857851291464506,0.8015019135882842,False
69,A,gaussian_noise,0.4169090311426863,0.3527399460407079,0.4358128001326639,0.49898173771216586,True
69,A,gaussian_blur,0.5105767995469396,0.3777282965908906,0.45674894776505204,0.5403504991377733,False
69,B,clean,0.450651065020528,0.3655248420841541,0.4504414033420584,0.5207095167275969,False
69,B,brightness_dark,0.3781178464689581,0.3277521754931074,0.42157033216654094,0.47383404200320867,True
69,B,contrast_low,0.7286325467169733,0.4685134300901917,0.5857851291464506,0.8015019135882842,False
69,B,gaussian_noise,0.4169090311426863,0.3527399460407079,0.4358128001326639,0.49898173771216586,True
69,B,gaussian_blur,0.5105767995469396,0.3777282965908906,0.45674894776505204,0.5403504991377733,False
70,A,clean,0.2748628597947936,0.3644669063861742,0.44523936727325975,0.5137325297582077,True
70,A,brightness_dark,0.3148512168067795,0.4175235476687382,0.4902305447357974,0.600762189743308,True
70,A,contrast_low,0.48487114075665916,0.4453366042755044,0.573662864022467,0.7359016186003489,True
70,A,gaussian_noise,0.20862855464470337,0.33024226399533724,0.40466294035361816,0.4835727177134594,True
70,A,gaussian_blur,0.25605909273457517,0.38784894721380425,0.49883274994042875,0.5616199419006591,True
70,B,clean,0.2748628597947936,0.3644669063861742,0.44523936727325975,0.5137325297582077,True
70,B,brightness_dark,0.3148512168067795,0.4175235476687382,0.4902305447357974,0.600762189743308,True
70,B,contrast_low,0.48487114075665916,0.4453366042755044,0.573662864022467,0.7359016186003489,True
70,B,gaussian_noise,0.20862855464470337,0.33024226399533724,0.40466294035361816,0.4835727177134594,True
70,B,gaussian_blur,0.25605909273457517,0.38784894721380425,0.49883274994042875,0.5616199419006591,True
71,A,clean,0.4301213137236491,0.35685885819647445,0.41572247380656574,0.49912305592263545,False
71,A,brightness_dark,0.4188850841919265,0.36855344571865234,0.4162329789174011,0.4898600806127724,False
71,A,contrast_low,0.43510670347030717,0.39040162754826396,0.458822692506738,0.5618080250395716,True
71,A,gaussian_noise,0.3991485957295677,0.3218842565198653,0.39896421889639566,0.4418048124316335,False
71,A,gaussian_blur,0.4612653246054598,0.3921165108804982,0.45676841050492645,0.5683172743878059,False
71,B,clean,0.4301213137236491,0.35685885819647445,0.41572247380656574,0.49912305592263545,False
71,B,brightness_dark,0.4188850841919265,0.36855344571865234,0.4162329789174011,0.4898600806127724,False
71,B,contrast_low,0.43510670347030717,0.39040162754826396,0.458822692506738,0.5618080250395716,True
71,B,gaussian_noise,0.3991485957295677,0.3218842565198653,0.39896421889639566,0.4418048124316335,False
71,B,gaussian_blur,0.4612653246054598,0.3921165108804982,0.45676841050492645,0.5683172743878059,False
72,A,clean,0.47173711663769774,0.3680549605039105,0.41870737786236595,0.5150933926706736,False
72,A,brightness_dark,0.3998972902209673,0.35965892763404894,0.41366997497178215,0.4413192464570261,True
72,A,contrast_low,0.5382172682237916,0.4271632825975338,0.4956998507545744,0.6065426277500553,False
72,A,gaussian_noise,0.37490957517085255,0.3436107768757808,0.39403309566797945,0.4819158117421008,True
72,A,gaussian_blur,0.5779563019048013,0.41288154375483477,0.48893647918345406,0.6049593991596078,False
72,B,clean,0.47173711663769774,0.3680549605039105,0.41870737786236595,0.5150933926706736,False
72,B,brightness_dark,0.3998972902209673,0.35965892763404894,0.41366997497178215,0.4413192464570261,True
72,B,contrast_low,0.5382172682237916,0.4271632825975338,0.4956998507545744,0.6065426277500553,False
72,B,gaussian_noise,0.37490957517085255,0.3436107768757808,0.39403309566797945,0.4819158117421008,True
72,B,gaussian_blur,0.5779563019048013,0.41288154375483477,0.48893647918345406,0.6049593991596078,False
73,A,clean,0.4030998174188175,0.3672447973127367,0.4275374382904257,0.5175056610366877,True
73,A,brightness_dark,0.4146003833607351,0.3538117626364387,0.4095937026069109,0.4836364706279208,False
73,A,contrast_low,0.4706717948113673,0.4122533634090789,0.5103032729348865,0.7254339535903236,True
73,A,gaussian_noise,0.41535311222629157,0.3679429887568395,0.413339098903743,0.502980512321982,False
73,A,gaussian_blur,0.4567613789543377,0.41401150455436364,0.5117009320331878,0.6435863633482687,True
73,B,clean,0.4030998174188175,0.3672447973127367,0.4275374382904257,0.5175056610366877,True
73,B,brightness_dark,0.4146003833607351,0.3538117626364387,0.4095937026069109,0.4836364706279208,False
73,B,contrast_low,0.4706717948113673,0.4122533634090789,0.5103032729348865,0.7254339535903236,True
73,B,gaussian_noise,0.41535311222629157,0.3679429887568395,0.413339098903743,0.502980512321982,False
73,B,gaussian_blur,0.4567613789543377,0.41401150455436364,0.5117009320331878,0.6435863633482687,True
74,A,clean,0.2528212649888809,0.3462752624292464,0.3705879090513881,0.41625900461369947,True
74,A,brightness_dark,0.27703830401931956,0.329921928234971,0.3624128251901507,0.4233620594358964,True
74,A,contrast_low,0.302134841923969,0.4379227223964206,0.49058901137047883,0.5785335334859828,True
74,A,gaussian_noise,0.24067847623042582,0.30076783696414366,0.3380128247972046,0.3869250910487405,True
74,A,gaussian_blur,0.34645673761443524,0.42796302630137295,0.509872541727826,0.6288773934789887,True
74,B,clean,0.2528212649888809,0.3462752624292464,0.3705879090513881,0.41625900461369947,True
74,B,brightness_dark,0.27703830401931956,0.329921928234971,0.3624128251901507,0.4233620594358964,True
74,B,contrast_low,0.302134841923969,0.4379227223964206,0.49058901137047883,0.5785335334859828,True
74,B,gaussian_noise,0.24067847623042582,0.30076783696414366,0.3380128247972046,0.3869250910487405,True
74,B,gaussian_blur,0.34645673761443524,0.42796302630137295,0.509872541727826,0.6288773934789887,True
75,A,clean,0.4255079206224194,0.31099382365583383,0.36765369692332156,0.4421372867680622,False
75,A,brightness_dark,0.3680687665028497,0.3239295951042341,0.38517608734849046,0.4511375666531722,True
75,A,contrast_low,0.43066479254801915,0.3251013884472941,0.3899183576759469,0.46274323933563044,False
75,A,gaussian_noise,0.414755569315333,0.30905570962999623,0.3671910449035578,0.42500918395588605,False
75,A,gaussian_blur,0.40310683027515726,0.3428933997040399,0.3908092820849515,0.48058792075106477,False
75,B,clean,0.4255079206224194,0.31099382365583383,0.36765369692332156,0.4421372867680622,False
75,B,brightness_dark,0.3680687665028497,0.3239295951042341,0.38517608734849046,0.4511375666531722,True
75,B,contrast_low,0.43066479254801915,0.3251013884472941,0.3899183576759469,0.46274323933563044,False
75,B,gaussian_noise,0.414755569315333,0.30905570962999623,0.3671910449035578,0.42500918395588605,False
75,B,gaussian_blur,0.40310683027515726,0.3428933997040399,0.3908092820849515,0.48058792075106477,False
76,A,clean,0.30697261080462895,0.3830278853568414,0.4513213860289119,0.48712646474613497,True
76,A,brightness_dark,0.33229616512544896,0.3654285921891066,0.4295426718658911,0.4808763526713373,True
76,A,contrast_low,0.38310159294422125,0.4658364094114742,0.5337929567224406,0.7244043673836568,True
76,A,gaussian_noise,0.265627753834637,0.34629990520769116,0.3944521643189416,0.44003960791094765,True
76,A,gaussian_blur,0.30815297334141484,0.3796067129463294,0.45249115041048527,0.5218157035158668,True
76,B,clean,0.30697261080462895,0.3830278853568414,0.4513213860289119,0.48712646474613497,True
76,B,brightness_dark,0.33229616512544896,0.3654285921891066,0.4295426718658911,0.4808763526713373,True
76,B,contrast_low,0.38310159294422125,0.4658364094114742,0.5337929567224406,0.7244043673836568,True
76,B,gaussian_noise,0.265627753834637,0.34629990520769116,0.3944521643189416,0.44003960791094765,True
76,B,gaussian_blur,0.30815297334141484,0.3796067129463294,0.45249115041048527,0.5218157035158668,True
77,A,clean,0.3379483752875585,0.338514814056778,0.399597952784012,0.49080342570853314,True
77,A,brightness_dark,0.3380113628145526,0.3434856525161674,0.41128125561750156,0.4726850862214934,True
77,A,contrast_low,0.40756909897212673,0.38806838897703394,0.4593414940624542,0.543893239144939,True
77,A,gaussian_noise,0.3104484576250064,0.33081883380642146,0.37353409992373054,0.4318345799323493,True
77,A,gaussian_blur,0.3908681453237822,0.3807018810568584,0.42919363532917787,0.5110006473616983,True
77,B,clean,0.3379483752875585,0.338514814056778,0.399597952784012,0.49080342570853314,True
77,B,brightness_dark,0.3380113628145526,0.3434856525161674,0.41128125561750156,0.4726850862214934,True
77,B,contrast_low,0.40756909897212673,0.38806838897703394,0.4593414940624542,0.543893239144939,True
77,B,gaussian_noise,0.3104484576250064,0.33081883380642146,0.37353409992373054,0.4318345799323493,True
77,B,gaussian_blur,0.3908681453237822,0.3807018810568584,0.42919363532917787,0.5110006473616983,True
78,A,clean,0.3666417890950555,0.3827170265408592,0.44104811716259734,0.47034192008190023,True
78,A,brightness_dark,0.4379840891514292,0.3778524539056281,0.40266327555434034,0.4670969888253687,False
78,A,contrast_low,0.4629058358723983,0.4381311311318692,0.48042236864686716,0.5777457820433891,True
78,A,gaussian_noise,0.35601631685036694,0.34297505195909805,0.3956786897005366,0.43500703889847486,True
78,A,gaussian_blur,0.407532208131977,0.4129989766744338,0.4464612160271393,0.5107454193797433,True
78,B,clean,0.3666417890950555,0.3827170265408592,0.44104811716259734,0.47034192008190023,True
78,B,brightness_dark,0.4379840891514292,0.3778524539056281,0.40266327555434034,0.4670969888253687,False
78,B,contrast_low,0.4629058358723983,0.4381311311318692,0.48042236864686716,0.5777457820433891,True
78,B,gaussian_noise,0.35601631685036694,0.34297505195909805,0.3956786897005366,0.43500703889847486,True
78,B,gaussian_blur,0.407532208131977,0.4129989766744338,0.4464612160271393,0.5107454193797433,True
79,A,clean,0.40005636980391035,0.3672164614410229,0.42446989576801264,0.49106123981942695,True
79,A,brightness_dark,0.4093222461582726,0.3589757120145591,0.40343501078606786,0.471210534287842,False
79,A,contrast_low,0.5966321503673048,0.46195648909489967,0.6025909463215687,0.7753172228974917,True
79,A,gaussian_noise,0.31619812167117045,0.31688040387051997,0.4025960976754698,0.44795493925077406,True
79,A,gaussian_blur,0.4721631286208019,0.3996474373485959,0.49191497062139544,0.6441116234160633,True
79,B,clean,0.40005636980391035,0.3672164614410229,0.42446989576801264,0.49106123981942695,True
79,B,brightness_dark,0.4093222461582726,0.3589757120145591,0.40343501078606786,0.471210534287842,False
79,B,contrast_low,0.5966321503673048,0.46195648909489967,0.6025909463215687,0.7753172228974917,True
79,B,gaussian_noise,0.31619812167117045,0.31688040387051997,0.4025960976754698,0.44795493925077406,True
79,B,gaussian_blur,0.4721631286208019,0.3996474373485959,0.49191497062139544,0.6441116234160633,True
80,A,clean,0.43795606836379286,0.38966041184215305,0.4348059433079418,0.5434906136614674,False
80,A,brightness_dark,0.42824457960288875,0.3679043534195956,0.41322298570505267,0.5064014531752246,False
80,A,contrast_low,0.5508909926724224,0.5025461751864068,0.604807779780826,0.7109322959493829,True
80,A,gaussian_noise,0.3944075872358271,0.3615102879953541,0.41557796095192107,0.4667482905861176,True
80,A,gaussian_blur,0.4573616727180957,0.4866258862624299,0.5402373862597263,0.6362840160271623,True
80,B,clean,0.43795606836379286,0.38966041184215305,0.4348059433079418,0.5434906136614674,False
80,B,brightness_dark,0.42824457960288875,0.3679043534195956,0.41322298570505267,0.5064014531752246,False
80,B,contrast_low,0.5508909926724224,0.5025461751864068,0.604807779780826,0.7109322959493829,True
80,B,gaussian_noise,0.3944075872358271,0.3615102879953541,0.41557796095192107,0.4667482905861176,True
80,B,gaussian_blur,0.4573616727180957,0.4866258862624299,0.5402373862597263,0.6362840160271623,True
81,A,clean,0.2239041478704059,0.31457219654797464,0.38873640030865914,0.4498140929731681,True
81,A,brightness_dark,0.2134273290737882,0.32704147100935455,0.38512696840996363,0.4620875848492835,True
81,A,contrast_low,0.2731449589242572,0.3265209253643474,0.42141794426636253,0.48923579447508775,True
81,A,gaussian_noise,0.24825035208203847,0.31276979474082145,0.38041199255721125,0.41389374176478877,True
81,A,gaussian_blur,0.24943281168307682,0.3404935545354375,0.414635583479746,0.49475754839796404,True
81,B,clean,0.2239041478704059,0.31457219654797464,0.38873640030865914,0.4498140929731681,True
81,B,brightness_dark,0.2134273290737882,0.32704147100935455,0.38512696840996363,0.4620875848492835,True
81,B,contrast_low,0.2731449589242572,0.3265209253643474,0.42141794426636253,0.48923579447508775,True
81,B,gaussian_noise,0.24825035208203847,0.31276979474082145,0.38041199255721125,0.41389374176478877,True
81,B,gaussian_blur,0.24943281168307682,0.3404935545354375,0.414635583479746,0.49475754839796404,True
82,A,clean,0.3025198489348,0.34955444527493673,0.40065165758902216,0.47009269243389046,True
82,A,brightness_dark,0.3492866317613503,0.36314463600085567,0.40512208094816793,0.4756076107366445,True
82,A,contrast_low,0.4135394301314576,0.39505969428932,0.441499518970744,0.526457308499462,True
82,A,gaussian_noise,0.32319675494388656,0.32234402204829093,0.387786797052937,0.4612136719997382,True
82,A,gaussian_blur,0.28688240862683434,0.3784361418815544,0.432417795253516,0.524120434867448,True
82,B,clean,0.3025198489348,0.34955444527493673,0.40065165758902216,0.47009269243389046,True
82,B,brightness_dark,0.3492866317613503,0.36314463600085567,0.40512208094816793,0.4756076107366445,True
82,B,contrast_low,0.4135394301314576,0.39505969428932,0.441499518970744,0.526457308499462,True
82,B,gaussian_noise,0.32319675494388656,0.32234402204829093,0.387786797052937,0.4612136719997382,True
82,B,gaussian_blur,0.28688240862683434,0.3784361418815544,0.432417795253516,0.524120434867448,True
83,A,clean,0.2371760876889898,0.39037765629799603,0.47565478626737684,0.5425999983363554,True
83,A,brightness_dark,0.3079579105849076,0.4041585376322177,0.47599958835953704,0.5176654365878779,True
83,A,contrast_low,0.4223672002438582,0.4480987558339604,0.5024226146987888,0.579614481498948,True
83,A,gaussian_noise,0.21959558370327664,0.34064102864373025,0.39293336812016094,0.44425718094402616,True
83,A,gaussian_blur,0.297814949193852,0.4036473383467751,0.4694348231224864,0.5456209516081997,True
83,B,clean,0.2371760876889898,0.39037765629799603,0.47565478626737684,0.5425999983363554,True
83,B,brightness_dark,0.3079579105849076,0.4041585376322177,0.47599958835953704,0.5176654365878779,True
83,B,contrast_low,0.4223672002438582,0.4480987558339604,0.5024226146987888,0.579614481498948,True
83,B,gaussian_noise,0.21959558370327664,0.34064102864373025,0.39293336812016094,0.44425718094402616,True
83,B,gaussian_blur,0.297814949193852,0.4036473383467751,0.4694348231224864,0.5456209516081997,True
84,A,clean,0.4452436083573352,0.35299234637584326,0.42362930548950406,0.47015248835988405,False
84,A,brightness_dark,0.36736888733045625,0.3495194388348899,0.40615589047858636,0.4815799208769386,True
84,A,contrast_low,0.6546934466003944,0.46872931448939176,0.6234048370262364,0.9727776653384527,False
84,A,gaussian_noise,0.4323756116492944,0.33309642757870644,0.38507432302756395,0.43793115880279354,False
84,A,gaussian_blur,0.5524369134018685,0.4482873060841267,0.5321397903031327,0.60958977221536,False
84,B,clean,0.4452436083573352,0.35299234637584326,0.42362930548950406,0.47015248835988405,False
84,B,brightness_dark,0.36736888733045625,0.3495194388348899,0.40615589047858636,0.4815799208769386,True
84,B,contrast_low,0.6546934466003944,0.46872931448939176,0.6234048370262364,0.9727776653384527,False
84,B,gaussian_noise,0.4323756116492944,0.33309642757870644,0.38507432302756395,0.43793115880279354,False
84,B,gaussian_blur,0.5524369134018685,0.4482873060841267,0.5321397903031327,0.60958977221536,False
85,A,clean,0.48996239010901743,0.39558173986566414,0.42656784044652596,0.5230738059583809,False
85,A,brightness_dark,0.47592104078514763,0.40494056150742264,0.4700739154583676,0.5068314602334147,False
85,A,contrast_low,0.49000251787503085,0.4189034652702544,0.48954623642298023,0.5436981200153838,False
85,A,gaussian_noise,0.3314851696989024,0.3482463393987396,0.40765312847891544,0.47860832235847983,True
85,A,gaussian_blur,0.4509891300240808,0.4063372798578132,0.47950836662680874,0.5636451173273362,True
85,B,clean,0.48996239010901743,0.39558173986566414,0.42656784044652596,0.5230738059583809,False
85,B,brightness_dark,0.47592104078514763,0.40494056150742264,0.4700739154583676,0.5068314602334147,False
85,B,contrast_low,0.49000251787503085,0.4189034652702544,0.48954623642298023,0.5436981200153838,False
85,B,gaussian_noise,0.3314851696989024,0.3482463393987396,0.40765312847891544,0.47860832235847983,True
85,B,gaussian_blur,0.4509891300240808,0.4063372798578132,0.47950836662680874,0.5636451173273362,True
86,A,clean,0.37573758228386755,0.34511258913972154,0.39778129519609623,0.4584514437444277,True
86,A,brightness_dark,0.33165300638346806,0.3714481319906434,0.4129593791179403,0.47477620229077655,True
86,A,contrast_low,0.6579040296319114,0.5062101791056353,0.6480857344728118,1.0840567676710016,False
86,A,gaussian_noise,0.34714207249710316,0.3375618388071382,0.4173194357103812,0.4504256813674967,True
86,A,gaussian_blur,0.4976256891098074,0.37471087114137774,0.4499651397943537,0.5496014819742735,False
86,B,clean,0.37573758228386755,0.34511258913972154,0.39778129519609623,0.4584514437444277,True
86,B,brightness_dark,0.33165300638346806,0.3714481319906434,0.4129593791179403,0.47477620229077655,True
86,B,contrast_low,0.6579040296319114,0.5062101791056353,0.6480857344728118,1.0840567676710016,False
86,B,gaussian_noise,0.34714207249710316,0.3375618388071382,0.4173194357103812,0.4504256813674967,True
86,B,gaussian_blur,0.4976256891098074,0.37471087114137774,0.4499651397943537,0.5496014819742735,False
87,A,clean,0.37366814336613696,0.36607687086790186,0.44478192435061914,0.5748425452536309,True
87,A,brightness_dark,0.3730926051175293,0.34833310550002095,0.4333717960148833,0.5111247676398314,True
87,A,contrast_low,0.4378099096993275,0.4116934000746503,0.4993853301338679,0.6418908487363467,True
87,A,gaussian_noise,0.3585959008712486,0.34061507238787836,0.4295286730794484,0.5145619186838108,True
87,A,gaussian_blur,0.3833997701331767,0.3963483548078258,0.46792670656926816,0.6074976875659313,True
87,B,clean,0.37366814336613696,0.36607687086790186,0.44478192435061914,0.5748425452536309,True
87,B,brightness_dark,0.3730926051175293,0.34833310550002095,0.4333717960148833,0.5111247676398314,True
87,B,contrast_low,0.4378099096993275,0.4116934000746503,0.4993853301338679,0.6418908487363467,True
87,B,gaussian_noise,0.3585959008712486,0.34061507238787836,0.4295286730794484,0.5145619186838108,True
87,B,gaussian_blur,0.3833997701331767,0.3963483548078258,0.46792670656926816,0.6074976875659313,True
88,A,clean,0.3180691227596365,0.4532109122524095,0.501360657652038,0.5861666416362763,True
88,A,brightness_dark,0.3210017523927653,0.4397830844076422,0.4877869722230999,0.531947025528672,True
88,A,contrast_low,0.5849320365671805,0.5570601793774228,0.6766055617599167,0.850916485353595,True
88,A,gaussian_noise,0.2930571040235297,0.3602210718810136,0.42476025836086556,0.4532072260854086,True
88,A,gaussian_blur,0.44515367274585094,0.5113404599479032,0.6022289254559058,0.7349113187097628,True
88,B,clean,0.3180691227596365,0.4532109122524095,0.501360657652038,0.5861666416362763,True
88,B,brightness_dark,0.3210017523927653,0.4397830844076422,0.4877869722230999,0.531947025528672,True
88,B,contrast_low,0.5849320365671805,0.5570601793774228,0.6766055617599167,0.850916485353595,True
88,B,gaussian_noise,0.2930571040235297,0.3602210718810136,0.42476025836086556,0.4532072260854086,True
88,B,gaussian_blur,0.44515367274585094,0.5113404599479032,0.6022289254559058,0.7349113187097628,True
89,A,clean,0.4326510350674271,0.3559174954185452,0.4331620761151612,0.5295756174562175,True
89,A,brightness_dark,0.4463625437567947,0.3446975767048014,0.4079050209868189,0.47125348187073524,False
89,A,contrast_low,0.43933374867862246,0.3893622965449435,0.46424532096366855,0.5535873714251079,True
89,A,gaussian_noise,0.36696820265849883,0.31257030488920784,0.3837178726275985,0.4478302518279443,True
89,A,gaussian_blur,0.403064305226123,0.37154530978589073,0.4642192614850157,0.5449611991376382,True
89,B,clean,0.4326510350674271,0.3559174954185452,0.4331620761151612,0.5295756174562175,True
89,B,brightness_dark,0.4463625437567947,0.3446975767048014,0.4079050209868189,0.47125348187073524,False
89,B,contrast_low,0.43933374867862246,0.3893622965449435,0.46424532096366855,0.5535873714251079,True
89,B,gaussian_noise,0.36696820265849883,0.31257030488920784,0.3837178726275985,0.4478302518279443,True
89,B,gaussian_blur,0.403064305226123,0.37154530978589073,0.4642192614850157,0.5449611991376382,True
90,A,clean,0.41965519047418176,0.3609818431869751,0.40067281698363433,0.455406099759585,False
90,A,brightness_dark,0.44924923881464174,0.3594197203233854,0.40927809267108495,0.46000094207557196,False
90,A,contrast_low,0.49857920863439603,0.4126937209862159,0.46937476744888607,0.5526292716589509,False
90,A,gaussian_noise,0.384299227221262,0.3256418115847749,0.3806250749863737,0.41942706694112825,False
90,A,gaussian_blur,0.4389914025603643,0.37635368611351877,0.454514831789547,0.508549974999911,True
90,B,clean,0.41965519047418176,0.3609818431869751,0.40067281698363433,0.455406099759585,False
90,B,brightness_dark,0.44924923881464174,0.3594197203233854,0.40927809267108495,0.46000094207557196,False
90,B,contrast_low,0.49857920863439603,0.4126937209862159,0.46937476744888607,0.5526292716589509,False
90,B,gaussian_noise,0.384299227221262,0.3256418115847749,0.3806250749863737,0.41942706694112825,False
90,B,gaussian_blur,0.4389914025603643,0.37635368611351877,0.454514831789547,0.508549974999911,True
91,A,clean,0.20272518631473768,0.28403034803628624,0.3537023058749168,0.3939287305023074,True
91,A,brightness_dark,0.23098457972795514,0.30745942169293117,0.3859863018739803,0.42554668073089763,True
91,A,contrast_low,0.2541735795837722,0.29283343058987843,0.3629414467657203,0.41059898237442893,True
91,A,gaussian_noise,0.1956591472337555,0.27982080357536154,0.3531061259431864,0.396564363205997,True
91,A,gaussian_blur,0.2087939926558932,0.29706569615819384,0.36184189605144784,0.4155829548519858,True
91,B,clean,0.20272518631473768,0.28403034803628624,0.3537023058749168,0.3939287305023074,True
91,B,brightness_dark,0.23098457972795514,0.30745942169293117,0.3859863018739803,0.42554668073089763,True
91,B,contrast_low,0.2541735795837722,0.29283343058987843,0.3629414467657203,0.41059898237442893,True
91,B,gaussian_noise,0.1956591472337555,0.27982080357536154,0.3531061259431864,0.396564363205997,True
91,B,gaussian_blur,0.2087939926558932,0.29706569615819384,0.36184189605144784,0.4155829548519858,True
92,A,clean,0.25301111924568775,0.3346264741627947,0.3714475168790046,0.42541608666404407,True
92,A,brightness_dark,0.26775554845674393,0.33571022908639125,0.38957230901862167,0.4569754551877327,True
92,A,contrast_low,0.3644131231590804,0.36688420709280667,0.4320979214719665,0.5007825583516581,True
92,A,gaussian_noise,0.2656608967915266,0.3125029165013444,0.37261890091321337,0.4172118297939892,True
92,A,gaussian_blur,0.27258413868281695,0.3366859859970952,0.38674241660911324,0.45230515333464466,True
92,B,clean,0.25301111924568775,0.3346264741627947,0.3714475168790046,0.42541608666404407,True
92,B,brightness_dark,0.26775554845674393,0.33571022908639125,0.38957230901862167,0.4569754551877327,True
92,B,contrast_low,0.3644131231590804,0.36688420709280667,0.4320979214719665,0.5007825583516581,True
92,B,gaussian_noise,0.2656608967915266,0.3125029165013444,0.37261890091321337,0.4172118297939892,True
92,B,gaussian_blur,0.27258413868281695,0.3366859859970952,0.38674241660911324,0.45230515333464466,True
93,A,clean,0.21215422169434597,0.3304301390631782,0.41298505603103686,0.47523852336767725,True
93,A,brightness_dark,0.18511278486900198,0.3295385497203311,0.3914886784469168,0.4528418872620885,True
93,A,contrast_low,0.36019944141233895,0.464736171579329,0.5312345955398011,0.6696865373501328,True
93,A,gaussian_noise,0.17195328161147286,0.2973337149855528,0.36206830033626547,0.4505946055176976,True
93,A,gaussian_blur,0.2168862974353375,0.37926555934200795,0.42859090117166054,0.4932806316803603,True
93,B,clean,0.21215422169434597,0.3304301390631782,0.41298505603103686,0.47523852336767725,True
93,B,brightness_dark,0.18511278486900198,0.3295385497203311,0.3914886784469168,0.4528418872620885,True
93,B,contrast_low,0.36019944141233895,0.464736171579329,0.5312345955398011,0.6696865373501328,True
93,B,gaussian_noise,0.17195328161147286,0.2973337149855528,0.36206830033626547,0.4505946055176976,True
93,B,gaussian_blur,0.2168862974353375,0.37926555934200795,0.42859090117166054,0.4932806316803603,True
94,A,clean,0.334923321144709,0.33008991803665855,0.36668184297356987,0.4320039825284883,True
94,A,brightness_dark,0.3215903299905168,0.3327197329573422,0.37755374511537493,0.41618634494983087,True
94,A,contrast_low,0.4150159585197447,0.3605079136037646,0.40468991306649893,0.4595486542829332,False
94,A,gaussian_noise,0.32726394676564874,0.32014512815461255,0.34633646824859815,0.38714043997360326,True
94,A,gaussian_blur,0.40367660192807453,0.36001930223099593,0.4079468931532848,0.47697306888026336,True
94,B,clean,0.334923321144709,0.33008991803665855,0.36668184297356987,0.4320039825284883,True
94,B,brightness_dark,0.3215903299905168,0.3327197329573422,0.37755374511537493,0.41618634494983087,True
94,B,contrast_low,0.4150159585197447,0.3605079136037646,0.40468991306649893,0.4595486542829332,False
94,B,gaussian_noise,0.32726394676564874,0.32014512815461255,0.34633646824859815,0.38714043997360326,True
94,B,gaussian_blur,0.40367660192807453,0.36001930223099593,0.4079468931532848,0.47697306888026336,True
95,A,clean,0.3154700836597848,0.34016859134896843,0.414982949046059,0.44087017280882795,True
95,A,brightness_dark,0.37420378039474006,0.38585406663998195,0.4439889325508628,0.47303903887357723,True
95,A,contrast_low,0.3634227066035425,0.38460035829251416,0.44443517139924404,0.48930775221750744,True
95,A,gaussian_noise,0.31876259949225066,0.31727872786093675,0.3964941230587383,0.44505060120916445,True
95,A,gaussian_blur,0.3276089618204171,0.35008203166802176,0.4301737922063332,0.45978982678109614,True
95,B,clean,0.3154700836597848,0.34016859134896843,0.414982949046059,0.44087017280882795,True
95,B,brightness_dark,0.37420378039474006,0.38585406663998195,0.4439889325508628,0.47303903887357723,True
95,B,contrast_low,0.3634227066035425,0.38460035829251416,0.44443517139924404,0.48930775221750744,True
95,B,gaussian_noise,0.31876259949225066,0.31727872786093675,0.3964941230587383,0.44505060120916445,True
95,B,gaussian_blur,0.3276089618204171,0.35008203166802176,0.4301737922063332,0.45978982678109614,True
96,A,clean,0.19038038852328576,0.2960202080962698,0.35904930961031345,0.41605993771648664,True
96,A,brightness_dark,0.2147668427805977,0.28328790546410887,0.3501885399177482,0.43655343553905573,True
96,A,contrast_low,0.2326928989233758,0.30249355017063206,0.3749108104381537,0.4253758735135267,True
96,A,gaussian_noise,0.19358541931280718,0.2836673431426495,0.3391921480617879,0.4056203408554605,True
96,A,gaussian_blur,0.2514508308858119,0.31151877652669613,0.37916712455947804,0.4417218350305146,True
96,B,clean,0.19038038852328576,0.2960202080962698,0.35904930961031345,0.41605993771648664,True
96,B,brightness_dark,0.2147668427805977,0.28328790546410887,0.3501885399177482,0.43655343553905573,True
96,B,contrast_low,0.2326928989233758,0.30249355017063206,0.3749108104381537,0.4253758735135267,True
96,B,gaussian_noise,0.19358541931280718,0.2836673431426495,0.3391921480617879,0.4056203408554605,True
96,B,gaussian_blur,0.2514508308858119,0.31151877652669613,0.37916712455947804,0.4417218350305146,True
97,A,clean,0.6473613235605775,0.6046899181756407,0.7627012298507232,0.9066705743489083,True
97,A,brightness_dark,0.5239714454281391,0.5699302051105397,0.6486456779217997,0.7510394026407514,True
97,A,contrast_low,1.0479805141742824,0.7165252741924663,0.9562072515814253,1.2079163855598565,False
97,A,gaussian_noise,0.40130989540791007,0.3557077489972931,0.4604748064735147,0.5260773559354376,True
97,A,gaussian_blur,0.7939782372439508,0.6418597032404738,0.8414588339057687,1.0443738902565762,True
97,B,clean,0.6473613235605775,0.6046899181756407,0.7627012298507232,0.9066705743489083,True
97,B,brightness_dark,0.5239714454281391,0.5699302051105397,0.6486456779217997,0.7510394026407514,True
97,B,contrast_low,1.0479805141742824,0.7165252741924663,0.9562072515814253,1.2079163855598565,False
97,B,gaussian_noise,0.40130989540791007,0.3557077489972931,0.4604748064735147,0.5260773559354376,True
97,B,gaussian_blur,0.7939782372439508,0.6418597032404738,0.8414588339057687,1.0443738902565762,True
98,A,clean,0.4116654132002219,0.39225688906017386,0.47287322841754376,0.5688240332469723,True
98,A,brightness_dark,0.4133177640585167,0.39563953231176757,0.4851815927921368,0.5985959148618407,True
98,A,contrast_low,0.5862769626876687,0.6789070387498062,0.8400216200566893,1.2648997541719196,True
98,A,gaussian_noise,0.4168507587388851,0.3869088699899127,0.45966626954364675,0.5785453734096306,True
98,A,gaussian_blur,0.40999484655308144,0.4438555656299502,0.5427626115017845,0.6783080292724634,True
98,B,clean,0.4116654132002219,0.39225688906017386,0.47287322841754376,0.5688240332469723,True
98,B,brightness_dark,0.4133177640585167,0.39563953231176757,0.4851815927921368,0.5985959148618407,True
98,B,contrast_low,0.5862769626876687,0.6789070387498062,0.8400216200566893,1.2648997541719196,True
98,B,gaussian_noise,0.4168507587388851,0.3869088699899127,0.45966626954364675,0.5785453734096306,True
98,B,gaussian_blur,0.40999484655308144,0.4438555656299502,0.5427626115017845,0.6783080292724634,True
99,A,clean,0.37988315506930365,0.3565723965910367,0.41357170997351944,0.451381737640187,True
99,A,brightness_dark,0.3457407529398647,0.3856005274756968,0.4313744629746462,0.49353964505302034,True
99,A,contrast_low,0.41099235236491877,0.4190546459854516,0.48886003575252013,0.5491587724675091,True
99,A,gaussian_noise,0.3887716157295323,0.34822462026101886,0.39011937714472006,0.4449142627890909,True
99,A,gaussian_blur,0.38763561473147856,0.3885318678203793,0.46533751463531925,0.5065123305869937,True
99,B,clean,0.37988315506930365,0.3565723965910367,0.41357170997351944,0.451381737640187,True
99,B,brightness_dark,0.3457407529398647,0.3856005274756968,0.4313744629746462,0.49353964505302034,True
99,B,contrast_low,0.41099235236491877,0.4190546459854516,0.48886003575252013,0.5491587724675091,True
99,B,gaussian_noise,0.3887716157295323,0.34822462026101886,0.39011937714472006,0.4449142627890909,True
99,B,gaussian_blur,0.38763561473147856,0.3885318678203793,0.46533751463531925,0.5065123305869937,True
