client,bank,context,ROT_SCORE,direction_errors,direction_ranks,current_state,current_tie_mask,clean_surrogate_state,clean_surrogate_tie_mask
0,A,clean,"[0.2719538921038319, 0.28772926332097637, 0.2766926604932329, 0.25900054384501575, 0.2766291435164553]","[[0.3688501141330162, 0.17505767007464762], [0.37199111591731926, 0.20346741072463342], [0.3792422793606334, 0.17414304162583236], [0.3453199283309996, 0.17268115935903192], [0.374194784403347, 0.1790635026295635]]","[[40, 40], [40, 40], [40, 40], [40, 40], [40, 40]]",3,8,3,8
0,A,brightness_dark,"[0.2863654751483664, 0.2799527190511374, 0.2909555119870997, 0.2950431847734327, 0.28496476234508206]","[[0.3802753247576157, 0.19245562553911713], [0.36316569776644314, 0.19673974033583158], [0.38854601101951486, 0.19336501295468445], [0.38097536205079463, 0.20911100749607076], [0.3798810298888077, 0.19004849480135638]]","[[40, 40], [40, 40], [40, 40], [40, 40], [40, 40]]",1,2,3,8
0,A,contrast_low,"[0.2673203324192374, 0.30568149460887395, 0.275135539807865, 0.275440815374256, 0.2681311168952657]","[[0.35219894557707665, 0.18244171926139818], [0.36718346285151227, 0.24417952636623558], [0.3638749677788195, 0.1863961118369105], [0.3560166918162053, 0.19486493893230666], [0.3525253206734783, 0.18373691311705306]]","[[40, 40], [40, 40], [40, 40], [40, 40], [40, 40]]",0,1,3,8
0,A,gaussian_noise,"[0.2510035143112088, 0.2837122739422235, 0.23125474511631583, 0.2617368650665588, 0.23823393367102091]","[[0.344442834816796, 0.15756419380562164], [0.38462850922149466, 0.18279603866295233], [0.3030624988268412, 0.15944699140579047], [0.3625911002679434, 0.16088262986517415], [0.320232866048989, 0.15623500129305284]]","[[40, 40], [40, 40], [40, 40], [40, 40], [40, 40]]",2,4,3,8
0,A,gaussian_blur,"[0.22920601714854866, 0.3201825995987898, 0.26964398109247195, 0.24442296890762472, 0.23950376181789707]","[[0.3047778287387839, 0.15363420555831345], [0.4376143390252428, 0.20275086017233684], [0.37342766938070715, 0.16586029280423673], [0.328942433832986, 0.1599035039822634], [0.3241715515918691, 0.154835972043925]]","[[40, 40], [40, 40], [40, 40], [40, 40], [40, 40]]",0,1,3,8
0,B,clean,"[0.2719538921038319, 0.29220061190753843, 0.267330111591592, 0.2631583371513747, 0.2770720007048979]","[[0.3688501141330162, 0.17505767007464762], [0.38139612682479773, 0.2030050969902791], [0.36430820537618297, 0.170352017807001], [0.35294898764730476, 0.17336768665544464], [0.3746181739831799, 0.17952582742661582]]","[[40, 40], [40, 40], [40, 40], [40, 40], [40, 40]]",3,8,3,8
0,B,brightness_dark,"[0.2863654751483664, 0.2823233264368056, 0.29291051259557466, 0.2960305408812396, 0.28528708455284435]","[[0.3802753247576157, 0.19245562553911713], [0.36926329768900473, 0.1953833551846064], [0.3910056153629438, 0.1948154098282055], [0.3844151336846349, 0.20764594807784426], [0.3800931304504318, 0.19048103865525687]]","[[40, 40], [40, 40], [40, 40], [40, 40], [40, 40]]",1,2,3,8
0,B,contrast_low,"[0.2673203324192374, 0.3072192413860783, 0.2755477500618962, 0.27619140971339184, 0.2687543601107654]","[[0.35219894557707665, 0.18244171926139818], [0.3643446776490805, 0.2500938051230761], [0.35715473240112466, 0.19394076772266772], [0.3621174530640769, 0.19026536636270674], [0.35325908183065285, 0.18424963839087802]]","[[40, 40], [40, 40], [40, 40], [40, 40], [40, 40]]",0,1,3,8
0,B,gaussian_noise,"[0.2510035143112088, 0.2856510240144984, 0.2205348422035149, 0.26377397514440304, 0.23715870084413143]","[[0.344442834816796, 0.15756419380562164], [0.38888248017801474, 0.18241956785098207], [0.28520743668133386, 0.15586224772569596], [0.3656389238286331, 0.16190902646017294], [0.3182142590595025, 0.15610314262876038]]","[[40, 40], [40, 40], [40, 40], [40, 40], [40, 40]]",2,4,3,8
0,B,gaussian_blur,"[0.22920601714854866, 0.3195259089384648, 0.2673840125419287, 0.2432650829014264, 0.23935874542483557]","[[0.3047778287387839, 0.15363420555831345], [0.437721092937024, 0.2013307249399055], [0.3727490422661922, 0.1620189828176652], [0.3290817438646023, 0.1574484219382505], [0.3240254125803944, 0.15469207826927672]]","[[40, 40], [40, 40], [40, 40], [40, 40], [40, 40]]",0,1,3,8
1,A,clean,"[0.18985582224360312, 0.18536702278241388, 0.18575135636650345, 0.19359705984348102, 0.18773198928643514]","[[0.22661764188136196, 0.15309400260584427], [0.2206789488552942, 0.15005509670953354], [0.22365936875691173, 0.14784334397609517], [0.2291079616585785, 0.15808615802838352], [0.22554703247939473, 0.14991694609347553]]","[[40, 40], [40, 40], [40, 40], [40, 40], [40, 40]]",1,2,1,2
1,A,brightness_dark,"[0.20203336304342628, 0.21154536720218203, 0.20553287433131412, 0.20422825181322368, 0.20386108919274332]","[[0.2500293658013375, 0.1540373602855151], [0.2523357918746017, 0.1707549425297624], [0.2735870471341154, 0.13747870152851283], [0.2504304702036502, 0.15802603342279717], [0.26280710049905076, 0.1449150778864359]]","[[40, 40], [40, 40], [40, 40], [40, 40], [40, 40]]",0,1,1,2
1,A,contrast_low,"[0.2294510156421611, 0.25511439018070536, 0.23828276985591978, 0.23843993398632346, 0.24129335596427848]","[[0.24265809576930555, 0.21624393551501667], [0.30727016191704726, 0.20295861844436353], [0.29262378918947046, 0.1839417505223691], [0.23450820430615113, 0.24237166366649582], [0.27569404040156825, 0.20689267152698868]]","[[40, 40], [40, 40], [40, 40], [40, 40], [40, 40]]",0,1,1,2
1,A,gaussian_noise,"[0.18457944865718656, 0.19468061960788077, 0.19288333874789362, 0.1859467539084198, 0.18713403699724598]","[[0.21990176338573092, 0.14925713392864218], [0.2099651348981506, 0.17939610431761094], [0.21441171015597726, 0.17135496733980998], [0.21956429632109922, 0.15232921149574039], [0.21710107402908144, 0.15716699996541053]]","[[40, 40], [40, 40], [40, 40], [40, 40], [40, 40]]",0,1,1,2
1,A,gaussian_blur,"[0.21277472130204866, 0.19514997854162747, 0.22140249287108255, 0.21160066788980922, 0.21522591591960302]","[[0.23335937591823921, 0.19219006668585809], [0.20709252329322178, 0.18320743379003313], [0.22922011959720465, 0.21358486614496047], [0.23006715687182436, 0.19313417890779408], [0.23152059391167565, 0.1989312379275304]]","[[40, 40], [40, 40], [40, 40], [40, 40], [40, 40]]",1,2,1,2
1,B,clean,"[0.18985582224360312, 0.18420491970523706, 0.18474004351249335, 0.19416897888641937, 0.1873590107761106]","[[0.22661764188136196, 0.15309400260584427], [0.217725194722116, 0.15068464468835813], [0.22561297208439407, 0.14386711494059262], [0.2295168008361062, 0.15882115693673252], [0.22579363113794013, 0.14892439041428113]]","[[40, 40], [40, 40], [40, 40], [40, 40], [40, 40]]",1,2,1,2
1,B,brightness_dark,"[0.20203336304342628, 0.21433065960049777, 0.20992120444730258, 0.20521436582012137, 0.20434822122007998]","[[0.2500293658013375, 0.1540373602855151], [0.2537514833764657, 0.17490983582452985], [0.2768921220500854, 0.14295028684451977], [0.25401403612710505, 0.15641469551313772], [0.26401166722718894, 0.14468477521297102]]","[[40, 40], [40, 40], [40, 40], [40, 40], [40, 40]]",0,1,1,2
1,B,contrast_low,"[0.2294510156421611, 0.2533585261635528, 0.2318426572279916, 0.23899654409380555, 0.24153529923458195]","[[0.24265809576930555, 0.21624393551501667], [0.3048187795826062, 0.20189827274449942], [0.29141245764764845, 0.17227285680833476], [0.23403968431998026, 0.2439534038676308], [0.2777978583655367, 0.20527274010362717]]","[[40, 40], [40, 40], [40, 40], [40, 40], [40, 40]]",0,1,1,2
1,B,gaussian_noise,"[0.18457944865718656, 0.19377528226279214, 0.1905548098853977, 0.18651634440833567, 0.1878633529159332]","[[0.21990176338573092, 0.14925713392864218], [0.2096192273306572, 0.1779313371949271], [0.21235784394245033, 0.16875177582834505], [0.22018988306704826, 0.15284280574962308], [0.21790250835763617, 0.1578241974742302]]","[[40, 40], [40, 40], [40, 40], [40, 40], [40, 40]]",0,1,1,2
1,B,gaussian_blur,"[0.21277472130204866, 0.19577103891015155, 0.22044857549638364, 0.21238531631927535, 0.21503951304222577]","[[0.23335937591823921, 0.19219006668585809], [0.2065865011297161, 0.184955576690587], [0.22747832745401175, 0.21341882353875552], [0.23265113158774242, 0.19211950105080827], [0.23162942242191456, 0.19844960366253697]]","[[40, 40], [40, 40], [40, 40], [40, 40], [40, 40]]",1,2,1,2
2,A,clean,"[0.2220156687795874, 0.24852202954165598, 0.20378863001904102, 0.2103918869646914, 0.22390884883017337]","[[0.21026976614284748, 0.2337615714163273], [0.22363154958565712, 0.27341250949765483], [0.20376097802356882, 0.2038162820145132], [0.20431842305751272, 0.21646535087187013], [0.21464275888034004, 0.2331749387800067]]","[[40, 40], [40, 40], [40, 40], [40, 40], [40, 40]]",2,4,2,4
2,A,brightness_dark,"[0.2522455582075891, 0.23282747401358073, 0.23442009744974115, 0.2524318179909064, 0.24661741205830046]","[[0.21510905687171739, 0.28938205954346075], [0.1945049283284214, 0.2711500196987401], [0.21599132861490306, 0.25284886628457925], [0.2186571716436128, 0.2862064643382], [0.2141320171829208, 0.2791028069336801]]","[[40, 40], [40, 40], [40, 40], [40, 40], [40, 40]]",1,2,2,4
2,A,contrast_low,"[0.36472812353492257, 0.34197091369594823, 0.31870517925757985, 0.35021873439570494, 0.374794127822135]","[[0.2828005368977492, 0.4466557101720959], [0.31177663863745353, 0.37216518875444293], [0.25158632085081967, 0.38582403766434004], [0.29585147667180645, 0.40458599211960344], [0.29354969911913165, 0.45603855652513836]]","[[40, 40], [40, 40], [40, 40], [40, 40], [40, 40]]",2,4,2,4
2,A,gaussian_noise,"[0.22120343124818914, 0.24997512613353562, 0.2011592062584422, 0.21143288698198637, 0.21949038046139102]","[[0.2028408626688652, 0.23956599982751312], [0.21916583864318118, 0.28078441362389006], [0.1946657021611537, 0.2076527103557307], [0.1968270886536618, 0.2260386853103109], [0.20311881145734761, 0.23586194946543443]]","[[40, 40], [40, 40], [40, 40], [40, 40], [40, 40]]",2,4,2,4
2,A,gaussian_blur,"[0.26122528038512827, 0.2832489601652376, 0.2472882596417617, 0.25411015620725386, 0.2671232946970323]","[[0.2463244408326683, 0.2761261199375882], [0.24027538693659795, 0.3262225333938772], [0.2581300071104204, 0.23644651217310306], [0.24242862482992855, 0.26579168758457916], [0.26178938439333954, 0.272457205000725]]","[[40, 40], [40, 40], [40, 40], [40, 40], [40, 40]]",2,4,2,4
2,B,clean,"[0.2220156687795874, 0.24582907877509447, 0.2082767136245114, 0.20952416598683804, 0.22382981799069207]","[[0.21026976614284748, 0.2337615714163273], [0.22156899281323034, 0.2700891647369586], [0.20253949236933053, 0.21401393487969225], [0.2041127194677684, 0.21493561250590765], [0.21436937843505194, 0.2332902575463322]]","[[40, 40], [40, 40], [40, 40], [40, 40], [40, 40]]",2,4,2,4
2,B,brightness_dark,"[0.2522455582075891, 0.23245607162117865, 0.23911225516542126, 0.24920782297702462, 0.24654142921695182]","[[0.21510905687171739, 0.28938205954346075], [0.19395769502983465, 0.2709544482125227], [0.2187551143135098, 0.2594693960173327], [0.21387120795601805, 0.2845444379980312], [0.214466500237085, 0.2786163581968187]]","[[40, 40], [40, 40], [40, 40], [40, 40], [40, 40]]",1,2,2,4
2,B,contrast_low,"[0.36472812353492257, 0.33914338896326673, 0.3133081661030412, 0.35218570291202966, 0.37756325146464553]","[[0.2828005368977492, 0.4466557101720959], [0.30978185550415327, 0.3685049224223802], [0.25858119829065185, 0.3680351339154305], [0.28630178456271344, 0.41806962126134584], [0.2942047555044733, 0.46092174742481784]]","[[40, 40], [40, 40], [40, 40], [40, 40], [40, 40]]",2,4,2,4
2,B,gaussian_noise,"[0.22120343124818914, 0.24745471822962023, 0.20436916297027358, 0.21015077514662198, 0.2195333702955084]","[[0.2028408626688652, 0.23956599982751312], [0.21784173119809935, 0.2770677052611411], [0.19291595459130395, 0.21582237134924318], [0.19632805770594874, 0.2239734925872952], [0.20291327009051927, 0.2361534705004975]]","[[40, 40], [40, 40], [40, 40], [40, 40], [40, 40]]",2,4,2,4
2,B,gaussian_blur,"[0.26122528038512827, 0.2815270901438448, 0.2565892553169553, 0.2519670719778986, 0.2685579251397939]","[[0.2463244408326683, 0.2761261199375882], [0.23774694141902578, 0.3253072388686638], [0.2585202373690634, 0.25465827326484725], [0.2430147009060784, 0.26091944304971876], [0.26311704704596944, 0.2739988032336183]]","[[40, 40], [40, 40], [40, 40], [40, 40], [40, 40]]",3,8,2,4
3,A,clean,"[0.3096540786400026, 0.3243016840000846, 0.32353037709695476, 0.33317332840977254, 0.3097287530069561]","[[0.2109914616019341, 0.4083166956780711], [0.19118125525246915, 0.4574221127477], [0.1977382198225408, 0.44932253437136876], [0.21663815369923692, 0.44970850312030813], [0.2042284510969014, 0.4152290549170109]]","[[40, 40], [40, 40], [40, 40], [40, 40], [40, 40]]",0,1,0,1
3,A,brightness_dark,"[0.3048697921834177, 0.2923705130215283, 0.31461383430506207, 0.31835991669925956, 0.29242997975054164]","[[0.21370765167265016, 0.3960319326941853], [0.195961594853285, 0.38877943118977154], [0.1829606183675312, 0.44626705024259294], [0.209372610737449, 0.42734722266107006], [0.1974286764491179, 0.3874312830519654]]","[[40, 40], [40, 40], [40, 40], [40, 40], [40, 40]]",1,2,0,1
3,A,contrast_low,"[0.503263602964525, 0.5197048502537474, 0.46208849801184715, 0.5247422257912515, 0.5386307967691676]","[[0.5297055271648976, 0.47682167876415243], [0.4880115527353245, 0.5513981477721701], [0.41164854757565256, 0.5125284484480417], [0.5914427178779855, 0.4580417337045176], [0.5553643268053268, 0.5218972667330084]]","[[40, 40], [40, 40], [40, 40], [40, 40], [40, 40]]",2,4,0,1
3,A,gaussian_noise,"[0.2919141397792554, 0.29960662843501795, 0.27474338440541024, 0.28873093082787676, 0.27953452860238115]","[[0.24587940547272735, 0.3379488740857835], [0.22366823553172593, 0.37554502133831], [0.2223226189781907, 0.32716414983262976], [0.23961314212846946, 0.33784871952728407], [0.22966419586830317, 0.3294048613364592]]","[[40, 40], [40, 40], [40, 40], [40, 40], [40, 40]]",2,4,0,1
3,A,gaussian_blur,"[0.32393633058293403, 0.34967333829414526, 0.31976159052410397, 0.3231695053811323, 0.3355133119903838]","[[0.28024622979908054, 0.36762643136678747], [0.20488449294848704, 0.4944621836398035], [0.24113579935954527, 0.39838738168866267], [0.2669872925337612, 0.3793517182285034], [0.2768210787167523, 0.3942055452640153]]","[[40, 40], [40, 40], [40, 40], [40, 40], [40, 40]]",2,4,0,1
3,B,clean,"[0.3096540786400026, 0.3195229389459439, 0.32489505787855777, 0.3290529678761306, 0.3103385705963385]","[[0.2109914616019341, 0.4083166956780711], [0.1935571344052984, 0.4454887434865894], [0.19490811828438231, 0.45488199747273317], [0.21924313012987556, 0.43886280562238567], [0.20413325312715616, 0.4165438880655209]]","[[40, 40], [40, 40], [40, 40], [40, 40], [40, 40]]",0,1,0,1
3,B,brightness_dark,"[0.3048697921834177, 0.293589782283654, 0.31746074381140255, 0.3115973702750061, 0.2940755955836728]","[[0.21370765167265016, 0.3960319326941853], [0.1964236556594771, 0.3907559089078309], [0.18464087579659208, 0.45028061182621304], [0.2083706859365054, 0.4148240546135068], [0.1981675551565944, 0.38998363601075126]]","[[40, 40], [40, 40], [40, 40], [40, 40], [40, 40]]",1,2,0,1
3,B,contrast_low,"[0.503263602964525, 0.5361936063701089, 0.46257176135240885, 0.525890485900411, 0.5454001798477021]","[[0.5297055271648976, 0.47682167876415243], [0.5247487658084229, 0.5476384469317951], [0.372524645532566, 0.5526188771722518], [0.5856280169272287, 0.4661529548735932], [0.5650628255239063, 0.5257375341714978]]","[[40, 40], [40, 40], [40, 40], [40, 40], [40, 40]]",2,4,0,1
3,B,gaussian_noise,"[0.2919141397792554, 0.2989832106556358, 0.27798461826243626, 0.2874739095974007, 0.2788193312175897]","[[0.24587940547272735, 0.3379488740857835], [0.23029843536632438, 0.3676679859449473], [0.21397390260857763, 0.3419953339162949], [0.23964348131316288, 0.3353043378816385], [0.2292915593133127, 0.3283471031218668]]","[[40, 40], [40, 40], [40, 40], [40, 40], [40, 40]]",2,4,0,1
3,B,gaussian_blur,"[0.32393633058293403, 0.3399039383924498, 0.3124946279855124, 0.3243571375767176, 0.33522446255553373]","[[0.28024622979908054, 0.36762643136678747], [0.2081222696122039, 0.4716856071726957], [0.24542358977927642, 0.3795656661917485], [0.2681245156681195, 0.3805897594853157], [0.2790333939308919, 0.3914155311801755]]","[[40, 40], [40, 40], [40, 40], [40, 40], [40, 40]]",2,4,0,1
4,A,clean,"[0.3101460890550035, 0.2885322551656687, 0.3374866553501044, 0.30507138195509814, 0.31661462546398345]","[[0.21082705830448364, 0.40946511980552336], [0.18730784895718147, 0.389756661374156], [0.2112776981029386, 0.4636956125972702], [0.21349308247189103, 0.39664968143830526], [0.20694305089780335, 0.4262862000301636]]","[[40, 40], [40, 40], [40, 40], [40, 40], [40, 40]]",1,2,1,2
4,A,brightness_dark,"[0.3268152761325898, 0.2784541937078812, 0.30291012384865007, 0.34009150423615314, 0.3207264535831438]","[[0.23155385044730545, 0.42207670181787416], [0.21178498526740155, 0.3451234021483609], [0.23420547008011533, 0.3716147776171848], [0.23382431277756682, 0.44635869569473946], [0.23707000573278206, 0.40438290143350547]]","[[40, 40], [40, 40], [40, 40], [40, 40], [40, 40]]",1,2,1,2
4,A,contrast_low,"[0.2961374366848318, 0.23736236946694875, 0.2793738657168847, 0.286466133092206, 0.2864145321842334]","[[0.21472890552473234, 0.3775459678449312], [0.18787916770813728, 0.2868455712257602], [0.21152663902336116, 0.3472210924104083], [0.21719890406509962, 0.35573336211931234], [0.22157123747019242, 0.35125782689827434]]","[[40, 40], [40, 40], [40, 40], [40, 40], [40, 40]]",1,2,1,2
4,A,gaussian_noise,"[0.2534643467739338, 0.21935347780950967, 0.239092892772177, 0.2617542282115765, 0.24642154870524918]","[[0.2024761194938932, 0.30445257405397447], [0.16743144456197084, 0.2712755110570485], [0.19194372837871843, 0.28624205716563556], [0.20448624110851496, 0.3190222153146381], [0.19611665106624288, 0.2967264463442555]]","[[40, 40], [40, 40], [40, 40], [40, 40], [40, 40]]",1,2,1,2
4,A,gaussian_blur,"[0.3442699264442821, 0.29133085412876136, 0.31131452089621503, 0.33266712998026243, 0.34083887168828575]","[[0.2264538429843622, 0.462086009904202], [0.19125763069480461, 0.39140407756271806], [0.2210837685075065, 0.4015452732849236], [0.22690897935612417, 0.43842528060440067], [0.2257019727106096, 0.4559757706659619]]","[[40, 40], [40, 40], [40, 40], [40, 40], [40, 40]]",1,2,1,2
4,B,clean,"[0.3101460890550035, 0.28624178321306326, 0.3246265678950869, 0.306444353949038, 0.31846970860433654]","[[0.21082705830448364, 0.40946511980552336], [0.18695595035361845, 0.38552761607250813], [0.2136164229010043, 0.4356367128891696], [0.21295251606935078, 0.3999361918287253], [0.20695932822496071, 0.4299800889837124]]","[[40, 40], [40, 40], [40, 40], [40, 40], [40, 40]]",1,2,1,2
4,B,brightness_dark,"[0.3268152761325898, 0.2781900455856704, 0.3070671232445786, 0.3373797346735997, 0.3211268545005825]","[[0.23155385044730545, 0.42207670181787416], [0.2126771499641432, 0.34370294120719763], [0.2422903841254797, 0.37184386236367745], [0.23126829777719102, 0.44349117157000845], [0.23875054166779908, 0.4035031673333659]]","[[40, 40], [40, 40], [40, 40], [40, 40], [40, 40]]",1,2,1,2
4,B,contrast_low,"[0.2961374366848318, 0.23840726393881528, 0.2843071100595168, 0.29312218283345376, 0.2861628124883943]","[[0.21472890552473234, 0.3775459678449312], [0.18639396942811148, 0.2904205584495191], [0.2182887048500451, 0.3503255152689885], [0.21929205682759662, 0.3669523088393109], [0.2221786926666307, 0.3501469323101579]]","[[40, 40], [40, 40], [40, 40], [40, 40], [40, 40]]",1,2,1,2
4,B,gaussian_noise,"[0.2534643467739338, 0.22037979717898898, 0.23520823338497224, 0.2610051210768348, 0.2463254108304416]","[[0.2024761194938932, 0.30445257405397447], [0.16785538482715334, 0.2729042095308246], [0.18966613846748848, 0.280750328302456], [0.20427404138754976, 0.3177362007661199], [0.19629449873616683, 0.29635632292471636]]","[[40, 40], [40, 40], [40, 40], [40, 40], [40, 40]]",1,2,1,2
4,B,gaussian_blur,"[0.3442699264442821, 0.29087494696559035, 0.3037356579100314, 0.33641038103234744, 0.3403357963635567]","[[0.2264538429843622, 0.462086009904202], [0.19019103203766763, 0.391558861893513], [0.22139863938082707, 0.38607267643923565], [0.22774027634431696, 0.4450804857203779], [0.22566679857855906, 0.4550047941485544]]","[[40, 40], [40, 40], [40, 40], [40, 40], [40, 40]]",1,2,1,2
5,A,clean,"[0.37436183192492106, 0.36231796201014416, 0.40591095447024295, 0.36181384264745053, 0.3841288985910958]","[[0.4018701762367227, 0.3468534876131194], [0.43336561460905604, 0.2912703094112323], [0.43675564733910016, 0.37506626160138573], [0.3933669564518155, 0.33026072884308555], [0.41202673719526234, 0.3562310599869293]]","[[40, 40], [40, 40], [40, 40], [40, 40], [40, 40]]",3,8,3,8
5,A,brightness_dark,"[0.3575028408859995, 0.34205642969516614, 0.36061751664188474, 0.3669259705560133, 0.3657054915997681]","[[0.40883206906029146, 0.30617361271170757], [0.4042015323594276, 0.2799113270309047], [0.4166529685900719, 0.3045820646936976], [0.44653806254379325, 0.2873138785682333], [0.4337249688805782, 0.297686014318958]]","[[40, 40], [40, 40], [40, 40], [40, 40], [40, 40]]",1,2,3,8
5,A,contrast_low,"[0.6043313235579058, 0.49867787259716406, 0.5450574932441191, 0.5036241814846096, 0.6175909400702804]","[[0.5872110852845364, 0.6214515618312753], [0.4861901333211659, 0.5111656118731622], [0.5413119544072866, 0.5488030320809516], [0.4772174221834984, 0.5300309407857208], [0.6013121388039547, 0.6338697413366059]]","[[40, 40], [40, 40], [40, 40], [40, 40], [40, 40]]",1,2,3,8
5,A,gaussian_noise,"[0.33134131329528094, 0.3179128797338022, 0.3311442230971313, 0.3440733328242709, 0.32704538357723667]","[[0.35832269101448294, 0.30435993557607893], [0.34092422594058897, 0.2949015335270154], [0.3553435009424233, 0.3069449452518393], [0.36870942207626695, 0.3194372435722748], [0.3503853013377444, 0.30370546581672897]]","[[40, 40], [40, 40], [40, 40], [40, 40], [40, 40]]",1,2,3,8
5,A,gaussian_blur,"[0.4667142702276388, 0.41383302555440904, 0.45014600185346676, 0.4191474670528735, 0.46916508149513714]","[[0.543129300627387, 0.39029923982789055], [0.5069918126223398, 0.3206742384864783], [0.5025841157807807, 0.3977078879261529], [0.489856907607557, 0.34843802649818995], [0.5429398741701361, 0.39539028882013816]]","[[40, 40], [40, 40], [40, 40], [40, 40], [40, 40]]",1,2,3,8
5,B,clean,"[0.37436183192492106, 0.3635660551126133, 0.3989368102947515, 0.36722519527931596, 0.3840725705351778]","[[0.4018701762367227, 0.3468534876131194], [0.43047048052402187, 0.2966616297012047], [0.4332943638909671, 0.3645792566985358], [0.39710689605365357, 0.3373434945049783], [0.41071163690752444, 0.35743350416283115]]","[[40, 40], [40, 40], [40, 40], [40, 40], [40, 40]]",1,2,1,2
5,B,brightness_dark,"[0.3575028408859995, 0.3395786768832062, 0.35742047103777397, 0.3633601474220963, 0.3668807332299142]","[[0.40883206906029146, 0.30617361271170757], [0.3981541184126708, 0.2810032353537416], [0.4087315192360411, 0.3061094228395068], [0.43824410954456977, 0.2884761852996228], [0.43535407471932547, 0.29840739174050296]]","[[40, 40], [40, 40], [40, 40], [40, 40], [40, 40]]",1,2,1,2
5,B,contrast_low,"[0.6043313235579058, 0.4899281287017958, 0.5337047732102831, 0.5237127857610889, 0.6234151676651404]","[[0.5872110852845364, 0.6214515618312753], [0.4780642471576699, 0.5017920102459218], [0.5499295994763952, 0.5174799469441709], [0.4853405166723565, 0.5620850548498213], [0.6029078678075128, 0.6439224675227679]]","[[40, 40], [40, 40], [40, 40], [40, 40], [40, 40]]",1,2,1,2
5,B,gaussian_noise,"[0.33134131329528094, 0.3177044251359412, 0.3150482105840059, 0.344927480275648, 0.3244752608406646]","[[0.35832269101448294, 0.30435993557607893], [0.3403976433239706, 0.2950112069479118], [0.33892836284008104, 0.29116805832793075], [0.37056331589901215, 0.31929164465228393], [0.3472975197890755, 0.3016530018922536]]","[[40, 40], [40, 40], [40, 40], [40, 40], [40, 40]]",2,4,1,2
5,B,gaussian_blur,"[0.4667142702276388, 0.412361323351321, 0.4424700513205454, 0.4260941753442471, 0.4717142537943597]","[[0.543129300627387, 0.39029923982789055], [0.5090063012126533, 0.3157163454899886], [0.5187589291840047, 0.3661811734570862], [0.49589106182679393, 0.3562972888617003], [0.5459651749125997, 0.39746333267611983]]","[[40, 40], [40, 40], [40, 40], [40, 40], [40, 40]]",1,2,1,2
6,A,clean,"[0.4001011588919702, 0.3441624831432958, 0.3596156400312063, 0.3964190689703356, 0.38409955592097983]","[[0.38353679280714537, 0.416665524976795], [0.3397237243131361, 0.34860124197345543], [0.3485948866679964, 0.37063639339441623], [0.37827157328140437, 0.4145665646592668], [0.37224540502822995, 0.3959537068137297]]","[[40, 40], [40, 40], [40, 40], [40, 40], [40, 40]]",1,2,1,2
6,A,brightness_dark,"[0.39872610903916694, 0.38564308533480945, 0.40819153045254547, 0.4236282600886897, 0.4145871325670274]","[[0.38394994637786894, 0.4135022717004649], [0.3494298374517487, 0.4218563332178702], [0.4053888278374448, 0.41099423306764615], [0.4118150396995591, 0.43544148047782033], [0.3910096146813037, 0.43816465045275105]]","[[40, 40], [40, 40], [40, 40], [40, 40], [40, 40]]",1,2,1,2
6,A,contrast_low,"[0.6740755099883726, 0.48572005955219694, 0.562977576055041, 0.6696448329251933, 0.6427431363457623]","[[0.7493891100145087, 0.5987619099622364], [0.4177310764932062, 0.5537090426111877], [0.543186550926708, 0.5827686011833739], [0.8113871416248163, 0.5279025242255703], [0.6928979042483323, 0.5925883684431923]]","[[40, 40], [40, 40], [40, 40], [40, 40], [40, 40]]",1,2,1,2
6,A,gaussian_noise,"[0.39348413427346624, 0.34613347672609196, 0.3418501547654694, 0.4124075650971649, 0.36405306128998605]","[[0.3511551618180695, 0.435813106728863], [0.30530127581752187, 0.386965677634662], [0.30962422481978613, 0.3740760847111527], [0.3620298524840321, 0.46278527771029776], [0.3289754967676469, 0.3991306258123251]]","[[40, 40], [40, 40], [40, 40], [40, 40], [40, 40]]",2,4,1,2
6,A,gaussian_blur,"[0.4784634588653395, 0.3759870070019996, 0.42988141391979545, 0.4467569709140793, 0.4740155796866415]","[[0.43951390177402744, 0.5174130159566515], [0.32013739969807825, 0.4318366143059209], [0.37704920817110477, 0.48271361966848614], [0.4056296693337903, 0.4878842724943683], [0.43372922816628756, 0.5143019312069954]]","[[40, 40], [40, 40], [40, 40], [40, 40], [40, 40]]",1,2,1,2
6,B,clean,"[0.4001011588919702, 0.3428176852577333, 0.3606676661181427, 0.39948001696359614, 0.3831432707740904]","[[0.38353679280714537, 0.416665524976795], [0.3406511328578625, 0.3449842376576041], [0.34477822279566983, 0.3765571094406156], [0.3815415764398435, 0.4174184574873488], [0.3721655261000129, 0.3941210154481679]]","[[40, 40], [40, 40], [40, 40], [40, 40], [40, 40]]",1,2,1,2
6,B,brightness_dark,"[0.39872610903916694, 0.3855795114240861, 0.408910430827175, 0.42038090146437257, 0.4151405633713983]","[[0.38394994637786894, 0.4135022717004649], [0.3488366867851861, 0.422322336062986], [0.4070062105168793, 0.4108146511374707], [0.41316529532105156, 0.4275965076076935], [0.39366971727807964, 0.436611409464717]]","[[40, 40], [40, 40], [40, 40], [40, 40], [40, 40]]",1,2,1,2
6,B,contrast_low,"[0.6740755099883726, 0.4946934828444185, 0.5719344704383016, 0.6786148621804817, 0.6434990564014449]","[[0.7493891100145087, 0.5987619099622364], [0.4353832789616188, 0.5540036867272182], [0.5880305177358757, 0.5558384231407276], [0.8110650368187633, 0.5461646875422003], [0.7012603424962742, 0.5857377703066154]]","[[40, 40], [40, 40], [40, 40], [40, 40], [40, 40]]",1,2,1,2
6,B,gaussian_noise,"[0.39348413427346624, 0.34415612110347793, 0.3280986183018372, 0.4136210300910669, 0.3628373834494938]","[[0.3511551618180695, 0.435813106728863], [0.3057495869428407, 0.38256265526411515], [0.3052692364146485, 0.3509280001890258], [0.3649025097500755, 0.4623395504320583], [0.32829680997235644, 0.3973779569266312]]","[[40, 40], [40, 40], [40, 40], [40, 40], [40, 40]]",2,4,1,2
6,B,gaussian_blur,"[0.4784634588653395, 0.3791126784748886, 0.4319390019481462, 0.4528033705669542, 0.4739046533788084]","[[0.43951390177402744, 0.5174130159566515], [0.3236712848386333, 0.43455407211114394], [0.39406159132417234, 0.4698164125721201], [0.40912804746527964, 0.4964786936686288], [0.43519621476772474, 0.512613091989892]]","[[40, 40], [40, 40], [40, 40], [40, 40], [40, 40]]",1,2,1,2
7,A,clean,"[0.48762253050254584, 0.44709265605602394, 0.4364684303223219, 0.48195533483383207, 0.4697502826515884]","[[0.5135750712484555, 0.4616699897566362], [0.4455862428772203, 0.44859906923482756], [0.4775474481569564, 0.39538941248768744], [0.5189247329263091, 0.444985936741355], [0.4957249664383207, 0.4437755988648561]]","[[40, 40], [40, 40], [40, 40], [40, 40], [40, 40]]",2,4,2,4
7,A,brightness_dark,"[0.37358448200954053, 0.36393315667931464, 0.35865808261629917, 0.3539479130311435, 0.37037840799278365]","[[0.3363459648544402, 0.41082299916464093], [0.35945791572279456, 0.3684083976358347], [0.3541674285903894, 0.363148736642209], [0.31700470999722424, 0.3908911160650627], [0.34673271070201805, 0.39402410528354925]]","[[40, 40], [40, 40], [40, 40], [40, 40], [40, 40]]",3,8,2,4
7,A,contrast_low,"[0.5552583352608672, 0.42051441853518523, 0.5007761734605936, 0.5486974745557343, 0.5430041346944934]","[[0.563340339754323, 0.5471763307674115], [0.39655868048245435, 0.44447015658791605], [0.4924852572184128, 0.5090670897027743], [0.554059936527685, 0.5433350125837835], [0.5476391065554862, 0.5383691628335004]]","[[40, 40], [40, 40], [40, 40], [40, 40], [40, 40]]",1,2,2,4
7,A,gaussian_noise,"[0.4267080956119288, 0.384948062535737, 0.3844549017226113, 0.4351892535967937, 0.4105992113931662]","[[0.43418462954709136, 0.4192315616767662], [0.34826107813454105, 0.4216350469369329], [0.3979004585136262, 0.3710093449315964], [0.44987502931853696, 0.42050347787505055], [0.41881907463405044, 0.40237934815228193]]","[[40, 40], [40, 40], [40, 40], [40, 40], [40, 40]]",2,4,2,4
7,A,gaussian_blur,"[0.5892735735846619, 0.5016470496512913, 0.5320166295304878, 0.5555782668827527, 0.5909975895835056]","[[0.5978611521297255, 0.5806859950395985], [0.48510432389310776, 0.5181897754094748], [0.5657150015152295, 0.49831825754574605], [0.5669799507983442, 0.5441765829671613], [0.6053476761650733, 0.5766475030019377]]","[[40, 40], [40, 40], [40, 40], [40, 40], [40, 40]]",1,2,2,4
7,B,clean,"[0.48762253050254584, 0.4463945677643307, 0.4232305796781742, 0.48610409006706434, 0.46702626190207497]","[[0.5135750712484555, 0.4616699897566362], [0.4474606961622561, 0.44532843936640526], [0.4736791953580622, 0.37278196399828617], [0.5217715504440792, 0.45043662969004955], [0.4945781909157775, 0.4394743328883724]]","[[40, 40], [40, 40], [40, 40], [40, 40], [40, 40]]",2,4,2,4
7,B,brightness_dark,"[0.37358448200954053, 0.36486435522058513, 0.36633614949349025, 0.35860015373357695, 0.36987566748150424]","[[0.3363459648544402, 0.41082299916464093], [0.36205674682693745, 0.3676719636142328], [0.3668945493243, 0.36577774966268056], [0.31767320681790945, 0.39952710064924446], [0.34800737186488984, 0.3917439630981187]]","[[40, 40], [40, 40], [40, 40], [40, 40], [40, 40]]",3,8,2,4
7,B,contrast_low,"[0.5552583352608672, 0.42467905336372747, 0.4862725973146028, 0.542024057486442, 0.5387825317999966]","[[0.563340339754323, 0.5471763307674115], [0.40075423938746846, 0.4486038673399865], [0.48201827861457014, 0.49052691601463555], [0.5473826952861544, 0.5366654196867297], [0.5455264348286214, 0.5320386287713719]]","[[40, 40], [40, 40], [40, 40], [40, 40], [40, 40]]",1,2,2,4
7,B,gaussian_noise,"[0.4267080956119288, 0.38285167486998406, 0.3626426565093388, 0.43691261235990486, 0.407726976866467]","[[0.43418462954709136, 0.4192315616767662], [0.34684754745674573, 0.41885580228322244], [0.38015521936015334, 0.3451300936585242], [0.45082984037504514, 0.4229953843447646], [0.41600414497810634, 0.3994498087548276]]","[[40, 40], [40, 40], [40, 40], [40, 40], [40, 40]]",2,4,2,4
7,B,gaussian_blur,"[0.5892735735846619, 0.5025624639967563, 0.5200287985840983, 0.5604048906313506, 0.5884331782636771]","[[0.5978611521297255, 0.5806859950395985], [0.48667539746714567, 0.518449530526367], [0.5533590117267642, 0.48669858544143263], [0.5691387511834971, 0.5516710300792041], [0.6044625551209591, 0.5724038014063952]]","[[40, 40], [40, 40], [40, 40], [40, 40], [40, 40]]",1,2,2,4
8,A,clean,"[0.348201982894103, 0.3764242096160155, 0.335135938645254, 0.34809323814171667, 0.34647416945154513]","[[0.2771912806119758, 0.41921268517623017], [0.29546429433227905, 0.457384124899752], [0.2698281103153452, 0.40044376697516276], [0.27253505744878453, 0.42365141883464885], [0.28000472876746973, 0.41294361013562053]]","[[40, 40], [40, 40], [40, 40], [40, 40], [40, 40]]",2,4,2,4
8,A,brightness_dark,"[0.37193679823998493, 0.35068451980200005, 0.3469648473102227, 0.38585534286427725, 0.365173707519237]","[[0.31693331797049684, 0.426940278509473], [0.2732112903029805, 0.4281577493010196], [0.2864118581861598, 0.4075178364342856], [0.3084702555621356, 0.46324043016641897], [0.3165578127992409, 0.4137896022392331]]","[[40, 40], [40, 40], [40, 40], [40, 40], [40, 40]]",2,4,2,4
8,A,contrast_low,"[0.46822219124295017, 0.4434781141019459, 0.44900650217857563, 0.5038283325350092, 0.459950301471514]","[[0.37986650219187745, 0.5565778802940229], [0.3618841294229954, 0.5250720987808963], [0.42628493515415034, 0.4717280692030009], [0.4599552445739956, 0.547701420496023], [0.41954636046125093, 0.5003542424817771]]","[[40, 40], [40, 40], [40, 40], [40, 40], [40, 40]]",1,2,2,4
8,A,gaussian_noise,"[0.3422062937808307, 0.3748148585677892, 0.33484674696860806, 0.3452901438772302, 0.3394555867602245]","[[0.31065263244350666, 0.37375995511815463], [0.31566724170579613, 0.4339624754297822], [0.30000671208310614, 0.3696867818541099], [0.2969191793187957, 0.3936611084356648], [0.31047617990816345, 0.3684349936122856]]","[[40, 40], [40, 40], [40, 40], [40, 40], [40, 40]]",2,4,2,4
8,A,gaussian_blur,"[0.36780957270193027, 0.3737561458621803, 0.35234795415399345, 0.3533721898048223, 0.36776080910493403]","[[0.29413210972445925, 0.44148703567940134], [0.3026711834266404, 0.4448411082977202], [0.28764827569302137, 0.4170476326149656], [0.2820797841797541, 0.42466459542989055], [0.2980310888425558, 0.4374905293673123]]","[[40, 40], [40, 40], [40, 40], [40, 40], [40, 40]]",2,4,2,4
8,B,clean,"[0.348201982894103, 0.3764401332916748, 0.33518947419764994, 0.347401973021312, 0.34711856886422976]","[[0.2771912806119758, 0.41921268517623017], [0.29651376937115237, 0.45636649721219724], [0.2692564697932601, 0.40112247860203976], [0.27286825555405503, 0.42193569048856894], [0.28041118586920777, 0.4138259518592518]]","[[40, 40], [40, 40], [40, 40], [40, 40], [40, 40]]",2,4,2,4
8,B,brightness_dark,"[0.37193679823998493, 0.35583763209383457, 0.3435437869435559, 0.37989535042031564, 0.3659091388571873]","[[0.31693331797049684, 0.426940278509473], [0.2750304800038255, 0.4366447841838436], [0.2809365243327063, 0.40615104955440556], [0.3078779005951106, 0.4519128002455207], [0.31679711496677443, 0.41502116274760015]]","[[40, 40], [40, 40], [40, 40], [40, 40], [40, 40]]",2,4,2,4
8,B,contrast_low,"[0.46822219124295017, 0.4521197208953758, 0.4637432603332371, 0.49855171625776784, 0.46384168326596165]","[[0.37986650219187745, 0.5565778802940229], [0.38257817574613256, 0.5216612660446189], [0.4578138844359126, 0.46967263623056155], [0.44286548922373276, 0.554237943291803], [0.4278467619983483, 0.4998366045335749]]","[[40, 40], [40, 40], [40, 40], [40, 40], [40, 40]]",1,2,2,4
8,B,gaussian_noise,"[0.3422062937808307, 0.3723947663732038, 0.33843258507641966, 0.34404494997527735, 0.34130325643206394]","[[0.31065263244350666, 0.37375995511815463], [0.3152792617170019, 0.42951027102940564], [0.30449387282401874, 0.37237129732882057], [0.29754745947084416, 0.39054244047971054], [0.31035301816272093, 0.372253494701407]]","[[40, 40], [40, 40], [40, 40], [40, 40], [40, 40]]",2,4,2,4
8,B,gaussian_blur,"[0.36780957270193027, 0.3728128265249112, 0.34929616969077276, 0.3568303909285332, 0.3685838394332559]","[[0.29413210972445925, 0.44148703567940134], [0.3014119236133719, 0.4442137294364506], [0.28513873207804696, 0.41345360730349856], [0.2841414269883642, 0.42951935486870224], [0.2982692835273347, 0.4388983953391771]]","[[40, 40], [40, 40], [40, 40], [40, 40], [40, 40]]",2,4,2,4
9,A,clean,"[0.33405490084117306, 0.2753278536873396, 0.304981894694391, 0.3404540156756365, 0.3290049244711083]","[[0.3077354635302926, 0.36037433815205355], [0.2619494958924685, 0.2887062114822106], [0.27475286555676776, 0.3352109238320143], [0.30407718156496927, 0.37683084978630377], [0.2993774558428871, 0.3586323930993294]]","[[40, 40], [40, 40], [40, 40], [40, 40], [40, 40]]",1,2,1,2
9,A,brightness_dark,"[0.3386292477597572, 0.31707791662674834, 0.3234848688317517, 0.32149252568430636, 0.33528512981086933]","[[0.3466783726819116, 0.3305801228376028], [0.32515931071046567, 0.308996522543031], [0.31587029323488514, 0.3310994444286183], [0.3240733592907408, 0.3189116920778719], [0.3420287242712954, 0.3285415353504432]]","[[40, 40], [40, 40], [40, 40], [40, 40], [40, 40]]",1,2,1,2
9,A,contrast_low,"[0.7780128306187757, 0.4406957603320139, 0.5599987943769744, 0.5971803302632531, 0.6979509096706407]","[[0.32184660394548353, 1.234179057292068], [0.2754005770224762, 0.6059909436415516], [0.30639693228406484, 0.8136006564698841], [0.3131635457583472, 0.881197114768159], [0.32165043646758107, 1.0742513828737004]]","[[40, 40], [40, 40], [40, 40], [40, 40], [40, 40]]",1,2,1,2
9,A,gaussian_noise,"[0.30852154000594845, 0.26438258822634636, 0.28141291155656456, 0.31254751543700204, 0.29820528717218453]","[[0.29076365977646323, 0.3262794202354337], [0.2471280956761211, 0.2816370807765716], [0.267482278240765, 0.2953435448723641], [0.29858445161214336, 0.3265105792618607], [0.2802409992922195, 0.3161695750521495]]","[[40, 40], [40, 40], [40, 40], [40, 40], [40, 40]]",1,2,1,2
9,A,gaussian_blur,"[0.3789520950204199, 0.31000940959011536, 0.3464526504664294, 0.3570022483082227, 0.37338261867773004]","[[0.3627237695055703, 0.39518042053526947], [0.2939468014588836, 0.32607201772134714], [0.3341177896385289, 0.35878751129432995], [0.342091924616465, 0.3719125719999804], [0.3664791825325552, 0.38028605482290495]]","[[40, 40], [40, 40], [40, 40], [40, 40], [40, 40]]",1,2,1,2
9,B,clean,"[0.33405490084117306, 0.2751839417554095, 0.2940517390594225, 0.34260479835134305, 0.32650885923577155]","[[0.3077354635302926, 0.36037433815205355], [0.26162439588166786, 0.2887434876291512], [0.27050431075734666, 0.3175991673614983], [0.30579039576068656, 0.37941920094199955], [0.29682362275749974, 0.3561940957140434]]","[[40, 40], [40, 40], [40, 40], [40, 40], [40, 40]]",1,2,1,2
9,B,brightness_dark,"[0.3386292477597572, 0.31599308884748767, 0.32901026944696365, 0.32441571212371245, 0.3337681927636711]","[[0.3466783726819116, 0.3305801228376028], [0.3256399410385786, 0.3063462366563968], [0.3189450109873936, 0.3390755279065337], [0.3287190356919655, 0.3201123885554594], [0.3402797981762149, 0.32725658735112734]]","[[40, 40], [40, 40], [40, 40], [40, 40], [40, 40]]",1,2,1,2
9,B,contrast_low,"[0.7780128306187757, 0.44719385020909735, 0.540611831636582, 0.6106387437421866, 0.6875480711528436]","[[0.32184660394548353, 1.234179057292068], [0.2736378763002688, 0.6207498241179259], [0.3073959646535359, 0.7738276986196282], [0.31478247090546746, 0.9064950165789059], [0.32131116261018033, 1.0537849796955068]]","[[40, 40], [40, 40], [40, 40], [40, 40], [40, 40]]",1,2,1,2
9,B,gaussian_noise,"[0.30852154000594845, 0.26541901679832686, 0.2738430018085326, 0.31388123249813765, 0.29585312219063487]","[[0.29076365977646323, 0.3262794202354337], [0.2466775618954947, 0.284160471701159], [0.26636821083932, 0.28131779277774527], [0.299652034987101, 0.3281104300091743], [0.2784255114625733, 0.31328073291869635]]","[[40, 40], [40, 40], [40, 40], [40, 40], [40, 40]]",1,2,1,2
9,B,gaussian_blur,"[0.3789520950204199, 0.31033662573575127, 0.34248993612189277, 0.3589520055408508, 0.37281098848674443]","[[0.3627237695055703, 0.39518042053526947], [0.2967140053983029, 0.32395924607319965], [0.3325956275379697, 0.35238424470581586], [0.345378004607361, 0.37252600647434064], [0.3657500860612715, 0.3798718909122174]]","[[40, 40], [40, 40], [40, 40], [40, 40], [40, 40]]",1,2,1,2
10,A,clean,"[0.4897020345721507, 0.4470833774868903, 0.4525725307492362, 0.4723284572465626, 0.48435242785816623]","[[0.4928134310371588, 0.48659063810714265], [0.44281746268860217, 0.45134929228517845], [0.4385353361517755, 0.46660972534669687], [0.45188285068246603, 0.49277406381065914], [0.49972603262643245, 0.4689788230899]]","[[40, 40], [40, 40], [40, 40], [40, 40], [40, 40]]",1,2,1,2
10,A,brightness_dark,"[0.511418234078877, 0.49784874037182436, 0.5073996843888882, 0.5175215555139375, 0.5270457514895507]","[[0.4566744347911687, 0.5661620333665853], [0.47510163203162864, 0.5205958487120201], [0.4670744472156295, 0.5477249215621468], [0.4300349394994415, 0.6050081715284336], [0.4878767553244259, 0.5662147476546754]]","[[40, 40], [40, 40], [40, 40], [40, 40], [40, 40]]",1,2,1,2
10,A,contrast_low,"[0.7148954150001209, 0.6034539913121912, 0.6879313507143399, 1.0098265936014856, 0.7339250609265293]","[[0.9653994939180839, 0.46439133608215794], [0.7308898059110733, 0.47601817671330904], [0.876051465664976, 0.4998112357637038], [1.5618482937464726, 0.45780489345649844], [0.9726394370743268, 0.495210684778732]]","[[40, 40], [40, 40], [40, 40], [40, 40], [40, 40]]",1,2,1,2
10,A,gaussian_noise,"[0.46111088730068117, 0.44771133146407727, 0.4499637975978158, 0.4716749920518148, 0.4545711795720391]","[[0.4339472438789399, 0.48827453072242244], [0.41463636094411427, 0.48078630198404027], [0.4114958193062804, 0.48843177588935127], [0.4386767779738895, 0.5046732061297401], [0.42086760105307264, 0.4882747580910055]]","[[40, 40], [40, 40], [40, 40], [40, 40], [40, 40]]",1,2,1,2
10,A,gaussian_blur,"[0.47228764676097873, 0.4617799055981884, 0.4849881527639501, 0.455990058613155, 0.5022263883782573]","[[0.43894188511574106, 0.5056334084062164], [0.4507499375726097, 0.4728098736237671], [0.45257910718887606, 0.5173971983390241], [0.43004244236268774, 0.4819376748636223], [0.4851310260571521, 0.5193217506993625]]","[[40, 40], [40, 40], [40, 40], [40, 40], [40, 40]]",3,8,1,2
10,B,clean,"[0.4897020345721507, 0.44716405232116774, 0.4586797483889263, 0.4710941889003333, 0.4849898562792195]","[[0.4928134310371588, 0.48659063810714265], [0.4436187154574302, 0.4507093891849053], [0.4371707943647268, 0.4801887024131258], [0.4523722048195486, 0.489816172981118], [0.5007349893506979, 0.469244723207741]]","[[40, 40], [40, 40], [40, 40], [40, 40], [40, 40]]",1,2,1,2
10,B,brightness_dark,"[0.511418234078877, 0.4957861177545075, 0.512586036595507, 0.5163386721658018, 0.5272616242183794]","[[0.4566744347911687, 0.5661620333665853], [0.46660624898635916, 0.5249659865226558], [0.46873044389350893, 0.5564416292975051], [0.43379884558457615, 0.5988784987470274], [0.48791203532207134, 0.5666112131146875]]","[[40, 40], [40, 40], [40, 40], [40, 40], [40, 40]]",1,2,1,2
10,B,contrast_low,"[0.7148954150001209, 0.6106274609078414, 0.6725990940855493, 0.9247681434025787, 0.7324413140210803]","[[0.9653994939180839, 0.46439133608215794], [0.7439251549525523, 0.47732976686313044], [0.8201692245616924, 0.5250289636094063], [1.3941414292900514, 0.4553948575151062], [0.9674208111863288, 0.4974618168558317]]","[[40, 40], [40, 40], [40, 40], [40, 40], [40, 40]]",1,2,1,2
10,B,gaussian_noise,"[0.46111088730068117, 0.4521536844997095, 0.4561040626935369, 0.47175594127962933, 0.45491769077821537]","[[0.4339472438789399, 0.48827453072242244], [0.4215751818136327, 0.48273218718578625], [0.41250107979257067, 0.4997070455945032], [0.44059091828611285, 0.5029209642731458], [0.42147900652068915, 0.4883563750357416]]","[[40, 40], [40, 40], [40, 40], [40, 40], [40, 40]]",1,2,1,2
10,B,gaussian_blur,"[0.47228764676097873, 0.4622624443726847, 0.4930022215971737, 0.4550871250528128, 0.5057355268406475]","[[0.43894188511574106, 0.5056334084062164], [0.4491617997531625, 0.47536308899220686], [0.45801944562285746, 0.52798499757149], [0.42317069361627296, 0.48700355648935256], [0.4924793987901294, 0.5189916548911655]]","[[40, 40], [40, 40], [40, 40], [40, 40], [40, 40]]",3,8,1,2
11,A,clean,"[0.3793773107992898, 0.36932847829349535, 0.39231120787902474, 0.36585489645401403, 0.39174158169535056]","[[0.30330173311716824, 0.45545288848141147], [0.31550722639633355, 0.4231497301906571], [0.3038105634722937, 0.48081185228575574], [0.30723609608455965, 0.4244736968234684], [0.3066268532231953, 0.4768563101675058]]","[[40, 40], [40, 40], [40, 40], [40, 40], [40, 40]]",3,8,3,8
11,A,brightness_dark,"[0.5108681715817094, 0.42643427730939903, 0.4825245518711625, 0.5034526771004296, 0.5021273963362183]","[[0.31299196679095453, 0.7087443763724643], [0.2877119447110329, 0.5651566099077652], [0.30653714388162107, 0.6585119598607039], [0.3144023024648536, 0.6925030517360057], [0.3071714123734393, 0.6970833802989972]]","[[40, 40], [40, 40], [40, 40], [40, 40], [40, 40]]",1,2,3,8
11,A,contrast_low,"[0.37904753483933995, 0.38764983991848345, 0.3948838507305922, 0.39445562460799755, 0.3922664499849098]","[[0.3358239856965767, 0.42227108398210317], [0.39883514362343586, 0.3764645362135311], [0.3307930195792718, 0.4589746818819126], [0.36752088922743675, 0.42139035998855834], [0.32187941752188476, 0.4626534824479348]]","[[40, 40], [40, 40], [40, 40], [40, 40], [40, 40]]",0,1,3,8
11,A,gaussian_noise,"[0.3688645283990606, 0.3618147495106865, 0.36728127643232894, 0.3569155203378712, 0.3657470847940706]","[[0.28782859475076294, 0.44990046204735823], [0.27061112273961085, 0.45301837628176217], [0.27895894029296214, 0.45560361257169574], [0.28490674327874116, 0.4289242973970012], [0.28922461736113425, 0.442269552227007]]","[[40, 40], [40, 40], [40, 40], [40, 40], [40, 40]]",3,8,3,8
11,A,gaussian_blur,"[0.4094926758172557, 0.397342302491707, 0.42307175235518296, 0.3942704689668411, 0.42167245840745726]","[[0.383408491900859, 0.43557685973365234], [0.383480775855361, 0.411203829128053], [0.3466321867598977, 0.4995113179504682], [0.3880018997600666, 0.4005390381736156], [0.3642471727803715, 0.4790977440345431]]","[[40, 40], [40, 40], [40, 40], [40, 40], [40, 40]]",3,8,3,8
11,B,clean,"[0.3793773107992898, 0.37205291563431964, 0.39117978534272757, 0.36409247131522743, 0.3923184728587782]","[[0.30330173311716824, 0.45545288848141147], [0.32338665898471985, 0.42071917228391936], [0.2982772600115991, 0.484082310673856], [0.3034451630277962, 0.42473977960265863], [0.30632110542648233, 0.47831584029107405]]","[[40, 40], [40, 40], [40, 40], [40, 40], [40, 40]]",3,8,3,8
11,B,brightness_dark,"[0.5108681715817094, 0.4247877466530167, 0.47846815929429054, 0.5104871953703698, 0.500303523309761]","[[0.31299196679095453, 0.7087443763724643], [0.2866736237243618, 0.5629018695816717], [0.30798725091280443, 0.6489490676757766], [0.3155411546701845, 0.7054332360705551], [0.3065635781904071, 0.694043468429115]]","[[40, 40], [40, 40], [40, 40], [40, 40], [40, 40]]",1,2,3,8
11,B,contrast_low,"[0.37904753483933995, 0.3889832573234347, 0.3855283002063303, 0.38936654954357774, 0.39140474620633114]","[[0.3358239856965767, 0.42227108398210317], [0.40465145239658024, 0.37331506225028915], [0.3195379330310447, 0.45151866738161583], [0.35776656678925894, 0.4209665322978965], [0.32078064512388715, 0.46202884728877514]]","[[40, 40], [40, 40], [40, 40], [40, 40], [40, 40]]",0,1,3,8
11,B,gaussian_noise,"[0.3688645283990606, 0.3625570613773263, 0.3617633619817298, 0.3586181277292892, 0.3640567067143714]","[[0.28782859475076294, 0.44990046204735823], [0.27344290890569534, 0.45167121384895725], [0.2851432680177031, 0.4383834559457565], [0.28516836905249476, 0.4320678864060836], [0.2893284158657616, 0.4387849975629813]]","[[40, 40], [40, 40], [40, 40], [40, 40], [40, 40]]",3,8,3,8
11,B,gaussian_blur,"[0.4094926758172557, 0.39992751121124415, 0.43126464826082433, 0.39372250046845825, 0.4230663861200099]","[[0.383408491900859, 0.43557685973365234], [0.3870030101366056, 0.41285201228588264], [0.34692116482067964, 0.515608131700969], [0.3856435803421509, 0.40180142059476553], [0.3626931216526648, 0.48343965058735494]]","[[40, 40], [40, 40], [40, 40], [40, 40], [40, 40]]",3,8,3,8
12,A,clean,"[0.2515360569679034, 0.23063855380963055, 0.2536781799171293, 0.2364602850443091, 0.2638112789860935]","[[0.2811390887003617, 0.221933025235445], [0.27537014872032156, 0.18590695889893957], [0.2968558360252844, 0.2105005238089742], [0.2620836190120407, 0.21083695107657752], [0.29605599808681554, 0.23156655988537148]]","[[40, 40], [40, 40], [40, 40], [40, 40], [40, 40]]",1,2,1,2
12,A,brightness_dark,"[0.25439334421438364, 0.2691116387034741, 0.257389493055469, 0.24299657261375898, 0.2562766871645055]","[[0.2893837004230776, 0.21940298800568972], [0.30474044440739495, 0.23348283299955322], [0.30136082205465087, 0.2134181640562871], [0.2837290173250443, 0.20226412790247367], [0.2902863293743589, 0.22226704495465216]]","[[40, 40], [40, 40], [40, 40], [40, 40], [40, 40]]",3,8,1,2
12,A,contrast_low,"[0.28521398515118795, 0.2508520540220871, 0.2763540562778912, 0.2947966179114432, 0.2901336477405919]","[[0.35660326147887433, 0.21382470882350155], [0.30257833278624935, 0.1991257752579248], [0.3199935061098279, 0.2327146064459545], [0.3639565227975673, 0.22563671302531912], [0.3661053240735826, 0.2141619714076013]]","[[40, 40], [40, 40], [40, 40], [40, 40], [40, 40]]",1,2,1,2
12,A,gaussian_noise,"[0.20289806642537525, 0.19784654990847023, 0.18414850622391327, 0.1921931893771882, 0.20292810544805434]","[[0.2174230343997287, 0.1883730984510218], [0.21468930238364486, 0.18100379743329556], [0.19377371016072895, 0.17452330228709761], [0.20184423213671226, 0.18254214661766413], [0.21625645293039347, 0.18959975796571524]]","[[40, 40], [40, 40], [40, 40], [40, 40], [40, 40]]",2,4,1,2
12,A,gaussian_blur,"[0.2510124016059936, 0.24840410889045755, 0.2748213818525336, 0.2383428254202973, 0.2708269122459205]","[[0.3245532608691444, 0.1774715423428428], [0.3138986433035165, 0.18290957447739858], [0.3660402926310332, 0.18360247107403388], [0.31318102047436724, 0.16350463036622737], [0.35654682417919636, 0.18510700031264465]]","[[40, 40], [40, 40], [40, 40], [40, 40], [40, 40]]",3,8,1,2
12,B,clean,"[0.2515360569679034, 0.23157500611960202, 0.2600114939029717, 0.23626922739139464, 0.2652732832380734]","[[0.2811390887003617, 0.221933025235445], [0.27772326128450586, 0.18542675095469816], [0.2989503145577935, 0.22107267324814991], [0.26269851657247634, 0.20983993821031294], [0.29680262681902914, 0.23374393965711765]]","[[40, 40], [40, 40], [40, 40], [40, 40], [40, 40]]",1,2,1,2
12,B,brightness_dark,"[0.25439334421438364, 0.2702075852449954, 0.25505252850504206, 0.2444124765391321, 0.2572259833101206]","[[0.2893837004230776, 0.21940298800568972], [0.30558051975085904, 0.23483465073913176], [0.29084743768477017, 0.21925761932531396], [0.2837005722260607, 0.20512438085220347], [0.29030733761750344, 0.2241446290027378]]","[[40, 40], [40, 40], [40, 40], [40, 40], [40, 40]]",3,8,1,2
12,B,contrast_low,"[0.28521398515118795, 0.254227213138983, 0.29778264743289584, 0.29366921338162094, 0.29360904654797454]","[[0.35660326147887433, 0.21382470882350155], [0.306979408020091, 0.20147501825787506], [0.3394782642785549, 0.25608703058723686], [0.3596420672025797, 0.22769635956066217], [0.3709732899840055, 0.21624480311194355]]","[[40, 40], [40, 40], [40, 40], [40, 40], [40, 40]]",1,2,1,2
12,B,gaussian_noise,"[0.20289806642537525, 0.19938247268583492, 0.19161706889815727, 0.19225338463594727, 0.20298950187421155]","[[0.2174230343997287, 0.1883730984510218], [0.21769926568092374, 0.18106567969074608], [0.19720284741898508, 0.18603129037732946], [0.20146325127355982, 0.18304351799833468], [0.21533923312498468, 0.19063977062343845]]","[[40, 40], [40, 40], [40, 40], [40, 40], [40, 40]]",2,4,1,2
12,B,gaussian_blur,"[0.2510124016059936, 0.2494541374506299, 0.2761201832309286, 0.2342351284387909, 0.2711990341513473]","[[0.3245532608691444, 0.1774715423428428], [0.3171586424996894, 0.18174963240157038], [0.36198223044699995, 0.19025813601485725], [0.3055049475133057, 0.1629653093642761], [0.35627504138362964, 0.18612302691906488]]","[[40, 40], [40, 40], [40, 40], [40, 40], [40, 40]]",3,8,1,2
13,A,clean,"[0.2667390622219107, 0.24239810924490046, 0.23480935448910678, 0.2573727016419808, 0.2568369831511076]","[[0.3130580456751529, 0.22042007876866845], [0.248759473318441, 0.23603674517135995], [0.25696450287892236, 0.21265420609929123], [0.29422634987933316, 0.22051905340462846], [0.2961956529395481, 0.21747831336266715]]","[[40, 40], [40, 40], [40, 40], [40, 40], [40, 40]]",2,4,2,4
13,A,brightness_dark,"[0.2556498041426147, 0.25619890423770075, 0.2526008343116346, 0.24675424684214975, 0.2584790032060701]","[[0.26114476109459867, 0.2501548471906307], [0.2765289951970171, 0.23586881327838433], [0.27344129804490236, 0.2317603705783668], [0.25094996456676727, 0.2425585291175322], [0.27657049127030314, 0.24038751514183704]]","[[40, 40], [40, 40], [40, 40], [40, 40], [40, 40]]",3,8,2,4
13,A,contrast_low,"[0.2978302760956014, 0.28590782527144476, 0.3039402687755877, 0.2966410523176274, 0.28912226708831035]","[[0.3077040475915429, 0.2879565045996599], [0.2769142875053875, 0.2949013630375021], [0.3266977458640713, 0.28118279168710414], [0.2867939571098585, 0.30648814752539627], [0.29086379000476636, 0.2873807441718543]]","[[40, 40], [40, 40], [40, 40], [40, 40], [40, 40]]",1,2,2,4
13,A,gaussian_noise,"[0.27655842100015054, 0.23694142819104347, 0.22670087432866612, 0.27796710300074806, 0.2539698356713084]","[[0.3163427176034683, 0.23677412439683274], [0.24443299358868664, 0.2294498627934003], [0.23377184654579203, 0.2196299021115402], [0.32141142433317815, 0.23452278166831797], [0.2765197232564255, 0.23141994808619132]]","[[40, 40], [40, 40], [40, 40], [40, 40], [40, 40]]",2,4,2,4
13,A,gaussian_blur,"[0.3033815392409193, 0.31735408853704, 0.3165777420717297, 0.29151446813130505, 0.3099471190582763]","[[0.3426128429513121, 0.2641502355305265], [0.362781446637892, 0.271926730436188], [0.3702747786273919, 0.26288070551606746], [0.3146651534487235, 0.2683637828138866], [0.35161771255241575, 0.26827652556413684]]","[[40, 40], [40, 40], [40, 40], [40, 40], [40, 40]]",3,8,2,4
13,B,clean,"[0.2667390622219107, 0.24351603524132806, 0.22680656635267513, 0.26044673119356937, 0.2551100751832614]","[[0.3130580456751529, 0.22042007876866845], [0.251882735332574, 0.23514933515008213], [0.2410947855360967, 0.21251834716925355], [0.2991889859438963, 0.22170447644324245], [0.29320447468017846, 0.21701567568634433]]","[[40, 40], [40, 40], [40, 40], [40, 40], [40, 40]]",2,4,2,4
13,B,brightness_dark,"[0.2556498041426147, 0.25465626538405095, 0.24899366246062493, 0.24941322195756394, 0.25789480560903333]","[[0.26114476109459867, 0.2501548471906307], [0.27424924116963584, 0.23506328959846606], [0.26528037050172265, 0.23270695441952718], [0.25537328823568145, 0.24345315567944642], [0.27736693690494063, 0.23842267431312597]]","[[40, 40], [40, 40], [40, 40], [40, 40], [40, 40]]",2,4,2,4
13,B,contrast_low,"[0.2978302760956014, 0.29321928188685575, 0.30013238966921574, 0.3039685437683404, 0.2876017207472008]","[[0.3077040475915429, 0.2879565045996599], [0.28684445711463596, 0.2995941066590756], [0.33239947373837747, 0.26786530560005395], [0.30154304453477465, 0.3063940430019062], [0.2891197172365278, 0.2860837242578739]]","[[40, 40], [40, 40], [40, 40], [40, 40], [40, 40]]",4,16,2,4
13,B,gaussian_noise,"[0.27655842100015054, 0.23829773499799883, 0.2205116734098131, 0.27797609294766595, 0.25141578432872913]","[[0.3163427176034683, 0.23677412439683274], [0.24768776883445193, 0.22890770116154574], [0.22314025861213507, 0.21788308820749114], [0.3207685928205276, 0.2351835930748043], [0.2720792369248299, 0.23075233173262832]]","[[40, 40], [40, 40], [40, 40], [40, 40], [40, 40]]",2,4,2,4
13,B,gaussian_blur,"[0.3033815392409193, 0.3186360174297358, 0.29938371797962265, 0.2930353144145045, 0.31002242260798385]","[[0.3426128429513121, 0.2641502355305265], [0.3651481132305651, 0.27212392162890653], [0.340867545184135, 0.25789989077511033], [0.3228536214326992, 0.2632170073963098], [0.35124134288998043, 0.26880350232598726]]","[[40, 40], [40, 40], [40, 40], [40, 40], [40, 40]]",3,8,2,4
14,A,clean,"[0.3368211904516285, 0.2867857396680321, 0.3395684382437151, 0.360957730120154, 0.3342475288426733]","[[0.3854781220886744, 0.28816425881458263], [0.25866390528928634, 0.3149075740467778], [0.3657641344914996, 0.3133727419959306], [0.43660947199578565, 0.28530598824452236], [0.37366188259169897, 0.2948331750936476]]","[[40, 40], [40, 40], [40, 40], [40, 40], [40, 40]]",1,2,1,2
14,A,brightness_dark,"[0.33433574988896086, 0.3281658603303869, 0.35752734865047026, 0.3470931164933851, 0.3381619285430838]","[[0.34972628651226295, 0.31894521326565883], [0.37903575463832406, 0.27729596602244977], [0.378752378996844, 0.3363023183040965], [0.3965226075756141, 0.2976636254111561], [0.34587098491472645, 0.33045287217144115]]","[[40, 40], [40, 40], [40, 40], [40, 40], [40, 40]]",1,2,1,2
14,A,contrast_low,"[0.5608416516358137, 0.5128543419553463, 0.46747282064170304, 0.6778400122287467, 0.5149355147647494]","[[0.8055878534947329, 0.3160954497768945], [0.6435142624096956, 0.38219442150099703], [0.6245363964245164, 0.3104092448588897], [1.0484992093550305, 0.3071808151024629], [0.698105746917692, 0.3317652826118068]]","[[40, 40], [40, 40], [40, 40], [40, 40], [40, 40]]",2,4,1,2
14,A,gaussian_noise,"[0.2698386693272374, 0.2447384712652787, 0.27148491239303296, 0.28115456829522967, 0.2689578150361025]","[[0.25593712056540396, 0.2837402180890708], [0.2181714217866296, 0.2713055207439278], [0.22832422088517018, 0.3146456039008957], [0.2889927429400225, 0.27331639365043686], [0.23772645490002078, 0.30018917517218424]]","[[40, 40], [40, 40], [40, 40], [40, 40], [40, 40]]",1,2,1,2
14,A,gaussian_blur,"[0.38487570402760185, 0.35745123759712216, 0.38044559130950234, 0.406592971830279, 0.3906202661422171]","[[0.4987674531480815, 0.27098395490712224], [0.40630739644690933, 0.30859507874733494], [0.4695496470231461, 0.29134153559585857], [0.5467749366741094, 0.2664110069864486], [0.4996679078199374, 0.2815726244644969]]","[[40, 40], [40, 40], [40, 40], [40, 40], [40, 40]]",1,2,1,2
14,B,clean,"[0.3368211904516285, 0.2868937415707317, 0.337647458723183, 0.3586766535057394, 0.3336461239065338]","[[0.3854781220886744, 0.28816425881458263], [0.25848802917357017, 0.3152994539678933], [0.3712536162854234, 0.3040413011609426], [0.4331714365424931, 0.28418187046898574], [0.3735683494958272, 0.2937238983172404]]","[[40, 40], [40, 40], [40, 40], [40, 40], [40, 40]]",1,2,1,2
14,B,brightness_dark,"[0.33433574988896086, 0.3273940036167554, 0.364145714893674, 0.3416701667311469, 0.3393048650165854]","[[0.34972628651226295, 0.31894521326565883], [0.37996498538335277, 0.27482302185015806], [0.3965428033552164, 0.33174862643213154], [0.3870973461506263, 0.29624298731166754], [0.34701495964704165, 0.3315947703861292]]","[[40, 40], [40, 40], [40, 40], [40, 40], [40, 40]]",1,2,1,2
14,B,contrast_low,"[0.5608416516358137, 0.5253179132098883, 0.44838346881120167, 0.6831718653023137, 0.5146329791361262]","[[0.8055878534947329, 0.3160954497768945], [0.6738339193087652, 0.3768019071110113], [0.5963759428436946, 0.3003909947787088], [1.0602700748898408, 0.30607365571478656], [0.6969493712121503, 0.33231658706010214]]","[[40, 40], [40, 40], [40, 40], [40, 40], [40, 40]]",2,4,1,2
14,B,gaussian_noise,"[0.2698386693272374, 0.24668519065025177, 0.27132674752392777, 0.2803736931173251, 0.2679328543659705]","[[0.25593712056540396, 0.2837402180890708], [0.2205626186609284, 0.2728077626395751], [0.22908021625478492, 0.3135732787930706], [0.28840339133080106, 0.2723439949038491], [0.23590576609788982, 0.2999599426340511]]","[[40, 40], [40, 40], [40, 40], [40, 40], [40, 40]]",1,2,1,2
14,B,gaussian_blur,"[0.38487570402760185, 0.3521576625204153, 0.36987427858434485, 0.40924142611614633, 0.38977420836592136]","[[0.4987674531480815, 0.27098395490712224], [0.3980944348239094, 0.3062208902169212], [0.45547802262657566, 0.2842705345421141], [0.5496712797630093, 0.2688115724692833], [0.4997607749298144, 0.27978764180202836]]","[[40, 40], [40, 40], [40, 40], [40, 40], [40, 40]]",1,2,1,2
15,A,clean,"[0.5131754061574503, 0.5136154893124458, 0.4863722937916056, 0.48859399955836247, 0.5055273129848372]","[[0.4028013550453201, 0.6235494572695803], [0.39663058708280924, 0.6306003915420824], [0.40579394008254754, 0.5669506475006637], [0.3930943134052774, 0.5840936857114476], [0.39943777130136215, 0.6116168546683124]]","[[40, 40], [40, 40], [40, 40], [40, 40], [40, 40]]",2,4,2,4
15,A,brightness_dark,"[0.4594537616277419, 0.48331084960888554, 0.4896626144858614, 0.4245581058477177, 0.48265013619876934]","[[0.3788562153138481, 0.5400513079416356], [0.36060112979994785, 0.6060205694178232], [0.4049760309148428, 0.57434919805688], [0.3640207080239796, 0.4850955036714558], [0.3954367873985897, 0.569863484998949]]","[[40, 40], [40, 40], [40, 40], [40, 40], [40, 40]]",3,8,2,4
15,A,contrast_low,"[0.524305055380993, 0.5989353361768517, 0.5247594667547666, 0.5381172327035044, 0.5171862203767734]","[[0.43484748114009175, 0.6137626296218943], [0.4589059930736685, 0.738964679280035], [0.45882805471206306, 0.5906908787974701], [0.4535481970417308, 0.6226862683652781], [0.4420369794853431, 0.5923354612682038]]","[[40, 40], [40, 40], [40, 40], [40, 40], [40, 40]]",4,16,2,4
15,A,gaussian_noise,"[0.3742509830967337, 0.4067989156650412, 0.3427978157781668, 0.3916079996840116, 0.3715102703636614]","[[0.3434072657192396, 0.40509470047422785], [0.3546744369112992, 0.4589233944187832], [0.33555227787909087, 0.3500433536772428], [0.358246715724061, 0.42496928364396214], [0.3345833148866375, 0.4084372258406853]]","[[40, 40], [40, 40], [40, 40], [40, 40], [40, 40]]",2,4,2,4
15,A,gaussian_blur,"[0.4869014279428438, 0.5206928580459333, 0.4997052549521146, 0.4748827765262409, 0.502546057524973]","[[0.3880392268359055, 0.5857636290497821], [0.3514573229533774, 0.6899283931384892], [0.38628931070672123, 0.613121199197508], [0.3707358475322097, 0.5790297055202721], [0.3905338586265054, 0.6145582564234406]]","[[40, 40], [40, 40], [40, 40], [40, 40], [40, 40]]",3,8,2,4
15,B,clean,"[0.5131754061574503, 0.5243251231758815, 0.47814731228738533, 0.49073951923031023, 0.5053490614686796]","[[0.4028013550453201, 0.6235494572695803], [0.39750188308381285, 0.6511483632679502], [0.4032672692062068, 0.5530273553685638], [0.393930781833983, 0.5875482566266375], [0.3976848697334919, 0.6130132532038675]]","[[40, 40], [40, 40], [40, 40], [40, 40], [40, 40]]",2,4,2,4
15,B,brightness_dark,"[0.4594537616277419, 0.4753600548285984, 0.47838064153489146, 0.4279991726687714, 0.48444911371320887]","[[0.3788562153138481, 0.5400513079416356], [0.3532009197054625, 0.5975191899517343], [0.3889846928296523, 0.5677765902401306], [0.3581168801994553, 0.49788146513808745], [0.39482773865718, 0.5740704887692377]]","[[40, 40], [40, 40], [40, 40], [40, 40], [40, 40]]",3,8,2,4
15,B,contrast_low,"[0.524305055380993, 0.6079339501603811, 0.5301805995795802, 0.5212514765152537, 0.5182823176991689]","[[0.43484748114009175, 0.6137626296218943], [0.4575266941917717, 0.7583412061289904], [0.4481013249797683, 0.6122598741793921], [0.4537437581826138, 0.5887591948478936], [0.44028994778956676, 0.596274687608771]]","[[40, 40], [40, 40], [40, 40], [40, 40], [40, 40]]",4,16,2,4
15,B,gaussian_noise,"[0.3742509830967337, 0.4083341672661215, 0.3437282761927617, 0.38975821751609213, 0.37151044267861966]","[[0.3434072657192396, 0.40509470047422785], [0.3529690857586494, 0.46369924877359364], [0.33845637685121, 0.34900017553431345], [0.3565857789119761, 0.42293065612020814], [0.3356646990397389, 0.4073561863175005]]","[[40, 40], [40, 40], [40, 40], [40, 40], [40, 40]]",2,4,2,4
15,B,gaussian_blur,"[0.4869014279428438, 0.5371814791646768, 0.4866159688312846, 0.4815947646492718, 0.504098707215022]","[[0.3880392268359055, 0.5857636290497821], [0.35216810191273545, 0.7221948564166183], [0.3686541456547977, 0.6045777920077715], [0.37375163813105683, 0.5894378911674868], [0.3892393081408444, 0.6189581062891996]]","[[40, 40], [40, 40], [40, 40], [40, 40], [40, 40]]",3,8,2,4
16,A,clean,"[0.17712321634386768, 0.14073705755659421, 0.15984030038139885, 0.16661482088313123, 0.16995132122995038]","[[0.17060378465023568, 0.18364264803749966], [0.14510399538850946, 0.136370119724679], [0.17026942838621398, 0.14941117237658372], [0.16270187863397592, 0.17052776313228651], [0.1719328455611448, 0.167969796898756]]","[[40, 40], [40, 40], [40, 40], [40, 40], [40, 40]]",1,2,1,2
16,A,brightness_dark,"[0.18168065539036182, 0.17623931873261642, 0.1906057184467713, 0.17593983427641574, 0.1852528909710788]","[[0.20217976500775486, 0.16118154577296878], [0.19202111947337197, 0.16045751799186087], [0.20926385337618902, 0.17194758351735356], [0.1945474438201475, 0.15733222473268396], [0.20877584362916127, 0.16172993831299634]]","[[40, 40], [40, 40], [40, 40], [40, 40], [40, 40]]",3,8,1,2
16,A,contrast_low,"[0.22188545925401357, 0.19662187585804713, 0.2378001131187676, 0.19620960350226108, 0.2271026555296565]","[[0.22730163069002804, 0.2164692878179991], [0.1850980800654419, 0.2081456716506524], [0.2213600685825657, 0.25424015765496943], [0.21044479132433044, 0.18197441568019168], [0.22953404686556628, 0.22467126419374672]]","[[40, 40], [40, 40], [40, 40], [40, 40], [40, 40]]",3,8,1,2
16,A,gaussian_noise,"[0.17492101533545198, 0.1413750825318196, 0.16148466779756643, 0.17077998081367385, 0.1685832207234727]","[[0.18560516040703967, 0.1642368702638643], [0.14866190910336957, 0.13408825596026963], [0.17915548017672625, 0.14381385541840658], [0.17865712799006433, 0.16290283363728336], [0.18402775922726558, 0.15313868221967986]]","[[40, 40], [40, 40], [40, 40], [40, 40], [40, 40]]",1,2,1,2
16,A,gaussian_blur,"[0.15637105127645362, 0.12835174394260213, 0.14957502985316895, 0.14237146679180523, 0.15515851663376032]","[[0.15540613641133252, 0.15733596614157472], [0.13064660620248275, 0.1260568816827215], [0.15436697891194512, 0.14478308079439275], [0.14233231867423068, 0.14241061490937978], [0.15779963921257562, 0.15251739405494502]]","[[40, 40], [40, 40], [40, 40], [40, 40], [40, 40]]",1,2,1,2
16,B,clean,"[0.17712321634386768, 0.14007448611376977, 0.16536183390486917, 0.1662738076736068, 0.16972748854835001]","[[0.17060378465023568, 0.18364264803749966], [0.14485320541996427, 0.1352957668075753], [0.17494031453616893, 0.1557833532735694], [0.16214515627924597, 0.17040245906796764], [0.1721717462958951, 0.1672832308008049]]","[[40, 40], [40, 40], [40, 40], [40, 40], [40, 40]]",1,2,1,2
16,B,brightness_dark,"[0.18168065539036182, 0.17614721299435993, 0.19299514633987402, 0.175197476540344, 0.1862316154669627]","[[0.20217976500775486, 0.16118154577296878], [0.19151921343884473, 0.1607752125498751], [0.20950480458831713, 0.17648548809143094], [0.19489028598993285, 0.15550466709075517], [0.2094093084522232, 0.16305392248170225]]","[[40, 40], [40, 40], [40, 40], [40, 40], [40, 40]]",3,8,1,2
16,B,contrast_low,"[0.22188545925401357, 0.1982140963220032, 0.24549842412723233, 0.20176680452291146, 0.22927257566504047]","[[0.22730163069002804, 0.2164692878179991], [0.18515181333847108, 0.2112763793055353], [0.22567132405178345, 0.2653255242026812], [0.20804559784502547, 0.19548801120079742], [0.23105952149795767, 0.22748562983212328]]","[[40, 40], [40, 40], [40, 40], [40, 40], [40, 40]]",1,2,1,2
16,B,gaussian_noise,"[0.17492101533545198, 0.1429028182646867, 0.1633803360104851, 0.1703078205708548, 0.1691300570320537]","[[0.18560516040703967, 0.1642368702638643], [0.1508960010216403, 0.1349096355077331], [0.17816382340809392, 0.14859684861287628], [0.17761819929659142, 0.16299744184511816], [0.1847819912523993, 0.15347812281170808]]","[[40, 40], [40, 40], [40, 40], [40, 40], [40, 40]]",1,2,1,2
16,B,gaussian_blur,"[0.15637105127645362, 0.12944660123995977, 0.1523309664186326, 0.14268019454668623, 0.1557590982102286]","[[0.15540613641133252, 0.15733596614157472], [0.13225460935965203, 0.12663859312026754], [0.1562816129688778, 0.14838031986838743], [0.14251151943725043, 0.14284886965612204], [0.15810223590227038, 0.1534159605181868]]","[[40, 40], [40, 40], [40, 40], [40, 40], [40, 40]]",1,2,1,2
17,A,clean,"[0.2807978403796577, 0.2625173534097742, 0.2679859862665246, 0.2749729418247854, 0.2768250221584388]","[[0.3169834176471758, 0.24461226311213968], [0.29537911615596874, 0.22965559066357968], [0.29720248156408113, 0.2387694909689681], [0.3063592256411906, 0.24358665800838017], [0.313636911384065, 0.24001313293281257]]","[[40, 40], [40, 40], [40, 40], [40, 40], [40, 40]]",1,2,1,2
17,A,brightness_dark,"[0.27646112376380105, 0.2561118520433068, 0.27982211338484464, 0.2570285106641945, 0.29391183715976277]","[[0.29239884461449217, 0.2605234029131099], [0.2731302656008455, 0.23909343848576806], [0.296979771619461, 0.2626644551502283], [0.2506366674009011, 0.2634203539274879], [0.32044066739646904, 0.2673830069230565]]","[[40, 40], [40, 40], [40, 40], [40, 40], [40, 40]]",1,2,1,2
17,A,contrast_low,"[0.4875014850947099, 0.36961293691642244, 0.3967917353979007, 0.454517404698925, 0.4240662446994399]","[[0.6786199601524339, 0.29638301003698597], [0.45405817624443146, 0.2851676975884134], [0.4987343990912018, 0.29484907170459956], [0.6155265604465022, 0.29350824895134775], [0.5451388506233577, 0.30299363877552216]]","[[40, 40], [40, 40], [40, 40], [40, 40], [40, 40]]",1,2,1,2
17,A,gaussian_noise,"[0.27869848542902764, 0.2601771632500498, 0.25612763792972454, 0.2814255302955333, 0.2751215109829438]","[[0.29162460541684293, 0.2657723654412124], [0.29188060114784437, 0.2284737253522553], [0.2624067452392923, 0.24984853062015677], [0.2908940242778319, 0.27195703631323476], [0.2936635319594953, 0.25657949000639235]]","[[40, 40], [40, 40], [40, 40], [40, 40], [40, 40]]",2,4,1,2
17,A,gaussian_blur,"[0.29707043927593635, 0.2640865245142958, 0.2825377159241235, 0.2945653930349452, 0.29855927448248454]","[[0.33582445927952026, 0.2583164192723524], [0.303350617217431, 0.22482243181116063], [0.31238171551698085, 0.2526937163312662], [0.3395896616211572, 0.24954112444873325], [0.33913411976476143, 0.25798442920020764]]","[[40, 40], [40, 40], [40, 40], [40, 40], [40, 40]]",1,2,1,2
17,B,clean,"[0.2807978403796577, 0.258951095413453, 0.26826660262639707, 0.27492216254925833, 0.2770302268493948]","[[0.3169834176471758, 0.24461226311213968], [0.29073560407959176, 0.22716658674731427], [0.2986010327520116, 0.23793217250078252], [0.30550225278288634, 0.2443420723156303], [0.3133151749423615, 0.24074527875642815]]","[[40, 40], [40, 40], [40, 40], [40, 40], [40, 40]]",1,2,1,2
17,B,brightness_dark,"[0.27646112376380105, 0.2549934729317585, 0.2742796037198606, 0.2583922626300855, 0.2948613697870941]","[[0.29239884461449217, 0.2605234029131099], [0.27098320554906047, 0.23900374031445654], [0.288615651455685, 0.2599435559840361], [0.2546411952952302, 0.2621433299649408], [0.3221688612015682, 0.26755387837261996]]","[[40, 40], [40, 40], [40, 40], [40, 40], [40, 40]]",1,2,1,2
17,B,contrast_low,"[0.4875014850947099, 0.3793526024801599, 0.3945532712268558, 0.43846721196787464, 0.4213839504546206]","[[0.6786199601524339, 0.29638301003698597], [0.4711661041409979, 0.2875391008193219], [0.49903439157080615, 0.2900721508829054], [0.5836252044322858, 0.2933092195034634], [0.5389501639056438, 0.30381773700359743]]","[[40, 40], [40, 40], [40, 40], [40, 40], [40, 40]]",1,2,1,2
17,B,gaussian_noise,"[0.27869848542902764, 0.26016633078007084, 0.25636350915067346, 0.2813142901647522, 0.2737899757978517]","[[0.29162460541684293, 0.2657723654412124], [0.2939046485578049, 0.22642801300233675], [0.26053848712072436, 0.25218853118062257], [0.29072562924142675, 0.27190295108807755], [0.29187624195956274, 0.2557037096361406]]","[[40, 40], [40, 40], [40, 40], [40, 40], [40, 40]]",2,4,1,2
17,B,gaussian_blur,"[0.29707043927593635, 0.2646067836740712, 0.2917099301217729, 0.2957195813618382, 0.29908106080178026]","[[0.33582445927952026, 0.2583164192723524], [0.30579459899389544, 0.22341896835424696], [0.3215602194616866, 0.26185964078185914], [0.34125811816723983, 0.2501810445564366], [0.33900528049695655, 0.259156841106604]]","[[40, 40], [40, 40], [40, 40], [40, 40], [40, 40]]",1,2,1,2
18,A,clean,"[0.2394132493353066, 0.21648961382705612, 0.2122767957333885, 0.24291413876276502, 0.22789161013828385]","[[0.29102187816171204, 0.18780462050890118], [0.2431463611134781, 0.1898328665406341], [0.24873211061267025, 0.17582148085410676], [0.2996333817329609, 0.18619489579256912], [0.27558444767294865, 0.18019877260361902]]","[[40, 40], [40, 40], [40, 40], [40, 40], [40, 40]]",2,4,2,4
18,A,brightness_dark,"[0.3172040511068537, 0.2780453162057383, 0.2828422919416899, 0.29860291231211056, 0.3055081342465413]","[[0.3942702165374624, 0.24013788567624497], [0.3222933049466484, 0.23379732746482823], [0.3271735126238104, 0.23851107125956944], [0.36973772968518437, 0.22746809493903677], [0.3633486730745849, 0.24766759541849764]]","[[40, 40], [40, 40], [40, 40], [40, 40], [40, 40]]",1,2,2,4
18,A,contrast_low,"[0.32138556302681687, 0.2799036463705873, 0.284496809007747, 0.2932816391390586, 0.31338077355459626]","[[0.3557987709734416, 0.28697235508019214], [0.3359545077634595, 0.22385278497771513], [0.33137393755684813, 0.23761968045864582], [0.33058969207245104, 0.2559735862056661], [0.3608683490141765, 0.265893198095016]]","[[40, 40], [40, 40], [40, 40], [40, 40], [40, 40]]",1,2,2,4
18,A,gaussian_noise,"[0.24327404646288658, 0.2390255700773854, 0.21555506498592872, 0.2498853343580385, 0.2306416224424435]","[[0.2958703327864473, 0.19067776013932583], [0.26462856246076705, 0.21342257769400375], [0.2520580162703376, 0.17905211370151985], [0.3111848672394558, 0.18858580147662118], [0.27366483698742006, 0.18761840789746692]]","[[40, 40], [40, 40], [40, 40], [40, 40], [40, 40]]",2,4,2,4
18,A,gaussian_blur,"[0.2961347139420771, 0.26404431771264947, 0.2470451415055163, 0.29477976910208586, 0.27909541913457747]","[[0.36524601389045913, 0.227023413993695], [0.31152993685699437, 0.2165586985683045], [0.3043742811040917, 0.18971600190694088], [0.3801751943186452, 0.2093843438855265], [0.33988341405535766, 0.2183074242137973]]","[[40, 40], [40, 40], [40, 40], [40, 40], [40, 40]]",2,4,2,4
18,B,clean,"[0.2394132493353066, 0.21506472847391978, 0.2108703126039947, 0.24253067619669982, 0.22676612200520843]","[[0.29102187816171204, 0.18780462050890118], [0.24049352270465274, 0.18963593424318684], [0.24651823733385098, 0.1752223878741384], [0.2981589886009514, 0.18690236379244823], [0.2737504904006737, 0.1797817536097432]]","[[40, 40], [40, 40], [40, 40], [40, 40], [40, 40]]",2,4,2,4
18,B,brightness_dark,"[0.3172040511068537, 0.28048970008123286, 0.2822323757102566, 0.30307124917326755, 0.30414227058344984]","[[0.3942702165374624, 0.24013788567624497], [0.3252597910463764, 0.2357196091160893], [0.324834846471279, 0.23962990494923425], [0.3786687810933789, 0.22747371725315615], [0.3612450276068864, 0.24703951356001325]]","[[40, 40], [40, 40], [40, 40], [40, 40], [40, 40]]",1,2,2,4
18,B,contrast_low,"[0.32138556302681687, 0.28843770740941443, 0.2643982593949955, 0.29512189880359807, 0.310427325754843]","[[0.3557987709734416, 0.28697235508019214], [0.3462767748296616, 0.2305986399891673], [0.31079607884874483, 0.21800043994124624], [0.3225240788563485, 0.2677197187508476], [0.3576211064367752, 0.2632335450729108]]","[[40, 40], [40, 40], [40, 40], [40, 40], [40, 40]]",2,4,2,4
18,B,gaussian_noise,"[0.24327404646288658, 0.23800670319539693, 0.21333515661153107, 0.25061802380355847, 0.229640080162042]","[[0.2958703327864473, 0.19067776013932583], [0.26624974748752783, 0.20976365890326604], [0.24831072560582507, 0.1783595876172371], [0.31217864980086923, 0.18905739780624775], [0.27194281851255386, 0.1873373418115301]]","[[40, 40], [40, 40], [40, 40], [40, 40], [40, 40]]",2,4,2,4
18,B,gaussian_blur,"[0.2961347139420771, 0.2660195355095819, 0.250258974128032, 0.2949989084189565, 0.278507320090578]","[[0.36524601389045913, 0.227023413993695], [0.3155955371733571, 0.21644353384580667], [0.31345634070394157, 0.18706160755212237], [0.3790963226114376, 0.2109014942264753], [0.340065182960607, 0.21694945722054895]]","[[40, 40], [40, 40], [40, 40], [40, 40], [40, 40]]",2,4,2,4
19,A,clean,"[0.3531444419879413, 0.3563147618392354, 0.3504166556658481, 0.3599918962892734, 0.3494075682901341]","[[0.368735076274112, 0.3375538077017706], [0.43613021338399316, 0.27649931029447766], [0.37724560935017426, 0.3235877019815219], [0.38051967949757987, 0.33946411308096697], [0.3612877175995072, 0.33752741898076105]]","[[40, 40], [40, 40], [40, 40], [40, 40], [40, 40]]",4,16,4,16
19,A,brightness_dark,"[0.3009268328391297, 0.2926778578612674, 0.27615128777856757, 0.29690118571004137, 0.2925265651781146]","[[0.3073409242661416, 0.29451274141211775], [0.28979702354830206, 0.2955586921742327], [0.2669808426940959, 0.2853217328630393], [0.3117526108073217, 0.28204976061276105], [0.2984891230651744, 0.2865640072910548]]","[[40, 40], [40, 40], [40, 40], [40, 40], [40, 40]]",2,4,4,16
19,A,contrast_low,"[0.43102435255345395, 0.4741348759717861, 0.4583559625053086, 0.4500562472207682, 0.4327858336966116]","[[0.48137946972261575, 0.3806692353842921], [0.6092844776551025, 0.3389852742884697], [0.5300675981596268, 0.38664432685099037], [0.5303836691962712, 0.3697288252452651], [0.4802258163214258, 0.3853458510717974]]","[[40, 40], [40, 40], [40, 40], [40, 40], [40, 40]]",0,1,4,16
19,A,gaussian_noise,"[0.3417796583055429, 0.288170372933067, 0.30295994324295095, 0.3420038855183851, 0.32372085072676404]","[[0.33472394766445634, 0.3488353689466294], [0.30657260842721695, 0.26976813743891703], [0.28936494975402505, 0.31655493673187685], [0.32883418768804884, 0.3551735833487214], [0.31426173548342556, 0.3331799659701026]]","[[40, 40], [40, 40], [40, 40], [40, 40], [40, 40]]",1,2,4,16
19,A,gaussian_blur,"[0.3766025228330908, 0.398140337801149, 0.3605973813835386, 0.37351076354412593, 0.36160436511403504]","[[0.4239732413790991, 0.3292318042870825], [0.49954861569071507, 0.2967320599115829], [0.4082638495526504, 0.31293091321442684], [0.4191021372394605, 0.3279193898487914], [0.4016697295578145, 0.32153900067025554]]","[[40, 40], [40, 40], [40, 40], [40, 40], [40, 40]]",2,4,4,16
19,B,clean,"[0.3531444419879413, 0.3625067089021057, 0.3322000697722486, 0.35941195187841923, 0.350398139219796]","[[0.368735076274112, 0.3375538077017706], [0.4447256305968691, 0.2802877872073423], [0.3457527928122065, 0.31864734673229067], [0.37847362744538987, 0.34035027631144865], [0.3621579185466492, 0.33863835989294283]]","[[40, 40], [40, 40], [40, 40], [40, 40], [40, 40]]",2,4,2,4
19,B,brightness_dark,"[0.3009268328391297, 0.2913354419244733, 0.2835150072518752, 0.29614933733803406, 0.29343684970734357]","[[0.3073409242661416, 0.29451274141211775], [0.289859859777575, 0.2928110240713716], [0.26992109477357334, 0.29710891973017695], [0.31037459505348464, 0.28192407962258353], [0.2992724377111178, 0.28760126170356937]]","[[40, 40], [40, 40], [40, 40], [40, 40], [40, 40]]",2,4,2,4
19,B,contrast_low,"[0.43102435255345395, 0.4848047699520517, 0.44252284527899594, 0.438535716887531, 0.43319607220906775]","[[0.48137946972261575, 0.3806692353842921], [0.6241351695634372, 0.34547437034066625], [0.49902762971343434, 0.38601806084455753], [0.4992765613142229, 0.3777948724608392], [0.4819471406153245, 0.38444500380281105]]","[[40, 40], [40, 40], [40, 40], [40, 40], [40, 40]]",0,1,2,4
19,B,gaussian_noise,"[0.3417796583055429, 0.2911650881847042, 0.29422986747148044, 0.3418242085426525, 0.3226886377368682]","[[0.33472394766445634, 0.3488353689466294], [0.3112162328421577, 0.27111394352725077], [0.27058259799887496, 0.3178771369440859], [0.3293978305810565, 0.35425058650424857], [0.3134325956359524, 0.33194467983778403]]","[[40, 40], [40, 40], [40, 40], [40, 40], [40, 40]]",1,2,2,4
19,B,gaussian_blur,"[0.3766025228330908, 0.4066902201586794, 0.34328987035739456, 0.37285434553982133, 0.36108823246407074]","[[0.4239732413790991, 0.3292318042870825], [0.5053855458584776, 0.3079948944588812], [0.38915641123714073, 0.2974233294776483], [0.41575513285796434, 0.32995355822167827], [0.4013703014087901, 0.3208061635193514]]","[[40, 40], [40, 40], [40, 40], [40, 40], [40, 40]]",2,4,2,4
20,A,clean,"[0.2771535949926441, 0.30611336782539894, 0.28455901200760647, 0.27912091577557036, 0.2851909803999102]","[[0.24136102510369756, 0.3129461648815906], [0.25985802401339325, 0.35236871163740463], [0.21450552985501598, 0.35461249416019697], [0.24711969224853841, 0.3111221393026023], [0.23084154139009616, 0.33954041940972424]]","[[40, 40], [40, 40], [40, 40], [40, 40], [40, 40]]",0,1,0,1
20,A,brightness_dark,"[0.24329747653603429, 0.278707835789037, 0.2501606151212679, 0.2511312433350625, 0.2557127972561239]","[[0.21344767879544896, 0.2731472742766196], [0.23174131178442064, 0.32567435979365333], [0.2107548156100353, 0.28956641463250055], [0.21683980780019185, 0.2854226788699331], [0.2166221879679719, 0.2948034065442759]]","[[40, 40], [40, 40], [40, 40], [40, 40], [40, 40]]",0,1,0,1
20,A,contrast_low,"[0.41073126167112906, 0.4184656522286452, 0.347130577066354, 0.4021704047019947, 0.3867270427771158]","[[0.4783900632686742, 0.34307246007358383], [0.3931659991530407, 0.44376530530424974], [0.3378624254624177, 0.3563987286702902], [0.4029838668935211, 0.4013569425104683], [0.4309506418715542, 0.3425034436826774]]","[[40, 40], [40, 40], [40, 40], [40, 40], [40, 40]]",2,4,0,1
20,A,gaussian_noise,"[0.3261281888481674, 0.3521455750765259, 0.3023848848523263, 0.32765922762872673, 0.3206655797035787]","[[0.2604696587700134, 0.39178671892632144], [0.2642680744806808, 0.440023075672371], [0.23760270018026936, 0.36716706952438316], [0.2586376967507598, 0.39668075850669365], [0.25521185731354806, 0.38611930209360923]]","[[40, 40], [40, 40], [40, 40], [40, 40], [40, 40]]",2,4,0,1
20,A,gaussian_blur,"[0.3585883786308777, 0.3879162714887886, 0.3634094149941158, 0.36573541153184674, 0.3621381832042498]","[[0.39962040798109233, 0.3175563492806631], [0.3804908238756237, 0.3953417191019534], [0.35830367957559456, 0.368515150412637], [0.3843860159857338, 0.34708480707795974], [0.38936507600495995, 0.3349112904035396]]","[[40, 40], [40, 40], [40, 40], [40, 40], [40, 40]]",0,1,0,1
20,B,clean,"[0.2771535949926441, 0.3012924961626803, 0.2866416884888812, 0.27624548187305803, 0.28509973305687]","[[0.24136102510369756, 0.3129461648815906], [0.2581486708338777, 0.3444363214914829], [0.21220427492300944, 0.36107910205475297], [0.24951090229176187, 0.3029800614543542], [0.2310639491583956, 0.33913551695534433]]","[[40, 40], [40, 40], [40, 40], [40, 40], [40, 40]]",3,8,3,8
20,B,brightness_dark,"[0.24329747653603429, 0.27429747846361696, 0.24575813665337157, 0.2498260071749865, 0.2558932516393877]","[[0.21344767879544896, 0.2731472742766196], [0.2324657416234485, 0.31612921530378546], [0.2084522365445512, 0.28306403676219194], [0.21335235456985585, 0.2862996597801171], [0.2178609330019909, 0.2939255702767845]]","[[40, 40], [40, 40], [40, 40], [40, 40], [40, 40]]",0,1,3,8
20,B,contrast_low,"[0.41073126167112906, 0.4091898522175379, 0.34608678259816117, 0.39348194762240185, 0.3867242108244566]","[[0.4783900632686742, 0.34307246007358383], [0.38318274348256937, 0.4351969609525065], [0.3396276423886623, 0.35254592280766], [0.4167710446994383, 0.3701928505453654], [0.43480655965268794, 0.3386418619962253]]","[[40, 40], [40, 40], [40, 40], [40, 40], [40, 40]]",2,4,3,8
20,B,gaussian_noise,"[0.3261281888481674, 0.3539089152835867, 0.2961146794217253, 0.3267998463313124, 0.3202226790452892]","[[0.2604696587700134, 0.39178671892632144], [0.2682457772421617, 0.4395720533250117], [0.23200026855860947, 0.3602290902848411], [0.2601342734386852, 0.3934654192239396], [0.2544815980788117, 0.3859637600117667]]","[[40, 40], [40, 40], [40, 40], [40, 40], [40, 40]]",2,4,3,8
20,B,gaussian_blur,"[0.3585883786308777, 0.3863267739817974, 0.36621266957814047, 0.36138528976663814, 0.36145208224629854]","[[0.39962040798109233, 0.3175563492806631], [0.37597272325525005, 0.39668082470834476], [0.3503679322575212, 0.3820574068987598], [0.3848400109238552, 0.33793056860942106], [0.38680307397725155, 0.3361010905153456]]","[[40, 40], [40, 40], [40, 40], [40, 40], [40, 40]]",0,1,3,8
21,A,clean,"[0.40283512684235623, 0.3602877526432624, 0.396706572300346, 0.39061954644294494, 0.39793095896290187]","[[0.37070676721586693, 0.43496348646884553], [0.3988300980640535, 0.32174540722247136], [0.3941323095566157, 0.39928083504407624], [0.35114091968011596, 0.4300981732057739], [0.3769962885125822, 0.4188656294132215]]","[[40, 40], [40, 40], [40, 40], [40, 40], [40, 40]]",1,2,1,2
21,A,brightness_dark,"[0.4298971578872879, 0.41303882254334284, 0.41690071754580293, 0.44320128603827197, 0.4623466106552291]","[[0.3774297942126869, 0.4823645215618889], [0.38478136369064747, 0.4412962813960382], [0.3900638786468203, 0.4437375564447855], [0.40556970489055244, 0.4808328671859915], [0.39141303399899124, 0.5332801873114669]]","[[40, 40], [40, 40], [40, 40], [40, 40], [40, 40]]",1,2,1,2
21,A,contrast_low,"[0.5661397057126464, 0.5051058092648899, 0.5886174030927387, 0.7239591279073301, 0.5532640171130944]","[[0.37622632254313254, 0.7560530888821602], [0.4273084771085921, 0.5829031414211876], [0.4358791811360366, 0.7413556250494407], [0.39890460884665757, 1.0490136469680025], [0.38392787860261507, 0.7226001556235737]]","[[40, 40], [40, 40], [40, 40], [40, 40], [40, 40]]",1,2,1,2
21,A,gaussian_noise,"[0.2791538356314577, 0.2888750362062414, 0.30124235216987927, 0.2736866622093894, 0.27923118245106143]","[[0.31974139145142394, 0.23856627981149137], [0.33861151619493823, 0.23913855621754454], [0.34772515680990834, 0.2547595475298502], [0.3081762702919123, 0.23919705412686657], [0.3266241877022464, 0.23183817719987646]]","[[40, 40], [40, 40], [40, 40], [40, 40], [40, 40]]",3,8,1,2
21,A,gaussian_blur,"[0.4333304939617171, 0.3860595106118422, 0.47075147127966444, 0.420231778508592, 0.4566332455595471]","[[0.32127663525323175, 0.5453843526702025], [0.3739151964873949, 0.39820382473628946], [0.3843285179485711, 0.5571744246107577], [0.29254788079532135, 0.5479156762218627], [0.3570449674244657, 0.5562215236946285]]","[[40, 40], [40, 40], [40, 40], [40, 40], [40, 40]]",1,2,1,2
21,B,clean,"[0.40283512684235623, 0.3566562688834955, 0.39950718464644436, 0.38927826898588136, 0.40038460954654675]","[[0.37070676721586693, 0.43496348646884553], [0.3942214982103187, 0.3190910395566723], [0.38178727091241793, 0.4172270983804708], [0.350695995340901, 0.42786054263086176], [0.3796654347079387, 0.4211037843851548]]","[[40, 40], [40, 40], [40, 40], [40, 40], [40, 40]]",1,2,1,2
21,B,brightness_dark,"[0.4298971578872879, 0.4113115232781508, 0.413637075505757, 0.43111180735531635, 0.4615367202193278]","[[0.3774297942126869, 0.4823645215618889], [0.3845223592995891, 0.4381006872567125], [0.3777691607462689, 0.44950499026524515], [0.4058947942907147, 0.456328820419918], [0.391461485241473, 0.5316119551971825]]","[[40, 40], [40, 40], [40, 40], [40, 40], [40, 40]]",1,2,1,2
21,B,contrast_low,"[0.5661397057126464, 0.5079543472356471, 0.6108272637168486, 0.6799260234409727, 0.5545986932597733]","[[0.37622632254313254, 0.7560530888821602], [0.427843607014618, 0.5880650874566763], [0.4516860805498618, 0.7699684468838355], [0.3679032862297717, 0.9919487606521737], [0.3846396480295503, 0.7245577384899962]]","[[40, 40], [40, 40], [40, 40], [40, 40], [40, 40]]",1,2,1,2
21,B,gaussian_noise,"[0.2791538356314577, 0.2884615587388798, 0.3029264568142779, 0.27416800278232123, 0.2803745544853797]","[[0.31974139145142394, 0.23856627981149137], [0.3353133558552847, 0.2416097616224749], [0.34572578495183925, 0.2601271286767165], [0.30643432509334967, 0.24190168047129285], [0.328693626547597, 0.23205548242316235]]","[[40, 40], [40, 40], [40, 40], [40, 40], [40, 40]]",3,8,1,2
21,B,gaussian_blur,"[0.4333304939617171, 0.3738577938716946, 0.46892088928391334, 0.415961734760939, 0.4585870723715848]","[[0.32127663525323175, 0.5453843526702025], [0.3682302034419558, 0.37948538430143336], [0.37473482139183356, 0.5631069571759931], [0.2923599382544932, 0.5395635312673848], [0.3583344204174736, 0.558839724325696]]","[[40, 40], [40, 40], [40, 40], [40, 40], [40, 40]]",1,2,1,2
22,A,clean,"[0.5546753500026951, 0.5114640629360141, 0.5480272145004231, 0.5571642561822179, 0.5383834571037331]","[[0.420886586620776, 0.6884641133846141], [0.548998800076248, 0.4739293257957802], [0.41010397180186847, 0.6859504571989777], [0.42310319116270606, 0.6912253212017296], [0.417836978241039, 0.6589299359664273]]","[[40, 40], [40, 40], [40, 40], [40, 40], [40, 40]]",1,2,1,2
22,A,brightness_dark,"[0.3955399774019026, 0.40330535201090023, 0.37370988839535707, 0.3893351735473766, 0.39744314892388316]","[[0.3540980233415823, 0.4369819314622229], [0.3469235589609208, 0.45968714506087965], [0.3116159550087123, 0.43580382178200183], [0.3385174143747095, 0.44015293272004374], [0.34097895862427285, 0.45390733922349347]]","[[40, 40], [40, 40], [40, 40], [40, 40], [40, 40]]",2,4,1,2
22,A,contrast_low,"[1.8861498537821795, 0.6882142291912139, 1.3485600521633831, 1.2534360274341467, 1.4152132343251993]","[[0.41577618019489704, 3.356523527369462], [0.39209558693063445, 0.9843328714517933], [0.39658570143635796, 2.3005344028904084], [0.4717247235247096, 2.035147331343584], [0.40870523632995787, 2.421721232320441]]","[[40, 40], [40, 40], [40, 40], [40, 40], [40, 40]]",1,2,1,2
22,A,gaussian_noise,"[0.5540047901857368, 0.5127540361718063, 0.44870798904472015, 0.5539157890033798, 0.5237329879269822]","[[0.4365340977807156, 0.6714754825907581], [0.5270912154104287, 0.4984168569331838], [0.4133910629108935, 0.4840249151785468], [0.4417025766406164, 0.6661290013661432], [0.4321423566073778, 0.6153236192465865]]","[[40, 40], [40, 40], [40, 40], [40, 40], [40, 40]]",2,4,1,2
22,A,gaussian_blur,"[0.5824865114660907, 0.5390460030389775, 0.6208595257983343, 0.6082321227517468, 0.6007420476709068]","[[0.4719554698565707, 0.6930175530756106], [0.5354291627503205, 0.5426628433276346], [0.47008859800409386, 0.7716304535925748], [0.44332550217055255, 0.773138743332941], [0.48121554306293746, 0.7202685522788761]]","[[40, 40], [40, 40], [40, 40], [40, 40], [40, 40]]",1,2,1,2
22,B,clean,"[0.5546753500026951, 0.5108412094518154, 0.49771700794396184, 0.561709372798999, 0.5340295414824174]","[[0.420886586620776, 0.6884641133846141], [0.5473118237588163, 0.47437059514481456], [0.38618330096405684, 0.6092507149238668], [0.42860306240868795, 0.6948156831893101], [0.41738104531202647, 0.6506780376528083]]","[[40, 40], [40, 40], [40, 40], [40, 40], [40, 40]]",2,4,2,4
22,B,brightness_dark,"[0.3955399774019026, 0.40205448661359444, 0.37815623637440016, 0.39296038976875236, 0.3947466289026312]","[[0.3540980233415823, 0.4369819314622229], [0.34892367403676844, 0.4551852991904205], [0.30380280372480317, 0.45250966902399714], [0.3424010357850654, 0.44351974375243924], [0.3402067392777375, 0.4492865185275249]]","[[40, 40], [40, 40], [40, 40], [40, 40], [40, 40]]",2,4,2,4
22,B,contrast_low,"[1.8861498537821795, 0.7180791220238449, 1.2534094049435582, 1.3190984992075443, 1.38827205793612]","[[0.41577618019489704, 3.356523527369462], [0.3869239758314226, 1.0492342682162672], [0.40395931525062434, 2.1028594946364922], [0.45121150982345826, 2.1869854885916302], [0.40779484292518103, 2.368749272947059]]","[[40, 40], [40, 40], [40, 40], [40, 40], [40, 40]]",1,2,2,4
22,B,gaussian_noise,"[0.5540047901857368, 0.5162049906932957, 0.42175856829674896, 0.5535610875659325, 0.518182829416238]","[[0.4365340977807156, 0.6714754825907581], [0.5295195899857518, 0.5028903914008398], [0.3856343485833732, 0.4578827880101247], [0.4440798281960804, 0.6630423469357845], [0.42956170764510426, 0.606803951187372]]","[[40, 40], [40, 40], [40, 40], [40, 40], [40, 40]]",2,4,2,4
22,B,gaussian_blur,"[0.5824865114660907, 0.5329752181214202, 0.582588309426209, 0.6258535494582789, 0.5972308600318575]","[[0.4719554698565707, 0.6930175530756106], [0.5294441367426648, 0.5365062995001756], [0.46136310602439634, 0.7038135128280217], [0.4518898805883831, 0.7998172183281745], [0.4809635790996894, 0.7134981409640256]]","[[40, 40], [40, 40], [40, 40], [40, 40], [40, 40]]",1,2,2,4
23,A,clean,"[0.5046865426133762, 0.42028723344221586, 0.4774400273953595, 0.49235157130049084, 0.5068990602831847]","[[0.7043073129563965, 0.30506577227035586], [0.562618602875235, 0.2779558640091967], [0.6780311876899778, 0.2768488671007412], [0.6736810738887629, 0.3110220687122188], [0.7184003533734291, 0.29539776719294014]]","[[40, 40], [40, 40], [40, 40], [40, 40], [40, 40]]",1,2,1,2
23,A,brightness_dark,"[0.5451800479604622, 0.5130090511048423, 0.5205728330541297, 0.5566797075620704, 0.5549670215944222]","[[0.7577496891136971, 0.33261040680722714], [0.6823692559790798, 0.3436488462306047], [0.7344255761058367, 0.30672009000242273], [0.7682504924320238, 0.345108922692117], [0.7808321550179018, 0.32910188817094277]]","[[40, 40], [40, 40], [40, 40], [40, 40], [40, 40]]",1,2,1,2
23,A,contrast_low,"[0.5890551972127857, 0.5189624511527744, 0.5681005241952554, 0.5768396434442109, 0.5919796613204322]","[[0.8210307962508356, 0.35707959817473567], [0.6644969820529247, 0.37342792025262417], [0.810952311557339, 0.3252487368331717], [0.8005313665647116, 0.3531479203237101], [0.8326238843251982, 0.35133543831566627]]","[[40, 40], [40, 40], [40, 40], [40, 40], [40, 40]]",1,2,1,2
23,A,gaussian_noise,"[0.46439627138791006, 0.3727647831089077, 0.43658295457475227, 0.4622937631664483, 0.4589225132696282]","[[0.6095248576417154, 0.3192676851341048], [0.4647211337021096, 0.28080843251570586], [0.5776374135838628, 0.2955284955656418], [0.5881703089729171, 0.33641721735997954], [0.6188056716654412, 0.2990393548738151]]","[[40, 40], [40, 40], [40, 40], [40, 40], [40, 40]]",1,2,1,2
23,A,gaussian_blur,"[0.6558977387101791, 0.5624055194438601, 0.6395340512204601, 0.6220096694934842, 0.6663766175541551]","[[0.8289420780688598, 0.4828533993514984], [0.7511113402518687, 0.3736996986358515], [0.815328024102939, 0.46374007833798137], [0.8004971546122898, 0.44352218437467866], [0.8327986084022501, 0.49995462670606017]]","[[40, 40], [40, 40], [40, 40], [40, 40], [40, 40]]",1,2,1,2
23,B,clean,"[0.5046865426133762, 0.42574922507554275, 0.46635428846862587, 0.4931120629925953, 0.5065934859547481]","[[0.7043073129563965, 0.30506577227035586], [0.5718845154628276, 0.2796139346882579], [0.6583602480748303, 0.27434832886242144], [0.6760522830030007, 0.3101718429821899], [0.7181294735623135, 0.29505749834718265]]","[[40, 40], [40, 40], [40, 40], [40, 40], [40, 40]]",1,2,1,2
23,B,brightness_dark,"[0.5451800479604622, 0.5132591753688971, 0.5059289622435115, 0.5631701094885273, 0.555980136802074]","[[0.7577496891136971, 0.33261040680722714], [0.6829416701579806, 0.34357668057981355], [0.704364060071037, 0.3074938644159858], [0.7779919250289811, 0.3483482939480736], [0.7830122780836487, 0.3289479955204993]]","[[40, 40], [40, 40], [40, 40], [40, 40], [40, 40]]",2,4,1,2
23,B,contrast_low,"[0.5890551972127857, 0.5260158290176683, 0.5709197796477139, 0.5860254126492321, 0.5934333446558415]","[[0.8210307962508356, 0.35707959817473567], [0.6802317259150399, 0.37179993212029666], [0.8131703427255579, 0.3286692165698698], [0.8108468340638144, 0.36120399123464975], [0.8343524499175967, 0.3525142393940862]]","[[40, 40], [40, 40], [40, 40], [40, 40], [40, 40]]",1,2,1,2
23,B,gaussian_noise,"[0.46439627138791006, 0.376897288261722, 0.4271065806575821, 0.4601905648777298, 0.4600821010983667]","[[0.6095248576417154, 0.3192676851341048], [0.4745540637442806, 0.2792405127791633], [0.5597050833664879, 0.29450807794867623], [0.586636281099363, 0.3337448486560966], [0.6213235782589722, 0.29884062393776123]]","[[40, 40], [40, 40], [40, 40], [40, 40], [40, 40]]",1,2,1,2
23,B,gaussian_blur,"[0.6558977387101791, 0.5630319067203007, 0.625057723033366, 0.6262075904516448, 0.6655171628509233]","[[0.8289420780688598, 0.4828533993514984], [0.7579155543326695, 0.3681482591079318], [0.7975557244431519, 0.45255972162358005], [0.7996521672589991, 0.45276301364429034], [0.8338864039949792, 0.4971479217068676]]","[[40, 40], [40, 40], [40, 40], [40, 40], [40, 40]]",1,2,1,2
24,A,clean,"[0.20971506991850547, 0.20556126134132857, 0.21240964170374604, 0.20730838706171006, 0.20918114929537734]","[[0.2231948555102444, 0.19623528432676657], [0.22008045173019147, 0.19104207095246567], [0.23466896033814702, 0.1901503230693451], [0.22330874578682747, 0.19130802833659266], [0.22720438909085025, 0.19115790949990444]]","[[40, 40], [40, 40], [40, 40], [40, 40], [40, 40]]",1,2,1,2
24,A,brightness_dark,"[0.25635815643023513, 0.2521378574056499, 0.2814803409384056, 0.2543567408055186, 0.2691829709799612]","[[0.2883035440431354, 0.22441276881733482], [0.3071377834721455, 0.19713793133915433], [0.3573423702080576, 0.2056183116687537], [0.2768807090367999, 0.2318327725742373], [0.3212519031172629, 0.21711403884265948]]","[[40, 40], [40, 40], [40, 40], [40, 40], [40, 40]]",1,2,1,2
24,A,contrast_low,"[0.24550854401088046, 0.24177669601490112, 0.24541185245687488, 0.24066431965763524, 0.24461968767435055]","[[0.2314079627708286, 0.2596091252509323], [0.22492716002164537, 0.2586262320081569], [0.24603231125861721, 0.24479139365513256], [0.2281800098222302, 0.2531486294930403], [0.23224344350270307, 0.256995931845998]]","[[40, 40], [40, 40], [40, 40], [40, 40], [40, 40]]",3,8,1,2
24,A,gaussian_noise,"[0.22586789218975944, 0.21921345969835712, 0.2272115302997355, 0.22467759233452755, 0.23003071752545584]","[[0.2550946514584669, 0.196641132921052], [0.24286117036835098, 0.19556574902836327], [0.2588581655013133, 0.19556489509815775], [0.25134160564364494, 0.1980135790254102], [0.2633373193352294, 0.19672411571568227]]","[[40, 40], [40, 40], [40, 40], [40, 40], [40, 40]]",1,2,1,2
24,A,gaussian_blur,"[0.21353694453524064, 0.2106338432703273, 0.217041103694542, 0.21199920144670092, 0.2138520081095287]","[[0.2245096367118343, 0.20256425235864697], [0.21910486569599769, 0.20216282084465695], [0.24602099231789237, 0.18806121507119164], [0.22728969223800172, 0.19670871065540013], [0.23001935819597713, 0.19768465802308025]]","[[40, 40], [40, 40], [40, 40], [40, 40], [40, 40]]",1,2,1,2
24,B,clean,"[0.20971506991850547, 0.20602726801624083, 0.2124608923614173, 0.20710348038081777, 0.2087259196325016]","[[0.2231948555102444, 0.19623528432676657], [0.21998332367947399, 0.19207121235300767], [0.2425545610532775, 0.18236722366955707], [0.2223824518147588, 0.19182450894687672], [0.22777978367447735, 0.18967205559052586]]","[[40, 40], [40, 40], [40, 40], [40, 40], [40, 40]]",1,2,1,2
24,B,brightness_dark,"[0.25635815643023513, 0.2509201583663401, 0.2783641738214795, 0.25585884375923706, 0.26814446702849826]","[[0.2883035440431354, 0.22441276881733482], [0.30495352035450746, 0.1968867963781727], [0.3553775734734645, 0.20135077416949443], [0.2785029796725106, 0.23321470784596357], [0.320427473353696, 0.21586146070330053]]","[[40, 40], [40, 40], [40, 40], [40, 40], [40, 40]]",1,2,1,2
24,B,contrast_low,"[0.24550854401088046, 0.24027717766470777, 0.24417197407452454, 0.2420612222093695, 0.24469090616154365]","[[0.2314079627708286, 0.2596091252509323], [0.2229024901918139, 0.25765186513760163], [0.2534064731604865, 0.2349374749885626], [0.2248550558430992, 0.25926738857563975], [0.23304279262662578, 0.25633901969646156]]","[[40, 40], [40, 40], [40, 40], [40, 40], [40, 40]]",1,2,1,2
24,B,gaussian_noise,"[0.22586789218975944, 0.22040781558787098, 0.23405598025674684, 0.22543867489860767, 0.23111471499823943]","[[0.2550946514584669, 0.196641132921052], [0.24233169028852491, 0.19848394088721705], [0.27307623166909833, 0.19503572884439532], [0.25124873201654874, 0.1996286177806666], [0.2653946185692956, 0.19683481142718331]]","[[40, 40], [40, 40], [40, 40], [40, 40], [40, 40]]",1,2,1,2
24,B,gaussian_blur,"[0.21353694453524064, 0.21182012260411975, 0.2163425291040471, 0.2128784940657207, 0.21401377927635484]","[[0.2245096367118343, 0.20256425235864697], [0.21953207928468715, 0.20410816592355235], [0.24742478109131322, 0.18526027711678097], [0.2282522163932359, 0.19750477173820552], [0.2308570301375236, 0.19717052841518612]]","[[40, 40], [40, 40], [40, 40], [40, 40], [40, 40]]",1,2,1,2
25,A,clean,"[0.3189623399788586, 0.4050799752728735, 0.2953541536503511, 0.3275576439629813, 0.30699326753728745]","[[0.34321657972580516, 0.294708100231912], [0.46779182839527306, 0.3423681221504739], [0.3077892529468673, 0.2829190543538349], [0.3581545208346246, 0.296960767091338], [0.3206502986410473, 0.2933362364335276]]","[[40, 40], [40, 40], [40, 40], [40, 40], [40, 40]]",2,4,2,4
25,A,brightness_dark,"[0.3197946086097557, 0.3014410059884602, 0.3012529013185006, 0.32133255882359524, 0.32256643856285583]","[[0.28858261199643687, 0.35100660522307453], [0.2885239664298306, 0.3143580455470898], [0.2912766806434762, 0.31122912199352487], [0.2899137400674766, 0.35275137757971387], [0.2968270687396351, 0.3483058083860766]]","[[40, 40], [40, 40], [40, 40], [40, 40], [40, 40]]",2,4,2,4
25,A,contrast_low,"[0.32715287109836494, 0.3515889824942749, 0.31887016242368227, 0.3297103313010765, 0.3265618329057124]","[[0.3386984494545855, 0.3156072927421444], [0.32913416054678263, 0.37404380444176716], [0.32741282009274303, 0.31032750475462156], [0.31919233737532726, 0.3402283252268258], [0.3466396468360637, 0.3064840189753611]]","[[40, 40], [40, 40], [40, 40], [40, 40], [40, 40]]",2,4,2,4
25,A,gaussian_noise,"[0.3024004761150829, 0.32318795946782874, 0.2636220016427815, 0.30861742505377654, 0.28981541315788517]","[[0.28478040187323506, 0.3200205503569308], [0.3150991404217117, 0.3312767785139457], [0.24443906027293347, 0.2828049430126295], [0.30912866857395216, 0.308106181533601], [0.2665458521035473, 0.31308497421222303]]","[[40, 40], [40, 40], [40, 40], [40, 40], [40, 40]]",2,4,2,4
25,A,gaussian_blur,"[0.35950897471616616, 0.435202623917886, 0.34342206637974504, 0.35177347425354394, 0.3551990154781134]","[[0.38799498140126076, 0.3310229680310716], [0.5056499665206163, 0.36475528131515567], [0.3590812384644501, 0.32776289429504], [0.3737636838606652, 0.32978326464642266], [0.37903321498753545, 0.33136481596869133]]","[[40, 40], [40, 40], [40, 40], [40, 40], [40, 40]]",2,4,2,4
25,B,clean,"[0.3189623399788586, 0.40524251342420126, 0.2816921428582476, 0.32738787560736515, 0.30616016436278626]","[[0.34321657972580516, 0.294708100231912], [0.4663792574890647, 0.34410576935933773], [0.29445561746525506, 0.26892866825124023], [0.359990175098789, 0.29478557611594136], [0.31795084925095346, 0.29436947947461906]]","[[40, 40], [40, 40], [40, 40], [40, 40], [40, 40]]",2,4,2,4
25,B,brightness_dark,"[0.3197946086097557, 0.29997548087658066, 0.299433850936598, 0.3186916618140856, 0.32167592783050086]","[[0.28858261199643687, 0.35100660522307453], [0.2879067144178733, 0.312044247335288], [0.2841266058441074, 0.3147410960290886], [0.2886701165458011, 0.3487132070823701], [0.2958970132979591, 0.34745484236304264]]","[[40, 40], [40, 40], [40, 40], [40, 40], [40, 40]]",2,4,2,4
25,B,contrast_low,"[0.32715287109836494, 0.3517750670766423, 0.30785468676206884, 0.32703372889690313, 0.32521289232739087]","[[0.3386984494545855, 0.3156072927421444], [0.33142129041195306, 0.3721288437413316], [0.31439744253826307, 0.3013119309858746], [0.32442400311699593, 0.32964345467681033], [0.3451718903479919, 0.30525389430678984]]","[[40, 40], [40, 40], [40, 40], [40, 40], [40, 40]]",2,4,2,4
25,B,gaussian_noise,"[0.3024004761150829, 0.32406799124632746, 0.26272876708516013, 0.3068884732032889, 0.288605818463471]","[[0.28478040187323506, 0.3200205503569308], [0.31775287004572245, 0.3303831124469324], [0.24329260647444473, 0.28216492769587553], [0.3085091973363637, 0.30526774907021403], [0.2642423679714174, 0.3129692689555246]]","[[40, 40], [40, 40], [40, 40], [40, 40], [40, 40]]",2,4,2,4
25,B,gaussian_blur,"[0.35950897471616616, 0.43544286024195505, 0.33630976113424876, 0.35321958806466774, 0.35526081530480746]","[[0.38799498140126076, 0.3310229680310716], [0.5042470266749504, 0.36663869380895975], [0.34128083470353027, 0.33133868756496726], [0.37910828294420273, 0.32733089318513275], [0.37728272928062107, 0.3332389013289938]]","[[40, 40], [40, 40], [40, 40], [40, 40], [40, 40]]",2,4,2,4
26,A,clean,"[0.3372778423802376, 0.36044445524059165, 0.3229533926523848, 0.33161553581052305, 0.33456094928337543]","[[0.3920632605113878, 0.2824924242490874], [0.4084847349086336, 0.31240417557254974], [0.3562070257520544, 0.28969975955271526], [0.3862832302680836, 0.2769478413529625], [0.3833029650881466, 0.28581893347860426]]","[[40, 40], [40, 40], [40, 40], [40, 40], [40, 40]]",2,4,2,4
26,A,brightness_dark,"[0.3896675690807043, 0.3842952806971448, 0.3692018971944152, 0.4047839257683356, 0.3838435170167901]","[[0.45442903399396767, 0.3249061041674409], [0.4728214271719963, 0.2957691342222933], [0.4297661411196147, 0.3086376532692158], [0.4926728521879209, 0.3168949993487503], [0.44564064370321355, 0.32204639033036664]]","[[40, 40], [40, 40], [40, 40], [40, 40], [40, 40]]",2,4,2,4
26,A,contrast_low,"[0.4401409434872268, 0.6969213603349176, 0.40219848451414186, 0.5563949953024816, 0.4287091181465601]","[[0.5455541345572099, 0.33472775241724373], [0.9512799366615365, 0.4425627840082985], [0.4813796463322905, 0.32301732269599315], [0.7584072376377845, 0.3543827529671788], [0.5235171488670295, 0.33390108742609065]]","[[40, 40], [40, 40], [40, 40], [40, 40], [40, 40]]",2,4,2,4
26,A,gaussian_noise,"[0.3007348991402799, 0.32322366880055814, 0.3124478515481702, 0.30396157442959404, 0.29806430863137096]","[[0.3065062486608127, 0.2949635496197471], [0.35170537241150307, 0.2947419651896132], [0.32341989372187285, 0.3014758093744675], [0.3096593252789154, 0.2982638235802727], [0.30194748867325905, 0.29418112858948287]]","[[40, 40], [40, 40], [40, 40], [40, 40], [40, 40]]",4,16,2,4
26,A,gaussian_blur,"[0.3319333176151935, 0.37106996829925143, 0.3401078000651399, 0.3316702258891471, 0.3423213968511605]","[[0.3861410382969949, 0.2777255969333921], [0.4426705797879077, 0.29946935681059517], [0.39490797956917156, 0.28530762056110825], [0.3804486623262419, 0.2828917894520523], [0.40354470434954604, 0.28109808935277486]]","[[40, 40], [40, 40], [40, 40], [40, 40], [40, 40]]",3,8,2,4
26,B,clean,"[0.3372778423802376, 0.35705460222190266, 0.3246542199875405, 0.331253942850508, 0.3346429203722986]","[[0.3920632605113878, 0.2824924242490874], [0.40490121972780874, 0.30920798471599664], [0.3609835544712131, 0.288324885503868], [0.3854219913858322, 0.2770858943151839], [0.383398158446833, 0.2858876822977641]]","[[40, 40], [40, 40], [40, 40], [40, 40], [40, 40]]",2,4,2,4
26,B,brightness_dark,"[0.3896675690807043, 0.38536126462793074, 0.3792438277988025, 0.39965986689735067, 0.3829192342123706]","[[0.45442903399396767, 0.3249061041674409], [0.4738972471320671, 0.29682528212379433], [0.4519982204806087, 0.30648943511699633], [0.4745927086016616, 0.32472702519303975], [0.4449538884637976, 0.3208845799609437]]","[[40, 40], [40, 40], [40, 40], [40, 40], [40, 40]]",2,4,2,4
26,B,contrast_low,"[0.4401409434872268, 0.7288974999626261, 0.3868483823666806, 0.5384397979289618, 0.43468194062973264]","[[0.5455541345572099, 0.33472775241724373], [1.0095480629103273, 0.448246937014925], [0.45662714315202424, 0.31706962158133695], [0.7193754703268769, 0.35750412553104666], [0.5350711241083403, 0.3342927571511249]]","[[40, 40], [40, 40], [40, 40], [40, 40], [40, 40]]",2,4,2,4
26,B,gaussian_noise,"[0.3007348991402799, 0.325976428712611, 0.30595583072201654, 0.30315155909342745, 0.29788121918066357]","[[0.3065062486608127, 0.2949635496197471], [0.3612319031360594, 0.29072095428916256], [0.3144576601773674, 0.29745400126666566], [0.3100044425040097, 0.2962986756828452], [0.3016288648810093, 0.29413357348031777]]","[[40, 40], [40, 40], [40, 40], [40, 40], [40, 40]]",4,16,2,4
26,B,gaussian_blur,"[0.3319333176151935, 0.3729036581553627, 0.33654623999672395, 0.3303355023360277, 0.3415268679256357]","[[0.3861410382969949, 0.2777255969333921], [0.44912586799146104, 0.29668144831926435], [0.39216388143068903, 0.2809285985627589], [0.3799130617705743, 0.2807579429014811], [0.40249339091809144, 0.28056034493317994]]","[[40, 40], [40, 40], [40, 40], [40, 40], [40, 40]]",3,8,2,4
27,A,clean,"[0.24416710134221412, 0.29977261507131375, 0.21834798429829988, 0.2468749203440041, 0.23160109894828723]","[[0.3200977221876391, 0.16823648049678913], [0.4288317640186576, 0.17071346612396993], [0.274194690972435, 0.16250127762416475], [0.32455792048619536, 0.16919192020181287], [0.2986708851316241, 0.16453131276495034]]","[[40, 40], [40, 40], [40, 40], [40, 40], [40, 40]]",2,4,2,4
27,A,brightness_dark,"[0.22745229991154625, 0.21950558614501392, 0.22497270144091686, 0.2244814641521452, 0.22623905019864077]","[[0.28261327295920463, 0.1722913268638879], [0.26413835881304115, 0.17487281347698666], [0.27380564731751206, 0.17613975556432168], [0.27571363895743145, 0.173249289346859], [0.2813997104308534, 0.17107838996642816]]","[[40, 40], [40, 40], [40, 40], [40, 40], [40, 40]]",1,2,2,4
27,A,contrast_low,"[0.3533338553420118, 0.41514065907886094, 0.33879345924377396, 0.347104334860982, 0.34447586503066185]","[[0.48924852213791004, 0.21741918854611347], [0.6076223831075824, 0.22265893505013948], [0.4505886484533696, 0.22699827003417833], [0.48772838784757405, 0.20648028187438996], [0.4712492292961203, 0.21770250076520337]]","[[40, 40], [40, 40], [40, 40], [40, 40], [40, 40]]",2,4,2,4
27,A,gaussian_noise,"[0.26037969025610164, 0.28617527832986644, 0.23140105953731602, 0.25993062053511123, 0.25008147329182834]","[[0.3359145968644358, 0.1848447836477675], [0.39454727674397483, 0.177803279915758], [0.2941710703543052, 0.16863104872032686], [0.3378428879388739, 0.18201835313134856], [0.3201720391215123, 0.17999090746214436]]","[[40, 40], [40, 40], [40, 40], [40, 40], [40, 40]]",2,4,2,4
27,A,gaussian_blur,"[0.25880267020757297, 0.2960196079824875, 0.24160713645143633, 0.25469513009929445, 0.2535723308641094]","[[0.33584690780997306, 0.18175843260517283], [0.4265184398475947, 0.1655207761173803], [0.31276787871517014, 0.1704463941877025], [0.3329576795761092, 0.1764325806224797], [0.3309699913934101, 0.17617467033480871]]","[[40, 40], [40, 40], [40, 40], [40, 40], [40, 40]]",2,4,2,4
27,B,clean,"[0.24416710134221412, 0.2981546738291088, 0.21331785253301253, 0.24657781726756062, 0.23094508806830524]","[[0.3200977221876391, 0.16823648049678913], [0.42652401612239865, 0.16978533153581898], [0.2632984878631531, 0.16333721720287198], [0.3246613814472883, 0.16849425308783297], [0.29725435506385134, 0.16463582107275915]]","[[40, 40], [40, 40], [40, 40], [40, 40], [40, 40]]",2,4,2,4
27,B,brightness_dark,"[0.22745229991154625, 0.21861755401518032, 0.23148032329892534, 0.2239109303259801, 0.2266426094190796]","[[0.28261327295920463, 0.1722913268638879], [0.26316989676610913, 0.1740652112642515], [0.28702776523843987, 0.17593288135941082], [0.27543682825682403, 0.1723850323951362], [0.2818164875759926, 0.1714687312621666]]","[[40, 40], [40, 40], [40, 40], [40, 40], [40, 40]]",1,2,2,4
27,B,contrast_low,"[0.3533338553420118, 0.4136853371701702, 0.3236054584360323, 0.34958216997165137, 0.3437731718310772]","[[0.48924852213791004, 0.21741918854611347], [0.6038623850674931, 0.22350828927284727], [0.41185604093497724, 0.23535487593708737], [0.490078370974079, 0.20908596896922377], [0.46924967607742474, 0.21829666758472968]]","[[40, 40], [40, 40], [40, 40], [40, 40], [40, 40]]",2,4,2,4
27,B,gaussian_noise,"[0.26037969025610164, 0.28621962575694315, 0.22959963684472107, 0.2594422023901929, 0.2493909592721945]","[[0.3359145968644358, 0.1848447836477675], [0.39499811623090275, 0.1774411352829835], [0.2881704989058874, 0.17102877478355474], [0.3364816159308623, 0.1824027888495235], [0.3194001712613767, 0.17938174728301232]]","[[40, 40], [40, 40], [40, 40], [40, 40], [40, 40]]",2,4,2,4
27,B,gaussian_blur,"[0.25880267020757297, 0.2974365733545305, 0.23932226700952355, 0.2532471581034911, 0.252430344151254]","[[0.33584690780997306, 0.18175843260517283], [0.4296303840051697, 0.16524276270389132], [0.3054691993958132, 0.17317533462323392], [0.33040033693332466, 0.17609397927365747], [0.32867965365899254, 0.17618103464351548]]","[[40, 40], [40, 40], [40, 40], [40, 40], [40, 40]]",2,4,2,4
28,A,clean,"[0.5066321367015478, 0.5553176077946045, 0.4618080703536832, 0.5063945216237571, 0.4831740950891903]","[[0.6324806442101554, 0.38078362919294023], [0.7235989868452862, 0.38703622874392263], [0.593184594426539, 0.3304315462808273], [0.6359374466191952, 0.37685159662831913], [0.5996327853979752, 0.36671540478040543]]","[[40, 40], [40, 40], [40, 40], [40, 40], [40, 40]]",2,4,2,4
28,A,brightness_dark,"[0.42739585293163374, 0.4036838718005241, 0.39990112199111705, 0.42714363247358156, 0.4316967499794457]","[[0.4607790267825365, 0.39401267908073095], [0.4672973283453265, 0.3400704152557218], [0.4487824966513173, 0.35101974733091684], [0.4618311224943861, 0.39245614245277693], [0.47783153693338887, 0.3855619630255025]]","[[40, 40], [40, 40], [40, 40], [40, 40], [40, 40]]",2,4,2,4
28,A,contrast_low,"[0.6089055920364568, 0.7775786190581989, 0.6107073978176177, 0.741277781901353, 0.5436742164248265]","[[0.8467385363254151, 0.3710726477474985], [1.135374693681921, 0.4197825444344769], [0.8659645254727579, 0.3554502701624776], [1.128773443293112, 0.3537821205095938], [0.6674630938116091, 0.4198853390380438]]","[[40, 40], [40, 40], [40, 40], [40, 40], [40, 40]]",4,16,2,4
28,A,gaussian_noise,"[0.4658414771882672, 0.43645966244900014, 0.4091616850656022, 0.4832372195473009, 0.43949944678139913]","[[0.5477881452376269, 0.3838948091389075], [0.5179120321061822, 0.35500729279181803], [0.46429032509819573, 0.35403304503300864], [0.5532335247771899, 0.4132409143174119], [0.5076034318578833, 0.371395461704915]]","[[40, 40], [40, 40], [40, 40], [40, 40], [40, 40]]",2,4,2,4
28,A,gaussian_blur,"[0.5889269854748098, 0.5745278353476306, 0.5906986817000547, 0.5343774660393965, 0.5928693490620058]","[[0.7548936000013644, 0.42296037094825534], [0.764041373639416, 0.3850142970558453], [0.7682661124111199, 0.4131312509889895], [0.6852759273348695, 0.3834790047439235], [0.7644066715860118, 0.42133202653799984]]","[[40, 40], [40, 40], [40, 40], [40, 40], [40, 40]]",3,8,2,4
28,B,clean,"[0.5066321367015478, 0.5523694755627778, 0.4570516263465307, 0.5174323728907466, 0.4814101935388178]","[[0.6324806442101554, 0.38078362919294023], [0.7188530913258301, 0.3858858597997255], [0.584569165635173, 0.32953408705788834], [0.6537342243749451, 0.3811305214065482], [0.5964382565840017, 0.3663821304936339]]","[[40, 40], [40, 40], [40, 40], [40, 40], [40, 40]]",2,4,2,4
28,B,brightness_dark,"[0.42739585293163374, 0.4041459629158523, 0.40680050680033963, 0.4292512926973462, 0.4326079551902827]","[[0.4607790267825365, 0.39401267908073095], [0.46831500722952873, 0.3399769186021759], [0.4531239279170161, 0.36047708568366316], [0.4666712850869706, 0.39183130030772184], [0.47986534685826676, 0.38535056352229863]]","[[40, 40], [40, 40], [40, 40], [40, 40], [40, 40]]",1,2,2,4
28,B,contrast_low,"[0.6089055920364568, 0.833629040654912, 0.5721453597144897, 0.7021081432652563, 0.5510035754566907]","[[0.8467385363254151, 0.3710726477474985], [1.2360615509009234, 0.43119653040890044], [0.7833642800903704, 0.36092643933860896], [1.0564364345385246, 0.34777985199198796], [0.6848339843961255, 0.41717316651725567]]","[[40, 40], [40, 40], [40, 40], [40, 40], [40, 40]]",4,16,2,4
28,B,gaussian_noise,"[0.4658414771882672, 0.4375799316325988, 0.40326008326475893, 0.48566165298582475, 0.4363855917648923]","[[0.5477881452376269, 0.3838948091389075], [0.5202803839793262, 0.3548794792858714], [0.4468046963724591, 0.3597154701570588], [0.5598893975767778, 0.41143390839487176], [0.5020426779672549, 0.3707285055625297]]","[[40, 40], [40, 40], [40, 40], [40, 40], [40, 40]]",2,4,2,4
28,B,gaussian_blur,"[0.5889269854748098, 0.5687886339491948, 0.5729869622779635, 0.5427858816689699, 0.5911060911903324]","[[0.7548936000013644, 0.42296037094825534], [0.7520544707726962, 0.3855227971256935], [0.7401202705331709, 0.4058536540227563], [0.7014763618254902, 0.38409540151244964], [0.7617754594967263, 0.4204367228839385]]","[[40, 40], [40, 40], [40, 40], [40, 40], [40, 40]]",3,8,2,4
29,A,clean,"[0.14618794674649505, 0.15259014685246802, 0.15336859202537861, 0.1443131924668612, 0.1484013694245206]","[[0.11224136602980254, 0.18013452746318753], [0.1104172804729265, 0.19476301323200954], [0.11461915521894048, 0.19211802883181672], [0.1099136321287781, 0.1787127528049443], [0.1121013486921516, 0.18470139015688958]]","[[40, 40], [40, 40], [40, 40], [40, 40], [40, 40]]",3,8,3,8
29,A,brightness_dark,"[0.136911010417048, 0.162267079875199, 0.14476817515712082, 0.13586886165628634, 0.1375901374788794]","[[0.1054607464205164, 0.1683612744135796], [0.10764603835129712, 0.21688812139910088], [0.1045066244564298, 0.1850297258578118], [0.10531822432137199, 0.16641949899120068], [0.10335333840298874, 0.17182693655477008]]","[[40, 40], [40, 40], [40, 40], [40, 40], [40, 40]]",3,8,3,8
29,A,contrast_low,"[0.19949174377685258, 0.24134615239527324, 0.19988150315621012, 0.19706556080306437, 0.1940430370727419]","[[0.1715856005520901, 0.22739788700161506], [0.13438254507315625, 0.3483097597173902], [0.16669373059703116, 0.2330692757153891], [0.15828171992509438, 0.23584940168103435], [0.1693334377100934, 0.21875263643539036]]","[[40, 40], [40, 40], [40, 40], [40, 40], [40, 40]]",4,16,3,8
29,A,gaussian_noise,"[0.1473798422877305, 0.15724983017548275, 0.16863008595528706, 0.14722681560126882, 0.15410156784153453]","[[0.11639554161464807, 0.17836414296081288], [0.12107759520954264, 0.19342206514142285], [0.12566356152088715, 0.211596610389687], [0.11778145790263106, 0.1766721732999066], [0.11738569755209083, 0.19081743813097823]]","[[40, 40], [40, 40], [40, 40], [40, 40], [40, 40]]",3,8,3,8
29,A,gaussian_blur,"[0.15395969158622178, 0.16658881383423244, 0.15902275906963168, 0.14913156905866054, 0.1578774601199423]","[[0.12960803679580218, 0.17831134637664137], [0.12699586275936392, 0.20618176490910095], [0.1277118164447036, 0.19033370169455974], [0.12923981049479932, 0.16902332762252179], [0.12784572108197229, 0.18790919915791232]]","[[40, 40], [40, 40], [40, 40], [40, 40], [40, 40]]",3,8,3,8
29,B,clean,"[0.14618794674649505, 0.14988602255925437, 0.15458387685224145, 0.14481600059821956, 0.1487167875575412]","[[0.11224136602980254, 0.18013452746318753], [0.11059036029431599, 0.18918168482419276], [0.11586040476711275, 0.19330734893737017], [0.11044136742565662, 0.17919063377078248], [0.11261713924504643, 0.184816435870036]]","[[40, 40], [40, 40], [40, 40], [40, 40], [40, 40]]",3,8,3,8
29,B,brightness_dark,"[0.136911010417048, 0.16243060088643962, 0.1487360724773617, 0.1360376543008497, 0.1384922446804118]","[[0.1054607464205164, 0.1683612744135796], [0.10730515673257277, 0.2175560450403065], [0.10521170568066282, 0.19226043927406058], [0.10520006118708838, 0.16687524741461096], [0.1034596123251574, 0.1735248770356662]]","[[40, 40], [40, 40], [40, 40], [40, 40], [40, 40]]",3,8,3,8
29,B,contrast_low,"[0.19949174377685258, 0.23811802940567411, 0.20707464961977792, 0.19466712942713937, 0.19480413815834424]","[[0.1715856005520901, 0.22739788700161506], [0.13625447875749172, 0.3399815800538565], [0.17242056518861215, 0.2417287340509437], [0.1576017747368982, 0.23173248411738054], [0.17259312984495745, 0.21701514647173106]]","[[40, 40], [40, 40], [40, 40], [40, 40], [40, 40]]",3,8,3,8
29,B,gaussian_noise,"[0.1473798422877305, 0.15705053607563516, 0.17010315311256036, 0.14764565223504456, 0.15532280142346366]","[[0.11639554161464807, 0.17836414296081288], [0.12190220285042024, 0.19219886930085006], [0.12651935513847298, 0.21368695108664776], [0.1181948939929272, 0.1770964104771619], [0.1177344930658483, 0.19291110978107906]]","[[40, 40], [40, 40], [40, 40], [40, 40], [40, 40]]",0,1,3,8
29,B,gaussian_blur,"[0.15395969158622178, 0.16296886089334414, 0.1633976611604605, 0.14948782095181382, 0.15866998571917956]","[[0.12960803679580218, 0.17831134637664137], [0.1253772310727109, 0.20056049071397739], [0.13142543599202358, 0.19536988632889746], [0.12929840833749795, 0.16967723356612968], [0.12814182028231524, 0.18919815115604388]]","[[40, 40], [40, 40], [40, 40], [40, 40], [40, 40]]",3,8,3,8
30,A,clean,"[0.3964237363139294, 0.3278206458180263, 0.35477301919957593, 0.40229900120547346, 0.38015549547061045]","[[0.41260506561450117, 0.38024240701335765], [0.2889971759535741, 0.3666441156824784], [0.3642242086236768, 0.345321829775475], [0.4291743675012647, 0.3754236349096822], [0.39043850922694695, 0.36987248171427395]]","[[40, 40], [40, 40], [40, 40], [40, 40], [40, 40]]",1,2,1,2
30,A,brightness_dark,"[0.31252513523937253, 0.2991170490558044, 0.3228133143739543, 0.2989372094077758, 0.3152279933825788]","[[0.2971893220529982, 0.3278609484257468], [0.28235390341809596, 0.31588019469351275], [0.3208259328400406, 0.324800695907868], [0.28362513300230685, 0.31424928581324474], [0.309534606358162, 0.32092138040699564]]","[[40, 40], [40, 40], [40, 40], [40, 40], [40, 40]]",3,8,1,2
30,A,contrast_low,"[0.4751896079962152, 0.414927854133769, 0.45082442921604937, 0.47134275035657425, 0.45299112799326874]","[[0.5314868979185237, 0.4188923180739067], [0.44672954520470237, 0.38312616306283565], [0.48724535674018965, 0.4144035016919091], [0.48475996118560516, 0.4579255395275433], [0.4913086411697118, 0.4146736148168257]]","[[40, 40], [40, 40], [40, 40], [40, 40], [40, 40]]",1,2,1,2
30,A,gaussian_noise,"[0.2925622972564473, 0.24988244731424739, 0.26217596935411747, 0.2989103434718598, 0.2816664693288913]","[[0.27041899583772555, 0.314705598675169], [0.2286781455181251, 0.2710867491103697], [0.2560240011261977, 0.2683279375820372], [0.2711824406711891, 0.3266382462725305], [0.2656745447133031, 0.29765839394447946]]","[[40, 40], [40, 40], [40, 40], [40, 40], [40, 40]]",1,2,1,2
30,A,gaussian_blur,"[0.5112296948802908, 0.41877057871660317, 0.47201527251689634, 0.5390835000563213, 0.48769833784814426]","[[0.5476356410346047, 0.474823748725977], [0.3781452693169207, 0.4593958881162856], [0.4589591581026996, 0.4850713869310931], [0.5670298346556558, 0.5111371654569868], [0.5040734220133778, 0.4713232536829107]]","[[40, 40], [40, 40], [40, 40], [40, 40], [40, 40]]",1,2,1,2
30,B,clean,"[0.3964237363139294, 0.32434607591015047, 0.3393943472886118, 0.4040739916561761, 0.3791085906372424]","[[0.41260506561450117, 0.38024240701335765], [0.28992412696132047, 0.35876802485898046], [0.35530551278232003, 0.32348318179490354], [0.4266086413522703, 0.3815393419600819], [0.38984172365740716, 0.36837545761707763]]","[[40, 40], [40, 40], [40, 40], [40, 40], [40, 40]]",1,2,1,2
30,B,brightness_dark,"[0.31252513523937253, 0.29930926664877705, 0.325197831172892, 0.3008604462618708, 0.3160746300940994]","[[0.2971893220529982, 0.3278609484257468], [0.28351582713998685, 0.31510270615756725], [0.32505416185183933, 0.3253415004939447], [0.28817041273293514, 0.31355047979080647], [0.3096965551323464, 0.3224527050558524]]","[[40, 40], [40, 40], [40, 40], [40, 40], [40, 40]]",1,2,1,2
30,B,contrast_low,"[0.4751896079962152, 0.4173449377719, 0.42429520160640544, 0.47750579351290146, 0.4517374782668488]","[[0.5314868979185237, 0.4188923180739067], [0.4571260912393814, 0.3775637843044186], [0.42285126027596825, 0.42573914293684256], [0.5095320730913835, 0.44547951393441937], [0.4858618317843734, 0.41761312474932416]]","[[40, 40], [40, 40], [40, 40], [40, 40], [40, 40]]",1,2,1,2
30,B,gaussian_noise,"[0.2925622972564473, 0.2496239817822128, 0.25374337939982583, 0.2996581249957201, 0.28055995319753957]","[[0.27041899583772555, 0.314705598675169], [0.22947729599162753, 0.26977066757279805], [0.256266169998129, 0.25122058880152265], [0.2708544055846137, 0.32846184440682646], [0.2646887856904422, 0.29643112070463695]]","[[40, 40], [40, 40], [40, 40], [40, 40], [40, 40]]",1,2,1,2
30,B,gaussian_blur,"[0.5112296948802908, 0.4166456081735106, 0.45401612502531996, 0.5414304791516111, 0.4875785020713559]","[[0.5476356410346047, 0.474823748725977], [0.38444409542248587, 0.4488471209245354], [0.46077231104443567, 0.4472599390062042], [0.5733345308206659, 0.5095264274825564], [0.5061723567504485, 0.4689846473922633]]","[[40, 40], [40, 40], [40, 40], [40, 40], [40, 40]]",1,2,1,2
31,A,clean,"[0.13795745398512768, 0.15083652648953277, 0.12916790771207778, 0.13734399068611247, 0.13318911296501512]","[[0.14579270125577493, 0.13012220671448044], [0.15577695208120043, 0.14589610089786512], [0.126972306493858, 0.13136350893029758], [0.14398470521429946, 0.1307032761579255], [0.1370419684782512, 0.12933625745177907]]","[[40, 40], [40, 40], [40, 40], [40, 40], [40, 40]]",2,4,2,4
31,A,brightness_dark,"[0.12699631233668882, 0.12757536622789128, 0.1314744384667207, 0.11318182216073416, 0.1260607767693141]","[[0.1322761762165198, 0.12171644845685783], [0.13248168621662532, 0.12266904623915728], [0.12955074526683372, 0.1333981316666077], [0.1073814554485285, 0.11898218887293983], [0.13009593819976875, 0.12202561533885943]]","[[40, 40], [40, 40], [40, 40], [40, 40], [40, 40]]",3,8,2,4
31,A,contrast_low,"[0.2068023096449217, 0.20856209126570785, 0.17704374735603046, 0.20465043417731238, 0.2004526495053088]","[[0.24875853217733349, 0.16484608711250986], [0.20801028090485776, 0.2091139016265579], [0.205654389393041, 0.14843310531901993], [0.24778764648310503, 0.16151322187151976], [0.2389393559962263, 0.16196594301439132]]","[[40, 40], [40, 40], [40, 40], [40, 40], [40, 40]]",2,4,2,4
31,A,gaussian_noise,"[0.14179710904425047, 0.15685577130389528, 0.14093155868063964, 0.1378880778637911, 0.14359377652205788]","[[0.15939022045509718, 0.12420399763340373], [0.17840458605453727, 0.13530695655325325], [0.1523533394856335, 0.12950977787564577], [0.15814179599291517, 0.11763435973466704], [0.15665133662496147, 0.13053621641915428]]","[[40, 40], [40, 40], [40, 40], [40, 40], [40, 40]]",3,8,2,4
31,A,gaussian_blur,"[0.16524467803905213, 0.16697874107489086, 0.15108244251955918, 0.16383732459730155, 0.1587911609352606]","[[0.1934984180798976, 0.13699093799820666], [0.18451588267500477, 0.14944159947477695], [0.16878078173093458, 0.1333841033081838], [0.1861101833329837, 0.14156446586161936], [0.1844450701411892, 0.13313725172933202]]","[[40, 40], [40, 40], [40, 40], [40, 40], [40, 40]]",2,4,2,4
31,B,clean,"[0.13795745398512768, 0.1494374824392702, 0.13133451666353255, 0.13784887576955424, 0.13394526744380392]","[[0.14579270125577493, 0.13012220671448044], [0.15603238859641513, 0.1428425762821252], [0.12489640241423354, 0.13777263091283157], [0.14634950766542532, 0.12934824387368313], [0.137313073299205, 0.13057746158840283]]","[[40, 40], [40, 40], [40, 40], [40, 40], [40, 40]]",2,4,2,4
31,B,brightness_dark,"[0.12699631233668882, 0.1283476872659426, 0.13488714667653104, 0.11402854455800036, 0.1264327614151556]","[[0.1322761762165198, 0.12171644845685783], [0.13397562258024392, 0.12271975195164127], [0.13265698294901174, 0.13711731040405034], [0.10953964957876813, 0.1185174395372326], [0.1300745919267929, 0.12279093090351831]]","[[40, 40], [40, 40], [40, 40], [40, 40], [40, 40]]",3,8,2,4
31,B,contrast_low,"[0.2068023096449217, 0.20954576344203102, 0.1813221451877848, 0.20414525938741057, 0.20056984179159326]","[[0.24875853217733349, 0.16484608711250986], [0.20820127895507343, 0.21089024792898864], [0.20561928234036514, 0.15702500803520447], [0.2417617986163124, 0.16652872015850878], [0.23764538806270644, 0.16349429552048006]]","[[40, 40], [40, 40], [40, 40], [40, 40], [40, 40]]",2,4,2,4
31,B,gaussian_noise,"[0.14179710904425047, 0.1570876442172905, 0.15126048427110006, 0.137730036770236, 0.1442204941260617]","[[0.15939022045509718, 0.12420399763340373], [0.1795481419260856, 0.1346271465084954], [0.16117759815358257, 0.14134337038861755], [0.15845519675655337, 0.1170048767839186], [0.15661014301483742, 0.131830845237286]]","[[40, 40], [40, 40], [40, 40], [40, 40], [40, 40]]",3,8,2,4
31,B,gaussian_blur,"[0.16524467803905213, 0.16526192478709073, 0.15332708657487615, 0.16500232015274946, 0.1588944372814169]","[[0.1934984180798976, 0.13699093799820666], [0.18203677431861146, 0.14848707525556998], [0.1686903887432633, 0.13796378440648902], [0.1901270687414675, 0.13987757156403144], [0.1844424554410028, 0.133346419121831]]","[[40, 40], [40, 40], [40, 40], [40, 40], [40, 40]]",2,4,2,4
32,A,clean,"[0.3394577418111403, 0.29113627496840344, 0.3304933033040074, 0.3206572570068318, 0.34837231735257423]","[[0.3993288039270351, 0.27958667969524553], [0.34752848583849083, 0.2347440640983161], [0.38092434067528236, 0.2800622659327325], [0.35489484393026843, 0.2864196700833951], [0.41609336539559455, 0.280651269309554]]","[[40, 40], [40, 40], [40, 40], [40, 40], [40, 40]]",1,2,1,2
32,A,brightness_dark,"[0.3591757608443962, 0.36965134804296673, 0.35256555427865155, 0.3442057547425268, 0.3611448904020564]","[[0.44665829767141385, 0.27169322401737855], [0.46259202701018287, 0.27671066907575065], [0.41125189411736385, 0.29387921443993925], [0.40650785946540735, 0.28190365001964623], [0.44317335905762983, 0.27911642174648293]]","[[40, 40], [40, 40], [40, 40], [40, 40], [40, 40]]",3,8,1,2
32,A,contrast_low,"[0.46629950189169855, 0.3461189169993145, 0.43240172514730224, 0.4618005077846842, 0.4704570459850299]","[[0.5066111679527548, 0.4259878358306423], [0.4108626235282215, 0.2813752104704075], [0.45889879537474315, 0.40590465491986133], [0.4750973468986496, 0.4485036686707187], [0.5191563657057034, 0.4217577262643564]]","[[40, 40], [40, 40], [40, 40], [40, 40], [40, 40]]",1,2,1,2
32,A,gaussian_noise,"[0.2674430635343852, 0.24616127771236102, 0.25492930331073965, 0.2610241762497462, 0.2688790754175375]","[[0.30639685818285967, 0.22848926888591067], [0.2884486944810741, 0.20387386094364796], [0.2821709165215474, 0.22768769009993192], [0.28780906554873453, 0.2342392869507579], [0.3068510007764519, 0.23090715005862314]]","[[40, 40], [40, 40], [40, 40], [40, 40], [40, 40]]",1,2,1,2
32,A,gaussian_blur,"[0.36397199841841027, 0.2832117324852334, 0.33204910201054794, 0.3371415220361753, 0.36289819369145637]","[[0.3780276413820568, 0.34991635545476374], [0.30775657797270817, 0.25866688699775864], [0.33645742435257525, 0.3276407796685207], [0.3220106665064282, 0.3522723775659224], [0.3941188442570486, 0.3316775431258641]]","[[40, 40], [40, 40], [40, 40], [40, 40], [40, 40]]",1,2,1,2
32,B,clean,"[0.3394577418111403, 0.28971282231825796, 0.3348192319502587, 0.3210655648406711, 0.3477665954953545]","[[0.3993288039270351, 0.27958667969524553], [0.34336791641944997, 0.23605772821706594], [0.3954787966709282, 0.2741596672295892], [0.3559253749734609, 0.28620575470788134], [0.4156118679666235, 0.27992132302408546]]","[[40, 40], [40, 40], [40, 40], [40, 40], [40, 40]]",1,2,1,2
32,B,brightness_dark,"[0.3591757608443962, 0.3665481860358849, 0.35590926741452533, 0.34503772355600815, 0.3613212288954615]","[[0.44665829767141385, 0.27169322401737855], [0.4596395129568611, 0.27345685911490875], [0.41394528386619933, 0.2978732509628514], [0.4084415602246215, 0.28163388688739477], [0.44261902047503926, 0.2800234373158837]]","[[40, 40], [40, 40], [40, 40], [40, 40], [40, 40]]",3,8,1,2
32,B,contrast_low,"[0.46629950189169855, 0.3466304319268195, 0.43847425560891695, 0.45158975403720214, 0.47248026202401217]","[[0.5066111679527548, 0.4259878358306423], [0.40693223031378567, 0.28632863353985333], [0.4608724329338224, 0.41607607828401144], [0.4606132380988515, 0.4425662699755527], [0.5188670610636263, 0.42609346298439793]]","[[40, 40], [40, 40], [40, 40], [40, 40], [40, 40]]",1,2,1,2
32,B,gaussian_noise,"[0.2674430635343852, 0.24760093243711162, 0.261573072751469, 0.2601689455726785, 0.2693517839870298]","[[0.30639685818285967, 0.22848926888591067], [0.29347723493904065, 0.20172462993518261], [0.29079583833172806, 0.2323503071712099], [0.2874794630741079, 0.23285842807124912], [0.3085584901310163, 0.2301450778430433]]","[[40, 40], [40, 40], [40, 40], [40, 40], [40, 40]]",1,2,1,2
32,B,gaussian_blur,"[0.36397199841841027, 0.2863503026155662, 0.33485544011272333, 0.3421543295316768, 0.3629615410163364]","[[0.3780276413820568, 0.34991635545476374], [0.31201832029299625, 0.26068228493813617], [0.351442145266954, 0.31826873495849267], [0.33042053872905086, 0.3538881203343028], [0.3961243649604441, 0.32979871707222863]]","[[40, 40], [40, 40], [40, 40], [40, 40], [40, 40]]",1,2,1,2
33,A,clean,"[0.453471552866025, 0.4883167156895013, 0.41872925776957115, 0.457188878421942, 0.4415444439317404]","[[0.5096322606148282, 0.3973108451172217], [0.5610747590127876, 0.415558672366215], [0.48235827089466365, 0.3551002446444787], [0.5320893762735777, 0.38228838057030634], [0.49417993172133645, 0.3889089561421444]]","[[40, 40], [40, 40], [40, 40], [40, 40], [40, 40]]",2,4,2,4
33,A,brightness_dark,"[0.4594144512553931, 0.43949105618521583, 0.42736793389538497, 0.49036400520760276, 0.4453035654670141]","[[0.5015509344719675, 0.41727796803881867], [0.4954661505809823, 0.38351596178944936], [0.45868459805599926, 0.3960512697347706], [0.5741499262352492, 0.40657808417995633], [0.4752314851627236, 0.4153756457713046]]","[[40, 40], [40, 40], [40, 40], [40, 40], [40, 40]]",2,4,2,4
33,A,contrast_low,"[0.4624683374839783, 0.5444858317088408, 0.45820352688021115, 0.4562113725832477, 0.4609973167324444]","[[0.5057271208234276, 0.41920955414452904], [0.7255637696829493, 0.36340789373473215], [0.516350379489537, 0.40005667427088526], [0.5180924003814635, 0.3943303447850318], [0.5044077348124409, 0.41758689865244775]]","[[40, 40], [40, 40], [40, 40], [40, 40], [40, 40]]",3,8,2,4
33,A,gaussian_noise,"[0.37218559076157104, 0.3601756215816992, 0.3328927096329036, 0.3786222434045601, 0.35658992954959623]","[[0.40178931096778064, 0.34258187055536143], [0.3863682070389187, 0.33398303612447966], [0.3717198192569825, 0.2940656000088248], [0.4070249993891989, 0.3502194874199212], [0.39116427269447807, 0.32201558640471434]]","[[40, 40], [40, 40], [40, 40], [40, 40], [40, 40]]",2,4,2,4
33,A,gaussian_blur,"[0.4961480542226875, 0.5329023288069183, 0.4775210645041159, 0.49673081746914494, 0.49230214512594284]","[[0.5926774373000784, 0.3996186711452966], [0.6652160941524204, 0.40058856346141625], [0.6078359134618526, 0.34720621554637915], [0.6035613130909814, 0.3899003218473085], [0.5900463358269203, 0.3945579544249653]]","[[40, 40], [40, 40], [40, 40], [40, 40], [40, 40]]",2,4,2,4
33,B,clean,"[0.453471552866025, 0.48155748786682556, 0.4197543051414244, 0.4592147731424464, 0.43990716258461815]","[[0.5096322606148282, 0.3973108451172217], [0.5532379803784744, 0.40987699535517674], [0.47893611430681504, 0.3605724959760338], [0.5354006103133571, 0.3830289359715357], [0.4924327784008707, 0.38738154676836556]]","[[40, 40], [40, 40], [40, 40], [40, 40], [40, 40]]",2,4,2,4
33,B,brightness_dark,"[0.4594144512553931, 0.44270164795929934, 0.42795345179172495, 0.48981646999388745, 0.44471895689996715]","[[0.5015509344719675, 0.41727796803881867], [0.4984988632062607, 0.386904432712338], [0.4584062910943742, 0.39750061248907564], [0.5647383338654388, 0.4148946061223361], [0.47343026365936225, 0.41600765014057206]]","[[40, 40], [40, 40], [40, 40], [40, 40], [40, 40]]",2,4,2,4
33,B,contrast_low,"[0.4624683374839783, 0.5349394024381979, 0.4648723766516596, 0.4718106266639069, 0.46277225033951197]","[[0.5057271208234276, 0.41920955414452904], [0.7026700406653328, 0.3672087642110632], [0.5159532758400017, 0.41379147746331746], [0.5378531839531604, 0.4057680693746534], [0.5074694668543703, 0.4180750338246536]]","[[40, 40], [40, 40], [40, 40], [40, 40], [40, 40]]",0,1,2,4
33,B,gaussian_noise,"[0.37218559076157104, 0.3601093781265303, 0.33081806549240744, 0.37929601311672656, 0.35643420666851794]","[[0.40178931096778064, 0.34258187055536143], [0.3880196379020841, 0.3321991183509766], [0.3706146846503896, 0.29102144633442534], [0.4085822514406944, 0.35000977479275874], [0.3909929517915827, 0.32187546154545316]]","[[40, 40], [40, 40], [40, 40], [40, 40], [40, 40]]",2,4,2,4
33,B,gaussian_blur,"[0.4961480542226875, 0.525722515117391, 0.477678578926557, 0.5013463510521848, 0.4927952531366283]","[[0.5926774373000784, 0.3996186711452966], [0.658415579521203, 0.39302945071357887], [0.6028541369323974, 0.3525030209207166], [0.610150734012169, 0.3925419680922006], [0.5928262851128808, 0.39276422116037574]]","[[40, 40], [40, 40], [40, 40], [40, 40], [40, 40]]",2,4,2,4
34,A,clean,"[0.38820889707926387, 0.3741399991384625, 0.35576168795905766, 0.3809395792799401, 0.3765144928729799]","[[0.4280364901831078, 0.3483813039754199], [0.3704876281736148, 0.3777923701033103], [0.35626486938253843, 0.3552585065355769], [0.4062473496925594, 0.3556318088673208], [0.41081483542621966, 0.3422141503197402]]","[[40, 40], [40, 40], [40, 40], [40, 40], [40, 40]]",2,4,2,4
34,A,brightness_dark,"[0.4087080583783891, 0.4013197740413489, 0.371584209674803, 0.40694761126122425, 0.38916783393780435]","[[0.45661527549067715, 0.36080084126610107], [0.4351936112188408, 0.367445936863857], [0.3830149003330662, 0.36015351901653975], [0.44928443336992674, 0.3646107891525217], [0.4264878751770781, 0.3518477926985306]]","[[40, 40], [40, 40], [40, 40], [40, 40], [40, 40]]",2,4,2,4
34,A,contrast_low,"[0.535692830091874, 0.43760339996414943, 0.49673132445710455, 0.5869276038190467, 0.5298073395463494]","[[0.6075240841320786, 0.4638615760516694], [0.4111070199340091, 0.4640997799942898], [0.5095582315464301, 0.483904417367779], [0.7255375394417316, 0.44831766819636176], [0.583530400453533, 0.4760842786391658]]","[[40, 40], [40, 40], [40, 40], [40, 40], [40, 40]]",1,2,2,4
34,A,gaussian_noise,"[0.3990358166715864, 0.3700998735185862, 0.3630626187243994, 0.39034244847754285, 0.38786800060883997]","[[0.48296842665011164, 0.3151032066930612], [0.4122270498830449, 0.3279726971541275], [0.40221907588659767, 0.32390616156220103], [0.46769082613047946, 0.3129940708246063], [0.45587995552114685, 0.3198560456965331]]","[[40, 40], [40, 40], [40, 40], [40, 40], [40, 40]]",2,4,2,4
34,A,gaussian_blur,"[0.4614238338602123, 0.3828990525470138, 0.43050617776307004, 0.43761863738188894, 0.47003987808736053]","[[0.5313182503643437, 0.39152941735608093], [0.4007737047688932, 0.3650244003251344], [0.45691523085634617, 0.4040971246697939], [0.4788081696637686, 0.3964291051000093], [0.5352371939490952, 0.40484256222562587]]","[[40, 40], [40, 40], [40, 40], [40, 40], [40, 40]]",1,2,2,4
34,B,clean,"[0.38820889707926387, 0.37291969504333955, 0.35418687352387457, 0.38357491790855436, 0.3754030286906678]","[[0.4280364901831078, 0.3483813039754199], [0.37156214820684463, 0.37427724187983447], [0.353500571496094, 0.3548731755516551], [0.4126388923926628, 0.35451094342444583], [0.4094245179523133, 0.34138153942902216]]","[[40, 40], [40, 40], [40, 40], [40, 40], [40, 40]]",2,4,2,4
34,B,brightness_dark,"[0.4087080583783891, 0.4030222183318193, 0.3673444263542513, 0.40827465290284004, 0.38736796762554127]","[[0.45661527549067715, 0.36080084126610107], [0.4386340608937706, 0.367410375769868], [0.3778294054674387, 0.3568594472410639], [0.4522873886499764, 0.3642619171557036], [0.42547938959594206, 0.3492565456551405]]","[[40, 40], [40, 40], [40, 40], [40, 40], [40, 40]]",2,4,2,4
34,B,contrast_low,"[0.535692830091874, 0.43607060183306423, 0.4732874985951965, 0.5737057385333684, 0.5295902489697148]","[[0.6075240841320786, 0.4638615760516694], [0.41158407487946286, 0.4605571287866656], [0.48089683528428157, 0.4656781619061114], [0.7000107305647651, 0.4474007465019717], [0.5821532781687868, 0.4770272197706428]]","[[40, 40], [40, 40], [40, 40], [40, 40], [40, 40]]",1,2,2,4
34,B,gaussian_noise,"[0.3990358166715864, 0.36897726420923616, 0.3574361086707429, 0.3914547632344427, 0.3883241776979165]","[[0.48296842665011164, 0.3151032066930612], [0.41221815737869427, 0.3257363710397781], [0.39430477224755306, 0.3205674450939327], [0.4721072912821983, 0.3108022351866871], [0.45464108210417953, 0.3220072732916535]]","[[40, 40], [40, 40], [40, 40], [40, 40], [40, 40]]",2,4,2,4
34,B,gaussian_blur,"[0.4614238338602123, 0.3818420259385581, 0.41786371250360654, 0.43878110995705155, 0.47095687247177703]","[[0.5313182503643437, 0.39152941735608093], [0.3972720144027549, 0.3664120374743613], [0.4513465492632143, 0.3843808757439987], [0.4831483201387018, 0.3944138997754013], [0.5371116708213626, 0.4048020741221915]]","[[40, 40], [40, 40], [40, 40], [40, 40], [40, 40]]",1,2,2,4
35,A,clean,"[0.11584932755430073, 0.1294492891762125, 0.12031551466738126, 0.11630800985475034, 0.11473291356767212]","[[0.09256086231879315, 0.1391377927898083], [0.11780958312722804, 0.14108899522519697], [0.09263587254561609, 0.14799515678914643], [0.09899569913988893, 0.13362032056961176], [0.09106653527828476, 0.1383992918570595]]","[[40, 40], [40, 40], [40, 40], [40, 40], [40, 40]]",4,16,4,16
35,A,brightness_dark,"[0.10949519124890278, 0.10462404140007103, 0.11537232853586266, 0.11211081277499126, 0.11351533017893652]","[[0.08544601782797538, 0.1335443646698302], [0.08361485544587026, 0.12563322735427182], [0.09342365812041172, 0.1373209989513136], [0.08888878342002512, 0.1353328421299574], [0.09138997658672282, 0.1356406837711502]]","[[40, 40], [40, 40], [40, 40], [40, 40], [40, 40]]",1,2,4,16
35,A,contrast_low,"[0.1458543463285869, 0.16930136520888567, 0.14581681477478353, 0.161034993014432, 0.14327958374912234]","[[0.11047896510907165, 0.18122972754810218], [0.16547906131565973, 0.1731236691021116], [0.11046990738579417, 0.1811637221637729], [0.11669717581784589, 0.2053728102110181], [0.1065873125134907, 0.179971854984754]]","[[40, 40], [40, 40], [40, 40], [40, 40], [40, 40]]",4,16,4,16
35,A,gaussian_noise,"[0.12078476431039825, 0.1282881945407313, 0.11794233190385744, 0.12518082417134113, 0.11828267183146524]","[[0.09617546146842511, 0.1453940671523714], [0.11624227731623009, 0.14033411176523247], [0.09203555518100204, 0.14384910862671285], [0.10264850094831086, 0.14771314739437139], [0.09235101087010608, 0.1442143327928244]]","[[40, 40], [40, 40], [40, 40], [40, 40], [40, 40]]",2,4,4,16
35,A,gaussian_blur,"[0.15646996924294373, 0.1706085046395417, 0.15344012759834236, 0.1504425309978773, 0.15687235851893475]","[[0.12169091268876157, 0.1912490257971259], [0.15149500258734394, 0.18972200669173941], [0.1201623600747439, 0.18671789512194084], [0.12458569736910463, 0.17629936462664997], [0.12042582997885398, 0.1933188870590155]]","[[40, 40], [40, 40], [40, 40], [40, 40], [40, 40]]",3,8,4,16
35,B,clean,"[0.11584932755430073, 0.12790106024530412, 0.11833006853748089, 0.11578020807817307, 0.11519428049196377]","[[0.09256086231879315, 0.1391377927898083], [0.11686033885008029, 0.13894178164052792], [0.09221715051153426, 0.14444298656342752], [0.09856873622988854, 0.1329916799264576], [0.09107723766531187, 0.13931132331861568]]","[[40, 40], [40, 40], [40, 40], [40, 40], [40, 40]]",4,16,4,16
35,B,brightness_dark,"[0.10949519124890278, 0.10351806738911887, 0.11331275309772762, 0.11211297641732165, 0.11395502653530473]","[[0.08544601782797538, 0.1335443646698302], [0.08267986891895293, 0.1243562658592848], [0.09329523942635927, 0.13333026676909598], [0.08843276822864093, 0.13579318460600237], [0.09198269029666244, 0.13592736277394704]]","[[40, 40], [40, 40], [40, 40], [40, 40], [40, 40]]",1,2,4,16
35,B,contrast_low,"[0.1458543463285869, 0.16811801878691288, 0.14622117481340755, 0.15950778506104007, 0.14324745407172879]","[[0.11047896510907165, 0.18122972754810218], [0.16317817897846443, 0.17305785859536132], [0.11031326632724037, 0.18212908329957472], [0.11544341277146611, 0.20357215735061404], [0.10660057062070707, 0.1798943375227505]]","[[40, 40], [40, 40], [40, 40], [40, 40], [40, 40]]",4,16,4,16
35,B,gaussian_noise,"[0.12078476431039825, 0.12720866060598007, 0.11362288991747299, 0.12417849587090031, 0.11849732863821386]","[[0.09617546146842511, 0.1453940671523714], [0.11554182925794192, 0.13887549195401824], [0.09239727068084613, 0.13484850915409985], [0.10252004804248435, 0.14583694369931627], [0.09253658271398503, 0.1444580745624427]]","[[40, 40], [40, 40], [40, 40], [40, 40], [40, 40]]",2,4,4,16
35,B,gaussian_blur,"[0.15646996924294373, 0.16900496331983433, 0.15341827411885414, 0.14920669729531846, 0.1573094047499195]","[[0.12169091268876157, 0.1912490257971259], [0.15100311974505196, 0.18700680689461668], [0.1184604214437354, 0.1883761267939729], [0.12370136435204153, 0.17471203023859538], [0.12031219060977172, 0.19430661889006728]]","[[40, 40], [40, 40], [40, 40], [40, 40], [40, 40]]",3,8,4,16
36,A,clean,"[0.33147559850363517, 0.3587298419287692, 0.32158121609062884, 0.3251180404983523, 0.32410161384879604]","[[0.3310648350870885, 0.33188636192018184], [0.3556265104263273, 0.36183317343121113], [0.3411368784500097, 0.30202555373124795], [0.32465190339747163, 0.32558417759923297], [0.3263000218984005, 0.32190320579919157]]","[[40, 40], [40, 40], [40, 40], [40, 40], [40, 40]]",2,4,2,4
36,A,brightness_dark,"[0.3790240540225548, 0.349700380692283, 0.3396229837147594, 0.3595174530843718, 0.3748628853744861]","[[0.4184586557429462, 0.3395894523021634], [0.38917627151495576, 0.3102244898696102], [0.37760537007547823, 0.30164059735404053], [0.3775467845658964, 0.3414881216028472], [0.4145833581623891, 0.3351424125865831]]","[[40, 40], [40, 40], [40, 40], [40, 40], [40, 40]]",2,4,2,4
36,A,contrast_low,"[0.4833846253983177, 0.4155810687672217, 0.39980399959629476, 0.4540688198186115, 0.41823334857858596]","[[0.5166112929406503, 0.4501579578559851], [0.45128123297360334, 0.37988090456084], [0.35328453618191136, 0.4463234630106781], [0.4596944783812549, 0.44844316125596817], [0.39172548188974565, 0.44474121526742627]]","[[40, 40], [40, 40], [40, 40], [40, 40], [40, 40]]",2,4,2,4
36,A,gaussian_noise,"[0.36472764507060296, 0.3610981346647214, 0.34182440787478674, 0.35606075731580855, 0.3618529631365154]","[[0.4236998767051491, 0.3057554134360568], [0.3909400150167165, 0.3312562543127264], [0.40224208494646285, 0.2814067308031106], [0.40625719378275027, 0.30586432084886683], [0.42604786517905513, 0.2976580610939757]]","[[40, 40], [40, 40], [40, 40], [40, 40], [40, 40]]",2,4,2,4
36,A,gaussian_blur,"[0.33465850255044005, 0.38784772687468116, 0.3205619877703973, 0.33231987417514597, 0.331382123399682]","[[0.35932027078886236, 0.3099967343120177], [0.47536870458990343, 0.30032674915945895], [0.3618677333751371, 0.2792562421656575], [0.3572230026568712, 0.3074167456934207], [0.36212311534396185, 0.3006411314554021]]","[[40, 40], [40, 40], [40, 40], [40, 40], [40, 40]]",2,4,2,4
36,B,clean,"[0.33147559850363517, 0.3593761580884847, 0.32084052647015826, 0.32654898822503164, 0.32434635516112403]","[[0.3310648350870885, 0.33188636192018184], [0.3568187971199763, 0.3619335190569931], [0.34474269966453186, 0.2969383532757846], [0.3256225905933718, 0.3274753858566915], [0.32671701110838114, 0.32197569921386693]]","[[40, 40], [40, 40], [40, 40], [40, 40], [40, 40]]",2,4,2,4
36,B,brightness_dark,"[0.3790240540225548, 0.3524361120289361, 0.33578027486096285, 0.36152167477984537, 0.3759386595361871]","[[0.4184586557429462, 0.3395894523021634], [0.39229019149648436, 0.31258203256138783], [0.36489773512154516, 0.3066628146003806], [0.3832374240230739, 0.3398059255366168], [0.41640014701463823, 0.33547717205773603]]","[[40, 40], [40, 40], [40, 40], [40, 40], [40, 40]]",2,4,2,4
36,B,contrast_low,"[0.4833846253983177, 0.41362358299984703, 0.393291473143936, 0.45450572541991885, 0.4198774237413352]","[[0.5166112929406503, 0.4501579578559851], [0.45110113379935707, 0.37614603220033704], [0.35138438440708375, 0.4351985618807882], [0.46036779603792477, 0.448643654801913], [0.39663893160318037, 0.44311591587949]]","[[40, 40], [40, 40], [40, 40], [40, 40], [40, 40]]",2,4,2,4
36,B,gaussian_noise,"[0.36472764507060296, 0.36274092998119334, 0.3347386205955072, 0.3574701247120627, 0.361206301228305]","[[0.4236998767051491, 0.3057554134360568], [0.39669740569697926, 0.3287844542654075], [0.3927737111840853, 0.2767035300069291], [0.4076176829877465, 0.3073225664363789], [0.4248914047608435, 0.2975211976957665]]","[[40, 40], [40, 40], [40, 40], [40, 40], [40, 40]]",2,4,2,4
36,B,gaussian_blur,"[0.33465850255044005, 0.39332647458736414, 0.3174952009426373, 0.3364009466098352, 0.3313063996028668]","[[0.35932027078886236, 0.3099967343120177], [0.4857217891884645, 0.3009311599862638], [0.36286139512436016, 0.2721290067609144], [0.36346007978550077, 0.30934181343416967], [0.3617710708395805, 0.30084172836615314]]","[[40, 40], [40, 40], [40, 40], [40, 40], [40, 40]]",2,4,2,4
37,A,clean,"[0.2733518771213672, 0.2944694110634228, 0.275395692907216, 0.2700533001873808, 0.2687303280091712]","[[0.21887360453092705, 0.32783014971180735], [0.24473114219877373, 0.34420767992807183], [0.22794498497816634, 0.32284640083626565], [0.21204833411414445, 0.32805826626061707], [0.21778488124367454, 0.3196757747746678]]","[[40, 40], [40, 40], [40, 40], [40, 40], [40, 40]]",4,16,4,16
37,A,brightness_dark,"[0.29038553282992635, 0.2885118619994075, 0.3077302411078935, 0.30994551201053633, 0.2950596343155862]","[[0.24188946741003395, 0.3388815982498187], [0.2556001178480289, 0.32142360615078613], [0.27372359218379794, 0.34173689003198904], [0.2522668526341679, 0.3676241713869047], [0.2517968951442904, 0.338322373486882]]","[[40, 40], [40, 40], [40, 40], [40, 40], [40, 40]]",1,2,4,16
37,A,contrast_low,"[0.3517590983546477, 0.37931955772964165, 0.34244761511458455, 0.3138456142620097, 0.37524578401471265]","[[0.2386338380019021, 0.4648843587073933], [0.27457105331156595, 0.48406806214771736], [0.2732957969073804, 0.4115994333217888], [0.23479330301119106, 0.3928979255128283], [0.25188822455033294, 0.4986033434790924]]","[[40, 40], [40, 40], [40, 40], [40, 40], [40, 40]]",3,8,4,16
37,A,gaussian_noise,"[0.2895754852379431, 0.31171073728177123, 0.29095841351283336, 0.2876043792542302, 0.29534884245444537]","[[0.2581639699997219, 0.32098700047616424], [0.2999271674026091, 0.32349430716093336], [0.265993845335433, 0.3159229816902337], [0.25636912687773095, 0.3188396316307295], [0.2715211206282909, 0.3191765642805998]]","[[40, 40], [40, 40], [40, 40], [40, 40], [40, 40]]",3,8,4,16
37,A,gaussian_blur,"[0.2867011446754021, 0.30939049939069263, 0.28267152944175034, 0.2840794638097154, 0.28488102322763825]","[[0.23164787606168158, 0.3417544132891226], [0.2573729366685481, 0.36140806211283716], [0.2423530418589453, 0.3229900170245553], [0.2232159353451383, 0.3449429922742925], [0.2356479955810284, 0.3341140508742481]]","[[40, 40], [40, 40], [40, 40], [40, 40], [40, 40]]",2,4,4,16
37,B,clean,"[0.2733518771213672, 0.2919288537221111, 0.28003124812955205, 0.2734474350538355, 0.26904235052763537]","[[0.21887360453092705, 0.32783014971180735], [0.24067595171249906, 0.34318175573172305], [0.23017202692546315, 0.3298904693336409], [0.2138008951676496, 0.33309397494002135], [0.21806967245194278, 0.320015028603328]]","[[40, 40], [40, 40], [40, 40], [40, 40], [40, 40]]",4,16,4,16
37,B,brightness_dark,"[0.29038553282992635, 0.2893185105302883, 0.311985491768057, 0.3084595595051708, 0.295747226687864]","[[0.24188946741003395, 0.3388815982498187], [0.2558828661527115, 0.3227541549078651], [0.2825116345726152, 0.3414593489634989], [0.25257778916891405, 0.3643413298414275], [0.2532489215878663, 0.3382455317878617]]","[[40, 40], [40, 40], [40, 40], [40, 40], [40, 40]]",1,2,4,16
37,B,contrast_low,"[0.3517590983546477, 0.36909299735212275, 0.3463897660400752, 0.32096743657469873, 0.37689168148008256]","[[0.2386338380019021, 0.4648843587073933], [0.2715291800853315, 0.46665681461891406], [0.2709921086270376, 0.4217874234531129], [0.23894190993961312, 0.4029929632097843], [0.25404383049717427, 0.4997395324629908]]","[[40, 40], [40, 40], [40, 40], [40, 40], [40, 40]]",3,8,4,16
37,B,gaussian_noise,"[0.2895754852379431, 0.3084823667396597, 0.2972406183415158, 0.2897824326662355, 0.2960211966551116]","[[0.2581639699997219, 0.32098700047616424], [0.29443233538863156, 0.32253239809068773], [0.2659468396729829, 0.3285343970100487], [0.2575389934666409, 0.32202587186583004], [0.2730622829053229, 0.31898011040490026]]","[[40, 40], [40, 40], [40, 40], [40, 40], [40, 40]]",0,1,4,16
37,B,gaussian_blur,"[0.2867011446754021, 0.308190518313734, 0.2940377686039265, 0.2866426754191206, 0.28517272450067954]","[[0.23164787606168158, 0.3417544132891226], [0.2529542716936356, 0.3634267649338324], [0.25433711651748714, 0.33373842069036586], [0.22670349853838695, 0.3465818522998543], [0.23611027105572643, 0.3342351779456327]]","[[40, 40], [40, 40], [40, 40], [40, 40], [40, 40]]",4,16,4,16
38,A,clean,"[0.17916307896075986, 0.18054500758834818, 0.18704477221724428, 0.17874057638344748, 0.18351360263335248]","[[0.14574500650973707, 0.21258115141178266], [0.14790580487177038, 0.21318421030492601], [0.1502933304713157, 0.22379621396317284], [0.1421019261153452, 0.21537922665154974], [0.14942105894800514, 0.2176061463186998]]","[[40, 40], [40, 40], [40, 40], [40, 40], [40, 40]]",3,8,3,8
38,A,brightness_dark,"[0.2259178226421421, 0.1911076981623661, 0.2177386649273332, 0.21510247263418042, 0.2252614540844491]","[[0.18947072105722365, 0.2623649242270606], [0.1589482863375631, 0.22326710998716912], [0.19830216229683378, 0.23717516755783263], [0.18415370672149028, 0.24605123854687055], [0.19079338551476832, 0.25972952265412985]]","[[40, 40], [40, 40], [40, 40], [40, 40], [40, 40]]",1,2,3,8
38,A,contrast_low,"[0.22046551165010436, 0.21892502284496335, 0.2237736335619009, 0.21068821784898428, 0.22282136021807372]","[[0.181326033877242, 0.2596049894229667], [0.17038333441521214, 0.26746671127471455], [0.17027514882491884, 0.27727211829888293], [0.18675313773827967, 0.23462329795968886], [0.17220830662569314, 0.2734344138104543]]","[[40, 40], [40, 40], [40, 40], [40, 40], [40, 40]]",3,8,3,8
38,A,gaussian_noise,"[0.1656795221224267, 0.1629704597907377, 0.17020687276942367, 0.16186955340029485, 0.17086519657576527]","[[0.1307829761925942, 0.20057606805225917], [0.11935682856395036, 0.20658409101752503], [0.13209854299521517, 0.20831520254363217], [0.12837144246685728, 0.19536766433373243], [0.13123404145044484, 0.21049635170108566]]","[[40, 40], [40, 40], [40, 40], [40, 40], [40, 40]]",3,8,3,8
38,A,gaussian_blur,"[0.19149006864990978, 0.19325738903162454, 0.20441314448492365, 0.19024297233610327, 0.1992719158097654]","[[0.15493373224465676, 0.2280464050551628], [0.1641804720409235, 0.22233430602232557], [0.16345960873111773, 0.24536668023872954], [0.14867524175923105, 0.23181070291297545], [0.16490833926707887, 0.23363549235245187]]","[[40, 40], [40, 40], [40, 40], [40, 40], [40, 40]]",3,8,3,8
38,B,clean,"[0.17916307896075986, 0.1776032351297656, 0.18982521795876622, 0.17814256043866217, 0.18358829072911995]","[[0.14574500650973707, 0.21258115141178266], [0.1453770671286768, 0.20982940313085446], [0.15385036624648513, 0.2258000696710473], [0.14129793872777457, 0.21498718214954976], [0.14960968263840962, 0.21756689881983027]]","[[40, 40], [40, 40], [40, 40], [40, 40], [40, 40]]",1,2,1,2
38,B,brightness_dark,"[0.2259178226421421, 0.18983780275672968, 0.21875836452012207, 0.21621461090141303, 0.22508154104366765]","[[0.18947072105722365, 0.2623649242270606], [0.15732741344605278, 0.22234819206740655], [0.20618686352805726, 0.23132986551218687], [0.18626645891932703, 0.24616276288349903], [0.19169757322163739, 0.2584655088656979]]","[[40, 40], [40, 40], [40, 40], [40, 40], [40, 40]]",1,2,1,2
38,B,contrast_low,"[0.22046551165010436, 0.22008694578457563, 0.23135811659843303, 0.21083773323034172, 0.22356254956894067]","[[0.181326033877242, 0.2596049894229667], [0.17273710535478842, 0.26743678621436284], [0.1759647053371268, 0.28675152785973923], [0.1840665426571222, 0.23760892380356124], [0.17310884670572538, 0.27401625243215594]]","[[40, 40], [40, 40], [40, 40], [40, 40], [40, 40]]",3,8,1,2
38,B,gaussian_noise,"[0.1656795221224267, 0.1608635598231179, 0.1701305220516628, 0.1607396628780213, 0.17064741587994864]","[[0.1307829761925942, 0.20057606805225917], [0.11917850782373289, 0.2025486118225029], [0.13485831596015224, 0.2054027281431733], [0.12746290031392044, 0.19401642544212216], [0.13090498265026657, 0.21038984910963068]]","[[40, 40], [40, 40], [40, 40], [40, 40], [40, 40]]",3,8,1,2
38,B,gaussian_blur,"[0.19149006864990978, 0.19129815147609883, 0.21128757202194026, 0.18848650689453958, 0.19982237623026672]","[[0.15493373224465676, 0.2280464050551628], [0.1642698755576517, 0.21832642739454594], [0.17183070571171846, 0.2507444383321621], [0.14675918176165492, 0.23021383202742424], [0.16521995249060611, 0.2344247999699273]]","[[40, 40], [40, 40], [40, 40], [40, 40], [40, 40]]",3,8,1,2
39,A,clean,"[0.5248922579363837, 0.5672435929109326, 0.5326919721412304, 0.5388698120718718, 0.5133645146005685]","[[0.29224658158309175, 0.7575379342896758], [0.38491031970899486, 0.7495768661128703], [0.2784500476301891, 0.7869338966522719], [0.28246148681165584, 0.7952781373320876], [0.2750463819792429, 0.7516826472218942]]","[[40, 40], [40, 40], [40, 40], [40, 40], [40, 40]]",4,16,4,16
39,A,brightness_dark,"[0.5335417400494238, 0.6108829441905387, 0.4814857137139753, 0.5975736210427037, 0.5327301707356775]","[[0.2713793105926425, 0.795704169506205], [0.28349865000222296, 0.9382672383788544], [0.25023510461492543, 0.7127363228130251], [0.23762290651524332, 0.9575243355701641], [0.27678931399266465, 0.7886710274786903]]","[[40, 40], [40, 40], [40, 40], [40, 40], [40, 40]]",2,4,4,16
39,A,contrast_low,"[0.742067435036776, 0.6465818743213498, 0.6720853344969653, 0.7379994058005299, 0.6439085159905796]","[[0.2548294455835759, 1.2293054244899762], [0.3455405979684012, 0.9476231506742986], [0.28347185866262953, 1.060698810331301], [0.2811522761623599, 1.1948465354387], [0.2622062610129608, 1.0256107709681985]]","[[40, 40], [40, 40], [40, 40], [40, 40], [40, 40]]",4,16,4,16
39,A,gaussian_noise,"[0.4531292284476991, 0.4430653395163806, 0.43549985419388, 0.45921107781668863, 0.44635273994585833]","[[0.3397391194234562, 0.5665193374719419], [0.4032907287207158, 0.4828399503120454], [0.3372817324139227, 0.5337179759738373], [0.298838947884451, 0.6195832077489263], [0.35981944017779827, 0.5328860397139185]]","[[40, 40], [40, 40], [40, 40], [40, 40], [40, 40]]",2,4,4,16
39,A,gaussian_blur,"[0.7808555412864084, 0.5236074239412001, 0.6401747707314275, 0.7851613148933637, 0.7447172873493996]","[[0.29089705393649795, 1.270814028636319], [0.30308522448236996, 0.7441296234000303], [0.29224993883143074, 0.9880996026314242], [0.29938949724799385, 1.2709331325387336], [0.2871028939086542, 1.202331680790145]]","[[40, 40], [40, 40], [40, 40], [40, 40], [40, 40]]",1,2,4,16
39,B,clean,"[0.5248922579363837, 0.5743684680147013, 0.5388154806673577, 0.5309794803019455, 0.5180378547833678]","[[0.29224658158309175, 0.7575379342896758], [0.38307442413365395, 0.7656625118957487], [0.2808024116742056, 0.7968285496605098], [0.28669302006114483, 0.7752659405427462], [0.27536632454811905, 0.7607093850186166]]","[[40, 40], [40, 40], [40, 40], [40, 40], [40, 40]]",4,16,4,16
39,B,brightness_dark,"[0.5335417400494238, 0.6175809756935682, 0.4731141366348013, 0.595358677909613, 0.5322955392930284]","[[0.2713793105926425, 0.795704169506205], [0.2832420790459677, 0.9519198723411687], [0.25366646964502604, 0.6925618036245765], [0.24048544938365554, 0.9502319064355707], [0.27765817712118124, 0.7869329014648756]]","[[40, 40], [40, 40], [40, 40], [40, 40], [40, 40]]",2,4,4,16
39,B,contrast_low,"[0.742067435036776, 0.6501650114965855, 0.6522111423604733, 0.860403927536266, 0.65030261760057]","[[0.2548294455835759, 1.2293054244899762], [0.33590303921537024, 0.9644269837778007], [0.29866868479980674, 1.0057535999211398], [0.2672191038782724, 1.4535887511942596], [0.2622289624256363, 1.0383762727755035]]","[[40, 40], [40, 40], [40, 40], [40, 40], [40, 40]]",1,2,4,16
39,B,gaussian_noise,"[0.4531292284476991, 0.4396764782426548, 0.433373039062705, 0.4567241090766341, 0.447168547647626]","[[0.3397391194234562, 0.5665193374719419], [0.40145282133198307, 0.4779001351533266], [0.33772318559378567, 0.5290228925316244], [0.3002573391999955, 0.6131908789532726], [0.3593528134402566, 0.5349842818549954]]","[[40, 40], [40, 40], [40, 40], [40, 40], [40, 40]]",2,4,4,16
39,B,gaussian_blur,"[0.7808555412864084, 0.5284906885383363, 0.650062315563099, 0.7897058104434863, 0.750759806944864]","[[0.29089705393649795, 1.270814028636319], [0.30500950561668294, 0.7519718714599897], [0.301888379636171, 0.998236251490027], [0.2972812883176461, 1.2821303325693265], [0.28810993419230424, 1.2134096796974236]]","[[40, 40], [40, 40], [40, 40], [40, 40], [40, 40]]",1,2,4,16
40,A,clean,"[0.20943492476937725, 0.2328794065582584, 0.22268483947345277, 0.21631280238087897, 0.21217456961987557]","[[0.2144312127072172, 0.20443863683153732], [0.2521184383939821, 0.2136403747225347], [0.22610540418190164, 0.2192642747650039], [0.224506388495452, 0.20811921626630592], [0.21262422107920007, 0.2117249181605511]]","[[40, 40], [40, 40], [40, 40], [40, 40], [40, 40]]",0,1,0,1
40,A,brightness_dark,"[0.23844703712539256, 0.20641111937111195, 0.23752184048531388, 0.23581242417618892, 0.23500183971744545]","[[0.23814450111170338, 0.23874957313908177], [0.20351838847758774, 0.2093038502646362], [0.22403312220449276, 0.251010558766135], [0.23605637328240436, 0.2355684750699735], [0.22783243816369025, 0.24217124127120065]]","[[40, 40], [40, 40], [40, 40], [40, 40], [40, 40]]",1,2,0,1
40,A,contrast_low,"[0.2510578607087852, 0.2719443440035231, 0.26975669769211497, 0.24144611958988788, 0.25862539702285053]","[[0.2612697335630415, 0.2408459878545289], [0.301124929320557, 0.24276375868648917], [0.2871443861402915, 0.25236900924393846], [0.24982323820280344, 0.2330690009769723], [0.2661419586562258, 0.25110883538947526]]","[[40, 40], [40, 40], [40, 40], [40, 40], [40, 40]]",3,8,0,1
40,A,gaussian_noise,"[0.24091881349077365, 0.24449166986826115, 0.23738300840045953, 0.24889447843185886, 0.23866755436763987]","[[0.23897425502102818, 0.2428633719605191], [0.25363083842252354, 0.23535250131399876], [0.22770555494470535, 0.24706046185621372], [0.24322640695053913, 0.2545625499131786], [0.2329410091812643, 0.2443940995540154]]","[[40, 40], [40, 40], [40, 40], [40, 40], [40, 40]]",2,4,0,1
40,A,gaussian_blur,"[0.2421686068291735, 0.26509038226976545, 0.2522097511315838, 0.24973771283370602, 0.24415023895946084]","[[0.24976949034920257, 0.2345677233091444], [0.29828973171741363, 0.23189103282211732], [0.25770965395869033, 0.24670984830447723], [0.256642175299556, 0.24283325036785602], [0.24969542827639088, 0.2386050496425308]]","[[40, 40], [40, 40], [40, 40], [40, 40], [40, 40]]",0,1,0,1
40,B,clean,"[0.20943492476937725, 0.23471636107399005, 0.21703312833984473, 0.21685865547454314, 0.21192657525836173]","[[0.2144312127072172, 0.20443863683153732], [0.25337205344337643, 0.21606066870460366], [0.219083903718524, 0.21498235296116547], [0.22460409030111403, 0.20911322064797222], [0.2115842616746339, 0.21226888884208955]]","[[40, 40], [40, 40], [40, 40], [40, 40], [40, 40]]",0,1,0,1
40,B,brightness_dark,"[0.23844703712539256, 0.20319900564978327, 0.2332897743797483, 0.237403720389402, 0.2339781208544438]","[[0.23814450111170338, 0.23874957313908177], [0.19992568228547927, 0.2064723290140873], [0.22165609556183288, 0.24492345319766368], [0.23923418353119025, 0.23557325724761374], [0.22623468912850148, 0.2417215525803861]]","[[40, 40], [40, 40], [40, 40], [40, 40], [40, 40]]",1,2,0,1
40,B,contrast_low,"[0.2510578607087852, 0.27233537111126804, 0.26302885557291134, 0.24771013236817974, 0.25994639214282256]","[[0.2612697335630415, 0.2408459878545289], [0.3027282656159073, 0.2419424766066288], [0.27622441113160573, 0.2498333000142169], [0.2532497049420467, 0.24217055979431282], [0.2674451542902543, 0.2524476299953908]]","[[40, 40], [40, 40], [40, 40], [40, 40], [40, 40]]",3,8,0,1
40,B,gaussian_noise,"[0.24091881349077365, 0.24629294525290218, 0.22940197040893218, 0.2492419691084692, 0.23803269925068332]","[[0.23897425502102818, 0.2428633719605191], [0.25558334563012064, 0.2370025448756837], [0.21978558484810146, 0.23901835596976287], [0.24314717539521163, 0.2553367628217268], [0.2319474754145662, 0.24411792308680047]]","[[40, 40], [40, 40], [40, 40], [40, 40], [40, 40]]",2,4,0,1
40,B,gaussian_blur,"[0.2421686068291735, 0.26490714745947275, 0.2464484418613282, 0.2492172423540225, 0.24396891002721705]","[[0.24976949034920257, 0.2345677233091444], [0.29748835710025023, 0.2323259378186952], [0.255008630006636, 0.23788825371602043], [0.2551226413488362, 0.2433118433592088], [0.2496504776383693, 0.23828734241606475]]","[[40, 40], [40, 40], [40, 40], [40, 40], [40, 40]]",0,1,0,1
41,A,clean,"[0.5710854149545936, 0.49730214028318565, 0.511546199493986, 0.5693387065080845, 0.5650740510456067]","[[0.6213541994653897, 0.5208166304437976], [0.5301451412091172, 0.4644591393572542], [0.5115184187416266, 0.5115739802463455], [0.6291090859219823, 0.5095683270941866], [0.6108829253053996, 0.519265176785814]]","[[40, 40], [40, 40], [40, 40], [40, 40], [40, 40]]",1,2,1,2
41,A,brightness_dark,"[0.6376745801267015, 0.5773479158443839, 0.6167990261879104, 0.6184005608972287, 0.6488491934741106]","[[0.7782541431680488, 0.4970950170853543], [0.6568326539934445, 0.4978631776953234], [0.7172938496253579, 0.5163042027504628], [0.7783729999070059, 0.4584281218874516], [0.7668887340649406, 0.5308096528832806]]","[[40, 40], [40, 40], [40, 40], [40, 40], [40, 40]]",1,2,1,2
41,A,contrast_low,"[0.585266659104988, 0.49264796499388497, 0.5724384360742961, 0.5493511616214032, 0.6027485851137062]","[[0.6485791442484864, 0.5219541739614895], [0.5209010869573609, 0.464394843030409], [0.6046504238208487, 0.5402264483277436], [0.5917297459250218, 0.5069725773177846], [0.6664957795220838, 0.5390013907053287]]","[[40, 40], [40, 40], [40, 40], [40, 40], [40, 40]]",1,2,1,2
41,A,gaussian_noise,"[0.45179680117272414, 0.37609105855974945, 0.42421240796150883, 0.4383115265455154, 0.4545528395598504]","[[0.4686267203501557, 0.43496688199529254], [0.388534297994089, 0.3636478191254099], [0.4258614743401251, 0.42256334158289255], [0.44928770544659746, 0.4273353476444333], [0.46890898186704855, 0.44019669725265215]]","[[40, 40], [40, 40], [40, 40], [40, 40], [40, 40]]",1,2,1,2
41,A,gaussian_blur,"[0.6259195699729247, 0.5156586261001908, 0.6095765786447865, 0.5947613199996418, 0.6351907010711499]","[[0.671622980048497, 0.5802161598973525], [0.6130346405485507, 0.41828261165183084], [0.6289645023904253, 0.5901886548991477], [0.6244569362183405, 0.5650657037809431], [0.6779947380006733, 0.5923866641416266]]","[[40, 40], [40, 40], [40, 40], [40, 40], [40, 40]]",1,2,1,2
41,B,clean,"[0.5710854149545936, 0.4929932321396521, 0.5224178623317843, 0.5693907155881579, 0.5663111148541506]","[[0.6213541994653897, 0.5208166304437976], [0.5222943554777236, 0.4636921088015806], [0.5226329641014635, 0.5222027605621052], [0.629067651623644, 0.5097137795526717], [0.6112025702219506, 0.5214196594863507]]","[[40, 40], [40, 40], [40, 40], [40, 40], [40, 40]]",1,2,1,2
41,B,brightness_dark,"[0.6376745801267015, 0.5776428374420175, 0.6228292520848859, 0.6338532825334121, 0.6477495168399025]","[[0.7782541431680488, 0.4970950170853543], [0.6574888563784974, 0.4977968185055376], [0.7191300529497331, 0.5265284512200387], [0.8028570294371186, 0.4648495356297057], [0.7645276976176136, 0.5309713360621913]]","[[40, 40], [40, 40], [40, 40], [40, 40], [40, 40]]",1,2,1,2
41,B,contrast_low,"[0.585266659104988, 0.49828437025853445, 0.5827117630474546, 0.553640908593896, 0.6047578899397084]","[[0.6485791442484864, 0.5219541739614895], [0.5325761995206542, 0.4639925409964148], [0.6139055085676659, 0.5515180175272434], [0.5948565626169813, 0.5124252545708109], [0.6684084876457504, 0.5411072922336662]]","[[40, 40], [40, 40], [40, 40], [40, 40], [40, 40]]",1,2,1,2
41,B,gaussian_noise,"[0.45179680117272414, 0.37272810724093, 0.4298390619421495, 0.43826150079011583, 0.45324071294057156]","[[0.4686267203501557, 0.43496688199529254], [0.3846812470048854, 0.36077496747697463], [0.4316953177158241, 0.42798280616847484], [0.4514651769174158, 0.4250578246628159], [0.4653306057095268, 0.44115082017161633]]","[[40, 40], [40, 40], [40, 40], [40, 40], [40, 40]]",1,2,1,2
41,B,gaussian_blur,"[0.6259195699729247, 0.5043900340589056, 0.6250600557670541, 0.5979068498339701, 0.6368235769741921]","[[0.671622980048497, 0.5802161598973525], [0.5947705351323098, 0.4140095329855013], [0.6466302830633481, 0.6034898284707602], [0.6292633076535339, 0.5665503920144065], [0.6795285060983488, 0.5941186478500353]]","[[40, 40], [40, 40], [40, 40], [40, 40], [40, 40]]",1,2,1,2
42,A,clean,"[0.3777932835073572, 0.408046516922348, 0.3834950010103871, 0.36676412792086466, 0.377973171619045]","[[0.4565819644693484, 0.2990046025453659], [0.47602582178132824, 0.34006721206336776], [0.45028017685438054, 0.3167098251663936], [0.44780229120467663, 0.28572596463705263], [0.4515392974295557, 0.3044070458085342]]","[[40, 40], [40, 40], [40, 40], [40, 40], [40, 40]]",3,8,3,8
42,A,brightness_dark,"[0.34510768135609843, 0.35434283911595277, 0.3583456204116715, 0.33298467870719617, 0.34975792309288]","[[0.35560624533141166, 0.3346091173807852], [0.37600814262761806, 0.33267753560428753], [0.4002944148786362, 0.31639682594470675], [0.34408509141405796, 0.32188426600033443], [0.3727932219114509, 0.32672262427430915]]","[[40, 40], [40, 40], [40, 40], [40, 40], [40, 40]]",3,8,3,8
42,A,contrast_low,"[0.43067216262346386, 0.401574352965704, 0.42570351987630994, 0.396419717477274, 0.43211415121325336]","[[0.42692813853162576, 0.4344161867153019], [0.4333293490237283, 0.3698193569076796], [0.4533572528348172, 0.39804978691780263], [0.4165470513670358, 0.3762923835875122], [0.43862861975064593, 0.4255996826758608]]","[[40, 40], [40, 40], [40, 40], [40, 40], [40, 40]]",3,8,3,8
42,A,gaussian_noise,"[0.3887382909938142, 0.3843513241550683, 0.3799239333561162, 0.3829189286833812, 0.3853261144966188]","[[0.41697447043829, 0.36050211154933837], [0.43624908244159855, 0.332453565868538], [0.4067288841414918, 0.35311898257074065], [0.42471630969890944, 0.3411215476678529], [0.40738708703723175, 0.3632651419560058]]","[[40, 40], [40, 40], [40, 40], [40, 40], [40, 40]]",2,4,3,8
42,A,gaussian_blur,"[0.4449913210192944, 0.47280342908032263, 0.43553761272395225, 0.4330520291560098, 0.4537826390414297]","[[0.5219390548867413, 0.36804358715184743], [0.5613818557765327, 0.3842250023841126], [0.5248616930801122, 0.3462135323677923], [0.5170601197577899, 0.3490439385542297], [0.53758160137449, 0.3699836767083694]]","[[40, 40], [40, 40], [40, 40], [40, 40], [40, 40]]",3,8,3,8
42,B,clean,"[0.3777932835073572, 0.4050192224674763, 0.3853133540823781, 0.36554909923100565, 0.37792744133188555]","[[0.4565819644693484, 0.2990046025453659], [0.47410138789713036, 0.33593705703782223], [0.4492963062541323, 0.3213304019106239], [0.4458847844214505, 0.2852134140405608], [0.4506652535544372, 0.3051896291093339]]","[[40, 40], [40, 40], [40, 40], [40, 40], [40, 40]]",3,8,3,8
42,B,brightness_dark,"[0.34510768135609843, 0.3528809657998304, 0.3634936860140522, 0.32938175585012064, 0.35153649549659705]","[[0.35560624533141166, 0.3346091173807852], [0.3744801664223375, 0.3312817651773234], [0.40093905052302226, 0.3260483215050821], [0.3406709588985301, 0.3180925528017112], [0.37476576213416707, 0.32830722885902697]]","[[40, 40], [40, 40], [40, 40], [40, 40], [40, 40]]",3,8,3,8
42,B,contrast_low,"[0.43067216262346386, 0.39551338904338756, 0.4315223330746213, 0.40260739384700794, 0.43299414264793545]","[[0.42692813853162576, 0.4344161867153019], [0.426041529335439, 0.36498524875133614], [0.46664043535092664, 0.39640423079831594], [0.4188653914656532, 0.38634939622836273], [0.441484849717195, 0.424503435578676]]","[[40, 40], [40, 40], [40, 40], [40, 40], [40, 40]]",1,2,3,8
42,B,gaussian_noise,"[0.3887382909938142, 0.38489361008263684, 0.38183850356158233, 0.3825673054370387, 0.38512041802118596]","[[0.41697447043829, 0.36050211154933837], [0.43805224146725197, 0.3317349786980217], [0.4048818193941134, 0.3587951877290513], [0.4245362930578163, 0.3405983178162611], [0.40717480617981183, 0.3630660298625601]]","[[40, 40], [40, 40], [40, 40], [40, 40], [40, 40]]",2,4,3,8
42,B,gaussian_blur,"[0.4449913210192944, 0.4664155007297352, 0.43744464284833195, 0.434328083214496, 0.4546309088348469]","[[0.5219390548867413, 0.36804358715184743], [0.5536954943111123, 0.3791355071483581], [0.5302652195917169, 0.34462406610494695], [0.5195401434150699, 0.349116023013922], [0.5403917486657734, 0.36887006900392033]]","[[40, 40], [40, 40], [40, 40], [40, 40], [40, 40]]",3,8,3,8
43,A,clean,"[0.3690160937464409, 0.3571332943555159, 0.3465568199205137, 0.38674406020105023, 0.3605490155335123]","[[0.273124485743617, 0.4649077017492648], [0.23301797648236927, 0.4812486122286625], [0.25358709239399085, 0.43952654744703656], [0.2793760805492143, 0.4941120398528862], [0.2568615825167669, 0.46423644855025775]]","[[40, 40], [40, 40], [40, 40], [40, 40], [40, 40]]",2,4,2,4
43,A,brightness_dark,"[0.3485512306232872, 0.3126651754505302, 0.32222083485895936, 0.33466373124485194, 0.3456454846371203]","[[0.3048664080294855, 0.3922360532170888], [0.28354150175745507, 0.3417888491436053], [0.2689776571348379, 0.3754640125830808], [0.2856257448896888, 0.3837017176000151], [0.29057133102948696, 0.40071963824475365]]","[[40, 40], [40, 40], [40, 40], [40, 40], [40, 40]]",1,2,2,4
43,A,contrast_low,"[0.5777273401127456, 0.6270824577483167, 0.5202458324628974, 0.533142006450293, 0.5837970710468579]","[[0.452228794271375, 0.7032258859541163], [0.32045087428559454, 0.9337140412110388], [0.3931922726451794, 0.6472993922806154], [0.4836444001589156, 0.5826396127416704], [0.40886950243260944, 0.7587246396611061]]","[[40, 40], [40, 40], [40, 40], [40, 40], [40, 40]]",2,4,2,4
43,A,gaussian_noise,"[0.3265228492189417, 0.3132459155223173, 0.31809152969072296, 0.33882916008607256, 0.3193082430284231]","[[0.24307056228612783, 0.4099751361517555], [0.20488866493922925, 0.4216031661054053], [0.22604761929930167, 0.4101354400821443], [0.24938304350072765, 0.4282752766714175], [0.23542355423699418, 0.403192931819852]]","[[40, 40], [40, 40], [40, 40], [40, 40], [40, 40]]",1,2,2,4
43,A,gaussian_blur,"[0.46554109091374385, 0.4389003837602796, 0.43211108570243206, 0.4445975355733486, 0.4505690221376025]","[[0.36446252986196015, 0.5666196519655275], [0.3359111188960601, 0.5418896486244991], [0.32350731161116775, 0.5407148597936964], [0.35259075759429676, 0.5366043135524005], [0.3397568837122151, 0.56138116056299]]","[[40, 40], [40, 40], [40, 40], [40, 40], [40, 40]]",2,4,2,4
43,B,clean,"[0.3690160937464409, 0.3606863127690302, 0.3489737711274923, 0.3876672031522068, 0.3602144646367411]","[[0.273124485743617, 0.4649077017492648], [0.23663258265828385, 0.48474004287977646], [0.2589940547773411, 0.43895348747764346], [0.2817555711915385, 0.49357883511287515], [0.2569789155594976, 0.4634500137139847]]","[[40, 40], [40, 40], [40, 40], [40, 40], [40, 40]]",2,4,2,4
43,B,brightness_dark,"[0.3485512306232872, 0.3144142868950288, 0.3293464245146599, 0.3346646731853651, 0.3484110737913353]","[[0.3048664080294855, 0.3922360532170888], [0.28544934134523536, 0.3433792324448222], [0.26723921521234156, 0.3914536338169783], [0.2845325026682323, 0.38479684370249784], [0.2897679917979756, 0.40705415578469495]]","[[40, 40], [40, 40], [40, 40], [40, 40], [40, 40]]",1,2,2,4
43,B,contrast_low,"[0.5777273401127456, 0.6228015773900334, 0.5443643430108289, 0.5627991629321234, 0.5878316323665664]","[[0.452228794271375, 0.7032258859541163], [0.31650291773426004, 0.9291002370458067], [0.38553925310784753, 0.7031894329138103], [0.486501210223205, 0.6390971156410418], [0.4164275790599666, 0.7592356856731663]]","[[40, 40], [40, 40], [40, 40], [40, 40], [40, 40]]",2,4,2,4
43,B,gaussian_noise,"[0.3265228492189417, 0.31509612230522044, 0.3153566458397131, 0.3362564037523331, 0.3195358825320532]","[[0.24307056228612783, 0.4099751361517555], [0.20869116840578644, 0.4215010762046544], [0.232560737340056, 0.3981525543393702], [0.24780820864822095, 0.42470459885644535], [0.23546491117441715, 0.4036068538896892]]","[[40, 40], [40, 40], [40, 40], [40, 40], [40, 40]]",1,2,2,4
43,B,gaussian_blur,"[0.46554109091374385, 0.44241972148512343, 0.4225087067936285, 0.4503099216788402, 0.45025152463717466]","[[0.36446252986196015, 0.5666196519655275], [0.3443044857386252, 0.5405349572316217], [0.3303371620387757, 0.5146802515484813], [0.3545929854323656, 0.5460268579253148], [0.34050683876054594, 0.5599962105138034]]","[[40, 40], [40, 40], [40, 40], [40, 40], [40, 40]]",2,4,2,4
44,A,clean,"[0.23659351961109007, 0.20764634592233705, 0.22509100559336404, 0.23530367599484273, 0.23765577355612502]","[[0.19854421959394336, 0.2746428196282368], [0.17857916501279747, 0.2367135268318766], [0.20296785297734923, 0.2472141582093788], [0.2000435394466636, 0.27056381254302186], [0.20089013207343437, 0.2744214150388157]]","[[40, 40], [40, 40], [40, 40], [40, 40], [40, 40]]",1,2,1,2
44,A,brightness_dark,"[0.27006008971148604, 0.2522652343964959, 0.2688214878490609, 0.2705344266077006, 0.26957161854212797]","[[0.22455242321584185, 0.31556775620713023], [0.22275241238604226, 0.28177805640694953], [0.22335821626846544, 0.3142847594296564], [0.2319381993271133, 0.3091306538882879], [0.22319115450066115, 0.3159520825835948]]","[[40, 40], [40, 40], [40, 40], [40, 40], [40, 40]]",1,2,1,2
44,A,contrast_low,"[0.2870098748047579, 0.23020490126170817, 0.27378169166836624, 0.25803876592033226, 0.2849744583483807]","[[0.2192625408638349, 0.35475720874568095], [0.18859616434654053, 0.2718136381768758], [0.23071664869707456, 0.31684673463965796], [0.22387747325297544, 0.29220005858768905], [0.22545243985384072, 0.3444964768429207]]","[[40, 40], [40, 40], [40, 40], [40, 40], [40, 40]]",1,2,1,2
44,A,gaussian_noise,"[0.21871397102362738, 0.2001674381127127, 0.2073658216123073, 0.22429375470161184, 0.21266574870498678]","[[0.18979371950743357, 0.2476342225398212], [0.18139392669326088, 0.2189409495321645], [0.19575875204859833, 0.21897289117601626], [0.18891878404884827, 0.2596687253543754], [0.19370615852946607, 0.23162533888050746]]","[[40, 40], [40, 40], [40, 40], [40, 40], [40, 40]]",1,2,1,2
44,A,gaussian_blur,"[0.23616921900322338, 0.21330013591909963, 0.2302166046619693, 0.22679997772013474, 0.23822080404488075]","[[0.19515767908716247, 0.2771807589192843], [0.2056432926681408, 0.22095697917005847], [0.21195557665483772, 0.24847763266910086], [0.2001199694602051, 0.2534799859800644], [0.1984505636625376, 0.2779910444272239]]","[[40, 40], [40, 40], [40, 40], [40, 40], [40, 40]]",1,2,1,2
44,B,clean,"[0.23659351961109007, 0.20580090130099998, 0.23271317674562314, 0.23420282586764896, 0.23860730650255468]","[[0.19854421959394336, 0.2746428196282368], [0.17903287626483602, 0.23256892633716397], [0.20780222720667973, 0.25762412628456655], [0.1985804587656181, 0.2698251929696798], [0.20188272239726696, 0.2753318906078424]]","[[40, 40], [40, 40], [40, 40], [40, 40], [40, 40]]",1,2,1,2
44,B,brightness_dark,"[0.27006008971148604, 0.25043915991020127, 0.278264022494212, 0.2753005595799566, 0.27069494010435513]","[[0.22455242321584185, 0.31556775620713023], [0.22233629958374806, 0.27854202023665453], [0.22428795686670222, 0.3322400881217218], [0.23278543928688386, 0.3178156798730293], [0.22341194870606698, 0.3179779315026433]]","[[40, 40], [40, 40], [40, 40], [40, 40], [40, 40]]",1,2,1,2
44,B,contrast_low,"[0.2870098748047579, 0.23212320494899646, 0.28556824521135704, 0.2629486849355672, 0.2853346836820582]","[[0.2192625408638349, 0.35475720874568095], [0.19103729133208264, 0.2732091185659103], [0.23931850285334005, 0.331817987569374], [0.22073336681760636, 0.3051640030535281], [0.226240781813751, 0.34442858555036543]]","[[40, 40], [40, 40], [40, 40], [40, 40], [40, 40]]",1,2,1,2
44,B,gaussian_noise,"[0.21871397102362738, 0.20039659864614318, 0.2083797780204913, 0.22394946660966325, 0.21262391398785221]","[[0.18979371950743357, 0.2476342225398212], [0.1825726897985164, 0.21822050749376998], [0.20122677428155225, 0.2155327817594303], [0.18839982923997464, 0.2594991039793519], [0.19445702336286771, 0.23079080461283671]]","[[40, 40], [40, 40], [40, 40], [40, 40], [40, 40]]",1,2,1,2
44,B,gaussian_blur,"[0.23616921900322338, 0.21064445737405216, 0.2402246907553493, 0.2283784046198276, 0.2391104117408744]","[[0.19515767908716247, 0.2771807589192843], [0.20340718888918286, 0.21788172585892146], [0.2198844746180971, 0.26056490689260153], [0.199199595343705, 0.2575572138959502], [0.1992888070422466, 0.2789320164395022]]","[[40, 40], [40, 40], [40, 40], [40, 40], [40, 40]]",1,2,1,2
45,A,clean,"[0.4208014057356319, 0.3894544490556421, 0.3804379059525647, 0.435884827525295, 0.4100925786967271]","[[0.478691430035322, 0.3629113814359418], [0.4319303455092533, 0.34697855260203087], [0.41992830288802524, 0.3409475090171042], [0.5182114107905994, 0.35355824425999066], [0.4594428881873105, 0.36074226920614366]]","[[40, 40], [40, 40], [40, 40], [40, 40], [40, 40]]",2,4,2,4
45,A,brightness_dark,"[0.3989214331479907, 0.38803849371213356, 0.39049041135445295, 0.40207086760105026, 0.41225170860766525]","[[0.3983861926778335, 0.39945667361814796], [0.3905550454933302, 0.3855219419309369], [0.41884233738250226, 0.3621384853264037], [0.40429336725492, 0.3998483679471806], [0.419529547784191, 0.40497386943113955]]","[[40, 40], [40, 40], [40, 40], [40, 40], [40, 40]]",1,2,2,4
45,A,contrast_low,"[0.5566463094242347, 0.4817961759442603, 0.4826609287076568, 0.5843022521917055, 0.5127777149553048]","[[0.6075346319571071, 0.5057579868913622], [0.5598960586917222, 0.4036962931967983], [0.5610104179648465, 0.4043114394504671], [0.6519222357226973, 0.5166822686607138], [0.596697220045381, 0.42885820986522855]]","[[40, 40], [40, 40], [40, 40], [40, 40], [40, 40]]",1,2,2,4
45,A,gaussian_noise,"[0.4161403913453305, 0.4012934023195146, 0.3769144853212623, 0.42384650603329577, 0.3995570577963633]","[[0.4416953094646887, 0.39058547322597226], [0.44265789499816677, 0.35992890964086244], [0.3825152438192375, 0.3713137268232871], [0.458431548559441, 0.3892614635071506], [0.4198369038782124, 0.3792772117145143]]","[[40, 40], [40, 40], [40, 40], [40, 40], [40, 40]]",2,4,2,4
45,A,gaussian_blur,"[0.5798509687722326, 0.4631393045687115, 0.502150139561639, 0.5363951025243612, 0.5664869569863636]","[[0.659355874909094, 0.5003460626353712], [0.5435106234249256, 0.38276798571249737], [0.5928814339845483, 0.4114188451387298], [0.6291792754775829, 0.44361092957113935], [0.6483576731227085, 0.4846162408500188]]","[[40, 40], [40, 40], [40, 40], [40, 40], [40, 40]]",1,2,2,4
45,B,clean,"[0.4208014057356319, 0.3912304019846789, 0.37878928749869895, 0.43504845574701456, 0.4078445728619289]","[[0.478691430035322, 0.3629113814359418], [0.4357925488555406, 0.3466682551138172], [0.41328472974677455, 0.34429384525062334], [0.5140183691650007, 0.3560785423290284], [0.4559928503870306, 0.35969629533682723]]","[[40, 40], [40, 40], [40, 40], [40, 40], [40, 40]]",2,4,2,4
45,B,brightness_dark,"[0.3989214331479907, 0.3851235261337644, 0.39323957176299235, 0.39275180810733235, 0.4124560103565794]","[[0.3983861926778335, 0.39945667361814796], [0.38657373464931255, 0.3836733176182162], [0.4199836774968301, 0.3664954660291546], [0.3971052242342601, 0.3883983919804046], [0.41891778237951066, 0.4059942383336481]]","[[40, 40], [40, 40], [40, 40], [40, 40], [40, 40]]",1,2,2,4
45,B,contrast_low,"[0.5566463094242347, 0.4807288309650153, 0.47155704998910997, 0.5849721376679164, 0.5084502721946147]","[[0.6075346319571071, 0.5057579868913622], [0.5676777496135706, 0.39377991231645987], [0.544058046037317, 0.399056053940903], [0.6349936265385778, 0.534950648797255], [0.5903060099783547, 0.4265945344108747]]","[[40, 40], [40, 40], [40, 40], [40, 40], [40, 40]]",2,4,2,4
45,B,gaussian_noise,"[0.4161403913453305, 0.4014547309766635, 0.3670320418873158, 0.4250579108290248, 0.39820513683408865]","[[0.4416953094646887, 0.39058547322597226], [0.4424371651065438, 0.36047229684678317], [0.36885866005707624, 0.3652054237175554], [0.45858752806062597, 0.39152829359742364], [0.4187963484351048, 0.3776139252330725]]","[[40, 40], [40, 40], [40, 40], [40, 40], [40, 40]]",2,4,2,4
45,B,gaussian_blur,"[0.5798509687722326, 0.4631735187028851, 0.5098544494010602, 0.5457221458850722, 0.565091574340841]","[[0.659355874909094, 0.5003460626353712], [0.5491017909566416, 0.3772452464491286], [0.6046369904720634, 0.41507190833005686], [0.6381642211096603, 0.45328007066048404], [0.6496559403106361, 0.48052720837104596]]","[[40, 40], [40, 40], [40, 40], [40, 40], [40, 40]]",1,2,2,4
46,A,clean,"[0.3099883941109959, 0.3006670303316518, 0.29732138837350874, 0.31633373706512335, 0.3092591835575491]","[[0.3030659602531348, 0.3169108279688569], [0.30163416128898646, 0.2996998993743172], [0.28450255753106324, 0.3101402192159543], [0.3046892890904361, 0.3279781850398106], [0.2958811627526495, 0.3226372043624487]]","[[40, 40], [40, 40], [40, 40], [40, 40], [40, 40]]",2,4,2,4
46,A,brightness_dark,"[0.3092890780044437, 0.27482182325270205, 0.29963716181540684, 0.31117736355129366, 0.3049896297182039]","[[0.24087232712584133, 0.37770582888304605], [0.2436527504024025, 0.3059908961030016], [0.24249021399876466, 0.356784109632049], [0.23398310958158622, 0.3883716175210011], [0.23459489393729957, 0.37538436549910825]]","[[40, 40], [40, 40], [40, 40], [40, 40], [40, 40]]",1,2,2,4
46,A,contrast_low,"[0.3347636876963321, 0.3794470465222918, 0.32359704735213485, 0.33306055164536363, 0.3244946085104143]","[[0.2953113186010288, 0.37421605679163533], [0.2732826998973241, 0.4856113931472594], [0.2762734713620931, 0.37092062334217657], [0.3205345632046087, 0.34558654008611855], [0.2905829841625347, 0.35840623285829387]]","[[40, 40], [40, 40], [40, 40], [40, 40], [40, 40]]",2,4,2,4
46,A,gaussian_noise,"[0.30185105390576306, 0.2669068412142236, 0.2724918190150887, 0.30873080167423594, 0.2913309258763406]","[[0.28613572082757033, 0.3175663869839558], [0.247976740858745, 0.28583694156970224], [0.2514161391312054, 0.29356749889897193], [0.2906797338191739, 0.326781869529298], [0.27695616258593725, 0.3057056891667439]]","[[40, 40], [40, 40], [40, 40], [40, 40], [40, 40]]",1,2,2,4
46,A,gaussian_blur,"[0.3663943280060881, 0.3348325475771419, 0.36845202490216467, 0.35752115815181507, 0.3709082628261654]","[[0.3617235542596462, 0.37106510175253005], [0.3071291304853448, 0.36253596466893906], [0.3503819271473588, 0.3865221226569705], [0.3617548213792743, 0.3532874949243559], [0.3491019080942036, 0.39271461755812725]]","[[40, 40], [40, 40], [40, 40], [40, 40], [40, 40]]",1,2,2,4
46,B,clean,"[0.3099883941109959, 0.2976940656702935, 0.2911134595471178, 0.3202525516512104, 0.3082708354287814]","[[0.3030659602531348, 0.3169108279688569], [0.29990160793334064, 0.29548652340724635], [0.27403072606655376, 0.30819619302768186], [0.3083758821623703, 0.33212922114005056], [0.29378363274069774, 0.3227580381168651]]","[[40, 40], [40, 40], [40, 40], [40, 40], [40, 40]]",2,4,2,4
46,B,brightness_dark,"[0.3092890780044437, 0.2722940822926502, 0.3034649785054239, 0.3138431374674457, 0.3031763739469437]","[[0.24087232712584133, 0.37770582888304605], [0.24236076701167794, 0.3022273975736224], [0.2452430406574569, 0.36168691635339095], [0.23700747853613544, 0.39067879639875597], [0.2335251877610213, 0.37282756013286605]]","[[40, 40], [40, 40], [40, 40], [40, 40], [40, 40]]",1,2,2,4
46,B,contrast_low,"[0.3347636876963321, 0.37041689730409066, 0.31263186444434826, 0.33207595286111957, 0.3242713091421674]","[[0.2953113186010288, 0.37421605679163533], [0.27895774840650117, 0.4618760462016801], [0.2647048666686307, 0.36055886222006583], [0.32013142778128123, 0.3440204779409579], [0.28992800803783664, 0.3586146102464982]]","[[40, 40], [40, 40], [40, 40], [40, 40], [40, 40]]",2,4,2,4
46,B,gaussian_noise,"[0.30185105390576306, 0.26736436728362306, 0.27255712008605615, 0.3108136446479861, 0.2909523354772935]","[[0.28613572082757033, 0.3175663869839558], [0.2504580276206547, 0.2842707069465914], [0.23980090410615035, 0.305313336065962], [0.2912769641014436, 0.33035032519452867], [0.2763778327863079, 0.3055268381682791]]","[[40, 40], [40, 40], [40, 40], [40, 40], [40, 40]]",1,2,2,4
46,B,gaussian_blur,"[0.3663943280060881, 0.3261948459661449, 0.3700682022759497, 0.3647464101968124, 0.37163330600848976]","[[0.3617235542596462, 0.37106510175253005], [0.30059567081096994, 0.3517940211213199], [0.3484530285451249, 0.3916833760067745], [0.36674175759709415, 0.36275106279653063], [0.34825781478505824, 0.3950087972319212]]","[[40, 40], [40, 40], [40, 40], [40, 40], [40, 40]]",1,2,2,4
47,A,clean,"[0.20375973992082025, 0.2298775542104957, 0.18397437025550817, 0.20617838859250803, 0.19840261092872835]","[[0.1346676445357388, 0.27285183530590174], [0.15253545341329877, 0.3072196550076926], [0.13066075789088577, 0.23728798262013057], [0.13416345170783286, 0.27819332547718323], [0.13713517028749495, 0.25967005156996176]]","[[40, 40], [40, 40], [40, 40], [40, 40], [40, 40]]",2,4,2,4
47,A,brightness_dark,"[0.17700242947029587, 0.17223713157650505, 0.18176009366621088, 0.17523317510153058, 0.17567342071965533]","[[0.14577960778359408, 0.2082252511569977], [0.13667075480730057, 0.20780350834570954], [0.14916752845457434, 0.2143526588778474], [0.13683044832517038, 0.21363590187789078], [0.1438290963426542, 0.20751774509665646]]","[[40, 40], [40, 40], [40, 40], [40, 40], [40, 40]]",1,2,2,4
47,A,contrast_low,"[0.2811002503283381, 0.3210701922604545, 0.26877051994665835, 0.2742434423078347, 0.27081895503858544]","[[0.15607302451961919, 0.406127476137057], [0.18286954896056629, 0.45927083556034276], [0.16660076577916233, 0.3709402741141544], [0.14828803508359084, 0.4001988495320786], [0.15420160029292398, 0.38743630978424687]]","[[40, 40], [40, 40], [40, 40], [40, 40], [40, 40]]",2,4,2,4
47,A,gaussian_noise,"[0.19654741550073337, 0.18513935569167106, 0.1774217951755117, 0.19841263232452389, 0.18954445316405627]","[[0.15298073846324617, 0.24011409253822058], [0.15522488996168193, 0.21505382142166019], [0.1456209429994783, 0.2092226473515451], [0.1512789515232825, 0.24554631312576528], [0.14993721843175228, 0.22915168789636028]]","[[40, 40], [40, 40], [40, 40], [40, 40], [40, 40]]",2,4,2,4
47,A,gaussian_blur,"[0.2624922341289224, 0.33070191390970144, 0.2445007104980973, 0.2531584280579574, 0.2637451999438823]","[[0.1427677130076727, 0.3822167552501722], [0.17023794060217892, 0.49116588721722393], [0.14586054650991617, 0.3431408744862784], [0.14000738627328074, 0.36630946984263413], [0.14593443038107953, 0.381555969506685]]","[[40, 40], [40, 40], [40, 40], [40, 40], [40, 40]]",2,4,2,4
47,B,clean,"[0.20375973992082025, 0.23007509825954542, 0.1825353832423956, 0.20779262999595496, 0.19768760428432214]","[[0.1346676445357388, 0.27285183530590174], [0.1514993114670062, 0.3086508850520846], [0.1319054483353064, 0.23316531814948482], [0.13422068570252566, 0.2813645742893843], [0.13750351114183576, 0.2578716974268085]]","[[40, 40], [40, 40], [40, 40], [40, 40], [40, 40]]",2,4,2,4
47,B,brightness_dark,"[0.17700242947029587, 0.17287141793122687, 0.17948861474584393, 0.17569507732447348, 0.17622976042948973]","[[0.14577960778359408, 0.2082252511569977], [0.1376682361904874, 0.20807459967196634], [0.14999777952579443, 0.2089794499658934], [0.13870608556654695, 0.21268406908239998], [0.1446731511099632, 0.20778636974901624]]","[[40, 40], [40, 40], [40, 40], [40, 40], [40, 40]]",1,2,2,4
47,B,contrast_low,"[0.2811002503283381, 0.32391121350814556, 0.24524274811200247, 0.2733963084755539, 0.2699421421041625]","[[0.15607302451961919, 0.406127476137057], [0.18217402695209922, 0.46564840006419184], [0.16290956488728933, 0.3275759313367156], [0.14992096641491146, 0.3968716505361964], [0.15422115527091665, 0.38566312893740834]]","[[40, 40], [40, 40], [40, 40], [40, 40], [40, 40]]",2,4,2,4
47,B,gaussian_noise,"[0.19654741550073337, 0.18473266339079136, 0.17747856912263818, 0.19788223658466234, 0.18923206761540795]","[[0.15298073846324617, 0.24011409253822058], [0.15451041979155966, 0.21495490699002304], [0.1478261519087496, 0.20713098633652677], [0.1504073232017012, 0.24535714996762348], [0.1501113021281731, 0.22835283310264276]]","[[40, 40], [40, 40], [40, 40], [40, 40], [40, 40]]",2,4,2,4
47,B,gaussian_blur,"[0.2624922341289224, 0.3385795546305287, 0.2338815036475028, 0.25295348769303017, 0.2633817928594232]","[[0.1427677130076727, 0.3822167552501722], [0.16871931066461837, 0.5084397985964391], [0.1468737774356677, 0.3208892298593379], [0.13932356593662729, 0.366583409449433], [0.14608244158994443, 0.3806811441289019]]","[[40, 40], [40, 40], [40, 40], [40, 40], [40, 40]]",2,4,2,4
48,A,clean,"[0.36264988579800217, 0.35058691303400696, 0.3409970127710738, 0.3535969386674703, 0.3600061586210746]","[[0.41822786908732434, 0.30707190250868005], [0.4246127236528956, 0.27656110241511833], [0.401281466684842, 0.2807125588573056], [0.41425310640948804, 0.2929407709254525], [0.4153168549421835, 0.3046954622999657]]","[[40, 40], [40, 40], [40, 40], [40, 40], [40, 40]]",2,4,2,4
48,A,brightness_dark,"[0.36538003913222705, 0.33624581606132675, 0.34534695450101505, 0.36092162990336635, 0.35928906301640484]","[[0.39571324238254124, 0.3350468358819129], [0.3574417857342607, 0.31504984638839273], [0.3599350328337855, 0.3307588761682446], [0.39710106688815455, 0.32474219291857814], [0.37115582795773505, 0.3474222980750747]]","[[40, 40], [40, 40], [40, 40], [40, 40], [40, 40]]",1,2,2,4
48,A,contrast_low,"[0.44452487329579127, 0.4496582207782591, 0.38731167709476677, 0.46366348351887327, 0.41732246606061346]","[[0.6063362277860728, 0.2827135188055098], [0.5772390822671325, 0.3220773592893858], [0.4939515561818711, 0.28067179800766245], [0.6499081857451341, 0.27741878129261244], [0.5561495636529858, 0.2784953684682411]]","[[40, 40], [40, 40], [40, 40], [40, 40], [40, 40]]",2,4,2,4
48,A,gaussian_noise,"[0.3683507226063333, 0.36147830173766676, 0.35296002603386584, 0.36452707392418826, 0.371582318746638]","[[0.4150686986686948, 0.3216327465439717], [0.44051399025114985, 0.2824426132241837], [0.41038860225891616, 0.2955314498088155], [0.4094959179473309, 0.31955822990104554], [0.42358790428031695, 0.31957673321295904]]","[[40, 40], [40, 40], [40, 40], [40, 40], [40, 40]]",2,4,2,4
48,A,gaussian_blur,"[0.4990683125940062, 0.4541643136907925, 0.4621397252266025, 0.4841806884696117, 0.49145034481544436]","[[0.6170168683348509, 0.38111975685316146], [0.5883066154607125, 0.32002201192087254], [0.5677157939849902, 0.35656365646821486], [0.6211493636210179, 0.3472120133182055], [0.6064015001022034, 0.3764991895286854]]","[[40, 40], [40, 40], [40, 40], [40, 40], [40, 40]]",1,2,2,4
48,B,clean,"[0.36264988579800217, 0.3507259520391056, 0.3386064938205359, 0.3542960224799519, 0.3592203455687731]","[[0.41822786908732434, 0.30707190250868005], [0.42720121189572113, 0.27425069218249015], [0.39363798122148885, 0.283575006419583], [0.41542896297659704, 0.29316308198330676], [0.4150274107999913, 0.3034132803375549]]","[[40, 40], [40, 40], [40, 40], [40, 40], [40, 40]]",2,4,2,4
48,B,brightness_dark,"[0.36538003913222705, 0.3358567929906995, 0.3438929982862351, 0.35701586110124084, 0.359588450968303]","[[0.39571324238254124, 0.3350468358819129], [0.3586229002063249, 0.3130906857750741], [0.3610222947834211, 0.3267637017890491], [0.3926040180681712, 0.3214277041343105], [0.3712213734909474, 0.3479555284456586]]","[[40, 40], [40, 40], [40, 40], [40, 40], [40, 40]]",1,2,2,4
48,B,contrast_low,"[0.44452487329579127, 0.45019392152300525, 0.3913233945539002, 0.45166364245362983, 0.4174667518693526]","[[0.6063362277860728, 0.2827135188055098], [0.5740640027237811, 0.3263238403222294], [0.509715909036611, 0.2729308800711893], [0.627764487492869, 0.2755627974143907], [0.5572316070757515, 0.27770189666295375]]","[[40, 40], [40, 40], [40, 40], [40, 40], [40, 40]]",2,4,2,4
48,B,gaussian_noise,"[0.3683507226063333, 0.361211275480289, 0.34609600130638507, 0.363154962287063, 0.3724067888287317]","[[0.4150686986686948, 0.3216327465439717], [0.43983148570586117, 0.2825910652547167], [0.40178754623655505, 0.29040445637621515], [0.4084115815853324, 0.31789834298879355], [0.4251785808052059, 0.31963499685225755]]","[[40, 40], [40, 40], [40, 40], [40, 40], [40, 40]]",2,4,2,4
48,B,gaussian_blur,"[0.4990683125940062, 0.4505311651044236, 0.45087217853693007, 0.48662460406030417, 0.4900183987810541]","[[0.6170168683348509, 0.38111975685316146], [0.5829963977162155, 0.3180659324926317], [0.5462042796765328, 0.35554007739732724], [0.6229643233165045, 0.35028488480410386], [0.6046511509847928, 0.3753856465773153]]","[[40, 40], [40, 40], [40, 40], [40, 40], [40, 40]]",1,2,2,4
49,A,clean,"[0.3687448267300779, 0.31785721080630946, 0.34483486398542873, 0.3834136722927022, 0.3606373278322161]","[[0.3340291497300795, 0.40346050373007625], [0.282206776563379, 0.3535076450492399], [0.3020239704505384, 0.38764575752031905], [0.34359187350083414, 0.4232354710845702], [0.3197500977303367, 0.40152455793409547]]","[[40, 40], [40, 40], [40, 40], [40, 40], [40, 40]]",1,2,1,2
49,A,brightness_dark,"[0.34841611482293955, 0.3519225972013899, 0.3711033885624424, 0.33881826063012377, 0.34464347062493994]","[[0.29298321846910846, 0.4038490111767706], [0.29937346235993983, 0.40447173204284], [0.2869329787210403, 0.4552737984038446], [0.2941930901351217, 0.3834434311251259], [0.295577599246249, 0.3937093420036309]]","[[40, 40], [40, 40], [40, 40], [40, 40], [40, 40]]",3,8,1,2
49,A,contrast_low,"[0.3506169566378597, 0.32169663865659937, 0.36350485251354037, 0.3669669805031031, 0.3656660427641879]","[[0.35936979952799925, 0.34186411374772013], [0.33019841872218, 0.3131948585910188], [0.3388253450822992, 0.38818435994478145], [0.3702477415645642, 0.36368621944164203], [0.3532593815259866, 0.3780727040023891]]","[[40, 40], [40, 40], [40, 40], [40, 40], [40, 40]]",1,2,1,2
49,A,gaussian_noise,"[0.32774545201341043, 0.30540169083320834, 0.2957829207968966, 0.3450826635513847, 0.3164235640862213]","[[0.32492864153044765, 0.3305622624963732], [0.2943749893312508, 0.31642839233516595], [0.2788924118428052, 0.31267342975098805], [0.33502170345869736, 0.35514362364407204], [0.31245636560774237, 0.32039076256470017]]","[[40, 40], [40, 40], [40, 40], [40, 40], [40, 40]]",2,4,1,2
49,A,gaussian_blur,"[0.39947239617797503, 0.3186421567462717, 0.36880701323091386, 0.40398043610789475, 0.38998476094168194]","[[0.3810053006490367, 0.41793949170691336], [0.2891163521084861, 0.3481679613840573], [0.33875089164369676, 0.39886313481813096], [0.38021678342328386, 0.42774408879250564], [0.36868751121561877, 0.4112820106677451]]","[[40, 40], [40, 40], [40, 40], [40, 40], [40, 40]]",1,2,1,2
49,B,clean,"[0.3687448267300779, 0.3192980232886281, 0.3417899195864156, 0.38361171801425953, 0.3611914715758006]","[[0.3340291497300795, 0.40346050373007625], [0.284009756252695, 0.3545862903245612], [0.3010169571716805, 0.38256288200115074], [0.3439206985447739, 0.4233027374837451], [0.3194285994317527, 0.4029543437198485]]","[[40, 40], [40, 40], [40, 40], [40, 40], [40, 40]]",1,2,1,2
49,B,brightness_dark,"[0.34841611482293955, 0.35249727932067487, 0.3635392409494729, 0.3412647645209941, 0.3454977622875166]","[[0.29298321846910846, 0.4038490111767706], [0.30078444336005383, 0.40421011528129586], [0.28436823225239205, 0.44271024964655376], [0.2953644428169651, 0.3871650862250231], [0.29524803944510114, 0.39574748512993213]]","[[40, 40], [40, 40], [40, 40], [40, 40], [40, 40]]",3,8,1,2
49,B,contrast_low,"[0.3506169566378597, 0.3232228362569906, 0.35628222173035173, 0.36666955391160894, 0.3651141330382096]","[[0.35936979952799925, 0.34186411374772013], [0.33066224093214514, 0.3157834315818361], [0.3367100448738266, 0.37585439858687686], [0.37016230738313827, 0.3631768004400796], [0.35275804246867215, 0.37747022360774707]]","[[40, 40], [40, 40], [40, 40], [40, 40], [40, 40]]",1,2,1,2
49,B,gaussian_noise,"[0.32774545201341043, 0.30532658397785783, 0.29042149845662146, 0.34637523214036803, 0.3165925504375553]","[[0.32492864153044765, 0.3305622624963732], [0.2977258696486199, 0.31292729830709576], [0.2772035004240248, 0.30363949648921806], [0.3356212763121559, 0.35712918796858023], [0.3118255657033008, 0.3213595351718098]]","[[40, 40], [40, 40], [40, 40], [40, 40], [40, 40]]",2,4,1,2
49,B,gaussian_blur,"[0.39947239617797503, 0.32142637936488105, 0.3632492155536783, 0.40525158439730397, 0.3897717973894912]","[[0.3810053006490367, 0.41793949170691336], [0.29370376516499397, 0.34914899356476814], [0.33940037434122594, 0.3870980567661307], [0.38098234433903866, 0.4295208244555693], [0.3685966922664886, 0.4109469025124938]]","[[40, 40], [40, 40], [40, 40], [40, 40], [40, 40]]",1,2,1,2
50,A,clean,"[0.51472198225517, 0.4927920231040489, 0.4575438505029058, 0.5065622216086961, 0.5084792943285074]","[[0.30693274590972097, 0.722511218600619], [0.25245282029205085, 0.733131225916047], [0.2664901800725449, 0.6485975209332667], [0.3119297981272394, 0.7011946450901528], [0.3174334379208035, 0.6995251507362112]]","[[40, 40], [40, 40], [40, 40], [40, 40], [40, 40]]",2,4,2,4
50,A,brightness_dark,"[0.5115334994516827, 0.4581790822217463, 0.4682450014595829, 0.4964733539132431, 0.4944128971061499]","[[0.3648187978734799, 0.6582482010298853], [0.3296028164249244, 0.5867553480185682], [0.33321188343143865, 0.6032781194877271], [0.3373938640614746, 0.6555528437650116], [0.3388529754429459, 0.6499728187693539]]","[[40, 40], [40, 40], [40, 40], [40, 40], [40, 40]]",1,2,2,4
50,A,contrast_low,"[0.8967101579854648, 0.560854232317209, 0.8452561420414209, 1.0338592969991518, 0.8418302505701113]","[[0.8068153042518856, 0.986605011719044], [0.28228878899439236, 0.8394196756400257], [0.5746864995634752, 1.1158257845193664], [1.0063997388630732, 1.0613188551352304], [0.513997964836191, 1.1696625363040316]]","[[40, 40], [40, 40], [40, 40], [40, 40], [40, 40]]",1,2,2,4
50,A,gaussian_noise,"[0.4412964653502569, 0.439163300333592, 0.3986270106054589, 0.4391630028073561, 0.43968470527799497]","[[0.3051388605755345, 0.5774540701249793], [0.26511216314176067, 0.6132144375254234], [0.28674977542739605, 0.5105042457835218], [0.29353036349249323, 0.584795642122219], [0.3185886509961929, 0.560780759559797]]","[[40, 40], [40, 40], [40, 40], [40, 40], [40, 40]]",2,4,2,4
50,A,gaussian_blur,"[0.571581057555584, 0.6298906111067649, 0.5716142595889308, 0.551945141270415, 0.5832754251051872]","[[0.4118431252561887, 0.7313189898549792], [0.33280348420276484, 0.926977738010765], [0.4289868330449341, 0.7142416861329274], [0.3902620912652951, 0.7136281912755349], [0.4238155265701405, 0.7427353236402339]]","[[40, 40], [40, 40], [40, 40], [40, 40], [40, 40]]",3,8,2,4
50,B,clean,"[0.51472198225517, 0.4910903433758185, 0.43358564251291654, 0.5066873922901535, 0.5063679689679117]","[[0.30693274590972097, 0.722511218600619], [0.2478803208082189, 0.7343003659434182], [0.25905912987784613, 0.6081121551479869], [0.31043563329365426, 0.7029391512866527], [0.31458714808341637, 0.6981487898524069]]","[[40, 40], [40, 40], [40, 40], [40, 40], [40, 40]]",2,4,2,4
50,B,brightness_dark,"[0.5115334994516827, 0.46079143112864407, 0.46456295796531244, 0.499831591112404, 0.4933317893353769]","[[0.3648187978734799, 0.6582482010298853], [0.33084204507875264, 0.5907408171785354], [0.3422566003403773, 0.5868693155902476], [0.3405278972208542, 0.6591352850039538], [0.33730786552408176, 0.6493557131466721]]","[[40, 40], [40, 40], [40, 40], [40, 40], [40, 40]]",1,2,2,4
50,B,contrast_low,"[0.8967101579854648, 0.5759321990416209, 0.7636997068992413, 1.121527996201229, 0.841556868651486]","[[0.8068153042518856, 0.986605011719044], [0.29548709397875994, 0.8563773041044819], [0.517132370238161, 1.0102670435603216], [1.132517148078954, 1.110538844323504], [0.4936155993604302, 1.1894981379425418]]","[[40, 40], [40, 40], [40, 40], [40, 40], [40, 40]]",1,2,2,4
50,B,gaussian_noise,"[0.4412964653502569, 0.4438186299960512, 0.3825656585925155, 0.4379323350733599, 0.4380096322432834]","[[0.3051388605755345, 0.5774540701249793], [0.2703209437142169, 0.6173163162778855], [0.2920490934734842, 0.47308222371154685], [0.29421773949498975, 0.58164693065173], [0.3186476110224742, 0.5573716534640926]]","[[40, 40], [40, 40], [40, 40], [40, 40], [40, 40]]",2,4,2,4
50,B,gaussian_blur,"[0.571581057555584, 0.6228717343278805, 0.5302184500507894, 0.5541899729910532, 0.5803884510070393]","[[0.4118431252561887, 0.7313189898549792], [0.320102261308383, 0.9256412073473779], [0.4058776074843314, 0.6545592926172473], [0.39469407574317505, 0.7136858702389314], [0.4215640967501102, 0.7392128052639684]]","[[40, 40], [40, 40], [40, 40], [40, 40], [40, 40]]",2,4,2,4
51,A,clean,"[0.14602146446291703, 0.14347280491444409, 0.14362761798405116, 0.1454054208596153, 0.14909614096525126]","[[0.13417240163055846, 0.15787052729527556], [0.12855460410781308, 0.15839100572107512], [0.13579472283436095, 0.15146051313374137], [0.141866306231662, 0.1489445354875686], [0.1374721570008414, 0.16072012492966112]]","[[40, 40], [40, 40], [40, 40], [40, 40], [40, 40]]",1,2,1,2
51,A,brightness_dark,"[0.1642014717722628, 0.16548345341656867, 0.154013758270459, 0.16212033669872716, 0.16151122702182785]","[[0.155905926674964, 0.17249701686956162], [0.16903782999976663, 0.16192907683337068], [0.1522708872247149, 0.1557566293162031], [0.15790409042271164, 0.16633658297474269], [0.15317465808747627, 0.1698477959561794]]","[[40, 40], [40, 40], [40, 40], [40, 40], [40, 40]]",2,4,1,2
51,A,contrast_low,"[0.22636648908158985, 0.22178648249160565, 0.2040777275608261, 0.21969697614644224, 0.21596828201382035]","[[0.20952640030484773, 0.24320657785833194], [0.18932039773422166, 0.25425256724898965], [0.19736833609801635, 0.21078711902363584], [0.2249511538379844, 0.21444279845490005], [0.2083592230073827, 0.22357734102025803]]","[[40, 40], [40, 40], [40, 40], [40, 40], [40, 40]]",2,4,1,2
51,A,gaussian_noise,"[0.1461812055076936, 0.12591888274101165, 0.14364213709573448, 0.14616303630598468, 0.14788531746141495]","[[0.1472648488700719, 0.1450975621453153], [0.1312256779611657, 0.12061208752085759], [0.1425637389762957, 0.14472053521517328], [0.14581282012101535, 0.146513252490954], [0.14782019989438816, 0.14795043502844174]]","[[40, 40], [40, 40], [40, 40], [40, 40], [40, 40]]",1,2,1,2
51,A,gaussian_blur,"[0.1443156398835851, 0.13938771673764314, 0.15179601196250245, 0.13091468210757995, 0.152571184725325]","[[0.1350412030123411, 0.1535900767548291], [0.1223146651145343, 0.15646076836075196], [0.1403201343055951, 0.1632718896194098], [0.12966038019589285, 0.13216898401926708], [0.1415266343999115, 0.16361573505073845]]","[[40, 40], [40, 40], [40, 40], [40, 40], [40, 40]]",3,8,1,2
51,B,clean,"[0.14602146446291703, 0.14167299731272726, 0.14221897307891018, 0.14632710554628553, 0.15027004436772157]","[[0.13417240163055846, 0.15787052729527556], [0.12823749383385757, 0.1551085007915969], [0.13542638470063986, 0.14901156145718047], [0.14141405407208385, 0.15124015702048718], [0.1392091867604804, 0.1613309019749627]]","[[40, 40], [40, 40], [40, 40], [40, 40], [40, 40]]",1,2,1,2
51,B,brightness_dark,"[0.1642014717722628, 0.16791080627076493, 0.15572652911747065, 0.16282977965268902, 0.16214060155800092]","[[0.155905926674964, 0.17249701686956162], [0.17232299675724133, 0.16349861578428854], [0.1556799776941309, 0.15577308054081043], [0.1564522659851728, 0.16920729332020523], [0.15407987272389362, 0.17020133039210825]]","[[40, 40], [40, 40], [40, 40], [40, 40], [40, 40]]",2,4,1,2
51,B,contrast_low,"[0.22636648908158985, 0.22095662352059287, 0.2007751654778621, 0.2204508063949676, 0.21596711221063447]","[[0.20952640030484773, 0.24320657785833194], [0.18704181914830775, 0.254871427892878], [0.19886898507699804, 0.20268134587872613], [0.2195777866967103, 0.22132382609322496], [0.20913254710960832, 0.22280167731166062]]","[[40, 40], [40, 40], [40, 40], [40, 40], [40, 40]]",2,4,1,2
51,B,gaussian_noise,"[0.1461812055076936, 0.1255457528439848, 0.14180550116723478, 0.1464345892944326, 0.14794939911354485]","[[0.1472648488700719, 0.1450975621453153], [0.13194871916253043, 0.11914278652543919], [0.1398576331088252, 0.14375336922564436], [0.14611059881446925, 0.1467585797743959], [0.148118195640109, 0.1477806025869807]]","[[40, 40], [40, 40], [40, 40], [40, 40], [40, 40]]",1,2,1,2
51,B,gaussian_blur,"[0.1443156398835851, 0.1372345410475297, 0.15422362380520235, 0.1313817501054828, 0.15402805287944293]","[[0.1350412030123411, 0.1535900767548291], [0.12100547861000573, 0.15346360348505364], [0.14409124543263452, 0.1643560021777702], [0.12930942299313875, 0.1334540772178269], [0.14388558177288907, 0.1641705239859968]]","[[40, 40], [40, 40], [40, 40], [40, 40], [40, 40]]",3,8,1,2
52,A,clean,"[0.5943712639644526, 0.5218945893024913, 0.5539882262144831, 0.6030480374142997, 0.5849031684351262]","[[0.7125196052600667, 0.4762229226688384], [0.5461674988538568, 0.4976216797511257], [0.6843669072427214, 0.4236095451862446], [0.705236642734729, 0.5008594320938704], [0.7213851173566516, 0.448421219513601]]","[[40, 40], [40, 40], [40, 40], [40, 40], [40, 40]]",1,2,1,2
52,A,brightness_dark,"[0.5013999087886264, 0.5318763284686987, 0.47783981883696186, 0.49252114320214335, 0.4874627119400678]","[[0.53724804739072, 0.4655517701865328], [0.6497200829131933, 0.41403257402420407], [0.5657153655516056, 0.3899642721223181], [0.5172701832892693, 0.4677721031150174], [0.5582004649762797, 0.41672495890385586]]","[[40, 40], [40, 40], [40, 40], [40, 40], [40, 40]]",2,4,1,2
52,A,contrast_low,"[0.597887852575268, 0.496272589124451, 0.6455340991036675, 0.6081144803736027, 0.6306517785055337]","[[0.687649725290585, 0.5081259798599509], [0.5299041923825349, 0.46264098586636704], [0.7738296064282831, 0.517238591779052], [0.6799621054058969, 0.5362668553413086], [0.7299099843546488, 0.5313935726564185]]","[[40, 40], [40, 40], [40, 40], [40, 40], [40, 40]]",1,2,1,2
52,A,gaussian_noise,"[0.49373053049751126, 0.443013391917758, 0.40781131725992126, 0.5201067648925238, 0.45766049463074143]","[[0.4695984198716701, 0.5178626411233523], [0.3886160219698163, 0.49741076186569977], [0.3902428303220239, 0.4253798041978187], [0.5025108729905998, 0.5377026567944478], [0.4287421244117179, 0.48657886484976504]]","[[40, 40], [40, 40], [40, 40], [40, 40], [40, 40]]",2,4,1,2
52,A,gaussian_blur,"[0.7777649893818412, 0.5880316099878058, 0.7109471424505323, 0.7455889994607099, 0.766654220583356]","[[0.880675005138156, 0.6748549736255265], [0.5402274153957309, 0.6358358045798808], [0.7927686624664931, 0.6291256224345714], [0.8477585960480593, 0.6434194028733605], [0.8635473624819177, 0.6697610786847944]]","[[40, 40], [40, 40], [40, 40], [40, 40], [40, 40]]",1,2,1,2
52,B,clean,"[0.5943712639644526, 0.5195909260118389, 0.5388901258162684, 0.6080572339172536, 0.5838602338211323]","[[0.7125196052600667, 0.4762229226688384], [0.5505181965589657, 0.48866365546471197], [0.6806277838719902, 0.3971524677605465], [0.7125203386681405, 0.5035941291663668], [0.7240387974823614, 0.44368167015990306]]","[[40, 40], [40, 40], [40, 40], [40, 40], [40, 40]]",1,2,1,2
52,B,brightness_dark,"[0.5013999087886264, 0.5352829206500116, 0.4737312518637344, 0.5033114798056404, 0.4864699633810346]","[[0.53724804739072, 0.4655517701865328], [0.6522406585693371, 0.41832518273068614], [0.5574826526477632, 0.38997985107970556], [0.5328505355678244, 0.4737724240434563], [0.560449649203207, 0.41249027755886225]]","[[40, 40], [40, 40], [40, 40], [40, 40], [40, 40]]",2,4,1,2
52,B,contrast_low,"[0.597887852575268, 0.49903164128089816, 0.6205097404185003, 0.6183087430015822, 0.6343815748771701]","[[0.687649725290585, 0.5081259798599509], [0.5381359759035693, 0.45992730665822706], [0.7752755449531902, 0.46574393588381036], [0.6653464101720166, 0.5712710758311479], [0.7391072242939518, 0.5296559254603883]]","[[40, 40], [40, 40], [40, 40], [40, 40], [40, 40]]",1,2,1,2
52,B,gaussian_noise,"[0.49373053049751126, 0.44374539100028926, 0.3964990014990937, 0.5210355470440116, 0.4541681515479567]","[[0.4695984198716701, 0.5178626411233523], [0.38934353095715285, 0.49814725104342567], [0.37934703030806705, 0.41365097269012036], [0.5037617438327434, 0.5383093502552796], [0.42733304752925816, 0.48100325556665524]]","[[40, 40], [40, 40], [40, 40], [40, 40], [40, 40]]",2,4,1,2
52,B,gaussian_blur,"[0.7777649893818412, 0.5788373331002273, 0.7070956689581147, 0.7529438991663776, 0.7721895171466473]","[[0.880675005138156, 0.6748549736255265], [0.5406923905480301, 0.6169822756524246], [0.8230760040167635, 0.591115333899466], [0.8566832875234447, 0.6492045108093105], [0.8758311572426891, 0.6685478770506054]]","[[40, 40], [40, 40], [40, 40], [40, 40], [40, 40]]",1,2,1,2
53,A,clean,"[0.28495814052481583, 0.2982066144189186, 0.27678168102962497, 0.28503296032735914, 0.28284925339080724]","[[0.291506839885652, 0.27840944116397964], [0.3157582917885469, 0.28065493704929034], [0.2618709304632557, 0.29169243159599423], [0.29878584701885963, 0.2712800736358586], [0.2771998110348918, 0.28849869574672277]]","[[40, 40], [40, 40], [40, 40], [40, 40], [40, 40]]",2,4,2,4
53,A,brightness_dark,"[0.3207080578543433, 0.2985449557072818, 0.30163260246753876, 0.3294706502803276, 0.31791909232205817]","[[0.36591098870464595, 0.2755051270040406], [0.30905309011898924, 0.28803682129557434], [0.3319608983458825, 0.27130430658919497], [0.3838265797366084, 0.2751147208240468], [0.35151296760995127, 0.28432521703416513]]","[[40, 40], [40, 40], [40, 40], [40, 40], [40, 40]]",1,2,2,4
53,A,contrast_low,"[0.2702416357886736, 0.31812501862934217, 0.28570870019738814, 0.2719944377830399, 0.27525456277033356]","[[0.25550261380253403, 0.2849806577748132], [0.29427782997719387, 0.3419722072814905], [0.25801315279954384, 0.31340424759523244], [0.258829835684251, 0.28515903988182884], [0.2586359231065376, 0.29187320243412956]]","[[40, 40], [40, 40], [40, 40], [40, 40], [40, 40]]",0,1,2,4
53,A,gaussian_noise,"[0.28358470820005793, 0.304166927053737, 0.28963255638971985, 0.2849057046314376, 0.2852389092183495]","[[0.28277576777453567, 0.2843936486255802], [0.30236945902366985, 0.30596439508380413], [0.25793013643979057, 0.3213349763396492], [0.29249434202651037, 0.2773170672363648], [0.2662779923408082, 0.30419982609589075]]","[[40, 40], [40, 40], [40, 40], [40, 40], [40, 40]]",0,1,2,4
53,A,gaussian_blur,"[0.28144064787771017, 0.29604853453976476, 0.2846869917964626, 0.2749011275279555, 0.28921327877320124]","[[0.3025338543625532, 0.2603474413928672], [0.31839404104320934, 0.27370302803632013], [0.30173549675179856, 0.2676384868411266], [0.29677222403180187, 0.25303003102410904], [0.3086980680482451, 0.2697284894981574]]","[[40, 40], [40, 40], [40, 40], [40, 40], [40, 40]]",3,8,2,4
53,B,clean,"[0.28495814052481583, 0.29976859558797897, 0.27807693330852745, 0.28594634616182724, 0.2831141214880285]","[[0.291506839885652, 0.27840944116397964], [0.319485477007207, 0.2800517141687509], [0.2664088511822489, 0.2897450154348061], [0.3017350800804164, 0.27015761224323814], [0.27751938663295644, 0.2887088563431006]]","[[40, 40], [40, 40], [40, 40], [40, 40], [40, 40]]",2,4,2,4
53,B,brightness_dark,"[0.3207080578543433, 0.29775389672654845, 0.3017170400476906, 0.33177577549829057, 0.3171361470045523]","[[0.36591098870464595, 0.2755051270040406], [0.3090854922037677, 0.2864223012493292], [0.3319492664716944, 0.27148481362368676], [0.3887293706925997, 0.2748221803039814], [0.3493947962042346, 0.28487749780486993]]","[[40, 40], [40, 40], [40, 40], [40, 40], [40, 40]]",1,2,2,4
53,B,contrast_low,"[0.2702416357886736, 0.3158226906706568, 0.2843508659963092, 0.27052936064024513, 0.27607914443039083]","[[0.25550261380253403, 0.2849806577748132], [0.28888816536175893, 0.34275721597955466], [0.2636027940208738, 0.3050989379717447], [0.26274026955324337, 0.27831845172724684], [0.25969279252925215, 0.2924654963315296]]","[[40, 40], [40, 40], [40, 40], [40, 40], [40, 40]]",0,1,2,4
53,B,gaussian_noise,"[0.28358470820005793, 0.30637713841700903, 0.28813729918103637, 0.28581749725572125, 0.284614180341842]","[[0.28277576777453567, 0.2843936486255802], [0.30568558522524447, 0.3070686916087736], [0.25453462617498746, 0.3217399721870852], [0.29558056957565587, 0.2760544249357867], [0.2644662773199047, 0.3047620833637793]]","[[40, 40], [40, 40], [40, 40], [40, 40], [40, 40]]",0,1,2,4
53,B,gaussian_blur,"[0.28144064787771017, 0.2972260014018891, 0.2896918899477593, 0.2776564160510444, 0.2910359237809629]","[[0.3025338543625532, 0.2603474413928672], [0.32075220629202117, 0.273699796511757], [0.30705293162409303, 0.2723308482714256], [0.30176599331862386, 0.25354683878346496], [0.310225203242939, 0.27184664431898675]]","[[40, 40], [40, 40], [40, 40], [40, 40], [40, 40]]",3,8,2,4
54,A,clean,"[0.36993261273561223, 0.36793341273843627, 0.3548384572555015, 0.35426621268434066, 0.3727242905132778]","[[0.4253858994797516, 0.3144793259914729], [0.3873750425194486, 0.348491782957424], [0.3943917607242179, 0.3152851537867851], [0.3960819548016635, 0.3124504705670178], [0.434743039410023, 0.3107055416165327]]","[[40, 40], [40, 40], [40, 40], [40, 40], [40, 40]]",3,8,3,8
54,A,brightness_dark,"[0.339599561215849, 0.3451870146472977, 0.3522521524392107, 0.3327854314255025, 0.3561305314094321]","[[0.40001475248398083, 0.2791843699477171], [0.3998322125174, 0.29054181677719537], [0.40450152846463594, 0.3000027764137855], [0.38368254830385834, 0.28188831454714663], [0.4102570091550911, 0.30200405366377314]]","[[40, 40], [40, 40], [40, 40], [40, 40], [40, 40]]",3,8,3,8
54,A,contrast_low,"[0.3743996919878519, 0.3692358108008854, 0.3701562754675782, 0.3638368627812722, 0.36996027777774354]","[[0.4275390800791998, 0.321260303896504], [0.3650372098179687, 0.37343441178380216], [0.40872240710263635, 0.33159014383252], [0.43101420432511545, 0.29665952123742895], [0.420210807758885, 0.3197097477966021]]","[[40, 40], [40, 40], [40, 40], [40, 40], [40, 40]]",3,8,3,8
54,A,gaussian_noise,"[0.3175504004479477, 0.3064357276593781, 0.30654580962439765, 0.3161617970237843, 0.3144653009233225]","[[0.33544386443858576, 0.2996569364573097], [0.29191075911523146, 0.3209606962035248], [0.29916797661846517, 0.3139236426303301], [0.3309290720066267, 0.30139452204094186], [0.32565635946144333, 0.3032742423852017]]","[[40, 40], [40, 40], [40, 40], [40, 40], [40, 40]]",1,2,3,8
54,A,gaussian_blur,"[0.36655984297758576, 0.35211908181146556, 0.38122838065370745, 0.3480501637351098, 0.379851315594676]","[[0.42951886549089346, 0.30360082046427805], [0.3649881165080559, 0.3392500471148753], [0.44593971083262096, 0.31651705047479395], [0.39510385667290643, 0.30099647079731306], [0.4529723670508143, 0.3067302641385377]]","[[40, 40], [40, 40], [40, 40], [40, 40], [40, 40]]",3,8,3,8
54,B,clean,"[0.36993261273561223, 0.3671646522631471, 0.34187169620551305, 0.3593735138063315, 0.37301623498399517]","[[0.4253858994797516, 0.3144793259914729], [0.38571048254196716, 0.34861882198432703], [0.3834018991098217, 0.30034149330120447], [0.40584212335400444, 0.3129049042586585], [0.43498023368804245, 0.3110522362799478]]","[[40, 40], [40, 40], [40, 40], [40, 40], [40, 40]]",2,4,2,4
54,B,brightness_dark,"[0.339599561215849, 0.3446939839921411, 0.34943880559959095, 0.3293012850741354, 0.3578391190787891]","[[0.40001475248398083, 0.2791843699477171], [0.39894821102772265, 0.2904397569565595], [0.4012626114414536, 0.2976149997577283], [0.37634740901647074, 0.2822551611318001], [0.4117354534919266, 0.30394278466565167]]","[[40, 40], [40, 40], [40, 40], [40, 40], [40, 40]]",3,8,2,4
54,B,contrast_low,"[0.3743996919878519, 0.3731612721209292, 0.3686513335938938, 0.3711116280432628, 0.3704838030677621]","[[0.4275390800791998, 0.321260303896504], [0.36887240241250363, 0.3774501418293547], [0.4170340879234459, 0.32026857926434177], [0.43816358852090936, 0.3040596675656163], [0.4215109419347865, 0.3194566642007377]]","[[40, 40], [40, 40], [40, 40], [40, 40], [40, 40]]",2,4,2,4
54,B,gaussian_noise,"[0.3175504004479477, 0.309011045899717, 0.29933774720920703, 0.318307308736832, 0.315752325183144]","[[0.33544386443858576, 0.2996569364573097], [0.29634511897061905, 0.32167697282881497], [0.29119421040140603, 0.3074812840170081], [0.33507055468855534, 0.30154406278510865], [0.3269406867648102, 0.30456396360147775]]","[[40, 40], [40, 40], [40, 40], [40, 40], [40, 40]]",2,4,2,4
54,B,gaussian_blur,"[0.36655984297758576, 0.354327873465235, 0.38310051466880246, 0.3527971459362702, 0.3814630754130056]","[[0.42951886549089346, 0.30360082046427805], [0.3699143433387799, 0.3387414035916901], [0.45781713071918767, 0.30838389861841725], [0.404944060094346, 0.30065023177819433], [0.45561695650385187, 0.3073091943221594]]","[[40, 40], [40, 40], [40, 40], [40, 40], [40, 40]]",3,8,2,4
55,A,clean,"[0.2966018828824817, 0.30356319265780146, 0.2835383901040097, 0.2961027472493788, 0.29153717401460594]","[[0.30044189892822604, 0.2927618668367373], [0.2976414056011859, 0.309484979714417], [0.2960125753253521, 0.2710642048826674], [0.3021740122072009, 0.29003148229155673], [0.29469530933493704, 0.28837903869427484]]","[[40, 40], [40, 40], [40, 40], [40, 40], [40, 40]]",2,4,2,4
55,A,brightness_dark,"[0.3085857604567608, 0.2745703987953029, 0.28182480427553896, 0.3099944075380299, 0.29107155677385965]","[[0.29929258176886336, 0.31787893914465815], [0.2855219145303449, 0.26361888306026077], [0.2949810534935492, 0.26866855505752874], [0.295431499515711, 0.32455731556034884], [0.27825377049491873, 0.3038893430528005]]","[[40, 40], [40, 40], [40, 40], [40, 40], [40, 40]]",1,2,2,4
55,A,contrast_low,"[0.3017446028363452, 0.31862797461613734, 0.28004534616833554, 0.31155619668115686, 0.2911892340773542]","[[0.3109443860501536, 0.2925448196225368], [0.28002722342067016, 0.3572287258116045], [0.2900149275389073, 0.27007576479776374], [0.31030388147576515, 0.31280851188654857], [0.30351262559395364, 0.27886584256075475]]","[[40, 40], [40, 40], [40, 40], [40, 40], [40, 40]]",2,4,2,4
55,A,gaussian_noise,"[0.3117466499899706, 0.3135757884257927, 0.27991486169729807, 0.3168602988145106, 0.29917262367369757]","[[0.27718259935786405, 0.34631070062207714], [0.2840544556090673, 0.3430971212425181], [0.24450310444937542, 0.31532661894522074], [0.27514223065285326, 0.3585783669761679], [0.2681235054604531, 0.3302217418869421]]","[[40, 40], [40, 40], [40, 40], [40, 40], [40, 40]]",2,4,2,4
55,A,gaussian_blur,"[0.308814653710178, 0.31200920676573574, 0.3125379625820386, 0.2981758984300076, 0.3145790587080375]","[[0.2718316540946367, 0.34579765332571927], [0.27592977210925385, 0.3480886414222177], [0.2800597771372469, 0.3450161480268303], [0.27236011473060956, 0.3239916821294056], [0.2733182777772588, 0.35583983963881616]]","[[40, 40], [40, 40], [40, 40], [40, 40], [40, 40]]",3,8,2,4
55,B,clean,"[0.2966018828824817, 0.3044590809300416, 0.27394464086787984, 0.2973840663542799, 0.2898952969172176]","[[0.30044189892822604, 0.2927618668367373], [0.29843866876719594, 0.3104794930928872], [0.2875982583373167, 0.260291023398443], [0.3039344016089902, 0.29083373109956956], [0.29264591425474834, 0.2871446795796868]]","[[40, 40], [40, 40], [40, 40], [40, 40], [40, 40]]",2,4,2,4
55,B,brightness_dark,"[0.3085857604567608, 0.2733207522029348, 0.28545374646072674, 0.30995122570321193, 0.2909452387964826]","[[0.29929258176886336, 0.31787893914465815], [0.28036594200418136, 0.2662755624016882], [0.29799130469531776, 0.2729161882261358], [0.2965868185088012, 0.32331563289762266], [0.2787655089017258, 0.30312496869123945]]","[[40, 40], [40, 40], [40, 40], [40, 40], [40, 40]]",1,2,2,4
55,B,contrast_low,"[0.3017446028363452, 0.3205916104377724, 0.26690537754549026, 0.3122278183060463, 0.2908515557853642]","[[0.3109443860501536, 0.2925448196225368], [0.28045820391145804, 0.3607250169640868], [0.28080324453051364, 0.25300751056046683], [0.31237743367520365, 0.31207820293688887], [0.30364916904604194, 0.27805394252468646]]","[[40, 40], [40, 40], [40, 40], [40, 40], [40, 40]]",2,4,2,4
55,B,gaussian_noise,"[0.3117466499899706, 0.31553539277281484, 0.27577628576568847, 0.3169904318585555, 0.29791834541768064]","[[0.27718259935786405, 0.34631070062207714], [0.28621173828828, 0.3448590472573496], [0.23694560660100156, 0.3146069649303754], [0.27705045787869303, 0.356930405838418], [0.2662216766341151, 0.32961501420124617]]","[[40, 40], [40, 40], [40, 40], [40, 40], [40, 40]]",2,4,2,4
55,B,gaussian_blur,"[0.308814653710178, 0.3128284120070829, 0.2981599963040926, 0.30010007061404065, 0.3131445255366817]","[[0.2718316540946367, 0.34579765332571927], [0.27687102767954885, 0.34878579633461687], [0.26752608680078266, 0.32879390580740253], [0.272455118151185, 0.32774502307689624], [0.27128276026241205, 0.35500629081095136]]","[[40, 40], [40, 40], [40, 40], [40, 40], [40, 40]]",2,4,2,4
56,A,clean,"[0.3317784903485542, 0.31841210021986543, 0.2791711802977733, 0.3511419808072899, 0.30959956930758237]","[[0.2702504185201679, 0.3933065621769406], [0.24099685721655, 0.3958273432231808], [0.24806558694084932, 0.3102767736546973], [0.27840696302472984, 0.42387699858985], [0.26194777908871514, 0.3572513595264496]]","[[40, 40], [40, 40], [40, 40], [40, 40], [40, 40]]",2,4,2,4
56,A,brightness_dark,"[0.3579803416412233, 0.343400359818373, 0.36948514462930193, 0.3571132624302712, 0.36322839759814946]","[[0.3457043027272949, 0.37025638055515164], [0.3066802019214761, 0.38012051771527], [0.3350999359133005, 0.40387035334530336], [0.33402179400817433, 0.38020473085236806], [0.34009918043485704, 0.38635761476144187]]","[[40, 40], [40, 40], [40, 40], [40, 40], [40, 40]]",1,2,2,4
56,A,contrast_low,"[0.3897271490980785, 0.35621615532680984, 0.36830773876250567, 0.37788871400200774, 0.3759053745312414]","[[0.310397592837143, 0.469056705359014], [0.3115366740979692, 0.4008956365556505], [0.30070706604186437, 0.4359084114831469], [0.3070028411938444, 0.44877458681017107], [0.3052235797191548, 0.44658716934332804]]","[[40, 40], [40, 40], [40, 40], [40, 40], [40, 40]]",1,2,2,4
56,A,gaussian_noise,"[0.29883008501076724, 0.2805078494209332, 0.2610193371970356, 0.3104180520608414, 0.2848570039993174]","[[0.2659319535950332, 0.3317282164265013], [0.2220639438605681, 0.33895175498129826], [0.2485904841248045, 0.27344819026926664], [0.2739804667908278, 0.346855637330855], [0.26134459601267146, 0.30836941198596335]]","[[40, 40], [40, 40], [40, 40], [40, 40], [40, 40]]",2,4,2,4
56,A,gaussian_blur,"[0.42598185539804756, 0.3545523914685994, 0.3829553321777468, 0.4197963930849517, 0.4265373335268504]","[[0.317927071375398, 0.5340366394206971], [0.3108550067322529, 0.3982497762049459], [0.31021022251790137, 0.4557004418375922], [0.3231243360974818, 0.5164684500724216], [0.3203770391184391, 0.5326976279352618]]","[[40, 40], [40, 40], [40, 40], [40, 40], [40, 40]]",1,2,2,4
56,B,clean,"[0.3317784903485542, 0.3122805155148167, 0.28405903474230304, 0.3542550542176345, 0.3073341772332736]","[[0.2702504185201679, 0.3933065621769406], [0.24002808416078608, 0.3845329468688474], [0.25571519662420633, 0.31240287286039975], [0.28002551086105754, 0.42848459757421137], [0.26134296644794675, 0.3533253880186004]]","[[40, 40], [40, 40], [40, 40], [40, 40], [40, 40]]",2,4,2,4
56,B,brightness_dark,"[0.3579803416412233, 0.3442425887937075, 0.37182195144900676, 0.35802017228263194, 0.3629349496815597]","[[0.3457043027272949, 0.37025638055515164], [0.30518728511423293, 0.383297892473182], [0.3324624150869882, 0.41118148781102526], [0.34182481343615223, 0.37421553112911166], [0.3407753271330984, 0.385094572230021]]","[[40, 40], [40, 40], [40, 40], [40, 40], [40, 40]]",1,2,2,4
56,B,contrast_low,"[0.3897271490980785, 0.3520725894447867, 0.3695966541423645, 0.3836513942183132, 0.3747083311534065]","[[0.310397592837143, 0.469056705359014], [0.3082449708015378, 0.3959002080880356], [0.30230858758509926, 0.4368847206996297], [0.3066396270188422, 0.4606631614177842], [0.3051959298256118, 0.4442207324812012]]","[[40, 40], [40, 40], [40, 40], [40, 40], [40, 40]]",1,2,2,4
56,B,gaussian_noise,"[0.29883008501076724, 0.27971756439461015, 0.272873958654289, 0.3101923535898578, 0.2840890714767449]","[[0.2659319535950332, 0.3317282164265013], [0.22243131908327177, 0.3370038097059485], [0.25959514825672914, 0.28615276905184883], [0.2743785685142332, 0.3460061386654824], [0.26222302815011866, 0.3059551148033711]]","[[40, 40], [40, 40], [40, 40], [40, 40], [40, 40]]",2,4,2,4
56,B,gaussian_blur,"[0.42598185539804756, 0.34577240685766375, 0.3798698144956967, 0.4296801246590256, 0.4252953779990176]","[[0.317927071375398, 0.5340366394206971], [0.3070531696570827, 0.3844916440582448], [0.3137083795119674, 0.4460312494794259], [0.32517184684457534, 0.5341884024734759], [0.3197952952151278, 0.5307954607829075]]","[[40, 40], [40, 40], [40, 40], [40, 40], [40, 40]]",1,2,2,4
57,A,clean,"[0.42405018512089565, 0.38025036125076317, 0.39383410570970123, 0.4143274314656083, 0.41208916303822396]","[[0.3733037079550447, 0.4747966622867466], [0.281704912931313, 0.4787958095702134], [0.3139929174519402, 0.47367529396746233], [0.3518479726528784, 0.47680689027833817], [0.3535507013825029, 0.47062762469394503]]","[[40, 40], [40, 40], [40, 40], [40, 40], [40, 40]]",1,2,1,2
57,A,brightness_dark,"[0.3740981171150177, 0.3766843039825485, 0.37268058710211016, 0.3683645113347785, 0.36780600032026617]","[[0.2766041850866053, 0.47159204914343017], [0.2961901439584486, 0.45717846400664836], [0.27639354800932137, 0.4689676261948989], [0.2712072002907041, 0.46552182237885287], [0.2750548813671159, 0.4605571192734164]]","[[40, 40], [40, 40], [40, 40], [40, 40], [40, 40]]",4,16,1,2
57,A,contrast_low,"[0.5819406581790102, 0.4437366549724501, 0.5136229664454515, 0.4908944816191092, 0.550227528243759]","[[0.6032457498891715, 0.5606355664688489], [0.36302957263149543, 0.5244437373134047], [0.5202184294282132, 0.5070275034626898], [0.47540003839729633, 0.506388924840922], [0.5727151818950603, 0.5277398745924577]]","[[40, 40], [40, 40], [40, 40], [40, 40], [40, 40]]",1,2,1,2
57,A,gaussian_noise,"[0.35530437772873047, 0.3235661426678734, 0.3300013957110254, 0.35952409250420136, 0.34934476115742713]","[[0.2998005416072912, 0.41080821385016975], [0.2705600309374187, 0.3765722543983282], [0.2619125184158754, 0.39809027300617533], [0.3092333990096889, 0.40981478599871385], [0.2819231198186375, 0.41676640249621677]]","[[40, 40], [40, 40], [40, 40], [40, 40], [40, 40]]",1,2,1,2
57,A,gaussian_blur,"[0.4788384988890677, 0.41248638858945824, 0.4433553911073281, 0.4428833036325027, 0.4614400654958742]","[[0.4019253642964175, 0.5557516334817179], [0.27734495747362775, 0.5476278197052887], [0.35352703232272475, 0.5331837498919314], [0.35452691194909225, 0.5312396953159132], [0.3921289349906235, 0.5307511960011249]]","[[40, 40], [40, 40], [40, 40], [40, 40], [40, 40]]",1,2,1,2
57,B,clean,"[0.42405018512089565, 0.38168721854988674, 0.38226338481412914, 0.4194898439542851, 0.41077734257448983]","[[0.3733037079550447, 0.4747966622867466], [0.2845018012420533, 0.4788726358577202], [0.3054004410929537, 0.45912632853530455], [0.3582176470454563, 0.480762040863114], [0.3521520187944046, 0.46940266635457506]]","[[40, 40], [40, 40], [40, 40], [40, 40], [40, 40]]",1,2,1,2
57,B,brightness_dark,"[0.3740981171150177, 0.37635909491147246, 0.37442706603282816, 0.37502274778267664, 0.36796423213700624]","[[0.2766041850866053, 0.47159204914343017], [0.29727520000519186, 0.45544298981775305], [0.2749394792087053, 0.473914652856951], [0.2725952994042752, 0.4774501961610781], [0.27707785079355146, 0.4588506134804611]]","[[40, 40], [40, 40], [40, 40], [40, 40], [40, 40]]",4,16,1,2
57,B,contrast_low,"[0.5819406581790102, 0.4484575861151351, 0.485300549877544, 0.5013014135299814, 0.5509699168893759]","[[0.6032457498891715, 0.5606355664688489], [0.38435117791440393, 0.5125639943158662], [0.4735221977732415, 0.4970789019818465], [0.48463109722977393, 0.5179717298301887], [0.5712703162282811, 0.5306695175504708]]","[[40, 40], [40, 40], [40, 40], [40, 40], [40, 40]]",1,2,1,2
57,B,gaussian_noise,"[0.35530437772873047, 0.3250062462606207, 0.3307537256612739, 0.3590148578611819, 0.3475368009421671]","[[0.2998005416072912, 0.41080821385016975], [0.27193087848095054, 0.3780816140402908], [0.2639332849659063, 0.3975741663566415], [0.30777360294260603, 0.4102561127797578], [0.281075273601087, 0.41399832828324723]]","[[40, 40], [40, 40], [40, 40], [40, 40], [40, 40]]",1,2,1,2
57,B,gaussian_blur,"[0.4788384988890677, 0.4138673401748973, 0.43794666674141397, 0.4468414448892142, 0.4599311140058836]","[[0.4019253642964175, 0.5557516334817179], [0.28324112430258463, 0.54449355604721], [0.3599483178672531, 0.5159450156155748], [0.3585054897303957, 0.5351774000480326], [0.393483272033051, 0.5263789559787162]]","[[40, 40], [40, 40], [40, 40], [40, 40], [40, 40]]",1,2,1,2
58,A,clean,"[0.21315076009907605, 0.20977148042290855, 0.20162405744588718, 0.2090108136746464, 0.21124471062078543]","[[0.24578938514868315, 0.18051213504946895], [0.2279794954595799, 0.19156346538623722], [0.22848099293857857, 0.17476712195319583], [0.23528956212858426, 0.18273206522070856], [0.24452315312018963, 0.17796626812138122]]","[[40, 40], [40, 40], [40, 40], [40, 40], [40, 40]]",2,4,2,4
58,A,brightness_dark,"[0.2015590931149577, 0.20132208544465258, 0.2132022605549129, 0.19865884223755537, 0.20809216076148837]","[[0.22327647574407372, 0.1798417104858417], [0.2351268854370292, 0.16751728545227593], [0.24083692120124828, 0.18556759990857752], [0.21595322620057225, 0.18136445827453848], [0.23474844520240334, 0.1814358763205734]]","[[40, 40], [40, 40], [40, 40], [40, 40], [40, 40]]",3,8,2,4
58,A,contrast_low,"[0.2795751622490542, 0.25227473576777426, 0.26011001658293414, 0.2652492704820517, 0.26187321879973235]","[[0.3025050970839437, 0.25664522741416473], [0.29731812713438294, 0.2072313444011656], [0.29663611837871817, 0.22358391478715012], [0.28313627849872985, 0.2473622624653736], [0.286958965266645, 0.2367874723328197]]","[[40, 40], [40, 40], [40, 40], [40, 40], [40, 40]]",1,2,2,4
58,A,gaussian_noise,"[0.2014512831111997, 0.2013718288221697, 0.2049687780854611, 0.20145405795975324, 0.20248329383326139]","[[0.22010001642576477, 0.18280254979663463], [0.21388111953208394, 0.18886253811225548], [0.23050791982912297, 0.17942963634179923], [0.22047580177275505, 0.18243231414675143], [0.22134231247093186, 0.1836242751955909]]","[[40, 40], [40, 40], [40, 40], [40, 40], [40, 40]]",1,2,2,4
58,A,gaussian_blur,"[0.2466952483571846, 0.2332122800423817, 0.24134123875610516, 0.23953798974257767, 0.24983957116245792]","[[0.31077948613370976, 0.1826110105806594], [0.24738184841607516, 0.21904271166868822], [0.30286321195435006, 0.17981926555786026], [0.29657303628090775, 0.18250294320424762], [0.3213162580418639, 0.17836288428305194]]","[[40, 40], [40, 40], [40, 40], [40, 40], [40, 40]]",1,2,2,4
58,B,clean,"[0.21315076009907605, 0.20914071785690008, 0.2049028299046246, 0.20943572054155302, 0.21134879033947235]","[[0.24578938514868315, 0.18051213504946895], [0.2271496874771107, 0.1911317482366895], [0.23261466635444267, 0.17719099345480652], [0.2361586185176237, 0.18271282256548232], [0.2441672645570379, 0.17853031612190678]]","[[40, 40], [40, 40], [40, 40], [40, 40], [40, 40]]",2,4,2,4
58,B,brightness_dark,"[0.2015590931149577, 0.20067599266347103, 0.2228597786929321, 0.19943972677084337, 0.20825962525830669]","[[0.22327647574407372, 0.1798417104858417], [0.2335665944879266, 0.16778539083901542], [0.24792953849886817, 0.19779001888699604], [0.21669452820752727, 0.18218492533415945], [0.2349923177283486, 0.18152693278826476]]","[[40, 40], [40, 40], [40, 40], [40, 40], [40, 40]]",3,8,2,4
58,B,contrast_low,"[0.2795751622490542, 0.24528055852219843, 0.2648971881398039, 0.27009796736923775, 0.2621571855442902]","[[0.3025050970839437, 0.25664522741416473], [0.28312168555380685, 0.20743943149059], [0.29910115908446266, 0.23069321719514518], [0.2857307284364646, 0.25446520630201086], [0.28646268331417096, 0.23785168777440938]]","[[40, 40], [40, 40], [40, 40], [40, 40], [40, 40]]",1,2,2,4
58,B,gaussian_noise,"[0.2014512831111997, 0.19989006087515443, 0.2082049495497894, 0.20108876269398887, 0.20259754293133275]","[[0.22010001642576477, 0.18280254979663463], [0.2117062173024183, 0.1880739044478906], [0.23482533624058277, 0.18158456285899605], [0.2196905984162867, 0.18248692697169105], [0.22121030357788127, 0.18398478228478424]]","[[40, 40], [40, 40], [40, 40], [40, 40], [40, 40]]",1,2,2,4
58,B,gaussian_blur,"[0.2466952483571846, 0.23095697970579984, 0.24151134433424856, 0.24042462484061283, 0.2505537825281683]","[[0.31077948613370976, 0.1826110105806594], [0.24392826902363174, 0.21798569038796795], [0.2996615042644583, 0.1833611844040388], [0.29784531254798324, 0.18300393713324242], [0.32231048627835224, 0.1787970787779843]]","[[40, 40], [40, 40], [40, 40], [40, 40], [40, 40]]",1,2,2,4
59,A,clean,"[0.3132639629623639, 0.3356524314486016, 0.3047788017237547, 0.32463002715058425, 0.30679540565933383]","[[0.24025414073716123, 0.3862737851875666], [0.2727717943998718, 0.39853306849733133], [0.2585226503575346, 0.3510349530899749], [0.24893627025444207, 0.4003237840467264], [0.24523676453347437, 0.3683540467851933]]","[[40, 40], [40, 40], [40, 40], [40, 40], [40, 40]]",2,4,2,4
59,A,brightness_dark,"[0.25511432232584647, 0.26291286851319695, 0.2726665419300706, 0.26133417715573315, 0.25513725415624267]","[[0.26342359365694845, 0.2468050509947445], [0.27153747639643966, 0.25428826062995424], [0.29371169804972885, 0.2516213858104124], [0.2677831451861274, 0.25488520912533896], [0.2727170061808922, 0.23755750213159316]]","[[40, 40], [40, 40], [40, 40], [40, 40], [40, 40]]",0,1,2,4
59,A,contrast_low,"[0.3237988900512323, 0.3608730013302228, 0.33669549407959554, 0.32169128900940985, 0.3247605653237896]","[[0.2815167840274086, 0.36608099607505606], [0.35840558958014435, 0.3633404130803013], [0.32888341061356036, 0.3445075775456307], [0.28629221321292597, 0.35709036480589373], [0.29478999463820854, 0.3547311360093706]]","[[40, 40], [40, 40], [40, 40], [40, 40], [40, 40]]",3,8,2,4
59,A,gaussian_noise,"[0.28021855559476605, 0.3217345655541082, 0.2752047147323489, 0.2821595755439592, 0.2800756580336876]","[[0.2647170766656076, 0.2957200345239245], [0.3116478697589829, 0.3318212613492335], [0.28215733934776466, 0.2682520901169332], [0.26351406284169443, 0.300805088246224], [0.2758726579617, 0.28427865810567515]]","[[40, 40], [40, 40], [40, 40], [40, 40], [40, 40]]",2,4,2,4
59,A,gaussian_blur,"[0.3652477866541737, 0.3610499844286861, 0.36945216263222563, 0.3714524798441148, 0.37025824837154386]","[[0.28425756112882955, 0.4462380121795178], [0.3009327394106843, 0.4211672294466878], [0.32481106108083213, 0.41409326418361914], [0.2797690076030176, 0.463135952085212], [0.30342131934651617, 0.43709517739657155]]","[[40, 40], [40, 40], [40, 40], [40, 40], [40, 40]]",1,2,2,4
59,B,clean,"[0.3132639629623639, 0.33702090361149956, 0.28269291765984245, 0.3229109883139095, 0.3055503094367419]","[[0.24025414073716123, 0.3862737851875666], [0.2716423230998056, 0.4023994841231935], [0.2490913044445148, 0.3162945308751701], [0.2460176273785523, 0.3998043492492667], [0.24484847705721968, 0.36625214181626414]]","[[40, 40], [40, 40], [40, 40], [40, 40], [40, 40]]",2,4,2,4
59,B,brightness_dark,"[0.25511432232584647, 0.2624046780915721, 0.27553101608704145, 0.26548573880943815, 0.25587488300555206]","[[0.26342359365694845, 0.2468050509947445], [0.2686910075091549, 0.25611834867398925], [0.2921696818282528, 0.25889235034583], [0.27321513668752384, 0.25775634093135247], [0.2747169492354721, 0.2370328167756321]]","[[40, 40], [40, 40], [40, 40], [40, 40], [40, 40]]",0,1,2,4
59,B,contrast_low,"[0.3237988900512323, 0.3608314850160268, 0.32741710709622507, 0.3206179706347668, 0.32554392490665146]","[[0.2815167840274086, 0.36608099607505606], [0.35017481533595446, 0.3714881546960992], [0.33703215166959766, 0.3178020625228524], [0.28340865710593105, 0.35782728416360265], [0.2967556258382894, 0.3543322239750135]]","[[40, 40], [40, 40], [40, 40], [40, 40], [40, 40]]",3,8,2,4
59,B,gaussian_noise,"[0.28021855559476605, 0.32347579776239477, 0.2618400782384444, 0.28000493193846754, 0.27945623868200453]","[[0.2647170766656076, 0.2957200345239245], [0.31222943987498325, 0.3347221556498063], [0.2794688519952935, 0.24421130448159536], [0.2600393361033866, 0.2999705277735485], [0.2771026688555938, 0.2818098085084152]]","[[40, 40], [40, 40], [40, 40], [40, 40], [40, 40]]",2,4,2,4
59,B,gaussian_blur,"[0.3652477866541737, 0.3644639027231442, 0.35199846515104316, 0.3721242248125919, 0.37054095647139007]","[[0.28425756112882955, 0.4462380121795178], [0.29735468293651734, 0.43157312250977115], [0.3250202419971265, 0.3789766883049599], [0.2798941131927334, 0.46435433643245033], [0.30424717865424805, 0.43683473428853203]]","[[40, 40], [40, 40], [40, 40], [40, 40], [40, 40]]",2,4,2,4
60,A,clean,"[0.3034741721034272, 0.2775044890890712, 0.2659948967694218, 0.29383329434602, 0.292290547572723]","[[0.2174307391679992, 0.38951760503885513], [0.20922663627930893, 0.34578234189883356], [0.23353555363029316, 0.2984542399085504], [0.21302582613870538, 0.37464076255333467], [0.22740143866919277, 0.35717965647625316]]","[[40, 40], [40, 40], [40, 40], [40, 40], [40, 40]]",2,4,2,4
60,A,brightness_dark,"[0.4089523575739863, 0.3433791920561813, 0.3515963973943146, 0.3971377435315707, 0.40447221481467643]","[[0.24174854224772152, 0.576156172900251], [0.23565604430237136, 0.4511023398099912], [0.2663402153401896, 0.43685257944843964], [0.2439102920595697, 0.5503651950035717], [0.24738824574510582, 0.5615561838842471]]","[[40, 40], [40, 40], [40, 40], [40, 40], [40, 40]]",1,2,2,4
60,A,contrast_low,"[0.47032058008120503, 0.3951435813968125, 0.37234583847098685, 0.4568328326661435, 0.4332262167370632]","[[0.1923610050757501, 0.7482801550866599], [0.19102807019391288, 0.5992590925997121], [0.2160350728565347, 0.528656604085439], [0.211903747595153, 0.7017619177371339], [0.194782375802993, 0.6716700576711334]]","[[40, 40], [40, 40], [40, 40], [40, 40], [40, 40]]",2,4,2,4
60,A,gaussian_noise,"[0.2853863498896888, 0.2505565211345506, 0.23502393081236628, 0.27585734320118876, 0.27764070072911046]","[[0.20132415077413474, 0.3694485490052428], [0.1843270070415543, 0.31678603522754695], [0.1970674773697033, 0.27298038425502924], [0.19786814317630985, 0.3538465432260677], [0.20316469235168527, 0.35211670910653564]]","[[40, 40], [40, 40], [40, 40], [40, 40], [40, 40]]",2,4,2,4
60,A,gaussian_blur,"[0.3671024883285896, 0.31246893302503764, 0.3035214322053664, 0.34839177555782835, 0.3616608549651336]","[[0.23018608858574502, 0.5040188880714341], [0.21480355362217102, 0.4101343124279042], [0.22340650147734845, 0.38363636293338443], [0.22207948288059126, 0.47470406823506545], [0.2355951974969898, 0.48772651243327747]]","[[40, 40], [40, 40], [40, 40], [40, 40], [40, 40]]",2,4,2,4
60,B,clean,"[0.3034741721034272, 0.27897074112485315, 0.26932948170144266, 0.29613759395092565, 0.2916600529858075]","[[0.2174307391679992, 0.38951760503885513], [0.20729589904001067, 0.35064558320969563], [0.24078760495990265, 0.29787135844298274], [0.21512280869463854, 0.3771523792072128], [0.22745146681804948, 0.35586863915356554]]","[[40, 40], [40, 40], [40, 40], [40, 40], [40, 40]]",2,4,2,4
60,B,brightness_dark,"[0.4089523575739863, 0.3465514871311318, 0.35720575557863365, 0.4004052505645125, 0.40618942201758956]","[[0.24174854224772152, 0.576156172900251], [0.2356370334670655, 0.4574659407951982], [0.27204054180964576, 0.44237096934762155], [0.24705170119088277, 0.5537587999381423], [0.24945996433270734, 0.5629188797024718]]","[[40, 40], [40, 40], [40, 40], [40, 40], [40, 40]]",1,2,2,4
60,B,contrast_low,"[0.47032058008120503, 0.40278861959651996, 0.347324222901226, 0.47991284310573906, 0.4350189233512921]","[[0.1923610050757501, 0.7482801550866599], [0.1879765423484451, 0.6176006968445948], [0.22664753582211827, 0.4680009099803337], [0.2065843925350209, 0.7532412936764572], [0.19490975158287388, 0.6751280951197103]]","[[40, 40], [40, 40], [40, 40], [40, 40], [40, 40]]",2,4,2,4
60,B,gaussian_noise,"[0.2853863498896888, 0.25239044995259236, 0.23929260930360485, 0.27573629810772643, 0.2772220793195539]","[[0.20132415077413474, 0.3694485490052428], [0.18506998075834796, 0.31971091914683675], [0.19920102918874596, 0.27938418941846377], [0.1979335915615557, 0.35353900465389715], [0.2029301985970461, 0.3515139600420617]]","[[40, 40], [40, 40], [40, 40], [40, 40], [40, 40]]",2,4,2,4
60,B,gaussian_blur,"[0.3671024883285896, 0.314437607158891, 0.3086044352092291, 0.3535039206423328, 0.36301463236165354]","[[0.23018608858574502, 0.5040188880714341], [0.21063130040463385, 0.4182439139131482], [0.2304198194394717, 0.3867890509789865], [0.22266680961941696, 0.48434103166524867], [0.23489512225822184, 0.49113414246508524]]","[[40, 40], [40, 40], [40, 40], [40, 40], [40, 40]]",2,4,2,4
61,A,clean,"[0.35059221555247155, 0.4087611933769065, 0.3336575726593018, 0.35624778150736425, 0.346168440550208]","[[0.23930433391372646, 0.4618800971912167], [0.28555558733231157, 0.5319667994215014], [0.2228080418621224, 0.4445071034564812], [0.23210155045957598, 0.48039401255515257], [0.23777073894754014, 0.45456614215287594]]","[[40, 40], [40, 40], [40, 40], [40, 40], [40, 40]]",2,4,2,4
61,A,brightness_dark,"[0.3135657303829201, 0.2942989050320971, 0.30981906510448143, 0.3100301290765147, 0.3183990570056525]","[[0.24851634204431003, 0.3786151187215302], [0.24645591764443814, 0.3421418924197561], [0.24596250879140263, 0.3736756214175602], [0.24729419791266566, 0.37276606024036374], [0.25233194633990724, 0.38446616767139785]]","[[40, 40], [40, 40], [40, 40], [40, 40], [40, 40]]",1,2,2,4
61,A,contrast_low,"[0.5112095084771308, 0.5025227051213956, 0.5708504740957447, 0.70080538493575, 0.5021982677572358]","[[0.2554220074011179, 0.7669970095531436], [0.31131212279091647, 0.6937332874518747], [0.24137305382657015, 0.9003278943649194], [0.2513998431418272, 1.1502109267296727], [0.24780857262021402, 0.7565879628942576]]","[[40, 40], [40, 40], [40, 40], [40, 40], [40, 40]]",4,16,2,4
61,A,gaussian_noise,"[0.3316919121281585, 0.34637218578290335, 0.3192654985556615, 0.327474305060857, 0.33124928551303645]","[[0.21504733896032996, 0.44833648529598713], [0.2316095597900806, 0.46113481177572613], [0.21232345365563407, 0.42620754345568895], [0.2138986334598602, 0.4410499766618538], [0.21528917898066863, 0.4472093920454042]]","[[40, 40], [40, 40], [40, 40], [40, 40], [40, 40]]",2,4,2,4
61,A,gaussian_blur,"[0.3864612497415505, 0.40390991091578504, 0.35172463661515063, 0.3767546373833842, 0.3694804515769622]","[[0.22953013965501184, 0.5433923598280892], [0.28087359984171345, 0.5269462219898566], [0.2166710540469159, 0.4867782191833854], [0.2290871389987946, 0.5244221357679738], [0.21931150932426258, 0.5196493938296618]]","[[40, 40], [40, 40], [40, 40], [40, 40], [40, 40]]",2,4,2,4
61,B,clean,"[0.35059221555247155, 0.4116041906411162, 0.3075354254730668, 0.3588683599929629, 0.3437391485681875]","[[0.23930433391372646, 0.4618800971912167], [0.2874787327612574, 0.535729648520975], [0.2102556774322057, 0.4048151735139278], [0.23433873650598866, 0.4833979834799371], [0.23643922260866068, 0.4510390745277143]]","[[40, 40], [40, 40], [40, 40], [40, 40], [40, 40]]",2,4,2,4
61,B,brightness_dark,"[0.3135657303829201, 0.2930704083418987, 0.30148991532937086, 0.3130879972727342, 0.3182322451220272]","[[0.24851634204431003, 0.3786151187215302], [0.24592641358016074, 0.3402144031036366], [0.24021390719719832, 0.36276592346154346], [0.24789019268653273, 0.37828580185893557], [0.2523013446445688, 0.38416314559948556]]","[[40, 40], [40, 40], [40, 40], [40, 40], [40, 40]]",1,2,2,4
61,B,contrast_low,"[0.5112095084771308, 0.5034696775751215, 0.495327415897234, 0.6460937356274474, 0.4968253691738696]","[[0.2554220074011179, 0.7669970095531436], [0.3121984699391486, 0.6947408852110943], [0.23122351377112857, 0.7594313180233394], [0.2543086694877875, 1.0378788017671072], [0.24699175427701184, 0.7466589840707274]]","[[40, 40], [40, 40], [40, 40], [40, 40], [40, 40]]",2,4,2,4
61,B,gaussian_noise,"[0.3316919121281585, 0.34603750003956435, 0.29438188238378926, 0.3293114660942509, 0.3308025837768396]","[[0.21504733896032996, 0.44833648529598713], [0.23122782453278892, 0.4608471755463398], [0.20341860772351925, 0.38534515704405925], [0.21436191666596152, 0.44426101552254027], [0.21500777854040204, 0.4465973890132771]]","[[40, 40], [40, 40], [40, 40], [40, 40], [40, 40]]",2,4,2,4
61,B,gaussian_blur,"[0.3864612497415505, 0.4022764569528183, 0.32580389567039886, 0.3836523079505144, 0.3670961597394139]","[[0.22953013965501184, 0.5433923598280892], [0.27612147987199076, 0.5284314340336458], [0.19891697499905972, 0.45269081634173797], [0.23192557086519533, 0.5353790450358336], [0.21774148258820167, 0.5164508368906261]]","[[40, 40], [40, 40], [40, 40], [40, 40], [40, 40]]",2,4,2,4
62,A,clean,"[0.3921772399379278, 0.38741320946585733, 0.3682932620762938, 0.4074937330087385, 0.3803069400985021]","[[0.3823049653455294, 0.4020495145303262], [0.36821949081402117, 0.4066069281176935], [0.3685426581562367, 0.3680438659963509], [0.3985971353624592, 0.4163903306550177], [0.3784107921256399, 0.3822030880713643]]","[[40, 40], [40, 40], [40, 40], [40, 40], [40, 40]]",2,4,2,4
62,A,brightness_dark,"[0.48176676586615386, 0.4118944489022899, 0.40514997648632556, 0.4522960712202975, 0.4689394551752072]","[[0.5197676921475656, 0.44376583958474214], [0.42209090059941357, 0.40169799720516614], [0.4245821691780777, 0.3857177837945735], [0.45891518765348227, 0.4456769547871128], [0.5009709702017165, 0.4369079401486978]]","[[40, 40], [40, 40], [40, 40], [40, 40], [40, 40]]",2,4,2,4
62,A,contrast_low,"[0.48653520204696016, 0.4799937937388289, 0.4314574228470918, 0.5160040537367699, 0.44713982827410964]","[[0.48389652116966353, 0.4891738829242568], [0.4562412522268643, 0.5037463352507935], [0.3645012158360209, 0.49841362985816273], [0.4858057845219966, 0.5462023229515433], [0.4083359728488711, 0.4859436836993482]]","[[40, 40], [40, 40], [40, 40], [40, 40], [40, 40]]",2,4,2,4
62,A,gaussian_noise,"[0.37166023974717893, 0.37325469071064676, 0.34641482354097153, 0.3856368820204281, 0.36758246229836455]","[[0.3834703000180304, 0.35985017947632747], [0.39158513257825156, 0.3549242488430419], [0.3754296893228973, 0.3173999577590457], [0.39340555325540677, 0.3778682107854495], [0.38484099219534695, 0.35032393240138215]]","[[40, 40], [40, 40], [40, 40], [40, 40], [40, 40]]",2,4,2,4
62,A,gaussian_blur,"[0.5682202839375767, 0.45225482043857346, 0.4828961290031381, 0.516825307351493, 0.5469353564762611]","[[0.6101698355789317, 0.5262707322962219], [0.43796572263886635, 0.4665439182382805], [0.4978318782969886, 0.4679603797092876], [0.5290518370574655, 0.5045987776455204], [0.5657573960305613, 0.528113316921961]]","[[40, 40], [40, 40], [40, 40], [40, 40], [40, 40]]",1,2,2,4
62,B,clean,"[0.3921772399379278, 0.38028310148237787, 0.36386241927772156, 0.4082738226495598, 0.38038970301454983]","[[0.3823049653455294, 0.4020495145303262], [0.36590930051140996, 0.39465690245334584], [0.37058082988625013, 0.357144008669193], [0.3974353929805018, 0.4191122523186179], [0.38059971159089667, 0.380179694438203]]","[[40, 40], [40, 40], [40, 40], [40, 40], [40, 40]]",2,4,2,4
62,B,brightness_dark,"[0.48176676586615386, 0.41028637425394276, 0.40457174982524347, 0.4665263052016556, 0.468990365981289]","[[0.5197676921475656, 0.44376583958474214], [0.4243462563441701, 0.39622649216371536], [0.42159608792166214, 0.3875474117288248], [0.475969460729149, 0.4570831496741622], [0.5011256049357959, 0.4368551270267821]]","[[40, 40], [40, 40], [40, 40], [40, 40], [40, 40]]",2,4,2,4
62,B,contrast_low,"[0.48653520204696016, 0.48008409976198774, 0.41009524892896393, 0.5119422226695574, 0.4426246255241576]","[[0.48389652116966353, 0.4891738829242568], [0.47712375965670206, 0.48304443986727347], [0.35170899498324404, 0.4684815028746838], [0.4837533890815882, 0.5401310562575266], [0.4047071139479434, 0.48054213710037175]]","[[40, 40], [40, 40], [40, 40], [40, 40], [40, 40]]",2,4,2,4
62,B,gaussian_noise,"[0.37166023974717893, 0.3727176280326384, 0.34017583302344756, 0.38487884702206526, 0.36795824805098165]","[[0.3834703000180304, 0.35985017947632747], [0.3921234349943809, 0.353311821070896], [0.37138916745592604, 0.308962498590969], [0.39175293981005965, 0.37800475423407087], [0.3862576819095475, 0.34965881419241585]]","[[40, 40], [40, 40], [40, 40], [40, 40], [40, 40]]",2,4,2,4
62,B,gaussian_blur,"[0.5682202839375767, 0.4423045128524554, 0.47325259878561243, 0.5200375413090225, 0.5451781535832858]","[[0.6101698355789317, 0.5262707322962219], [0.4305582062103893, 0.45405081949452153], [0.5008588367505284, 0.4456463608206964], [0.5405539965829851, 0.4995210860350598], [0.5626740492014243, 0.5276822579651472]]","[[40, 40], [40, 40], [40, 40], [40, 40], [40, 40]]",1,2,2,4
63,A,clean,"[0.46485238964427167, 0.4792659559359107, 0.458037018579406, 0.45285658759083036, 0.46396965274303625]","[[0.4773718407724482, 0.4523329385160951], [0.552208761492796, 0.4063231503790255], [0.4897682557206178, 0.4263057814381942], [0.47279951811491794, 0.43291365706674273], [0.4770479730856746, 0.4508913324003979]]","[[40, 40], [40, 40], [40, 40], [40, 40], [40, 40]]",3,8,3,8
63,A,brightness_dark,"[0.3899550335820685, 0.4239865643089864, 0.3942589482486703, 0.3833311143156779, 0.40563636257061214]","[[0.4083043731785173, 0.37160569398561966], [0.43554823609979854, 0.41242489251817427], [0.39600203339302953, 0.3925158631043111], [0.4185933156434379, 0.3480689129879179], [0.39306769713559203, 0.41820502800563225]]","[[40, 40], [40, 40], [40, 40], [40, 40], [40, 40]]",3,8,3,8
63,A,contrast_low,"[0.43238890404758723, 0.5726922766050749, 0.5278056802547069, 0.42548813069091834, 0.48863263489732556]","[[0.45888583202682376, 0.40589197606835076], [0.6564441047792978, 0.48894044843085205], [0.5595321628211278, 0.49607919768828596], [0.45636819790490835, 0.39460806347692834], [0.5204910249631575, 0.45677424483149365]]","[[40, 40], [40, 40], [40, 40], [40, 40], [40, 40]]",3,8,3,8
63,A,gaussian_noise,"[0.4865120609486093, 0.4941811424862412, 0.4606424822913179, 0.4690940854785489, 0.47703720693004176]","[[0.612737439698933, 0.36028668219828563], [0.6500805356036299, 0.33828174936885247], [0.5756655496253454, 0.34561941495729026], [0.567637130879393, 0.37055104007770473], [0.6043968850945577, 0.3496775287655258]]","[[40, 40], [40, 40], [40, 40], [40, 40], [40, 40]]",2,4,3,8
63,A,gaussian_blur,"[0.5200675065003983, 0.5112382688876203, 0.5441969201130983, 0.4994029084921799, 0.5393807109014852]","[[0.5374340963424057, 0.5027009166583911], [0.552553796378839, 0.46992274139640156], [0.5636688063688312, 0.5247250338573652], [0.5187155656609017, 0.48009025132345806], [0.5366330207836528, 0.5421284010193176]]","[[40, 40], [40, 40], [40, 40], [40, 40], [40, 40]]",3,8,3,8
63,B,clean,"[0.46485238964427167, 0.4751784629499035, 0.4433323207333685, 0.45353248646513294, 0.462500742736222]","[[0.4773718407724482, 0.4523329385160951], [0.5492869323262825, 0.4010699935735246], [0.46353459147669795, 0.42313004999003895], [0.46757438090582293, 0.43949059202444296], [0.4757915540915974, 0.4492099313808465]]","[[40, 40], [40, 40], [40, 40], [40, 40], [40, 40]]",2,4,2,4
63,B,brightness_dark,"[0.3899550335820685, 0.43001298538124233, 0.39770538341267736, 0.38299425422362493, 0.4037965701043524]","[[0.4083043731785173, 0.37160569398561966], [0.443194943089299, 0.4168310276731857], [0.4036635458285824, 0.3917472209967723], [0.4199289412579155, 0.34605956718933434], [0.3928964167763313, 0.41469672343237346]]","[[40, 40], [40, 40], [40, 40], [40, 40], [40, 40]]",3,8,2,4
63,B,contrast_low,"[0.43238890404758723, 0.5691328257530901, 0.5325485957982717, 0.436754367291664, 0.4899593777716707]","[[0.45888583202682376, 0.40589197606835076], [0.6411216819097445, 0.49714396959643564], [0.5451454259639126, 0.5199517656326309], [0.476188984632142, 0.397319749951186], [0.5226805361844769, 0.45723821935886455]]","[[40, 40], [40, 40], [40, 40], [40, 40], [40, 40]]",0,1,2,4
63,B,gaussian_noise,"[0.4865120609486093, 0.5083017736042297, 0.4287548238876059, 0.46452947946862294, 0.47583872541574246]","[[0.612737439698933, 0.36028668219828563], [0.6790358562265457, 0.3375676909819135], [0.5164607483639031, 0.34104889941130867], [0.5588662467335683, 0.37019271220367755], [0.6026005017542826, 0.3490769490772024]]","[[40, 40], [40, 40], [40, 40], [40, 40], [40, 40]]",2,4,2,4
63,B,gaussian_blur,"[0.5200675065003983, 0.5154301803475849, 0.5379129750046696, 0.5094293768783278, 0.5414411405958952]","[[0.5374340963424057, 0.5027009166583911], [0.5574395790786035, 0.47342078161656637], [0.5437335049689074, 0.5320924450404317], [0.5281418024758789, 0.49071695128077675], [0.5399584306333524, 0.5429238505584381]]","[[40, 40], [40, 40], [40, 40], [40, 40], [40, 40]]",3,8,2,4
64,A,clean,"[0.42037782651301503, 0.4143833214686845, 0.40997453856255883, 0.4168146148896711, 0.4240841274653508]","[[0.42093166541109583, 0.41982398761493417], [0.45703750493598727, 0.37172913800138174], [0.4240462152043693, 0.3959028619207484], [0.4236878165961685, 0.4099414131831737], [0.42862301469340974, 0.41954524023729184]]","[[40, 40], [40, 40], [40, 40], [40, 40], [40, 40]]",2,4,2,4
64,A,brightness_dark,"[0.5002755364842087, 0.4746419940118355, 0.5045968088771968, 0.4902686108218971, 0.5009323277838943]","[[0.5362783193796105, 0.464272753588807], [0.4832497030809142, 0.4660342849427567], [0.5250619427653114, 0.48413167498908233], [0.515795156602615, 0.4647420650411792], [0.5318260062039535, 0.47003864936383516]]","[[40, 40], [40, 40], [40, 40], [40, 40], [40, 40]]",1,2,2,4
64,A,contrast_low,"[0.4344668522437477, 0.41943806085572943, 0.4214093391163145, 0.4278762495048134, 0.43527276531792525]","[[0.4441734638458243, 0.42476024064167106], [0.4633589469352334, 0.37551717477622554], [0.4191535822007214, 0.42366509603190766], [0.463077601820825, 0.3926748971888018], [0.4363583593712265, 0.43418717126462403]]","[[40, 40], [40, 40], [40, 40], [40, 40], [40, 40]]",1,2,2,4
64,A,gaussian_noise,"[0.3849143421252472, 0.38280365776743713, 0.37959666239863815, 0.3813306705214094, 0.39023545274517757]","[[0.3745884622684358, 0.3952402219820587], [0.3863602219210528, 0.3792470936138215], [0.3671259953073456, 0.3920673294899307], [0.3718241818394776, 0.3908371592033412], [0.3712064967622715, 0.40926440872808356]]","[[40, 40], [40, 40], [40, 40], [40, 40], [40, 40]]",2,4,2,4
64,A,gaussian_blur,"[0.4475035769705664, 0.43720420775712543, 0.4298386003286847, 0.4478400131897754, 0.44906986911721347]","[[0.446774292288813, 0.4482328616523198], [0.4846585248550431, 0.38974989065920773], [0.43855733570189515, 0.4211198649554742], [0.4524129001727915, 0.44326712620675923], [0.45311573837128016, 0.4450239998631467]]","[[40, 40], [40, 40], [40, 40], [40, 40], [40, 40]]",2,4,2,4
64,B,clean,"[0.42037782651301503, 0.4180392593028994, 0.41206851461019556, 0.4177002158920947, 0.4243287342939055]","[[0.42093166541109583, 0.41982398761493417], [0.4609523308030269, 0.37512618780277196], [0.4293892393597817, 0.3947477898606094], [0.42356399585687254, 0.4118364359273169], [0.42809827635003367, 0.4205591922377773]]","[[40, 40], [40, 40], [40, 40], [40, 40], [40, 40]]",2,4,2,4
64,B,brightness_dark,"[0.5002755364842087, 0.4727921139572544, 0.49939576416902853, 0.499118051204255, 0.5005700577808374]","[[0.5362783193796105, 0.464272753588807], [0.48168517873262207, 0.4638990491818868], [0.5188646190998819, 0.47992690923817516], [0.5243683776704045, 0.4738677247381056], [0.5291694037459591, 0.47197071181571576]]","[[40, 40], [40, 40], [40, 40], [40, 40], [40, 40]]",1,2,2,4
64,B,contrast_low,"[0.4344668522437477, 0.4213600563494416, 0.4307131727056689, 0.434595970290405, 0.43809640406548367]","[[0.4441734638458243, 0.42476024064167106], [0.4715085505311273, 0.3712115621677559], [0.42798716840649503, 0.4334391770048427], [0.4641692945146877, 0.40502264606612226], [0.43756712707143963, 0.43862568105952776]]","[[40, 40], [40, 40], [40, 40], [40, 40], [40, 40]]",1,2,2,4
64,B,gaussian_noise,"[0.3849143421252472, 0.3867570732392833, 0.38328521632370743, 0.38207876801601615, 0.38985280172744446]","[[0.3745884622684358, 0.3952402219820587], [0.3900002167214617, 0.3835139297571049], [0.3728745951542519, 0.39369583749316295], [0.37259343386541705, 0.39156410216661525], [0.3705667865151485, 0.4091388169397404]]","[[40, 40], [40, 40], [40, 40], [40, 40], [40, 40]]",3,8,2,4
64,B,gaussian_blur,"[0.4475035769705664, 0.44169981294253435, 0.43889090374160744, 0.4497533685667756, 0.4494397320336637]","[[0.446774292288813, 0.4482328616523198], [0.48631989381358265, 0.3970797320714861], [0.4507362101404718, 0.4270455973427431], [0.4496478251392354, 0.4498589119943158], [0.45191523425386515, 0.4469642298134623]]","[[40, 40], [40, 40], [40, 40], [40, 40], [40, 40]]",2,4,2,4
65,A,clean,"[0.39267213145914126, 0.34445262457509096, 0.3641871729454534, 0.39576932190237585, 0.3886999932216408]","[[0.3866329034170173, 0.3987113595012653], [0.3103915698234473, 0.37851367932673463], [0.3700683666983452, 0.3583059791925616], [0.38651894749580656, 0.40501969630894513], [0.3887914002892532, 0.3886085861540284]]","[[40, 40], [40, 40], [40, 40], [40, 40], [40, 40]]",1,2,1,2
65,A,brightness_dark,"[0.3713627429426992, 0.3413125076739344, 0.3476084861360248, 0.37091686502578614, 0.36439548794927445]","[[0.39831137750419676, 0.3444141083812016], [0.35384158929230003, 0.32878342605556876], [0.36496100861841485, 0.3302559636536348], [0.3944190851266915, 0.34741464492488083], [0.3849976627753753, 0.3437933131231737]]","[[40, 40], [40, 40], [40, 40], [40, 40], [40, 40]]",1,2,1,2
65,A,contrast_low,"[0.3704857974259059, 0.4143728407642866, 0.36382240918722997, 0.3715045694001483, 0.3694570157890926]","[[0.35431166377377654, 0.3866599310780353], [0.4254767367003581, 0.40326894482821507], [0.35364059610363907, 0.3740042222708208], [0.37716041122428945, 0.3658487275760071], [0.3585453114828107, 0.3803687200953745]]","[[40, 40], [40, 40], [40, 40], [40, 40], [40, 40]]",2,4,1,2
65,A,gaussian_noise,"[0.36069743387092734, 0.30354536608200555, 0.32272907908497067, 0.36504413012492243, 0.3515910727902073]","[[0.3773302758587379, 0.3440645918831168], [0.2943859206505718, 0.3127048115134393], [0.3392818272976621, 0.30617633087227925], [0.37361601115144216, 0.3564722490984027], [0.37290525245168266, 0.3302768931287319]]","[[40, 40], [40, 40], [40, 40], [40, 40], [40, 40]]",1,2,1,2
65,A,gaussian_blur,"[0.4112273878359608, 0.39648527766782043, 0.38518913696222257, 0.40496437296676313, 0.4061253354390756]","[[0.4137159399778523, 0.40873883569406927], [0.394007634634436, 0.39896292070120487], [0.4017042386703869, 0.3686740352540583], [0.40994253850442275, 0.39998620742910346], [0.4029309687454208, 0.40931970213273045]]","[[40, 40], [40, 40], [40, 40], [40, 40], [40, 40]]",2,4,1,2
65,B,clean,"[0.39267213145914126, 0.34374313970930326, 0.3531743971416211, 0.3967926878696975, 0.388485196765905]","[[0.3866329034170173, 0.3987113595012653], [0.3104672464076703, 0.37701903301093614], [0.3563793973531713, 0.34996939693007084], [0.38754229567429593, 0.4060430800650991], [0.38871608216499726, 0.38825431136681265]]","[[40, 40], [40, 40], [40, 40], [40, 40], [40, 40]]",1,2,1,2
65,B,brightness_dark,"[0.3713627429426992, 0.3410251999757244, 0.34849491583370973, 0.3694218616347221, 0.364468190481154]","[[0.39831137750419676, 0.3444141083812016], [0.3550276950719689, 0.3270227048794799], [0.3665854216032365, 0.33040441006418303], [0.3921399254132658, 0.3467037978561784], [0.38466552530688924, 0.3442708556554187]]","[[40, 40], [40, 40], [40, 40], [40, 40], [40, 40]]",1,2,1,2
65,B,contrast_low,"[0.3704857974259059, 0.419752878172878, 0.3639988235264163, 0.37009386030747804, 0.36966924217323194]","[[0.35431166377377654, 0.3866599310780353], [0.4350668300508021, 0.4044389262949538], [0.35137798217714644, 0.3766196648756862], [0.36783705968582714, 0.3723506609291289], [0.35800949754894, 0.3813289867975238]]","[[40, 40], [40, 40], [40, 40], [40, 40], [40, 40]]",2,4,1,2
65,B,gaussian_noise,"[0.36069743387092734, 0.3054521572284541, 0.3146398331606648, 0.36513108145104467, 0.3516381550004812]","[[0.3773302758587379, 0.3440645918831168], [0.29749789024173257, 0.31340642421517567], [0.32478992031023085, 0.30448974601109874], [0.37320465694046767, 0.35705750596162167], [0.37281399457750575, 0.3304623154234566]]","[[40, 40], [40, 40], [40, 40], [40, 40], [40, 40]]",1,2,1,2
65,B,gaussian_blur,"[0.4112273878359608, 0.39564700014077675, 0.3821697710090309, 0.4091388095904802, 0.40472608258002096]","[[0.4137159399778523, 0.40873883569406927], [0.39287491689192766, 0.39841908338962584], [0.38742817962931364, 0.3769113623887481], [0.4138485196936307, 0.4044290994873297], [0.40086466904130197, 0.40858749611873996]]","[[40, 40], [40, 40], [40, 40], [40, 40], [40, 40]]",2,4,1,2
66,A,clean,"[0.17985047619968955, 0.17931156777154683, 0.18366612022950196, 0.17803196885591488, 0.1816033325913755]","[[0.16332194599522204, 0.19637900640415706], [0.1644739908485205, 0.1941491446945732], [0.1600772454424307, 0.20725499501657318], [0.16488397091253088, 0.1911799667992989], [0.1607131495781025, 0.2024935156046485]]","[[40, 40], [40, 40], [40, 40], [40, 40], [40, 40]]",3,8,3,8
66,A,brightness_dark,"[0.23354795464225325, 0.21407541502774502, 0.24088713916306867, 0.23741900662818122, 0.241168554029298]","[[0.19282764920655304, 0.27426826007795346], [0.17580883535106887, 0.25234199470442115], [0.19646649069315064, 0.2853077876329867], [0.19217331764960682, 0.2826646956067556], [0.19670543751821293, 0.2856316705403831]]","[[40, 40], [40, 40], [40, 40], [40, 40], [40, 40]]",1,2,3,8
66,A,contrast_low,"[0.22145864160184264, 0.20912834041756773, 0.2126123229835149, 0.20913184625100412, 0.22144624116488573]","[[0.18819894076077653, 0.25471834244290875], [0.19543806040746217, 0.22281862042767325], [0.19886524602817604, 0.2263593999388538], [0.17853008562381162, 0.23973360687819661], [0.19428784042471955, 0.2486046419050519]]","[[40, 40], [40, 40], [40, 40], [40, 40], [40, 40]]",1,2,3,8
66,A,gaussian_noise,"[0.18407442502849022, 0.20024409852820746, 0.1826586827794949, 0.18011260177832483, 0.18307021132033932]","[[0.1494057370069433, 0.21874311305003716], [0.16502311801163744, 0.2354650790447775], [0.15088733953712982, 0.21443002602185998], [0.14890565120296878, 0.21131955235368088], [0.14945080989685372, 0.21668961274382492]]","[[40, 40], [40, 40], [40, 40], [40, 40], [40, 40]]",3,8,3,8
66,A,gaussian_blur,"[0.19949901118587007, 0.19186798039591585, 0.1883646606985223, 0.1953101413500718, 0.19790494003305004]","[[0.17158975387282738, 0.22740826849891277], [0.18902006301310675, 0.19471589777872494], [0.1697047435527321, 0.2070245778443125], [0.17234995770920075, 0.21827032499094284], [0.1692798914509792, 0.22652998861512086]]","[[40, 40], [40, 40], [40, 40], [40, 40], [40, 40]]",2,4,3,8
66,B,clean,"[0.17985047619968955, 0.1771789872994522, 0.18314207091118556, 0.17764614833876047, 0.18252307467356382]","[[0.16332194599522204, 0.19637900640415706], [0.16396735905712775, 0.19039061554177666], [0.15398577681980927, 0.21229836500256188], [0.16541983103512017, 0.1898724656424008], [0.16014201870940348, 0.20490413063772417]]","[[40, 40], [40, 40], [40, 40], [40, 40], [40, 40]]",1,2,1,2
66,B,brightness_dark,"[0.23354795464225325, 0.21282537841571736, 0.23714961772875082, 0.23510332067617057, 0.24216871483392075]","[[0.19282764920655304, 0.27426826007795346], [0.17566264441599402, 0.2499881124154407], [0.19213927854801996, 0.28215995690948165], [0.19325403569021612, 0.276952605662125], [0.19633240189318585, 0.28800502777465564]]","[[40, 40], [40, 40], [40, 40], [40, 40], [40, 40]]",1,2,1,2
66,B,contrast_low,"[0.22145864160184264, 0.2098424060941167, 0.20171257103928372, 0.2102911257314939, 0.22058386771188926]","[[0.18819894076077653, 0.25471834244290875], [0.1968824364093115, 0.22280237577892192], [0.18159429813961245, 0.221830843938955], [0.18474423567968942, 0.23583801578329835], [0.19388804621950306, 0.24727968920427545]]","[[40, 40], [40, 40], [40, 40], [40, 40], [40, 40]]",2,4,1,2
66,B,gaussian_noise,"[0.18407442502849022, 0.19741740822646664, 0.1796149746957319, 0.1794211819333797, 0.18314103473749133]","[[0.1494057370069433, 0.21874311305003716], [0.16306755059581865, 0.2317672658571146], [0.14139454566380444, 0.21783540372765936], [0.14876438346526594, 0.21007798040149345], [0.14906405944927087, 0.2172180100257118]]","[[40, 40], [40, 40], [40, 40], [40, 40], [40, 40]]",3,8,1,2
66,B,gaussian_blur,"[0.19949901118587007, 0.18749413828809247, 0.189426347505813, 0.19513229114119035, 0.1990438809113302]","[[0.17158975387282738, 0.22740826849891277], [0.1858211577775223, 0.1891671187986626], [0.1622040161629561, 0.2166486788486699], [0.1731435620869568, 0.2171210201954239], [0.16942886575261748, 0.22865889607004294]]","[[40, 40], [40, 40], [40, 40], [40, 40], [40, 40]]",1,2,1,2
67,A,clean,"[0.3554340114251221, 0.3078741764676167, 0.3556005951643466, 0.35107563482465515, 0.3565155336011251]","[[0.3689112711501792, 0.341956751700065], [0.32675702490093206, 0.2889913280343014], [0.37679663330249924, 0.33440455702619404], [0.35958236924529285, 0.34256890040401744], [0.3742401075429858, 0.3387909596592643]]","[[40, 40], [40, 40], [40, 40], [40, 40], [40, 40]]",1,2,1,2
67,A,brightness_dark,"[0.3744412986500709, 0.3602492680973827, 0.3829913151160156, 0.36803908396443796, 0.38543885168356695]","[[0.4097307499193478, 0.33915184738079407], [0.39151684309006274, 0.3289816931047027], [0.44784167019139226, 0.3181409600406389], [0.40247984596110875, 0.3335983219677671], [0.4392913636391939, 0.33158633972794005]]","[[40, 40], [40, 40], [40, 40], [40, 40], [40, 40]]",1,2,1,2
67,A,contrast_low,"[0.46251654550584587, 0.3713023758667858, 0.42351567148049596, 0.44702435039545596, 0.44813467122549977]","[[0.47622361180287937, 0.4488094792088123], [0.388219225017684, 0.35438552671588763], [0.4797723365011081, 0.36725900645988385], [0.4472016817440968, 0.4468470190468151], [0.4820283956004808, 0.4142409468505187]]","[[40, 40], [40, 40], [40, 40], [40, 40], [40, 40]]",1,2,1,2
67,A,gaussian_noise,"[0.37521146727689747, 0.33922598054578756, 0.34953505617775493, 0.37786704952235817, 0.3580189557464266]","[[0.36787184122035, 0.3825510933334449], [0.3361668237019625, 0.34228513738961264], [0.34094114811427245, 0.35812896424123747], [0.3663280599033037, 0.3894060391414126], [0.34975826751879113, 0.3662796439740621]]","[[40, 40], [40, 40], [40, 40], [40, 40], [40, 40]]",1,2,1,2
67,A,gaussian_blur,"[0.37786452149400407, 0.3453397360902487, 0.3955316435385904, 0.37458601835381283, 0.38039097760056395]","[[0.3823342107549291, 0.373394832233079], [0.3399102638048636, 0.35076920837563375], [0.37731415556461056, 0.4137491315125702], [0.3743991577565202, 0.37477287895110545], [0.37891987692173823, 0.38186207827938967]]","[[40, 40], [40, 40], [40, 40], [40, 40], [40, 40]]",1,2,1,2
67,B,clean,"[0.3554340114251221, 0.3075614336644264, 0.3546102817228337, 0.3529751781218041, 0.3560580647106816]","[[0.3689112711501792, 0.341956751700065], [0.32945477066731266, 0.28566809666154014], [0.37665365501187414, 0.3325669084337933], [0.361093062546423, 0.3448572936971852], [0.3737315188784935, 0.3383846105428696]]","[[40, 40], [40, 40], [40, 40], [40, 40], [40, 40]]",1,2,1,2
67,B,brightness_dark,"[0.3744412986500709, 0.3615856155857618, 0.37932364133163265, 0.3678907445504973, 0.38471521756585697]","[[0.4097307499193478, 0.33915184738079407], [0.39192187641320136, 0.33124935475832223], [0.44271631748157303, 0.3159309651816922], [0.40383477245678934, 0.3319467166442052], [0.4388556750497692, 0.33057476008194475]]","[[40, 40], [40, 40], [40, 40], [40, 40], [40, 40]]",1,2,1,2
67,B,contrast_low,"[0.46251654550584587, 0.37010011472742754, 0.4133862560755055, 0.4550276743196473, 0.4455823745757417]","[[0.47622361180287937, 0.4488094792088123], [0.3905133166764396, 0.3496869127784154], [0.4700163679419457, 0.35675614420906526], [0.45548812658007043, 0.4545672220592241], [0.4788741713224532, 0.4122905778290301]]","[[40, 40], [40, 40], [40, 40], [40, 40], [40, 40]]",1,2,1,2
67,B,gaussian_noise,"[0.37521146727689747, 0.33606424137256813, 0.34449786488740575, 0.3794231220320884, 0.356364274835521]","[[0.36787184122035, 0.3825510933334449], [0.3333880438694504, 0.33874043887568583], [0.3435705637091576, 0.3454251660656539], [0.3693297752987645, 0.38951646876541235], [0.347915043791608, 0.3648135058794341]]","[[40, 40], [40, 40], [40, 40], [40, 40], [40, 40]]",1,2,1,2
67,B,gaussian_blur,"[0.37786452149400407, 0.34343095033507365, 0.38175951887836373, 0.3774660055173813, 0.3804259675257759]","[[0.3823342107549291, 0.373394832233079], [0.3408684843153895, 0.3459934163547578], [0.359818210907096, 0.4037008268496315], [0.37554478412634584, 0.37938722690841675], [0.37896788569482964, 0.38188404935672216]]","[[40, 40], [40, 40], [40, 40], [40, 40], [40, 40]]",1,2,1,2
68,A,clean,"[0.2886924069717731, 0.28607487422151473, 0.2829572589630658, 0.2846434907128727, 0.2927298834197054]","[[0.3386916616822395, 0.23869315226130677], [0.35372907347146854, 0.21842067497156092], [0.32347991130082815, 0.24243460662530342], [0.3402447886149038, 0.22904219281084162], [0.33594072905598527, 0.2495190377834255]]","[[40, 40], [40, 40], [40, 40], [40, 40], [40, 40]]",2,4,2,4
68,A,brightness_dark,"[0.28263077742432097, 0.27386972089121764, 0.2892460767130479, 0.269484455405018, 0.287749844148123]","[[0.3288441798863656, 0.2364173749622763], [0.3200072649381389, 0.2277321768442963], [0.33292468688131854, 0.24556746654477735], [0.32455166287932163, 0.21441724793071434], [0.33136211869496396, 0.24413756960128205]]","[[40, 40], [40, 40], [40, 40], [40, 40], [40, 40]]",3,8,2,4
68,A,contrast_low,"[0.3179013900994977, 0.31563946295897916, 0.33116240659796237, 0.29504387761801076, 0.3273609167563436]","[[0.39975433328896726, 0.2360484469100282], [0.37787500420947273, 0.2534039217084856], [0.3859827244362282, 0.27634208875969657], [0.36690607194877856, 0.22318168328724292], [0.4000667305026525, 0.2546551030100347]]","[[40, 40], [40, 40], [40, 40], [40, 40], [40, 40]]",3,8,2,4
68,A,gaussian_noise,"[0.2699475155417409, 0.25073221909297666, 0.25344483995725625, 0.26392716033218866, 0.26598783354305144]","[[0.2954402769768615, 0.24445475410662035], [0.2953189875398976, 0.20614545064605574], [0.27464338250938036, 0.2322462974051321], [0.29615796851997445, 0.23169635214440287], [0.2841735494103643, 0.24780211767573856]]","[[40, 40], [40, 40], [40, 40], [40, 40], [40, 40]]",1,2,2,4
68,A,gaussian_blur,"[0.2728740688353099, 0.2797724226453906, 0.27858542184993307, 0.24945402612789994, 0.2839446778020218]","[[0.3195421551512996, 0.22620598251932025], [0.3284444384424182, 0.23110040684836294], [0.30217225386315893, 0.25499858983670726], [0.28908867299618146, 0.2098193792596184], [0.31817319856718596, 0.24971615703685765]]","[[40, 40], [40, 40], [40, 40], [40, 40], [40, 40]]",3,8,2,4
68,B,clean,"[0.2886924069717731, 0.28624804796027714, 0.27960925445321494, 0.28549476355422876, 0.2930436500325895]","[[0.3386916616822395, 0.23869315226130677], [0.3515844232505805, 0.22091167266997386], [0.3148479339547772, 0.2443705749516527], [0.3425813265367278, 0.22840820057172978], [0.3352622771204762, 0.25082502294470277]]","[[40, 40], [40, 40], [40, 40], [40, 40], [40, 40]]",2,4,2,4
68,B,brightness_dark,"[0.28263077742432097, 0.2754466429809017, 0.29538205512501436, 0.27178781778598665, 0.28870083530580865]","[[0.3288441798863656, 0.2364173749622763], [0.3217164791274139, 0.2291768068343895], [0.33768377462063803, 0.25308033562939075], [0.32706775549270173, 0.2165078800792716], [0.3316731962982283, 0.245728474313389]]","[[40, 40], [40, 40], [40, 40], [40, 40], [40, 40]]",3,8,2,4
68,B,contrast_low,"[0.3179013900994977, 0.3133699444827515, 0.331805563224958, 0.2947979058968398, 0.3279826732561817]","[[0.39975433328896726, 0.2360484469100282], [0.37669210140130965, 0.2500477875641934], [0.37371922199497726, 0.28989190445493873], [0.3658187790391163, 0.22377703275456326], [0.3985057773949929, 0.25745956911737045]]","[[40, 40], [40, 40], [40, 40], [40, 40], [40, 40]]",3,8,2,4
68,B,gaussian_noise,"[0.2699475155417409, 0.24977157241983405, 0.2539922832493299, 0.2648164766686526, 0.2657174495267348]","[[0.2954402769768615, 0.24445475410662035], [0.29319099176379615, 0.20635215307587193], [0.27176667246034414, 0.23621789403831567], [0.298152494220053, 0.2314804591172522], [0.2822104324174931, 0.24922446663597647]]","[[40, 40], [40, 40], [40, 40], [40, 40], [40, 40]]",1,2,2,4
68,B,gaussian_blur,"[0.2728740688353099, 0.2811579119531409, 0.27847820202426976, 0.2520463964160363, 0.28608886886102214]","[[0.3195421551512996, 0.22620598251932025], [0.3308044957170956, 0.23151132818918616], [0.28863060243628463, 0.2683258016122549], [0.29551703418042685, 0.20857575865164577], [0.3189093207412991, 0.25326841698074515]]","[[40, 40], [40, 40], [40, 40], [40, 40], [40, 40]]",3,8,2,4
69,A,clean,"[0.450651065020528, 0.3734936580646775, 0.4297063465996208, 0.4333083379038287, 0.4524255168845114]","[[0.3862024963940516, 0.5150996336470044], [0.3775317217039555, 0.36945559442539955], [0.3771973022869287, 0.4822153909123129], [0.38983606437656704, 0.4767806114310904], [0.37605280958830417, 0.5287982241807185]]","[[40, 40], [40, 40], [40, 40], [40, 40], [40, 40]]",1,2,1,2
69,A,brightness_dark,"[0.3781178464689581, 0.3499208379222796, 0.3441641974255551, 0.3831952431844492, 0.36646163317666985]","[[0.2943966058717101, 0.461839087066206], [0.2915888745477374, 0.40825280129682184], [0.2898431224206085, 0.3984852724305017], [0.29614859122589504, 0.4702418951430034], [0.29397726974572513, 0.4389459966076146]]","[[40, 40], [40, 40], [40, 40], [40, 40], [40, 40]]",2,4,1,2
69,A,contrast_low,"[0.7286325467169733, 0.46409765916025525, 0.5781751064940753, 0.640571544514622, 0.7601173621284402]","[[0.35326707127827967, 1.103998022155667], [0.3566337436687547, 0.5715615746517557], [0.3755325360107173, 0.7808176769774333], [0.36408367514198875, 0.9170594138872552], [0.3558369510443999, 1.1643977732124804]]","[[40, 40], [40, 40], [40, 40], [40, 40], [40, 40]]",1,2,1,2
69,A,gaussian_noise,"[0.4169090311426863, 0.35270904488271304, 0.3930948008590256, 0.4179349734073546, 0.39985241478303496]","[[0.3425958252683893, 0.49122223701698325], [0.3475035761897717, 0.3579145135756544], [0.324036391646801, 0.46215321007125026], [0.35794991139065246, 0.4779200354240567], [0.3284362108557238, 0.47126861871034614]]","[[40, 40], [40, 40], [40, 40], [40, 40], [40, 40]]",1,2,1,2
69,A,gaussian_blur,"[0.5105767995469396, 0.42702924435517753, 0.5415595919739862, 0.46789329749026554, 0.5204395706905961]","[[0.4296538444311476, 0.5914997546627315], [0.39728768995643354, 0.4567707987539215], [0.42196125505933607, 0.6611579288886362], [0.42120671700117773, 0.5145798779793533], [0.4306885071839023, 0.6101906341972899]]","[[40, 40], [40, 40], [40, 40], [40, 40], [40, 40]]",1,2,1,2
69,B,clean,"[0.450651065020528, 0.3724812619601764, 0.4108579226240343, 0.43889230304177035, 0.45307205140005297]","[[0.3862024963940516, 0.5150996336470044], [0.3774541962485153, 0.36750832767183744], [0.36646861956166743, 0.45524722568640125], [0.3917891189595848, 0.4859954871239559], [0.37498861544145023, 0.5311554873586557]]","[[40, 40], [40, 40], [40, 40], [40, 40], [40, 40]]",1,2,1,2
69,B,brightness_dark,"[0.3781178464689581, 0.3488947453748239, 0.34356190370087725, 0.3841660553386721, 0.3654370528829406]","[[0.2943966058717101, 0.461839087066206], [0.29128991305307783, 0.40649957769657], [0.2923424359691085, 0.394781371432646], [0.2974185172398817, 0.47091359343746253], [0.29474771291542207, 0.43612639285045907]]","[[40, 40], [40, 40], [40, 40], [40, 40], [40, 40]]",2,4,1,2
69,B,contrast_low,"[0.7286325467169733, 0.461301824000529, 0.5722050968469603, 0.6460713840171752, 0.7637417533288338]","[[0.35326707127827967, 1.103998022155667], [0.35269100706885403, 0.569912640932204], [0.3648698031909656, 0.779540390502955], [0.36165401984259826, 0.9304887481917522], [0.3567305955292364, 1.1707529111284312]]","[[40, 40], [40, 40], [40, 40], [40, 40], [40, 40]]",1,2,1,2
69,B,gaussian_noise,"[0.4169090311426863, 0.3518029466830863, 0.37841836059872247, 0.4213603013148919, 0.3985286970124614]","[[0.3425958252683893, 0.49122223701698325], [0.34954444238902455, 0.35406145097714814], [0.3165857372337338, 0.4402509839637112], [0.3592695309119154, 0.48345107171786833], [0.3261420469758618, 0.47091534704906096]]","[[40, 40], [40, 40], [40, 40], [40, 40], [40, 40]]",1,2,1,2
69,B,gaussian_blur,"[0.5105767995469396, 0.42642863532903313, 0.5318495388534267, 0.47433700709386695, 0.52046177520272]","[[0.4296538444311476, 0.5914997546627315], [0.3942652108784652, 0.45859205977960105], [0.4151018363018718, 0.6485972414049815], [0.4218898694082173, 0.5267841447795165], [0.431113607673091, 0.609809942732349]]","[[40, 40], [40, 40], [40, 40], [40, 40], [40, 40]]",1,2,1,2
70,A,clean,"[0.2748628597947936, 0.24266841715908774, 0.2637078427702894, 0.25849029569382265, 0.27802439306912974]","[[0.16249350205714744, 0.3872322175324397], [0.17230904286241472, 0.31302779145576076], [0.1559302162525201, 0.37148546928805876], [0.16344628889150212, 0.35353430249614315], [0.15994086514708944, 0.3961079209911701]]","[[40, 40], [40, 40], [40, 40], [40, 40], [40, 40]]",1,2,1,2
70,A,brightness_dark,"[0.3148512168067795, 0.29170924652906327, 0.2923645938312972, 0.3162284150217781, 0.31045235122008663]","[[0.20809904298862475, 0.42160339062493435], [0.18754786753606661, 0.39587062552206], [0.20449226854133024, 0.3802369191212641], [0.2089992277026988, 0.42345760234085744], [0.19527264138795636, 0.42563206105221685]]","[[40, 40], [40, 40], [40, 40], [40, 40], [40, 40]]",1,2,1,2
70,A,contrast_low,"[0.48487114075665916, 0.2764119637007093, 0.4304022677983377, 0.4354269300971431, 0.4748834573188544]","[[0.25460958144861945, 0.7151327000646989], [0.21054266541861516, 0.34228126198280345], [0.2232112414291565, 0.6375932941675189], [0.259775837742276, 0.6110780224520103], [0.24128660188892365, 0.7084803127487851]]","[[40, 40], [40, 40], [40, 40], [40, 40], [40, 40]]",1,2,1,2
70,A,gaussian_noise,"[0.20862855464470337, 0.18568887588627037, 0.19868348019564658, 0.21185710908715072, 0.20398382578685925]","[[0.1547178337581489, 0.26253927553125783], [0.1682102493681533, 0.20316750240438744], [0.14987456619486167, 0.2474923941964315], [0.1515937432897382, 0.2721204748845632], [0.15412377836083385, 0.25384387321288465]]","[[40, 40], [40, 40], [40, 40], [40, 40], [40, 40]]",1,2,1,2
70,A,gaussian_blur,"[0.25605909273457517, 0.2346390054512828, 0.25135665309770405, 0.2562132651269672, 0.25536857674004176]","[[0.15686405050917043, 0.35525413495997993], [0.14397263946873345, 0.32530537143383215], [0.15380234780273283, 0.3489109583926752], [0.1785539854444737, 0.3338725448094607], [0.15251011781980434, 0.35822703566027914]]","[[40, 40], [40, 40], [40, 40], [40, 40], [40, 40]]",1,2,1,2
70,B,clean,"[0.2748628597947936, 0.23989572033681572, 0.27164334638687176, 0.25862976149856376, 0.27783245416118485]","[[0.16249350205714744, 0.3872322175324397], [0.17053590084610465, 0.3092555398275268], [0.1615470249058583, 0.3817396678678852], [0.16327649623419963, 0.3539830267629279], [0.16041882834418864, 0.395246079978181]]","[[40, 40], [40, 40], [40, 40], [40, 40], [40, 40]]",1,2,1,2
70,B,brightness_dark,"[0.3148512168067795, 0.2915993606633531, 0.29495550939228377, 0.3178369423637473, 0.31082205248412786]","[[0.20809904298862475, 0.42160339062493435], [0.18597683045352, 0.39722189087318627], [0.21139789168797868, 0.37851312709658885], [0.21069389344398912, 0.4249799912835055], [0.19548651599246553, 0.42615758897579015]]","[[40, 40], [40, 40], [40, 40], [40, 40], [40, 40]]",1,2,1,2
70,B,contrast_low,"[0.48487114075665916, 0.27763181696364053, 0.4395508625857255, 0.45662354269019295, 0.4769746808260735]","[[0.25460958144861945, 0.7151327000646989], [0.2036553412860263, 0.35160829264125476], [0.22404874777032874, 0.6550529774011222], [0.25887787047435884, 0.6543692149060271], [0.24445068853550994, 0.7094986731166372]]","[[40, 40], [40, 40], [40, 40], [40, 40], [40, 40]]",1,2,1,2
70,B,gaussian_noise,"[0.20862855464470337, 0.18546292274434162, 0.2055984878157585, 0.2112919089700532, 0.20334682430913442]","[[0.1547178337581489, 0.26253927553125783], [0.16960992021165042, 0.20131592527703285], [0.1550281919798548, 0.25616878365166224], [0.15137062219864744, 0.27121319574145897], [0.15444962340731844, 0.2522440252109504]]","[[40, 40], [40, 40], [40, 40], [40, 40], [40, 40]]",1,2,1,2
70,B,gaussian_blur,"[0.25605909273457517, 0.23193063357214358, 0.25683699794525083, 0.25275527481896937, 0.2552070131524102]","[[0.15686405050917043, 0.35525413495997993], [0.14199367395750884, 0.3218675931867783], [0.15353662033799337, 0.36013737555250824], [0.17224587024965637, 0.33326467938828236], [0.15222610548401838, 0.358187920820802]]","[[40, 40], [40, 40], [40, 40], [40, 40], [40, 40]]",1,2,1,2
71,A,clean,"[0.4301213137236491, 0.3487418928134586, 0.39351736850519803, 0.43328707867256255, 0.42019740976412806]","[[0.37053301651728454, 0.48970961093001364], [0.3162285937580719, 0.38125519186884527], [0.34514501398084646, 0.44188972302954965], [0.3852681823383107, 0.4813059750068144], [0.3658907194495194, 0.4745041000787367]]","[[40, 40], [40, 40], [40, 40], [40, 40], [40, 40]]",1,2,1,2
71,A,brightness_dark,"[0.4188850841919265, 0.41372892212813706, 0.4253856774870597, 0.40505391720965345, 0.4376259212930137]","[[0.36809207069113187, 0.4696780976927212], [0.3592026906589204, 0.46825515359735376], [0.38147896803032744, 0.46929238694379194], [0.36213471048162554, 0.4479731239376813], [0.3958339619257785, 0.4794178806602488]]","[[40, 40], [40, 40], [40, 40], [40, 40], [40, 40]]",3,8,1,2
71,A,contrast_low,"[0.43510670347030717, 0.37910010823863266, 0.4361204712474708, 0.4165043609214478, 0.4420281927376638]","[[0.3640352080063446, 0.5061781989342697], [0.3530403433456055, 0.4051598731316598], [0.3694679813017128, 0.5027729611932288], [0.35848797002328137, 0.4745207518196143], [0.3658534118325444, 0.5182029736427832]]","[[40, 40], [40, 40], [40, 40], [40, 40], [40, 40]]",1,2,1,2
71,A,gaussian_noise,"[0.3991485957295677, 0.3415187559472107, 0.38454093717038185, 0.4031815612953684, 0.4022587992926105]","[[0.3664128054727118, 0.43188438598642354], [0.2965264448752947, 0.38651106701912674], [0.35204983284695374, 0.41703204149381], [0.3662999304959066, 0.4400631920948303], [0.3771666953551565, 0.42735090323006447]]","[[40, 40], [40, 40], [40, 40], [40, 40], [40, 40]]",1,2,1,2
71,A,gaussian_blur,"[0.4612653246054598, 0.3511065083590377, 0.4090000356969123, 0.43277932070643355, 0.44157133105837976]","[[0.425574966858404, 0.49695568235251564], [0.33008295654128783, 0.3721300601767875], [0.39744993048699806, 0.4205501409068265], [0.423254211185936, 0.44230443022693117], [0.4082965459573963, 0.47484611615936323]]","[[40, 40], [40, 40], [40, 40], [40, 40], [40, 40]]",1,2,1,2
71,B,clean,"[0.4301213137236491, 0.3476904471744956, 0.39752786299554804, 0.43392247394284555, 0.4189157767751065]","[[0.37053301651728454, 0.48970961093001364], [0.3156794047784717, 0.3797014895705196], [0.3503169851966437, 0.44473874079445236], [0.3846079696877423, 0.4832369781979488], [0.36418817142812426, 0.4736433821220887]]","[[40, 40], [40, 40], [40, 40], [40, 40], [40, 40]]",1,2,1,2
71,B,brightness_dark,"[0.4188850841919265, 0.41544673168141666, 0.4297668526438543, 0.403044178324088, 0.43906722492686545]","[[0.36809207069113187, 0.4696780976927212], [0.35836861332345415, 0.4725248500393791], [0.3882769206257312, 0.47125678466197735], [0.3570780728680112, 0.4490102837801649], [0.3978590331847077, 0.48027541666902324]]","[[40, 40], [40, 40], [40, 40], [40, 40], [40, 40]]",3,8,1,2
71,B,contrast_low,"[0.43510670347030717, 0.38311968185004736, 0.43723930490111734, 0.4199026923750374, 0.44199984823627864]","[[0.3640352080063446, 0.5061781989342697], [0.34930601881584905, 0.41693334488424566], [0.3849696271443244, 0.48950898265791026], [0.35443027322093373, 0.4853751115291411], [0.3644225505855858, 0.5195771458869715]]","[[40, 40], [40, 40], [40, 40], [40, 40], [40, 40]]",1,2,1,2
71,B,gaussian_noise,"[0.3991485957295677, 0.3401550451707197, 0.3857996927447147, 0.40123006846397036, 0.4022969536218315]","[[0.3664128054727118, 0.43188438598642354], [0.2984497919569161, 0.3818602983845233], [0.36863970719042294, 0.40295967829900653], [0.36394938057826115, 0.4385107563496796], [0.3771122986556798, 0.4274816085879832]]","[[40, 40], [40, 40], [40, 40], [40, 40], [40, 40]]",1,2,1,2
71,B,gaussian_blur,"[0.4612653246054598, 0.3513034575166044, 0.40378271256507936, 0.43831629193693034, 0.4391181349216824]","[[0.425574966858404, 0.49695568235251564], [0.3333637707546923, 0.3692431442785165], [0.3886368186565029, 0.4189286064736558], [0.4257333787228131, 0.45089920515104753], [0.40496920472175796, 0.4732670651216068]]","[[40, 40], [40, 40], [40, 40], [40, 40], [40, 40]]",1,2,1,2
72,A,clean,"[0.47173711663769774, 0.4493038049829315, 0.4062338185632391, 0.46866146285037, 0.44690226570417063]","[[0.36557982006275813, 0.5778944132126373], [0.32570783227578215, 0.5728997776900808], [0.34800800474581745, 0.46445963238066074], [0.37101313990096524, 0.5663097857997749], [0.3598737502470536, 0.5339307811612877]]","[[40, 40], [40, 40], [40, 40], [40, 40], [40, 40]]",2,4,2,4
72,A,brightness_dark,"[0.3998972902209673, 0.3614593042459818, 0.36268256349760886, 0.4096156034505547, 0.38723124591975333]","[[0.3220637485681445, 0.4777308318737902], [0.3055278244855014, 0.41739078400646223], [0.30969539491013254, 0.4156697320850852], [0.32531266573017603, 0.49391854117093337], [0.3194296267814494, 0.4550328650580572]]","[[40, 40], [40, 40], [40, 40], [40, 40], [40, 40]]",1,2,2,4
72,A,contrast_low,"[0.5382172682237916, 0.47868746063727724, 0.47864370513163923, 0.49551054352112356, 0.5197375230265073]","[[0.3594799606859361, 0.716954575761647], [0.35767500716403255, 0.5996999141105219], [0.3873783780330881, 0.5699090322301903], [0.34489888044077394, 0.6461222066014731], [0.3750319769862317, 0.664443069066783]]","[[40, 40], [40, 40], [40, 40], [40, 40], [40, 40]]",2,4,2,4
72,A,gaussian_noise,"[0.37490957517085255, 0.35254515818366217, 0.33570409884063956, 0.39319180551555943, 0.35442151477168]","[[0.33888718690927755, 0.4109319634324276], [0.3296870941561025, 0.3754032222112219], [0.30622757374414333, 0.36518062393713574], [0.34853013068748656, 0.4378534803436323], [0.3265632548951971, 0.3822797746481629]]","[[40, 40], [40, 40], [40, 40], [40, 40], [40, 40]]",2,4,2,4
72,A,gaussian_blur,"[0.5779563019048013, 0.5072717515707491, 0.48397597396050596, 0.5543318007044788, 0.5581100463685953]","[[0.37461710911425417, 0.7812954946953485], [0.31992848278564284, 0.6946150203558553], [0.34437743883231287, 0.623574509088699], [0.3593096219408066, 0.7493539794681512], [0.3784102567245428, 0.7378098360126477]]","[[40, 40], [40, 40], [40, 40], [40, 40], [40, 40]]",2,4,2,4
72,B,clean,"[0.47173711663769774, 0.45198772678654586, 0.3800786351389279, 0.4716854390368803, 0.442052947859517]","[[0.36557982006275813, 0.5778944132126373], [0.3266440632599921, 0.5773313903130995], [0.3485304132119781, 0.41162685706587776], [0.3694645121407135, 0.5739063659330471], [0.3592597629565953, 0.5248461327624386]]","[[40, 40], [40, 40], [40, 40], [40, 40], [40, 40]]",2,4,2,4
72,B,brightness_dark,"[0.3998972902209673, 0.36055891942511087, 0.3576605249450451, 0.4134891866280599, 0.38444982593569355]","[[0.3220637485681445, 0.4777308318737902], [0.30819635279561075, 0.412921486054611], [0.30391129087829005, 0.4114097590118001], [0.32945260824208483, 0.4975257650140349], [0.3179262356459647, 0.4509734162254223]]","[[40, 40], [40, 40], [40, 40], [40, 40], [40, 40]]",2,4,2,4
72,B,contrast_low,"[0.5382172682237916, 0.4913323261426179, 0.44416776283712517, 0.5068098320095114, 0.5160963246475131]","[[0.3594799606859361, 0.716954575761647], [0.3677342457139896, 0.6149304065712462], [0.3869059745814646, 0.5014295510927858], [0.34718196418602804, 0.6664376998329946], [0.37518015272655286, 0.6570124965684733]]","[[40, 40], [40, 40], [40, 40], [40, 40], [40, 40]]",2,4,2,4
72,B,gaussian_noise,"[0.37490957517085255, 0.3548585533743104, 0.32102224467566864, 0.393847168990016, 0.35066091084434625]","[[0.33888718690927755, 0.4109319634324276], [0.33365317404214856, 0.37606393270647226], [0.30561276349938166, 0.3364317258519557], [0.34819774090716427, 0.4394965970728677], [0.3244051387193795, 0.376916682969313]]","[[40, 40], [40, 40], [40, 40], [40, 40], [40, 40]]",2,4,2,4
72,B,gaussian_blur,"[0.5779563019048013, 0.5051911398836251, 0.44662223374411414, 0.5634817909887315, 0.5536813881788241]","[[0.37461710911425417, 0.7812954946953485], [0.3175173140057352, 0.692864965761515], [0.35044868004792373, 0.5427957874403045], [0.36154941339450686, 0.7654141685829561], [0.37913954412643375, 0.7282232322312143]]","[[40, 40], [40, 40], [40, 40], [40, 40], [40, 40]]",2,4,2,4
73,A,clean,"[0.4030998174188175, 0.4281976992603287, 0.38279507629323906, 0.39611233445626837, 0.3911338983338412]","[[0.4142313425619669, 0.3919682922756681], [0.46427464811861474, 0.3921207504020427], [0.4021636261901687, 0.36342652639630935], [0.4121318016794707, 0.380092867233066], [0.3963528319778158, 0.38591496468986664]]","[[40, 40], [40, 40], [40, 40], [40, 40], [40, 40]]",2,4,2,4
73,A,brightness_dark,"[0.4146003833607351, 0.3942142434050755, 0.37738277850503, 0.4074635133637349, 0.39854448302851986]","[[0.4088980533753996, 0.4203027133460706], [0.3625432627250299, 0.42588522408512103], [0.38287450454511224, 0.37189105246494775], [0.4078490903940624, 0.4070779363334073], [0.3942562972605094, 0.40283266879653024]]","[[40, 40], [40, 40], [40, 40], [40, 40], [40, 40]]",2,4,2,4
73,A,contrast_low,"[0.4706717948113673, 0.4501261305965273, 0.4337910022028803, 0.502561870714793, 0.4504607252110455]","[[0.520831703275628, 0.42051188634710657], [0.49299977291427555, 0.4072524882787791], [0.4502094409447947, 0.4173725634609659], [0.5250204049123133, 0.48010333651727277], [0.48500279704696936, 0.41591865337512174]]","[[40, 40], [40, 40], [40, 40], [40, 40], [40, 40]]",2,4,2,4
73,A,gaussian_noise,"[0.41535311222629157, 0.4301195285428794, 0.4009928244050398, 0.42584015042760426, 0.4020984831049586]","[[0.4359572773091509, 0.3947489471434323], [0.48479186242573424, 0.3754471946600246], [0.41312627096753973, 0.3888593778425399], [0.45530818742792095, 0.3963721134272876], [0.41162819501263626, 0.39256877119728095]]","[[40, 40], [40, 40], [40, 40], [40, 40], [40, 40]]",2,4,2,4
73,A,gaussian_blur,"[0.4567613789543377, 0.43404494195081994, 0.40625429426287407, 0.43263816769936597, 0.4447705004016679]","[[0.4706226235741685, 0.4429001343345069], [0.4536307114983682, 0.4144591724032717], [0.42586860089431083, 0.3866399876314373], [0.45660136548695557, 0.4086749699117764], [0.45211545423636845, 0.4374255465669673]]","[[40, 40], [40, 40], [40, 40], [40, 40], [40, 40]]",2,4,2,4
73,B,clean,"[0.4030998174188175, 0.42732312295461194, 0.3758893501583235, 0.39861596064101956, 0.3894328219581607]","[[0.4142313425619669, 0.3919682922756681], [0.4619560848934709, 0.39269016101575305], [0.3848275642736292, 0.36695113604301777], [0.4155494449748745, 0.38168247630716456], [0.39437076939323834, 0.38449487452308306]]","[[40, 40], [40, 40], [40, 40], [40, 40], [40, 40]]",2,4,2,4
73,B,brightness_dark,"[0.4146003833607351, 0.3941910259202376, 0.37413291011423233, 0.414848459248156, 0.39817223596744]","[[0.4088980533753996, 0.4203027133460706], [0.360121505283913, 0.4282605465565622], [0.37910547657547217, 0.36916034365299255], [0.4098294626674085, 0.4198674558289035], [0.3933253144757772, 0.4030191574591028]]","[[40, 40], [40, 40], [40, 40], [40, 40], [40, 40]]",2,4,2,4
73,B,contrast_low,"[0.4706717948113673, 0.45480365202414635, 0.40930007735569895, 0.47615377905606815, 0.448862166150234]","[[0.520831703275628, 0.42051188634710657], [0.49834637231957446, 0.41126093172871825], [0.41414505098460647, 0.4044551037267915], [0.5262921981611152, 0.4260153599510212], [0.4797405373503564, 0.4179837949501117]]","[[40, 40], [40, 40], [40, 40], [40, 40], [40, 40]]",2,4,2,4
73,B,gaussian_noise,"[0.41535311222629157, 0.4278262174633794, 0.3969615201904113, 0.42567237570160044, 0.4024975352476743]","[[0.4359572773091509, 0.3947489471434323], [0.4827193630157698, 0.372933071910989], [0.3918430047049311, 0.4020800356758915], [0.4561713817438634, 0.39517336965933747], [0.40990666721303926, 0.3950884032823094]]","[[40, 40], [40, 40], [40, 40], [40, 40], [40, 40]]",2,4,2,4
73,B,gaussian_blur,"[0.4567613789543377, 0.42490094222614194, 0.3923565438152409, 0.4395918579249025, 0.4431107547358432]","[[0.4706226235741685, 0.4429001343345069], [0.4444956386578265, 0.40530624579445745], [0.4038811419636913, 0.38083194566679046], [0.4584976587633124, 0.4206860570864926], [0.44930373282009783, 0.4369177766515886]]","[[40, 40], [40, 40], [40, 40], [40, 40], [40, 40]]",2,4,2,4
74,A,clean,"[0.2528212649888809, 0.2546064156342015, 0.24405347120970333, 0.2592938055964782, 0.2483322636979967]","[[0.25428806009173544, 0.25135446988602644], [0.2918433293420987, 0.2173695019263043], [0.24028458072351158, 0.24782236169589505], [0.2693923436567331, 0.2491952675362233], [0.24557142151944208, 0.25109310587655137]]","[[40, 40], [40, 40], [40, 40], [40, 40], [40, 40]]",2,4,2,4
74,A,brightness_dark,"[0.27703830401931956, 0.2634049511709676, 0.2810662536382505, 0.2820077139005163, 0.2695069125916553]","[[0.26051295538465913, 0.29356365265398], [0.25859907741988597, 0.2682108249220493], [0.2579289174586405, 0.3042035898178605], [0.26933063897582493, 0.2946847888252077], [0.2505769047201768, 0.28843692046313385]]","[[40, 40], [40, 40], [40, 40], [40, 40], [40, 40]]",1,2,2,4
74,A,contrast_low,"[0.302134841923969, 0.3562907798080073, 0.32625122684073443, 0.35966877320543633, 0.30683121331012375]","[[0.33002598880443196, 0.274243695043506], [0.4303984778097602, 0.2821830818062543], [0.3823638331350139, 0.270138620546455], [0.4568961884177999, 0.2624413579930728], [0.34329678117983564, 0.27036564544041186]]","[[40, 40], [40, 40], [40, 40], [40, 40], [40, 40]]",0,1,2,4
74,A,gaussian_noise,"[0.24067847623042582, 0.21484680895973043, 0.2318822820846968, 0.2484897059938142, 0.23564825431875458]","[[0.23342640315456417, 0.2479305493062875], [0.2260125616996509, 0.20368105621980997], [0.21453545599096327, 0.24922910817843036], [0.2400282887469892, 0.25695112324063923], [0.22748474965829266, 0.24381175897921653]]","[[40, 40], [40, 40], [40, 40], [40, 40], [40, 40]]",1,2,2,4
74,A,gaussian_blur,"[0.34645673761443524, 0.33811113019778694, 0.3335878417509198, 0.3112375116280579, 0.33796909123475]","[[0.37383392395909065, 0.3190795512697798], [0.4098242033096053, 0.2663980570859686], [0.36008844906381327, 0.30708723443802644], [0.34036201068129734, 0.28211301257481847], [0.3592731272460766, 0.3166650552234234]]","[[40, 40], [40, 40], [40, 40], [40, 40], [40, 40]]",3,8,2,4
74,B,clean,"[0.2528212649888809, 0.2542514254139402, 0.2473343153996567, 0.2593648974139395, 0.24796392581977506]","[[0.25428806009173544, 0.25135446988602644], [0.29164045840215513, 0.21686239242572522], [0.24032399438817137, 0.254344636411142], [0.2671346491549422, 0.2515951456729367], [0.24575480309244516, 0.2501730485471049]]","[[40, 40], [40, 40], [40, 40], [40, 40], [40, 40]]",2,4,2,4
74,B,brightness_dark,"[0.27703830401931956, 0.26375349627849354, 0.2786110263781274, 0.28301115569540003, 0.26884900664956957]","[[0.26051295538465913, 0.29356365265398], [0.25858136749034105, 0.268925625066646], [0.25747378902952256, 0.2997482637267323], [0.26869596468906976, 0.29732634670173025], [0.2504403156947727, 0.2872576976043664]]","[[40, 40], [40, 40], [40, 40], [40, 40], [40, 40]]",1,2,2,4
74,B,contrast_low,"[0.302134841923969, 0.35507259220108944, 0.32624324875106764, 0.3332968075778635, 0.3091883014634226]","[[0.33002598880443196, 0.274243695043506], [0.4248828094336191, 0.28526237496855983], [0.38271032567915997, 0.2697761718229753], [0.40380651712433985, 0.26278709803138717], [0.3463747873682771, 0.27200181555856806]]","[[40, 40], [40, 40], [40, 40], [40, 40], [40, 40]]",0,1,2,4
74,B,gaussian_noise,"[0.24067847623042582, 0.21549469626989012, 0.23831735634175727, 0.24849593591697636, 0.23489847035950223]","[[0.23342640315456417, 0.2479305493062875], [0.22591573136593385, 0.2050736611738464], [0.2221404159893159, 0.25449429669419865], [0.2391135259907533, 0.2578783458431994], [0.226612594153263, 0.2431843465657415]]","[[40, 40], [40, 40], [40, 40], [40, 40], [40, 40]]",1,2,2,4
74,B,gaussian_blur,"[0.34645673761443524, 0.34035357232138763, 0.32507941297733467, 0.32037967704280956, 0.33921641465521335]","[[0.37383392395909065, 0.3190795512697798], [0.4120087065205224, 0.2686984381222529], [0.33662451382674685, 0.31353431212792254], [0.35084549249847125, 0.2899138615871479], [0.3602968308813027, 0.31813599842912393]]","[[40, 40], [40, 40], [40, 40], [40, 40], [40, 40]]",3,8,2,4
75,A,clean,"[0.4255079206224194, 0.4050293730222053, 0.4141494070983329, 0.42233450979798504, 0.42083593970219635]","[[0.4903565579520349, 0.36065928329280383], [0.4487634781671853, 0.3612952678772253], [0.46797809403729695, 0.36032072015936883], [0.48621277137326036, 0.35845624822270966], [0.48322128592211355, 0.3584505934822791]]","[[40, 40], [40, 40], [40, 40], [40, 40], [40, 40]]",1,2,1,2
75,A,brightness_dark,"[0.3680687665028497, 0.3794214748012026, 0.37875335649395947, 0.35988811572032114, 0.373947968984938]","[[0.3901645746388358, 0.34597295836686354], [0.4182713762889888, 0.3405715733134163], [0.4026375752118077, 0.3548691377761113], [0.3827044158142653, 0.337071815626377], [0.39950913182128855, 0.34838680614858736]]","[[40, 40], [40, 40], [40, 40], [40, 40], [40, 40]]",3,8,1,2
75,A,contrast_low,"[0.43066479254801915, 0.43018252782802513, 0.41996038113107875, 0.42643979477941263, 0.4297268591457366]","[[0.48771092232823693, 0.3736186627678014], [0.4660270596400796, 0.3943379960159706], [0.4754269643331919, 0.3644937979289656], [0.4940967854805602, 0.358782804078265], [0.49170495265431946, 0.3677487656371537]]","[[40, 40], [40, 40], [40, 40], [40, 40], [40, 40]]",2,4,1,2
75,A,gaussian_noise,"[0.414755569315333, 0.3994758682844145, 0.4000928838947096, 0.41727245326399093, 0.40965185801707904]","[[0.49532440821167895, 0.33418673041898694], [0.45166432053654954, 0.3472874160322794], [0.4652515868904673, 0.3349341808989519], [0.49742119888274017, 0.3371237076452417], [0.4870350831468152, 0.3322686328873429]]","[[40, 40], [40, 40], [40, 40], [40, 40], [40, 40]]",1,2,1,2
75,A,gaussian_blur,"[0.40310683027515726, 0.3815087329895256, 0.4008336017413602, 0.40483695671861286, 0.40729345958651164]","[[0.4684307083599033, 0.3377829521904112], [0.4323104198044091, 0.33070704617464214], [0.4568587936203542, 0.34480840986236616], [0.46877062495758254, 0.34090328847964324], [0.4759132168625239, 0.3386737023104994]]","[[40, 40], [40, 40], [40, 40], [40, 40], [40, 40]]",1,2,1,2
75,B,clean,"[0.4255079206224194, 0.4058666452555919, 0.4105259099483172, 0.42321476826280013, 0.42178114256396204]","[[0.4903565579520349, 0.36065928329280383], [0.44837395462991675, 0.36335933588126706], [0.4657416073746193, 0.35531021252201517], [0.48586670999579684, 0.36056282652980337], [0.48352288545598476, 0.36003939967193926]]","[[40, 40], [40, 40], [40, 40], [40, 40], [40, 40]]",1,2,1,2
75,B,brightness_dark,"[0.3680687665028497, 0.37933233174010583, 0.3834219360081572, 0.3628938641127879, 0.37480684547842535]","[[0.3901645746388358, 0.34597295836686354], [0.4167684917812403, 0.34189617169897135], [0.4101751026045818, 0.35666876941173264], [0.3875009501168461, 0.33828677810872965], [0.40016485395288803, 0.3494488370039627]]","[[40, 40], [40, 40], [40, 40], [40, 40], [40, 40]]",3,8,1,2
75,B,contrast_low,"[0.43066479254801915, 0.43509487021647464, 0.4248677684069423, 0.4323204311681611, 0.4288411979862896]","[[0.48771092232823693, 0.3736186627678014], [0.4717008196910818, 0.3984889207418675], [0.4951689143024279, 0.35456662251145676], [0.5037179138958346, 0.36092294844048756], [0.4914269215602804, 0.36625547441229883]]","[[40, 40], [40, 40], [40, 40], [40, 40], [40, 40]]",2,4,1,2
75,B,gaussian_noise,"[0.414755569315333, 0.39955081259794856, 0.39277131291172795, 0.4177273332354673, 0.40887939270591694]","[[0.49532440821167895, 0.33418673041898694], [0.4497867051137395, 0.3493149200821576], [0.45937895446208526, 0.3261636713613706], [0.4968553497117827, 0.33859931675915195], [0.48497083584464207, 0.3327879495671918]]","[[40, 40], [40, 40], [40, 40], [40, 40], [40, 40]]",2,4,1,2
75,B,gaussian_blur,"[0.40310683027515726, 0.38249353802958985, 0.4022979962265715, 0.405336460760865, 0.40752148139704303]","[[0.4684307083599033, 0.3377829521904112], [0.4321384952660912, 0.3328485807930885], [0.4588146672561136, 0.3457813251970293], [0.46715833365307624, 0.34351458786865374], [0.4748458306884883, 0.3401971321055977]]","[[40, 40], [40, 40], [40, 40], [40, 40], [40, 40]]",1,2,1,2
76,A,clean,"[0.30697261080462895, 0.3085404403969748, 0.29649686811154513, 0.28716500548780977, 0.3080092250595089]","[[0.37250345695312675, 0.24144176465613115], [0.373549184924524, 0.24353169586942558], [0.34301686741991927, 0.24997686880317102], [0.3397218440075319, 0.23460816696808764], [0.36842067989257166, 0.2475977702264461]]","[[40, 40], [40, 40], [40, 40], [40, 40], [40, 40]]",3,8,3,8
76,A,brightness_dark,"[0.33229616512544896, 0.3252721020071344, 0.34044204839100745, 0.31972509412507133, 0.34428014026067233]","[[0.33775310096733085, 0.32683922928356707], [0.33402736643475023, 0.31651683757951865], [0.33073969729700875, 0.3501443994850061], [0.33195720522445726, 0.30749298302568545], [0.3338092121106205, 0.35475106841072424]]","[[40, 40], [40, 40], [40, 40], [40, 40], [40, 40]]",3,8,3,8
76,A,contrast_low,"[0.38310159294422125, 0.4574262616313386, 0.3682973325822939, 0.39350098527419236, 0.37662800323438833]","[[0.4941256953408944, 0.2720774905475481], [0.6011195831244394, 0.3137329401382378], [0.4635046334524807, 0.27309003171210705], [0.5234529723843391, 0.26354899816404564], [0.4846321228531922, 0.2686238836155845]]","[[40, 40], [40, 40], [40, 40], [40, 40], [40, 40]]",2,4,3,8
76,A,gaussian_noise,"[0.265627753834637, 0.27553773030241746, 0.25297252098760503, 0.26845701523051907, 0.26025925664267]","[[0.30294433133354026, 0.22831117633573372], [0.3110464111328117, 0.2400290494720232], [0.2795396958684216, 0.22640534610678847], [0.31421284580465036, 0.22270118465638777], [0.28723254017975564, 0.23328597310558438]]","[[40, 40], [40, 40], [40, 40], [40, 40], [40, 40]]",2,4,3,8
76,A,gaussian_blur,"[0.30815297334141484, 0.3415475448146328, 0.34585600547294143, 0.28473358263292375, 0.33389799361003625]","[[0.38458036306249455, 0.23172558362033513], [0.4219678572773503, 0.26112723235191526], [0.4334698338120112, 0.25824217713387165], [0.3571734541984215, 0.21229371106742603], [0.42171681777204595, 0.24607916944802657]]","[[40, 40], [40, 40], [40, 40], [40, 40], [40, 40]]",3,8,3,8
76,B,clean,"[0.30697261080462895, 0.30357109905153523, 0.2876114306235361, 0.29043843464286895, 0.3065206415505378]","[[0.37250345695312675, 0.24144176465613115], [0.36551122759326027, 0.24163097050981025], [0.3236044695578434, 0.25161839168922884], [0.34609308082102375, 0.23478378846471415], [0.3648884181544474, 0.24815286494662825]]","[[40, 40], [40, 40], [40, 40], [40, 40], [40, 40]]",2,4,2,4
76,B,brightness_dark,"[0.33229616512544896, 0.32300990157674214, 0.33589500459080673, 0.32589705021975235, 0.34302162693130345]","[[0.33775310096733085, 0.32683922928356707], [0.33232051798089324, 0.313699285172591], [0.32504490494217464, 0.34674510423943883], [0.33388263462188345, 0.3179114658176213], [0.33012066721786454, 0.3559225866447423]]","[[40, 40], [40, 40], [40, 40], [40, 40], [40, 40]]",1,2,2,4
76,B,contrast_low,"[0.38310159294422125, 0.46163750034331996, 0.35764035562967444, 0.3949832586832942, 0.3773437498024261]","[[0.4941256953408944, 0.2720774905475481], [0.6063692192463324, 0.3169057814403075], [0.44008670112354065, 0.2751940101358083], [0.5198728509528034, 0.270093666413785], [0.4838991960873935, 0.27078830351745864]]","[[40, 40], [40, 40], [40, 40], [40, 40], [40, 40]]",2,4,2,4
76,B,gaussian_noise,"[0.265627753834637, 0.27233082810712106, 0.24810983244571172, 0.26837882155849546, 0.25990683044565754]","[[0.30294433133354026, 0.22831117633573372], [0.30829580821018504, 0.23636584800405708], [0.2692863066919598, 0.22693335819946361], [0.3143709594452941, 0.22238668367169687], [0.2857893251575018, 0.23402433573381334]]","[[40, 40], [40, 40], [40, 40], [40, 40], [40, 40]]",2,4,2,4
76,B,gaussian_blur,"[0.30815297334141484, 0.3339011231749188, 0.33454524063315394, 0.2860762986892137, 0.3332863550810078]","[[0.38458036306249455, 0.23172558362033513], [0.4117553029791491, 0.2560469433706886], [0.4075608781344225, 0.2615296031318854], [0.3591968734875627, 0.21295572389086473], [0.4193170184467633, 0.24725569171525227]]","[[40, 40], [40, 40], [40, 40], [40, 40], [40, 40]]",3,8,2,4
77,A,clean,"[0.3379483752875585, 0.3359249476067361, 0.3350869394534997, 0.3438567792571082, 0.33860073649531]","[[0.2739279947784595, 0.4019687557966575], [0.288943741311344, 0.3829061539021281], [0.2823239108350124, 0.387849968071987], [0.28511744094107916, 0.4025961175731373], [0.27522419696725964, 0.4019772760233603]]","[[40, 40], [40, 40], [40, 40], [40, 40], [40, 40]]",2,4,2,4
77,A,brightness_dark,"[0.3380113628145526, 0.32617439819694866, 0.3267909120347379, 0.34959516104791166, 0.33033883852888135]","[[0.2894933140318391, 0.3865294115972661], [0.29760708763399346, 0.35474170875990385], [0.29205366146116163, 0.3615281626083142], [0.31593563537578706, 0.38325468672003626], [0.2899961446789386, 0.37068153237882406]]","[[40, 40], [40, 40], [40, 40], [40, 40], [40, 40]]",1,2,2,4
77,A,contrast_low,"[0.40756909897212673, 0.41937453173719463, 0.3787556547835527, 0.4190701378540278, 0.3925923899186563]","[[0.29075080500154826, 0.5243873929427052], [0.32078554978423507, 0.5179635136901543], [0.2682811143801256, 0.48923019518697985], [0.326688010644379, 0.5114522650636766], [0.2814653715163372, 0.5037194083209754]]","[[40, 40], [40, 40], [40, 40], [40, 40], [40, 40]]",2,4,2,4
77,A,gaussian_noise,"[0.3104484576250064, 0.3180607426159868, 0.29626194737980344, 0.3138122204846418, 0.3117527968377241]","[[0.2465446440186029, 0.3743522712314099], [0.262375994881721, 0.37374549035025273], [0.24849350603379577, 0.3440303887258111], [0.24797688764377757, 0.37964755332550604], [0.24557995447224723, 0.377925639203201]]","[[40, 40], [40, 40], [40, 40], [40, 40], [40, 40]]",2,4,2,4
77,A,gaussian_blur,"[0.3908681453237822, 0.3558429844219116, 0.38580889332736334, 0.39082447037266993, 0.39185001612137016]","[[0.30543917487465755, 0.4762971157729069], [0.308427186458606, 0.4032587823852172], [0.3286029126465162, 0.4430148740082105], [0.31933180639895714, 0.4623171343463827], [0.30913221751732933, 0.47456781472541093]]","[[40, 40], [40, 40], [40, 40], [40, 40], [40, 40]]",1,2,2,4
77,B,clean,"[0.3379483752875585, 0.334219691371788, 0.32325532983293587, 0.34171987766624595, 0.338070036983653]","[[0.2739279947784595, 0.4019687557966575], [0.28836784114302044, 0.38007154160055556], [0.2784822619371645, 0.3680283977287072], [0.28069331670007375, 0.40274643863241816], [0.2749907264939277, 0.40114934747337827]]","[[40, 40], [40, 40], [40, 40], [40, 40], [40, 40]]",2,4,2,4
77,B,brightness_dark,"[0.3380113628145526, 0.3247851286373147, 0.321853934414563, 0.3496249940100955, 0.3303645998382785]","[[0.2894933140318391, 0.3865294115972661], [0.29743776850087944, 0.35213248877374986], [0.2909502270213273, 0.35275764180779867], [0.31261342388796715, 0.3866365641322238], [0.29029449548694064, 0.3704347041896163]]","[[40, 40], [40, 40], [40, 40], [40, 40], [40, 40]]",2,4,2,4
77,B,contrast_low,"[0.40756909897212673, 0.42013576948980524, 0.36602982322662736, 0.41810751456652084, 0.39158482626031904]","[[0.29075080500154826, 0.5243873929427052], [0.3221604587826855, 0.518111080196925], [0.27257708881621295, 0.4594825576370418], [0.3094913066212153, 0.5267237225118263], [0.28118454877715404, 0.501985103743484]]","[[40, 40], [40, 40], [40, 40], [40, 40], [40, 40]]",2,4,2,4
77,B,gaussian_noise,"[0.3104484576250064, 0.3201757485202879, 0.2898345429638547, 0.3134203686679077, 0.31068828681424787]","[[0.2465446440186029, 0.3743522712314099], [0.2641895432481943, 0.3761619537923815], [0.24626685699434403, 0.3334022289333654], [0.2474993996434121, 0.3793413376924032], [0.24403487070981927, 0.3773417029186764]]","[[40, 40], [40, 40], [40, 40], [40, 40], [40, 40]]",2,4,2,4
77,B,gaussian_blur,"[0.3908681453237822, 0.35359766302504847, 0.3774277375518023, 0.38859115174748654, 0.3917761872946992]","[[0.30543917487465755, 0.4762971157729069], [0.3041230165321497, 0.40307230951794726], [0.3269917985024362, 0.4278636766011684], [0.3152574833380986, 0.46192482015687447], [0.30956923345397247, 0.4739831411354259]]","[[40, 40], [40, 40], [40, 40], [40, 40], [40, 40]]",1,2,2,4
78,A,clean,"[0.3666417890950555, 0.40063485170525237, 0.3659820496346219, 0.36989301290669163, 0.36302043080263363]","[[0.4584313029580754, 0.27485227523203565], [0.4854476351227225, 0.3158220682877823], [0.4649363406426771, 0.2670277586265667], [0.4507060551465834, 0.2890799706667998], [0.46108826668316005, 0.2649525949221072]]","[[40, 40], [40, 40], [40, 40], [40, 40], [40, 40]]",4,16,4,16
78,A,brightness_dark,"[0.4379840891514292, 0.39156706343087055, 0.4125804917887287, 0.423848664557803, 0.4257147788020983]","[[0.47519066882450306, 0.4007775094783554], [0.4162453750877292, 0.3668887517740119], [0.4465468113906338, 0.3786141721868236], [0.4784610515791961, 0.36923627753640986], [0.4476269501595286, 0.40380260744466795]]","[[40, 40], [40, 40], [40, 40], [40, 40], [40, 40]]",1,2,4,16
78,A,contrast_low,"[0.4629058358723983, 0.4587775463429122, 0.4401331384761025, 0.4949005519545718, 0.44545063201499735]","[[0.4931898377368979, 0.4326218340078988], [0.4801762496070866, 0.43737884307873776], [0.5171834085617089, 0.3630828683904962], [0.5313692554756775, 0.45843184843346607], [0.5150189733858564, 0.3758822906441383]]","[[40, 40], [40, 40], [40, 40], [40, 40], [40, 40]]",2,4,4,16
78,A,gaussian_noise,"[0.35601631685036694, 0.34570471221491583, 0.34245772781098616, 0.35834020772186026, 0.3485411918749624]","[[0.4090867033018838, 0.30294593039885004], [0.4096196418599238, 0.28178978256990783], [0.3989567559384944, 0.2859586996834779], [0.42064515975780087, 0.2960352556859197], [0.40555729238410826, 0.29152509136581656]]","[[40, 40], [40, 40], [40, 40], [40, 40], [40, 40]]",2,4,4,16
78,A,gaussian_blur,"[0.407532208131977, 0.42075370645580457, 0.3836047365240085, 0.39688327756094266, 0.40586882012082637]","[[0.5056606399200071, 0.3094037763439469], [0.5037244850308835, 0.33778292788072556], [0.4807880977446003, 0.28642137530341677], [0.49691321799778027, 0.296853337124105], [0.5022941542329655, 0.30944348600868715]]","[[40, 40], [40, 40], [40, 40], [40, 40], [40, 40]]",2,4,4,16
78,B,clean,"[0.3666417890950555, 0.3967232805071136, 0.3578343280532271, 0.37076569743102117, 0.36262940721760895]","[[0.4584313029580754, 0.27485227523203565], [0.4789000488785473, 0.3145465121356798], [0.441276485393424, 0.27439217071303024], [0.45172164460133, 0.2898097502607124], [0.46013622877428517, 0.2651225856609328]]","[[40, 40], [40, 40], [40, 40], [40, 40], [40, 40]]",2,4,2,4
78,B,brightness_dark,"[0.4379840891514292, 0.3933823818815185, 0.40887359903615833, 0.4316975631856714, 0.4244075662056082]","[[0.47519066882450306, 0.4007775094783554], [0.41840527545254885, 0.3683594883104881], [0.44242267065886176, 0.3753245274134549], [0.48030995234512996, 0.3830851740262128], [0.4458926540517963, 0.40292247835942013]]","[[40, 40], [40, 40], [40, 40], [40, 40], [40, 40]]",1,2,2,4
78,B,contrast_low,"[0.4629058358723983, 0.4596498909724649, 0.42057243329658534, 0.48765461372642754, 0.4424472382552947]","[[0.4931898377368979, 0.4326218340078988], [0.4829299926104952, 0.43636978933443454], [0.4990193529759971, 0.34212551361717364], [0.518627113180868, 0.4566821142719871], [0.5132250246211054, 0.37166945188948397]]","[[40, 40], [40, 40], [40, 40], [40, 40], [40, 40]]",2,4,2,4
78,B,gaussian_noise,"[0.35601631685036694, 0.3488378244641891, 0.3276768481581496, 0.36016778777592234, 0.34776023859013827]","[[0.4090867033018838, 0.30294593039885004], [0.41337170537111245, 0.2843039435572657], [0.3805859890925396, 0.27476770722375965], [0.4226307376535434, 0.29770483789830127], [0.4055119185326289, 0.29000855864764763]]","[[40, 40], [40, 40], [40, 40], [40, 40], [40, 40]]",2,4,2,4
78,B,gaussian_blur,"[0.407532208131977, 0.4174940166128316, 0.37610238490130454, 0.3989358158744466, 0.4036059827903349]","[[0.5056606399200071, 0.3094037763439469], [0.4961025112541507, 0.33888552197151245], [0.45735404315620964, 0.2948507266463995], [0.4974449747555438, 0.3004266569933495], [0.4998897594792367, 0.30732220610143307]]","[[40, 40], [40, 40], [40, 40], [40, 40], [40, 40]]",2,4,2,4
79,A,clean,"[0.40005636980391035, 0.38137869238531164, 0.36773820365669796, 0.3821443907129304, 0.4025901539430401]","[[0.3874063235136279, 0.4127064160941928], [0.4035495750041232, 0.3592078097665], [0.3434768117302275, 0.39199959558316844], [0.36835076127669564, 0.3959380201491651], [0.39967456838457033, 0.4055057395015099]]","[[40, 40], [40, 40], [40, 40], [40, 40], [40, 40]]",2,4,2,4
79,A,brightness_dark,"[0.4093222461582726, 0.392828889204038, 0.4129676053148927, 0.3694852243794394, 0.3955956496379671]","[[0.41979122851119693, 0.3988532638053483], [0.3673439166907511, 0.418313861717325], [0.42114594565846203, 0.40478926497132334], [0.38273773208675343, 0.35623271667212536], [0.3717628588938163, 0.4194284403821179]]","[[40, 40], [40, 40], [40, 40], [40, 40], [40, 40]]",3,8,2,4
79,A,contrast_low,"[0.5966321503673048, 0.4656606026375843, 0.49495533542603953, 0.6336519779401173, 0.6144996506067311]","[[0.6506450025378422, 0.5426192981967674], [0.4800541704139759, 0.4512670348611927], [0.48226492917520564, 0.5076457416768735], [0.6559681849308434, 0.6113357709493911], [0.6976162749580569, 0.5313830262554053]]","[[40, 40], [40, 40], [40, 40], [40, 40], [40, 40]]",1,2,2,4
79,A,gaussian_noise,"[0.31619812167117045, 0.31537284662072096, 0.3059727755464308, 0.3229297249128207, 0.3183809770256488]","[[0.2869101530074715, 0.34548609033486943], [0.33513436005163194, 0.2956113331898099], [0.2669779045717312, 0.34496764652113043], [0.3006817545291942, 0.3451776952964471], [0.2834088561789289, 0.3533530978723687]]","[[40, 40], [40, 40], [40, 40], [40, 40], [40, 40]]",2,4,2,4
79,A,gaussian_blur,"[0.4721631286208019, 0.4542572624374696, 0.46022176832139755, 0.4629083133103403, 0.4708050323693391]","[[0.43640084345345703, 0.5079254137881468], [0.4071768886976982, 0.501337636177241], [0.41691773294621315, 0.503525803696582], [0.4472287633315258, 0.4785878632891548], [0.4292866023470929, 0.5123234623915853]]","[[40, 40], [40, 40], [40, 40], [40, 40], [40, 40]]",1,2,2,4
79,B,clean,"[0.40005636980391035, 0.37761127954148077, 0.36637493863294934, 0.38034302729661973, 0.4036305623061278]","[[0.3874063235136279, 0.4127064160941928], [0.3966135289619439, 0.3586090301210177], [0.33579587791728793, 0.39695399934861075], [0.36675819792578795, 0.39392785666745145], [0.3991957996754893, 0.4080653249367664]]","[[40, 40], [40, 40], [40, 40], [40, 40], [40, 40]]",2,4,2,4
79,B,brightness_dark,"[0.4093222461582726, 0.3924549739638176, 0.39591699705317795, 0.36440532441806983, 0.396104353202424]","[[0.41979122851119693, 0.3988532638053483], [0.36733506508002206, 0.4175748828476132], [0.39304781956954554, 0.39878617453681037], [0.3758582296751013, 0.3529524191610383], [0.3702107386325867, 0.42199796777226134]]","[[40, 40], [40, 40], [40, 40], [40, 40], [40, 40]]",3,8,2,4
79,B,contrast_low,"[0.5966321503673048, 0.477118224827087, 0.4827239941508055, 0.6490913957645628, 0.6020712088232829]","[[0.6506450025378422, 0.5426192981967674], [0.5068324700286083, 0.44740397962556566], [0.4818695010572328, 0.48357848724437824], [0.6899475223383014, 0.6082352691908242], [0.6811220571353405, 0.5230203605112255]]","[[40, 40], [40, 40], [40, 40], [40, 40], [40, 40]]",1,2,2,4
79,B,gaussian_noise,"[0.31619812167117045, 0.3176386052359108, 0.31908908325409957, 0.3226729384482196, 0.3176809023651356]","[[0.2869101530074715, 0.34548609033486943], [0.33803158813695583, 0.29724562233486573], [0.2740664071344411, 0.3641117593737581], [0.3000098110925786, 0.34533606580386056], [0.282063864727436, 0.3532979400028352]]","[[40, 40], [40, 40], [40, 40], [40, 40], [40, 40]]",0,1,2,4
79,B,gaussian_blur,"[0.4721631286208019, 0.45144731081912026, 0.44747936279370415, 0.4674284493526081, 0.4698673561308696]","[[0.43640084345345703, 0.5079254137881468], [0.40462073413433003, 0.49827388750391055], [0.3993365918397586, 0.4956221337476497], [0.45466421975517707, 0.48019267895003903], [0.42697230508500184, 0.5127624071767374]]","[[40, 40], [40, 40], [40, 40], [40, 40], [40, 40]]",2,4,2,4
80,A,clean,"[0.43795606836379286, 0.41918256755614136, 0.3916441932799807, 0.4533108819386126, 0.4151467838310722]","[[0.26796550727699264, 0.6079466294505931], [0.28005275813995834, 0.5583123769723244], [0.28036455756734585, 0.5029238289926156], [0.28938061504140533, 0.6172411488358198], [0.2521267149378007, 0.5781668527243436]]","[[40, 40], [40, 40], [40, 40], [40, 40], [40, 40]]",2,4,2,4
80,A,brightness_dark,"[0.42824457960288875, 0.42955162513213596, 0.4022559405489147, 0.43583319492279926, 0.4173220169422003]","[[0.33197637974639055, 0.524512779459387], [0.2875485495876413, 0.5715547006766306], [0.29199444345269987, 0.5125174376451296], [0.3300639768946619, 0.5416024129509367], [0.3132076993479858, 0.5214363345364147]]","[[40, 40], [40, 40], [40, 40], [40, 40], [40, 40]]",2,4,2,4
80,A,contrast_low,"[0.5508909926724224, 0.7853422034402276, 0.5084762675502709, 0.563605459735522, 0.5397198426103909]","[[0.3053552837466028, 0.7964267015982419], [0.3825318248076834, 1.1881525820727719], [0.3281278662250485, 0.6888246688754932], [0.30575339680194835, 0.8214575226690958], [0.3100035977346643, 0.7694360874861175]]","[[40, 40], [40, 40], [40, 40], [40, 40], [40, 40]]",2,4,2,4
80,A,gaussian_noise,"[0.3944075872358271, 0.4062650131840651, 0.34534675002785453, 0.40415976635014833, 0.37031497182891304]","[[0.24303780002178907, 0.5457773744498651], [0.34158040860772215, 0.47094961776040806], [0.2729636275990164, 0.4177298724566927], [0.25290826721978077, 0.5554112654805159], [0.2505527533203861, 0.49007719033744]]","[[40, 40], [40, 40], [40, 40], [40, 40], [40, 40]]",2,4,2,4
80,A,gaussian_blur,"[0.4573616727180957, 0.5717774658213663, 0.43488405786489004, 0.4447741253122367, 0.47409797718878044]","[[0.2925521588678358, 0.6221711865683556], [0.320726567866945, 0.8228283637757878], [0.3121755252104972, 0.5575925905192829], [0.28417167500260304, 0.6053765756218704], [0.31952773162933046, 0.6286682227482304]]","[[40, 40], [40, 40], [40, 40], [40, 40], [40, 40]]",2,4,2,4
80,B,clean,"[0.43795606836379286, 0.42453630526374614, 0.3872052397134569, 0.4538246539322093, 0.4145540784793781]","[[0.26796550727699264, 0.6079466294505931], [0.2801955393641663, 0.568877071163326], [0.28578719465714164, 0.4886232847697721], [0.28734121205926666, 0.6203080958051519], [0.25110049187435834, 0.5780076650843978]]","[[40, 40], [40, 40], [40, 40], [40, 40], [40, 40]]",2,4,2,4
80,B,brightness_dark,"[0.42824457960288875, 0.43190061587000445, 0.4134721469620448, 0.4333071637386603, 0.4181213766888294]","[[0.33197637974639055, 0.524512779459387], [0.2902657998617416, 0.5735354318782673], [0.3001500495944722, 0.5267942443296174], [0.3323121499857134, 0.5343021774916072], [0.3105712776536264, 0.5256714757240325]]","[[40, 40], [40, 40], [40, 40], [40, 40], [40, 40]]",2,4,2,4
80,B,contrast_low,"[0.5508909926724224, 0.7965283338234098, 0.4827372281424064, 0.5832548669491546, 0.5386533529890747]","[[0.3053552837466028, 0.7964267015982419], [0.38774222712371703, 1.2053144405231027], [0.3287808278721438, 0.636693628412669], [0.311756780499277, 0.8547529533990323], [0.3088984696368765, 0.7684082363412728]]","[[40, 40], [40, 40], [40, 40], [40, 40], [40, 40]]",2,4,2,4
80,B,gaussian_noise,"[0.3944075872358271, 0.4102535633810216, 0.3329417735357746, 0.4036117505082283, 0.3675783514489174]","[[0.24303780002178907, 0.5457773744498651], [0.3412093888581084, 0.4792977379039348], [0.2724717007516472, 0.393411846319902], [0.25235036325545035, 0.5548731377610062], [0.2509067949691211, 0.4842499079287137]]","[[40, 40], [40, 40], [40, 40], [40, 40], [40, 40]]",2,4,2,4
80,B,gaussian_blur,"[0.4573616727180957, 0.5797847224608899, 0.4285353076395203, 0.44258864946302096, 0.4736099278586332]","[[0.2925521588678358, 0.6221711865683556], [0.3213921524587907, 0.8381772924629891], [0.32448396250824124, 0.5325866527707994], [0.28408854283019336, 0.6010887560958486], [0.3208444230867268, 0.6263754326305396]]","[[40, 40], [40, 40], [40, 40], [40, 40], [40, 40]]",2,4,2,4
81,A,clean,"[0.2239041478704059, 0.229150494239998, 0.20713766338040523, 0.2282278777030749, 0.21854109936026506]","[[0.23205810239763278, 0.21575019334317908], [0.24772649686300321, 0.2105744916169928], [0.22068283121047388, 0.19359249555033659], [0.24303321297644126, 0.21342254242970857], [0.22853239000815168, 0.2085498087123784]]","[[40, 40], [40, 40], [40, 40], [40, 40], [40, 40]]",2,4,2,4
81,A,brightness_dark,"[0.2134273290737882, 0.21812885578971375, 0.1918312480970633, 0.2043243103187919, 0.20336171366959793]","[[0.20883616353365902, 0.21801849461391737], [0.2122204624702569, 0.22403724910917058], [0.1805180316598928, 0.20314446453423382], [0.19309749361889925, 0.21555112701868456], [0.19276647645886774, 0.21395695088032815]]","[[40, 40], [40, 40], [40, 40], [40, 40], [40, 40]]",2,4,2,4
81,A,contrast_low,"[0.2731449589242572, 0.25639365445963763, 0.23537543668669156, 0.29710152581119104, 0.24015174900244948]","[[0.3111767681038986, 0.23511314974461586], [0.261079291654273, 0.25170801726500225], [0.24368533863712427, 0.22706553473625884], [0.3540961143645628, 0.2401069372578193], [0.2508029471658226, 0.2295005508390764]]","[[40, 40], [40, 40], [40, 40], [40, 40], [40, 40]]",2,4,2,4
81,A,gaussian_noise,"[0.24825035208203847, 0.2414478164960634, 0.2165360818249121, 0.25103530213183317, 0.2357421947250393]","[[0.2547464807618046, 0.24175422340227232], [0.26421614950225275, 0.21867948348987404], [0.23016459869955042, 0.2029075649502738], [0.26202961225177074, 0.2400409920118956], [0.2459890463091896, 0.22549534314088898]]","[[40, 40], [40, 40], [40, 40], [40, 40], [40, 40]]",2,4,2,4
81,A,gaussian_blur,"[0.24943281168307682, 0.21986246271080684, 0.22953570112416166, 0.24253840638262017, 0.2463271947601688]","[[0.25359486500022355, 0.2452707583659301], [0.2437811542012081, 0.19594377122040557], [0.24106291766478946, 0.21800848458353386], [0.25536984585283384, 0.2297069669124065], [0.25304258500233745, 0.2396118045180001]]","[[40, 40], [40, 40], [40, 40], [40, 40], [40, 40]]",1,2,2,4
81,B,clean,"[0.2239041478704059, 0.227356136386516, 0.20475270141551508, 0.22917250144585963, 0.21771801107939628]","[[0.23205810239763278, 0.21575019334317908], [0.24342300291601698, 0.21128926985701502], [0.22029231044152464, 0.1892130923895055], [0.24289908470771046, 0.2154459181840088], [0.22839551679324482, 0.20704050536554774]]","[[40, 40], [40, 40], [40, 40], [40, 40], [40, 40]]",2,4,2,4
81,B,brightness_dark,"[0.2134273290737882, 0.21974432378484446, 0.1901840409224005, 0.2074450854001333, 0.20365223698803647]","[[0.20883616353365902, 0.21801849461391737], [0.214556063928467, 0.22493258364122193], [0.18175260630518977, 0.1986154755396112], [0.19399971674581445, 0.22089045405445212], [0.1938684869439707, 0.21343598703210223]]","[[40, 40], [40, 40], [40, 40], [40, 40], [40, 40]]",2,4,2,4
81,B,contrast_low,"[0.2731449589242572, 0.25433649444596473, 0.21901328839457732, 0.29827520205398306, 0.23955564857082254]","[[0.3111767681038986, 0.23511314974461586], [0.25682637673308634, 0.2518466121588431], [0.2215603096822471, 0.21646626710690753], [0.35769041101567656, 0.23885999309228953], [0.25053546708924856, 0.2285758300523965]]","[[40, 40], [40, 40], [40, 40], [40, 40], [40, 40]]",2,4,2,4
81,B,gaussian_noise,"[0.24825035208203847, 0.24005523077523958, 0.21246371011261006, 0.25130809829249, 0.23344616702487894]","[[0.2547464807618046, 0.24175422340227232], [0.2622761935513424, 0.21783426799913674], [0.23229686344651884, 0.19263055677870128], [0.26245569769315436, 0.2401604988918257], [0.24383018916550325, 0.22306214488425463]]","[[40, 40], [40, 40], [40, 40], [40, 40], [40, 40]]",2,4,2,4
81,B,gaussian_blur,"[0.24943281168307682, 0.2207189950060163, 0.2242092381284946, 0.24145254010824324, 0.2459723244739047]","[[0.25359486500022355, 0.2452707583659301], [0.24576661616306258, 0.19567137384897001], [0.23874165107009732, 0.2096768251868919], [0.2532930856907483, 0.22961199452573816], [0.25372036260891756, 0.23822428633889184]]","[[40, 40], [40, 40], [40, 40], [40, 40], [40, 40]]",1,2,2,4
82,A,clean,"[0.3025198489348, 0.3289137339856333, 0.31948090503271714, 0.29379657286292904, 0.31202762243939564]","[[0.31135825975344966, 0.2936814381161503], [0.39304655418146195, 0.26478091378980456], [0.3195498432401849, 0.31941196682524936], [0.3089413751865207, 0.2786517705393373], [0.3152895706071584, 0.30876567427163293]]","[[40, 40], [40, 40], [40, 40], [40, 40], [40, 40]]",3,8,3,8
82,A,brightness_dark,"[0.3492866317613503, 0.3486431487591445, 0.3473501574503555, 0.3577202944118303, 0.35230306571509995]","[[0.3809203310743292, 0.31765293244837134], [0.359800295915418, 0.337486001602871], [0.3616396120728562, 0.3330607028278548], [0.40176807897412026, 0.3136725098495403], [0.3736036764836263, 0.33100245494657354]]","[[40, 40], [40, 40], [40, 40], [40, 40], [40, 40]]",2,4,3,8
82,A,contrast_low,"[0.4135394301314576, 0.49459794009998653, 0.386915439489128, 0.4081982638556045, 0.4067039055858588]","[[0.4426164117616439, 0.3844624485012713], [0.6453511767394766, 0.34384470346049645], [0.39619794349066045, 0.37763293548759547], [0.44060773052278357, 0.3757887971884254], [0.4358579579058198, 0.3775498532658978]]","[[40, 40], [40, 40], [40, 40], [40, 40], [40, 40]]",2,4,3,8
82,A,gaussian_noise,"[0.32319675494388656, 0.32453505554625905, 0.32801744912714415, 0.3175912725638864, 0.32871597972946176]","[[0.3351853423417924, 0.3112081675459807], [0.36668810380101713, 0.282382007291501], [0.33167941198911716, 0.32435548626517113], [0.3333100214040733, 0.30187252372369955], [0.33390620719767933, 0.32352575226124425]]","[[40, 40], [40, 40], [40, 40], [40, 40], [40, 40]]",3,8,3,8
82,A,gaussian_blur,"[0.28688240862683434, 0.296313518412857, 0.2947274678454138, 0.28201768598311805, 0.29062259628740933]","[[0.3390553693306919, 0.2347094479229767], [0.37452966111520264, 0.21809737571051144], [0.3359257129836769, 0.25352922270715067], [0.3391108249285404, 0.22492454703769565], [0.3336866150804065, 0.24755857749441218]]","[[40, 40], [40, 40], [40, 40], [40, 40], [40, 40]]",3,8,3,8
82,B,clean,"[0.3025198489348, 0.330308185963961, 0.32809522530497076, 0.294150729789719, 0.31306100423516137]","[[0.31135825975344966, 0.2936814381161503], [0.39402616681953145, 0.26659020510839054], [0.3273395828133987, 0.3288508677965428], [0.30758210406489794, 0.2807193555145401], [0.31600981513920245, 0.3101121933311203]]","[[40, 40], [40, 40], [40, 40], [40, 40], [40, 40]]",3,8,3,8
82,B,brightness_dark,"[0.3492866317613503, 0.3474036188575027, 0.34630643199691225, 0.35668193884196364, 0.35217933944452706]","[[0.3809203310743292, 0.31765293244837134], [0.3592213659162544, 0.33558587179875093], [0.3587724978589578, 0.3338403661348667], [0.39591280583818655, 0.3174510718457408], [0.37269292178234914, 0.33166575710670504]]","[[40, 40], [40, 40], [40, 40], [40, 40], [40, 40]]",2,4,3,8
82,B,contrast_low,"[0.4135394301314576, 0.5043705392956528, 0.38251496705499033, 0.4222710706888775, 0.4059191046259266]","[[0.4426164117616439, 0.3844624485012713], [0.6623813803093651, 0.3463596982819406], [0.3953727947628754, 0.3696571393471052], [0.4453433745860109, 0.399198766791744], [0.4337545321086095, 0.3780836771432438]]","[[40, 40], [40, 40], [40, 40], [40, 40], [40, 40]]",2,4,3,8
82,B,gaussian_noise,"[0.32319675494388656, 0.3247392220857038, 0.3326929518960793, 0.3168936387733964, 0.32865075224491785]","[[0.3351853423417924, 0.3112081675459807], [0.36758736883652576, 0.28189107533488195], [0.33431586355886084, 0.3310700402332978], [0.3325069116035352, 0.30128036594325763], [0.3334218381425121, 0.3238796663473236]]","[[40, 40], [40, 40], [40, 40], [40, 40], [40, 40]]",3,8,3,8
82,B,gaussian_blur,"[0.28688240862683434, 0.29729609637003923, 0.2997420597503293, 0.2831313538585329, 0.29109964871134164]","[[0.3390553693306919, 0.2347094479229767], [0.376316217534536, 0.21827597520554248], [0.3413321723347729, 0.2581519471658857], [0.33843136713572297, 0.2278313405813428], [0.333977215865698, 0.24822208155698525]]","[[40, 40], [40, 40], [40, 40], [40, 40], [40, 40]]",3,8,3,8
83,A,clean,"[0.2371760876889898, 0.2554828351049033, 0.23852909808419884, 0.23485894059392404, 0.23855290175544194]","[[0.2237063953506037, 0.25064578002737586], [0.2311653383316216, 0.27980033187818504], [0.22528727684855188, 0.2517709193198458], [0.2135492757534602, 0.25616860543438785], [0.22471014123291377, 0.2523956622779701]]","[[40, 40], [40, 40], [40, 40], [40, 40], [40, 40]]",3,8,3,8
83,A,brightness_dark,"[0.3079579105849076, 0.29335852760409, 0.3036845176472088, 0.3114855069434901, 0.29665799237837]","[[0.19085293563310485, 0.42506288553671034], [0.19989166907498243, 0.38682538613319756], [0.2181521694690113, 0.38921686582540627], [0.18719483525451097, 0.43577617863246926], [0.20520233901110316, 0.38811364574563684]]","[[40, 40], [40, 40], [40, 40], [40, 40], [40, 40]]",1,2,3,8
83,A,contrast_low,"[0.4223672002438582, 0.4452042690376215, 0.3555016797405126, 0.3870460822211914, 0.3889324433385757]","[[0.3405545269385092, 0.5041798735492072], [0.3263018381172852, 0.5641066999579578], [0.31197029862869663, 0.39903306085232854], [0.25738698063874904, 0.5167051838036338], [0.33962593075223413, 0.43823895592491724]]","[[40, 40], [40, 40], [40, 40], [40, 40], [40, 40]]",2,4,3,8
83,A,gaussian_noise,"[0.21959558370327664, 0.23253189421704704, 0.2095779713402663, 0.2202284191992724, 0.2170686920048126]","[[0.2267886915176299, 0.21240247588892341], [0.24014569879834857, 0.2249180896357455], [0.22385594665784198, 0.19529999602269058], [0.22957776423766935, 0.21087907416087548], [0.2318706273640368, 0.20226675664558838]]","[[40, 40], [40, 40], [40, 40], [40, 40], [40, 40]]",2,4,3,8
83,A,gaussian_blur,"[0.297814949193852, 0.3057695271957862, 0.29802830774883726, 0.2820483728296556, 0.2954165338393253]","[[0.3302808671800077, 0.2653490312076962], [0.34706754057850486, 0.26447151381306755], [0.3416619194756688, 0.2543946960220057], [0.28677891310621495, 0.2773178325530963], [0.3351445632429737, 0.255688504435677]]","[[40, 40], [40, 40], [40, 40], [40, 40], [40, 40]]",3,8,3,8
83,B,clean,"[0.2371760876889898, 0.2534013767380431, 0.23554797151276535, 0.23603552129743227, 0.23788600151240524]","[[0.2237063953506037, 0.25064578002737586], [0.22767365034397646, 0.27912910313210976], [0.2223841861585004, 0.2487117568670303], [0.2155081405855496, 0.2565629020093149], [0.2239272811973599, 0.25184472182745055]]","[[40, 40], [40, 40], [40, 40], [40, 40], [40, 40]]",2,4,2,4
83,B,brightness_dark,"[0.3079579105849076, 0.290881698460426, 0.3004206404944856, 0.31193715174809233, 0.29584759147707307]","[[0.19085293563310485, 0.42506288553671034], [0.19635366619449174, 0.38540973072636026], [0.21452262275409484, 0.3863186582348763], [0.19017821569140922, 0.4336960878047755], [0.20541716549173544, 0.38627801746241064]]","[[40, 40], [40, 40], [40, 40], [40, 40], [40, 40]]",1,2,2,4
83,B,contrast_low,"[0.4223672002438582, 0.4519648768980635, 0.3515663151661875, 0.3874365451933025, 0.3898214165366771]","[[0.3405545269385092, 0.5041798735492072], [0.3236768404692333, 0.5802529133268937], [0.2983151460761432, 0.4048174842562319], [0.25722639751104, 0.517646692875565], [0.340110790843262, 0.43953204223009223]]","[[40, 40], [40, 40], [40, 40], [40, 40], [40, 40]]",2,4,2,4
83,B,gaussian_noise,"[0.21959558370327664, 0.23135493498380555, 0.2023112433187892, 0.22008453439064776, 0.21619931847244167]","[[0.2267886915176299, 0.21240247588892341], [0.2401108973487429, 0.22259897261886818], [0.22263424967054454, 0.1819882369670338], [0.22964742846991823, 0.2105216403113773], [0.232357351135619, 0.20004128580926434]]","[[40, 40], [40, 40], [40, 40], [40, 40], [40, 40]]",2,4,2,4
83,B,gaussian_blur,"[0.297814949193852, 0.2973025469849003, 0.28774911205744935, 0.2840701181535119, 0.29541567062403506]","[[0.3302808671800077, 0.2653490312076962], [0.33605286917720445, 0.2585522247925961], [0.32270662797055627, 0.2527915961443424], [0.29417239324222694, 0.2739678430647968], [0.3348909959256606, 0.25594034532240956]]","[[40, 40], [40, 40], [40, 40], [40, 40], [40, 40]]",3,8,2,4
84,A,clean,"[0.4452436083573352, 0.4043321634954454, 0.39116974094917834, 0.43632454577984264, 0.43099676954802374]","[[0.26772709182542254, 0.6227601248892478], [0.24754635501511002, 0.5611179719757807], [0.2599412419706935, 0.5223982399276631], [0.2605903595751081, 0.6120587319845772], [0.26794738487712, 0.5940461542189275]]","[[40, 40], [40, 40], [40, 40], [40, 40], [40, 40]]",2,4,2,4
84,A,brightness_dark,"[0.36736888733045625, 0.3518973538761171, 0.3942258036373162, 0.3636466790223813, 0.39232044081481676]","[[0.24876219600350208, 0.48597557865741037], [0.23550571820445715, 0.46828898954777703], [0.24489811361446673, 0.5435534936601656], [0.23507642757364255, 0.49221693047112003], [0.25458224905022026, 0.5300586325794132]]","[[40, 40], [40, 40], [40, 40], [40, 40], [40, 40]]",1,2,2,4
84,A,contrast_low,"[0.6546934466003944, 0.5842970427870738, 0.5244540321546995, 0.7935339436876366, 0.5971120501443312]","[[0.30758976382402853, 1.0017971293767602], [0.3095603842439782, 0.8590337013301694], [0.311140523064514, 0.7377675412448852], [0.34318666760442956, 1.2438812197708438], [0.2997351554653549, 0.8944889448233075]]","[[40, 40], [40, 40], [40, 40], [40, 40], [40, 40]]",2,4,2,4
84,A,gaussian_noise,"[0.4323756116492944, 0.3442989254511536, 0.4020333803569257, 0.44358114508002217, 0.41548883788270996]","[[0.3037234889791919, 0.5610277343193969], [0.2788889751455061, 0.40970887575680115], [0.2914724834315366, 0.5125942772823149], [0.30574146665459156, 0.5814208235054528], [0.2947879859105746, 0.5361896898548454]]","[[40, 40], [40, 40], [40, 40], [40, 40], [40, 40]]",1,2,2,4
84,A,gaussian_blur,"[0.5524369134018685, 0.4547838662563237, 0.4917721727342678, 0.5075393649037823, 0.5224527704375999]","[[0.26398963082501525, 0.8408841959787218], [0.2553945887788113, 0.6541731437338361], [0.26896896870673903, 0.7145753767617966], [0.26522903684981236, 0.7498496929577523], [0.2655421069511578, 0.7793634339240418]]","[[40, 40], [40, 40], [40, 40], [40, 40], [40, 40]]",1,2,2,4
84,B,clean,"[0.4452436083573352, 0.41033704583016706, 0.3614401564479287, 0.43767998165505506, 0.4285545654131824]","[[0.26772709182542254, 0.6227601248892478], [0.247777608407106, 0.5728964832532281], [0.2527004537943632, 0.4701798591014943], [0.2616303662148447, 0.6137295970952654], [0.26663432256730196, 0.5904748082590627]]","[[40, 40], [40, 40], [40, 40], [40, 40], [40, 40]]",2,4,2,4
84,B,brightness_dark,"[0.36736888733045625, 0.355489355694326, 0.3794219248553882, 0.3631342405339451, 0.393036663552295]","[[0.24876219600350208, 0.48597557865741037], [0.23541737255476472, 0.47556133883388724], [0.2410473251095965, 0.51779652460118], [0.23915350179397832, 0.4871149792739119], [0.25478070739379177, 0.5312926197107982]]","[[40, 40], [40, 40], [40, 40], [40, 40], [40, 40]]",1,2,2,4
84,B,contrast_low,"[0.6546934466003944, 0.5982401586429869, 0.45909019332977014, 0.7983464032971805, 0.6051075576509812]","[[0.30758976382402853, 1.0017971293767602], [0.3122959661649835, 0.8841843511209901], [0.29559744839432256, 0.6225829382652177], [0.34199415315051035, 1.2546986534438507], [0.29867104352861723, 0.9115440717733453]]","[[40, 40], [40, 40], [40, 40], [40, 40], [40, 40]]",2,4,2,4
84,B,gaussian_noise,"[0.4323756116492944, 0.3498291313115981, 0.3787090186582043, 0.4446675390779371, 0.4146692033484001]","[[0.3037234889791919, 0.5610277343193969], [0.27850795722794086, 0.42115030539525533], [0.28685111668848406, 0.4705669206279245], [0.30609111377335757, 0.5832439643825166], [0.29378758523341286, 0.5355508214633873]]","[[40, 40], [40, 40], [40, 40], [40, 40], [40, 40]]",1,2,2,4
84,B,gaussian_blur,"[0.5524369134018685, 0.45337115419264273, 0.45533778472099473, 0.5181528835672844, 0.5215175512445633]","[[0.26398963082501525, 0.8408841959787218], [0.2560947338768723, 0.6506475745084132], [0.26606207231475015, 0.6446134971272393], [0.26675691765153003, 0.7695488494830387], [0.26526820904739734, 0.7777668934417294]]","[[40, 40], [40, 40], [40, 40], [40, 40], [40, 40]]",1,2,2,4
85,A,clean,"[0.48996239010901743, 0.4823068235659491, 0.5048619153833396, 0.48497088686532647, 0.492893135537471]","[[0.4413268720828952, 0.5385979081351396], [0.3562901341327282, 0.60832351299917], [0.4730402471745512, 0.5366835835921279], [0.44996444303002237, 0.5199773307006306], [0.45174561606236807, 0.5340406550125739]]","[[40, 40], [40, 40], [40, 40], [40, 40], [40, 40]]",1,2,1,2
85,A,brightness_dark,"[0.47592104078514763, 0.44673356995512936, 0.48427439849365783, 0.47666811119397334, 0.47966969959688244]","[[0.45399776466227826, 0.49784431690801706], [0.4317291740435357, 0.46173796586672305], [0.4993742624022401, 0.4691745345850755], [0.4377836643960996, 0.5155525579918471], [0.4677939429820318, 0.49154545621173307]]","[[40, 40], [40, 40], [40, 40], [40, 40], [40, 40]]",1,2,1,2
85,A,contrast_low,"[0.49000251787503085, 0.5835941512939806, 0.5120978769294958, 0.4907130533168982, 0.49935186835707335]","[[0.425506239345252, 0.5544987964048097], [0.3683948464538086, 0.7987934561341528], [0.46248360339481726, 0.5617121504641744], [0.41798584968960756, 0.5634402569441888], [0.4132893603377427, 0.5854143763764039]]","[[40, 40], [40, 40], [40, 40], [40, 40], [40, 40]]",0,1,1,2
85,A,gaussian_noise,"[0.3314851696989024, 0.3446797096466997, 0.3505453231227298, 0.3442441072638863, 0.3339764831873735]","[[0.3094835406962687, 0.3534867987015361], [0.2835905973942773, 0.4057688218991221], [0.3455055537299024, 0.35558509251555714], [0.31925026175051274, 0.36923795277725996], [0.3243068756980321, 0.3436460906767148]]","[[40, 40], [40, 40], [40, 40], [40, 40], [40, 40]]",0,1,1,2
85,A,gaussian_blur,"[0.4509891300240808, 0.4913734372095072, 0.4863689549729081, 0.4463628487429188, 0.4583822362329515]","[[0.43863432958321374, 0.4633439304649478], [0.3177168624565902, 0.6650300119624242], [0.4731006020216434, 0.4996373079241729], [0.43025236085981344, 0.4624733366260242], [0.4508363879137736, 0.4659280845521293]]","[[40, 40], [40, 40], [40, 40], [40, 40], [40, 40]]",3,8,1,2
85,B,clean,"[0.48996239010901743, 0.4783917952691503, 0.4994073708179723, 0.4840102755654785, 0.494133657882202]","[[0.4413268720828952, 0.5385979081351396], [0.3547269076048633, 0.6020566829334373], [0.4842156751957688, 0.5145990664401758], [0.4464259245542646, 0.5215946265766924], [0.4534459445490276, 0.5348213712153763]]","[[40, 40], [40, 40], [40, 40], [40, 40], [40, 40]]",1,2,1,2
85,B,brightness_dark,"[0.47592104078514763, 0.4448166247587219, 0.4775792147010245, 0.47652673572854576, 0.47876755101138624]","[[0.45399776466227826, 0.49784431690801706], [0.42945038485449816, 0.46018286466294567], [0.4930111746834699, 0.4621472547185791], [0.43843141025704463, 0.5146220612000469], [0.4666595023621484, 0.49087559966062405]]","[[40, 40], [40, 40], [40, 40], [40, 40], [40, 40]]",1,2,1,2
85,B,contrast_low,"[0.49000251787503085, 0.5905795317712237, 0.50972479378944, 0.4922177079518386, 0.5010412587049502]","[[0.425506239345252, 0.5544987964048097], [0.3761224958427062, 0.8050365676997412], [0.4806409508936209, 0.5388086366852592], [0.4199007090894993, 0.564534706814178], [0.41517941562065586, 0.5869031017892444]]","[[40, 40], [40, 40], [40, 40], [40, 40], [40, 40]]",0,1,1,2
85,B,gaussian_noise,"[0.3314851696989024, 0.3496127471089153, 0.3406564380087339, 0.34448053498484643, 0.3327421893333695]","[[0.3094835406962687, 0.3534867987015361], [0.2872981923542727, 0.4119273018635579], [0.34257489821181103, 0.33873797780565673], [0.3182864744968342, 0.37067459547285864], [0.32428255490161256, 0.3412018237651265]]","[[40, 40], [40, 40], [40, 40], [40, 40], [40, 40]]",0,1,1,2
85,B,gaussian_blur,"[0.4509891300240808, 0.4891803095276933, 0.47982821426064254, 0.44869216387795563, 0.46240872610640893]","[[0.43863432958321374, 0.4633439304649478], [0.3106062714108705, 0.6677543476445161], [0.48000808580870535, 0.4796483427125797], [0.4308329349424536, 0.4665513928134576], [0.45655616410370525, 0.4682612881091126]]","[[40, 40], [40, 40], [40, 40], [40, 40], [40, 40]]",3,8,1,2
86,A,clean,"[0.37573758228386755, 0.356879355381138, 0.33900837155521346, 0.39375720094876715, 0.35154105521822776]","[[0.42862833505492715, 0.32284682951280796], [0.37842572115679957, 0.33533298960547653], [0.360618493970378, 0.3173982491400489], [0.45066347342722823, 0.33685092847030607], [0.38503726036601316, 0.3180448500704423]]","[[40, 40], [40, 40], [40, 40], [40, 40], [40, 40]]",2,4,2,4
86,A,brightness_dark,"[0.33165300638346806, 0.3276242234085559, 0.3086392420999594, 0.32969808871402057, 0.3153508594306106]","[[0.3771827092780077, 0.28612330348892845], [0.3275663846411595, 0.32768206217595236], [0.30370927886447513, 0.31356920533544375], [0.3639100414221276, 0.29548613600591356], [0.3552716112216884, 0.2754301076395328]]","[[40, 40], [40, 40], [40, 40], [40, 40], [40, 40]]",2,4,2,4
86,A,contrast_low,"[0.6579040296319114, 0.5255838045709302, 0.6187558813397231, 0.579521802128487, 0.7145536150545369]","[[0.8406044056749042, 0.4752036535889186], [0.6332107892010723, 0.4179568199407882], [0.6140651676446567, 0.6234465950347895], [0.6526228372814438, 0.5064207669755303], [0.8950815944072461, 0.5340256357018277]]","[[40, 40], [40, 40], [40, 40], [40, 40], [40, 40]]",1,2,2,4
86,A,gaussian_noise,"[0.34714207249710316, 0.3417327988738942, 0.3174972396282476, 0.3633483360138722, 0.3331504264327998]","[[0.4102950898831306, 0.28398905511107564], [0.40826921654873205, 0.2751963811990564], [0.36894687995072883, 0.2660475993057663], [0.43808894921244973, 0.28860772281529457], [0.3882405527447205, 0.2780603001208791]]","[[40, 40], [40, 40], [40, 40], [40, 40], [40, 40]]",2,4,2,4
86,A,gaussian_blur,"[0.4976256891098074, 0.3655940992181065, 0.43107844600290296, 0.4928233088745889, 0.48043056884108104]","[[0.5834449066845281, 0.4118064715350867], [0.43376014547972747, 0.29742805295648556], [0.5038668231736089, 0.35829006883219705], [0.5433722383018853, 0.44227437944729253], [0.5559103256874212, 0.404950811994741]]","[[40, 40], [40, 40], [40, 40], [40, 40], [40, 40]]",1,2,2,4
86,B,clean,"[0.37573758228386755, 0.3583460261780732, 0.32261524009750464, 0.3919148140768678, 0.3495161088092137]","[[0.42862833505492715, 0.32284682951280796], [0.3793553987718063, 0.3373366535843402], [0.32285731778373294, 0.3223731624112764], [0.4513805649670414, 0.3324490631866942], [0.3813506048704475, 0.31768161274797996]]","[[40, 40], [40, 40], [40, 40], [40, 40], [40, 40]]",2,4,2,4
86,B,brightness_dark,"[0.33165300638346806, 0.3273716061110835, 0.30886884849970275, 0.33241354746054674, 0.31639501480431814]","[[0.3771827092780077, 0.28612330348892845], [0.32734501162578755, 0.3273982005963795], [0.3030004802529006, 0.3147372167465049], [0.37264176135206223, 0.29218533356903126], [0.356323138800439, 0.2764668908081973]]","[[40, 40], [40, 40], [40, 40], [40, 40], [40, 40]]",2,4,2,4
86,B,contrast_low,"[0.6579040296319114, 0.5290580862684637, 0.6116616323107014, 0.6038011725257239, 0.7265630873963012]","[[0.8406044056749042, 0.4752036535889186], [0.6388515874337528, 0.41926458510317477], [0.5965598982748483, 0.6267633663465544], [0.7108382187480841, 0.4967641263033637], [0.9151344261580064, 0.537991748634596]]","[[40, 40], [40, 40], [40, 40], [40, 40], [40, 40]]",1,2,2,4
86,B,gaussian_noise,"[0.34714207249710316, 0.34233308902791393, 0.3025289412024177, 0.3636802004187588, 0.3316117037886894]","[[0.4102950898831306, 0.28398905511107564], [0.40963315355049373, 0.2750330245053342], [0.33625336395349265, 0.2688045184513427], [0.43937540640658285, 0.2879849944309347], [0.3854338515214023, 0.2777895560559765]]","[[40, 40], [40, 40], [40, 40], [40, 40], [40, 40]]",2,4,2,4
86,B,gaussian_blur,"[0.4976256891098074, 0.3627303058726342, 0.4120526084244367, 0.49337528742241377, 0.48079169927525395]","[[0.5834449066845281, 0.4118064715350867], [0.42667138846537983, 0.29878922327988866], [0.45280121053685657, 0.3713040063120169], [0.5570270390215024, 0.4297235358233252], [0.553709141560003, 0.40787425699050495]]","[[40, 40], [40, 40], [40, 40], [40, 40], [40, 40]]",1,2,2,4
87,A,clean,"[0.37366814336613696, 0.3584884488936271, 0.35952352281986877, 0.3731224739736403, 0.3632641421636859]","[[0.4547006465257688, 0.2926356402065051], [0.42542164244731817, 0.291555255339936], [0.4407010776190082, 0.2783459680207293], [0.46246434011596876, 0.28378060783131176], [0.43908049975815133, 0.2874477845692205]]","[[40, 40], [40, 40], [40, 40], [40, 40], [40, 40]]",1,2,1,2
87,A,brightness_dark,"[0.3730926051175293, 0.3600980649289057, 0.3637855271641919, 0.36855651685702656, 0.365831413820462]","[[0.39318765317259713, 0.35299755706246144], [0.3893941463931968, 0.3308019834646146], [0.417902889746674, 0.3096681645817097], [0.39468969966811773, 0.3424233340459354], [0.4011021273504124, 0.33056070029051166]]","[[40, 40], [40, 40], [40, 40], [40, 40], [40, 40]]",1,2,1,2
87,A,contrast_low,"[0.4378099096993275, 0.4328100456204442, 0.4535239222276378, 0.41523449232569887, 0.4379583334721326]","[[0.5368696725722527, 0.33875014682640225], [0.4675035994422977, 0.39811649179859065], [0.5490328034353851, 0.35801504101989057], [0.5008524267203889, 0.3296165579310088], [0.5397015220690183, 0.33621514487524684]]","[[40, 40], [40, 40], [40, 40], [40, 40], [40, 40]]",3,8,1,2
87,A,gaussian_noise,"[0.3585959008712486, 0.32645556374735046, 0.3326854356737384, 0.3407168417628732, 0.349647811023713]","[[0.41796383243341284, 0.29922796930908435], [0.3551743382256986, 0.2977367892690023], [0.39078118257584477, 0.27458968877163215], [0.3905026449891638, 0.29093103853658253], [0.4077284234911872, 0.2915671985562388]]","[[40, 40], [40, 40], [40, 40], [40, 40], [40, 40]]",1,2,1,2
87,A,gaussian_blur,"[0.3833997701331767, 0.34037597547496645, 0.3732455243657543, 0.35925700729703036, 0.3918640501473579]","[[0.4304696554036477, 0.3363298848627057], [0.3649741783242966, 0.3157777726256362], [0.42851874919701594, 0.31797229953449263], [0.3873957916326148, 0.3311182229614459], [0.45401272972850004, 0.3297153705662158]]","[[40, 40], [40, 40], [40, 40], [40, 40], [40, 40]]",1,2,1,2
87,B,clean,"[0.37366814336613696, 0.3587308114017326, 0.36481910829226266, 0.37326762016353565, 0.3625415368302156]","[[0.4547006465257688, 0.2926356402065051], [0.4285500833023098, 0.28891153950115533], [0.44821160402866045, 0.2814266125558649], [0.4623536847492803, 0.284181555577791], [0.438094975894087, 0.28698809776634426]]","[[40, 40], [40, 40], [40, 40], [40, 40], [40, 40]]",1,2,1,2
87,B,brightness_dark,"[0.3730926051175293, 0.3608563014585594, 0.3614931765763163, 0.3703085026676147, 0.36559403462931994]","[[0.39318765317259713, 0.35299755706246144], [0.39009118310512586, 0.331621419811993], [0.40903943587363195, 0.31394691727900065], [0.3918190702447458, 0.3487979350904837], [0.40220784265074583, 0.328980226607894]]","[[40, 40], [40, 40], [40, 40], [40, 40], [40, 40]]",1,2,1,2
87,B,contrast_low,"[0.4378099096993275, 0.4343156853220189, 0.44981998769102394, 0.42547425404791417, 0.4400075640003218]","[[0.5368696725722527, 0.33875014682640225], [0.4704161133532135, 0.3982152572908243], [0.5514318609924839, 0.34820811438956395], [0.5110506565599765, 0.3398978515358518], [0.5451284875828946, 0.33488664041774907]]","[[40, 40], [40, 40], [40, 40], [40, 40], [40, 40]]",3,8,1,2
87,B,gaussian_noise,"[0.3585959008712486, 0.3272670782001166, 0.33564763193028074, 0.3428636892535894, 0.3494847709684076]","[[0.41796383243341284, 0.29922796930908435], [0.3572140360894215, 0.29732012031081173], [0.3889854464062039, 0.28230981745435757], [0.3937804676390058, 0.291946910868173], [0.40706719016977894, 0.29190235176703616]]","[[40, 40], [40, 40], [40, 40], [40, 40], [40, 40]]",1,2,1,2
87,B,gaussian_blur,"[0.3833997701331767, 0.3426323936350191, 0.3680768819950947, 0.3643746130099521, 0.39239559937931645]","[[0.4304696554036477, 0.3363298848627057], [0.37104256885213827, 0.31422221841789993], [0.4258257515826386, 0.3103280124075508], [0.3971772473764588, 0.33157197864344534], [0.45585130348318736, 0.3289398952754456]]","[[40, 40], [40, 40], [40, 40], [40, 40], [40, 40]]",1,2,1,2
88,A,clean,"[0.3180691227596365, 0.27014601104547026, 0.3001440365257184, 0.3152202746297582, 0.31174286515556626]","[[0.29960846390075585, 0.3365297816185171], [0.300944036029857, 0.23934798606108357], [0.29091180158462177, 0.309376271466815], [0.2920754712937411, 0.33836507796577536], [0.2994848063417691, 0.3240009239693634]]","[[40, 40], [40, 40], [40, 40], [40, 40], [40, 40]]",1,2,1,2
88,A,brightness_dark,"[0.3210017523927653, 0.34256728617540444, 0.2954538816500374, 0.32325584369528415, 0.31473858005266275]","[[0.33816917943286223, 0.3038343253526684], [0.3569216750968624, 0.3282128972539464], [0.3029073526186482, 0.28800041068142657], [0.34062673137195454, 0.3058849560186138], [0.32905939772775633, 0.3004177623775691]]","[[40, 40], [40, 40], [40, 40], [40, 40], [40, 40]]",2,4,1,2
88,A,contrast_low,"[0.5849320365671805, 0.43850688770700463, 0.6526387786454745, 0.5389830411375593, 0.6840420800904916]","[[0.3974117806797385, 0.7724522924546225], [0.4526107315081044, 0.42440304390590483], [0.33742279081302573, 0.9678547664779232], [0.4752090297168346, 0.6027570525582842], [0.37994076163535195, 0.9881433985456312]]","[[40, 40], [40, 40], [40, 40], [40, 40], [40, 40]]",1,2,1,2
88,A,gaussian_noise,"[0.2930571040235297, 0.31417854095736225, 0.26742477772817963, 0.31183821730850225, 0.27590682682977447]","[[0.2725104677913285, 0.3136037402557309], [0.3233980377891744, 0.3049590441255501], [0.2791375540630711, 0.2557120013932882], [0.2844005423142524, 0.33927589230275207], [0.2801654590380836, 0.27164819462146533]]","[[40, 40], [40, 40], [40, 40], [40, 40], [40, 40]]",2,4,1,2
88,A,gaussian_blur,"[0.44515367274585094, 0.44275430927099324, 0.4217995145054596, 0.416694670985162, 0.4543221977365876]","[[0.4171991529171247, 0.4731081925745772], [0.5012314194435119, 0.38427719909847463], [0.4247200544002302, 0.418878974610689], [0.38037196396097156, 0.4530173780093524], [0.44283037053269003, 0.4658140249404852]]","[[40, 40], [40, 40], [40, 40], [40, 40], [40, 40]]",3,8,1,2
88,B,clean,"[0.3180691227596365, 0.26737153420103227, 0.2940755755677571, 0.3183191150504605, 0.31147557803482395]","[[0.29960846390075585, 0.3365297816185171], [0.29487948605499215, 0.23986358234707236], [0.2869041434084245, 0.3012470077270897], [0.2950228920660233, 0.34161533803489774], [0.3010016595614105, 0.32194949650823734]]","[[40, 40], [40, 40], [40, 40], [40, 40], [40, 40]]",1,2,1,2
88,B,brightness_dark,"[0.3210017523927653, 0.3453853801654452, 0.3048194085764562, 0.3274876524215971, 0.31673456314779014]","[[0.33816917943286223, 0.3038343253526684], [0.355587398252181, 0.3351833620787093], [0.30283353844007677, 0.3068052787128356], [0.34129065084301247, 0.31368465400018175], [0.33029910906566695, 0.3031700172299133]]","[[40, 40], [40, 40], [40, 40], [40, 40], [40, 40]]",2,4,1,2
88,B,contrast_low,"[0.5849320365671805, 0.43389093739556084, 0.7219176667064553, 0.5500598277770152, 0.6889109875068841]","[[0.3974117806797385, 0.7724522924546225], [0.45584933584747167, 0.41193253894365006], [0.33043760054960086, 1.1133977328633098], [0.47251319308411854, 0.6276064624699119], [0.3798055240854487, 0.9980164509283194]]","[[40, 40], [40, 40], [40, 40], [40, 40], [40, 40]]",1,2,1,2
88,B,gaussian_noise,"[0.2930571040235297, 0.3143127368334726, 0.26121388502743104, 0.3142708386095374, 0.2749868061813101]","[[0.2725104677913285, 0.3136037402557309], [0.3206196304988345, 0.30800584316811064], [0.26887360417206146, 0.25355416588280066], [0.2840136854155132, 0.3445279918035616], [0.2809966999089288, 0.2689769124536915]]","[[40, 40], [40, 40], [40, 40], [40, 40], [40, 40]]",2,4,1,2
88,B,gaussian_blur,"[0.44515367274585094, 0.4414196271814079, 0.4165771501145121, 0.41894857450790984, 0.4542518657884057]","[[0.4171991529171247, 0.4731081925745772], [0.4846459324231752, 0.39819332193964063], [0.41940286590937204, 0.4137514343196521], [0.38119939612294096, 0.45669775289287873], [0.4420870520410962, 0.46641667953571514]]","[[40, 40], [40, 40], [40, 40], [40, 40], [40, 40]]",2,4,1,2
89,A,clean,"[0.4326510350674271, 0.40258100769881283, 0.42745456549136895, 0.4073893679270091, 0.43984536321919676]","[[0.4594585431833972, 0.405843526951457], [0.42864752874783063, 0.37651448664979503], [0.4373488340787796, 0.41756029690395824], [0.42502799705656163, 0.3897507387974565], [0.4612625302334593, 0.41842819620493427]]","[[40, 40], [40, 40], [40, 40], [40, 40], [40, 40]]",1,2,1,2
89,A,brightness_dark,"[0.4463625437567947, 0.44675776763202457, 0.44034327329327083, 0.4522154193094834, 0.4491920385919214]","[[0.4749673263301988, 0.4177577611833906], [0.4731992953297646, 0.42031623993428446], [0.476356100803061, 0.40433044578348065], [0.4718780209896491, 0.43255281762931774], [0.484997534452444, 0.41338654273139885]]","[[40, 40], [40, 40], [40, 40], [40, 40], [40, 40]]",2,4,1,2
89,A,contrast_low,"[0.43933374867862246, 0.4277225137793479, 0.43299858324939833, 0.4474853943621573, 0.432369154296678]","[[0.5049166764367422, 0.3737508209205027], [0.5073070969755136, 0.3481379305831822], [0.5150239624818808, 0.3509732040169159], [0.5123211846918864, 0.3826496040324282], [0.485912298475506, 0.37882601011785]]","[[40, 40], [40, 40], [40, 40], [40, 40], [40, 40]]",1,2,1,2
89,A,gaussian_noise,"[0.36696820265849883, 0.3578016696376247, 0.3469828316325315, 0.3583122607580578, 0.3664176177806914]","[[0.38624655474490693, 0.3476898505720908], [0.37804959159809626, 0.33755374767715324], [0.3586868872734602, 0.33527877599160283], [0.38636110287531283, 0.33026341864080266], [0.37682662671290945, 0.35600860884847324]]","[[40, 40], [40, 40], [40, 40], [40, 40], [40, 40]]",2,4,1,2
89,A,gaussian_blur,"[0.403064305226123, 0.39499906144683783, 0.44269774700435677, 0.38063100920747195, 0.43779799980646217]","[[0.4527945322789389, 0.3533340781733071], [0.4745548771573921, 0.3154432457362836], [0.5082874516722808, 0.3771080423364327], [0.4323497114406546, 0.32891230697428925], [0.5008706067772122, 0.37472539283571216]]","[[40, 40], [40, 40], [40, 40], [40, 40], [40, 40]]",3,8,1,2
89,B,clean,"[0.4326510350674271, 0.40507040050830906, 0.43056185563648003, 0.4086410754518095, 0.44023776415597216]","[[0.4594585431833972, 0.405843526951457], [0.43081705806583415, 0.37932374295078397], [0.4267805507934801, 0.43434316047947996], [0.42758585986010356, 0.38969629104351544], [0.4605794496942989, 0.41989607861764533]]","[[40, 40], [40, 40], [40, 40], [40, 40], [40, 40]]",1,2,1,2
89,B,brightness_dark,"[0.4463625437567947, 0.4481198425795324, 0.4391162605049247, 0.4532213142448905, 0.45090355922459413]","[[0.4749673263301988, 0.4177577611833906], [0.4750768493057266, 0.4211628358533382], [0.468557541321041, 0.40967497968880834], [0.47563894412318186, 0.4308036843665991], [0.4875548318627258, 0.4142522865864624]]","[[40, 40], [40, 40], [40, 40], [40, 40], [40, 40]]",2,4,1,2
89,B,contrast_low,"[0.43933374867862246, 0.4327041312315629, 0.42946837971675234, 0.44279327118818934, 0.43154391820323496]","[[0.5049166764367422, 0.3737508209205027], [0.5021063830265213, 0.3633018794366046], [0.49552756750624, 0.3634091919272646], [0.5125912146521171, 0.37299532772426164], [0.486039305633682, 0.37704853077278794]]","[[40, 40], [40, 40], [40, 40], [40, 40], [40, 40]]",2,4,1,2
89,B,gaussian_noise,"[0.36696820265849883, 0.3556403530965858, 0.34802204929299907, 0.35910464168717926, 0.36593777192868626]","[[0.38624655474490693, 0.3476898505720908], [0.3747109267491951, 0.3365697794439765], [0.34689638811786094, 0.3491477104681372], [0.3868678213142561, 0.33134146206010234], [0.375187179580698, 0.35668836427667455]]","[[40, 40], [40, 40], [40, 40], [40, 40], [40, 40]]",2,4,1,2
89,B,gaussian_blur,"[0.403064305226123, 0.39487241514343147, 0.44726623431459045, 0.37940095909904126, 0.4391706599920747]","[[0.4527945322789389, 0.3533340781733071], [0.470988450862203, 0.31875637942465995], [0.48947490700697405, 0.4050575616222069], [0.42876728558641447, 0.33003463261166804], [0.5000385795942047, 0.37830274038994466]]","[[40, 40], [40, 40], [40, 40], [40, 40], [40, 40]]",3,8,1,2
90,A,clean,"[0.41965519047418176, 0.4171828223050884, 0.39404342822560967, 0.43285214903188474, 0.40667143987470256]","[[0.47598988748230797, 0.36332049346605555], [0.4778752889516217, 0.3564903556585552], [0.4332342933012212, 0.3548525631499981], [0.4985877286578817, 0.3671165694058878], [0.45349636952801575, 0.35984651022138936]]","[[40, 40], [40, 40], [40, 40], [40, 40], [40, 40]]",2,4,2,4
90,A,brightness_dark,"[0.44924923881464174, 0.46176140136644994, 0.44419129335081614, 0.45194441271360275, 0.4550765840610775]","[[0.5492652604980238, 0.3492332171312597], [0.5658414154489669, 0.3576813872839329], [0.5384856967542577, 0.34989688994737456], [0.5573629003371461, 0.34652592509005936], [0.5427049291430025, 0.36744823897915246]]","[[40, 40], [40, 40], [40, 40], [40, 40], [40, 40]]",2,4,2,4
90,A,contrast_low,"[0.49857920863439603, 0.41508022499723596, 0.4486562129005037, 0.4876481510964349, 0.4591333853356804]","[[0.626318677000768, 0.370839740268024], [0.42918552016314476, 0.4009749298313271], [0.4997388307381163, 0.3975735950628912], [0.6193375961421057, 0.3559587060507641], [0.5360225496030724, 0.38224422106828837]]","[[40, 40], [40, 40], [40, 40], [40, 40], [40, 40]]",1,2,2,4
90,A,gaussian_noise,"[0.384299227221262, 0.3903063880436969, 0.3766865301762152, 0.39687257434922896, 0.3753400469756979]","[[0.4383752624493063, 0.3302231919932177], [0.4538839443424923, 0.32672883174490147], [0.4264468923015265, 0.32692616805090385], [0.4577792299979507, 0.3359659187005072], [0.4281034608407735, 0.32257663311062224]]","[[40, 40], [40, 40], [40, 40], [40, 40], [40, 40]]",4,16,2,4
90,A,gaussian_blur,"[0.4389914025603643, 0.4426591010056996, 0.4201304446756069, 0.44169671276361416, 0.4300863877263664]","[[0.5481907506897695, 0.32979205443095905], [0.5231463320914364, 0.36217186991996286], [0.4806234955888433, 0.3596373937623704], [0.5697995101437183, 0.31359391538351], [0.5140576545057416, 0.3461151209469912]]","[[40, 40], [40, 40], [40, 40], [40, 40], [40, 40]]",2,4,2,4
90,B,clean,"[0.41965519047418176, 0.41291777923485184, 0.388273079129725, 0.4320472651196906, 0.40695590949271887]","[[0.47598988748230797, 0.36332049346605555], [0.47007680839628085, 0.3557587500734229], [0.42932446664304147, 0.3472216916164085], [0.49722460147166886, 0.3668699287677124], [0.4537688704079595, 0.3601429485774782]]","[[40, 40], [40, 40], [40, 40], [40, 40], [40, 40]]",2,4,2,4
90,B,brightness_dark,"[0.44924923881464174, 0.4647914966192173, 0.4468318756841084, 0.4539291159627824, 0.45477119180430003]","[[0.5492652604980238, 0.3492332171312597], [0.5688841740317613, 0.36069881920667335], [0.5395766748036882, 0.35408707656452865], [0.561908283909984, 0.34594994801558077], [0.5435038787292488, 0.36603850487935125]]","[[40, 40], [40, 40], [40, 40], [40, 40], [40, 40]]",2,4,2,4
90,B,contrast_low,"[0.49857920863439603, 0.4145710643627556, 0.4429093066733485, 0.4848846942302845, 0.46000778191571623]","[[0.626318677000768, 0.370839740268024], [0.42580531887127276, 0.40333680985423837], [0.4860119968795048, 0.3998066164671922], [0.6045682781935005, 0.3652011102670686], [0.5366761620660763, 0.38333940176535614]]","[[40, 40], [40, 40], [40, 40], [40, 40], [40, 40]]",1,2,2,4
90,B,gaussian_noise,"[0.384299227221262, 0.38917942590917953, 0.37607361702894093, 0.397818993732073, 0.374768473883232]","[[0.4383752624493063, 0.3302231919932177], [0.4540023241996419, 0.32435652761871714], [0.4313473031652334, 0.32079993089264847], [0.45856555402963917, 0.3370724334345069], [0.42769122699569484, 0.32184572077076906]]","[[40, 40], [40, 40], [40, 40], [40, 40], [40, 40]]",4,16,2,4
90,B,gaussian_blur,"[0.4389914025603643, 0.44140082180335427, 0.42602546867350577, 0.4433148545920971, 0.4317956633689246]","[[0.5481907506897695, 0.32979205443095905], [0.5214568049780293, 0.3613448386286793], [0.48745297942360005, 0.3645979579234115], [0.570919812744692, 0.3157098964395022], [0.515130330631831, 0.3484609961060182]]","[[40, 40], [40, 40], [40, 40], [40, 40], [40, 40]]",2,4,2,4
91,A,clean,"[0.20272518631473768, 0.19345217425729247, 0.19891732205704232, 0.20428572536134232, 0.19956806635350544]","[[0.19921484575011647, 0.20623552687935892], [0.18735454165619336, 0.19954980685839158], [0.19915309165801182, 0.1986815524560728], [0.20250014018460263, 0.20607131053808198], [0.19974467199515056, 0.1993914607118603]]","[[40, 40], [40, 40], [40, 40], [40, 40], [40, 40]]",1,2,1,2
91,A,brightness_dark,"[0.23098457972795514, 0.22714544085837474, 0.22436957686133008, 0.23235896020257543, 0.22828954276834193]","[[0.24424474090481646, 0.2177244185510938], [0.24291107165241416, 0.21137981006433532], [0.2448449576170046, 0.2038941961056556], [0.234213114192511, 0.23050480621263986], [0.24498476818105788, 0.21159431735562598]]","[[40, 40], [40, 40], [40, 40], [40, 40], [40, 40]]",2,4,1,2
91,A,contrast_low,"[0.2541735795837722, 0.23937045864239603, 0.24879534617198595, 0.26050219624522375, 0.2446038843101586]","[[0.2733172312364481, 0.23502992793109626], [0.22664658222333434, 0.25209433506145773], [0.26703129193851505, 0.2305594004054569], [0.29433246068665675, 0.22667193180379072], [0.26637868644953505, 0.22282908217078212]]","[[40, 40], [40, 40], [40, 40], [40, 40], [40, 40]]",1,2,1,2
91,A,gaussian_noise,"[0.1956591472337555, 0.1906347358523059, 0.19044539548189748, 0.19453916979602515, 0.19249308141347743]","[[0.19276575466747478, 0.19855253980003623], [0.18357907625457665, 0.19769039545003514], [0.1890764578922902, 0.1918143330715048], [0.19079048811581772, 0.1982878514762326], [0.19201711279248693, 0.19296905003446796]]","[[40, 40], [40, 40], [40, 40], [40, 40], [40, 40]]",2,4,1,2
91,A,gaussian_blur,"[0.2087939926558932, 0.19390800421302967, 0.210125416904468, 0.20795350925393447, 0.20921084003308768]","[[0.23112509556884503, 0.1864628897429414], [0.20443900236540466, 0.18337700606065468], [0.2219808657001728, 0.19826996810876324], [0.23205213318032944, 0.1838548853275395], [0.22798581323747688, 0.19043586682869848]]","[[40, 40], [40, 40], [40, 40], [40, 40], [40, 40]]",1,2,1,2
91,B,clean,"[0.20272518631473768, 0.19319151763146253, 0.200519201826665, 0.20407486128092028, 0.1991330172129664]","[[0.19921484575011647, 0.20623552687935892], [0.18749623147749478, 0.19888680378543028], [0.2034766291069184, 0.1975617745464116], [0.20220086238412302, 0.20594886017771757], [0.1999379122985343, 0.19832812212739848]]","[[40, 40], [40, 40], [40, 40], [40, 40], [40, 40]]",1,2,1,2
91,B,brightness_dark,"[0.23098457972795514, 0.22605672173677005, 0.22509792639549026, 0.23494796705331406, 0.22784433222116945]","[[0.24424474090481646, 0.2177244185510938], [0.24097913599364582, 0.21113430747989428], [0.2465347556753931, 0.2036610971155874], [0.23967078908290906, 0.23022514502371902], [0.2447705574385338, 0.21091810700380514]]","[[40, 40], [40, 40], [40, 40], [40, 40], [40, 40]]",2,4,1,2
91,B,contrast_low,"[0.2541735795837722, 0.23770658470445544, 0.2512019859910156, 0.2571480267557378, 0.24385265116327925]","[[0.2733172312364481, 0.23502992793109626], [0.2248762042375252, 0.2505369651713857], [0.2780017160443118, 0.2244022559377194], [0.2859329267674905, 0.2283631267439851], [0.26509062986339604, 0.2226146724631625]]","[[40, 40], [40, 40], [40, 40], [40, 40], [40, 40]]",1,2,1,2
91,B,gaussian_noise,"[0.1956591472337555, 0.18999690401212238, 0.19190804443128368, 0.1952797040097884, 0.19241648170716447]","[[0.19276575466747478, 0.19855253980003623], [0.18373366658626206, 0.1962601414379827], [0.19482519732266396, 0.1889908915399034], [0.1917957053889104, 0.19876370263066642], [0.1924277127822867, 0.19240525063204222]]","[[40, 40], [40, 40], [40, 40], [40, 40], [40, 40]]",1,2,1,2
91,B,gaussian_blur,"[0.2087939926558932, 0.194055640703376, 0.2143889646461506, 0.2072807355062336, 0.20947333258372308]","[[0.23112509556884503, 0.1864628897429414], [0.20449671676449124, 0.18361456464226078], [0.22816102309294362, 0.20061690619935754], [0.23042144667695458, 0.18414002433551263], [0.22791145403172478, 0.19103521113572136]]","[[40, 40], [40, 40], [40, 40], [40, 40], [40, 40]]",1,2,1,2
92,A,clean,"[0.25301111924568775, 0.26097564701009046, 0.23137237807936217, 0.24726799604980318, 0.25159781958159055]","[[0.21601729647216455, 0.29000494201921095], [0.22350406120774963, 0.29844723281243124], [0.2030284248746931, 0.25971633128403127], [0.20438596985402585, 0.2901500222455805], [0.21941389140816484, 0.2837817477550163]]","[[40, 40], [40, 40], [40, 40], [40, 40], [40, 40]]",2,4,2,4
92,A,brightness_dark,"[0.26775554845674393, 0.27700297063934876, 0.2617399895568626, 0.2725421517263958, 0.25944175123892]","[[0.20867179851662856, 0.3268392983968593], [0.20900273670870712, 0.34500320456999045], [0.22935946551052475, 0.2941205136032005], [0.20759136874252282, 0.33749293471026875], [0.21302840012670798, 0.30585510235113206]]","[[40, 40], [40, 40], [40, 40], [40, 40], [40, 40]]",4,16,2,4
92,A,contrast_low,"[0.3644131231590804, 0.4645273791244613, 0.3127280805329842, 0.34478282994425863, 0.34449874173797523]","[[0.297039188664448, 0.43178705765371284], [0.30504130478965724, 0.6240134534592653], [0.249039696036488, 0.37641646502948034], [0.2752567638760035, 0.41430889601251375], [0.28113334729711587, 0.40786413617883455]]","[[40, 40], [40, 40], [40, 40], [40, 40], [40, 40]]",2,4,2,4
92,A,gaussian_noise,"[0.2656608967915266, 0.2605505614594788, 0.2361073047647383, 0.2601669011577159, 0.2601278047795916]","[[0.22492836953249234, 0.30639342405056086], [0.2295474628251637, 0.2915536600937939], [0.20477142797306244, 0.26744318155641417], [0.2169012642580573, 0.30343253805737447], [0.22162775227805417, 0.298627857281129]]","[[40, 40], [40, 40], [40, 40], [40, 40], [40, 40]]",2,4,2,4
92,A,gaussian_blur,"[0.27258413868281695, 0.2700582108481213, 0.2534847291646908, 0.2560516211024847, 0.27931813231798186]","[[0.21275056995504998, 0.33241770741058385], [0.22553190019593483, 0.3145845215003078], [0.1991812377575705, 0.3077882205718111], [0.2002558382354805, 0.3118474039694889], [0.2182563527495181, 0.34037991188644556]]","[[40, 40], [40, 40], [40, 40], [40, 40], [40, 40]]",2,4,2,4
92,B,clean,"[0.25301111924568775, 0.25677010476499484, 0.23265561045390415, 0.2468837136421858, 0.2504384240203358]","[[0.21601729647216455, 0.29000494201921095], [0.22150542860992664, 0.292034780920063], [0.2054990142639344, 0.2598122066438739], [0.20387071050341934, 0.28989671678095225], [0.2193686782386859, 0.2815081698019856]]","[[40, 40], [40, 40], [40, 40], [40, 40], [40, 40]]",2,4,2,4
92,B,brightness_dark,"[0.26775554845674393, 0.2766385931002463, 0.2626052472213912, 0.2720653520250165, 0.2588733930470033]","[[0.20867179851662856, 0.3268392983968593], [0.20664091480442917, 0.34663627139606346], [0.23004805547370427, 0.2951624389690782], [0.20658915541477918, 0.3375415486352539], [0.21410292052583343, 0.3036438655681732]]","[[40, 40], [40, 40], [40, 40], [40, 40], [40, 40]]",4,16,2,4
92,B,contrast_low,"[0.3644131231590804, 0.4668196812533355, 0.3015675033380759, 0.3530839366786111, 0.3413179154928948]","[[0.297039188664448, 0.43178705765371284], [0.3098510496842505, 0.6237883128224205], [0.25098239208278744, 0.35215261459336444], [0.2844214123185237, 0.4217464610386985], [0.28079171329921204, 0.40184411768657763]]","[[40, 40], [40, 40], [40, 40], [40, 40], [40, 40]]",2,4,2,4
92,B,gaussian_noise,"[0.2656608967915266, 0.25761864231199877, 0.2382901715269552, 0.2589060041806921, 0.2588679331119925]","[[0.22492836953249234, 0.30639342405056086], [0.23098629727052908, 0.2842509873534685], [0.2078723846198069, 0.2687079584341035], [0.2156017804174039, 0.30221022794398034], [0.22120303425931126, 0.29653283196467384]]","[[40, 40], [40, 40], [40, 40], [40, 40], [40, 40]]",2,4,2,4
92,B,gaussian_blur,"[0.27258413868281695, 0.2671572710612359, 0.26338912117505076, 0.2554965031781254, 0.28038846780769033]","[[0.21275056995504998, 0.33241770741058385], [0.22487169922095057, 0.30944284290152124], [0.2020868162689924, 0.3246914260811091], [0.2002815700351396, 0.3107114363211112], [0.21803818030229, 0.34273875531309067]]","[[40, 40], [40, 40], [40, 40], [40, 40], [40, 40]]",3,8,2,4
93,A,clean,"[0.21215422169434597, 0.2063671764564191, 0.22427739493862497, 0.21488168131088808, 0.2135791179282021]","[[0.19076241822011647, 0.23354602516857548], [0.1949453433847576, 0.2177890095280806], [0.20622720712814696, 0.24232758274910302], [0.1885009463495413, 0.24126241627223485], [0.19237933007409017, 0.23477890578231406]]","[[40, 40], [40, 40], [40, 40], [40, 40], [40, 40]]",1,2,1,2
93,A,brightness_dark,"[0.18511278486900198, 0.19966219284433134, 0.1941558046758854, 0.18532202620796356, 0.18683803200175725]","[[0.16677667153251954, 0.20344889820548442], [0.18144613823455913, 0.21787824745410353], [0.1718512301463167, 0.2164603792054541], [0.16904935278349273, 0.2015946996324344], [0.17392895725017046, 0.19974710675334406]]","[[40, 40], [40, 40], [40, 40], [40, 40], [40, 40]]",0,1,1,2
93,A,contrast_low,"[0.36019944141233895, 0.3689817735355267, 0.3046445778245524, 0.4030979711800677, 0.3071974872503669]","[[0.3640266762309384, 0.3563722065937395], [0.31648685363225054, 0.42147669343880284], [0.2844838926567853, 0.3248052629923195], [0.44969514301761704, 0.3565007993425183], [0.30147338955954067, 0.3129215849411931]]","[[40, 40], [40, 40], [40, 40], [40, 40], [40, 40]]",2,4,1,2
93,A,gaussian_noise,"[0.17195328161147286, 0.1737855502395041, 0.17556064095185944, 0.17632060048579223, 0.17207267300362103]","[[0.16892994294418331, 0.1749766202787624], [0.1823842775704067, 0.16518682290860148], [0.18131962959085915, 0.16980165231285974], [0.16324417737977853, 0.18939702359180594], [0.17317317845605162, 0.17097216755119043]]","[[40, 40], [40, 40], [40, 40], [40, 40], [40, 40]]",0,1,1,2
93,A,gaussian_blur,"[0.2168862974353375, 0.18706005922697327, 0.213805661416113, 0.205810097342784, 0.2110223615952517]","[[0.20998647213208904, 0.22378612273858592], [0.21127540914902712, 0.1628447093049194], [0.22254698681121582, 0.20506433602101018], [0.19495842904153066, 0.21666176564403733], [0.21163171469082426, 0.21041300849967914]]","[[40, 40], [40, 40], [40, 40], [40, 40], [40, 40]]",1,2,1,2
93,B,clean,"[0.21215422169434597, 0.20681659767551655, 0.21953196805007164, 0.21280741349294813, 0.2137059632018783]","[[0.19076241822011647, 0.23354602516857548], [0.19588749498724095, 0.21774570036379215], [0.20927087603072395, 0.2297930600694193], [0.18730460786273134, 0.2383102191231649], [0.19296072478253254, 0.23445120162122404]]","[[40, 40], [40, 40], [40, 40], [40, 40], [40, 40]]",1,2,1,2
93,B,brightness_dark,"[0.18511278486900198, 0.19767235240147402, 0.19498372583719362, 0.18547815184062544, 0.18719258599569555]","[[0.16677667153251954, 0.20344889820548442], [0.18244653045997827, 0.2128981743429698], [0.17497378132895616, 0.21499367034543107], [0.16716343824953844, 0.2037928654317124], [0.17489547726705582, 0.19948969472433528]]","[[40, 40], [40, 40], [40, 40], [40, 40], [40, 40]]",0,1,1,2
93,B,contrast_low,"[0.36019944141233895, 0.36812738541584666, 0.30325136088292204, 0.3946834333112279, 0.3101978480333154]","[[0.3640266762309384, 0.3563722065937395], [0.3231169939753908, 0.41313777685630254], [0.26845276463293083, 0.3380499571329132], [0.42945628951981635, 0.35991057710263946], [0.3034360397267791, 0.3169596563398517]]","[[40, 40], [40, 40], [40, 40], [40, 40], [40, 40]]",2,4,1,2
93,B,gaussian_noise,"[0.17195328161147286, 0.17290774644934537, 0.17095785635855681, 0.17529972794695614, 0.17204560890736365]","[[0.16892994294418331, 0.1749766202787624], [0.1822940433739851, 0.16352144952470565], [0.18290489990726264, 0.15901081280985102], [0.16224207182476644, 0.18835738406914587], [0.17346885603166912, 0.17062236178305815]]","[[40, 40], [40, 40], [40, 40], [40, 40], [40, 40]]",2,4,1,2
93,B,gaussian_blur,"[0.2168862974353375, 0.1859567275685315, 0.21155712091755313, 0.20609014744197918, 0.2123286871874519]","[[0.20998647213208904, 0.22378612273858592], [0.2081107498056763, 0.1638027053313867], [0.2239196788136931, 0.19919456302141314], [0.19717422776216104, 0.21500606712179735], [0.21367984083364622, 0.2109775335412576]]","[[40, 40], [40, 40], [40, 40], [40, 40], [40, 40]]",1,2,1,2
94,A,clean,"[0.334923321144709, 0.3348089903657706, 0.3234740471059465, 0.3337112660501159, 0.3266984015256124]","[[0.36945678148275596, 0.3003898608066621], [0.36556644443168385, 0.3040515362998574], [0.350919686352061, 0.296028407859832], [0.366942134152102, 0.3004803979481298], [0.35787718416486153, 0.2955196188863633]]","[[40, 40], [40, 40], [40, 40], [40, 40], [40, 40]]",2,4,2,4
94,A,brightness_dark,"[0.3215903299905168, 0.30187922375123977, 0.2947357713537937, 0.3243001682410326, 0.31007254714883326]","[[0.30112224770127316, 0.3420584122797604], [0.317771172490138, 0.2859872750123416], [0.3027940966122149, 0.28667744609537255], [0.300215452943715, 0.3483848835383502], [0.3034659019627929, 0.3166791923348736]]","[[40, 40], [40, 40], [40, 40], [40, 40], [40, 40]]",2,4,2,4
94,A,contrast_low,"[0.4150159585197447, 0.3761538704422577, 0.41008890539496967, 0.3962331683341856, 0.4262157578372144]","[[0.42380692169483936, 0.40622499534465006], [0.3923287806709075, 0.3599789602136078], [0.4537180475836263, 0.36645976320631296], [0.4268726216904164, 0.3655937149779548], [0.4556782986924957, 0.39675321698193305]]","[[40, 40], [40, 40], [40, 40], [40, 40], [40, 40]]",1,2,2,4
94,A,gaussian_noise,"[0.32726394676564874, 0.3240498292008387, 0.3308894613146861, 0.3234604952688536, 0.33025867265905356]","[[0.36733182974214995, 0.2871960637891475], [0.3643870567885096, 0.28371260161316786], [0.370567328458461, 0.29121159417091125], [0.36320498686097696, 0.2837160036767303], [0.36572580273477595, 0.2947915425833312]]","[[40, 40], [40, 40], [40, 40], [40, 40], [40, 40]]",3,8,2,4
94,A,gaussian_blur,"[0.40367660192807453, 0.3632884813344981, 0.36680022716217864, 0.3995737372991651, 0.39735966924447375]","[[0.43243363681159924, 0.37491956704454976], [0.3801442215125343, 0.3464327411564619], [0.38953792918888047, 0.34406252513547675], [0.42956355672956736, 0.3695839178687629], [0.43105995683563114, 0.3636593816533164]]","[[40, 40], [40, 40], [40, 40], [40, 40], [40, 40]]",1,2,2,4
94,B,clean,"[0.334923321144709, 0.3348150809872382, 0.3221609696390003, 0.3330301326716124, 0.32562693700624734]","[[0.36945678148275596, 0.3003898608066621], [0.36977859649063494, 0.2998515654838415], [0.35016727321174557, 0.2941546660662551], [0.3664022318077924, 0.2996580335354324], [0.3566634095479473, 0.29459046446454734]]","[[40, 40], [40, 40], [40, 40], [40, 40], [40, 40]]",2,4,2,4
94,B,brightness_dark,"[0.3215903299905168, 0.30266792072671994, 0.29900629125064804, 0.32525763201667607, 0.3095930218204922]","[[0.30112224770127316, 0.3420584122797604], [0.31572794424232764, 0.28960789721111224], [0.30258577937634035, 0.2954268031249557], [0.3001491454865258, 0.3503661185468263], [0.3028703879653751, 0.3163156556756094]]","[[40, 40], [40, 40], [40, 40], [40, 40], [40, 40]]",2,4,2,4
94,B,contrast_low,"[0.4150159585197447, 0.3780191992150411, 0.4074739792913441, 0.40065649707853235, 0.42549570449223845]","[[0.42380692169483936, 0.40622499534465006], [0.4000909635923833, 0.355947434837699], [0.4569089203369569, 0.3580390382457313], [0.43214835224131, 0.36916464191575465], [0.4556253115869202, 0.3953660973975567]]","[[40, 40], [40, 40], [40, 40], [40, 40], [40, 40]]",1,2,2,4
94,B,gaussian_noise,"[0.32726394676564874, 0.32417563540309713, 0.3349090765649219, 0.32143986185521767, 0.33099434474468703]","[[0.36733182974214995, 0.2871960637891475], [0.3656325176583687, 0.2827187531478256], [0.37645055487557616, 0.29336759825426767], [0.36029823423949964, 0.28258148947093564], [0.36643927124000447, 0.29554941824936964]]","[[40, 40], [40, 40], [40, 40], [40, 40], [40, 40]]",3,8,2,4
94,B,gaussian_blur,"[0.40367660192807453, 0.36038892232370834, 0.3651531648482389, 0.40092053712748604, 0.3950345856636721]","[[0.43243363681159924, 0.37491956704454976], [0.37998415200404945, 0.34079369264336723], [0.3929435592644583, 0.3373627704320195], [0.4294467137851738, 0.3723943604697983], [0.42777625186911405, 0.36229291945823017]]","[[40, 40], [40, 40], [40, 40], [40, 40], [40, 40]]",1,2,2,4
95,A,clean,"[0.3154700836597848, 0.2870410315601597, 0.30788090066882895, 0.30708981528862833, 0.3062688382814812]","[[0.3047213457728969, 0.3262188215466727], [0.30343599192016296, 0.27064607120015644], [0.29075364491627487, 0.32500815642138303], [0.3095131592199058, 0.3046664713573508], [0.2902908427319935, 0.32224683383096886]]","[[40, 40], [40, 40], [40, 40], [40, 40], [40, 40]]",1,2,1,2
95,A,brightness_dark,"[0.37420378039474006, 0.36012590992702764, 0.33286946958284336, 0.3668047046443368, 0.3660482571960366]","[[0.38767362492140683, 0.3607339358680733], [0.34659996213584077, 0.3736518577182145], [0.3320782774337757, 0.333660661731911], [0.37903722886877256, 0.354572180419901], [0.3761060592611405, 0.35599045513093275]]","[[40, 40], [40, 40], [40, 40], [40, 40], [40, 40]]",2,4,1,2
95,A,contrast_low,"[0.3634227066035425, 0.3098429252784317, 0.315314456719651, 0.3376026345973878, 0.3317589875098605]","[[0.36383994282358617, 0.36300547038349873], [0.3057445390923394, 0.3139413114645241], [0.29983930830986366, 0.3307896051294384], [0.33761445629211495, 0.3375908129026607], [0.3343047969007541, 0.3292131781189669]]","[[40, 40], [40, 40], [40, 40], [40, 40], [40, 40]]",1,2,1,2
95,A,gaussian_noise,"[0.31876259949225066, 0.29106885386614495, 0.3088286162167392, 0.31762000737844476, 0.3108478326941211]","[[0.2977562064459245, 0.33976899253857684], [0.28580786331319163, 0.29632984441909827], [0.2966821640328218, 0.32097506840065654], [0.31032407763692954, 0.32491593711996003], [0.2865347667505878, 0.3351608986376544]]","[[40, 40], [40, 40], [40, 40], [40, 40], [40, 40]]",1,2,1,2
95,A,gaussian_blur,"[0.3276089618204171, 0.2752667741604492, 0.31317196408700876, 0.31361689283091665, 0.32155020957988945]","[[0.28695646276428655, 0.36826146087654765], [0.2561236996072399, 0.29440984871365855], [0.27943292244000084, 0.3469110057340167], [0.28309237485811095, 0.3441414108037223], [0.2780173312183566, 0.3650830879414223]]","[[40, 40], [40, 40], [40, 40], [40, 40], [40, 40]]",1,2,1,2
95,B,clean,"[0.3154700836597848, 0.2863540108757723, 0.31295367158393184, 0.30711908737404553, 0.306884918742917]","[[0.3047213457728969, 0.3262188215466727], [0.302356660419035, 0.27035136133250953], [0.2941576768019879, 0.3317496663658758], [0.3089625733889769, 0.30527560135911413], [0.28908250086575427, 0.3246873366200797]]","[[40, 40], [40, 40], [40, 40], [40, 40], [40, 40]]",1,2,1,2
95,B,brightness_dark,"[0.37420378039474006, 0.36399733639584897, 0.3385593317188996, 0.36565344402718614, 0.3664801872471254]","[[0.38767362492140683, 0.3607339358680733], [0.34904002845677884, 0.3789546443349191], [0.34625708653426845, 0.3308615769035308], [0.38063059795535986, 0.35067629009901247], [0.3757231503193875, 0.3572372241748633]]","[[40, 40], [40, 40], [40, 40], [40, 40], [40, 40]]",2,4,1,2
95,B,contrast_low,"[0.3634227066035425, 0.3119857676163118, 0.3074877839326317, 0.3455981688726849, 0.33179433209585896]","[[0.36383994282358617, 0.36300547038349873], [0.30903670709844977, 0.3149348281341739], [0.295367203876683, 0.3196083639885804], [0.35017602997656005, 0.3410203077688098], [0.33222744205196775, 0.33136122213975017]]","[[40, 40], [40, 40], [40, 40], [40, 40], [40, 40]]",2,4,1,2
95,B,gaussian_noise,"[0.31876259949225066, 0.29154576219916006, 0.3157628075384828, 0.3165976279624001, 0.3101627735514694]","[[0.2977562064459245, 0.33976899253857684], [0.28540310354701653, 0.29768842085130354], [0.3044952012651162, 0.3270304138118494], [0.31012596902817247, 0.3230692868966277], [0.2838943693074133, 0.3364311777955254]]","[[40, 40], [40, 40], [40, 40], [40, 40], [40, 40]]",1,2,1,2
95,B,gaussian_blur,"[0.3276089618204171, 0.27722321198934013, 0.3202387030407625, 0.3122605235159348, 0.32171630245222704]","[[0.28695646276428655, 0.36826146087654765], [0.25874676325354573, 0.29569966072513454], [0.27836644133546307, 0.36211096474606197], [0.2814379309516809, 0.34308311608018865], [0.2778950515205601, 0.36553755338389393]]","[[40, 40], [40, 40], [40, 40], [40, 40], [40, 40]]",1,2,1,2
96,A,clean,"[0.19038038852328576, 0.2281284512530668, 0.1774104996937408, 0.19673436632652525, 0.1851583955636276]","[[0.19193195917567113, 0.1888288178709004], [0.22326432720427988, 0.23299257530185374], [0.18159935104858643, 0.17322164833889517], [0.19635360584697067, 0.19711512680607984], [0.1859810724092207, 0.18433571871803447]]","[[40, 40], [40, 40], [40, 40], [40, 40], [40, 40]]",2,4,2,4
96,A,brightness_dark,"[0.2147668427805977, 0.20188875655675675, 0.19727766436315156, 0.2244812053953911, 0.20763410767115298]","[[0.21691543434806498, 0.2126182512131304], [0.20183435926839569, 0.2019431538451178], [0.19453945311751025, 0.20001587560879286], [0.2214820644157076, 0.22748034637507458], [0.20745518884742667, 0.2078130264948793]]","[[40, 40], [40, 40], [40, 40], [40, 40], [40, 40]]",2,4,2,4
96,A,contrast_low,"[0.2326928989233758, 0.25195560702331776, 0.2237742890160126, 0.23911032392899512, 0.22414057139123056]","[[0.23460772417684575, 0.23077807366990583], [0.2574257437328641, 0.24648547031377138], [0.2385489999316083, 0.20899957810041686], [0.24283127872052274, 0.2353893691374675], [0.22624877441324562, 0.2220323683692155]]","[[40, 40], [40, 40], [40, 40], [40, 40], [40, 40]]",2,4,2,4
96,A,gaussian_noise,"[0.19358541931280718, 0.20822616515722997, 0.183889831541369, 0.19368642126674643, 0.1915826650794378]","[[0.18186873584193425, 0.2053021027836801], [0.19995794911134238, 0.21649438120311756], [0.18314026310539372, 0.18463939997734433], [0.18305633759604986, 0.204316504937443], [0.18136361826507016, 0.20180171189380544]]","[[40, 40], [40, 40], [40, 40], [40, 40], [40, 40]]",2,4,2,4
96,A,gaussian_blur,"[0.2514508308858119, 0.2710536477251583, 0.23025268888843725, 0.2464132030218516, 0.24521579337389227]","[[0.2114696853540698, 0.291431976417554], [0.22687852970250805, 0.31522876574780845], [0.19629714230402215, 0.2642082354728523], [0.21496470383891486, 0.27786170220478834], [0.20209599032755313, 0.2883355964202314]]","[[40, 40], [40, 40], [40, 40], [40, 40], [40, 40]]",2,4,2,4
96,B,clean,"[0.19038038852328576, 0.22914668860859524, 0.1760763356230074, 0.19603515909547364, 0.18516750516871094]","[[0.19193195917567113, 0.1888288178709004], [0.22283119888710257, 0.23546217833008792], [0.1804218111955747, 0.17173086005044008], [0.19576450457749375, 0.19630581361345353], [0.18587543554647118, 0.1844595747909507]]","[[40, 40], [40, 40], [40, 40], [40, 40], [40, 40]]",2,4,2,4
96,B,brightness_dark,"[0.2147668427805977, 0.20222797804721382, 0.2008081088818162, 0.22121157603573782, 0.20787357231174253]","[[0.21691543434806498, 0.2126182512131304], [0.2031212765142235, 0.20133467958020415], [0.1972846228498617, 0.20433159491377068], [0.2219622924755021, 0.22046085959597356], [0.2072039875519421, 0.20854315707154295]]","[[40, 40], [40, 40], [40, 40], [40, 40], [40, 40]]",2,4,2,4
96,B,contrast_low,"[0.2326928989233758, 0.2504782648590177, 0.21844963313788565, 0.24186281918948002, 0.22448094093894846]","[[0.23460772417684575, 0.23077807366990583], [0.25547860422159063, 0.2454779254964447], [0.2332692499560439, 0.2036300163197274], [0.23926793603327665, 0.2444577023456834], [0.2275311957327716, 0.22143068614512532]]","[[40, 40], [40, 40], [40, 40], [40, 40], [40, 40]]",2,4,2,4
96,B,gaussian_noise,"[0.19358541931280718, 0.20846347121059167, 0.17910129125444052, 0.19307633912512445, 0.19086199974662627]","[[0.18186873584193425, 0.2053021027836801], [0.19977513418294054, 0.21715180823824282], [0.17771587936478478, 0.1804867031440963], [0.1824002382479046, 0.20375244000234433], [0.181158047982859, 0.20056595151039353]]","[[40, 40], [40, 40], [40, 40], [40, 40], [40, 40]]",2,4,2,4
96,B,gaussian_blur,"[0.2514508308858119, 0.2724192057670848, 0.2296207703190975, 0.24804415690472853, 0.24463549264924478]","[[0.2114696853540698, 0.291431976417554], [0.2284612088554086, 0.3163772026787609], [0.19845327331156162, 0.26078826732663335], [0.21537136582791963, 0.28071694798153746], [0.20188503513523245, 0.28738595016325713]]","[[40, 40], [40, 40], [40, 40], [40, 40], [40, 40]]",2,4,2,4
97,A,clean,"[0.6473613235605775, 0.548468176752338, 0.6131651871928615, 0.6284505025750617, 0.6214552580139839]","[[0.9658704254299344, 0.3288522216912205], [0.8092321706865914, 0.28770418281808474], [0.8800400495530651, 0.34629032483265787], [0.9482816417259403, 0.3086193634241833], [0.9006145948913492, 0.3422959211366187]]","[[40, 40], [40, 40], [40, 40], [40, 40], [40, 40]]",1,2,1,2
97,A,brightness_dark,"[0.5239714454281391, 0.580719617198001, 0.4996354525623376, 0.5335058967165824, 0.5288354290017544]","[[0.6758026464754977, 0.3721402443807805], [0.7885356725287738, 0.37290356186722834], [0.646925046580521, 0.35234585854415423], [0.7065017493615253, 0.36051004407163967], [0.681586925825121, 0.3760839321783877]]","[[40, 40], [40, 40], [40, 40], [40, 40], [40, 40]]",2,4,1,2
97,A,contrast_low,"[1.0479805141742824, 0.9441510468866554, 1.0327652303049215, 0.7389266087191368, 0.9879763411474726]","[[1.733894808989715, 0.36206621935884975], [1.570276128080613, 0.3180259656926978], [1.6784249766598844, 0.38710548394995875], [1.1365203459198197, 0.34133287151845415], [1.5909226177947904, 0.38503006450015476]]","[[40, 40], [40, 40], [40, 40], [40, 40], [40, 40]]",3,8,1,2
97,A,gaussian_noise,"[0.40130989540791007, 0.40730841110813487, 0.38823158254629986, 0.40909097182537824, 0.39088565598662]","[[0.45466539563777725, 0.34795439517804283], [0.48986986573057123, 0.3247469564856985], [0.4160552519256363, 0.3604079131669634], [0.4752291118558084, 0.34295283179494807], [0.437844608751447, 0.34392670322179303]]","[[40, 40], [40, 40], [40, 40], [40, 40], [40, 40]]",2,4,1,2
97,A,gaussian_blur,"[0.7939782372439508, 0.7339978396800657, 0.8442361202116105, 0.7166111757642675, 0.847949907209906]","[[1.2483234208643883, 0.33963305362351315], [1.192433472651699, 0.27556220670843246], [1.349113039633513, 0.3393592007897082], [1.1236914949768855, 0.3095308565516496], [1.3383946093306345, 0.35750520508917766]]","[[40, 40], [40, 40], [40, 40], [40, 40], [40, 40]]",3,8,1,2
97,B,clean,"[0.6473613235605775, 0.5613694730764459, 0.589536131095067, 0.6399077901610661, 0.6230008439979827]","[[0.9658704254299344, 0.3288522216912205], [0.8362558163457304, 0.2864831298071614], [0.8257310344623349, 0.3533412277277991], [0.9693616156523401, 0.310453964669792], [0.9021952487881096, 0.34380643920785575]]","[[40, 40], [40, 40], [40, 40], [40, 40], [40, 40]]",1,2,1,2
97,B,brightness_dark,"[0.5239714454281391, 0.5899291480775517, 0.5045184819570314, 0.5212769159962257, 0.5300556861331777]","[[0.6758026464754977, 0.3721402443807805], [0.8049372258812545, 0.37492107027384886], [0.6512960703974311, 0.3577408935166318], [0.679050814445796, 0.3635030175466555], [0.6836059834100198, 0.37650538885633555]]","[[40, 40], [40, 40], [40, 40], [40, 40], [40, 40]]",2,4,1,2
97,B,contrast_low,"[1.0479805141742824, 0.9732260538999904, 0.9948605499887544, 0.8098255967073074, 0.9954979766189813]","[[1.733894808989715, 0.36206621935884975], [1.6363451150250363, 0.31010699277494447], [1.603587058858869, 0.3861340411186399], [1.2806604995277535, 0.3389906938868613], [1.6053645305077169, 0.38563142273024587]]","[[40, 40], [40, 40], [40, 40], [40, 40], [40, 40]]",3,8,1,2
97,B,gaussian_noise,"[0.40130989540791007, 0.4016083318675244, 0.40328985210437507, 0.4085166642528254, 0.39297760810905724]","[[0.45466539563777725, 0.34795439517804283], [0.48326071288846323, 0.31995595084658557], [0.4479796024415859, 0.35860010176716417], [0.47256874522635084, 0.34446458327929996], [0.44125085081156346, 0.344704365406551]]","[[40, 40], [40, 40], [40, 40], [40, 40], [40, 40]]",4,16,1,2
97,B,gaussian_blur,"[0.7939782372439508, 0.7129642267610055, 0.8056001639456348, 0.75025435491287, 0.8572532402524715]","[[1.2483234208643883, 0.33963305362351315], [1.1546512522649501, 0.2712772012570609], [1.2592873053792857, 0.3519130225119839], [1.187315754457857, 0.31319295536788305], [1.3563233845267746, 0.35818309597816855]]","[[40, 40], [40, 40], [40, 40], [40, 40], [40, 40]]",1,2,1,2
98,A,clean,"[0.4116654132002219, 0.3662345738912957, 0.38867604188570987, 0.4220182337007531, 0.3920973671129444]","[[0.36161813912204943, 0.4617126872783944], [0.3409146570806743, 0.3915544907019171], [0.36969840666250403, 0.4076536771089157], [0.35928499273662784, 0.4847514746648784], [0.36330457082166007, 0.4208901634042288]]","[[40, 40], [40, 40], [40, 40], [40, 40], [40, 40]]",1,2,1,2
98,A,brightness_dark,"[0.4133177640585167, 0.40666922187759114, 0.42218823355102325, 0.4311306581561584, 0.4179864974345411]","[[0.35956518406713167, 0.4670703440499017], [0.37491657220854513, 0.4384218715466372], [0.3838266648082212, 0.4605498022938253], [0.33841887444214847, 0.5238424418701684], [0.3693578083962078, 0.4666151864728743]]","[[40, 40], [40, 40], [40, 40], [40, 40], [40, 40]]",1,2,1,2
98,A,contrast_low,"[0.5862769626876687, 0.6154927657898783, 0.4685110858358299, 0.7938832744234519, 0.5537455758077952]","[[0.3678439865381561, 0.8047099388371812], [0.29613626947031557, 0.934849262109441], [0.3700851604871801, 0.5669370111844797], [0.34189460367257, 1.2458719451743336], [0.37424620299208133, 0.733244948623509]]","[[40, 40], [40, 40], [40, 40], [40, 40], [40, 40]]",2,4,1,2
98,A,gaussian_noise,"[0.4168507587388851, 0.3561825368186884, 0.38457353997711863, 0.40443309396507415, 0.4043685109470771]","[[0.3084063120530277, 0.5252952054247425], [0.3119262363490808, 0.400438837288296], [0.30424220658313245, 0.4649048733711048], [0.30271358101292833, 0.50615260691722], [0.3068868551247369, 0.5018501667694173]]","[[40, 40], [40, 40], [40, 40], [40, 40], [40, 40]]",1,2,1,2
98,A,gaussian_blur,"[0.40999484655308144, 0.4109304538046853, 0.4052133668380733, 0.40623672059742866, 0.4208821945986112]","[[0.36683742228804705, 0.4531522708181158], [0.3785942492010048, 0.4432666584083657], [0.36496043474794354, 0.4454662989282031], [0.3671399271189123, 0.44533351407594496], [0.36772365131438767, 0.47404073788283474]]","[[40, 40], [40, 40], [40, 40], [40, 40], [40, 40]]",2,4,1,2
98,B,clean,"[0.4116654132002219, 0.3644468528021691, 0.3848545099805888, 0.4199048070316064, 0.39146803252216084]","[[0.36161813912204943, 0.4617126872783944], [0.3378379886420127, 0.3910557169623255], [0.37394949382670983, 0.3957595261344677], [0.35880450141349485, 0.48100511264971796], [0.36476007534960936, 0.4181759896947123]]","[[40, 40], [40, 40], [40, 40], [40, 40], [40, 40]]",1,2,1,2
98,B,brightness_dark,"[0.4133177640585167, 0.41249509471881884, 0.414200913275274, 0.43737964843327537, 0.41861016517037536]","[[0.35956518406713167, 0.4670703440499017], [0.37574944266935695, 0.4492407467682808], [0.3889738925907292, 0.4394279339598187], [0.339461821400752, 0.5352974754657988], [0.3708648805175764, 0.46635544982317434]]","[[40, 40], [40, 40], [40, 40], [40, 40], [40, 40]]",1,2,1,2
98,B,contrast_low,"[0.5862769626876687, 0.637233505227258, 0.45882887991550114, 0.7565495392133477, 0.5525325963481151]","[[0.3678439865381561, 0.8047099388371812], [0.29906203676501286, 0.9754049736895031], [0.3865498116484653, 0.531107948182537], [0.3470390629791851, 1.1660600154475103], [0.3750089532589135, 0.7300562394373167]]","[[40, 40], [40, 40], [40, 40], [40, 40], [40, 40]]",2,4,1,2
98,B,gaussian_noise,"[0.4168507587388851, 0.3592217867798257, 0.396979002079172, 0.40381458526304326, 0.40408040557898384]","[[0.3084063120530277, 0.5252952054247425], [0.3107160409031734, 0.407727532656478], [0.3072766886975728, 0.4866813154607712], [0.3034589321208195, 0.5041702384052671], [0.30848403779060807, 0.4996767733673596]]","[[40, 40], [40, 40], [40, 40], [40, 40], [40, 40]]",1,2,1,2
98,B,gaussian_blur,"[0.40999484655308144, 0.405577092917513, 0.4060086642753613, 0.40672916133644954, 0.42099580166956296]","[[0.36683742228804705, 0.4531522708181158], [0.37321232834206447, 0.43794185749296155], [0.36577109958686693, 0.44624622896385563], [0.36715243458484925, 0.4463058880880498], [0.36821684565198537, 0.4737747576871406]]","[[40, 40], [40, 40], [40, 40], [40, 40], [40, 40]]",1,2,1,2
99,A,clean,"[0.37988315506930365, 0.35161845242595713, 0.38094782881826544, 0.36790759579036547, 0.38857869792834565]","[[0.39631450861250367, 0.3634518015261036], [0.40364613131885657, 0.29959077353305763], [0.4164295365491215, 0.3454661210874094], [0.37288910080861604, 0.36292609077211496], [0.41680780116243826, 0.36034959469425304]]","[[40, 40], [40, 40], [40, 40], [40, 40], [40, 40]]",1,2,1,2
99,A,brightness_dark,"[0.3457407529398647, 0.33777879935949817, 0.3515305226228304, 0.33307916058950504, 0.3423968713389196]","[[0.32188025189280633, 0.3696012539869231], [0.324078141546468, 0.35147945717252826], [0.3384063734677629, 0.3646546717778979], [0.31808178559708755, 0.3480765355819225], [0.31847732252375216, 0.366316420154087]]","[[40, 40], [40, 40], [40, 40], [40, 40], [40, 40]]",3,8,1,2
99,A,contrast_low,"[0.41099235236491877, 0.4493424543897153, 0.41702431807074397, 0.42959812965060173, 0.40125795326942343]","[[0.45608649032744475, 0.3658982144023928], [0.5437357502377094, 0.3549491585417213], [0.4623996120674649, 0.37164902407402306], [0.47909208679804277, 0.3801041725031607], [0.42355054092959543, 0.3789653656092514]]","[[40, 40], [40, 40], [40, 40], [40, 40], [40, 40]]",4,16,1,2
99,A,gaussian_noise,"[0.3887716157295323, 0.38845689238167913, 0.37661581610804407, 0.3891058280221906, 0.3910506604000842]","[[0.38845776730325604, 0.3890854641558085], [0.42115624657916817, 0.35575753818419015], [0.38787215457469015, 0.36535947764139803], [0.3839166205736796, 0.39429503547070166], [0.39255400670256807, 0.38954731409760035]]","[[40, 40], [40, 40], [40, 40], [40, 40], [40, 40]]",2,4,1,2
99,A,gaussian_blur,"[0.38763561473147856, 0.36843699377073175, 0.39941693114660254, 0.36560203684114534, 0.4083220618146071]","[[0.3608012577836329, 0.41446997167932426], [0.39946628222526115, 0.33740770531620234], [0.43455833304125424, 0.36427552925195084], [0.3306594383593748, 0.40054463532291595], [0.41242147516613903, 0.4042226484630752]]","[[40, 40], [40, 40], [40, 40], [40, 40], [40, 40]]",3,8,1,2
99,B,clean,"[0.37988315506930365, 0.35285054597701704, 0.38037465656994507, 0.37027884571390335, 0.3872285758400674]","[[0.39631450861250367, 0.3634518015261036], [0.4059643778845884, 0.29973671406944563], [0.40978456223807463, 0.35096475090181545], [0.37751752111441456, 0.36304017031339214], [0.4148024466965389, 0.35965470498359603]]","[[40, 40], [40, 40], [40, 40], [40, 40], [40, 40]]",1,2,1,2
99,B,brightness_dark,"[0.3457407529398647, 0.3384730247578318, 0.3601567570676255, 0.33831457648195107, 0.34197878121695086]","[[0.32188025189280633, 0.3696012539869231], [0.3258853490627781, 0.35106070045288557], [0.34892858640244484, 0.3713849277328061], [0.32232662876302254, 0.3543025242008796], [0.31782756840864457, 0.36612999402525714]]","[[40, 40], [40, 40], [40, 40], [40, 40], [40, 40]]",3,8,1,2
99,B,contrast_low,"[0.41099235236491877, 0.4614485713404173, 0.4085482366438081, 0.42360491360174296, 0.400684448983038]","[[0.45608649032744475, 0.3658982144023928], [0.5568096047946602, 0.3660875378861744], [0.43802225636599734, 0.37907421692161897], [0.4836576609902282, 0.3635521662132577], [0.42320925252190217, 0.3781596454441739]]","[[40, 40], [40, 40], [40, 40], [40, 40], [40, 40]]",4,16,1,2
99,B,gaussian_noise,"[0.3887716157295323, 0.38982071634792204, 0.3773863347524151, 0.38786406654022176, 0.3915733667901179]","[[0.38845776730325604, 0.3890854641558085], [0.42762480536275627, 0.35201662733308775], [0.38578651795729274, 0.36898615154753744], [0.38584177748159504, 0.38988635559884843], [0.3916565961813715, 0.3914901373988643]]","[[40, 40], [40, 40], [40, 40], [40, 40], [40, 40]]",2,4,1,2
99,B,gaussian_blur,"[0.38763561473147856, 0.36956705373802323, 0.41094396407240286, 0.3685408427793887, 0.41084234766507555]","[[0.3608012577836329, 0.41446997167932426], [0.40079334852300474, 0.3383407589530418], [0.4579355975733401, 0.3639523305714656], [0.332995327051932, 0.4040863585068454], [0.4159338292380796, 0.40575086609207156]]","[[40, 40], [40, 40], [40, 40], [40, 40], [40, 40]]",3,8,1,2
