client,bank,context,salt,label,macro_contribution_change_exact,capture_change,valid_positive_P00_gain
0,A,clean,T013-S0,1,285/8671,0.3311198820676209,True
0,A,clean,T013-S0,6,-76445/1151358,-0.6688801179323791,True
0,A,clean,T013-S0,7,285/8671,0.3311198820676209,True
1,A,clean,T013-S0,1,0,0.0,True
1,A,clean,T013-S0,7,0,0.0,True
2,A,clean,T013-S0,3,0,,False
2,A,clean,T013-S0,4,-5/754,,False
2,A,clean,T013-S0,9,-10/741,,False
3,A,clean,T013-S0,0,0,0.0,True
4,A,clean,T013-S0,4,0,0.0,True
4,A,clean,T013-S0,5,0,0.0,True
4,A,clean,T013-S0,9,0,0.0,True
5,A,clean,T013-S0,0,0,0.0,True
5,A,clean,T013-S0,2,2250469/28595550,0.9153784891023513,True
5,A,clean,T013-S0,5,936041/28595550,0.3807347696492838,True
6,A,clean,T013-S0,0,0,,False
6,A,clean,T013-S0,3,0,,False
6,A,clean,T013-S0,6,-7335/125723,,False
7,A,clean,T013-S0,1,0,0.0,True
7,A,clean,T013-S0,3,0,0.0,True
8,A,clean,T013-S0,0,0,0.0,True
8,A,clean,T013-S0,5,0,0.0,True
9,A,clean,T013-S0,7,0,0.0,True
9,A,clean,T013-S0,8,0,0.0,True
10,A,clean,T013-S0,2,110/1509,2.1902412791223766,True
10,A,clean,T013-S0,3,-233386696/3197590617,-2.193015743123569,True
10,A,clean,T013-S0,4,110/1509,2.1902412791223766,True
11,A,clean,T013-S0,2,0,0.0,True
11,A,clean,T013-S0,8,0,0.0,True
12,A,clean,T013-S0,2,0,0.0,True
12,A,clean,T013-S0,7,0,0.0,True
13,A,clean,T013-S0,1,0,0.0,True
13,A,clean,T013-S0,3,0,0.0,True
13,A,clean,T013-S0,5,0,0.0,True
14,A,clean,T013-S0,1,0,0.0,True
14,A,clean,T013-S0,2,0,0.0,True
15,A,clean,T013-S0,4,-5/746,-0.3333333333333333,True
16,A,clean,T013-S0,1,0,,False
16,A,clean,T013-S0,4,0,,False
16,A,clean,T013-S0,6,7/224549,,False
16,A,clean,T013-S0,8,7/224549,,False
16,A,clean,T013-S0,9,0,,False
17,A,clean,T013-S0,1,0,,False
17,A,clean,T013-S0,4,0,,False
17,A,clean,T013-S0,8,11932/224549,,False
18,A,clean,T013-S0,0,0,,False
18,A,clean,T013-S0,3,0,,False
18,A,clean,T013-S0,6,0,,False
19,A,clean,T013-S0,0,0,0.0,True
19,A,clean,T013-S0,2,0,0.0,True
19,A,clean,T013-S0,7,0,0.0,True
20,A,clean,T013-S0,6,0,,False
21,A,clean,T013-S0,4,0,0.0,True
22,A,clean,T013-S0,1,0,,False
22,A,clean,T013-S0,2,0,,False
23,A,clean,T013-S0,0,19911010/429505161,1.1722274488655697,True
23,A,clean,T013-S0,2,0,0.0,True
23,A,clean,T013-S0,5,60115/1133259,1.341345502842993,True
23,A,clean,T013-S0,8,60115/1133259,1.341345502842993,True
23,A,clean,T013-S0,9,0,0.0,True
24,A,clean,T013-S0,3,0,0.0,True
24,A,clean,T013-S0,7,0,0.0,True
24,A,clean,T013-S0,9,3626204/273447525,0.2854541616595935,True
25,A,clean,T013-S0,0,0,,False
25,A,clean,T013-S0,1,0,,False
25,A,clean,T013-S0,4,4/299,,False
26,A,clean,T013-S0,5,0,,False
26,A,clean,T013-S0,6,0,,False
27,A,clean,T013-S0,1,18/299,0.3103448275862069,True
28,A,clean,T013-S0,0,0,,False
28,A,clean,T013-S0,2,0,,False
28,A,clean,T013-S0,3,-5/741,,False
28,A,clean,T013-S0,4,0,,False
28,A,clean,T013-S0,5,0,,False
28,A,clean,T013-S0,8,0,,False
29,A,clean,T013-S0,1,0,0.0,True
30,A,clean,T013-S0,2,4039/25150,0.5712063357375194,True
30,A,clean,T013-S0,4,0,0.0,True
30,A,clean,T013-S0,5,2003/25150,0.2832696931127139,True
31,A,clean,T013-S0,8,0,0.0,True
32,A,clean,T013-S0,0,0,0.0,True
32,A,clean,T013-S0,2,0,0.0,True
32,A,clean,T013-S0,4,0,0.0,True
32,A,clean,T013-S0,5,0,0.0,True
32,A,clean,T013-S0,8,0,0.0,True
33,A,clean,T013-S0,0,0,,False
33,A,clean,T013-S0,3,33175/561678,,False
34,A,clean,T013-S0,2,5075/372723,1.027327935222672,True
34,A,clean,T013-S0,3,0,0.0,True
34,A,clean,T013-S0,8,0,0.0,True
35,A,clean,T013-S0,1,11918/224549,,False
35,A,clean,T013-S0,8,0,,False
36,A,clean,T013-S0,0,0,0.0,True
36,A,clean,T013-S0,1,0,0.0,True
36,A,clean,T013-S0,6,0,0.0,True
36,A,clean,T013-S0,7,15175/1151358,1.9875573018991486,True
36,A,clean,T013-S0,9,10/1527,0.9875573018991487,True
37,A,clean,T013-S0,2,0,0.0,True
37,A,clean,T013-S0,6,0,0.0,True
37,A,clean,T013-S0,9,0,0.0,True
38,A,clean,T013-S0,8,0,,False
39,A,clean,T013-S0,2,0,0.0,True
40,A,clean,T013-S0,9,-5/741,,False
41,A,clean,T013-S0,0,0,,False
41,A,clean,T013-S0,1,0,,False
41,A,clean,T013-S0,3,-1285/185497,,False
41,A,clean,T013-S0,9,0,,False
42,A,clean,T013-S0,0,2202895/171001389,1.0400831161865516,True
42,A,clean,T013-S0,1,0,0.0,True
42,A,clean,T013-S0,2,2202895/171001389,1.0400831161865516,True
43,A,clean,T013-S0,0,0,0.0,True
43,A,clean,T013-S0,4,0,0.0,True
44,A,clean,T013-S0,0,0,0.0,True
44,A,clean,T013-S0,8,5/751,1.0093209054593875,True
44,A,clean,T013-S0,9,5/751,1.0093209054593875,True
45,A,clean,T013-S0,2,0,0.0,True
45,A,clean,T013-S0,4,0,0.0,True
45,A,clean,T013-S0,5,0,0.0,True
45,A,clean,T013-S0,8,0,0.0,True
46,A,clean,T013-S0,2,0,0.0,True
46,A,clean,T013-S0,4,0,0.0,True
46,A,clean,T013-S0,5,0,0.0,True
47,A,clean,T013-S0,0,0,,False
47,A,clean,T013-S0,1,0,,False
47,A,clean,T013-S0,2,0,,False
47,A,clean,T013-S0,4,0,,False
47,A,clean,T013-S0,8,0,,False
48,A,clean,T013-S0,4,-2131815/106590718,-0.6019092229699683,True
48,A,clean,T013-S0,7,-1915/285766,-0.20167826402447375,True
48,A,clean,T013-S0,9,-1875/140621,-0.4012841091492777,True
49,A,clean,T013-S0,1,0,0.0,True
49,A,clean,T013-S0,3,-303/5681,-2.6735294117647057,True
50,A,clean,T013-S0,2,1331651/22559550,0.9890478068504311,True
50,A,clean,T013-S0,5,0,0.0,True
51,A,clean,T013-S0,3,0,,False
51,A,clean,T013-S0,4,0,,False
51,A,clean,T013-S0,9,0,,False
52,A,clean,T013-S0,0,0,,False
52,A,clean,T013-S0,2,0,,False
53,A,clean,T013-S0,1,114/8671,0.48822269807280516,True
53,A,clean,T013-S0,7,114/8671,0.48822269807280516,True
54,A,clean,T013-S0,2,28315215/73163811682,0.0052357058072200376,True
54,A,clean,T013-S0,6,0,0.0,True
54,A,clean,T013-S0,7,8911472855/219491435046,0.5492671246160674,True
55,A,clean,T013-S0,0,0,0.0,True
55,A,clean,T013-S0,8,0,0.0,True
56,A,clean,T013-S0,3,-5037005/189716007,,False
56,A,clean,T013-S0,4,0,,False
56,A,clean,T013-S0,6,0,,False
56,A,clean,T013-S0,9,-5037005/189716007,,False
57,A,clean,T013-S0,0,0,,False
57,A,clean,T013-S0,1,0,,False
57,A,clean,T013-S0,3,73786/2891629,,False
57,A,clean,T013-S0,4,-17382121/433744350,,False
57,A,clean,T013-S0,6,-17382121/433744350,,False
58,A,clean,T013-S0,0,0,,False
58,A,clean,T013-S0,9,0,,False
59,A,clean,T013-S0,0,0,0.0,True
59,A,clean,T013-S0,1,0,0.0,True
59,A,clean,T013-S0,3,0,0.0,True
59,A,clean,T013-S0,5,0,0.0,True
59,A,clean,T013-S0,6,0,0.0,True
60,A,clean,T013-S0,0,0,0.0,True
61,A,clean,T013-S0,0,-1/150,-0.33451015004413065,True
61,A,clean,T013-S0,4,-1/150,-0.33451015004413065,True
61,A,clean,T013-S0,5,1/150,0.33451015004413065,True
61,A,clean,T013-S0,7,1/150,0.33451015004413065,True
62,A,clean,T013-S0,0,0,0.0,True
62,A,clean,T013-S0,5,0,0.0,True
62,A,clean,T013-S0,6,0,0.0,True
62,A,clean,T013-S0,9,0,0.0,True
63,A,clean,T013-S0,3,0,,False
63,A,clean,T013-S0,4,0,,False
63,A,clean,T013-S0,6,0,,False
64,A,clean,T013-S0,1,0,0.0,True
64,A,clean,T013-S0,3,387071/7081347975,0.0009077336591469714,True
64,A,clean,T013-S0,5,387071/7081347975,0.0009077336591469714,True
64,A,clean,T013-S0,8,387071/7081347975,0.0009077336591469714,True
64,A,clean,T013-S0,9,0,0.0,True
65,A,clean,T013-S0,5,0,0.0,True
66,A,clean,T013-S0,7,0,0.0,True
66,A,clean,T013-S0,8,0,0.0,True
66,A,clean,T013-S0,9,0,0.0,True
67,A,clean,T013-S0,1,0,0.0,True
67,A,clean,T013-S0,2,0,0.0,True
67,A,clean,T013-S0,5,0,0.0,True
67,A,clean,T013-S0,7,0,0.0,True
67,A,clean,T013-S0,8,0,0.0,True
68,A,clean,T013-S0,1,0,0.0,True
68,A,clean,T013-S0,7,0,0.0,True
68,A,clean,T013-S0,9,0,0.0,True
69,A,clean,T013-S0,2,0,0.0,True
69,A,clean,T013-S0,5,0,0.0,True
69,A,clean,T013-S0,7,0,0.0,True
70,A,clean,T013-S0,0,0,0.0,True
70,A,clean,T013-S0,8,0,0.0,True
71,A,clean,T013-S0,4,0,0.0,True
71,A,clean,T013-S0,5,280879/42018450,376.51340482573727,True
71,A,clean,T013-S0,8,0,0.0,True
72,A,clean,T013-S0,0,0,0.0,True
72,A,clean,T013-S0,5,871181/42694350,0.3797738134316094,True
72,A,clean,T013-S0,8,0,0.0,True
73,A,clean,T013-S0,5,0,0.0,True
73,A,clean,T013-S0,6,0,0.0,True
73,A,clean,T013-S0,7,0,0.0,True
74,A,clean,T013-S0,6,0,,False
75,A,clean,T013-S0,0,1985641/12918594,5.828788737190345,True
75,A,clean,T013-S0,1,0,0.0,True
75,A,clean,T013-S0,3,1985641/12918594,5.828788737190345,True
76,A,clean,T013-S0,1,0,,False
76,A,clean,T013-S0,6,351061/8827078,,False
76,A,clean,T013-S0,7,0,,False
77,A,clean,T013-S0,0,0,0.0,True
77,A,clean,T013-S0,2,0,0.0,True
78,A,clean,T013-S0,4,0,0.0,True
78,A,clean,T013-S0,5,0,0.0,True
78,A,clean,T013-S0,8,0,0.0,True
79,A,clean,T013-S0,1,0,0.0,True
79,A,clean,T013-S0,2,0,0.0,True
79,A,clean,T013-S0,5,0,0.0,True
80,A,clean,T013-S0,6,0,,False
80,A,clean,T013-S0,7,0,,False
81,A,clean,T013-S0,7,0,0.0,True
81,A,clean,T013-S0,9,0,0.0,True
82,A,clean,T013-S0,3,0,0.0,True
82,A,clean,T013-S0,7,0,0.0,True
83,A,clean,T013-S0,4,0,0.0,True
83,A,clean,T013-S0,7,0,0.0,True
83,A,clean,T013-S0,8,0,0.0,True
84,A,clean,T013-S0,2,4950/256027,,False
84,A,clean,T013-S0,3,0,,False
84,A,clean,T013-S0,6,0,,False
85,A,clean,T013-S0,5,0,0.0,True
85,A,clean,T013-S0,6,0,0.0,True
86,A,clean,T013-S0,2,0,0.0,True
86,A,clean,T013-S0,4,2518/37725,1.0,True
86,A,clean,T013-S0,5,2/75,0.3995234312946783,True
86,A,clean,T013-S0,6,0,0.0,True
87,A,clean,T013-S0,3,501/37550,,False
87,A,clean,T013-S0,5,186001/9274850,,False
88,A,clean,T013-S0,3,0,,False
88,A,clean,T013-S0,4,0,,False
88,A,clean,T013-S0,6,0,,False
88,A,clean,T013-S0,9,0,,False
89,A,clean,T013-S0,4,89978629434/1343841070975,0.9095582189365361,True
89,A,clean,T013-S0,5,0,0.0,True
90,A,clean,T013-S0,2,0,0.0,True
90,A,clean,T013-S0,3,0,0.0,True
90,A,clean,T013-S0,5,0,0.0,True
90,A,clean,T013-S0,9,0,0.0,True
91,A,clean,T013-S0,3,0,0.0,True
91,A,clean,T013-S0,7,0,0.0,True
91,A,clean,T013-S0,9,-5/21489,-0.03636363636363636,True
92,A,clean,T013-S0,1,-3018/224549,-0.5011624045167719,True
92,A,clean,T013-S0,3,0,0.0,True
92,A,clean,T013-S0,8,0,0.0,True
93,A,clean,T013-S0,4,-2/299,-1.0078817066693284,True
94,A,clean,T013-S0,1,0,0.0,True
94,A,clean,T013-S0,5,0,0.0,True
95,A,clean,T013-S0,1,0,0.0,True
95,A,clean,T013-S0,5,0,0.0,True
95,A,clean,T013-S0,6,0,0.0,True
96,A,clean,T013-S0,7,0,0.0,True
96,A,clean,T013-S0,9,20/1527,1.8697033026707697,True
97,A,clean,T013-S0,2,0,0.0,True
97,A,clean,T013-S0,3,0,0.0,True
97,A,clean,T013-S0,9,0,0.0,True
98,A,clean,T013-S0,5,0,0.0,True
98,A,clean,T013-S0,6,0,0.0,True
98,A,clean,T013-S0,9,0,0.0,True
99,A,clean,T013-S0,0,0,0.0,True
99,A,clean,T013-S0,3,0,0.0,True
99,A,clean,T013-S0,4,0,0.0,True
99,A,clean,T013-S0,5,0,0.0,True
99,A,clean,T013-S0,7,0,0.0,True
99,A,clean,T013-S0,9,0,0.0,True
0,A,clean,T013-S1,1,1573679/26481234,0.5986700271054258,True
0,A,clean,T013-S1,6,-527473/13240617,-0.40132997289457417,True
0,A,clean,T013-S1,7,1573679/26481234,0.5986700271054258,True
1,A,clean,T013-S1,1,0,0.0,True
1,A,clean,T013-S1,7,0,0.0,True
2,A,clean,T013-S1,3,0,0.0,True
2,A,clean,T013-S1,4,-5/754,-0.5,True
2,A,clean,T013-S1,9,-865/42978,-1.5175438596491229,True
3,A,clean,T013-S1,0,0,0.0,True
4,A,clean,T013-S1,4,0,0.0,True
4,A,clean,T013-S1,5,0,0.0,True
4,A,clean,T013-S1,9,0,0.0,True
5,A,clean,T013-S1,0,0,0.0,True
5,A,clean,T013-S1,2,2250469/28595550,0.9153784891023513,True
5,A,clean,T013-S1,5,0,0.0,True
6,A,clean,T013-S1,0,0,,False
6,A,clean,T013-S1,3,0,,False
6,A,clean,T013-S1,6,-7335/125723,,False
7,A,clean,T013-S1,1,0,0.0,True
7,A,clean,T013-S1,3,0,0.0,True
8,A,clean,T013-S1,0,0,0.0,True
8,A,clean,T013-S1,5,0,0.0,True
9,A,clean,T013-S1,7,0,0.0,True
9,A,clean,T013-S1,8,0,0.0,True
10,A,clean,T013-S1,2,155944909/2131727078,2.1980021549534188,True
10,A,clean,T013-S1,3,-20222675/278051358,-2.1852548672925267,True
10,A,clean,T013-S1,4,155944909/2131727078,2.1980021549534188,True
11,A,clean,T013-S1,2,0,0.0,True
11,A,clean,T013-S1,8,0,0.0,True
12,A,clean,T013-S1,2,0,0.0,True
12,A,clean,T013-S1,7,0,0.0,True
13,A,clean,T013-S1,1,0,0.0,True
13,A,clean,T013-S1,3,0,0.0,True
13,A,clean,T013-S1,5,0,0.0,True
14,A,clean,T013-S1,1,0,0.0,True
14,A,clean,T013-S1,2,0,0.0,True
15,A,clean,T013-S1,4,0,0.0,True
16,A,clean,T013-S1,1,0,,False
16,A,clean,T013-S1,4,0,,False
16,A,clean,T013-S1,6,0,,False
16,A,clean,T013-S1,8,0,,False
16,A,clean,T013-S1,9,0,,False
17,A,clean,T013-S1,1,0,,False
17,A,clean,T013-S1,4,0,,False
17,A,clean,T013-S1,8,11932/224549,,False
18,A,clean,T013-S1,0,0,,False
18,A,clean,T013-S1,3,0,,False
18,A,clean,T013-S1,6,0,,False
19,A,clean,T013-S1,0,0,0.0,True
19,A,clean,T013-S1,2,0,0.0,True
19,A,clean,T013-S1,7,0,0.0,True
20,A,clean,T013-S1,6,0,,False
21,A,clean,T013-S1,4,0,0.0,True
22,A,clean,T013-S1,1,0,,False
22,A,clean,T013-S1,2,0,,False
23,A,clean,T013-S1,0,0,0.0,True
23,A,clean,T013-S1,2,0,0.0,True
23,A,clean,T013-S1,5,60115/1133259,1.341345502842993,True
23,A,clean,T013-S1,8,60115/1133259,1.341345502842993,True
23,A,clean,T013-S1,9,0,0.0,True
24,A,clean,T013-S1,3,0,0.0,True
24,A,clean,T013-S1,7,0,0.0,True
24,A,clean,T013-S1,9,11671736/251571723,0.9986924687611094,True
25,A,clean,T013-S1,0,0,,False
25,A,clean,T013-S1,1,0,,False
25,A,clean,T013-S1,4,4/299,,False
26,A,clean,T013-S1,5,0,,False
26,A,clean,T013-S1,6,0,,False
27,A,clean,T013-S1,1,18/299,0.3103448275862069,True
28,A,clean,T013-S1,0,0,,False
28,A,clean,T013-S1,2,0,,False
28,A,clean,T013-S1,3,-10/741,,False
28,A,clean,T013-S1,4,0,,False
28,A,clean,T013-S1,5,0,,False
28,A,clean,T013-S1,8,0,,False
29,A,clean,T013-S1,1,0,0.0,True
30,A,clean,T013-S1,2,17629/75450,0.83104699948145,True
30,A,clean,T013-S1,4,3507/25150,0.4959694526941027,True
30,A,clean,T013-S1,5,3507/25150,0.4959694526941027,True
31,A,clean,T013-S1,8,0,0.0,True
32,A,clean,T013-S1,0,0,0.0,True
32,A,clean,T013-S1,2,0,0.0,True
32,A,clean,T013-S1,4,0,0.0,True
32,A,clean,T013-S1,5,0,0.0,True
32,A,clean,T013-S1,8,0,0.0,True
33,A,clean,T013-S1,0,0,,False
33,A,clean,T013-S1,3,33175/561678,,False
34,A,clean,T013-S1,2,45/124241,0.027327935222672066,True
34,A,clean,T013-S1,3,0,0.0,True
34,A,clean,T013-S1,8,0,0.0,True
35,A,clean,T013-S1,1,10444/224549,,False
35,A,clean,T013-S1,8,0,,False
36,A,clean,T013-S1,0,0,0.0,True
36,A,clean,T013-S1,1,-10/1527,-0.9875573018991487,True
36,A,clean,T013-S1,6,-10/1527,-0.9875573018991487,True
36,A,clean,T013-S1,7,5/754,1.0,True
36,A,clean,T013-S1,9,0,0.0,True
37,A,clean,T013-S1,2,0,0.0,True
37,A,clean,T013-S1,6,0,0.0,True
37,A,clean,T013-S1,9,0,0.0,True
38,A,clean,T013-S1,8,0,,False
39,A,clean,T013-S1,2,0,0.0,True
40,A,clean,T013-S1,9,-5/741,,False
41,A,clean,T013-S1,0,0,,False
41,A,clean,T013-S1,1,0,,False
41,A,clean,T013-S1,3,-1285/185497,,False
41,A,clean,T013-S1,9,0,,False
42,A,clean,T013-S1,0,-3158/451191,-0.5651003612371867,True
42,A,clean,T013-S1,1,0,0.0,True
42,A,clean,T013-S1,2,162923/13153953,1.0,True
43,A,clean,T013-S1,0,0,0.0,True
43,A,clean,T013-S1,4,0,0.0,True
44,A,clean,T013-S1,0,0,0.0,True
44,A,clean,T013-S1,8,-35/569258,-0.009320905459387484,True
44,A,clean,T013-S1,9,-35/569258,-0.009320905459387484,True
45,A,clean,T013-S1,2,0,0.0,True
45,A,clean,T013-S1,4,0,0.0,True
45,A,clean,T013-S1,5,0,0.0,True
45,A,clean,T013-S1,8,0,0.0,True
46,A,clean,T013-S1,2,0,0.0,True
46,A,clean,T013-S1,4,0,0.0,True
46,A,clean,T013-S1,5,0,0.0,True
47,A,clean,T013-S1,0,0,,False
47,A,clean,T013-S1,1,0,,False
47,A,clean,T013-S1,2,0,,False
47,A,clean,T013-S1,4,0,,False
47,A,clean,T013-S1,8,0,,False
48,A,clean,T013-S1,4,-15/754,-0.5987158908507223,True
48,A,clean,T013-S1,7,-702985/106590718,-0.19848493190522778,True
48,A,clean,T013-S1,9,-1890/142883,-0.3980907770300317,True
49,A,clean,T013-S1,1,0,0.0,True
49,A,clean,T013-S1,3,-303/5681,-2.6735294117647057,True
50,A,clean,T013-S1,2,1331651/22559550,0.9890478068504311,True
50,A,clean,T013-S1,5,0,0.0,True
51,A,clean,T013-S1,3,0,,False
51,A,clean,T013-S1,4,0,,False
51,A,clean,T013-S1,9,0,,False
52,A,clean,T013-S1,0,0,,False
52,A,clean,T013-S1,2,0,,False
53,A,clean,T013-S1,1,22/667,0.7053020961775586,True
53,A,clean,T013-S1,7,22/667,0.7053020961775586,True
54,A,clean,T013-S1,2,19408435/579133074,0.4533815519655121,True
54,A,clean,T013-S1,6,0,0.0,True
54,A,clean,T013-S1,7,8911472855/219491435046,0.5492671246160674,True
55,A,clean,T013-S1,0,0,0.0,True
55,A,clean,T013-S1,8,0,0.0,True
56,A,clean,T013-S1,3,-5037005/189716007,,False
56,A,clean,T013-S1,4,0,,False
56,A,clean,T013-S1,6,0,,False
56,A,clean,T013-S1,9,-5037005/189716007,,False
57,A,clean,T013-S1,0,0,,False
57,A,clean,T013-S1,1,0,,False
57,A,clean,T013-S1,3,73786/2891629,,False
57,A,clean,T013-S1,4,-17382121/433744350,,False
57,A,clean,T013-S1,6,-17382121/433744350,,False
58,A,clean,T013-S1,0,0,,False
58,A,clean,T013-S1,9,0,,False
59,A,clean,T013-S1,0,0,0.0,True
59,A,clean,T013-S1,1,0,0.0,True
59,A,clean,T013-S1,3,0,0.0,True
59,A,clean,T013-S1,5,0,0.0,True
59,A,clean,T013-S1,6,0,0.0,True
60,A,clean,T013-S1,0,0,0.0,True
61,A,clean,T013-S1,0,0,0.0,True
61,A,clean,T013-S1,4,0,0.0,True
61,A,clean,T013-S1,5,1/75,0.6690203000882613,True
61,A,clean,T013-S1,7,1/75,0.6690203000882613,True
62,A,clean,T013-S1,0,0,0.0,True
62,A,clean,T013-S1,5,-5/758,-0.9556507938097359,True
62,A,clean,T013-S1,6,0,0.0,True
62,A,clean,T013-S1,9,0,0.0,True
63,A,clean,T013-S1,3,0,,False
63,A,clean,T013-S1,4,0,,False
63,A,clean,T013-S1,6,0,,False
64,A,clean,T013-S1,1,0,0.0,True
64,A,clean,T013-S1,3,0,0.0,True
64,A,clean,T013-S1,5,0,0.0,True
64,A,clean,T013-S1,8,0,0.0,True
64,A,clean,T013-S1,9,-220566651/4720898650,-0.7758877823371797,True
65,A,clean,T013-S1,5,0,0.0,True
66,A,clean,T013-S1,7,0,0.0,True
66,A,clean,T013-S1,8,0,0.0,True
66,A,clean,T013-S1,9,0,0.0,True
67,A,clean,T013-S1,1,0,0.0,True
67,A,clean,T013-S1,2,0,0.0,True
67,A,clean,T013-S1,5,0,0.0,True
67,A,clean,T013-S1,7,0,0.0,True
67,A,clean,T013-S1,8,0,0.0,True
68,A,clean,T013-S1,1,0,0.0,True
68,A,clean,T013-S1,7,0,0.0,True
68,A,clean,T013-S1,9,0,0.0,True
69,A,clean,T013-S1,2,0,0.0,True
69,A,clean,T013-S1,5,0,0.0,True
69,A,clean,T013-S1,7,0,0.0,True
70,A,clean,T013-S1,0,0,0.0,True
70,A,clean,T013-S1,8,0,0.0,True
71,A,clean,T013-S1,4,0,0.0,True
71,A,clean,T013-S1,5,280879/42018450,376.51340482573727,True
71,A,clean,T013-S1,8,0,0.0,True
72,A,clean,T013-S1,0,0,0.0,True
72,A,clean,T013-S1,5,871181/42694350,0.3797738134316094,True
72,A,clean,T013-S1,8,0,0.0,True
73,A,clean,T013-S1,5,0,0.0,True
73,A,clean,T013-S1,6,0,0.0,True
73,A,clean,T013-S1,7,0,0.0,True
74,A,clean,T013-S1,6,0,,False
75,A,clean,T013-S1,0,1985641/12918594,5.815847975654548,True
75,A,clean,T013-S1,1,0,0.0,True
75,A,clean,T013-S1,3,1985641/12918594,5.815847975654548,True
76,A,clean,T013-S1,1,0,,False
76,A,clean,T013-S1,6,-183241/14391975,,False
76,A,clean,T013-S1,7,0,,False
77,A,clean,T013-S1,0,0,0.0,True
77,A,clean,T013-S1,2,0,0.0,True
78,A,clean,T013-S1,4,0,0.0,True
78,A,clean,T013-S1,5,0,0.0,True
78,A,clean,T013-S1,8,0,0.0,True
79,A,clean,T013-S1,1,0,0.0,True
79,A,clean,T013-S1,2,0,0.0,True
79,A,clean,T013-S1,5,0,0.0,True
80,A,clean,T013-S1,6,0,,False
80,A,clean,T013-S1,7,0,,False
81,A,clean,T013-S1,7,0,0.0,True
81,A,clean,T013-S1,9,0,0.0,True
82,A,clean,T013-S1,3,0,0.0,True
82,A,clean,T013-S1,7,0,0.0,True
83,A,clean,T013-S1,4,0,0.0,True
83,A,clean,T013-S1,7,0,0.0,True
83,A,clean,T013-S1,8,0,0.0,True
84,A,clean,T013-S1,2,4950/256027,,False
84,A,clean,T013-S1,3,0,,False
84,A,clean,T013-S1,6,0,,False
85,A,clean,T013-S1,5,0,0.0,True
85,A,clean,T013-S1,6,0,0.0,True
86,A,clean,T013-S1,2,0,0.0,True
86,A,clean,T013-S1,4,2518/37725,1.0,True
86,A,clean,T013-S1,5,0,0.0,True
86,A,clean,T013-S1,6,0,0.0,True
87,A,clean,T013-S1,3,-31127/4637425,,False
87,A,clean,T013-S1,5,0,,False
88,A,clean,T013-S1,3,0,,False
88,A,clean,T013-S1,4,0,,False
88,A,clean,T013-S1,6,0,,False
88,A,clean,T013-S1,9,0,,False
89,A,clean,T013-S1,4,89978629434/1343841070975,0.9095582189365361,True
89,A,clean,T013-S1,5,0,0.0,True
90,A,clean,T013-S1,2,0,0.0,True
90,A,clean,T013-S1,3,0,0.0,True
90,A,clean,T013-S1,5,0,0.0,True
90,A,clean,T013-S1,9,0,0.0,True
91,A,clean,T013-S1,3,0,0.0,True
91,A,clean,T013-S1,7,0,0.0,True
91,A,clean,T013-S1,9,-5/21489,-0.03636363636363636,True
92,A,clean,T013-S1,1,-3018/224549,-0.5011624045167719,True
92,A,clean,T013-S1,3,0,0.0,True
92,A,clean,T013-S1,8,0,0.0,True
93,A,clean,T013-S1,4,-5/373,,False
94,A,clean,T013-S1,1,0,0.0,True
94,A,clean,T013-S1,5,0,0.0,True
95,A,clean,T013-S1,1,0,0.0,True
95,A,clean,T013-S1,5,0,0.0,True
95,A,clean,T013-S1,6,0,0.0,True
96,A,clean,T013-S1,7,0,0.0,True
96,A,clean,T013-S1,9,20/1527,1.8697033026707697,True
97,A,clean,T013-S1,2,0,0.0,True
97,A,clean,T013-S1,3,0,0.0,True
97,A,clean,T013-S1,9,0,0.0,True
98,A,clean,T013-S1,5,0,0.0,True
98,A,clean,T013-S1,6,0,0.0,True
98,A,clean,T013-S1,9,0,0.0,True
99,A,clean,T013-S1,0,0,0.0,True
99,A,clean,T013-S1,3,0,0.0,True
99,A,clean,T013-S1,4,0,0.0,True
99,A,clean,T013-S1,5,0,0.0,True
99,A,clean,T013-S1,7,0,0.0,True
99,A,clean,T013-S1,9,0,0.0,True
0,A,clean,T013-S2,1,1222469/26481234,0.4650602501307718,True
0,A,clean,T013-S2,6,-703078/13240617,-0.5349397498692282,True
0,A,clean,T013-S2,7,1222469/26481234,0.4650602501307718,True
1,A,clean,T013-S2,1,0,0.0,True
1,A,clean,T013-S2,7,0,0.0,True
2,A,clean,T013-S2,3,0,0.0,True
2,A,clean,T013-S2,4,-5/754,-0.5,True
2,A,clean,T013-S2,9,-5/741,-0.5087719298245614,True
3,A,clean,T013-S2,0,0,0.0,True
4,A,clean,T013-S2,4,0,0.0,True
4,A,clean,T013-S2,5,0,0.0,True
4,A,clean,T013-S2,9,0,0.0,True
5,A,clean,T013-S2,0,0,0.0,True
5,A,clean,T013-S2,2,2250469/28595550,0.9153784891023513,True
5,A,clean,T013-S2,5,250611/4765925,0.611616294734376,True
6,A,clean,T013-S2,0,0,,False
6,A,clean,T013-S2,3,0,,False
6,A,clean,T013-S2,6,-7335/125723,,False
7,A,clean,T013-S2,1,0,0.0,True
7,A,clean,T013-S2,3,0,0.0,True
8,A,clean,T013-S2,0,0,0.0,True
8,A,clean,T013-S2,5,0,0.0,True
9,A,clean,T013-S2,7,0,0.0,True
9,A,clean,T013-S2,8,0,0.0,True
10,A,clean,T013-S2,2,9217310/139025679,1.9920382976875295,True
10,A,clean,T013-S2,3,-35908/451191,-2.391218724558416,True
10,A,clean,T013-S2,4,9217310/139025679,1.9920382976875295,True
11,A,clean,T013-S2,2,0,0.0,True
11,A,clean,T013-S2,8,0,0.0,True
12,A,clean,T013-S2,2,0,0.0,True
12,A,clean,T013-S2,7,0,0.0,True
13,A,clean,T013-S2,1,0,0.0,True
13,A,clean,T013-S2,3,0,0.0,True
13,A,clean,T013-S2,5,0,0.0,True
14,A,clean,T013-S2,1,0,0.0,True
14,A,clean,T013-S2,2,0,0.0,True
15,A,clean,T013-S2,4,-15/746,-3.0,True
16,A,clean,T013-S2,1,0,,False
16,A,clean,T013-S2,4,0,,False
16,A,clean,T013-S2,6,0,,False
16,A,clean,T013-S2,8,0,,False
16,A,clean,T013-S2,9,0,,False
17,A,clean,T013-S2,1,14/224549,,False
17,A,clean,T013-S2,4,14/224549,,False
17,A,clean,T013-S2,8,11946/224549,,False
18,A,clean,T013-S2,0,0,,False
18,A,clean,T013-S2,3,0,,False
18,A,clean,T013-S2,6,0,,False
19,A,clean,T013-S2,0,0,0.0,True
19,A,clean,T013-S2,2,0,0.0,True
19,A,clean,T013-S2,7,0,0.0,True
20,A,clean,T013-S2,6,0,,False
21,A,clean,T013-S2,4,0,0.0,True
22,A,clean,T013-S2,1,0,,False
22,A,clean,T013-S2,2,0,,False
23,A,clean,T013-S2,0,0,0.0,True
23,A,clean,T013-S2,2,0,0.0,True
23,A,clean,T013-S2,5,60115/1133259,1.341345502842993,True
23,A,clean,T013-S2,8,60115/1133259,1.341345502842993,True
23,A,clean,T013-S2,9,0,0.0,True
24,A,clean,T013-S2,3,0,0.0,True
24,A,clean,T013-S2,7,0,0.0,True
24,A,clean,T013-S2,9,3626204/273447525,0.2854541616595935,True
25,A,clean,T013-S2,0,-2/299,,False
25,A,clean,T013-S2,1,-2/299,,False
25,A,clean,T013-S2,4,2/299,,False
26,A,clean,T013-S2,5,0,,False
26,A,clean,T013-S2,6,0,,False
27,A,clean,T013-S2,1,18/299,0.3103448275862069,True
28,A,clean,T013-S2,0,-7495/561678,,False
28,A,clean,T013-S2,2,-7495/561678,,False
28,A,clean,T013-S2,3,-7495/561678,,False
28,A,clean,T013-S2,4,0,,False
28,A,clean,T013-S2,5,-7495/561678,,False
28,A,clean,T013-S2,8,0,,False
29,A,clean,T013-S2,1,0,0.0,True
30,A,clean,T013-S2,2,907/5030,0.6413520011313817,True
30,A,clean,T013-S2,4,3507/25150,0.4959694526941027,True
30,A,clean,T013-S2,5,3507/25150,0.4959694526941027,True
31,A,clean,T013-S2,8,0,0.0,True
32,A,clean,T013-S2,0,0,0.0,True
32,A,clean,T013-S2,2,0,0.0,True
32,A,clean,T013-S2,4,0,0.0,True
32,A,clean,T013-S2,5,0,0.0,True
32,A,clean,T013-S2,8,0,0.0,True
33,A,clean,T013-S2,0,0,,False
33,A,clean,T013-S2,3,33175/561678,,False
34,A,clean,T013-S2,2,-20/1509,-1.0,True
34,A,clean,T013-S2,3,0,0.0,True
34,A,clean,T013-S2,8,0,0.0,True
35,A,clean,T013-S2,1,-1516/224549,,False
35,A,clean,T013-S2,8,0,,False
36,A,clean,T013-S2,0,0,0.0,True
36,A,clean,T013-S2,1,0,0.0,True
36,A,clean,T013-S2,6,0,0.0,True
36,A,clean,T013-S2,7,15175/1151358,1.9875573018991486,True
36,A,clean,T013-S2,9,0,0.0,True
37,A,clean,T013-S2,2,0,0.0,True
37,A,clean,T013-S2,6,0,0.0,True
37,A,clean,T013-S2,9,0,0.0,True
38,A,clean,T013-S2,8,0,,False
39,A,clean,T013-S2,2,0,0.0,True
40,A,clean,T013-S2,9,-5/741,,False
41,A,clean,T013-S2,0,0,0.0,True
41,A,clean,T013-S2,1,0,0.0,True
41,A,clean,T013-S2,3,-1285/185497,-0.5109550043796967,True
41,A,clean,T013-S2,9,0,0.0,True
42,A,clean,T013-S2,0,2822/451191,0.5049756869573593,True
42,A,clean,T013-S2,1,2822/451191,0.5049756869573593,True
42,A,clean,T013-S2,2,162923/13153953,1.0,True
43,A,clean,T013-S2,0,0,0.0,True
43,A,clean,T013-S2,4,0,0.0,True
44,A,clean,T013-S2,0,0,0.0,True
44,A,clean,T013-S2,8,-3825/569258,-1.018641810918775,True
44,A,clean,T013-S2,9,-3825/569258,-1.018641810918775,True
45,A,clean,T013-S2,2,0,0.0,True
45,A,clean,T013-S2,4,0,0.0,True
45,A,clean,T013-S2,5,0,0.0,True
45,A,clean,T013-S2,8,0,0.0,True
46,A,clean,T013-S2,2,0,0.0,True
46,A,clean,T013-S2,4,0,0.0,True
46,A,clean,T013-S2,5,0,0.0,True
47,A,clean,T013-S2,0,0,,False
47,A,clean,T013-S2,1,0,,False
47,A,clean,T013-S2,2,0,,False
47,A,clean,T013-S2,4,0,,False
47,A,clean,T013-S2,8,0,,False
48,A,clean,T013-S2,4,-7520/53295359,-0.00424648232302912,True
48,A,clean,T013-S2,7,1875/285766,0.19746566320934114,True
48,A,clean,T013-S2,9,-10/140621,-0.002140181915462814,True
49,A,clean,T013-S2,1,0,0.0,True
49,A,clean,T013-S2,3,-303/5681,-2.6735294117647057,True
50,A,clean,T013-S2,2,1331651/22559550,0.9890478068504311,True
50,A,clean,T013-S2,5,0,0.0,True
51,A,clean,T013-S2,3,0,,False
51,A,clean,T013-S2,4,0,,False
51,A,clean,T013-S2,9,0,,False
52,A,clean,T013-S2,0,0,,False
52,A,clean,T013-S2,2,0,,False
53,A,clean,T013-S2,1,172/8671,0.5900514579759862,True
53,A,clean,T013-S2,7,172/8671,0.5900514579759862,True
54,A,clean,T013-S2,2,0,0.0,True
54,A,clean,T013-S2,6,0,0.0,True
54,A,clean,T013-S2,7,8911472855/219491435046,0.5492671246160674,True
55,A,clean,T013-S2,0,0,0.0,True
55,A,clean,T013-S2,8,0,0.0,True
56,A,clean,T013-S2,3,-5037005/189716007,,False
56,A,clean,T013-S2,4,0,,False
56,A,clean,T013-S2,6,0,,False
56,A,clean,T013-S2,9,-5037005/189716007,,False
57,A,clean,T013-S2,0,0,,False
57,A,clean,T013-S2,1,0,,False
57,A,clean,T013-S2,3,73786/2891629,,False
57,A,clean,T013-S2,4,-17382121/433744350,,False
57,A,clean,T013-S2,6,-17382121/433744350,,False
58,A,clean,T013-S2,0,0,,False
58,A,clean,T013-S2,9,0,,False
59,A,clean,T013-S2,0,0,0.0,True
59,A,clean,T013-S2,1,0,0.0,True
59,A,clean,T013-S2,3,0,0.0,True
59,A,clean,T013-S2,5,0,0.0,True
59,A,clean,T013-S2,6,0,0.0,True
60,A,clean,T013-S2,0,0,0.0,True
61,A,clean,T013-S2,0,0,0.0,True
61,A,clean,T013-S2,4,0,0.0,True
61,A,clean,T013-S2,5,1/75,0.6690203000882613,True
61,A,clean,T013-S2,7,1/75,0.6690203000882613,True
62,A,clean,T013-S2,0,0,0.0,True
62,A,clean,T013-S2,5,15215/1157466,1.9044173972252958,True
62,A,clean,T013-S2,6,0,0.0,True
62,A,clean,T013-S2,9,0,0.0,True
63,A,clean,T013-S2,3,0,,False
63,A,clean,T013-S2,4,0,,False
63,A,clean,T013-S2,6,0,,False
64,A,clean,T013-S2,1,0,0.0,True
64,A,clean,T013-S2,3,0,0.0,True
64,A,clean,T013-S2,5,0,0.0,True
64,A,clean,T013-S2,8,0,0.0,True
64,A,clean,T013-S2,9,-220566651/4720898650,-0.7758877823371797,True
65,A,clean,T013-S2,5,0,0.0,True
66,A,clean,T013-S2,7,0,,False
66,A,clean,T013-S2,8,0,,False
66,A,clean,T013-S2,9,0,,False
67,A,clean,T013-S2,1,0,0.0,True
67,A,clean,T013-S2,2,0,0.0,True
67,A,clean,T013-S2,5,0,0.0,True
67,A,clean,T013-S2,7,0,0.0,True
67,A,clean,T013-S2,8,0,0.0,True
68,A,clean,T013-S2,1,0,0.0,True
68,A,clean,T013-S2,7,0,0.0,True
68,A,clean,T013-S2,9,0,0.0,True
69,A,clean,T013-S2,2,0,0.0,True
69,A,clean,T013-S2,5,0,0.0,True
69,A,clean,T013-S2,7,0,0.0,True
70,A,clean,T013-S2,0,0,0.0,True
70,A,clean,T013-S2,8,0,0.0,True
71,A,clean,T013-S2,4,0,0.0,True
71,A,clean,T013-S2,5,280879/42018450,376.51340482573727,True
71,A,clean,T013-S2,8,0,0.0,True
72,A,clean,T013-S2,0,0,0.0,True
72,A,clean,T013-S2,5,871181/42694350,0.3797738134316094,True
72,A,clean,T013-S2,8,0,0.0,True
73,A,clean,T013-S2,5,0,0.0,True
73,A,clean,T013-S2,6,0,0.0,True
73,A,clean,T013-S2,7,0,0.0,True
74,A,clean,T013-S2,6,0,,False
75,A,clean,T013-S2,0,1985641/12918594,5.815847975654548,True
75,A,clean,T013-S2,1,0,0.0,True
75,A,clean,T013-S2,3,1985641/12918594,5.815847975654548,True
76,A,clean,T013-S2,1,0,,False
76,A,clean,T013-S2,6,351061/8827078,,False
76,A,clean,T013-S2,7,0,,False
77,A,clean,T013-S2,0,0,0.0,True
77,A,clean,T013-S2,2,0,0.0,True
78,A,clean,T013-S2,4,0,0.0,True
78,A,clean,T013-S2,5,0,0.0,True
78,A,clean,T013-S2,8,0,0.0,True
79,A,clean,T013-S2,1,0,0.0,True
79,A,clean,T013-S2,2,0,0.0,True
79,A,clean,T013-S2,5,0,0.0,True
80,A,clean,T013-S2,6,0,,False
80,A,clean,T013-S2,7,0,,False
81,A,clean,T013-S2,7,0,0.0,True
81,A,clean,T013-S2,9,0,0.0,True
82,A,clean,T013-S2,3,0,0.0,True
82,A,clean,T013-S2,7,0,0.0,True
83,A,clean,T013-S2,4,0,0.0,True
83,A,clean,T013-S2,7,0,0.0,True
83,A,clean,T013-S2,8,0,0.0,True
84,A,clean,T013-S2,2,4950/256027,,False
84,A,clean,T013-S2,3,0,,False
84,A,clean,T013-S2,6,0,,False
85,A,clean,T013-S2,5,0,0.0,True
85,A,clean,T013-S2,6,0,0.0,True
86,A,clean,T013-S2,2,0,0.0,True
86,A,clean,T013-S2,4,2518/37725,1.0,True
86,A,clean,T013-S2,5,0,0.0,True
86,A,clean,T013-S2,6,0,0.0,True
87,A,clean,T013-S2,3,-31127/4637425,,False
87,A,clean,T013-S2,5,0,,False
88,A,clean,T013-S2,3,0,,False
88,A,clean,T013-S2,4,0,,False
88,A,clean,T013-S2,6,0,,False
88,A,clean,T013-S2,9,0,,False
89,A,clean,T013-S2,4,89978629434/1343841070975,0.9095582189365361,True
89,A,clean,T013-S2,5,0,0.0,True
90,A,clean,T013-S2,2,0,0.0,True
90,A,clean,T013-S2,3,0,0.0,True
90,A,clean,T013-S2,5,0,0.0,True
90,A,clean,T013-S2,9,0,0.0,True
91,A,clean,T013-S2,3,0,0.0,True
91,A,clean,T013-S2,7,0,0.0,True
91,A,clean,T013-S2,9,-5/21489,-0.03636363636363636,True
92,A,clean,T013-S2,1,-3018/224549,-0.5011624045167719,True
92,A,clean,T013-S2,3,0,0.0,True
92,A,clean,T013-S2,8,0,0.0,True
93,A,clean,T013-S2,4,5/746,0.33465161043021785,True
94,A,clean,T013-S2,1,0,0.0,True
94,A,clean,T013-S2,5,0,0.0,True
95,A,clean,T013-S2,1,0,0.0,True
95,A,clean,T013-S2,5,0,0.0,True
95,A,clean,T013-S2,6,0,0.0,True
96,A,clean,T013-S2,7,0,0.0,True
96,A,clean,T013-S2,9,20/1527,1.8697033026707697,True
97,A,clean,T013-S2,2,0,0.0,True
97,A,clean,T013-S2,3,0,0.0,True
97,A,clean,T013-S2,9,0,0.0,True
98,A,clean,T013-S2,5,0,0.0,True
98,A,clean,T013-S2,6,0,0.0,True
98,A,clean,T013-S2,9,0,0.0,True
99,A,clean,T013-S2,0,0,0.0,True
99,A,clean,T013-S2,3,0,0.0,True
99,A,clean,T013-S2,4,0,0.0,True
99,A,clean,T013-S2,5,0,0.0,True
99,A,clean,T013-S2,7,0,0.0,True
99,A,clean,T013-S2,9,0,0.0,True
0,A,clean,T013-S3,1,804/8671,0.9341066146749727,True
0,A,clean,T013-S3,6,-173209/26481234,-0.06589338532502734,True
0,A,clean,T013-S3,7,804/8671,0.9341066146749727,True
1,A,clean,T013-S3,1,0,0.0,True
1,A,clean,T013-S3,7,0,0.0,True
2,A,clean,T013-S3,3,0,0.0,True
2,A,clean,T013-S3,4,-5/754,-0.5,True
2,A,clean,T013-S3,9,-865/42978,-1.5175438596491229,True
3,A,clean,T013-S3,0,0,0.0,True
4,A,clean,T013-S3,4,0,0.0,True
4,A,clean,T013-S3,5,0,0.0,True
4,A,clean,T013-S3,9,0,0.0,True
5,A,clean,T013-S3,0,0,0.0,True
5,A,clean,T013-S3,2,2250469/28595550,0.9153784891023513,True
5,A,clean,T013-S3,5,0,0.0,True
6,A,clean,T013-S3,0,-75/125723,,False
6,A,clean,T013-S3,3,-75/125723,,False
6,A,clean,T013-S3,6,0,,False
7,A,clean,T013-S3,1,0,0.0,True
7,A,clean,T013-S3,3,0,0.0,True
8,A,clean,T013-S3,0,0,0.0,True
8,A,clean,T013-S3,5,0,0.0,True
9,A,clean,T013-S3,7,0,0.0,True
9,A,clean,T013-S3,8,0,0.0,True
10,A,clean,T013-S3,2,466478126/3197590617,4.383257022245946,True
10,A,clean,T013-S3,3,0,0.0,True
10,A,clean,T013-S3,4,466478126/3197590617,4.383257022245946,True
11,A,clean,T013-S3,2,0,0.0,True
11,A,clean,T013-S3,8,0,0.0,True
12,A,clean,T013-S3,2,0,0.0,True
12,A,clean,T013-S3,7,0,0.0,True
13,A,clean,T013-S3,1,0,0.0,True
13,A,clean,T013-S3,3,0,0.0,True
13,A,clean,T013-S3,5,0,0.0,True
14,A,clean,T013-S3,1,0,0.0,True
14,A,clean,T013-S3,2,0,0.0,True
15,A,clean,T013-S3,4,5/746,0.2,True
16,A,clean,T013-S3,1,0,,False
16,A,clean,T013-S3,4,0,,False
16,A,clean,T013-S3,6,0,,False
16,A,clean,T013-S3,8,0,,False
16,A,clean,T013-S3,9,0,,False
17,A,clean,T013-S3,1,0,,False
17,A,clean,T013-S3,4,0,,False
17,A,clean,T013-S3,8,11932/224549,,False
18,A,clean,T013-S3,0,0,,False
18,A,clean,T013-S3,3,0,,False
18,A,clean,T013-S3,6,0,,False
19,A,clean,T013-S3,0,0,0.0,True
19,A,clean,T013-S3,2,0,0.0,True
19,A,clean,T013-S3,7,0,0.0,True
20,A,clean,T013-S3,6,0,,False
21,A,clean,T013-S3,4,0,0.0,True
22,A,clean,T013-S3,1,0,,False
22,A,clean,T013-S3,2,0,,False
23,A,clean,T013-S3,0,0,0.0,True
23,A,clean,T013-S3,2,0,0.0,True
23,A,clean,T013-S3,5,60115/1133259,1.341345502842993,True
23,A,clean,T013-S3,8,60115/1133259,1.341345502842993,True
23,A,clean,T013-S3,9,0,0.0,True
24,A,clean,T013-S3,3,0,0.0,True
24,A,clean,T013-S3,7,0,0.0,True
24,A,clean,T013-S3,9,124746217/6289293075,0.4269565638713524,True
25,A,clean,T013-S3,0,0,0.0,True
25,A,clean,T013-S3,1,0,0.0,True
25,A,clean,T013-S3,4,0,0.0,True
26,A,clean,T013-S3,5,0,,False
26,A,clean,T013-S3,6,0,,False
27,A,clean,T013-S3,1,18/299,0.3103448275862069,True
28,A,clean,T013-S3,0,0,,False
28,A,clean,T013-S3,2,0,,False
28,A,clean,T013-S3,3,-7495/561678,,False
28,A,clean,T013-S3,4,0,,False
28,A,clean,T013-S3,5,0,,False
28,A,clean,T013-S3,8,0,,False
29,A,clean,T013-S3,1,0,0.0,True
30,A,clean,T013-S3,2,8593/75450,0.40508178946872203,True
30,A,clean,T013-S3,4,5509/75450,0.259699241031443,True
30,A,clean,T013-S3,5,8593/75450,0.40508178946872203,True
31,A,clean,T013-S3,8,0,0.0,True
32,A,clean,T013-S3,0,0,0.0,True
32,A,clean,T013-S3,2,0,0.0,True
32,A,clean,T013-S3,4,0,0.0,True
32,A,clean,T013-S3,5,0,0.0,True
32,A,clean,T013-S3,8,0,0.0,True
33,A,clean,T013-S3,0,0,0.0,True
33,A,clean,T013-S3,3,33175/561678,65.04901960784314,True
34,A,clean,T013-S3,2,-17335/372723,-3.5091093117408905,True
34,A,clean,T013-S3,3,0,0.0,True
34,A,clean,T013-S3,8,0,0.0,True
35,A,clean,T013-S3,1,-21/224549,,False
35,A,clean,T013-S3,8,0,,False
36,A,clean,T013-S3,0,0,0.0,True
36,A,clean,T013-S3,1,0,0.0,True
36,A,clean,T013-S3,6,0,0.0,True
36,A,clean,T013-S3,7,15175/1151358,1.9875573018991486,True
36,A,clean,T013-S3,9,10/1527,0.9875573018991487,True
37,A,clean,T013-S3,2,0,0.0,True
37,A,clean,T013-S3,6,0,0.0,True
37,A,clean,T013-S3,9,0,0.0,True
38,A,clean,T013-S3,8,0,,False
39,A,clean,T013-S3,2,0,0.0,True
40,A,clean,T013-S3,9,-5/741,,False
41,A,clean,T013-S3,0,0,0.0,True
41,A,clean,T013-S3,1,0,0.0,True
41,A,clean,T013-S3,3,-1285/185497,-25.434990181077655,True
41,A,clean,T013-S3,9,0,0.0,True
42,A,clean,T013-S3,0,-137809/342002778,,False
42,A,clean,T013-S3,1,-137809/342002778,,False
42,A,clean,T013-S3,2,-137809/342002778,,False
43,A,clean,T013-S3,0,0,0.0,True
43,A,clean,T013-S3,4,0,0.0,True
44,A,clean,T013-S3,0,0,0.0,True
44,A,clean,T013-S3,8,-10/751,-2.018641810918775,True
44,A,clean,T013-S3,9,-10/751,-2.018641810918775,True
45,A,clean,T013-S3,2,0,0.0,True
45,A,clean,T013-S3,4,0,0.0,True
45,A,clean,T013-S3,5,0,0.0,True
45,A,clean,T013-S3,8,0,0.0,True
46,A,clean,T013-S3,2,0,0.0,True
46,A,clean,T013-S3,4,0,0.0,True
46,A,clean,T013-S3,5,0,0.0,True
47,A,clean,T013-S3,0,0,,False
47,A,clean,T013-S3,1,0,,False
47,A,clean,T013-S3,2,0,,False
47,A,clean,T013-S3,4,0,,False
47,A,clean,T013-S3,8,0,,False
48,A,clean,T013-S3,4,-1900/142883,-0.400197077437598,True
48,A,clean,T013-S3,7,60/53295359,3.388150789650893e-05,True
48,A,clean,T013-S3,9,-5/754,-0.19957196361690743,True
49,A,clean,T013-S3,1,0,0.0,True
49,A,clean,T013-S3,3,-303/5681,-2.6735294117647057,True
50,A,clean,T013-S3,2,1331651/22559550,0.9890478068504311,True
50,A,clean,T013-S3,5,0,0.0,True
51,A,clean,T013-S3,3,0,,False
51,A,clean,T013-S3,4,0,,False
51,A,clean,T013-S3,9,0,,False
52,A,clean,T013-S3,0,0,,False
52,A,clean,T013-S3,2,0,,False
53,A,clean,T013-S3,1,343/8671,0.8437884378843789,True
53,A,clean,T013-S3,7,0,0.0,True
54,A,clean,T013-S3,2,0,0.0,True
54,A,clean,T013-S3,6,0,0.0,True
54,A,clean,T013-S3,7,8911472855/219491435046,0.5492671246160674,True
55,A,clean,T013-S3,0,0,0.0,True
55,A,clean,T013-S3,8,0,0.0,True
56,A,clean,T013-S3,3,-5037005/189716007,,False
56,A,clean,T013-S3,4,0,,False
56,A,clean,T013-S3,6,0,,False
56,A,clean,T013-S3,9,-5037005/189716007,,False
57,A,clean,T013-S3,0,0,,False
57,A,clean,T013-S3,1,0,,False
57,A,clean,T013-S3,3,73786/2891629,,False
57,A,clean,T013-S3,4,-17382121/433744350,,False
57,A,clean,T013-S3,6,-17382121/433744350,,False
58,A,clean,T013-S3,0,0,,False
58,A,clean,T013-S3,9,0,,False
59,A,clean,T013-S3,0,0,0.0,True
59,A,clean,T013-S3,1,0,0.0,True
59,A,clean,T013-S3,3,0,0.0,True
59,A,clean,T013-S3,5,0,0.0,True
59,A,clean,T013-S3,6,0,0.0,True
60,A,clean,T013-S3,0,0,0.0,True
61,A,clean,T013-S3,0,0,0.0,True
61,A,clean,T013-S3,4,0,0.0,True
61,A,clean,T013-S3,5,1/75,0.6690203000882613,True
61,A,clean,T013-S3,7,1/75,0.6690203000882613,True
62,A,clean,T013-S3,0,0,0.0,True
62,A,clean,T013-S3,5,95768/14468325,0.9589602118828636,True
62,A,clean,T013-S3,6,0,0.0,True
62,A,clean,T013-S3,9,0,0.0,True
63,A,clean,T013-S3,3,0,,False
63,A,clean,T013-S3,4,0,,False
63,A,clean,T013-S3,6,0,,False
64,A,clean,T013-S3,1,0,0.0,True
64,A,clean,T013-S3,3,626/18775,0.5537045963162813,True
64,A,clean,T013-S3,5,626/18775,0.5537045963162813,True
64,A,clean,T013-S3,8,626/18775,0.5537045963162813,True
64,A,clean,T013-S3,9,0,0.0,True
65,A,clean,T013-S3,5,0,0.0,True
66,A,clean,T013-S3,7,0,0.0,True
66,A,clean,T013-S3,8,0,0.0,True
66,A,clean,T013-S3,9,0,0.0,True
67,A,clean,T013-S3,1,0,0.0,True
67,A,clean,T013-S3,2,0,0.0,True
67,A,clean,T013-S3,5,0,0.0,True
67,A,clean,T013-S3,7,0,0.0,True
67,A,clean,T013-S3,8,0,0.0,True
68,A,clean,T013-S3,1,0,0.0,True
68,A,clean,T013-S3,7,0,0.0,True
68,A,clean,T013-S3,9,0,0.0,True
69,A,clean,T013-S3,2,0,0.0,True
69,A,clean,T013-S3,5,0,0.0,True
69,A,clean,T013-S3,7,0,0.0,True
70,A,clean,T013-S3,0,0,0.0,True
70,A,clean,T013-S3,8,0,0.0,True
71,A,clean,T013-S3,4,0,0.0,True
71,A,clean,T013-S3,5,280879/42018450,376.51340482573727,True
71,A,clean,T013-S3,8,0,0.0,True
72,A,clean,T013-S3,0,0,0.0,True
72,A,clean,T013-S3,5,871181/42694350,0.3797738134316094,True
72,A,clean,T013-S3,8,0,0.0,True
73,A,clean,T013-S3,5,0,0.0,True
73,A,clean,T013-S3,6,0,0.0,True
73,A,clean,T013-S3,7,0,0.0,True
74,A,clean,T013-S3,6,0,,False
75,A,clean,T013-S3,0,1985641/12918594,5.815847975654548,True
75,A,clean,T013-S3,1,0,0.0,True
75,A,clean,T013-S3,3,1985641/12918594,5.815847975654548,True
76,A,clean,T013-S3,1,0,,False
76,A,clean,T013-S3,6,351061/8827078,,False
76,A,clean,T013-S3,7,0,,False
77,A,clean,T013-S3,0,0,0.0,True
77,A,clean,T013-S3,2,0,0.0,True
78,A,clean,T013-S3,4,0,0.0,True
78,A,clean,T013-S3,5,0,0.0,True
78,A,clean,T013-S3,8,0,0.0,True
79,A,clean,T013-S3,1,0,0.0,True
79,A,clean,T013-S3,2,0,0.0,True
79,A,clean,T013-S3,5,0,0.0,True
80,A,clean,T013-S3,6,0,,False
80,A,clean,T013-S3,7,0,,False
81,A,clean,T013-S3,7,0,0.0,True
81,A,clean,T013-S3,9,0,0.0,True
82,A,clean,T013-S3,3,0,0.0,True
82,A,clean,T013-S3,7,0,0.0,True
83,A,clean,T013-S3,4,0,0.0,True
83,A,clean,T013-S3,7,0,0.0,True
83,A,clean,T013-S3,8,0,0.0,True
84,A,clean,T013-S3,2,4950/256027,,False
84,A,clean,T013-S3,3,0,,False
84,A,clean,T013-S3,6,0,,False
85,A,clean,T013-S3,5,0,0.0,True
85,A,clean,T013-S3,6,0,0.0,True
86,A,clean,T013-S3,2,0,0.0,True
86,A,clean,T013-S3,4,2518/37725,1.0,True
86,A,clean,T013-S3,5,1009/75450,0.20035742652899127,True
86,A,clean,T013-S3,6,0,0.0,True
87,A,clean,T013-S3,3,376/56325,,False
87,A,clean,T013-S3,5,0,,False
88,A,clean,T013-S3,3,0,,False
88,A,clean,T013-S3,4,0,,False
88,A,clean,T013-S3,6,0,,False
88,A,clean,T013-S3,9,0,,False
89,A,clean,T013-S3,4,89978629434/1343841070975,0.9095582189365361,True
89,A,clean,T013-S3,5,0,0.0,True
90,A,clean,T013-S3,2,0,0.0,True
90,A,clean,T013-S3,3,0,0.0,True
90,A,clean,T013-S3,5,0,0.0,True
90,A,clean,T013-S3,9,0,0.0,True
91,A,clean,T013-S3,3,0,0.0,True
91,A,clean,T013-S3,7,0,0.0,True
91,A,clean,T013-S3,9,-5/21489,-0.03636363636363636,True
92,A,clean,T013-S3,1,-3018/224549,-0.5011624045167719,True
92,A,clean,T013-S3,3,0,0.0,True
92,A,clean,T013-S3,8,0,0.0,True
93,A,clean,T013-S3,4,2241/111527,0.6012610824326275,True
94,A,clean,T013-S3,1,0,0.0,True
94,A,clean,T013-S3,5,0,0.0,True
95,A,clean,T013-S3,1,0,0.0,True
95,A,clean,T013-S3,5,0,0.0,True
95,A,clean,T013-S3,6,0,0.0,True
96,A,clean,T013-S3,7,0,0.0,True
96,A,clean,T013-S3,9,20/1527,1.8697033026707697,True
97,A,clean,T013-S3,2,0,0.0,True
97,A,clean,T013-S3,3,0,0.0,True
97,A,clean,T013-S3,9,0,0.0,True
98,A,clean,T013-S3,5,0,0.0,True
98,A,clean,T013-S3,6,0,0.0,True
98,A,clean,T013-S3,9,0,0.0,True
99,A,clean,T013-S3,0,0,0.0,True
99,A,clean,T013-S3,3,0,0.0,True
99,A,clean,T013-S3,4,0,0.0,True
99,A,clean,T013-S3,5,0,0.0,True
99,A,clean,T013-S3,7,0,0.0,True
99,A,clean,T013-S3,9,0,0.0,True
0,A,brightness_dark,T013-S0,1,0,0.0,True
0,A,brightness_dark,T013-S0,6,0,0.0,True
0,A,brightness_dark,T013-S0,7,0,0.0,True
1,A,brightness_dark,T013-S0,1,0,0.0,True
1,A,brightness_dark,T013-S0,7,0,0.0,True
2,A,brightness_dark,T013-S0,3,0,,False
2,A,brightness_dark,T013-S0,4,0,,False
2,A,brightness_dark,T013-S0,9,0,,False
3,A,brightness_dark,T013-S0,0,0,0.0,True
4,A,brightness_dark,T013-S0,4,0,0.0,True
4,A,brightness_dark,T013-S0,5,0,0.0,True
4,A,brightness_dark,T013-S0,9,0,0.0,True
5,A,brightness_dark,T013-S0,0,0,0.0,True
5,A,brightness_dark,T013-S0,2,0,0.0,True
5,A,brightness_dark,T013-S0,5,0,0.0,True
6,A,brightness_dark,T013-S0,0,0,0.0,True
6,A,brightness_dark,T013-S0,3,0,0.0,True
6,A,brightness_dark,T013-S0,6,0,0.0,True
7,A,brightness_dark,T013-S0,1,0,0.0,True
7,A,brightness_dark,T013-S0,3,2984/17043,0.42689556509299,True
8,A,brightness_dark,T013-S0,0,0,0.0,True
8,A,brightness_dark,T013-S0,5,0,0.0,True
9,A,brightness_dark,T013-S0,7,0,0.0,True
9,A,brightness_dark,T013-S0,8,0,0.0,True
10,A,brightness_dark,T013-S0,2,222764229/2131727078,2.6322685793481173,True
10,A,brightness_dark,T013-S0,3,222764229/2131727078,2.6322685793481173,True
10,A,brightness_dark,T013-S0,4,0,0.0,True
11,A,brightness_dark,T013-S0,2,0,0.0,True
11,A,brightness_dark,T013-S0,8,0,0.0,True
12,A,brightness_dark,T013-S0,2,0,0.0,True
12,A,brightness_dark,T013-S0,7,0,0.0,True
13,A,brightness_dark,T013-S0,1,0,0.0,True
13,A,brightness_dark,T013-S0,3,0,0.0,True
13,A,brightness_dark,T013-S0,5,0,0.0,True
14,A,brightness_dark,T013-S0,1,0,0.0,True
14,A,brightness_dark,T013-S0,2,0,0.0,True
15,A,brightness_dark,T013-S0,4,0,,False
16,A,brightness_dark,T013-S0,1,0,0.0,True
16,A,brightness_dark,T013-S0,4,0,0.0,True
16,A,brightness_dark,T013-S0,6,0,0.0,True
16,A,brightness_dark,T013-S0,8,0,0.0,True
16,A,brightness_dark,T013-S0,9,0,0.0,True
17,A,brightness_dark,T013-S0,1,0,0.0,True
17,A,brightness_dark,T013-S0,4,0,0.0,True
17,A,brightness_dark,T013-S0,8,0,0.0,True
18,A,brightness_dark,T013-S0,0,0,0.0,True
18,A,brightness_dark,T013-S0,3,0,0.0,True
18,A,brightness_dark,T013-S0,6,0,0.0,True
19,A,brightness_dark,T013-S0,0,0,0.0,True
19,A,brightness_dark,T013-S0,2,0,0.0,True
19,A,brightness_dark,T013-S0,7,0,0.0,True
20,A,brightness_dark,T013-S0,6,0,0.0,True
21,A,brightness_dark,T013-S0,4,0,,False
22,A,brightness_dark,T013-S0,1,0,0.0,True
22,A,brightness_dark,T013-S0,2,0,0.0,True
23,A,brightness_dark,T013-S0,0,0,0.0,True
23,A,brightness_dark,T013-S0,2,0,0.0,True
23,A,brightness_dark,T013-S0,5,0,0.0,True
23,A,brightness_dark,T013-S0,8,0,0.0,True
23,A,brightness_dark,T013-S0,9,0,0.0,True
24,A,brightness_dark,T013-S0,3,0,0.0,True
24,A,brightness_dark,T013-S0,7,0,0.0,True
24,A,brightness_dark,T013-S0,9,229/17342,0.4956521739130435,True
25,A,brightness_dark,T013-S0,0,0,0.0,True
25,A,brightness_dark,T013-S0,1,0,0.0,True
25,A,brightness_dark,T013-S0,4,-3011/113321,-0.3988871961316818,True
26,A,brightness_dark,T013-S0,5,0,0.0,True
26,A,brightness_dark,T013-S0,6,0,0.0,True
27,A,brightness_dark,T013-S0,1,22/299,0.0763888888888889,True
28,A,brightness_dark,T013-S0,0,0,0.0,True
28,A,brightness_dark,T013-S0,2,0,0.0,True
28,A,brightness_dark,T013-S0,3,0,0.0,True
28,A,brightness_dark,T013-S0,4,0,0.0,True
28,A,brightness_dark,T013-S0,5,0,0.0,True
28,A,brightness_dark,T013-S0,8,0,0.0,True
29,A,brightness_dark,T013-S0,1,0,0.0,True
30,A,brightness_dark,T013-S0,2,0,0.0,True
30,A,brightness_dark,T013-S0,4,0,0.0,True
30,A,brightness_dark,T013-S0,5,0,0.0,True
31,A,brightness_dark,T013-S0,8,0,0.0,True
32,A,brightness_dark,T013-S0,0,0,0.0,True
32,A,brightness_dark,T013-S0,2,0,0.0,True
32,A,brightness_dark,T013-S0,4,0,0.0,True
32,A,brightness_dark,T013-S0,5,0,0.0,True
32,A,brightness_dark,T013-S0,8,0,0.0,True
33,A,brightness_dark,T013-S0,0,0,0.0,True
33,A,brightness_dark,T013-S0,3,-32155/561678,-0.2236636177094564,True
34,A,brightness_dark,T013-S0,2,0,0.0,True
34,A,brightness_dark,T013-S0,3,-5514610/279914973,-0.19372174215762267,True
34,A,brightness_dark,T013-S0,8,0,0.0,True
35,A,brightness_dark,T013-S0,1,0,0.0,True
35,A,brightness_dark,T013-S0,8,0,0.0,True
36,A,brightness_dark,T013-S0,0,0,0.0,True
36,A,brightness_dark,T013-S0,1,0,0.0,True
36,A,brightness_dark,T013-S0,6,0,0.0,True
36,A,brightness_dark,T013-S0,7,0,0.0,True
36,A,brightness_dark,T013-S0,9,0,0.0,True
37,A,brightness_dark,T013-S0,2,0,,False
37,A,brightness_dark,T013-S0,6,0,,False
37,A,brightness_dark,T013-S0,9,0,,False
38,A,brightness_dark,T013-S0,8,0,0.0,True
39,A,brightness_dark,T013-S0,2,0,0.0,True
40,A,brightness_dark,T013-S0,9,-575/42978,,False
41,A,brightness_dark,T013-S0,0,0,0.0,True
41,A,brightness_dark,T013-S0,1,0,0.0,True
41,A,brightness_dark,T013-S0,3,0,0.0,True
41,A,brightness_dark,T013-S0,9,0,0.0,True
42,A,brightness_dark,T013-S0,0,0,0.0,True
42,A,brightness_dark,T013-S0,1,0,0.0,True
42,A,brightness_dark,T013-S0,2,0,0.0,True
43,A,brightness_dark,T013-S0,0,0,0.0,True
43,A,brightness_dark,T013-S0,4,0,0.0,True
44,A,brightness_dark,T013-S0,0,0,0.0,True
44,A,brightness_dark,T013-S0,8,0,0.0,True
44,A,brightness_dark,T013-S0,9,0,0.0,True
45,A,brightness_dark,T013-S0,2,4995/377753,,False
45,A,brightness_dark,T013-S0,4,-10/1509,,False
45,A,brightness_dark,T013-S0,5,0,,False
45,A,brightness_dark,T013-S0,8,10/503,,False
46,A,brightness_dark,T013-S0,2,0,0.0,True
46,A,brightness_dark,T013-S0,4,0,0.0,True
46,A,brightness_dark,T013-S0,5,1/30,1.0,True
47,A,brightness_dark,T013-S0,0,0,0.0,True
47,A,brightness_dark,T013-S0,1,0,0.0,True
47,A,brightness_dark,T013-S0,2,0,0.0,True
47,A,brightness_dark,T013-S0,4,0,0.0,True
47,A,brightness_dark,T013-S0,8,0,0.0,True
48,A,brightness_dark,T013-S0,4,3785/142883,1.0,True
48,A,brightness_dark,T013-S0,7,0,0.0,True
48,A,brightness_dark,T013-S0,9,0,0.0,True
49,A,brightness_dark,T013-S0,1,0,0.0,True
49,A,brightness_dark,T013-S0,3,2179/17043,0.3018005540166205,True
50,A,brightness_dark,T013-S0,2,1009370601/5647407350,8.99020348342678,True
50,A,brightness_dark,T013-S0,5,0,0.0,True
51,A,brightness_dark,T013-S0,3,0,,False
51,A,brightness_dark,T013-S0,4,0,,False
51,A,brightness_dark,T013-S0,9,0,,False
52,A,brightness_dark,T013-S0,0,0,0.0,True
52,A,brightness_dark,T013-S0,2,0,0.0,True
53,A,brightness_dark,T013-S0,1,0,0.0,True
53,A,brightness_dark,T013-S0,7,0,0.0,True
54,A,brightness_dark,T013-S0,2,0,0.0,True
54,A,brightness_dark,T013-S0,6,0,0.0,True
54,A,brightness_dark,T013-S0,7,0,0.0,True
55,A,brightness_dark,T013-S0,0,0,0.0,True
55,A,brightness_dark,T013-S0,8,0,0.0,True
56,A,brightness_dark,T013-S0,3,-10080/256027,,False
56,A,brightness_dark,T013-S0,4,0,,False
56,A,brightness_dark,T013-S0,6,0,,False
56,A,brightness_dark,T013-S0,9,0,,False
57,A,brightness_dark,T013-S0,0,0,0.0,True
57,A,brightness_dark,T013-S0,1,-2105479/433744350,-0.027722985948762987,True
57,A,brightness_dark,T013-S0,3,-2105479/433744350,-0.027722985948762987,True
57,A,brightness_dark,T013-S0,4,0,0.0,True
57,A,brightness_dark,T013-S0,6,0,0.0,True
58,A,brightness_dark,T013-S0,0,0,0.0,True
58,A,brightness_dark,T013-S0,9,0,0.0,True
59,A,brightness_dark,T013-S0,0,0,0.0,True
59,A,brightness_dark,T013-S0,1,0,0.0,True
59,A,brightness_dark,T013-S0,3,0,0.0,True
59,A,brightness_dark,T013-S0,5,0,0.0,True
59,A,brightness_dark,T013-S0,6,0,0.0,True
60,A,brightness_dark,T013-S0,0,0,0.0,True
61,A,brightness_dark,T013-S0,0,0,0.0,True
61,A,brightness_dark,T013-S0,4,0,0.0,True
61,A,brightness_dark,T013-S0,5,0,0.0,True
61,A,brightness_dark,T013-S0,7,0,0.0,True
62,A,brightness_dark,T013-S0,0,0,0.0,True
62,A,brightness_dark,T013-S0,5,0,0.0,True
62,A,brightness_dark,T013-S0,6,0,0.0,True
62,A,brightness_dark,T013-S0,9,0,0.0,True
63,A,brightness_dark,T013-S0,3,0,0.0,True
63,A,brightness_dark,T013-S0,4,0,0.0,True
63,A,brightness_dark,T013-S0,6,0,0.0,True
64,A,brightness_dark,T013-S0,1,18575/556491,0.3523330804248862,True
64,A,brightness_dark,T013-S0,3,444470/7262921,0.645972271495479,True
64,A,brightness_dark,T013-S0,5,6001/112650,0.5623091805766313,True
64,A,brightness_dark,T013-S0,8,-11385995/283253919,-0.4243046632541417,True
64,A,brightness_dark,T013-S0,9,-11385995/283253919,-0.4243046632541417,True
65,A,brightness_dark,T013-S0,5,3/50,1.0,True
66,A,brightness_dark,T013-S0,7,-22815755/864669858,-1.0,True
66,A,brightness_dark,T013-S0,8,-22815755/864669858,-1.0,True
66,A,brightness_dark,T013-S0,9,20/1527,0.49637103834609025,True
67,A,brightness_dark,T013-S0,1,136648067/976788150,1.1674635447836936,True
67,A,brightness_dark,T013-S0,2,0,0.0,True
67,A,brightness_dark,T013-S0,5,136648067/976788150,1.1674635447836936,True
67,A,brightness_dark,T013-S0,7,136648067/976788150,1.1674635447836936,True
67,A,brightness_dark,T013-S0,8,0,0.0,True
68,A,brightness_dark,T013-S0,1,0,0.0,True
68,A,brightness_dark,T013-S0,7,0,0.0,True
68,A,brightness_dark,T013-S0,9,0,0.0,True
69,A,brightness_dark,T013-S0,2,0,0.0,True
69,A,brightness_dark,T013-S0,5,0,0.0,True
69,A,brightness_dark,T013-S0,7,0,0.0,True
70,A,brightness_dark,T013-S0,0,0,0.0,True
70,A,brightness_dark,T013-S0,8,0,0.0,True
71,A,brightness_dark,T013-S0,4,0,0.0,True
71,A,brightness_dark,T013-S0,5,0,0.0,True
71,A,brightness_dark,T013-S0,8,0,0.0,True
72,A,brightness_dark,T013-S0,0,0,0.0,True
72,A,brightness_dark,T013-S0,5,0,0.0,True
72,A,brightness_dark,T013-S0,8,0,0.0,True
73,A,brightness_dark,T013-S0,5,0,0.0,True
73,A,brightness_dark,T013-S0,6,0,0.0,True
73,A,brightness_dark,T013-S0,7,0,0.0,True
74,A,brightness_dark,T013-S0,6,0,0.0,True
75,A,brightness_dark,T013-S0,0,0,0.0,True
75,A,brightness_dark,T013-S0,1,0,0.0,True
75,A,brightness_dark,T013-S0,3,0,0.0,True
76,A,brightness_dark,T013-S0,1,0,0.0,True
76,A,brightness_dark,T013-S0,6,0,0.0,True
76,A,brightness_dark,T013-S0,7,0,0.0,True
77,A,brightness_dark,T013-S0,0,70/1509,0.999340804218853,True
77,A,brightness_dark,T013-S0,2,70/1509,0.999340804218853,True
78,A,brightness_dark,T013-S0,4,0,0.0,True
78,A,brightness_dark,T013-S0,5,1201/22530,1.0,True
78,A,brightness_dark,T013-S0,8,0,0.0,True
79,A,brightness_dark,T013-S0,1,0,0.0,True
79,A,brightness_dark,T013-S0,2,0,0.0,True
79,A,brightness_dark,T013-S0,5,0,0.0,True
80,A,brightness_dark,T013-S0,6,0,0.0,True
80,A,brightness_dark,T013-S0,7,0,0.0,True
81,A,brightness_dark,T013-S0,7,0,0.0,True
81,A,brightness_dark,T013-S0,9,0,0.0,True
82,A,brightness_dark,T013-S0,3,0,0.0,True
82,A,brightness_dark,T013-S0,7,0,0.0,True
83,A,brightness_dark,T013-S0,4,0,0.0,True
83,A,brightness_dark,T013-S0,7,0,0.0,True
83,A,brightness_dark,T013-S0,8,0,0.0,True
84,A,brightness_dark,T013-S0,2,0,0.0,True
84,A,brightness_dark,T013-S0,3,0,0.0,True
84,A,brightness_dark,T013-S0,6,25750/768081,0.285920497446147,True
85,A,brightness_dark,T013-S0,5,0,0.0,True
85,A,brightness_dark,T013-S0,6,0,0.0,True
86,A,brightness_dark,T013-S0,2,0,,False
86,A,brightness_dark,T013-S0,4,0,,False
86,A,brightness_dark,T013-S0,5,-1/150,,False
86,A,brightness_dark,T013-S0,6,-1/150,,False
87,A,brightness_dark,T013-S0,3,43825/185497,1.165558510638298,True
87,A,brightness_dark,T013-S0,5,0,0.0,True
88,A,brightness_dark,T013-S0,3,0,0.0,True
88,A,brightness_dark,T013-S0,4,0,0.0,True
88,A,brightness_dark,T013-S0,6,0,0.0,True
88,A,brightness_dark,T013-S0,9,0,0.0,True
89,A,brightness_dark,T013-S0,4,0,0.0,True
89,A,brightness_dark,T013-S0,5,0,0.0,True
90,A,brightness_dark,T013-S0,2,0,0.0,True
90,A,brightness_dark,T013-S0,3,0,0.0,True
90,A,brightness_dark,T013-S0,5,0,0.0,True
90,A,brightness_dark,T013-S0,9,0,0.0,True
91,A,brightness_dark,T013-S0,3,0,0.0,True
91,A,brightness_dark,T013-S0,7,0,0.0,True
91,A,brightness_dark,T013-S0,9,0,0.0,True
92,A,brightness_dark,T013-S0,1,168787/12799293,0.03341629977838219,True
92,A,brightness_dark,T013-S0,3,0,0.0,True
92,A,brightness_dark,T013-S0,8,0,0.0,True
93,A,brightness_dark,T013-S0,4,-7559/226642,-5.056187290969899,True
94,A,brightness_dark,T013-S0,1,0,0.0,True
94,A,brightness_dark,T013-S0,5,0,0.0,True
95,A,brightness_dark,T013-S0,1,0,0.0,True
95,A,brightness_dark,T013-S0,5,0,0.0,True
95,A,brightness_dark,T013-S0,6,0,0.0,True
96,A,brightness_dark,T013-S0,7,0,0.0,True
96,A,brightness_dark,T013-S0,9,-12800/377169,-0.6293677889394597,True
97,A,brightness_dark,T013-S0,2,-110/1509,-2.2,True
97,A,brightness_dark,T013-S0,3,0,0.0,True
97,A,brightness_dark,T013-S0,9,0,0.0,True
98,A,brightness_dark,T013-S0,5,0,0.0,True
98,A,brightness_dark,T013-S0,6,0,0.0,True
98,A,brightness_dark,T013-S0,9,0,0.0,True
99,A,brightness_dark,T013-S0,0,0,0.0,True
99,A,brightness_dark,T013-S0,3,0,0.0,True
99,A,brightness_dark,T013-S0,4,0,0.0,True
99,A,brightness_dark,T013-S0,5,0,0.0,True
99,A,brightness_dark,T013-S0,7,0,0.0,True
99,A,brightness_dark,T013-S0,9,0,0.0,True
0,A,brightness_dark,T013-S1,1,0,0.0,True
0,A,brightness_dark,T013-S1,6,0,0.0,True
0,A,brightness_dark,T013-S1,7,0,0.0,True
1,A,brightness_dark,T013-S1,1,0,0.0,True
1,A,brightness_dark,T013-S1,7,0,0.0,True
2,A,brightness_dark,T013-S1,3,0,,False
2,A,brightness_dark,T013-S1,4,0,,False
2,A,brightness_dark,T013-S1,9,0,,False
3,A,brightness_dark,T013-S1,0,0,0.0,True
4,A,brightness_dark,T013-S1,4,0,0.0,True
4,A,brightness_dark,T013-S1,5,0,0.0,True
4,A,brightness_dark,T013-S1,9,0,0.0,True
5,A,brightness_dark,T013-S1,0,0,0.0,True
5,A,brightness_dark,T013-S1,2,0,0.0,True
5,A,brightness_dark,T013-S1,5,0,0.0,True
6,A,brightness_dark,T013-S1,0,0,0.0,True
6,A,brightness_dark,T013-S1,3,0,0.0,True
6,A,brightness_dark,T013-S1,6,-17515/377169,-0.16338174040883555,True
7,A,brightness_dark,T013-S1,1,0,0.0,True
7,A,brightness_dark,T013-S1,3,2984/17043,0.42689556509299,True
8,A,brightness_dark,T013-S1,0,0,0.0,True
8,A,brightness_dark,T013-S1,5,0,0.0,True
9,A,brightness_dark,T013-S1,7,0,0.0,True
9,A,brightness_dark,T013-S1,8,0,0.0,True
10,A,brightness_dark,T013-S1,2,222764229/2131727078,2.6322685793481173,True
10,A,brightness_dark,T013-S1,3,222764229/2131727078,2.6322685793481173,True
10,A,brightness_dark,T013-S1,4,0,0.0,True
11,A,brightness_dark,T013-S1,2,0,0.0,True
11,A,brightness_dark,T013-S1,8,0,0.0,True
12,A,brightness_dark,T013-S1,2,0,0.0,True
12,A,brightness_dark,T013-S1,7,0,0.0,True
13,A,brightness_dark,T013-S1,1,0,0.0,True
13,A,brightness_dark,T013-S1,3,0,0.0,True
13,A,brightness_dark,T013-S1,5,0,0.0,True
14,A,brightness_dark,T013-S1,1,0,0.0,True
14,A,brightness_dark,T013-S1,2,0,0.0,True
15,A,brightness_dark,T013-S1,4,0,,False
16,A,brightness_dark,T013-S1,1,0,0.0,True
16,A,brightness_dark,T013-S1,4,0,0.0,True
16,A,brightness_dark,T013-S1,6,0,0.0,True
16,A,brightness_dark,T013-S1,8,0,0.0,True
16,A,brightness_dark,T013-S1,9,0,0.0,True
17,A,brightness_dark,T013-S1,1,0,0.0,True
17,A,brightness_dark,T013-S1,4,0,0.0,True
17,A,brightness_dark,T013-S1,8,0,0.0,True
18,A,brightness_dark,T013-S1,0,0,0.0,True
18,A,brightness_dark,T013-S1,3,0,0.0,True
18,A,brightness_dark,T013-S1,6,0,0.0,True
19,A,brightness_dark,T013-S1,0,0,0.0,True
19,A,brightness_dark,T013-S1,2,0,0.0,True
19,A,brightness_dark,T013-S1,7,0,0.0,True
20,A,brightness_dark,T013-S1,6,0,0.0,True
21,A,brightness_dark,T013-S1,4,5/746,1.0,True
22,A,brightness_dark,T013-S1,1,0,0.0,True
22,A,brightness_dark,T013-S1,2,0,0.0,True
23,A,brightness_dark,T013-S1,0,0,0.0,True
23,A,brightness_dark,T013-S1,2,0,0.0,True
23,A,brightness_dark,T013-S1,5,0,0.0,True
23,A,brightness_dark,T013-S1,8,0,0.0,True
23,A,brightness_dark,T013-S1,9,0,0.0,True
24,A,brightness_dark,T013-S1,3,0,0.0,True
24,A,brightness_dark,T013-S1,7,0,0.0,True
24,A,brightness_dark,T013-S1,9,229/17342,0.4956521739130435,True
25,A,brightness_dark,T013-S1,0,0,0.0,True
25,A,brightness_dark,T013-S1,1,0,0.0,True
25,A,brightness_dark,T013-S1,4,-3011/113321,-0.3988871961316818,True
26,A,brightness_dark,T013-S1,5,0,0.0,True
26,A,brightness_dark,T013-S1,6,0,0.0,True
27,A,brightness_dark,T013-S1,1,18/299,0.0625,True
28,A,brightness_dark,T013-S1,0,0,0.0,True
28,A,brightness_dark,T013-S1,2,0,0.0,True
28,A,brightness_dark,T013-S1,3,0,0.0,True
28,A,brightness_dark,T013-S1,4,0,0.0,True
28,A,brightness_dark,T013-S1,5,0,0.0,True
28,A,brightness_dark,T013-S1,8,0,0.0,True
29,A,brightness_dark,T013-S1,1,0,0.0,True
30,A,brightness_dark,T013-S1,2,0,0.0,True
30,A,brightness_dark,T013-S1,4,0,0.0,True
30,A,brightness_dark,T013-S1,5,0,0.0,True
31,A,brightness_dark,T013-S1,8,0,0.0,True
32,A,brightness_dark,T013-S1,0,0,0.0,True
32,A,brightness_dark,T013-S1,2,0,0.0,True
32,A,brightness_dark,T013-S1,4,0,0.0,True
32,A,brightness_dark,T013-S1,5,0,0.0,True
32,A,brightness_dark,T013-S1,8,0,0.0,True
33,A,brightness_dark,T013-S1,0,0,0.0,True
33,A,brightness_dark,T013-S1,3,-32155/561678,-0.2236636177094564,True
34,A,brightness_dark,T013-S1,2,0,0.0,True
34,A,brightness_dark,T013-S1,3,-5514610/279914973,-0.4128772919024283,True
34,A,brightness_dark,T013-S1,8,0,0.0,True
35,A,brightness_dark,T013-S1,1,0,0.0,True
35,A,brightness_dark,T013-S1,8,0,0.0,True
36,A,brightness_dark,T013-S1,0,0,0.0,True
36,A,brightness_dark,T013-S1,1,0,0.0,True
36,A,brightness_dark,T013-S1,6,0,0.0,True
36,A,brightness_dark,T013-S1,7,0,0.0,True
36,A,brightness_dark,T013-S1,9,0,0.0,True
37,A,brightness_dark,T013-S1,2,0,,False
37,A,brightness_dark,T013-S1,6,0,,False
37,A,brightness_dark,T013-S1,9,0,,False
38,A,brightness_dark,T013-S1,8,0,0.0,True
39,A,brightness_dark,T013-S1,2,0,0.0,True
40,A,brightness_dark,T013-S1,9,-575/42978,,False
41,A,brightness_dark,T013-S1,0,0,0.0,True
41,A,brightness_dark,T013-S1,1,0,0.0,True
41,A,brightness_dark,T013-S1,3,0,0.0,True
41,A,brightness_dark,T013-S1,9,0,0.0,True
42,A,brightness_dark,T013-S1,0,0,0.0,True
42,A,brightness_dark,T013-S1,1,0,0.0,True
42,A,brightness_dark,T013-S1,2,0,0.0,True
43,A,brightness_dark,T013-S1,0,0,0.0,True
43,A,brightness_dark,T013-S1,4,0,0.0,True
44,A,brightness_dark,T013-S1,0,0,0.0,True
44,A,brightness_dark,T013-S1,8,0,0.0,True
44,A,brightness_dark,T013-S1,9,0,0.0,True
45,A,brightness_dark,T013-S1,2,-35/1133259,,False
45,A,brightness_dark,T013-S1,4,-10/503,,False
45,A,brightness_dark,T013-S1,5,-10/503,,False
45,A,brightness_dark,T013-S1,8,10/1509,,False
46,A,brightness_dark,T013-S1,2,0,0.0,True
46,A,brightness_dark,T013-S1,4,0,0.0,True
46,A,brightness_dark,T013-S1,5,1/30,1.0,True
47,A,brightness_dark,T013-S1,0,0,0.0,True
47,A,brightness_dark,T013-S1,1,0,0.0,True
47,A,brightness_dark,T013-S1,2,0,0.0,True
47,A,brightness_dark,T013-S1,4,0,0.0,True
47,A,brightness_dark,T013-S1,8,0,0.0,True
48,A,brightness_dark,T013-S1,4,3785/142883,1.0,True
48,A,brightness_dark,T013-S1,7,0,0.0,True
48,A,brightness_dark,T013-S1,9,0,0.0,True
49,A,brightness_dark,T013-S1,1,0,0.0,True
49,A,brightness_dark,T013-S1,3,2179/17043,0.3018005540166205,True
50,A,brightness_dark,T013-S1,2,1009370601/5647407350,8.99020348342678,True
50,A,brightness_dark,T013-S1,5,0,0.0,True
51,A,brightness_dark,T013-S1,3,0,,False
51,A,brightness_dark,T013-S1,4,0,,False
51,A,brightness_dark,T013-S1,9,0,,False
52,A,brightness_dark,T013-S1,0,0,0.0,True
52,A,brightness_dark,T013-S1,2,0,0.0,True
53,A,brightness_dark,T013-S1,1,459/17342,0.1369740376007162,True
53,A,brightness_dark,T013-S1,7,459/17342,0.1369740376007162,True
54,A,brightness_dark,T013-S1,2,0,0.0,True
54,A,brightness_dark,T013-S1,6,0,0.0,True
54,A,brightness_dark,T013-S1,7,0,0.0,True
55,A,brightness_dark,T013-S1,0,0,0.0,True
55,A,brightness_dark,T013-S1,8,0,0.0,True
56,A,brightness_dark,T013-S1,3,-10080/256027,,False
56,A,brightness_dark,T013-S1,4,0,,False
56,A,brightness_dark,T013-S1,6,0,,False
56,A,brightness_dark,T013-S1,9,0,,False
57,A,brightness_dark,T013-S1,0,0,0.0,True
57,A,brightness_dark,T013-S1,1,-2105479/433744350,-0.027722985948762987,True
57,A,brightness_dark,T013-S1,3,-2105479/433744350,-0.027722985948762987,True
57,A,brightness_dark,T013-S1,4,0,0.0,True
57,A,brightness_dark,T013-S1,6,0,0.0,True
58,A,brightness_dark,T013-S1,0,0,0.0,True
58,A,brightness_dark,T013-S1,9,0,0.0,True
59,A,brightness_dark,T013-S1,0,0,0.0,True
59,A,brightness_dark,T013-S1,1,0,0.0,True
59,A,brightness_dark,T013-S1,3,0,0.0,True
59,A,brightness_dark,T013-S1,5,0,0.0,True
59,A,brightness_dark,T013-S1,6,0,0.0,True
60,A,brightness_dark,T013-S1,0,0,0.0,True
61,A,brightness_dark,T013-S1,0,-5/754,-1.0,True
61,A,brightness_dark,T013-S1,4,0,0.0,True
61,A,brightness_dark,T013-S1,5,0,0.0,True
61,A,brightness_dark,T013-S1,7,0,0.0,True
62,A,brightness_dark,T013-S1,0,0,0.0,True
62,A,brightness_dark,T013-S1,5,0,0.0,True
62,A,brightness_dark,T013-S1,6,0,0.0,True
62,A,brightness_dark,T013-S1,9,0,0.0,True
63,A,brightness_dark,T013-S1,3,0,0.0,True
63,A,brightness_dark,T013-S1,4,0,0.0,True
63,A,brightness_dark,T013-S1,6,0,0.0,True
64,A,brightness_dark,T013-S1,1,0,0.0,True
64,A,brightness_dark,T013-S1,3,444470/7262921,0.645972271495479,True
64,A,brightness_dark,T013-S1,5,6001/112650,0.5623091805766313,True
64,A,brightness_dark,T013-S1,8,-11385995/283253919,-0.4243046632541417,True
64,A,brightness_dark,T013-S1,9,-11385995/283253919,-0.4243046632541417,True
65,A,brightness_dark,T013-S1,5,3/50,1.0,True
66,A,brightness_dark,T013-S1,7,0,0.0,True
66,A,brightness_dark,T013-S1,8,-17153215/864669858,-0.7518144808269549,True
66,A,brightness_dark,T013-S1,9,10/509,0.7445565575191353,True
67,A,brightness_dark,T013-S1,1,136648067/976788150,1.1674635447836936,True
67,A,brightness_dark,T013-S1,2,0,0.0,True
67,A,brightness_dark,T013-S1,5,136648067/976788150,1.1674635447836936,True
67,A,brightness_dark,T013-S1,7,136648067/976788150,1.1674635447836936,True
67,A,brightness_dark,T013-S1,8,0,0.0,True
68,A,brightness_dark,T013-S1,1,0,0.0,True
68,A,brightness_dark,T013-S1,7,0,0.0,True
68,A,brightness_dark,T013-S1,9,0,0.0,True
69,A,brightness_dark,T013-S1,2,0,0.0,True
69,A,brightness_dark,T013-S1,5,0,0.0,True
69,A,brightness_dark,T013-S1,7,0,0.0,True
70,A,brightness_dark,T013-S1,0,0,0.0,True
70,A,brightness_dark,T013-S1,8,0,0.0,True
71,A,brightness_dark,T013-S1,4,0,0.0,True
71,A,brightness_dark,T013-S1,5,0,0.0,True
71,A,brightness_dark,T013-S1,8,0,0.0,True
72,A,brightness_dark,T013-S1,0,0,0.0,True
72,A,brightness_dark,T013-S1,5,0,0.0,True
72,A,brightness_dark,T013-S1,8,0,0.0,True
73,A,brightness_dark,T013-S1,5,0,0.0,True
73,A,brightness_dark,T013-S1,6,0,0.0,True
73,A,brightness_dark,T013-S1,7,0,0.0,True
74,A,brightness_dark,T013-S1,6,0,0.0,True
75,A,brightness_dark,T013-S1,0,0,0.0,True
75,A,brightness_dark,T013-S1,1,0,0.0,True
75,A,brightness_dark,T013-S1,3,0,0.0,True
76,A,brightness_dark,T013-S1,1,0,0.0,True
76,A,brightness_dark,T013-S1,6,0,0.0,True
76,A,brightness_dark,T013-S1,7,0,0.0,True
77,A,brightness_dark,T013-S1,0,0,0.0,True
77,A,brightness_dark,T013-S1,2,0,0.0,True
78,A,brightness_dark,T013-S1,4,0,0.0,True
78,A,brightness_dark,T013-S1,5,1201/22530,1.0,True
78,A,brightness_dark,T013-S1,8,0,0.0,True
79,A,brightness_dark,T013-S1,1,0,0.0,True
79,A,brightness_dark,T013-S1,2,0,0.0,True
79,A,brightness_dark,T013-S1,5,0,0.0,True
80,A,brightness_dark,T013-S1,6,0,0.0,True
80,A,brightness_dark,T013-S1,7,0,0.0,True
81,A,brightness_dark,T013-S1,7,0,0.0,True
81,A,brightness_dark,T013-S1,9,0,0.0,True
82,A,brightness_dark,T013-S1,3,0,0.0,True
82,A,brightness_dark,T013-S1,7,0,0.0,True
83,A,brightness_dark,T013-S1,4,0,0.0,True
83,A,brightness_dark,T013-S1,7,0,0.0,True
83,A,brightness_dark,T013-S1,8,0,0.0,True
84,A,brightness_dark,T013-S1,2,0,0.0,True
84,A,brightness_dark,T013-S1,3,0,0.0,True
84,A,brightness_dark,T013-S1,6,25750/768081,0.285920497446147,True
85,A,brightness_dark,T013-S1,5,0,0.0,True
85,A,brightness_dark,T013-S1,6,0,0.0,True
86,A,brightness_dark,T013-S1,2,0,,False
86,A,brightness_dark,T013-S1,4,0,,False
86,A,brightness_dark,T013-S1,5,-1/150,,False
86,A,brightness_dark,T013-S1,6,-1/150,,False
87,A,brightness_dark,T013-S1,3,43825/185497,1.165558510638298,True
87,A,brightness_dark,T013-S1,5,0,0.0,True
88,A,brightness_dark,T013-S1,3,0,0.0,True
88,A,brightness_dark,T013-S1,4,0,0.0,True
88,A,brightness_dark,T013-S1,6,0,0.0,True
88,A,brightness_dark,T013-S1,9,0,0.0,True
89,A,brightness_dark,T013-S1,4,0,0.0,True
89,A,brightness_dark,T013-S1,5,0,0.0,True
90,A,brightness_dark,T013-S1,2,0,0.0,True
90,A,brightness_dark,T013-S1,3,0,0.0,True
90,A,brightness_dark,T013-S1,5,0,0.0,True
90,A,brightness_dark,T013-S1,9,0,0.0,True
91,A,brightness_dark,T013-S1,3,0,0.0,True
91,A,brightness_dark,T013-S1,7,0,0.0,True
91,A,brightness_dark,T013-S1,9,0,0.0,True
92,A,brightness_dark,T013-S1,1,168787/12799293,0.03341629977838219,True
92,A,brightness_dark,T013-S1,3,0,0.0,True
92,A,brightness_dark,T013-S1,8,0,0.0,True
93,A,brightness_dark,T013-S1,4,0,0.0,True
94,A,brightness_dark,T013-S1,1,0,0.0,True
94,A,brightness_dark,T013-S1,5,0,0.0,True
95,A,brightness_dark,T013-S1,1,0,0.0,True
95,A,brightness_dark,T013-S1,5,0,0.0,True
95,A,brightness_dark,T013-S1,6,0,0.0,True
96,A,brightness_dark,T013-S1,7,0,0.0,True
96,A,brightness_dark,T013-S1,9,-12800/377169,-0.6293677889394597,True
97,A,brightness_dark,T013-S1,2,-100/1509,-2.0,True
97,A,brightness_dark,T013-S1,3,0,0.0,True
97,A,brightness_dark,T013-S1,9,0,0.0,True
98,A,brightness_dark,T013-S1,5,0,0.0,True
98,A,brightness_dark,T013-S1,6,0,0.0,True
98,A,brightness_dark,T013-S1,9,0,0.0,True
99,A,brightness_dark,T013-S1,0,0,0.0,True
99,A,brightness_dark,T013-S1,3,0,0.0,True
99,A,brightness_dark,T013-S1,4,0,0.0,True
99,A,brightness_dark,T013-S1,5,0,0.0,True
99,A,brightness_dark,T013-S1,7,0,0.0,True
99,A,brightness_dark,T013-S1,9,0,0.0,True
0,A,brightness_dark,T013-S2,1,0,0.0,True
0,A,brightness_dark,T013-S2,6,0,0.0,True
0,A,brightness_dark,T013-S2,7,0,0.0,True
1,A,brightness_dark,T013-S2,1,0,0.0,True
1,A,brightness_dark,T013-S2,7,0,0.0,True
2,A,brightness_dark,T013-S2,3,0,,False
2,A,brightness_dark,T013-S2,4,0,,False
2,A,brightness_dark,T013-S2,9,0,,False
3,A,brightness_dark,T013-S2,0,0,0.0,True
4,A,brightness_dark,T013-S2,4,0,0.0,True
4,A,brightness_dark,T013-S2,5,0,0.0,True
4,A,brightness_dark,T013-S2,9,0,0.0,True
5,A,brightness_dark,T013-S2,0,0,0.0,True
5,A,brightness_dark,T013-S2,2,0,0.0,True
5,A,brightness_dark,T013-S2,5,0,0.0,True
6,A,brightness_dark,T013-S2,0,0,0.0,True
6,A,brightness_dark,T013-S2,3,0,0.0,True
6,A,brightness_dark,T013-S2,6,0,0.0,True
7,A,brightness_dark,T013-S2,1,0,0.0,True
7,A,brightness_dark,T013-S2,3,2984/17043,0.42689556509299,True
8,A,brightness_dark,T013-S2,0,0,0.0,True
8,A,brightness_dark,T013-S2,5,0,0.0,True
9,A,brightness_dark,T013-S2,7,0,0.0,True
9,A,brightness_dark,T013-S2,8,0,0.0,True
10,A,brightness_dark,T013-S2,2,222764229/2131727078,2.6322685793481173,True
10,A,brightness_dark,T013-S2,3,222764229/2131727078,2.6322685793481173,True
10,A,brightness_dark,T013-S2,4,0,0.0,True
11,A,brightness_dark,T013-S2,2,23230/1133259,0.21782549580383515,True
11,A,brightness_dark,T013-S2,8,23230/1133259,0.21782549580383515,True
12,A,brightness_dark,T013-S2,2,0,0.0,True
12,A,brightness_dark,T013-S2,7,0,0.0,True
13,A,brightness_dark,T013-S2,1,0,0.0,True
13,A,brightness_dark,T013-S2,3,0,0.0,True
13,A,brightness_dark,T013-S2,5,0,0.0,True
14,A,brightness_dark,T013-S2,1,0,0.0,True
14,A,brightness_dark,T013-S2,2,0,0.0,True
15,A,brightness_dark,T013-S2,4,0,,False
16,A,brightness_dark,T013-S2,1,0,0.0,True
16,A,brightness_dark,T013-S2,4,0,0.0,True
16,A,brightness_dark,T013-S2,6,0,0.0,True
16,A,brightness_dark,T013-S2,8,0,0.0,True
16,A,brightness_dark,T013-S2,9,0,0.0,True
17,A,brightness_dark,T013-S2,1,0,0.0,True
17,A,brightness_dark,T013-S2,4,0,0.0,True
17,A,brightness_dark,T013-S2,8,0,0.0,True
18,A,brightness_dark,T013-S2,0,0,0.0,True
18,A,brightness_dark,T013-S2,3,0,0.0,True
18,A,brightness_dark,T013-S2,6,0,0.0,True
19,A,brightness_dark,T013-S2,0,0,0.0,True
19,A,brightness_dark,T013-S2,2,0,0.0,True
19,A,brightness_dark,T013-S2,7,0,0.0,True
20,A,brightness_dark,T013-S2,6,0,0.0,True
21,A,brightness_dark,T013-S2,4,5/746,1.0,True
22,A,brightness_dark,T013-S2,1,0,0.0,True
22,A,brightness_dark,T013-S2,2,0,0.0,True
23,A,brightness_dark,T013-S2,0,0,0.0,True
23,A,brightness_dark,T013-S2,2,0,0.0,True
23,A,brightness_dark,T013-S2,5,0,0.0,True
23,A,brightness_dark,T013-S2,8,0,0.0,True
23,A,brightness_dark,T013-S2,9,0,0.0,True
24,A,brightness_dark,T013-S2,3,0,0.0,True
24,A,brightness_dark,T013-S2,7,0,0.0,True
24,A,brightness_dark,T013-S2,9,229/17342,0.4956521739130435,True
25,A,brightness_dark,T013-S2,0,0,0.0,True
25,A,brightness_dark,T013-S2,1,0,0.0,True
25,A,brightness_dark,T013-S2,4,-3011/113321,-0.3988871961316818,True
26,A,brightness_dark,T013-S2,5,0,0.0,True
26,A,brightness_dark,T013-S2,6,0,0.0,True
27,A,brightness_dark,T013-S2,1,44/299,0.1527777777777778,True
28,A,brightness_dark,T013-S2,0,0,0.0,True
28,A,brightness_dark,T013-S2,2,0,0.0,True
28,A,brightness_dark,T013-S2,3,0,0.0,True
28,A,brightness_dark,T013-S2,4,0,0.0,True
28,A,brightness_dark,T013-S2,5,0,0.0,True
28,A,brightness_dark,T013-S2,8,0,0.0,True
29,A,brightness_dark,T013-S2,1,0,0.0,True
30,A,brightness_dark,T013-S2,2,0,0.0,True
30,A,brightness_dark,T013-S2,4,0,0.0,True
30,A,brightness_dark,T013-S2,5,0,0.0,True
31,A,brightness_dark,T013-S2,8,0,0.0,True
32,A,brightness_dark,T013-S2,0,0,0.0,True
32,A,brightness_dark,T013-S2,2,0,0.0,True
32,A,brightness_dark,T013-S2,4,0,0.0,True
32,A,brightness_dark,T013-S2,5,0,0.0,True
32,A,brightness_dark,T013-S2,8,0,0.0,True
33,A,brightness_dark,T013-S2,0,0,0.0,True
33,A,brightness_dark,T013-S2,3,-32155/561678,-0.2236636177094564,True
34,A,brightness_dark,T013-S2,2,0,0.0,True
34,A,brightness_dark,T013-S2,3,-5514610/279914973,-0.32011797892876825,True
34,A,brightness_dark,T013-S2,8,0,0.0,True
35,A,brightness_dark,T013-S2,1,0,0.0,True
35,A,brightness_dark,T013-S2,8,0,0.0,True
36,A,brightness_dark,T013-S2,0,0,0.0,True
36,A,brightness_dark,T013-S2,1,0,0.0,True
36,A,brightness_dark,T013-S2,6,0,0.0,True
36,A,brightness_dark,T013-S2,7,0,0.0,True
36,A,brightness_dark,T013-S2,9,0,0.0,True
37,A,brightness_dark,T013-S2,2,0,,False
37,A,brightness_dark,T013-S2,6,0,,False
37,A,brightness_dark,T013-S2,9,0,,False
38,A,brightness_dark,T013-S2,8,0,0.0,True
39,A,brightness_dark,T013-S2,2,0,0.0,True
40,A,brightness_dark,T013-S2,9,-575/42978,,False
41,A,brightness_dark,T013-S2,0,0,0.0,True
41,A,brightness_dark,T013-S2,1,0,0.0,True
41,A,brightness_dark,T013-S2,3,0,0.0,True
41,A,brightness_dark,T013-S2,9,0,0.0,True
42,A,brightness_dark,T013-S2,0,0,0.0,True
42,A,brightness_dark,T013-S2,1,0,0.0,True
42,A,brightness_dark,T013-S2,2,0,0.0,True
43,A,brightness_dark,T013-S2,0,0,0.0,True
43,A,brightness_dark,T013-S2,4,0,0.0,True
44,A,brightness_dark,T013-S2,0,0,0.0,True
44,A,brightness_dark,T013-S2,8,0,0.0,True
44,A,brightness_dark,T013-S2,9,0,0.0,True
45,A,brightness_dark,T013-S2,2,-35/1133259,,False
45,A,brightness_dark,T013-S2,4,-10/503,,False
45,A,brightness_dark,T013-S2,5,0,,False
45,A,brightness_dark,T013-S2,8,10/1509,,False
46,A,brightness_dark,T013-S2,2,0,0.0,True
46,A,brightness_dark,T013-S2,4,0,0.0,True
46,A,brightness_dark,T013-S2,5,1/30,1.0,True
47,A,brightness_dark,T013-S2,0,0,0.0,True
47,A,brightness_dark,T013-S2,1,0,0.0,True
47,A,brightness_dark,T013-S2,2,0,0.0,True
47,A,brightness_dark,T013-S2,4,0,0.0,True
47,A,brightness_dark,T013-S2,8,0,0.0,True
48,A,brightness_dark,T013-S2,4,3785/142883,1.0,True
48,A,brightness_dark,T013-S2,7,0,0.0,True
48,A,brightness_dark,T013-S2,9,0,0.0,True
49,A,brightness_dark,T013-S2,1,0,0.0,True
49,A,brightness_dark,T013-S2,3,2179/17043,0.3018005540166205,True
50,A,brightness_dark,T013-S2,2,1009370601/5647407350,8.99020348342678,True
50,A,brightness_dark,T013-S2,5,0,0.0,True
51,A,brightness_dark,T013-S2,3,0,,False
51,A,brightness_dark,T013-S2,4,0,,False
51,A,brightness_dark,T013-S2,9,0,,False
52,A,brightness_dark,T013-S2,0,0,0.0,True
52,A,brightness_dark,T013-S2,2,0,0.0,True
53,A,brightness_dark,T013-S2,1,457/17342,0.13637720083557148,True
53,A,brightness_dark,T013-S2,7,457/17342,0.13637720083557148,True
54,A,brightness_dark,T013-S2,2,0,0.0,True
54,A,brightness_dark,T013-S2,6,0,0.0,True
54,A,brightness_dark,T013-S2,7,0,0.0,True
55,A,brightness_dark,T013-S2,0,0,0.0,True
55,A,brightness_dark,T013-S2,8,0,0.0,True
56,A,brightness_dark,T013-S2,3,-10080/256027,,False
56,A,brightness_dark,T013-S2,4,0,,False
56,A,brightness_dark,T013-S2,6,0,,False
56,A,brightness_dark,T013-S2,9,0,,False
57,A,brightness_dark,T013-S2,0,0,0.0,True
57,A,brightness_dark,T013-S2,1,-2105479/433744350,-0.027722985948762987,True
57,A,brightness_dark,T013-S2,3,-2105479/433744350,-0.027722985948762987,True
57,A,brightness_dark,T013-S2,4,0,0.0,True
57,A,brightness_dark,T013-S2,6,0,0.0,True
58,A,brightness_dark,T013-S2,0,0,0.0,True
58,A,brightness_dark,T013-S2,9,0,0.0,True
59,A,brightness_dark,T013-S2,0,0,0.0,True
59,A,brightness_dark,T013-S2,1,0,0.0,True
59,A,brightness_dark,T013-S2,3,0,0.0,True
59,A,brightness_dark,T013-S2,5,0,0.0,True
59,A,brightness_dark,T013-S2,6,0,0.0,True
60,A,brightness_dark,T013-S2,0,0,0.0,True
61,A,brightness_dark,T013-S2,0,0,0.0,True
61,A,brightness_dark,T013-S2,4,0,0.0,True
61,A,brightness_dark,T013-S2,5,0,0.0,True
61,A,brightness_dark,T013-S2,7,0,0.0,True
62,A,brightness_dark,T013-S2,0,0,0.0,True
62,A,brightness_dark,T013-S2,5,0,0.0,True
62,A,brightness_dark,T013-S2,6,0,0.0,True
62,A,brightness_dark,T013-S2,9,0,0.0,True
63,A,brightness_dark,T013-S2,3,0,0.0,True
63,A,brightness_dark,T013-S2,4,0,0.0,True
63,A,brightness_dark,T013-S2,6,0,0.0,True
64,A,brightness_dark,T013-S2,1,22430/556491,0.42545523520485584,True
64,A,brightness_dark,T013-S2,3,28751200/283253919,1.0714275067003347,True
64,A,brightness_dark,T013-S2,5,2603747/27824550,0.9877644157814871,True
64,A,brightness_dark,T013-S2,8,125/1146777,0.0011505719507141558,True
64,A,brightness_dark,T013-S2,9,125/1146777,0.0011505719507141558,True
65,A,brightness_dark,T013-S2,5,3/50,1.0,True
66,A,brightness_dark,T013-S2,7,-5/754,-0.2513125250512201,True
66,A,brightness_dark,T013-S2,8,-5/754,-0.2513125250512201,True
66,A,brightness_dark,T013-S2,9,37675/1146777,1.2450585132948702,True
67,A,brightness_dark,T013-S2,1,42271673/488394075,0.7223027487760533,True
67,A,brightness_dark,T013-S2,2,-52104721/976788150,-0.44516079600764025,True
67,A,brightness_dark,T013-S2,5,42271673/488394075,0.7223027487760533,True
67,A,brightness_dark,T013-S2,7,42271673/488394075,0.7223027487760533,True
67,A,brightness_dark,T013-S2,8,-52104721/976788150,-0.44516079600764025,True
68,A,brightness_dark,T013-S2,1,0,0.0,True
68,A,brightness_dark,T013-S2,7,0,0.0,True
68,A,brightness_dark,T013-S2,9,0,0.0,True
69,A,brightness_dark,T013-S2,2,0,0.0,True
69,A,brightness_dark,T013-S2,5,0,0.0,True
69,A,brightness_dark,T013-S2,7,0,0.0,True
70,A,brightness_dark,T013-S2,0,0,0.0,True
70,A,brightness_dark,T013-S2,8,0,0.0,True
71,A,brightness_dark,T013-S2,4,0,0.0,True
71,A,brightness_dark,T013-S2,5,0,0.0,True
71,A,brightness_dark,T013-S2,8,0,0.0,True
72,A,brightness_dark,T013-S2,0,0,0.0,True
72,A,brightness_dark,T013-S2,5,0,0.0,True
72,A,brightness_dark,T013-S2,8,0,0.0,True
73,A,brightness_dark,T013-S2,5,0,0.0,True
73,A,brightness_dark,T013-S2,6,0,0.0,True
73,A,brightness_dark,T013-S2,7,0,0.0,True
74,A,brightness_dark,T013-S2,6,0,0.0,True
75,A,brightness_dark,T013-S2,0,0,0.0,True
75,A,brightness_dark,T013-S2,1,0,0.0,True
75,A,brightness_dark,T013-S2,3,0,0.0,True
76,A,brightness_dark,T013-S2,1,0,0.0,True
76,A,brightness_dark,T013-S2,6,0,0.0,True
76,A,brightness_dark,T013-S2,7,0,0.0,True
77,A,brightness_dark,T013-S2,0,2480/190637,0.28025237781335344,True
77,A,brightness_dark,T013-S2,2,30/503,1.2848667482813825,True
78,A,brightness_dark,T013-S2,4,0,0.0,True
78,A,brightness_dark,T013-S2,5,1201/22530,1.0,True
78,A,brightness_dark,T013-S2,8,0,0.0,True
79,A,brightness_dark,T013-S2,1,0,0.0,True
79,A,brightness_dark,T013-S2,2,0,0.0,True
79,A,brightness_dark,T013-S2,5,0,0.0,True
80,A,brightness_dark,T013-S2,6,0,0.0,True
80,A,brightness_dark,T013-S2,7,0,0.0,True
81,A,brightness_dark,T013-S2,7,0,0.0,True
81,A,brightness_dark,T013-S2,9,0,0.0,True
82,A,brightness_dark,T013-S2,3,0,0.0,True
82,A,brightness_dark,T013-S2,7,0,0.0,True
83,A,brightness_dark,T013-S2,4,0,0.0,True
83,A,brightness_dark,T013-S2,7,0,0.0,True
83,A,brightness_dark,T013-S2,8,0,0.0,True
84,A,brightness_dark,T013-S2,2,0,0.0,True
84,A,brightness_dark,T013-S2,3,0,0.0,True
84,A,brightness_dark,T013-S2,6,25750/768081,0.285920497446147,True
85,A,brightness_dark,T013-S2,5,0,0.0,True
85,A,brightness_dark,T013-S2,6,0,0.0,True
86,A,brightness_dark,T013-S2,2,0,,False
86,A,brightness_dark,T013-S2,4,0,,False
86,A,brightness_dark,T013-S2,5,-1/150,,False
86,A,brightness_dark,T013-S2,6,-1/150,,False
87,A,brightness_dark,T013-S2,3,43825/185497,1.165558510638298,True
87,A,brightness_dark,T013-S2,5,0,0.0,True
88,A,brightness_dark,T013-S2,3,0,0.0,True
88,A,brightness_dark,T013-S2,4,0,0.0,True
88,A,brightness_dark,T013-S2,6,0,0.0,True
88,A,brightness_dark,T013-S2,9,0,0.0,True
89,A,brightness_dark,T013-S2,4,0,0.0,True
89,A,brightness_dark,T013-S2,5,0,0.0,True
90,A,brightness_dark,T013-S2,2,0,0.0,True
90,A,brightness_dark,T013-S2,3,0,0.0,True
90,A,brightness_dark,T013-S2,5,0,0.0,True
90,A,brightness_dark,T013-S2,9,0,0.0,True
91,A,brightness_dark,T013-S2,3,0,0.0,True
91,A,brightness_dark,T013-S2,7,0,0.0,True
91,A,brightness_dark,T013-S2,9,0,0.0,True
92,A,brightness_dark,T013-S2,1,168787/12799293,0.03341629977838219,True
92,A,brightness_dark,T013-S2,3,0,0.0,True
92,A,brightness_dark,T013-S2,8,0,0.0,True
93,A,brightness_dark,T013-S2,4,0,0.0,True
94,A,brightness_dark,T013-S2,1,0,0.0,True
94,A,brightness_dark,T013-S2,5,0,0.0,True
95,A,brightness_dark,T013-S2,1,0,0.0,True
95,A,brightness_dark,T013-S2,5,0,0.0,True
95,A,brightness_dark,T013-S2,6,0,0.0,True
96,A,brightness_dark,T013-S2,7,0,0.0,True
96,A,brightness_dark,T013-S2,9,-12800/377169,-0.6293677889394597,True
97,A,brightness_dark,T013-S2,2,-110/1509,-2.2,True
97,A,brightness_dark,T013-S2,3,0,0.0,True
97,A,brightness_dark,T013-S2,9,0,0.0,True
98,A,brightness_dark,T013-S2,5,0,0.0,True
98,A,brightness_dark,T013-S2,6,0,0.0,True
98,A,brightness_dark,T013-S2,9,0,0.0,True
99,A,brightness_dark,T013-S2,0,0,0.0,True
99,A,brightness_dark,T013-S2,3,0,0.0,True
99,A,brightness_dark,T013-S2,4,0,0.0,True
99,A,brightness_dark,T013-S2,5,0,0.0,True
99,A,brightness_dark,T013-S2,7,0,0.0,True
99,A,brightness_dark,T013-S2,9,0,0.0,True
0,A,brightness_dark,T013-S3,1,0,0.0,True
0,A,brightness_dark,T013-S3,6,0,0.0,True
0,A,brightness_dark,T013-S3,7,0,0.0,True
1,A,brightness_dark,T013-S3,1,0,0.0,True
1,A,brightness_dark,T013-S3,7,0,0.0,True
2,A,brightness_dark,T013-S3,3,0,,False
2,A,brightness_dark,T013-S3,4,0,,False
2,A,brightness_dark,T013-S3,9,0,,False
3,A,brightness_dark,T013-S3,0,0,0.0,True
4,A,brightness_dark,T013-S3,4,0,0.0,True
4,A,brightness_dark,T013-S3,5,0,0.0,True
4,A,brightness_dark,T013-S3,9,0,0.0,True
5,A,brightness_dark,T013-S3,0,0,0.0,True
5,A,brightness_dark,T013-S3,2,0,0.0,True
5,A,brightness_dark,T013-S3,5,0,0.0,True
6,A,brightness_dark,T013-S3,0,0,0.0,True
6,A,brightness_dark,T013-S3,3,0,0.0,True
6,A,brightness_dark,T013-S3,6,-9980/125723,-0.2792834317922087,True
7,A,brightness_dark,T013-S3,1,0,0.0,True
7,A,brightness_dark,T013-S3,3,2984/17043,0.42689556509299,True
8,A,brightness_dark,T013-S3,0,0,0.0,True
8,A,brightness_dark,T013-S3,5,0,0.0,True
9,A,brightness_dark,T013-S3,7,0,0.0,True
9,A,brightness_dark,T013-S3,8,0,0.0,True
10,A,brightness_dark,T013-S3,2,222764229/2131727078,2.6322685793481173,True
10,A,brightness_dark,T013-S3,3,222764229/2131727078,2.6322685793481173,True
10,A,brightness_dark,T013-S3,4,0,0.0,True
11,A,brightness_dark,T013-S3,2,7755/377753,0.2181536874677669,True
11,A,brightness_dark,T013-S3,8,7755/377753,0.2181536874677669,True
12,A,brightness_dark,T013-S3,2,0,0.0,True
12,A,brightness_dark,T013-S3,7,0,0.0,True
13,A,brightness_dark,T013-S3,1,0,0.0,True
13,A,brightness_dark,T013-S3,3,0,0.0,True
13,A,brightness_dark,T013-S3,5,0,0.0,True
14,A,brightness_dark,T013-S3,1,0,0.0,True
14,A,brightness_dark,T013-S3,2,0,0.0,True
15,A,brightness_dark,T013-S3,4,0,,False
16,A,brightness_dark,T013-S3,1,0,0.0,True
16,A,brightness_dark,T013-S3,4,0,0.0,True
16,A,brightness_dark,T013-S3,6,0,0.0,True
16,A,brightness_dark,T013-S3,8,0,0.0,True
16,A,brightness_dark,T013-S3,9,0,0.0,True
17,A,brightness_dark,T013-S3,1,0,0.0,True
17,A,brightness_dark,T013-S3,4,0,0.0,True
17,A,brightness_dark,T013-S3,8,0,0.0,True
18,A,brightness_dark,T013-S3,0,0,0.0,True
18,A,brightness_dark,T013-S3,3,0,0.0,True
18,A,brightness_dark,T013-S3,6,0,0.0,True
19,A,brightness_dark,T013-S3,0,0,0.0,True
19,A,brightness_dark,T013-S3,2,0,0.0,True
19,A,brightness_dark,T013-S3,7,0,0.0,True
20,A,brightness_dark,T013-S3,6,0,0.0,True
21,A,brightness_dark,T013-S3,4,0,,False
22,A,brightness_dark,T013-S3,1,0,0.0,True
22,A,brightness_dark,T013-S3,2,0,0.0,True
23,A,brightness_dark,T013-S3,0,0,0.0,True
23,A,brightness_dark,T013-S3,2,0,0.0,True
23,A,brightness_dark,T013-S3,5,0,0.0,True
23,A,brightness_dark,T013-S3,8,0,0.0,True
23,A,brightness_dark,T013-S3,9,0,0.0,True
24,A,brightness_dark,T013-S3,3,0,0.0,True
24,A,brightness_dark,T013-S3,7,0,0.0,True
24,A,brightness_dark,T013-S3,9,229/17342,0.4956521739130435,True
25,A,brightness_dark,T013-S3,0,0,0.0,True
25,A,brightness_dark,T013-S3,1,0,0.0,True
25,A,brightness_dark,T013-S3,4,-3011/113321,-0.3988871961316818,True
26,A,brightness_dark,T013-S3,5,0,0.0,True
26,A,brightness_dark,T013-S3,6,0,0.0,True
27,A,brightness_dark,T013-S3,1,14/299,0.04861111111111111,True
28,A,brightness_dark,T013-S3,0,0,0.0,True
28,A,brightness_dark,T013-S3,2,0,0.0,True
28,A,brightness_dark,T013-S3,3,0,0.0,True
28,A,brightness_dark,T013-S3,4,0,0.0,True
28,A,brightness_dark,T013-S3,5,0,0.0,True
28,A,brightness_dark,T013-S3,8,0,0.0,True
29,A,brightness_dark,T013-S3,1,0,0.0,True
30,A,brightness_dark,T013-S3,2,0,0.0,True
30,A,brightness_dark,T013-S3,4,0,0.0,True
30,A,brightness_dark,T013-S3,5,0,0.0,True
31,A,brightness_dark,T013-S3,8,0,0.0,True
32,A,brightness_dark,T013-S3,0,0,0.0,True
32,A,brightness_dark,T013-S3,2,0,0.0,True
32,A,brightness_dark,T013-S3,4,0,0.0,True
32,A,brightness_dark,T013-S3,5,0,0.0,True
32,A,brightness_dark,T013-S3,8,0,0.0,True
33,A,brightness_dark,T013-S3,0,0,0.0,True
33,A,brightness_dark,T013-S3,3,-32155/561678,-0.2236636177094564,True
34,A,brightness_dark,T013-S3,2,0,0.0,True
34,A,brightness_dark,T013-S3,3,-5514610/279914973,-0.32011797892876825,True
34,A,brightness_dark,T013-S3,8,0,0.0,True
35,A,brightness_dark,T013-S3,1,0,0.0,True
35,A,brightness_dark,T013-S3,8,0,0.0,True
36,A,brightness_dark,T013-S3,0,0,0.0,True
36,A,brightness_dark,T013-S3,1,0,0.0,True
36,A,brightness_dark,T013-S3,6,0,0.0,True
36,A,brightness_dark,T013-S3,7,0,0.0,True
36,A,brightness_dark,T013-S3,9,0,0.0,True
37,A,brightness_dark,T013-S3,2,0,,False
37,A,brightness_dark,T013-S3,6,0,,False
37,A,brightness_dark,T013-S3,9,0,,False
38,A,brightness_dark,T013-S3,8,0,0.0,True
39,A,brightness_dark,T013-S3,2,0,0.0,True
40,A,brightness_dark,T013-S3,9,-575/42978,,False
41,A,brightness_dark,T013-S3,0,0,0.0,True
41,A,brightness_dark,T013-S3,1,0,0.0,True
41,A,brightness_dark,T013-S3,3,0,0.0,True
41,A,brightness_dark,T013-S3,9,0,0.0,True
42,A,brightness_dark,T013-S3,0,0,0.0,True
42,A,brightness_dark,T013-S3,1,0,0.0,True
42,A,brightness_dark,T013-S3,2,0,0.0,True
43,A,brightness_dark,T013-S3,0,0,0.0,True
43,A,brightness_dark,T013-S3,4,0,0.0,True
44,A,brightness_dark,T013-S3,0,0,0.0,True
44,A,brightness_dark,T013-S3,8,0,0.0,True
44,A,brightness_dark,T013-S3,9,0,0.0,True
45,A,brightness_dark,T013-S3,2,7475/1133259,,False
45,A,brightness_dark,T013-S3,4,-20/1509,,False
45,A,brightness_dark,T013-S3,5,0,,False
45,A,brightness_dark,T013-S3,8,20/1509,,False
46,A,brightness_dark,T013-S3,2,0,0.0,True
46,A,brightness_dark,T013-S3,4,0,0.0,True
46,A,brightness_dark,T013-S3,5,1/30,1.0,True
47,A,brightness_dark,T013-S3,0,0,0.0,True
47,A,brightness_dark,T013-S3,1,0,0.0,True
47,A,brightness_dark,T013-S3,2,0,0.0,True
47,A,brightness_dark,T013-S3,4,0,0.0,True
47,A,brightness_dark,T013-S3,8,0,0.0,True
48,A,brightness_dark,T013-S3,4,3785/142883,1.0,True
48,A,brightness_dark,T013-S3,7,0,0.0,True
48,A,brightness_dark,T013-S3,9,0,0.0,True
49,A,brightness_dark,T013-S3,1,0,0.0,True
49,A,brightness_dark,T013-S3,3,2179/17043,0.3018005540166205,True
50,A,brightness_dark,T013-S3,2,1009370601/5647407350,8.99020348342678,True
50,A,brightness_dark,T013-S3,5,0,0.0,True
51,A,brightness_dark,T013-S3,3,0,,False
51,A,brightness_dark,T013-S3,4,0,,False
51,A,brightness_dark,T013-S3,9,0,,False
52,A,brightness_dark,T013-S3,0,0,0.0,True
52,A,brightness_dark,T013-S3,2,0,0.0,True
53,A,brightness_dark,T013-S3,1,0,0.0,True
53,A,brightness_dark,T013-S3,7,0,0.0,True
54,A,brightness_dark,T013-S3,2,0,0.0,True
54,A,brightness_dark,T013-S3,6,0,0.0,True
54,A,brightness_dark,T013-S3,7,0,0.0,True
55,A,brightness_dark,T013-S3,0,0,0.0,True
55,A,brightness_dark,T013-S3,8,0,0.0,True
56,A,brightness_dark,T013-S3,3,-10080/256027,,False
56,A,brightness_dark,T013-S3,4,0,,False
56,A,brightness_dark,T013-S3,6,0,,False
56,A,brightness_dark,T013-S3,9,0,,False
57,A,brightness_dark,T013-S3,0,0,0.0,True
57,A,brightness_dark,T013-S3,1,-2105479/433744350,-0.027722985948762987,True
57,A,brightness_dark,T013-S3,3,-2105479/433744350,-0.027722985948762987,True
57,A,brightness_dark,T013-S3,4,0,0.0,True
57,A,brightness_dark,T013-S3,6,0,0.0,True
58,A,brightness_dark,T013-S3,0,0,0.0,True
58,A,brightness_dark,T013-S3,9,0,0.0,True
59,A,brightness_dark,T013-S3,0,0,0.0,True
59,A,brightness_dark,T013-S3,1,0,0.0,True
59,A,brightness_dark,T013-S3,3,0,0.0,True
59,A,brightness_dark,T013-S3,5,0,0.0,True
59,A,brightness_dark,T013-S3,6,0,0.0,True
60,A,brightness_dark,T013-S3,0,0,0.0,True
61,A,brightness_dark,T013-S3,0,-5/754,-1.0,True
61,A,brightness_dark,T013-S3,4,0,0.0,True
61,A,brightness_dark,T013-S3,5,0,0.0,True
61,A,brightness_dark,T013-S3,7,0,0.0,True
62,A,brightness_dark,T013-S3,0,0,0.0,True
62,A,brightness_dark,T013-S3,5,0,0.0,True
62,A,brightness_dark,T013-S3,6,0,0.0,True
62,A,brightness_dark,T013-S3,9,0,0.0,True
63,A,brightness_dark,T013-S3,3,0,0.0,True
63,A,brightness_dark,T013-S3,4,0,0.0,True
63,A,brightness_dark,T013-S3,6,0,0.0,True
64,A,brightness_dark,T013-S3,1,0,0.0,True
64,A,brightness_dark,T013-S3,3,444470/7262921,0.645972271495479,True
64,A,brightness_dark,T013-S3,5,6001/112650,0.5623091805766313,True
64,A,brightness_dark,T013-S3,8,-11385995/283253919,-0.4243046632541417,True
64,A,brightness_dark,T013-S3,9,-11385995/283253919,-0.4243046632541417,True
65,A,brightness_dark,T013-S3,5,3/50,1.0,True
66,A,brightness_dark,T013-S3,7,-10/509,-0.7445565575191353,True
66,A,brightness_dark,T013-S3,8,-10/509,-0.7445565575191353,True
66,A,brightness_dark,T013-S3,9,17153215/864669858,0.7518144808269549,True
67,A,brightness_dark,T013-S3,1,463/8671,0.4456070185910926,True
67,A,brightness_dark,T013-S3,2,-84491117/976788150,-0.721856526192601,True
67,A,brightness_dark,T013-S3,5,463/8671,0.4456070185910926,True
67,A,brightness_dark,T013-S3,7,463/8671,0.4456070185910926,True
67,A,brightness_dark,T013-S3,8,-84491117/976788150,-0.721856526192601,True
68,A,brightness_dark,T013-S3,1,0,0.0,True
68,A,brightness_dark,T013-S3,7,0,0.0,True
68,A,brightness_dark,T013-S3,9,0,0.0,True
69,A,brightness_dark,T013-S3,2,0,0.0,True
69,A,brightness_dark,T013-S3,5,0,0.0,True
69,A,brightness_dark,T013-S3,7,0,0.0,True
70,A,brightness_dark,T013-S3,0,0,0.0,True
70,A,brightness_dark,T013-S3,8,0,0.0,True
71,A,brightness_dark,T013-S3,4,0,0.0,True
71,A,brightness_dark,T013-S3,5,0,0.0,True
71,A,brightness_dark,T013-S3,8,0,0.0,True
72,A,brightness_dark,T013-S3,0,0,0.0,True
72,A,brightness_dark,T013-S3,5,0,0.0,True
72,A,brightness_dark,T013-S3,8,0,0.0,True
73,A,brightness_dark,T013-S3,5,0,0.0,True
73,A,brightness_dark,T013-S3,6,0,0.0,True
73,A,brightness_dark,T013-S3,7,0,0.0,True
74,A,brightness_dark,T013-S3,6,0,0.0,True
75,A,brightness_dark,T013-S3,0,0,0.0,True
75,A,brightness_dark,T013-S3,1,0,0.0,True
75,A,brightness_dark,T013-S3,3,0,0.0,True
76,A,brightness_dark,T013-S3,1,0,0.0,True
76,A,brightness_dark,T013-S3,6,0,0.0,True
76,A,brightness_dark,T013-S3,7,0,0.0,True
77,A,brightness_dark,T013-S3,0,20/503,0.8565778321875883,True
77,A,brightness_dark,T013-S3,2,20/503,0.8565778321875883,True
78,A,brightness_dark,T013-S3,4,0,0.0,True
78,A,brightness_dark,T013-S3,5,1201/22530,1.0,True
78,A,brightness_dark,T013-S3,8,0,0.0,True
79,A,brightness_dark,T013-S3,1,0,0.0,True
79,A,brightness_dark,T013-S3,2,0,0.0,True
79,A,brightness_dark,T013-S3,5,0,0.0,True
80,A,brightness_dark,T013-S3,6,0,0.0,True
80,A,brightness_dark,T013-S3,7,0,0.0,True
81,A,brightness_dark,T013-S3,7,0,0.0,True
81,A,brightness_dark,T013-S3,9,0,0.0,True
82,A,brightness_dark,T013-S3,3,0,0.0,True
82,A,brightness_dark,T013-S3,7,0,0.0,True
83,A,brightness_dark,T013-S3,4,0,0.0,True
83,A,brightness_dark,T013-S3,7,0,0.0,True
83,A,brightness_dark,T013-S3,8,0,0.0,True
84,A,brightness_dark,T013-S3,2,0,0.0,True
84,A,brightness_dark,T013-S3,3,0,0.0,True
84,A,brightness_dark,T013-S3,6,25750/768081,0.285920497446147,True
85,A,brightness_dark,T013-S3,5,0,0.0,True
85,A,brightness_dark,T013-S3,6,0,0.0,True
86,A,brightness_dark,T013-S3,2,0,,False
86,A,brightness_dark,T013-S3,4,0,,False
86,A,brightness_dark,T013-S3,5,-1/150,,False
86,A,brightness_dark,T013-S3,6,-1/150,,False
87,A,brightness_dark,T013-S3,3,43825/185497,1.165558510638298,True
87,A,brightness_dark,T013-S3,5,0,0.0,True
88,A,brightness_dark,T013-S3,3,0,0.0,True
88,A,brightness_dark,T013-S3,4,0,0.0,True
88,A,brightness_dark,T013-S3,6,0,0.0,True
88,A,brightness_dark,T013-S3,9,0,0.0,True
89,A,brightness_dark,T013-S3,4,0,0.0,True
89,A,brightness_dark,T013-S3,5,0,0.0,True
90,A,brightness_dark,T013-S3,2,0,0.0,True
90,A,brightness_dark,T013-S3,3,0,0.0,True
90,A,brightness_dark,T013-S3,5,0,0.0,True
90,A,brightness_dark,T013-S3,9,0,0.0,True
91,A,brightness_dark,T013-S3,3,0,0.0,True
91,A,brightness_dark,T013-S3,7,0,0.0,True
91,A,brightness_dark,T013-S3,9,0,0.0,True
92,A,brightness_dark,T013-S3,1,168787/12799293,0.03341629977838219,True
92,A,brightness_dark,T013-S3,3,0,0.0,True
92,A,brightness_dark,T013-S3,8,0,0.0,True
93,A,brightness_dark,T013-S3,4,-3011/226642,-0.49826245242429257,True
94,A,brightness_dark,T013-S3,1,0,0.0,True
94,A,brightness_dark,T013-S3,5,0,0.0,True
95,A,brightness_dark,T013-S3,1,0,0.0,True
95,A,brightness_dark,T013-S3,5,0,0.0,True
95,A,brightness_dark,T013-S3,6,0,0.0,True
96,A,brightness_dark,T013-S3,7,0,0.0,True
96,A,brightness_dark,T013-S3,9,-12800/377169,-0.6293677889394597,True
97,A,brightness_dark,T013-S3,2,-250/1509,-5.0,True
97,A,brightness_dark,T013-S3,3,0,0.0,True
97,A,brightness_dark,T013-S3,9,0,0.0,True
98,A,brightness_dark,T013-S3,5,0,0.0,True
98,A,brightness_dark,T013-S3,6,0,0.0,True
98,A,brightness_dark,T013-S3,9,0,0.0,True
99,A,brightness_dark,T013-S3,0,0,0.0,True
99,A,brightness_dark,T013-S3,3,0,0.0,True
99,A,brightness_dark,T013-S3,4,0,0.0,True
99,A,brightness_dark,T013-S3,5,0,0.0,True
99,A,brightness_dark,T013-S3,7,0,0.0,True
99,A,brightness_dark,T013-S3,9,0,0.0,True
0,A,contrast_low,T013-S0,1,0,0.0,True
0,A,contrast_low,T013-S0,6,0,0.0,True
0,A,contrast_low,T013-S0,7,-1743/17342,-0.601864640883978,True
1,A,contrast_low,T013-S0,1,0,0.0,True
1,A,contrast_low,T013-S0,7,0,0.0,True
2,A,contrast_low,T013-S0,3,0,0.0,True
2,A,contrast_low,T013-S0,4,0,0.0,True
2,A,contrast_low,T013-S0,9,10/741,2.0,True
3,A,contrast_low,T013-S0,0,5/379,0.1111111111111111,True
4,A,contrast_low,T013-S0,4,0,0.0,True
4,A,contrast_low,T013-S0,5,0,0.0,True
4,A,contrast_low,T013-S0,9,0,0.0,True
5,A,contrast_low,T013-S0,0,-751323/9531850,-0.8518401360544218,True
5,A,contrast_low,T013-S0,2,0,0.0,True
5,A,contrast_low,T013-S0,5,0,0.0,True
6,A,contrast_low,T013-S0,0,0,0.0,True
6,A,contrast_low,T013-S0,3,0,0.0,True
6,A,contrast_low,T013-S0,6,-19835/125723,-1.8275491400491402,True
7,A,contrast_low,T013-S0,1,0,0.0,True
7,A,contrast_low,T013-S0,3,2629/17043,0.7179137083560896,True
8,A,contrast_low,T013-S0,0,1224561/3534175,0.8127826926402203,True
8,A,contrast_low,T013-S0,5,1224561/3534175,0.8127826926402203,True
9,A,contrast_low,T013-S0,7,521011/13023842,0.43004560368131073,True
9,A,contrast_low,T013-S0,8,521011/13023842,0.43004560368131073,True
10,A,contrast_low,T013-S0,2,0,0.0,True
10,A,contrast_low,T013-S0,3,0,0.0,True
10,A,contrast_low,T013-S0,4,-801804007/6395181234,-1.7181548369272315,True
11,A,contrast_low,T013-S0,2,0,0.0,True
11,A,contrast_low,T013-S0,8,0,0.0,True
12,A,contrast_low,T013-S0,2,0,0.0,True
12,A,contrast_low,T013-S0,7,0,0.0,True
13,A,contrast_low,T013-S0,1,0,0.0,True
13,A,contrast_low,T013-S0,3,0,0.0,True
13,A,contrast_low,T013-S0,5,0,0.0,True
14,A,contrast_low,T013-S0,1,0,0.0,True
14,A,contrast_low,T013-S0,2,0,0.0,True
15,A,contrast_low,T013-S0,4,45/746,1.0,True
16,A,contrast_low,T013-S0,1,0,0.0,True
16,A,contrast_low,T013-S0,4,0,0.0,True
16,A,contrast_low,T013-S0,6,0,0.0,True
16,A,contrast_low,T013-S0,8,0,0.0,True
16,A,contrast_low,T013-S0,9,0,0.0,True
17,A,contrast_low,T013-S0,1,0,0.0,True
17,A,contrast_low,T013-S0,4,0,0.0,True
17,A,contrast_low,T013-S0,8,0,0.0,True
18,A,contrast_low,T013-S0,0,0,0.0,True
18,A,contrast_low,T013-S0,3,0,0.0,True
18,A,contrast_low,T013-S0,6,0,0.0,True
19,A,contrast_low,T013-S0,0,0,0.0,True
19,A,contrast_low,T013-S0,2,0,0.0,True
19,A,contrast_low,T013-S0,7,0,0.0,True
20,A,contrast_low,T013-S0,6,0,0.0,True
21,A,contrast_low,T013-S0,4,55/746,1.0,True
22,A,contrast_low,T013-S0,1,0,0.0,True
22,A,contrast_low,T013-S0,2,30740/451191,0.2895574687741376,True
23,A,contrast_low,T013-S0,0,50942615/859010322,8.784807408933867,True
23,A,contrast_low,T013-S0,2,0,0.0,True
23,A,contrast_low,T013-S0,5,0,0.0,True
23,A,contrast_low,T013-S0,8,0,0.0,True
23,A,contrast_low,T013-S0,9,0,0.0,True
24,A,contrast_low,T013-S0,3,0,,False
24,A,contrast_low,T013-S0,7,0,,False
24,A,contrast_low,T013-S0,9,0,,False
25,A,contrast_low,T013-S0,0,0,0.0,True
25,A,contrast_low,T013-S0,1,0,0.0,True
25,A,contrast_low,T013-S0,4,0,0.0,True
26,A,contrast_low,T013-S0,5,0,0.0,True
26,A,contrast_low,T013-S0,6,0,0.0,True
27,A,contrast_low,T013-S0,1,0,0.0,True
28,A,contrast_low,T013-S0,0,-85/561678,-0.005655536570695538,True
28,A,contrast_low,T013-S0,2,-85/561678,-0.005655536570695538,True
28,A,contrast_low,T013-S0,3,-85/561678,-0.005655536570695538,True
28,A,contrast_low,T013-S0,4,-85/561678,-0.005655536570695538,True
28,A,contrast_low,T013-S0,5,0,0.0,True
28,A,contrast_low,T013-S0,8,0,0.0,True
29,A,contrast_low,T013-S0,1,0,0.0,True
30,A,contrast_low,T013-S0,2,12497/75450,1.0,True
30,A,contrast_low,T013-S0,4,0,0.0,True
30,A,contrast_low,T013-S0,5,-1499/25150,-0.3598463631271505,True
31,A,contrast_low,T013-S0,8,0,0.0,True
32,A,contrast_low,T013-S0,0,0,0.0,True
32,A,contrast_low,T013-S0,2,0,0.0,True
32,A,contrast_low,T013-S0,4,0,0.0,True
32,A,contrast_low,T013-S0,5,0,0.0,True
32,A,contrast_low,T013-S0,8,0,0.0,True
33,A,contrast_low,T013-S0,0,0,0.0,True
33,A,contrast_low,T013-S0,3,17140/280839,0.37828293974839994,True
34,A,contrast_low,T013-S0,2,0,0.0,True
34,A,contrast_low,T013-S0,3,-2877414640/142476721257,-0.745044756140284,True
34,A,contrast_low,T013-S0,8,0,0.0,True
35,A,contrast_low,T013-S0,1,0,0.0,True
35,A,contrast_low,T013-S0,8,0,0.0,True
36,A,contrast_low,T013-S0,0,0,0.0,True
36,A,contrast_low,T013-S0,1,0,0.0,True
36,A,contrast_low,T013-S0,6,0,0.0,True
36,A,contrast_low,T013-S0,7,0,0.0,True
36,A,contrast_low,T013-S0,9,0,0.0,True
37,A,contrast_low,T013-S0,2,0,0.0,True
37,A,contrast_low,T013-S0,6,0,0.0,True
37,A,contrast_low,T013-S0,9,-40840/768081,-7.838771593090211,True
38,A,contrast_low,T013-S0,8,0,0.0,True
39,A,contrast_low,T013-S0,2,0,0.0,True
40,A,contrast_low,T013-S0,9,-497/37050,,False
41,A,contrast_low,T013-S0,0,0,0.0,True
41,A,contrast_low,T013-S0,1,0,0.0,True
41,A,contrast_low,T013-S0,3,0,0.0,True
41,A,contrast_low,T013-S0,9,0,0.0,True
42,A,contrast_low,T013-S0,0,0,0.0,True
42,A,contrast_low,T013-S0,1,0,0.0,True
42,A,contrast_low,T013-S0,2,0,0.0,True
43,A,contrast_low,T013-S0,0,0,0.0,True
43,A,contrast_low,T013-S0,4,0,0.0,True
44,A,contrast_low,T013-S0,0,0,0.0,True
44,A,contrast_low,T013-S0,8,0,0.0,True
44,A,contrast_low,T013-S0,9,0,0.0,True
45,A,contrast_low,T013-S0,2,0,0.0,True
45,A,contrast_low,T013-S0,4,0,0.0,True
45,A,contrast_low,T013-S0,5,0,0.0,True
45,A,contrast_low,T013-S0,8,0,0.0,True
46,A,contrast_low,T013-S0,2,-1617/18650,-0.5201029269861692,True
46,A,contrast_low,T013-S0,4,13/150,0.5198884957649834,True
46,A,contrast_low,T013-S0,5,13/150,0.5198884957649834,True
47,A,contrast_low,T013-S0,0,0,0.0,True
47,A,contrast_low,T013-S0,1,0,0.0,True
47,A,contrast_low,T013-S0,2,0,0.0,True
47,A,contrast_low,T013-S0,4,0,0.0,True
47,A,contrast_low,T013-S0,8,0,0.0,True
48,A,contrast_low,T013-S0,4,0,0.0,True
48,A,contrast_low,T013-S0,7,-1890/142883,-0.33038241634642423,True
48,A,contrast_low,T013-S0,9,0,0.0,True
49,A,contrast_low,T013-S0,1,0,0.0,True
49,A,contrast_low,T013-S0,3,0,0.0,True
50,A,contrast_low,T013-S0,2,0,0.0,True
50,A,contrast_low,T013-S0,5,0,0.0,True
51,A,contrast_low,T013-S0,3,0,,False
51,A,contrast_low,T013-S0,4,0,,False
51,A,contrast_low,T013-S0,9,0,,False
52,A,contrast_low,T013-S0,0,0,0.0,True
52,A,contrast_low,T013-S0,2,0,0.0,True
53,A,contrast_low,T013-S0,1,0,0.0,True
53,A,contrast_low,T013-S0,7,0,0.0,True
54,A,contrast_low,T013-S0,2,-9760/768081,,False
54,A,contrast_low,T013-S0,6,0,,False
54,A,contrast_low,T013-S0,7,-8680498135/219491435046,,False
55,A,contrast_low,T013-S0,0,0,0.0,True
55,A,contrast_low,T013-S0,8,0,0.0,True
56,A,contrast_low,T013-S0,3,0,0.0,True
56,A,contrast_low,T013-S0,4,-1259925/63238669,-2.9007359712671907,True
56,A,contrast_low,T013-S0,6,0,0.0,True
56,A,contrast_low,T013-S0,9,-1259925/63238669,-2.9007359712671907,True
57,A,contrast_low,T013-S0,0,0,0.0,True
57,A,contrast_low,T013-S0,1,0,0.0,True
57,A,contrast_low,T013-S0,3,0,0.0,True
57,A,contrast_low,T013-S0,4,0,0.0,True
57,A,contrast_low,T013-S0,6,-9753488333/80893321275,-0.7501786287650051,True
58,A,contrast_low,T013-S0,0,0,,False
58,A,contrast_low,T013-S0,9,0,,False
59,A,contrast_low,T013-S0,0,0,0.0,True
59,A,contrast_low,T013-S0,1,0,0.0,True
59,A,contrast_low,T013-S0,3,0,0.0,True
59,A,contrast_low,T013-S0,5,0,0.0,True
59,A,contrast_low,T013-S0,6,0,0.0,True
60,A,contrast_low,T013-S0,0,85/758,0.4722222222222222,True
61,A,contrast_low,T013-S0,0,0,0.0,True
61,A,contrast_low,T013-S0,4,0,0.0,True
61,A,contrast_low,T013-S0,5,0,0.0,True
61,A,contrast_low,T013-S0,7,1/150,1.0,True
62,A,contrast_low,T013-S0,0,0,0.0,True
62,A,contrast_low,T013-S0,5,0,0.0,True
62,A,contrast_low,T013-S0,6,0,0.0,True
62,A,contrast_low,T013-S0,9,0,0.0,True
63,A,contrast_low,T013-S0,3,-119009/6286150,-0.28545036655379286,True
63,A,contrast_low,T013-S0,4,0,0.0,True
63,A,contrast_low,T013-S0,6,0,0.0,True
64,A,contrast_low,T013-S0,1,0,0.0,True
64,A,contrast_low,T013-S0,3,0,0.0,True
64,A,contrast_low,T013-S0,5,0,0.0,True
64,A,contrast_low,T013-S0,8,0,0.0,True
64,A,contrast_low,T013-S0,9,0,0.0,True
65,A,contrast_low,T013-S0,5,0,0.0,True
66,A,contrast_low,T013-S0,7,0,0.0,True
66,A,contrast_low,T013-S0,8,0,0.0,True
66,A,contrast_low,T013-S0,9,0,0.0,True
67,A,contrast_low,T013-S0,1,0,0.0,True
67,A,contrast_low,T013-S0,2,-6520769/195357630,-0.555647030563206,True
67,A,contrast_low,T013-S0,5,-6520769/195357630,-0.555647030563206,True
67,A,contrast_low,T013-S0,7,0,0.0,True
67,A,contrast_low,T013-S0,8,0,0.0,True
68,A,contrast_low,T013-S0,1,5105/17342,1.0001959247648904,True
68,A,contrast_low,T013-S0,7,5105/17342,1.0001959247648904,True
68,A,contrast_low,T013-S0,9,5105/17342,1.0001959247648904,True
69,A,contrast_low,T013-S0,2,-26921/2013006,-0.672688655672164,True
69,A,contrast_low,T013-S0,5,0,0.0,True
69,A,contrast_low,T013-S0,7,1584434/248606241,0.3205753398604342,True
70,A,contrast_low,T013-S0,0,0,0.0,True
70,A,contrast_low,T013-S0,8,0,0.0,True
71,A,contrast_low,T013-S0,4,1684871/42018450,1.0,True
71,A,contrast_low,T013-S0,5,0,0.0,True
71,A,contrast_low,T013-S0,8,0,0.0,True
72,A,contrast_low,T013-S0,0,0,0.0,True
72,A,contrast_low,T013-S0,5,-1129097/21347175,-0.4178306203196999,True
72,A,contrast_low,T013-S0,8,0,0.0,True
73,A,contrast_low,T013-S0,5,0,0.0,True
73,A,contrast_low,T013-S0,6,0,0.0,True
73,A,contrast_low,T013-S0,7,0,0.0,True
74,A,contrast_low,T013-S0,6,0,0.0,True
75,A,contrast_low,T013-S0,0,0,0.0,True
75,A,contrast_low,T013-S0,1,0,0.0,True
75,A,contrast_low,T013-S0,3,80812/280839,0.717164380234375,True
76,A,contrast_low,T013-S0,1,15014/456573,0.4459249230088559,True
76,A,contrast_low,T013-S0,6,27038/152191,2.409135087580947,True
76,A,contrast_low,T013-S0,7,0,0.0,True
77,A,contrast_low,T013-S0,0,0,0.0,True
77,A,contrast_low,T013-S0,2,0,0.0,True
78,A,contrast_low,T013-S0,4,-826/11265,-0.39275305360788915,True
78,A,contrast_low,T013-S0,5,0,0.0,True
78,A,contrast_low,T013-S0,8,0,0.0,True
79,A,contrast_low,T013-S0,1,0,0.0,True
79,A,contrast_low,T013-S0,2,248401/7519850,1.6615451505016723,True
79,A,contrast_low,T013-S0,5,248401/7519850,1.6615451505016723,True
80,A,contrast_low,T013-S0,6,0,0.0,True
80,A,contrast_low,T013-S0,7,0,0.0,True
81,A,contrast_low,T013-S0,7,5/377,1.0,True
81,A,contrast_low,T013-S0,9,0,0.0,True
82,A,contrast_low,T013-S0,3,0,0.0,True
82,A,contrast_low,T013-S0,7,0,0.0,True
83,A,contrast_low,T013-S0,4,0,0.0,True
83,A,contrast_low,T013-S0,7,0,0.0,True
83,A,contrast_low,T013-S0,8,0,0.0,True
84,A,contrast_low,T013-S0,2,14810/256027,,False
84,A,contrast_low,T013-S0,3,-39820/768081,,False
84,A,contrast_low,T013-S0,6,0,,False
85,A,contrast_low,T013-S0,5,0,0.0,True
85,A,contrast_low,T013-S0,6,0,0.0,True
86,A,contrast_low,T013-S0,2,0,0.0,True
86,A,contrast_low,T013-S0,4,1007/25150,1.1983339944466482,True
86,A,contrast_low,T013-S0,5,1/50,0.5985719952399842,True
86,A,contrast_low,T013-S0,6,0,0.0,True
87,A,contrast_low,T013-S0,3,85915/556491,1.9145480694964347,True
87,A,contrast_low,T013-S0,5,0,0.0,True
88,A,contrast_low,T013-S0,3,0,0.0,True
88,A,contrast_low,T013-S0,4,0,0.0,True
88,A,contrast_low,T013-S0,6,0,0.0,True
88,A,contrast_low,T013-S0,9,0,0.0,True
89,A,contrast_low,T013-S0,4,0,0.0,True
89,A,contrast_low,T013-S0,5,0,0.0,True
90,A,contrast_low,T013-S0,2,0,0.0,True
90,A,contrast_low,T013-S0,3,0,0.0,True
90,A,contrast_low,T013-S0,5,0,0.0,True
90,A,contrast_low,T013-S0,9,0,0.0,True
91,A,contrast_low,T013-S0,3,0,0.0,True
91,A,contrast_low,T013-S0,7,0,0.0,True
91,A,contrast_low,T013-S0,9,-295/42978,-0.5130434782608696,True
92,A,contrast_low,T013-S0,1,0,0.0,True
92,A,contrast_low,T013-S0,3,0,0.0,True
92,A,contrast_low,T013-S0,8,0,0.0,True
93,A,contrast_low,T013-S0,4,3102304/42268733,1.0,True
94,A,contrast_low,T013-S0,1,0,0.0,True
94,A,contrast_low,T013-S0,5,0,0.0,True
95,A,contrast_low,T013-S0,1,0,0.0,True
95,A,contrast_low,T013-S0,5,0,0.0,True
95,A,contrast_low,T013-S0,6,0,0.0,True
96,A,contrast_low,T013-S0,7,0,0.0,True
96,A,contrast_low,T013-S0,9,0,0.0,True
97,A,contrast_low,T013-S0,2,0,0.0,True
97,A,contrast_low,T013-S0,3,0,0.0,True
97,A,contrast_low,T013-S0,9,0,0.0,True
98,A,contrast_low,T013-S0,5,0,0.0,True
98,A,contrast_low,T013-S0,6,0,0.0,True
98,A,contrast_low,T013-S0,9,0,0.0,True
99,A,contrast_low,T013-S0,0,0,0.0,True
99,A,contrast_low,T013-S0,3,0,0.0,True
99,A,contrast_low,T013-S0,4,0,0.0,True
99,A,contrast_low,T013-S0,5,0,0.0,True
99,A,contrast_low,T013-S0,7,-16827492359/120465889050,-0.7494047996028078,True
99,A,contrast_low,T013-S0,9,0,0.0,True
0,A,contrast_low,T013-S1,1,0,0.0,True
0,A,contrast_low,T013-S1,6,0,0.0,True
0,A,contrast_low,T013-S1,7,-12/299,-0.24033149171270718,True
1,A,contrast_low,T013-S1,1,0,0.0,True
1,A,contrast_low,T013-S1,7,0,0.0,True
2,A,contrast_low,T013-S1,3,0,0.0,True
2,A,contrast_low,T013-S1,4,0,0.0,True
2,A,contrast_low,T013-S1,9,0,0.0,True
3,A,contrast_low,T013-S1,0,5/379,0.1111111111111111,True
4,A,contrast_low,T013-S1,4,0,0.0,True
4,A,contrast_low,T013-S1,5,0,0.0,True
4,A,contrast_low,T013-S1,9,0,0.0,True
5,A,contrast_low,T013-S1,0,-751323/9531850,-0.8518401360544218,True
5,A,contrast_low,T013-S1,2,0,0.0,True
5,A,contrast_low,T013-S1,5,0,0.0,True
6,A,contrast_low,T013-S1,0,0,0.0,True
6,A,contrast_low,T013-S1,3,0,0.0,True
6,A,contrast_low,T013-S1,6,0,0.0,True
7,A,contrast_low,T013-S1,1,0,0.0,True
7,A,contrast_low,T013-S1,3,2629/17043,0.7179137083560896,True
8,A,contrast_low,T013-S1,0,1224561/3534175,0.8127826926402203,True
8,A,contrast_low,T013-S1,5,1224561/3534175,0.8127826926402203,True
9,A,contrast_low,T013-S1,7,521011/13023842,0.43004560368131073,True
9,A,contrast_low,T013-S1,8,521011/13023842,0.43004560368131073,True
10,A,contrast_low,T013-S1,2,0,0.0,True
10,A,contrast_low,T013-S1,3,0,0.0,True
10,A,contrast_low,T013-S1,4,-801804007/6395181234,-1.7181548369272315,True
11,A,contrast_low,T013-S1,2,0,0.0,True
11,A,contrast_low,T013-S1,8,0,0.0,True
12,A,contrast_low,T013-S1,2,0,0.0,True
12,A,contrast_low,T013-S1,7,0,0.0,True
13,A,contrast_low,T013-S1,1,0,0.0,True
13,A,contrast_low,T013-S1,3,0,0.0,True
13,A,contrast_low,T013-S1,5,0,0.0,True
14,A,contrast_low,T013-S1,1,0,0.0,True
14,A,contrast_low,T013-S1,2,0,0.0,True
15,A,contrast_low,T013-S1,4,45/746,1.0,True
16,A,contrast_low,T013-S1,1,0,0.0,True
16,A,contrast_low,T013-S1,4,0,0.0,True
16,A,contrast_low,T013-S1,6,0,0.0,True
16,A,contrast_low,T013-S1,8,0,0.0,True
16,A,contrast_low,T013-S1,9,0,0.0,True
17,A,contrast_low,T013-S1,1,0,0.0,True
17,A,contrast_low,T013-S1,4,0,0.0,True
17,A,contrast_low,T013-S1,8,0,0.0,True
18,A,contrast_low,T013-S1,0,0,0.0,True
18,A,contrast_low,T013-S1,3,0,0.0,True
18,A,contrast_low,T013-S1,6,0,0.0,True
19,A,contrast_low,T013-S1,0,0,0.0,True
19,A,contrast_low,T013-S1,2,0,0.0,True
19,A,contrast_low,T013-S1,7,0,0.0,True
20,A,contrast_low,T013-S1,6,0,0.0,True
21,A,contrast_low,T013-S1,4,55/746,1.0,True
22,A,contrast_low,T013-S1,1,0,0.0,True
22,A,contrast_low,T013-S1,2,12716/451191,0.11977920536538497,True
23,A,contrast_low,T013-S1,0,50942615/859010322,8.784807408933867,True
23,A,contrast_low,T013-S1,2,0,0.0,True
23,A,contrast_low,T013-S1,5,0,0.0,True
23,A,contrast_low,T013-S1,8,0,0.0,True
23,A,contrast_low,T013-S1,9,0,0.0,True
24,A,contrast_low,T013-S1,3,0,,False
24,A,contrast_low,T013-S1,7,0,,False
24,A,contrast_low,T013-S1,9,0,,False
25,A,contrast_low,T013-S1,0,0,0.0,True
25,A,contrast_low,T013-S1,1,0,0.0,True
25,A,contrast_low,T013-S1,4,0,0.0,True
26,A,contrast_low,T013-S1,5,0,0.0,True
26,A,contrast_low,T013-S1,6,0,0.0,True
27,A,contrast_low,T013-S1,1,0,0.0,True
28,A,contrast_low,T013-S1,0,-85/561678,-0.005655536570695538,True
28,A,contrast_low,T013-S1,2,-85/561678,-0.005655536570695538,True
28,A,contrast_low,T013-S1,3,-85/561678,-0.005655536570695538,True
28,A,contrast_low,T013-S1,4,-85/561678,-0.005655536570695538,True
28,A,contrast_low,T013-S1,5,0,0.0,True
28,A,contrast_low,T013-S1,8,0,0.0,True
29,A,contrast_low,T013-S1,1,0,0.0,True
30,A,contrast_low,T013-S1,2,12497/75450,1.0,True
30,A,contrast_low,T013-S1,4,0,0.0,True
30,A,contrast_low,T013-S1,5,-3247/37725,-0.5196447147315356,True
31,A,contrast_low,T013-S1,8,0,0.0,True
32,A,contrast_low,T013-S1,0,0,0.0,True
32,A,contrast_low,T013-S1,2,0,0.0,True
32,A,contrast_low,T013-S1,4,0,0.0,True
32,A,contrast_low,T013-S1,5,0,0.0,True
32,A,contrast_low,T013-S1,8,0,0.0,True
33,A,contrast_low,T013-S1,0,0,0.0,True
33,A,contrast_low,T013-S1,3,17140/280839,0.37828293974839994,True
34,A,contrast_low,T013-S1,2,0,0.0,True
34,A,contrast_low,T013-S1,3,-1904903435/142476721257,-0.4932338549582011,True
34,A,contrast_low,T013-S1,8,0,0.0,True
35,A,contrast_low,T013-S1,1,0,0.0,True
35,A,contrast_low,T013-S1,8,0,0.0,True
36,A,contrast_low,T013-S1,0,0,0.0,True
36,A,contrast_low,T013-S1,1,0,0.0,True
36,A,contrast_low,T013-S1,6,0,0.0,True
36,A,contrast_low,T013-S1,7,0,0.0,True
36,A,contrast_low,T013-S1,9,0,0.0,True
37,A,contrast_low,T013-S1,2,0,0.0,True
37,A,contrast_low,T013-S1,6,0,0.0,True
37,A,contrast_low,T013-S1,9,-40840/768081,-7.838771593090211,True
38,A,contrast_low,T013-S1,8,0,0.0,True
39,A,contrast_low,T013-S1,2,0,0.0,True
40,A,contrast_low,T013-S1,9,-497/37050,,False
41,A,contrast_low,T013-S1,0,0,0.0,True
41,A,contrast_low,T013-S1,1,0,0.0,True
41,A,contrast_low,T013-S1,3,0,0.0,True
41,A,contrast_low,T013-S1,9,0,0.0,True
42,A,contrast_low,T013-S1,0,0,0.0,True
42,A,contrast_low,T013-S1,1,0,0.0,True
42,A,contrast_low,T013-S1,2,0,0.0,True
43,A,contrast_low,T013-S1,0,0,0.0,True
43,A,contrast_low,T013-S1,4,0,0.0,True
44,A,contrast_low,T013-S1,0,0,0.0,True
44,A,contrast_low,T013-S1,8,0,0.0,True
44,A,contrast_low,T013-S1,9,0,0.0,True
45,A,contrast_low,T013-S1,2,0,0.0,True
45,A,contrast_low,T013-S1,4,0,0.0,True
45,A,contrast_low,T013-S1,5,0,0.0,True
45,A,contrast_low,T013-S1,8,0,0.0,True
46,A,contrast_low,T013-S1,2,0,0.0,True
46,A,contrast_low,T013-S1,4,2612/27975,0.5600943497373218,True
46,A,contrast_low,T013-S1,5,2612/27975,0.5600943497373218,True
47,A,contrast_low,T013-S1,0,0,0.0,True
47,A,contrast_low,T013-S1,1,0,0.0,True
47,A,contrast_low,T013-S1,2,0,0.0,True
47,A,contrast_low,T013-S1,4,0,0.0,True
47,A,contrast_low,T013-S1,8,0,0.0,True
48,A,contrast_low,T013-S1,4,0,0.0,True
48,A,contrast_low,T013-S1,7,-1890/142883,-0.33038241634642423,True
48,A,contrast_low,T013-S1,9,0,0.0,True
49,A,contrast_low,T013-S1,1,0,0.0,True
49,A,contrast_low,T013-S1,3,0,0.0,True
50,A,contrast_low,T013-S1,2,0,0.0,True
50,A,contrast_low,T013-S1,5,0,0.0,True
51,A,contrast_low,T013-S1,3,0,,False
51,A,contrast_low,T013-S1,4,0,,False
51,A,contrast_low,T013-S1,9,0,,False
52,A,contrast_low,T013-S1,0,0,0.0,True
52,A,contrast_low,T013-S1,2,0,0.0,True
53,A,contrast_low,T013-S1,1,0,0.0,True
53,A,contrast_low,T013-S1,7,0,0.0,True
54,A,contrast_low,T013-S1,2,-9760/768081,,False
54,A,contrast_low,T013-S1,6,0,,False
54,A,contrast_low,T013-S1,7,-8680498135/219491435046,,False
55,A,contrast_low,T013-S1,0,0,0.0,True
55,A,contrast_low,T013-S1,8,0,0.0,True
56,A,contrast_low,T013-S1,3,10/741,1.96484375,True
56,A,contrast_low,T013-S1,4,-10120/768081,-1.9183140962671905,True
56,A,contrast_low,T013-S1,6,0,0.0,True
56,A,contrast_low,T013-S1,9,-10120/768081,-1.9183140962671905,True
57,A,contrast_low,T013-S1,0,0,0.0,True
57,A,contrast_low,T013-S1,1,0,0.0,True
57,A,contrast_low,T013-S1,3,0,0.0,True
57,A,contrast_low,T013-S1,4,0,0.0,True
57,A,contrast_low,T013-S1,6,-9753488333/80893321275,-0.7501786287650051,True
58,A,contrast_low,T013-S1,0,0,,False
58,A,contrast_low,T013-S1,9,0,,False
59,A,contrast_low,T013-S1,0,0,0.0,True
59,A,contrast_low,T013-S1,1,0,0.0,True
59,A,contrast_low,T013-S1,3,0,0.0,True
59,A,contrast_low,T013-S1,5,0,0.0,True
59,A,contrast_low,T013-S1,6,0,0.0,True
60,A,contrast_low,T013-S1,0,85/758,0.4722222222222222,True
61,A,contrast_low,T013-S1,0,0,0.0,True
61,A,contrast_low,T013-S1,4,0,0.0,True
61,A,contrast_low,T013-S1,5,0,0.0,True
61,A,contrast_low,T013-S1,7,1/150,1.0,True
62,A,contrast_low,T013-S1,0,0,0.0,True
62,A,contrast_low,T013-S1,5,0,0.0,True
62,A,contrast_low,T013-S1,6,0,0.0,True
62,A,contrast_low,T013-S1,9,0,0.0,True
63,A,contrast_low,T013-S1,3,-119009/6286150,-0.25909074145309574,True
63,A,contrast_low,T013-S1,4,0,0.0,True
63,A,contrast_low,T013-S1,6,0,0.0,True
64,A,contrast_low,T013-S1,1,0,0.0,True
64,A,contrast_low,T013-S1,3,0,0.0,True
64,A,contrast_low,T013-S1,5,0,0.0,True
64,A,contrast_low,T013-S1,8,0,0.0,True
64,A,contrast_low,T013-S1,9,0,0.0,True
65,A,contrast_low,T013-S1,5,0,0.0,True
66,A,contrast_low,T013-S1,7,0,0.0,True
66,A,contrast_low,T013-S1,8,0,0.0,True
66,A,contrast_low,T013-S1,9,0,0.0,True
67,A,contrast_low,T013-S1,1,0,0.0,True
67,A,contrast_low,T013-S1,2,-6520769/195357630,-0.555647030563206,True
67,A,contrast_low,T013-S1,5,-6520769/195357630,-0.555647030563206,True
67,A,contrast_low,T013-S1,7,0,0.0,True
67,A,contrast_low,T013-S1,8,0,0.0,True
68,A,contrast_low,T013-S1,1,5105/17342,1.0001959247648904,True
68,A,contrast_low,T013-S1,7,5105/17342,1.0001959247648904,True
68,A,contrast_low,T013-S1,9,5105/17342,1.0001959247648904,True
69,A,contrast_low,T013-S1,2,-5002/150397,-1.6729096989966554,True
69,A,contrast_low,T013-S1,5,0,0.0,True
69,A,contrast_low,T013-S1,7,1584434/248606241,0.3205753398604342,True
70,A,contrast_low,T013-S1,0,0,0.0,True
70,A,contrast_low,T013-S1,8,0,0.0,True
71,A,contrast_low,T013-S1,4,1684871/42018450,1.0,True
71,A,contrast_low,T013-S1,5,0,0.0,True
71,A,contrast_low,T013-S1,8,0,0.0,True
72,A,contrast_low,T013-S1,0,0,0.0,True
72,A,contrast_low,T013-S1,5,-1129097/21347175,-0.4178306203196999,True
72,A,contrast_low,T013-S1,8,0,0.0,True
73,A,contrast_low,T013-S1,5,0,0.0,True
73,A,contrast_low,T013-S1,6,0,0.0,True
73,A,contrast_low,T013-S1,7,0,0.0,True
74,A,contrast_low,T013-S1,6,0,0.0,True
75,A,contrast_low,T013-S1,0,0,0.0,True
75,A,contrast_low,T013-S1,1,0,0.0,True
75,A,contrast_low,T013-S1,3,80812/280839,0.717164380234375,True
76,A,contrast_low,T013-S1,1,0,0.0,True
76,A,contrast_low,T013-S1,6,27038/152191,2.409135087580947,True
76,A,contrast_low,T013-S1,7,0,0.0,True
77,A,contrast_low,T013-S1,0,0,0.0,True
77,A,contrast_low,T013-S1,2,0,0.0,True
78,A,contrast_low,T013-S1,4,-14267/112650,-0.6783786701965805,True
78,A,contrast_low,T013-S1,5,0,0.0,True
78,A,contrast_low,T013-S1,8,0,0.0,True
79,A,contrast_low,T013-S1,1,10/503,1.0,True
79,A,contrast_low,T013-S1,2,248401/7519850,1.6615451505016723,True
79,A,contrast_low,T013-S1,5,248401/7519850,1.6615451505016723,True
80,A,contrast_low,T013-S1,6,0,0.0,True
80,A,contrast_low,T013-S1,7,0,0.0,True
81,A,contrast_low,T013-S1,7,0,0.0,True
81,A,contrast_low,T013-S1,9,0,0.0,True
82,A,contrast_low,T013-S1,3,0,0.0,True
82,A,contrast_low,T013-S1,7,0,0.0,True
83,A,contrast_low,T013-S1,4,0,0.0,True
83,A,contrast_low,T013-S1,7,0,0.0,True
83,A,contrast_low,T013-S1,8,0,0.0,True
84,A,contrast_low,T013-S1,2,29780/256027,,False
84,A,contrast_low,T013-S1,3,0,,False
84,A,contrast_low,T013-S1,6,0,,False
85,A,contrast_low,T013-S1,5,0,0.0,True
85,A,contrast_low,T013-S1,6,0,0.0,True
86,A,contrast_low,T013-S1,2,0,0.0,True
86,A,contrast_low,T013-S1,4,1007/25150,1.1983339944466482,True
86,A,contrast_low,T013-S1,5,253/37725,0.20071400238000794,True
86,A,contrast_low,T013-S1,6,0,0.0,True
87,A,contrast_low,T013-S1,3,85915/556491,1.9145480694964347,True
87,A,contrast_low,T013-S1,5,0,0.0,True
88,A,contrast_low,T013-S1,3,0,0.0,True
88,A,contrast_low,T013-S1,4,0,0.0,True
88,A,contrast_low,T013-S1,6,0,0.0,True
88,A,contrast_low,T013-S1,9,0,0.0,True
89,A,contrast_low,T013-S1,4,0,0.0,True
89,A,contrast_low,T013-S1,5,0,0.0,True
90,A,contrast_low,T013-S1,2,0,0.0,True
90,A,contrast_low,T013-S1,3,0,0.0,True
90,A,contrast_low,T013-S1,5,0,0.0,True
90,A,contrast_low,T013-S1,9,0,0.0,True
91,A,contrast_low,T013-S1,3,0,0.0,True
91,A,contrast_low,T013-S1,7,0,0.0,True
91,A,contrast_low,T013-S1,9,-295/42978,-1.0172413793103448,True
92,A,contrast_low,T013-S1,1,0,0.0,True
92,A,contrast_low,T013-S1,3,0,0.0,True
92,A,contrast_low,T013-S1,8,0,0.0,True
93,A,contrast_low,T013-S1,4,2544669/42268733,0.8202513357814063,True
94,A,contrast_low,T013-S1,1,0,0.0,True
94,A,contrast_low,T013-S1,5,0,0.0,True
95,A,contrast_low,T013-S1,1,0,0.0,True
95,A,contrast_low,T013-S1,5,0,0.0,True
95,A,contrast_low,T013-S1,6,0,0.0,True
96,A,contrast_low,T013-S1,7,0,0.0,True
96,A,contrast_low,T013-S1,9,0,0.0,True
97,A,contrast_low,T013-S1,2,0,0.0,True
97,A,contrast_low,T013-S1,3,0,0.0,True
97,A,contrast_low,T013-S1,9,0,0.0,True
98,A,contrast_low,T013-S1,5,0,0.0,True
98,A,contrast_low,T013-S1,6,0,0.0,True
98,A,contrast_low,T013-S1,9,0,0.0,True
99,A,contrast_low,T013-S1,0,0,0.0,True
99,A,contrast_low,T013-S1,3,0,0.0,True
99,A,contrast_low,T013-S1,4,0,0.0,True
99,A,contrast_low,T013-S1,5,0,0.0,True
99,A,contrast_low,T013-S1,7,-16827492359/120465889050,-0.7494047996028078,True
99,A,contrast_low,T013-S1,9,0,0.0,True
0,A,contrast_low,T013-S2,1,0,0.0,True
0,A,contrast_low,T013-S2,6,0,0.0,True
0,A,contrast_low,T013-S2,7,-33530/456573,-0.4397683320850836,True
1,A,contrast_low,T013-S2,1,0,0.0,True
1,A,contrast_low,T013-S2,7,0,0.0,True
2,A,contrast_low,T013-S2,3,0,0.0,True
2,A,contrast_low,T013-S2,4,0,0.0,True
2,A,contrast_low,T013-S2,9,0,0.0,True
3,A,contrast_low,T013-S2,0,5/379,0.1111111111111111,True
4,A,contrast_low,T013-S2,4,0,0.0,True
4,A,contrast_low,T013-S2,5,0,0.0,True
4,A,contrast_low,T013-S2,9,0,0.0,True
5,A,contrast_low,T013-S2,0,-751323/9531850,-1.1866373530568441,True
5,A,contrast_low,T013-S2,2,0,0.0,True
5,A,contrast_low,T013-S2,5,0,0.0,True
6,A,contrast_low,T013-S2,0,0,0.0,True
6,A,contrast_low,T013-S2,3,0,0.0,True
6,A,contrast_low,T013-S2,6,0,0.0,True
7,A,contrast_low,T013-S2,1,0,0.0,True
7,A,contrast_low,T013-S2,3,2629/17043,0.7179137083560896,True
8,A,contrast_low,T013-S2,0,1224561/3534175,0.8127826926402203,True
8,A,contrast_low,T013-S2,5,1224561/3534175,0.8127826926402203,True
9,A,contrast_low,T013-S2,7,521011/13023842,0.43004560368131073,True
9,A,contrast_low,T013-S2,8,521011/13023842,0.43004560368131073,True
10,A,contrast_low,T013-S2,2,0,0.0,True
10,A,contrast_low,T013-S2,3,0,0.0,True
10,A,contrast_low,T013-S2,4,-801804007/6395181234,-1.7181548369272315,True
11,A,contrast_low,T013-S2,2,0,0.0,True
11,A,contrast_low,T013-S2,8,0,0.0,True
12,A,contrast_low,T013-S2,2,0,0.0,True
12,A,contrast_low,T013-S2,7,0,0.0,True
13,A,contrast_low,T013-S2,1,0,0.0,True
13,A,contrast_low,T013-S2,3,0,0.0,True
13,A,contrast_low,T013-S2,5,0,0.0,True
14,A,contrast_low,T013-S2,1,0,0.0,True
14,A,contrast_low,T013-S2,2,0,0.0,True
15,A,contrast_low,T013-S2,4,45/746,1.0,True
16,A,contrast_low,T013-S2,1,0,0.0,True
16,A,contrast_low,T013-S2,4,0,0.0,True
16,A,contrast_low,T013-S2,6,0,0.0,True
16,A,contrast_low,T013-S2,8,0,0.0,True
16,A,contrast_low,T013-S2,9,0,0.0,True
17,A,contrast_low,T013-S2,1,0,0.0,True
17,A,contrast_low,T013-S2,4,0,0.0,True
17,A,contrast_low,T013-S2,8,0,0.0,True
18,A,contrast_low,T013-S2,0,0,0.0,True
18,A,contrast_low,T013-S2,3,0,0.0,True
18,A,contrast_low,T013-S2,6,0,0.0,True
19,A,contrast_low,T013-S2,0,0,0.0,True
19,A,contrast_low,T013-S2,2,0,0.0,True
19,A,contrast_low,T013-S2,7,0,0.0,True
20,A,contrast_low,T013-S2,6,0,0.0,True
21,A,contrast_low,T013-S2,4,55/746,1.0,True
22,A,contrast_low,T013-S2,1,0,0.0,True
22,A,contrast_low,T013-S2,2,11234/150397,0.31745822422335673,True
23,A,contrast_low,T013-S2,0,50942615/859010322,8.784807408933867,True
23,A,contrast_low,T013-S2,2,0,0.0,True
23,A,contrast_low,T013-S2,5,0,0.0,True
23,A,contrast_low,T013-S2,8,0,0.0,True
23,A,contrast_low,T013-S2,9,0,0.0,True
24,A,contrast_low,T013-S2,3,0,0.0,True
24,A,contrast_low,T013-S2,7,0,0.0,True
24,A,contrast_low,T013-S2,9,0,0.0,True
25,A,contrast_low,T013-S2,0,0,0.0,True
25,A,contrast_low,T013-S2,1,0,0.0,True
25,A,contrast_low,T013-S2,4,0,0.0,True
26,A,contrast_low,T013-S2,5,0,0.0,True
26,A,contrast_low,T013-S2,6,0,0.0,True
27,A,contrast_low,T013-S2,1,0,0.0,True
28,A,contrast_low,T013-S2,0,-85/561678,-0.005655536570695538,True
28,A,contrast_low,T013-S2,2,-85/561678,-0.005655536570695538,True
28,A,contrast_low,T013-S2,3,-85/561678,-0.005655536570695538,True
28,A,contrast_low,T013-S2,4,-85/561678,-0.005655536570695538,True
28,A,contrast_low,T013-S2,5,0,0.0,True
28,A,contrast_low,T013-S2,8,0,0.0,True
29,A,contrast_low,T013-S2,1,0,0.0,True
30,A,contrast_low,T013-S2,2,12497/75450,0.7755368002978776,True
30,A,contrast_low,T013-S2,4,0,0.0,True
30,A,contrast_low,T013-S2,5,-3247/37725,-0.4030035993545985,True
31,A,contrast_low,T013-S2,8,0,0.0,True
32,A,contrast_low,T013-S2,0,0,0.0,True
32,A,contrast_low,T013-S2,2,0,0.0,True
32,A,contrast_low,T013-S2,4,0,0.0,True
32,A,contrast_low,T013-S2,5,0,0.0,True
32,A,contrast_low,T013-S2,8,0,0.0,True
33,A,contrast_low,T013-S2,0,0,0.0,True
33,A,contrast_low,T013-S2,3,17140/280839,0.37828293974839994,True
34,A,contrast_low,T013-S2,2,0,0.0,True
34,A,contrast_low,T013-S2,3,-1904903435/142476721257,-0.4932338549582011,True
34,A,contrast_low,T013-S2,8,0,0.0,True
35,A,contrast_low,T013-S2,1,0,0.0,True
35,A,contrast_low,T013-S2,8,0,0.0,True
36,A,contrast_low,T013-S2,0,0,0.0,True
36,A,contrast_low,T013-S2,1,0,0.0,True
36,A,contrast_low,T013-S2,6,0,0.0,True
36,A,contrast_low,T013-S2,7,0,0.0,True
36,A,contrast_low,T013-S2,9,-2/299,-1.0,True
37,A,contrast_low,T013-S2,2,0,0.0,True
37,A,contrast_low,T013-S2,6,0,0.0,True
37,A,contrast_low,T013-S2,9,-40840/768081,-7.838771593090211,True
38,A,contrast_low,T013-S2,8,0,0.0,True
39,A,contrast_low,T013-S2,2,0,0.0,True
40,A,contrast_low,T013-S2,9,-497/37050,,False
41,A,contrast_low,T013-S2,0,0,0.0,True
41,A,contrast_low,T013-S2,1,0,0.0,True
41,A,contrast_low,T013-S2,3,0,0.0,True
41,A,contrast_low,T013-S2,9,0,0.0,True
42,A,contrast_low,T013-S2,0,0,0.0,True
42,A,contrast_low,T013-S2,1,0,0.0,True
42,A,contrast_low,T013-S2,2,0,0.0,True
43,A,contrast_low,T013-S2,0,0,0.0,True
43,A,contrast_low,T013-S2,4,0,0.0,True
44,A,contrast_low,T013-S2,0,0,0.0,True
44,A,contrast_low,T013-S2,8,0,0.0,True
44,A,contrast_low,T013-S2,9,0,0.0,True
45,A,contrast_low,T013-S2,2,0,0.0,True
45,A,contrast_low,T013-S2,4,0,0.0,True
45,A,contrast_low,T013-S2,5,0,0.0,True
45,A,contrast_low,T013-S2,8,0,0.0,True
46,A,contrast_low,T013-S2,2,0,0.0,True
46,A,contrast_low,T013-S2,4,0,0.0,True
46,A,contrast_low,T013-S2,5,7/75,0.5598799185161359,True
47,A,contrast_low,T013-S2,0,0,0.0,True
47,A,contrast_low,T013-S2,1,0,0.0,True
47,A,contrast_low,T013-S2,2,0,0.0,True
47,A,contrast_low,T013-S2,4,0,0.0,True
47,A,contrast_low,T013-S2,8,0,0.0,True
48,A,contrast_low,T013-S2,4,0,0.0,True
48,A,contrast_low,T013-S2,7,-1890/142883,-0.33038241634642423,True
48,A,contrast_low,T013-S2,9,0,0.0,True
49,A,contrast_low,T013-S2,1,0,0.0,True
49,A,contrast_low,T013-S2,3,0,0.0,True
50,A,contrast_low,T013-S2,2,0,0.0,True
50,A,contrast_low,T013-S2,5,0,0.0,True
51,A,contrast_low,T013-S2,3,0,,False
51,A,contrast_low,T013-S2,4,0,,False
51,A,contrast_low,T013-S2,9,0,,False
52,A,contrast_low,T013-S2,0,0,0.0,True
52,A,contrast_low,T013-S2,2,0,0.0,True
53,A,contrast_low,T013-S2,1,0,0.0,True
53,A,contrast_low,T013-S2,7,0,0.0,True
54,A,contrast_low,T013-S2,2,-9760/768081,,False
54,A,contrast_low,T013-S2,6,0,,False
54,A,contrast_low,T013-S2,7,-8680498135/219491435046,,False
55,A,contrast_low,T013-S2,0,0,0.0,True
55,A,contrast_low,T013-S2,8,0,0.0,True
56,A,contrast_low,T013-S2,3,0,0.0,True
56,A,contrast_low,T013-S2,4,-5015/377169,-1.9358922212671905,True
56,A,contrast_low,T013-S2,6,0,0.0,True
56,A,contrast_low,T013-S2,9,-5015/377169,-1.9358922212671905,True
57,A,contrast_low,T013-S2,0,345684707/6471465702,0.3323493998102327,True
57,A,contrast_low,T013-S2,1,345684707/6471465702,0.3323493998102327,True
57,A,contrast_low,T013-S2,3,345684707/6471465702,0.3323493998102327,True
57,A,contrast_low,T013-S2,4,345684707/6471465702,0.3323493998102327,True
57,A,contrast_low,T013-S2,6,-21345499/317851950,-0.4178292289547724,True
58,A,contrast_low,T013-S2,0,0,,False
58,A,contrast_low,T013-S2,9,0,,False
59,A,contrast_low,T013-S2,0,0,0.0,True
59,A,contrast_low,T013-S2,1,0,0.0,True
59,A,contrast_low,T013-S2,3,0,0.0,True
59,A,contrast_low,T013-S2,5,0,0.0,True
59,A,contrast_low,T013-S2,6,0,0.0,True
60,A,contrast_low,T013-S2,0,85/758,0.4722222222222222,True
61,A,contrast_low,T013-S2,0,0,0.0,True
61,A,contrast_low,T013-S2,4,0,0.0,True
61,A,contrast_low,T013-S2,5,0,0.0,True
61,A,contrast_low,T013-S2,7,1/150,1.0,True
62,A,contrast_low,T013-S2,0,0,0.0,True
62,A,contrast_low,T013-S2,5,0,0.0,True
62,A,contrast_low,T013-S2,6,0,0.0,True
62,A,contrast_low,T013-S2,9,0,0.0,True
63,A,contrast_low,T013-S2,3,-119009/6286150,-0.25909074145309574,True
63,A,contrast_low,T013-S2,4,0,0.0,True
63,A,contrast_low,T013-S2,6,0,0.0,True
64,A,contrast_low,T013-S2,1,0,0.0,True
64,A,contrast_low,T013-S2,3,0,0.0,True
64,A,contrast_low,T013-S2,5,0,0.0,True
64,A,contrast_low,T013-S2,8,0,0.0,True
64,A,contrast_low,T013-S2,9,-661049267/7081347975,-1.2664331985551949,True
65,A,contrast_low,T013-S2,5,0,0.0,True
66,A,contrast_low,T013-S2,7,0,0.0,True
66,A,contrast_low,T013-S2,8,0,0.0,True
66,A,contrast_low,T013-S2,9,0,0.0,True
67,A,contrast_low,T013-S2,1,0,0.0,True
67,A,contrast_low,T013-S2,2,-6520769/195357630,-0.555647030563206,True
67,A,contrast_low,T013-S2,5,-6520769/195357630,-0.555647030563206,True
67,A,contrast_low,T013-S2,7,0,0.0,True
67,A,contrast_low,T013-S2,8,0,0.0,True
68,A,contrast_low,T013-S2,1,5105/17342,1.0001959247648904,True
68,A,contrast_low,T013-S2,7,5105/17342,1.0001959247648904,True
68,A,contrast_low,T013-S2,9,5105/17342,1.0001959247648904,True
69,A,contrast_low,T013-S2,2,-12016/451191,-1.3395763656633222,True
69,A,contrast_low,T013-S2,5,0,0.0,True
69,A,contrast_low,T013-S2,7,1584434/248606241,0.3205753398604342,True
70,A,contrast_low,T013-S2,0,0,0.0,True
70,A,contrast_low,T013-S2,8,0,0.0,True
71,A,contrast_low,T013-S2,4,1684871/42018450,1.0,True
71,A,contrast_low,T013-S2,5,0,0.0,True
71,A,contrast_low,T013-S2,8,0,0.0,True
72,A,contrast_low,T013-S2,0,0,0.0,True
72,A,contrast_low,T013-S2,5,-1129097/21347175,-0.4178306203196999,True
72,A,contrast_low,T013-S2,8,0,0.0,True
73,A,contrast_low,T013-S2,5,0,0.0,True
73,A,contrast_low,T013-S2,6,0,0.0,True
73,A,contrast_low,T013-S2,7,0,0.0,True
74,A,contrast_low,T013-S2,6,0,0.0,True
75,A,contrast_low,T013-S2,0,0,0.0,True
75,A,contrast_low,T013-S2,1,0,0.0,True
75,A,contrast_low,T013-S2,3,80812/280839,0.717164380234375,True
76,A,contrast_low,T013-S2,1,9988/152191,0.88994900712917,True
76,A,contrast_low,T013-S2,6,27038/152191,2.409135087580947,True
76,A,contrast_low,T013-S2,7,0,0.0,True
77,A,contrast_low,T013-S2,0,0,0.0,True
77,A,contrast_low,T013-S2,2,0,0.0,True
78,A,contrast_low,T013-S2,4,-851/7510,-0.6069603788504486,True
78,A,contrast_low,T013-S2,5,0,0.0,True
78,A,contrast_low,T013-S2,8,0,0.0,True
79,A,contrast_low,T013-S2,1,0,0.0,True
79,A,contrast_low,T013-S2,2,248401/7519850,1.6615451505016723,True
79,A,contrast_low,T013-S2,5,248401/7519850,1.6615451505016723,True
80,A,contrast_low,T013-S2,6,0,0.0,True
80,A,contrast_low,T013-S2,7,0,0.0,True
81,A,contrast_low,T013-S2,7,5/754,0.5,True
81,A,contrast_low,T013-S2,9,0,0.0,True
82,A,contrast_low,T013-S2,3,0,0.0,True
82,A,contrast_low,T013-S2,7,0,0.0,True
83,A,contrast_low,T013-S2,4,0,0.0,True
83,A,contrast_low,T013-S2,7,0,0.0,True
83,A,contrast_low,T013-S2,8,0,0.0,True
84,A,contrast_low,T013-S2,2,99400/768081,,False
84,A,contrast_low,T013-S2,3,0,,False
84,A,contrast_low,T013-S2,6,39940/768081,,False
85,A,contrast_low,T013-S2,5,0,0.0,True
85,A,contrast_low,T013-S2,6,0,0.0,True
86,A,contrast_low,T013-S2,2,0,0.0,True
86,A,contrast_low,T013-S2,4,1009/75450,0.400238000793336,True
86,A,contrast_low,T013-S2,5,0,0.0,True
86,A,contrast_low,T013-S2,6,-2/75,-0.7980959936533122,True
87,A,contrast_low,T013-S2,3,2613253/27824550,0.6665616629728323,True
87,A,contrast_low,T013-S2,5,0,0.0,True
88,A,contrast_low,T013-S2,3,0,0.0,True
88,A,contrast_low,T013-S2,4,0,0.0,True
88,A,contrast_low,T013-S2,6,0,0.0,True
88,A,contrast_low,T013-S2,9,0,0.0,True
89,A,contrast_low,T013-S2,4,0,0.0,True
89,A,contrast_low,T013-S2,5,0,0.0,True
90,A,contrast_low,T013-S2,2,0,0.0,True
90,A,contrast_low,T013-S2,3,0,0.0,True
90,A,contrast_low,T013-S2,5,0,0.0,True
90,A,contrast_low,T013-S2,9,0,0.0,True
91,A,contrast_low,T013-S2,3,0,0.0,True
91,A,contrast_low,T013-S2,7,0,0.0,True
91,A,contrast_low,T013-S2,9,-295/42978,-1.0172413793103448,True
92,A,contrast_low,T013-S2,1,0,0.0,True
92,A,contrast_low,T013-S2,3,0,0.0,True
92,A,contrast_low,T013-S2,8,0,0.0,True
93,A,contrast_low,T013-S2,4,2544669/42268733,0.8202513357814063,True
94,A,contrast_low,T013-S2,1,0,0.0,True
94,A,contrast_low,T013-S2,5,0,0.0,True
95,A,contrast_low,T013-S2,1,0,0.0,True
95,A,contrast_low,T013-S2,5,0,0.0,True
95,A,contrast_low,T013-S2,6,0,0.0,True
96,A,contrast_low,T013-S2,7,0,0.0,True
96,A,contrast_low,T013-S2,9,0,0.0,True
97,A,contrast_low,T013-S2,2,0,0.0,True
97,A,contrast_low,T013-S2,3,0,0.0,True
97,A,contrast_low,T013-S2,9,0,0.0,True
98,A,contrast_low,T013-S2,5,2641/56550,0.4675715008198255,True
98,A,contrast_low,T013-S2,6,2641/56550,0.4675715008198255,True
98,A,contrast_low,T013-S2,9,2641/56550,0.4675715008198255,True
99,A,contrast_low,T013-S2,0,0,0.0,True
99,A,contrast_low,T013-S2,3,0,0.0,True
99,A,contrast_low,T013-S2,4,0,0.0,True
99,A,contrast_low,T013-S2,5,0,0.0,True
99,A,contrast_low,T013-S2,7,-16827492359/120465889050,-0.7494047996028078,True
99,A,contrast_low,T013-S2,9,0,0.0,True
0,A,contrast_low,T013-S3,1,0,0.0,True
0,A,contrast_low,T013-S3,6,0,0.0,True
0,A,contrast_low,T013-S3,7,-27/1334,-0.12120165745856354,True
1,A,contrast_low,T013-S3,1,0,0.0,True
1,A,contrast_low,T013-S3,7,0,0.0,True
2,A,contrast_low,T013-S3,3,0,0.0,True
2,A,contrast_low,T013-S3,4,0,0.0,True
2,A,contrast_low,T013-S3,9,0,0.0,True
3,A,contrast_low,T013-S3,0,5/379,0.1111111111111111,True
4,A,contrast_low,T013-S3,4,0,0.0,True
4,A,contrast_low,T013-S3,5,0,0.0,True
4,A,contrast_low,T013-S3,9,0,0.0,True
5,A,contrast_low,T013-S3,0,-751323/9531850,-0.8518401360544218,True
5,A,contrast_low,T013-S3,2,0,0.0,True
5,A,contrast_low,T013-S3,5,0,0.0,True
6,A,contrast_low,T013-S3,0,0,0.0,True
6,A,contrast_low,T013-S3,3,0,0.0,True
6,A,contrast_low,T013-S3,6,-57185/377169,-1.7562960687960687,True
7,A,contrast_low,T013-S3,1,0,0.0,True
7,A,contrast_low,T013-S3,3,2629/17043,0.7179137083560896,True
8,A,contrast_low,T013-S3,0,1224561/3534175,0.8127826926402203,True
8,A,contrast_low,T013-S3,5,1224561/3534175,0.8127826926402203,True
9,A,contrast_low,T013-S3,7,521011/13023842,0.43004560368131073,True
9,A,contrast_low,T013-S3,8,521011/13023842,0.43004560368131073,True
10,A,contrast_low,T013-S3,2,0,0.0,True
10,A,contrast_low,T013-S3,3,0,0.0,True
10,A,contrast_low,T013-S3,4,-801804007/6395181234,-1.7181548369272315,True
11,A,contrast_low,T013-S3,2,0,0.0,True
11,A,contrast_low,T013-S3,8,0,0.0,True
12,A,contrast_low,T013-S3,2,0,0.0,True
12,A,contrast_low,T013-S3,7,0,0.0,True
13,A,contrast_low,T013-S3,1,0,0.0,True
13,A,contrast_low,T013-S3,3,0,0.0,True
13,A,contrast_low,T013-S3,5,0,0.0,True
14,A,contrast_low,T013-S3,1,0,0.0,True
14,A,contrast_low,T013-S3,2,0,0.0,True
15,A,contrast_low,T013-S3,4,45/746,1.0,True
16,A,contrast_low,T013-S3,1,0,0.0,True
16,A,contrast_low,T013-S3,4,0,0.0,True
16,A,contrast_low,T013-S3,6,0,0.0,True
16,A,contrast_low,T013-S3,8,0,0.0,True
16,A,contrast_low,T013-S3,9,0,0.0,True
17,A,contrast_low,T013-S3,1,0,0.0,True
17,A,contrast_low,T013-S3,4,0,0.0,True
17,A,contrast_low,T013-S3,8,0,0.0,True
18,A,contrast_low,T013-S3,0,0,0.0,True
18,A,contrast_low,T013-S3,3,0,0.0,True
18,A,contrast_low,T013-S3,6,0,0.0,True
19,A,contrast_low,T013-S3,0,0,0.0,True
19,A,contrast_low,T013-S3,2,0,0.0,True
19,A,contrast_low,T013-S3,7,0,0.0,True
20,A,contrast_low,T013-S3,6,0,0.0,True
21,A,contrast_low,T013-S3,4,55/746,1.0,True
22,A,contrast_low,T013-S3,1,0,0.0,True
22,A,contrast_low,T013-S3,2,42616/451191,0.4014242384280628,True
23,A,contrast_low,T013-S3,0,50942615/859010322,8.784807408933867,True
23,A,contrast_low,T013-S3,2,0,0.0,True
23,A,contrast_low,T013-S3,5,0,0.0,True
23,A,contrast_low,T013-S3,8,0,0.0,True
23,A,contrast_low,T013-S3,9,0,0.0,True
24,A,contrast_low,T013-S3,3,0,0.0,True
24,A,contrast_low,T013-S3,7,0,0.0,True
24,A,contrast_low,T013-S3,9,0,0.0,True
25,A,contrast_low,T013-S3,0,0,0.0,True
25,A,contrast_low,T013-S3,1,0,0.0,True
25,A,contrast_low,T013-S3,4,0,0.0,True
26,A,contrast_low,T013-S3,5,0,0.0,True
26,A,contrast_low,T013-S3,6,0,0.0,True
27,A,contrast_low,T013-S3,1,0,0.0,True
28,A,contrast_low,T013-S3,0,-85/561678,-0.005655536570695538,True
28,A,contrast_low,T013-S3,2,-85/561678,-0.005655536570695538,True
28,A,contrast_low,T013-S3,3,-85/561678,-0.005655536570695538,True
28,A,contrast_low,T013-S3,4,-85/561678,-0.005655536570695538,True
28,A,contrast_low,T013-S3,5,0,0.0,True
28,A,contrast_low,T013-S3,8,0,0.0,True
29,A,contrast_low,T013-S3,1,0,0.0,True
30,A,contrast_low,T013-S3,2,12497/75450,1.0,True
30,A,contrast_low,T013-S3,4,0,0.0,True
30,A,contrast_low,T013-S3,5,-80/1509,-0.3200768184364247,True
31,A,contrast_low,T013-S3,8,0,0.0,True
32,A,contrast_low,T013-S3,0,0,0.0,True
32,A,contrast_low,T013-S3,2,0,0.0,True
32,A,contrast_low,T013-S3,4,0,0.0,True
32,A,contrast_low,T013-S3,5,0,0.0,True
32,A,contrast_low,T013-S3,8,0,0.0,True
33,A,contrast_low,T013-S3,0,0,0.0,True
33,A,contrast_low,T013-S3,3,17140/280839,0.37828293974839994,True
34,A,contrast_low,T013-S3,2,0,0.0,True
34,A,contrast_low,T013-S3,3,-2836281815/142476721257,-0.7343942940395262,True
34,A,contrast_low,T013-S3,8,0,0.0,True
35,A,contrast_low,T013-S3,1,0,0.0,True
35,A,contrast_low,T013-S3,8,0,0.0,True
36,A,contrast_low,T013-S3,0,0,0.0,True
36,A,contrast_low,T013-S3,1,0,0.0,True
36,A,contrast_low,T013-S3,6,0,0.0,True
36,A,contrast_low,T013-S3,7,0,0.0,True
36,A,contrast_low,T013-S3,9,0,0.0,True
37,A,contrast_low,T013-S3,2,0,0.0,True
37,A,contrast_low,T013-S3,6,0,0.0,True
37,A,contrast_low,T013-S3,9,-40840/768081,-7.838771593090211,True
38,A,contrast_low,T013-S3,8,0,0.0,True
39,A,contrast_low,T013-S3,2,0,0.0,True
40,A,contrast_low,T013-S3,9,-497/37050,,False
41,A,contrast_low,T013-S3,0,0,0.0,True
41,A,contrast_low,T013-S3,1,0,0.0,True
41,A,contrast_low,T013-S3,3,0,0.0,True
41,A,contrast_low,T013-S3,9,0,0.0,True
42,A,contrast_low,T013-S3,0,0,0.0,True
42,A,contrast_low,T013-S3,1,0,0.0,True
42,A,contrast_low,T013-S3,2,0,0.0,True
43,A,contrast_low,T013-S3,0,0,0.0,True
43,A,contrast_low,T013-S3,4,0,0.0,True
44,A,contrast_low,T013-S3,0,0,0.0,True
44,A,contrast_low,T013-S3,8,0,0.0,True
44,A,contrast_low,T013-S3,9,0,0.0,True
45,A,contrast_low,T013-S3,2,0,0.0,True
45,A,contrast_low,T013-S3,4,0,0.0,True
45,A,contrast_low,T013-S3,5,0,0.0,True
45,A,contrast_low,T013-S3,8,0,0.0,True
46,A,contrast_low,T013-S3,2,-7/75,-0.5598799185161359,True
46,A,contrast_low,T013-S3,4,2239/27975,0.48011150423501664,True
46,A,contrast_low,T013-S3,5,2239/27975,0.48011150423501664,True
47,A,contrast_low,T013-S3,0,0,0.0,True
47,A,contrast_low,T013-S3,1,0,0.0,True
47,A,contrast_low,T013-S3,2,0,0.0,True
47,A,contrast_low,T013-S3,4,0,0.0,True
47,A,contrast_low,T013-S3,8,0,0.0,True
48,A,contrast_low,T013-S3,4,0,0.0,True
48,A,contrast_low,T013-S3,7,-1890/142883,-0.33038241634642423,True
48,A,contrast_low,T013-S3,9,0,0.0,True
49,A,contrast_low,T013-S3,1,0,0.0,True
49,A,contrast_low,T013-S3,3,0,0.0,True
50,A,contrast_low,T013-S3,2,0,0.0,True
50,A,contrast_low,T013-S3,5,0,0.0,True
51,A,contrast_low,T013-S3,3,0,,False
51,A,contrast_low,T013-S3,4,0,,False
51,A,contrast_low,T013-S3,9,0,,False
52,A,contrast_low,T013-S3,0,0,0.0,True
52,A,contrast_low,T013-S3,2,0,0.0,True
53,A,contrast_low,T013-S3,1,0,0.0,True
53,A,contrast_low,T013-S3,7,0,0.0,True
54,A,contrast_low,T013-S3,2,-9760/768081,,False
54,A,contrast_low,T013-S3,6,0,,False
54,A,contrast_low,T013-S3,7,-8680498135/219491435046,,False
55,A,contrast_low,T013-S3,0,0,0.0,True
55,A,contrast_low,T013-S3,8,0,0.0,True
56,A,contrast_low,T013-S3,3,5059910/189716007,3.8831578462671907,True
56,A,contrast_low,T013-S3,4,0,0.0,True
56,A,contrast_low,T013-S3,6,0,0.0,True
56,A,contrast_low,T013-S3,9,0,0.0,True
57,A,contrast_low,T013-S3,0,0,0.0,True
57,A,contrast_low,T013-S3,1,0,0.0,True
57,A,contrast_low,T013-S3,3,0,0.0,True
57,A,contrast_low,T013-S3,4,0,0.0,True
57,A,contrast_low,T013-S3,6,-9753488333/80893321275,-0.7501786287650051,True
58,A,contrast_low,T013-S3,0,0,,False
58,A,contrast_low,T013-S3,9,0,,False
59,A,contrast_low,T013-S3,0,0,0.0,True
59,A,contrast_low,T013-S3,1,0,0.0,True
59,A,contrast_low,T013-S3,3,0,0.0,True
59,A,contrast_low,T013-S3,5,0,0.0,True
59,A,contrast_low,T013-S3,6,0,0.0,True
60,A,contrast_low,T013-S3,0,85/758,0.4722222222222222,True
61,A,contrast_low,T013-S3,0,0,0.0,True
61,A,contrast_low,T013-S3,4,0,0.0,True
61,A,contrast_low,T013-S3,5,0,0.0,True
61,A,contrast_low,T013-S3,7,1/150,1.0,True
62,A,contrast_low,T013-S3,0,0,0.0,True
62,A,contrast_low,T013-S3,5,0,0.0,True
62,A,contrast_low,T013-S3,6,0,0.0,True
62,A,contrast_low,T013-S3,9,0,0.0,True
63,A,contrast_low,T013-S3,3,-119009/6286150,-0.25909074145309574,True
63,A,contrast_low,T013-S3,4,0,0.0,True
63,A,contrast_low,T013-S3,6,0,0.0,True
64,A,contrast_low,T013-S3,1,0,0.0,True
64,A,contrast_low,T013-S3,3,0,0.0,True
64,A,contrast_low,T013-S3,5,0,0.0,True
64,A,contrast_low,T013-S3,8,0,0.0,True
64,A,contrast_low,T013-S3,9,0,0.0,True
65,A,contrast_low,T013-S3,5,0,0.0,True
66,A,contrast_low,T013-S3,7,0,0.0,True
66,A,contrast_low,T013-S3,8,0,0.0,True
66,A,contrast_low,T013-S3,9,0,0.0,True
67,A,contrast_low,T013-S3,1,0,0.0,True
67,A,contrast_low,T013-S3,2,-6520769/195357630,-0.555647030563206,True
67,A,contrast_low,T013-S3,5,-6520769/195357630,-0.555647030563206,True
67,A,contrast_low,T013-S3,7,0,0.0,True
67,A,contrast_low,T013-S3,8,0,0.0,True
68,A,contrast_low,T013-S3,1,5105/17342,1.0001959247648904,True
68,A,contrast_low,T013-S3,7,5105/17342,1.0001959247648904,True
68,A,contrast_low,T013-S3,9,5105/17342,1.0001959247648904,True
69,A,contrast_low,T013-S3,2,-3996/150397,-1.3364548494983277,True
69,A,contrast_low,T013-S3,5,0,0.0,True
69,A,contrast_low,T013-S3,7,1584434/248606241,0.3205753398604342,True
70,A,contrast_low,T013-S3,0,0,0.0,True
70,A,contrast_low,T013-S3,8,0,0.0,True
71,A,contrast_low,T013-S3,4,1684871/42018450,1.0,True
71,A,contrast_low,T013-S3,5,0,0.0,True
71,A,contrast_low,T013-S3,8,0,0.0,True
72,A,contrast_low,T013-S3,0,0,0.0,True
72,A,contrast_low,T013-S3,5,-1129097/21347175,-0.4178306203196999,True
72,A,contrast_low,T013-S3,8,0,0.0,True
73,A,contrast_low,T013-S3,5,0,0.0,True
73,A,contrast_low,T013-S3,6,0,0.0,True
73,A,contrast_low,T013-S3,7,0,0.0,True
74,A,contrast_low,T013-S3,6,0,0.0,True
75,A,contrast_low,T013-S3,0,0,0.0,True
75,A,contrast_low,T013-S3,1,0,0.0,True
75,A,contrast_low,T013-S3,3,80812/280839,0.717164380234375,True
76,A,contrast_low,T013-S3,1,0,0.0,True
76,A,contrast_low,T013-S3,6,27038/152191,2.409135087580947,True
76,A,contrast_low,T013-S3,7,0,0.0,True
77,A,contrast_low,T013-S3,0,0,0.0,True
77,A,contrast_low,T013-S3,2,0,0.0,True
78,A,contrast_low,T013-S3,4,-622/9325,-0.35728292668064915,True
78,A,contrast_low,T013-S3,5,0,0.0,True
78,A,contrast_low,T013-S3,8,0,0.0,True
79,A,contrast_low,T013-S3,1,8942/451191,0.9968784838350055,True
79,A,contrast_low,T013-S3,2,248401/7519850,1.6615451505016723,True
79,A,contrast_low,T013-S3,5,248401/7519850,1.6615451505016723,True
80,A,contrast_low,T013-S3,6,0,0.0,True
80,A,contrast_low,T013-S3,7,0,0.0,True
81,A,contrast_low,T013-S3,7,5/377,1.0,True
81,A,contrast_low,T013-S3,9,0,0.0,True
82,A,contrast_low,T013-S3,3,0,0.0,True
82,A,contrast_low,T013-S3,7,0,0.0,True
83,A,contrast_low,T013-S3,4,0,0.0,True
83,A,contrast_low,T013-S3,7,0,0.0,True
83,A,contrast_low,T013-S3,8,0,0.0,True
84,A,contrast_low,T013-S3,2,79160/768081,,False
84,A,contrast_low,T013-S3,3,0,,False
84,A,contrast_low,T013-S3,6,25090/256027,,False
85,A,contrast_low,T013-S3,5,0,0.0,True
85,A,contrast_low,T013-S3,6,0,0.0,True
86,A,contrast_low,T013-S3,2,0,0.0,True
86,A,contrast_low,T013-S3,4,1007/25150,1.1983339944466482,True
86,A,contrast_low,T013-S3,5,403/15090,0.7992859976199921,True
86,A,contrast_low,T013-S3,6,0,0.0,True
87,A,contrast_low,T013-S3,3,85915/556491,1.9145480694964347,True
87,A,contrast_low,T013-S3,5,0,0.0,True
88,A,contrast_low,T013-S3,3,0,0.0,True
88,A,contrast_low,T013-S3,4,0,0.0,True
88,A,contrast_low,T013-S3,6,0,0.0,True
88,A,contrast_low,T013-S3,9,0,0.0,True
89,A,contrast_low,T013-S3,4,0,0.0,True
89,A,contrast_low,T013-S3,5,0,0.0,True
90,A,contrast_low,T013-S3,2,0,0.0,True
90,A,contrast_low,T013-S3,3,0,0.0,True
90,A,contrast_low,T013-S3,5,0,0.0,True
90,A,contrast_low,T013-S3,9,0,0.0,True
91,A,contrast_low,T013-S3,3,0,0.0,True
91,A,contrast_low,T013-S3,7,0,0.0,True
91,A,contrast_low,T013-S3,9,-295/42978,-0.5086206896551724,True
92,A,contrast_low,T013-S3,1,0,0.0,True
92,A,contrast_low,T013-S3,3,0,0.0,True
92,A,contrast_low,T013-S3,8,0,0.0,True
93,A,contrast_low,T013-S3,4,2544669/42268733,0.8202513357814063,True
94,A,contrast_low,T013-S3,1,0,0.0,True
94,A,contrast_low,T013-S3,5,0,0.0,True
95,A,contrast_low,T013-S3,1,0,0.0,True
95,A,contrast_low,T013-S3,5,0,0.0,True
95,A,contrast_low,T013-S3,6,0,0.0,True
96,A,contrast_low,T013-S3,7,0,0.0,True
96,A,contrast_low,T013-S3,9,0,0.0,True
97,A,contrast_low,T013-S3,2,0,0.0,True
97,A,contrast_low,T013-S3,3,0,0.0,True
97,A,contrast_low,T013-S3,9,0,0.0,True
98,A,contrast_low,T013-S3,5,0,0.0,True
98,A,contrast_low,T013-S3,6,0,0.0,True
98,A,contrast_low,T013-S3,9,0,0.0,True
99,A,contrast_low,T013-S3,0,0,0.0,True
99,A,contrast_low,T013-S3,3,0,0.0,True
99,A,contrast_low,T013-S3,4,0,0.0,True
99,A,contrast_low,T013-S3,5,0,0.0,True
99,A,contrast_low,T013-S3,7,-16827492359/120465889050,-0.7494047996028078,True
99,A,contrast_low,T013-S3,9,0,0.0,True
0,A,gaussian_noise,T013-S0,1,0,0.0,True
0,A,gaussian_noise,T013-S0,6,-1226510/13240617,-0.933195111512673,True
0,A,gaussian_noise,T013-S0,7,0,0.0,True
1,A,gaussian_noise,T013-S0,1,0,0.0,True
1,A,gaussian_noise,T013-S0,7,0,0.0,True
2,A,gaussian_noise,T013-S0,3,0,,False
2,A,gaussian_noise,T013-S0,4,0,,False
2,A,gaussian_noise,T013-S0,9,-5/741,,False
3,A,gaussian_noise,T013-S0,0,0,0.0,True
4,A,gaussian_noise,T013-S0,4,0,0.0,True
4,A,gaussian_noise,T013-S0,5,0,0.0,True
4,A,gaussian_noise,T013-S0,9,0,0.0,True
5,A,gaussian_noise,T013-S0,0,-248847/9531850,-0.32872439921374674,True
5,A,gaussian_noise,T013-S0,2,124613/4765925,0.3292250544247881,True
5,A,gaussian_noise,T013-S0,5,0,0.0,True
6,A,gaussian_noise,T013-S0,0,0,,False
6,A,gaussian_noise,T013-S0,3,1915525/285894102,,False
6,A,gaussian_noise,T013-S0,6,0,,False
7,A,gaussian_noise,T013-S0,1,0,,False
7,A,gaussian_noise,T013-S0,3,2/299,,False
8,A,gaussian_noise,T013-S0,0,0,0.0,True
8,A,gaussian_noise,T013-S0,5,0,0.0,True
9,A,gaussian_noise,T013-S0,7,20/377,0.4000627261114647,True
9,A,gaussian_noise,T013-S0,8,20/377,0.4000627261114647,True
10,A,gaussian_noise,T013-S0,2,0,0.0,True
10,A,gaussian_noise,T013-S0,3,0,0.0,True
10,A,gaussian_noise,T013-S0,4,24895/187619,3.321023158565366,True
11,A,gaussian_noise,T013-S0,2,0,0.0,True
11,A,gaussian_noise,T013-S0,8,0,0.0,True
12,A,gaussian_noise,T013-S0,2,0,0.0,True
12,A,gaussian_noise,T013-S0,7,0,0.0,True
13,A,gaussian_noise,T013-S0,1,0,0.0,True
13,A,gaussian_noise,T013-S0,3,0,0.0,True
13,A,gaussian_noise,T013-S0,5,0,0.0,True
14,A,gaussian_noise,T013-S0,1,0,0.0,True
14,A,gaussian_noise,T013-S0,2,0,0.0,True
15,A,gaussian_noise,T013-S0,4,0,,False
16,A,gaussian_noise,T013-S0,1,0,,False
16,A,gaussian_noise,T013-S0,4,0,,False
16,A,gaussian_noise,T013-S0,6,0,,False
16,A,gaussian_noise,T013-S0,8,0,,False
16,A,gaussian_noise,T013-S0,9,0,,False
17,A,gaussian_noise,T013-S0,1,-8949/224549,,False
17,A,gaussian_noise,T013-S0,4,-1481/224549,,False
17,A,gaussian_noise,T013-S0,8,0,,False
18,A,gaussian_noise,T013-S0,0,0,,False
18,A,gaussian_noise,T013-S0,3,0,,False
18,A,gaussian_noise,T013-S0,6,0,,False
19,A,gaussian_noise,T013-S0,0,0,0.0,True
19,A,gaussian_noise,T013-S0,2,0,0.0,True
19,A,gaussian_noise,T013-S0,7,0,0.0,True
20,A,gaussian_noise,T013-S0,6,0,,False
21,A,gaussian_noise,T013-S0,4,0,,False
22,A,gaussian_noise,T013-S0,1,0,,False
22,A,gaussian_noise,T013-S0,2,0,,False
23,A,gaussian_noise,T013-S0,0,0,0.0,True
23,A,gaussian_noise,T013-S0,2,51286525/859010322,0.9009247620639479,True
23,A,gaussian_noise,T013-S0,5,105280/1133259,1.4018460810938167,True
23,A,gaussian_noise,T013-S0,8,105280/1133259,1.4018460810938167,True
23,A,gaussian_noise,T013-S0,9,0,0.0,True
24,A,gaussian_noise,T013-S0,3,0,0.0,True
24,A,gaussian_noise,T013-S0,7,-15175/1151358,-0.28399939387196044,True
24,A,gaussian_noise,T013-S0,9,-173/8671,-0.4299084815044748,True
25,A,gaussian_noise,T013-S0,0,0,,False
25,A,gaussian_noise,T013-S0,1,0,,False
25,A,gaussian_noise,T013-S0,4,0,,False
26,A,gaussian_noise,T013-S0,5,0,,False
26,A,gaussian_noise,T013-S0,6,0,,False
27,A,gaussian_noise,T013-S0,1,14/299,0.2916666666666667,True
28,A,gaussian_noise,T013-S0,0,0,0.0,True
28,A,gaussian_noise,T013-S0,2,0,0.0,True
28,A,gaussian_noise,T013-S0,3,0,0.0,True
28,A,gaussian_noise,T013-S0,4,0,0.0,True
28,A,gaussian_noise,T013-S0,5,0,0.0,True
28,A,gaussian_noise,T013-S0,8,0,0.0,True
29,A,gaussian_noise,T013-S0,1,0,0.0,True
30,A,gaussian_noise,T013-S0,2,11617/75450,0.36036231659273504,True
30,A,gaussian_noise,T013-S0,4,0,0.0,True
30,A,gaussian_noise,T013-S0,5,0,0.0,True
31,A,gaussian_noise,T013-S0,8,0,0.0,True
32,A,gaussian_noise,T013-S0,0,0,0.0,True
32,A,gaussian_noise,T013-S0,2,0,0.0,True
32,A,gaussian_noise,T013-S0,4,0,0.0,True
32,A,gaussian_noise,T013-S0,5,0,0.0,True
32,A,gaussian_noise,T013-S0,8,0,0.0,True
33,A,gaussian_noise,T013-S0,0,0,0.0,True
33,A,gaussian_noise,T013-S0,3,55745/561678,1.1492629625811772,True
34,A,gaussian_noise,T013-S0,2,0,0.0,True
34,A,gaussian_noise,T013-S0,3,0,0.0,True
34,A,gaussian_noise,T013-S0,8,0,0.0,True
35,A,gaussian_noise,T013-S0,1,0,0.0,True
35,A,gaussian_noise,T013-S0,8,0,0.0,True
36,A,gaussian_noise,T013-S0,0,0,0.0,True
36,A,gaussian_noise,T013-S0,1,0,0.0,True
36,A,gaussian_noise,T013-S0,6,0,0.0,True
36,A,gaussian_noise,T013-S0,7,95/1151358,1.0,True
36,A,gaussian_noise,T013-S0,9,0,0.0,True
37,A,gaussian_noise,T013-S0,2,0,0.0,True
37,A,gaussian_noise,T013-S0,6,0,0.0,True
37,A,gaussian_noise,T013-S0,9,0,0.0,True
38,A,gaussian_noise,T013-S0,8,0,,False
39,A,gaussian_noise,T013-S0,2,0,0.0,True
40,A,gaussian_noise,T013-S0,9,0,,False
41,A,gaussian_noise,T013-S0,0,0,0.0,True
41,A,gaussian_noise,T013-S0,1,0,0.0,True
41,A,gaussian_noise,T013-S0,3,-1285/185497,-0.25927405585202845,True
41,A,gaussian_noise,T013-S0,9,0,0.0,True
42,A,gaussian_noise,T013-S0,0,2272/34707,1.0,True
42,A,gaussian_noise,T013-S0,1,2272/34707,1.0,True
42,A,gaussian_noise,T013-S0,2,2272/34707,1.0,True
43,A,gaussian_noise,T013-S0,0,0,0.0,True
43,A,gaussian_noise,T013-S0,4,0,0.0,True
44,A,gaussian_noise,T013-S0,0,0,0.0,True
44,A,gaussian_noise,T013-S0,8,0,0.0,True
44,A,gaussian_noise,T013-S0,9,0,0.0,True
45,A,gaussian_noise,T013-S0,2,0,,False
45,A,gaussian_noise,T013-S0,4,0,,False
45,A,gaussian_noise,T013-S0,5,0,,False
45,A,gaussian_noise,T013-S0,8,0,,False
46,A,gaussian_noise,T013-S0,2,0,0.0,True
46,A,gaussian_noise,T013-S0,4,0,0.0,True
46,A,gaussian_noise,T013-S0,5,0,0.0,True
47,A,gaussian_noise,T013-S0,0,0,0.0,True
47,A,gaussian_noise,T013-S0,1,0,0.0,True
47,A,gaussian_noise,T013-S0,2,0,0.0,True
47,A,gaussian_noise,T013-S0,4,0,0.0,True
47,A,gaussian_noise,T013-S0,8,0,0.0,True
48,A,gaussian_noise,T013-S0,4,-5/142883,-0.005277044854881266,True
48,A,gaussian_noise,T013-S0,7,-5/754,-1.0,True
48,A,gaussian_noise,T013-S0,9,0,0.0,True
49,A,gaussian_noise,T013-S0,1,0,0.0,True
49,A,gaussian_noise,T013-S0,3,233/17043,1.0086580086580086,True
50,A,gaussian_noise,T013-S0,2,1780151/22559550,0.992447854718018,True
50,A,gaussian_noise,T013-S0,5,0,0.0,True
51,A,gaussian_noise,T013-S0,3,0,,False
51,A,gaussian_noise,T013-S0,4,0,,False
51,A,gaussian_noise,T013-S0,9,0,,False
52,A,gaussian_noise,T013-S0,0,0,0.0,True
52,A,gaussian_noise,T013-S0,2,0,0.0,True
53,A,gaussian_noise,T013-S0,1,0,0.0,True
53,A,gaussian_noise,T013-S0,7,239/17342,2.1926605504587156,True
54,A,gaussian_noise,T013-S0,2,0,0.0,True
54,A,gaussian_noise,T013-S0,6,0,0.0,True
54,A,gaussian_noise,T013-S0,7,0,0.0,True
55,A,gaussian_noise,T013-S0,0,0,0.0,True
55,A,gaussian_noise,T013-S0,8,0,0.0,True
56,A,gaussian_noise,T013-S0,3,0,0.0,True
56,A,gaussian_noise,T013-S0,4,0,0.0,True
56,A,gaussian_noise,T013-S0,6,4961555/189716007,3.9464179187579043,True
56,A,gaussian_noise,T013-S0,9,0,0.0,True
57,A,gaussian_noise,T013-S0,0,-394729/8674887,,False
57,A,gaussian_noise,T013-S0,1,-507133/8674887,,False
57,A,gaussian_noise,T013-S0,3,-113/17043,,False
57,A,gaussian_noise,T013-S0,4,-349003/7609550,,False
57,A,gaussian_noise,T013-S0,6,-349003/7609550,,False
58,A,gaussian_noise,T013-S0,0,0,,False
58,A,gaussian_noise,T013-S0,9,0,,False
59,A,gaussian_noise,T013-S0,0,0,,False
59,A,gaussian_noise,T013-S0,1,0,,False
59,A,gaussian_noise,T013-S0,3,0,,False
59,A,gaussian_noise,T013-S0,5,0,,False
59,A,gaussian_noise,T013-S0,6,0,,False
60,A,gaussian_noise,T013-S0,0,0,0.0,True
61,A,gaussian_noise,T013-S0,0,0,0.0,True
61,A,gaussian_noise,T013-S0,4,0,0.0,True
61,A,gaussian_noise,T013-S0,5,1129/56550,1.0,True
61,A,gaussian_noise,T013-S0,7,1129/56550,1.0,True
62,A,gaussian_noise,T013-S0,0,0,0.0,True
62,A,gaussian_noise,T013-S0,5,518/38175,1.0,True
62,A,gaussian_noise,T013-S0,6,0,0.0,True
62,A,gaussian_noise,T013-S0,9,0,0.0,True
63,A,gaussian_noise,T013-S0,3,0,,False
63,A,gaussian_noise,T013-S0,4,0,,False
63,A,gaussian_noise,T013-S0,6,0,,False
64,A,gaussian_noise,T013-S0,1,0,0.0,True
64,A,gaussian_noise,T013-S0,3,947121703/14162695950,1.0025608878874628,True
64,A,gaussian_noise,T013-S0,5,0,0.0,True
64,A,gaussian_noise,T013-S0,8,0,0.0,True
64,A,gaussian_noise,T013-S0,9,0,0.0,True
65,A,gaussian_noise,T013-S0,5,0,0.0,True
66,A,gaussian_noise,T013-S0,7,0,,False
66,A,gaussian_noise,T013-S0,8,0,,False
66,A,gaussian_noise,T013-S0,9,5/754,,False
67,A,gaussian_noise,T013-S0,1,0,0.0,True
67,A,gaussian_noise,T013-S0,2,0,0.0,True
67,A,gaussian_noise,T013-S0,5,0,0.0,True
67,A,gaussian_noise,T013-S0,7,0,0.0,True
67,A,gaussian_noise,T013-S0,8,0,0.0,True
68,A,gaussian_noise,T013-S0,1,-2/299,-0.1659513590844063,True
68,A,gaussian_noise,T013-S0,7,6/299,0.4978540772532189,True
68,A,gaussian_noise,T013-S0,9,6/299,0.4978540772532189,True
69,A,gaussian_noise,T013-S0,2,0,0.0,True
69,A,gaussian_noise,T013-S0,5,0,0.0,True
69,A,gaussian_noise,T013-S0,7,0,0.0,True
70,A,gaussian_noise,T013-S0,0,0,0.0,True
70,A,gaussian_noise,T013-S0,8,0,0.0,True
71,A,gaussian_noise,T013-S0,4,0,0.0,True
71,A,gaussian_noise,T013-S0,5,749/112650,749.0,True
71,A,gaussian_noise,T013-S0,8,0,0.0,True
72,A,gaussian_noise,T013-S0,0,0,0.0,True
72,A,gaussian_noise,T013-S0,5,382514/7115725,0.4469527410053323,True
72,A,gaussian_noise,T013-S0,8,0,0.0,True
73,A,gaussian_noise,T013-S0,5,0,0.0,True
73,A,gaussian_noise,T013-S0,6,0,0.0,True
73,A,gaussian_noise,T013-S0,7,0,0.0,True
74,A,gaussian_noise,T013-S0,6,0,,False
75,A,gaussian_noise,T013-S0,0,0,,False
75,A,gaussian_noise,T013-S0,1,0,,False
75,A,gaussian_noise,T013-S0,3,19687/226642,,False
76,A,gaussian_noise,T013-S0,1,0,,False
76,A,gaussian_noise,T013-S0,6,0,,False
76,A,gaussian_noise,T013-S0,7,0,,False
77,A,gaussian_noise,T013-S0,0,0,0.0,True
77,A,gaussian_noise,T013-S0,2,0,0.0,True
78,A,gaussian_noise,T013-S0,4,0,0.0,True
78,A,gaussian_noise,T013-S0,5,0,0.0,True
78,A,gaussian_noise,T013-S0,8,0,0.0,True
79,A,gaussian_noise,T013-S0,1,0,0.0,True
79,A,gaussian_noise,T013-S0,2,0,0.0,True
79,A,gaussian_noise,T013-S0,5,0,0.0,True
80,A,gaussian_noise,T013-S0,6,0,,False
80,A,gaussian_noise,T013-S0,7,0,,False
81,A,gaussian_noise,T013-S0,7,0,0.0,True
81,A,gaussian_noise,T013-S0,9,0,0.0,True
82,A,gaussian_noise,T013-S0,3,0,0.0,True
82,A,gaussian_noise,T013-S0,7,0,0.0,True
83,A,gaussian_noise,T013-S0,4,0,0.0,True
83,A,gaussian_noise,T013-S0,7,0,0.0,True
83,A,gaussian_noise,T013-S0,8,0,0.0,True
84,A,gaussian_noise,T013-S0,2,0,0.0,True
84,A,gaussian_noise,T013-S0,3,0,0.0,True
84,A,gaussian_noise,T013-S0,6,0,0.0,True
85,A,gaussian_noise,T013-S0,5,0,0.0,True
85,A,gaussian_noise,T013-S0,6,0,0.0,True
86,A,gaussian_noise,T013-S0,2,0,0.0,True
86,A,gaussian_noise,T013-S0,4,2518/37725,1.0,True
86,A,gaussian_noise,T013-S0,5,2518/37725,1.0,True
86,A,gaussian_noise,T013-S0,6,0,0.0,True
87,A,gaussian_noise,T013-S0,3,0,0.0,True
87,A,gaussian_noise,T013-S0,5,0,0.0,True
88,A,gaussian_noise,T013-S0,3,0,,False
88,A,gaussian_noise,T013-S0,4,0,,False
88,A,gaussian_noise,T013-S0,6,0,,False
88,A,gaussian_noise,T013-S0,9,0,,False
89,A,gaussian_noise,T013-S0,4,1297070537/21616746450,0.9000045622268241,True
89,A,gaussian_noise,T013-S0,5,0,0.0,True
90,A,gaussian_noise,T013-S0,2,0,0.0,True
90,A,gaussian_noise,T013-S0,3,0,0.0,True
90,A,gaussian_noise,T013-S0,5,0,0.0,True
90,A,gaussian_noise,T013-S0,9,0,0.0,True
91,A,gaussian_noise,T013-S0,3,0,0.0,True
91,A,gaussian_noise,T013-S0,7,0,0.0,True
91,A,gaussian_noise,T013-S0,9,565/42978,0.6608187134502924,True
92,A,gaussian_noise,T013-S0,1,-87562/12799293,-1.0,True
92,A,gaussian_noise,T013-S0,3,0,0.0,True
92,A,gaussian_noise,T013-S0,8,-85168/12799293,-0.9726593727872822,True
93,A,gaussian_noise,T013-S0,4,0,0.0,True
94,A,gaussian_noise,T013-S0,1,0,0.0,True
94,A,gaussian_noise,T013-S0,5,0,0.0,True
95,A,gaussian_noise,T013-S0,1,0,,False
95,A,gaussian_noise,T013-S0,5,0,,False
95,A,gaussian_noise,T013-S0,6,0,,False
96,A,gaussian_noise,T013-S0,7,0,0.0,True
96,A,gaussian_noise,T013-S0,9,5/247,2.91412213740458,True
97,A,gaussian_noise,T013-S0,2,0,0.0,True
97,A,gaussian_noise,T013-S0,3,0,0.0,True
97,A,gaussian_noise,T013-S0,9,0,0.0,True
98,A,gaussian_noise,T013-S0,5,0,0.0,True
98,A,gaussian_noise,T013-S0,6,0,0.0,True
98,A,gaussian_noise,T013-S0,9,0,0.0,True
99,A,gaussian_noise,T013-S0,0,0,0.0,True
99,A,gaussian_noise,T013-S0,3,0,0.0,True
99,A,gaussian_noise,T013-S0,4,0,0.0,True
99,A,gaussian_noise,T013-S0,5,0,0.0,True
99,A,gaussian_noise,T013-S0,7,0,0.0,True
99,A,gaussian_noise,T013-S0,9,0,0.0,True
0,A,gaussian_noise,T013-S1,1,0,0.0,True
0,A,gaussian_noise,T013-S1,6,-2805757/26481234,-1.0673858005611299,True
0,A,gaussian_noise,T013-S1,7,0,0.0,True
1,A,gaussian_noise,T013-S1,1,0,0.0,True
1,A,gaussian_noise,T013-S1,7,0,0.0,True
2,A,gaussian_noise,T013-S1,3,0,,False
2,A,gaussian_noise,T013-S1,4,0,,False
2,A,gaussian_noise,T013-S1,9,-5/741,,False
3,A,gaussian_noise,T013-S1,0,0,0.0,True
4,A,gaussian_noise,T013-S1,4,0,0.0,True
4,A,gaussian_noise,T013-S1,5,0,0.0,True
4,A,gaussian_noise,T013-S1,9,0,0.0,True
5,A,gaussian_noise,T013-S1,0,0,0.0,True
5,A,gaussian_noise,T013-S1,2,498073/9531850,0.6579494536385349,True
5,A,gaussian_noise,T013-S1,5,498073/9531850,0.6579494536385349,True
6,A,gaussian_noise,T013-S1,0,0,0.0,True
6,A,gaussian_noise,T013-S1,3,12425/377169,4.994127301024209,True
6,A,gaussian_noise,T013-S1,6,0,0.0,True
7,A,gaussian_noise,T013-S1,1,0,0.0,True
7,A,gaussian_noise,T013-S1,3,2/299,0.32947976878612717,True
8,A,gaussian_noise,T013-S1,0,0,0.0,True
8,A,gaussian_noise,T013-S1,5,0,0.0,True
9,A,gaussian_noise,T013-S1,7,22485/566254,0.2994477495544702,True
9,A,gaussian_noise,T013-S1,8,22485/566254,0.2994477495544702,True
10,A,gaussian_noise,T013-S1,2,0,0.0,True
10,A,gaussian_noise,T013-S1,3,0,0.0,True
10,A,gaussian_noise,T013-S1,4,24895/187619,3.321023158565366,True
11,A,gaussian_noise,T013-S1,2,0,0.0,True
11,A,gaussian_noise,T013-S1,8,0,0.0,True
12,A,gaussian_noise,T013-S1,2,0,0.0,True
12,A,gaussian_noise,T013-S1,7,0,0.0,True
13,A,gaussian_noise,T013-S1,1,0,0.0,True
13,A,gaussian_noise,T013-S1,3,0,0.0,True
13,A,gaussian_noise,T013-S1,5,0,0.0,True
14,A,gaussian_noise,T013-S1,1,0,0.0,True
14,A,gaussian_noise,T013-S1,2,0,0.0,True
15,A,gaussian_noise,T013-S1,4,0,,False
16,A,gaussian_noise,T013-S1,1,0,,False
16,A,gaussian_noise,T013-S1,4,0,,False
16,A,gaussian_noise,T013-S1,6,0,,False
16,A,gaussian_noise,T013-S1,8,0,,False
16,A,gaussian_noise,T013-S1,9,0,,False
17,A,gaussian_noise,T013-S1,1,-8949/224549,,False
17,A,gaussian_noise,T013-S1,4,-4478/224549,,False
17,A,gaussian_noise,T013-S1,8,0,,False
18,A,gaussian_noise,T013-S1,0,0,,False
18,A,gaussian_noise,T013-S1,3,0,,False
18,A,gaussian_noise,T013-S1,6,0,,False
19,A,gaussian_noise,T013-S1,0,0,0.0,True
19,A,gaussian_noise,T013-S1,2,0,0.0,True
19,A,gaussian_noise,T013-S1,7,0,0.0,True
20,A,gaussian_noise,T013-S1,6,0,,False
21,A,gaussian_noise,T013-S1,4,0,,False
22,A,gaussian_noise,T013-S1,1,0,,False
22,A,gaussian_noise,T013-S1,2,0,,False
23,A,gaussian_noise,T013-S1,0,0,0.0,True
23,A,gaussian_noise,T013-S1,2,50/1509,0.49999354431110204,True
23,A,gaussian_noise,T013-S1,5,105280/1133259,1.4018460810938167,True
23,A,gaussian_noise,T013-S1,8,105280/1133259,1.4018460810938167,True
23,A,gaussian_noise,T013-S1,9,0,0.0,True
24,A,gaussian_noise,T013-S1,3,0,0.0,True
24,A,gaussian_noise,T013-S1,7,5/754,0.14288865714744103,True
24,A,gaussian_noise,T013-S1,9,13135682/331015425,0.8550735852376926,True
25,A,gaussian_noise,T013-S1,0,0,,False
25,A,gaussian_noise,T013-S1,1,0,,False
25,A,gaussian_noise,T013-S1,4,0,,False
26,A,gaussian_noise,T013-S1,5,0,,False
26,A,gaussian_noise,T013-S1,6,0,,False
27,A,gaussian_noise,T013-S1,1,14/299,0.2916666666666667,True
28,A,gaussian_noise,T013-S1,0,0,0.0,True
28,A,gaussian_noise,T013-S1,2,0,0.0,True
28,A,gaussian_noise,T013-S1,3,0,0.0,True
28,A,gaussian_noise,T013-S1,4,0,0.0,True
28,A,gaussian_noise,T013-S1,5,0,0.0,True
28,A,gaussian_noise,T013-S1,8,0,0.0,True
29,A,gaussian_noise,T013-S1,1,0,0.0,True
30,A,gaussian_noise,T013-S1,2,4541/25150,0.42258895058473184,True
30,A,gaussian_noise,T013-S1,4,0,0.0,True
30,A,gaussian_noise,T013-S1,5,0,0.0,True
31,A,gaussian_noise,T013-S1,8,0,0.0,True
32,A,gaussian_noise,T013-S1,0,0,0.0,True
32,A,gaussian_noise,T013-S1,2,0,0.0,True
32,A,gaussian_noise,T013-S1,4,0,0.0,True
32,A,gaussian_noise,T013-S1,5,0,0.0,True
32,A,gaussian_noise,T013-S1,8,0,0.0,True
33,A,gaussian_noise,T013-S1,0,0,0.0,True
33,A,gaussian_noise,T013-S1,3,55745/561678,1.1492629625811772,True
34,A,gaussian_noise,T013-S1,2,0,0.0,True
34,A,gaussian_noise,T013-S1,3,0,0.0,True
34,A,gaussian_noise,T013-S1,8,0,0.0,True
35,A,gaussian_noise,T013-S1,1,0,,False
35,A,gaussian_noise,T013-S1,8,0,,False
36,A,gaussian_noise,T013-S1,0,0,0.0,True
36,A,gaussian_noise,T013-S1,1,0,0.0,True
36,A,gaussian_noise,T013-S1,6,0,0.0,True
36,A,gaussian_noise,T013-S1,7,95/1151358,1.0,True
36,A,gaussian_noise,T013-S1,9,0,0.0,True
37,A,gaussian_noise,T013-S1,2,0,0.0,True
37,A,gaussian_noise,T013-S1,6,0,0.0,True
37,A,gaussian_noise,T013-S1,9,0,0.0,True
38,A,gaussian_noise,T013-S1,8,0,,False
39,A,gaussian_noise,T013-S1,2,0,0.0,True
40,A,gaussian_noise,T013-S1,9,0,,False
41,A,gaussian_noise,T013-S1,0,0,0.0,True
41,A,gaussian_noise,T013-S1,1,0,0.0,True
41,A,gaussian_noise,T013-S1,3,-1285/185497,-0.25927405585202845,True
41,A,gaussian_noise,T013-S1,9,0,0.0,True
42,A,gaussian_noise,T013-S1,0,2272/34707,1.0,True
42,A,gaussian_noise,T013-S1,1,2272/34707,1.0,True
42,A,gaussian_noise,T013-S1,2,2272/34707,1.0,True
43,A,gaussian_noise,T013-S1,0,0,0.0,True
43,A,gaussian_noise,T013-S1,4,0,0.0,True
44,A,gaussian_noise,T013-S1,0,0,0.0,True
44,A,gaussian_noise,T013-S1,8,0,0.0,True
44,A,gaussian_noise,T013-S1,9,0,0.0,True
45,A,gaussian_noise,T013-S1,2,0,,False
45,A,gaussian_noise,T013-S1,4,0,,False
45,A,gaussian_noise,T013-S1,5,0,,False
45,A,gaussian_noise,T013-S1,8,0,,False
46,A,gaussian_noise,T013-S1,2,0,0.0,True
46,A,gaussian_noise,T013-S1,4,0,0.0,True
46,A,gaussian_noise,T013-S1,5,0,0.0,True
47,A,gaussian_noise,T013-S1,0,0,0.0,True
47,A,gaussian_noise,T013-S1,1,0,0.0,True
47,A,gaussian_noise,T013-S1,2,0,0.0,True
47,A,gaussian_noise,T013-S1,4,0,0.0,True
47,A,gaussian_noise,T013-S1,8,0,0.0,True
48,A,gaussian_noise,T013-S1,4,-5/142883,-0.005277044854881266,True
48,A,gaussian_noise,T013-S1,7,0,0.0,True
48,A,gaussian_noise,T013-S1,9,0,0.0,True
49,A,gaussian_noise,T013-S1,1,0,,False
49,A,gaussian_noise,T013-S1,3,2/17043,,False
50,A,gaussian_noise,T013-S1,2,1780151/22559550,0.992447854718018,True
50,A,gaussian_noise,T013-S1,5,0,0.0,True
51,A,gaussian_noise,T013-S1,3,0,,False
51,A,gaussian_noise,T013-S1,4,0,,False
51,A,gaussian_noise,T013-S1,9,0,,False
52,A,gaussian_noise,T013-S1,0,0,0.0,True
52,A,gaussian_noise,T013-S1,2,0,0.0,True
53,A,gaussian_noise,T013-S1,1,-5/17342,-0.043859649122807015,True
53,A,gaussian_noise,T013-S1,7,0,0.0,True
54,A,gaussian_noise,T013-S1,2,0,0.0,True
54,A,gaussian_noise,T013-S1,6,0,0.0,True
54,A,gaussian_noise,T013-S1,7,0,0.0,True
55,A,gaussian_noise,T013-S1,0,0,0.0,True
55,A,gaussian_noise,T013-S1,8,0,0.0,True
56,A,gaussian_noise,T013-S1,3,0,,False
56,A,gaussian_noise,T013-S1,4,0,,False
56,A,gaussian_noise,T013-S1,6,4961555/189716007,,False
56,A,gaussian_noise,T013-S1,9,0,,False
57,A,gaussian_noise,T013-S1,0,-9730/377169,,False
57,A,gaussian_noise,T013-S1,1,-450323/8674887,,False
57,A,gaussian_noise,T013-S1,3,-707/8674887,,False
57,A,gaussian_noise,T013-S1,4,-897509/22828650,,False
57,A,gaussian_noise,T013-S1,6,-897509/22828650,,False
58,A,gaussian_noise,T013-S1,0,0,,False
58,A,gaussian_noise,T013-S1,9,0,,False
59,A,gaussian_noise,T013-S1,0,0,,False
59,A,gaussian_noise,T013-S1,1,0,,False
59,A,gaussian_noise,T013-S1,3,0,,False
59,A,gaussian_noise,T013-S1,5,0,,False
59,A,gaussian_noise,T013-S1,6,0,,False
60,A,gaussian_noise,T013-S1,0,0,0.0,True
61,A,gaussian_noise,T013-S1,0,0,0.0,True
61,A,gaussian_noise,T013-S1,4,0,0.0,True
61,A,gaussian_noise,T013-S1,5,1129/56550,1.0,True
61,A,gaussian_noise,T013-S1,7,1129/56550,1.0,True
62,A,gaussian_noise,T013-S1,0,0,0.0,True
62,A,gaussian_noise,T013-S1,5,518/38175,1.0,True
62,A,gaussian_noise,T013-S1,6,-188482/14468325,-0.9600656065036012,True
62,A,gaussian_noise,T013-S1,9,-188482/14468325,-0.9600656065036012,True
63,A,gaussian_noise,T013-S1,3,0,,False
63,A,gaussian_noise,T013-S1,4,0,,False
63,A,gaussian_noise,T013-S1,6,0,,False
64,A,gaussian_noise,T013-S1,1,0,0.0,True
64,A,gaussian_noise,T013-S1,3,947121703/14162695950,1.0025608878874628,True
64,A,gaussian_noise,T013-S1,5,0,0.0,True
64,A,gaussian_noise,T013-S1,8,0,0.0,True
64,A,gaussian_noise,T013-S1,9,0,0.0,True
65,A,gaussian_noise,T013-S1,5,0,0.0,True
66,A,gaussian_noise,T013-S1,7,0,,False
66,A,gaussian_noise,T013-S1,8,0,,False
66,A,gaussian_noise,T013-S1,9,5/754,,False
67,A,gaussian_noise,T013-S1,1,0,0.0,True
67,A,gaussian_noise,T013-S1,2,0,0.0,True
67,A,gaussian_noise,T013-S1,5,0,0.0,True
67,A,gaussian_noise,T013-S1,7,0,0.0,True
67,A,gaussian_noise,T013-S1,8,0,0.0,True
68,A,gaussian_noise,T013-S1,1,-4/299,-0.3319027181688126,True
68,A,gaussian_noise,T013-S1,7,4/299,0.3319027181688126,True
68,A,gaussian_noise,T013-S1,9,4/299,0.3319027181688126,True
69,A,gaussian_noise,T013-S1,2,0,0.0,True
69,A,gaussian_noise,T013-S1,5,0,0.0,True
69,A,gaussian_noise,T013-S1,7,0,0.0,True
70,A,gaussian_noise,T013-S1,0,0,0.0,True
70,A,gaussian_noise,T013-S1,8,0,0.0,True
71,A,gaussian_noise,T013-S1,4,0,0.0,True
71,A,gaussian_noise,T013-S1,5,749/112650,749.0,True
71,A,gaussian_noise,T013-S1,8,0,0.0,True
72,A,gaussian_noise,T013-S1,0,0,0.0,True
72,A,gaussian_noise,T013-S1,5,382514/7115725,0.4469527410053323,True
72,A,gaussian_noise,T013-S1,8,0,0.0,True
73,A,gaussian_noise,T013-S1,5,0,0.0,True
73,A,gaussian_noise,T013-S1,6,0,0.0,True
73,A,gaussian_noise,T013-S1,7,0,0.0,True
74,A,gaussian_noise,T013-S1,6,0,,False
75,A,gaussian_noise,T013-S1,0,0,,False
75,A,gaussian_noise,T013-S1,1,0,,False
75,A,gaussian_noise,T013-S1,3,19687/226642,,False
76,A,gaussian_noise,T013-S1,1,0,,False
76,A,gaussian_noise,T013-S1,6,0,,False
76,A,gaussian_noise,T013-S1,7,0,,False
77,A,gaussian_noise,T013-S1,0,0,0.0,True
77,A,gaussian_noise,T013-S1,2,0,0.0,True
78,A,gaussian_noise,T013-S1,4,0,0.0,True
78,A,gaussian_noise,T013-S1,5,0,0.0,True
78,A,gaussian_noise,T013-S1,8,0,0.0,True
79,A,gaussian_noise,T013-S1,1,0,0.0,True
79,A,gaussian_noise,T013-S1,2,0,0.0,True
79,A,gaussian_noise,T013-S1,5,0,0.0,True
80,A,gaussian_noise,T013-S1,6,0,,False
80,A,gaussian_noise,T013-S1,7,0,,False
81,A,gaussian_noise,T013-S1,7,0,0.0,True
81,A,gaussian_noise,T013-S1,9,0,0.0,True
82,A,gaussian_noise,T013-S1,3,0,0.0,True
82,A,gaussian_noise,T013-S1,7,0,0.0,True
83,A,gaussian_noise,T013-S1,4,0,0.0,True
83,A,gaussian_noise,T013-S1,7,0,0.0,True
83,A,gaussian_noise,T013-S1,8,0,0.0,True
84,A,gaussian_noise,T013-S1,2,0,0.0,True
84,A,gaussian_noise,T013-S1,3,0,0.0,True
84,A,gaussian_noise,T013-S1,6,0,0.0,True
85,A,gaussian_noise,T013-S1,5,0,0.0,True
85,A,gaussian_noise,T013-S1,6,0,0.0,True
86,A,gaussian_noise,T013-S1,2,0,0.0,True
86,A,gaussian_noise,T013-S1,4,2518/37725,1.0,True
86,A,gaussian_noise,T013-S1,5,2518/37725,1.0,True
86,A,gaussian_noise,T013-S1,6,0,0.0,True
87,A,gaussian_noise,T013-S1,3,0,0.0,True
87,A,gaussian_noise,T013-S1,5,0,0.0,True
88,A,gaussian_noise,T013-S1,3,0,,False
88,A,gaussian_noise,T013-S1,4,0,,False
88,A,gaussian_noise,T013-S1,6,0,,False
88,A,gaussian_noise,T013-S1,9,0,,False
89,A,gaussian_noise,T013-S1,4,1297070537/21616746450,0.9000045622268241,True
89,A,gaussian_noise,T013-S1,5,0,0.0,True
90,A,gaussian_noise,T013-S1,2,0,0.0,True
90,A,gaussian_noise,T013-S1,3,0,0.0,True
90,A,gaussian_noise,T013-S1,5,0,0.0,True
90,A,gaussian_noise,T013-S1,9,0,0.0,True
91,A,gaussian_noise,T013-S1,3,0,0.0,True
91,A,gaussian_noise,T013-S1,7,0,0.0,True
91,A,gaussian_noise,T013-S1,9,565/42978,0.6608187134502924,True
92,A,gaussian_noise,T013-S1,1,-87961/12799293,,False
92,A,gaussian_noise,T013-S1,3,-7/224549,,False
92,A,gaussian_noise,T013-S1,8,-85567/12799293,,False
93,A,gaussian_noise,T013-S1,4,0,0.0,True
94,A,gaussian_noise,T013-S1,1,0,0.0,True
94,A,gaussian_noise,T013-S1,5,0,0.0,True
95,A,gaussian_noise,T013-S1,1,0,0.0,True
95,A,gaussian_noise,T013-S1,5,0,0.0,True
95,A,gaussian_noise,T013-S1,6,0,0.0,True
96,A,gaussian_noise,T013-S1,7,0,0.0,True
96,A,gaussian_noise,T013-S1,9,5/247,2.91412213740458,True
97,A,gaussian_noise,T013-S1,2,0,0.0,True
97,A,gaussian_noise,T013-S1,3,0,0.0,True
97,A,gaussian_noise,T013-S1,9,0,0.0,True
98,A,gaussian_noise,T013-S1,5,0,0.0,True
98,A,gaussian_noise,T013-S1,6,0,0.0,True
98,A,gaussian_noise,T013-S1,9,0,0.0,True
99,A,gaussian_noise,T013-S1,0,0,0.0,True
99,A,gaussian_noise,T013-S1,3,0,0.0,True
99,A,gaussian_noise,T013-S1,4,0,0.0,True
99,A,gaussian_noise,T013-S1,5,0,0.0,True
99,A,gaussian_noise,T013-S1,7,0,0.0,True
99,A,gaussian_noise,T013-S1,9,0,0.0,True
0,A,gaussian_noise,T013-S2,1,0,0.0,True
0,A,gaussian_noise,T013-S2,6,-2631679/26481234,-1.0011618241476057,True
0,A,gaussian_noise,T013-S2,7,0,0.0,True
1,A,gaussian_noise,T013-S2,1,0,0.0,True
1,A,gaussian_noise,T013-S2,7,0,0.0,True
2,A,gaussian_noise,T013-S2,3,0,0.0,True
2,A,gaussian_noise,T013-S2,4,0,0.0,True
2,A,gaussian_noise,T013-S2,9,-5/741,-1.0,True
3,A,gaussian_noise,T013-S2,0,0,0.0,True
4,A,gaussian_noise,T013-S2,4,0,0.0,True
4,A,gaussian_noise,T013-S2,5,0,0.0,True
4,A,gaussian_noise,T013-S2,9,0,0.0,True
5,A,gaussian_noise,T013-S2,0,0,0.0,True
5,A,gaussian_noise,T013-S2,2,498073/9531850,0.6579494536385349,True
5,A,gaussian_noise,T013-S2,5,498073/9531850,0.6579494536385349,True
6,A,gaussian_noise,T013-S2,0,0,,False
6,A,gaussian_noise,T013-S2,3,-666515/95298034,,False
6,A,gaussian_noise,T013-S2,6,0,,False
7,A,gaussian_noise,T013-S2,1,0,0.0,True
7,A,gaussian_noise,T013-S2,3,116/17043,1.0,True
8,A,gaussian_noise,T013-S2,0,0,0.0,True
8,A,gaussian_noise,T013-S2,5,0,0.0,True
9,A,gaussian_noise,T013-S2,7,11235/283127,0.29924798454476076,True
9,A,gaussian_noise,T013-S2,8,11235/283127,0.29924798454476076,True
10,A,gaussian_noise,T013-S2,2,0,0.0,True
10,A,gaussian_noise,T013-S2,3,0,0.0,True
10,A,gaussian_noise,T013-S2,4,24895/187619,3.321023158565366,True
11,A,gaussian_noise,T013-S2,2,0,0.0,True
11,A,gaussian_noise,T013-S2,8,0,0.0,True
12,A,gaussian_noise,T013-S2,2,0,0.0,True
12,A,gaussian_noise,T013-S2,7,0,0.0,True
13,A,gaussian_noise,T013-S2,1,0,0.0,True
13,A,gaussian_noise,T013-S2,3,0,0.0,True
13,A,gaussian_noise,T013-S2,5,0,0.0,True
14,A,gaussian_noise,T013-S2,1,0,0.0,True
14,A,gaussian_noise,T013-S2,2,0,0.0,True
15,A,gaussian_noise,T013-S2,4,0,,False
16,A,gaussian_noise,T013-S2,1,0,,False
16,A,gaussian_noise,T013-S2,4,0,,False
16,A,gaussian_noise,T013-S2,6,0,,False
16,A,gaussian_noise,T013-S2,8,0,,False
16,A,gaussian_noise,T013-S2,9,0,,False
17,A,gaussian_noise,T013-S2,1,-8949/224549,,False
17,A,gaussian_noise,T013-S2,4,-7461/224549,,False
17,A,gaussian_noise,T013-S2,8,0,,False
18,A,gaussian_noise,T013-S2,0,0,,False
18,A,gaussian_noise,T013-S2,3,0,,False
18,A,gaussian_noise,T013-S2,6,0,,False
19,A,gaussian_noise,T013-S2,0,0,0.0,True
19,A,gaussian_noise,T013-S2,2,0,0.0,True
19,A,gaussian_noise,T013-S2,7,0,0.0,True
20,A,gaussian_noise,T013-S2,6,0,,False
21,A,gaussian_noise,T013-S2,4,0,,False
22,A,gaussian_noise,T013-S2,1,0,,False
22,A,gaussian_noise,T013-S2,2,0,,False
23,A,gaussian_noise,T013-S2,0,0,0.0,True
23,A,gaussian_noise,T013-S2,2,28542245/859010322,0.5013873582855517,True
23,A,gaussian_noise,T013-S2,5,105280/1133259,1.4018460810938167,True
23,A,gaussian_noise,T013-S2,8,105280/1133259,1.4018460810938167,True
23,A,gaussian_noise,T013-S2,9,0,0.0,True
24,A,gaussian_noise,T013-S2,3,0,0.0,True
24,A,gaussian_noise,T013-S2,7,-10/1527,-0.14111073672451938,True
24,A,gaussian_noise,T013-S2,9,-231/17342,-0.2870198243570337,True
25,A,gaussian_noise,T013-S2,0,0,0.0,True
25,A,gaussian_noise,T013-S2,1,0,0.0,True
25,A,gaussian_noise,T013-S2,4,0,0.0,True
26,A,gaussian_noise,T013-S2,5,0,,False
26,A,gaussian_noise,T013-S2,6,0,,False
27,A,gaussian_noise,T013-S2,1,14/299,0.2916666666666667,True
28,A,gaussian_noise,T013-S2,0,5/758,,False
28,A,gaussian_noise,T013-S2,2,5/758,,False
28,A,gaussian_noise,T013-S2,3,5/758,,False
28,A,gaussian_noise,T013-S2,4,0,,False
28,A,gaussian_noise,T013-S2,5,5/758,,False
28,A,gaussian_noise,T013-S2,8,0,,False
29,A,gaussian_noise,T013-S2,1,0,0.0,True
30,A,gaussian_noise,T013-S2,2,707/5030,0.3289698172906908,True
30,A,gaussian_noise,T013-S2,4,0,0.0,True
30,A,gaussian_noise,T013-S2,5,0,0.0,True
31,A,gaussian_noise,T013-S2,8,0,0.0,True
32,A,gaussian_noise,T013-S2,0,0,0.0,True
32,A,gaussian_noise,T013-S2,2,0,0.0,True
32,A,gaussian_noise,T013-S2,4,0,0.0,True
32,A,gaussian_noise,T013-S2,5,0,0.0,True
32,A,gaussian_noise,T013-S2,8,0,0.0,True
33,A,gaussian_noise,T013-S2,0,0,0.0,True
33,A,gaussian_noise,T013-S2,3,55745/561678,1.1492629625811772,True
34,A,gaussian_noise,T013-S2,2,0,0.0,True
34,A,gaussian_noise,T013-S2,3,0,0.0,True
34,A,gaussian_noise,T013-S2,8,0,0.0,True
35,A,gaussian_noise,T013-S2,1,0,0.0,True
35,A,gaussian_noise,T013-S2,8,0,0.0,True
36,A,gaussian_noise,T013-S2,0,0,0.0,True
36,A,gaussian_noise,T013-S2,1,0,0.0,True
36,A,gaussian_noise,T013-S2,6,0,0.0,True
36,A,gaussian_noise,T013-S2,7,95/1151358,1.0,True
36,A,gaussian_noise,T013-S2,9,0,0.0,True
37,A,gaussian_noise,T013-S2,2,0,0.0,True
37,A,gaussian_noise,T013-S2,6,0,0.0,True
37,A,gaussian_noise,T013-S2,9,0,0.0,True
38,A,gaussian_noise,T013-S2,8,0,,False
39,A,gaussian_noise,T013-S2,2,0,0.0,True
40,A,gaussian_noise,T013-S2,9,0,,False
41,A,gaussian_noise,T013-S2,0,0,0.0,True
41,A,gaussian_noise,T013-S2,1,0,0.0,True
41,A,gaussian_noise,T013-S2,3,-1285/185497,-0.25927405585202845,True
41,A,gaussian_noise,T013-S2,9,0,0.0,True
42,A,gaussian_noise,T013-S2,0,2272/34707,1.0,True
42,A,gaussian_noise,T013-S2,1,2272/34707,1.0,True
42,A,gaussian_noise,T013-S2,2,2272/34707,1.0,True
43,A,gaussian_noise,T013-S2,0,0,0.0,True
43,A,gaussian_noise,T013-S2,4,0,0.0,True
44,A,gaussian_noise,T013-S2,0,0,0.0,True
44,A,gaussian_noise,T013-S2,8,0,0.0,True
44,A,gaussian_noise,T013-S2,9,0,0.0,True
45,A,gaussian_noise,T013-S2,2,0,,False
45,A,gaussian_noise,T013-S2,4,0,,False
45,A,gaussian_noise,T013-S2,5,0,,False
45,A,gaussian_noise,T013-S2,8,0,,False
46,A,gaussian_noise,T013-S2,2,0,0.0,True
46,A,gaussian_noise,T013-S2,4,0,0.0,True
46,A,gaussian_noise,T013-S2,5,0,0.0,True
47,A,gaussian_noise,T013-S2,0,0,0.0,True
47,A,gaussian_noise,T013-S2,1,0,0.0,True
47,A,gaussian_noise,T013-S2,2,0,0.0,True
47,A,gaussian_noise,T013-S2,4,0,0.0,True
47,A,gaussian_noise,T013-S2,8,0,0.0,True
48,A,gaussian_noise,T013-S2,4,-5/754,-1.0,True
48,A,gaussian_noise,T013-S2,7,-5/142883,-0.005277044854881266,True
48,A,gaussian_noise,T013-S2,9,0,0.0,True
49,A,gaussian_noise,T013-S2,1,0,,False
49,A,gaussian_noise,T013-S2,3,-457/17043,,False
50,A,gaussian_noise,T013-S2,2,1780151/22559550,0.992447854718018,True
50,A,gaussian_noise,T013-S2,5,0,0.0,True
51,A,gaussian_noise,T013-S2,3,0,,False
51,A,gaussian_noise,T013-S2,4,0,,False
51,A,gaussian_noise,T013-S2,9,0,,False
52,A,gaussian_noise,T013-S2,0,0,0.0,True
52,A,gaussian_noise,T013-S2,2,0,0.0,True
53,A,gaussian_noise,T013-S2,1,-465/17342,-4.26605504587156,True
53,A,gaussian_noise,T013-S2,7,-113/8671,-2.073394495412844,True
54,A,gaussian_noise,T013-S2,2,0,0.0,True
54,A,gaussian_noise,T013-S2,6,0,0.0,True
54,A,gaussian_noise,T013-S2,7,0,0.0,True
55,A,gaussian_noise,T013-S2,0,0,0.0,True
55,A,gaussian_noise,T013-S2,8,0,0.0,True
56,A,gaussian_noise,T013-S2,3,0,,False
56,A,gaussian_noise,T013-S2,4,0,,False
56,A,gaussian_noise,T013-S2,6,4961555/189716007,,False
56,A,gaussian_noise,T013-S2,9,0,,False
57,A,gaussian_noise,T013-S2,0,0,,False
57,A,gaussian_noise,T013-S2,1,-23728/456573,,False
57,A,gaussian_noise,T013-S2,3,0,,False
57,A,gaussian_noise,T013-S2,4,-247509/6286150,,False
57,A,gaussian_noise,T013-S2,6,-247509/6286150,,False
58,A,gaussian_noise,T013-S2,0,0,,False
58,A,gaussian_noise,T013-S2,9,0,,False
59,A,gaussian_noise,T013-S2,0,0,,False
59,A,gaussian_noise,T013-S2,1,0,,False
59,A,gaussian_noise,T013-S2,3,0,,False
59,A,gaussian_noise,T013-S2,5,0,,False
59,A,gaussian_noise,T013-S2,6,0,,False
60,A,gaussian_noise,T013-S2,0,0,0.0,True
61,A,gaussian_noise,T013-S2,0,0,0.0,True
61,A,gaussian_noise,T013-S2,4,0,0.0,True
61,A,gaussian_noise,T013-S2,5,1129/56550,1.0,True
61,A,gaussian_noise,T013-S2,7,1129/56550,1.0,True
62,A,gaussian_noise,T013-S2,0,0,0.0,True
62,A,gaussian_noise,T013-S2,5,518/38175,1.0,True
62,A,gaussian_noise,T013-S2,6,0,0.0,True
62,A,gaussian_noise,T013-S2,9,127/9475,0.9878108413728467,True
63,A,gaussian_noise,T013-S2,3,0,,False
63,A,gaussian_noise,T013-S2,4,0,,False
63,A,gaussian_noise,T013-S2,6,0,,False
64,A,gaussian_noise,T013-S2,1,0,0.0,True
64,A,gaussian_noise,T013-S2,3,947121703/14162695950,1.0025608878874628,True
64,A,gaussian_noise,T013-S2,5,0,0.0,True
64,A,gaussian_noise,T013-S2,8,0,0.0,True
64,A,gaussian_noise,T013-S2,9,0,0.0,True
65,A,gaussian_noise,T013-S2,5,0,0.0,True
66,A,gaussian_noise,T013-S2,7,0,,False
66,A,gaussian_noise,T013-S2,8,0,,False
66,A,gaussian_noise,T013-S2,9,5/754,,False
67,A,gaussian_noise,T013-S2,1,0,0.0,True
67,A,gaussian_noise,T013-S2,2,0,0.0,True
67,A,gaussian_noise,T013-S2,5,0,0.0,True
67,A,gaussian_noise,T013-S2,7,0,0.0,True
67,A,gaussian_noise,T013-S2,8,0,0.0,True
68,A,gaussian_noise,T013-S2,1,-8/299,-0.6638054363376252,True
68,A,gaussian_noise,T013-S2,7,0,0.0,True
68,A,gaussian_noise,T013-S2,9,0,0.0,True
69,A,gaussian_noise,T013-S2,2,0,0.0,True
69,A,gaussian_noise,T013-S2,5,0,0.0,True
69,A,gaussian_noise,T013-S2,7,0,0.0,True
70,A,gaussian_noise,T013-S2,0,0,0.0,True
70,A,gaussian_noise,T013-S2,8,0,0.0,True
71,A,gaussian_noise,T013-S2,4,0,0.0,True
71,A,gaussian_noise,T013-S2,5,749/112650,749.0,True
71,A,gaussian_noise,T013-S2,8,0,0.0,True
72,A,gaussian_noise,T013-S2,0,0,0.0,True
72,A,gaussian_noise,T013-S2,5,382514/7115725,0.4469527410053323,True
72,A,gaussian_noise,T013-S2,8,0,0.0,True
73,A,gaussian_noise,T013-S2,5,0,0.0,True
73,A,gaussian_noise,T013-S2,6,0,0.0,True
73,A,gaussian_noise,T013-S2,7,0,0.0,True
74,A,gaussian_noise,T013-S2,6,0,,False
75,A,gaussian_noise,T013-S2,0,0,,False
75,A,gaussian_noise,T013-S2,1,0,,False
75,A,gaussian_noise,T013-S2,3,19687/226642,,False
76,A,gaussian_noise,T013-S2,1,0,,False
76,A,gaussian_noise,T013-S2,6,0,,False
76,A,gaussian_noise,T013-S2,7,0,,False
77,A,gaussian_noise,T013-S2,0,0,0.0,True
77,A,gaussian_noise,T013-S2,2,0,0.0,True
78,A,gaussian_noise,T013-S2,4,0,0.0,True
78,A,gaussian_noise,T013-S2,5,0,0.0,True
78,A,gaussian_noise,T013-S2,8,0,0.0,True
79,A,gaussian_noise,T013-S2,1,0,0.0,True
79,A,gaussian_noise,T013-S2,2,0,0.0,True
79,A,gaussian_noise,T013-S2,5,0,0.0,True
80,A,gaussian_noise,T013-S2,6,0,,False
80,A,gaussian_noise,T013-S2,7,0,,False
81,A,gaussian_noise,T013-S2,7,0,0.0,True
81,A,gaussian_noise,T013-S2,9,0,0.0,True
82,A,gaussian_noise,T013-S2,3,0,0.0,True
82,A,gaussian_noise,T013-S2,7,0,0.0,True
83,A,gaussian_noise,T013-S2,4,0,0.0,True
83,A,gaussian_noise,T013-S2,7,0,0.0,True
83,A,gaussian_noise,T013-S2,8,0,0.0,True
84,A,gaussian_noise,T013-S2,2,0,0.0,True
84,A,gaussian_noise,T013-S2,3,0,0.0,True
84,A,gaussian_noise,T013-S2,6,0,0.0,True
85,A,gaussian_noise,T013-S2,5,0,0.0,True
85,A,gaussian_noise,T013-S2,6,0,0.0,True
86,A,gaussian_noise,T013-S2,2,0,0.0,True
86,A,gaussian_noise,T013-S2,4,2518/37725,1.0,True
86,A,gaussian_noise,T013-S2,5,2518/37725,1.0,True
86,A,gaussian_noise,T013-S2,6,0,0.0,True
87,A,gaussian_noise,T013-S2,3,0,0.0,True
87,A,gaussian_noise,T013-S2,5,0,0.0,True
88,A,gaussian_noise,T013-S2,3,0,,False
88,A,gaussian_noise,T013-S2,4,0,,False
88,A,gaussian_noise,T013-S2,6,0,,False
88,A,gaussian_noise,T013-S2,9,0,,False
89,A,gaussian_noise,T013-S2,4,1297070537/21616746450,0.9000045622268241,True
89,A,gaussian_noise,T013-S2,5,0,0.0,True
90,A,gaussian_noise,T013-S2,2,0,0.0,True
90,A,gaussian_noise,T013-S2,3,0,0.0,True
90,A,gaussian_noise,T013-S2,5,0,0.0,True
90,A,gaussian_noise,T013-S2,9,0,0.0,True
91,A,gaussian_noise,T013-S2,3,0,0.0,True
91,A,gaussian_noise,T013-S2,7,0,0.0,True
91,A,gaussian_noise,T013-S2,9,565/42978,0.6608187134502924,True
92,A,gaussian_noise,T013-S2,1,-87562/12799293,-0.339398120871965,True
92,A,gaussian_noise,T013-S2,3,0,0.0,True
92,A,gaussian_noise,T013-S2,8,-85168/12799293,-0.3301187633725077,True
93,A,gaussian_noise,T013-S2,4,0,0.0,True
94,A,gaussian_noise,T013-S2,1,0,0.0,True
94,A,gaussian_noise,T013-S2,5,0,0.0,True
95,A,gaussian_noise,T013-S2,1,0,0.0,True
95,A,gaussian_noise,T013-S2,5,0,0.0,True
95,A,gaussian_noise,T013-S2,6,0,0.0,True
96,A,gaussian_noise,T013-S2,7,0,0.0,True
96,A,gaussian_noise,T013-S2,9,5/247,2.91412213740458,True
97,A,gaussian_noise,T013-S2,2,0,0.0,True
97,A,gaussian_noise,T013-S2,3,0,0.0,True
97,A,gaussian_noise,T013-S2,9,0,0.0,True
98,A,gaussian_noise,T013-S2,5,0,0.0,True
98,A,gaussian_noise,T013-S2,6,0,0.0,True
98,A,gaussian_noise,T013-S2,9,0,0.0,True
99,A,gaussian_noise,T013-S2,0,0,0.0,True
99,A,gaussian_noise,T013-S2,3,0,0.0,True
99,A,gaussian_noise,T013-S2,4,0,0.0,True
99,A,gaussian_noise,T013-S2,5,0,0.0,True
99,A,gaussian_noise,T013-S2,7,0,0.0,True
99,A,gaussian_noise,T013-S2,9,0,0.0,True
0,A,gaussian_noise,T013-S3,1,0,0.0,True
0,A,gaussian_noise,T013-S3,6,-1315076/13240617,-1.000580912073803,True
0,A,gaussian_noise,T013-S3,7,0,0.0,True
1,A,gaussian_noise,T013-S3,1,0,0.0,True
1,A,gaussian_noise,T013-S3,7,0,0.0,True
2,A,gaussian_noise,T013-S3,3,0,,False
2,A,gaussian_noise,T013-S3,4,0,,False
2,A,gaussian_noise,T013-S3,9,-5/741,,False
3,A,gaussian_noise,T013-S3,0,0,0.0,True
4,A,gaussian_noise,T013-S3,4,0,0.0,True
4,A,gaussian_noise,T013-S3,5,0,0.0,True
4,A,gaussian_noise,T013-S3,9,0,0.0,True
5,A,gaussian_noise,T013-S3,0,0,0.0,True
5,A,gaussian_noise,T013-S3,2,498073/9531850,0.6579494536385349,True
5,A,gaussian_noise,T013-S3,5,498073/9531850,0.6579494536385349,True
6,A,gaussian_noise,T013-S3,0,0,,False
6,A,gaussian_noise,T013-S3,3,5015/377169,,False
6,A,gaussian_noise,T013-S3,6,0,,False
7,A,gaussian_noise,T013-S3,1,0,0.0,True
7,A,gaussian_noise,T013-S3,3,2/299,0.32947976878612717,True
8,A,gaussian_noise,T013-S3,0,0,0.0,True
8,A,gaussian_noise,T013-S3,5,0,0.0,True
9,A,gaussian_noise,T013-S3,7,29995/566254,0.3994634310823364,True
9,A,gaussian_noise,T013-S3,8,29995/566254,0.3994634310823364,True
10,A,gaussian_noise,T013-S3,2,0,0.0,True
10,A,gaussian_noise,T013-S3,3,0,0.0,True
10,A,gaussian_noise,T013-S3,4,24895/187619,3.321023158565366,True
11,A,gaussian_noise,T013-S3,2,0,0.0,True
11,A,gaussian_noise,T013-S3,8,0,0.0,True
12,A,gaussian_noise,T013-S3,2,0,0.0,True
12,A,gaussian_noise,T013-S3,7,0,0.0,True
13,A,gaussian_noise,T013-S3,1,0,0.0,True
13,A,gaussian_noise,T013-S3,3,0,0.0,True
13,A,gaussian_noise,T013-S3,5,0,0.0,True
14,A,gaussian_noise,T013-S3,1,0,0.0,True
14,A,gaussian_noise,T013-S3,2,0,0.0,True
15,A,gaussian_noise,T013-S3,4,0,,False
16,A,gaussian_noise,T013-S3,1,0,,False
16,A,gaussian_noise,T013-S3,4,0,,False
16,A,gaussian_noise,T013-S3,6,0,,False
16,A,gaussian_noise,T013-S3,8,0,,False
16,A,gaussian_noise,T013-S3,9,0,,False
17,A,gaussian_noise,T013-S3,1,-8949/224549,,False
17,A,gaussian_noise,T013-S3,4,-4478/224549,,False
17,A,gaussian_noise,T013-S3,8,0,,False
18,A,gaussian_noise,T013-S3,0,0,,False
18,A,gaussian_noise,T013-S3,3,0,,False
18,A,gaussian_noise,T013-S3,6,0,,False
19,A,gaussian_noise,T013-S3,0,0,0.0,True
19,A,gaussian_noise,T013-S3,2,0,0.0,True
19,A,gaussian_noise,T013-S3,7,0,0.0,True
20,A,gaussian_noise,T013-S3,6,0,,False
21,A,gaussian_noise,T013-S3,4,0,,False
22,A,gaussian_noise,T013-S3,1,0,,False
22,A,gaussian_noise,T013-S3,2,0,,False
23,A,gaussian_noise,T013-S3,0,0,0.0,True
23,A,gaussian_noise,T013-S3,2,15180295/286336774,0.7999939746903619,True
23,A,gaussian_noise,T013-S3,5,105280/1133259,1.4018460810938167,True
23,A,gaussian_noise,T013-S3,8,105280/1133259,1.4018460810938167,True
23,A,gaussian_noise,T013-S3,9,0,0.0,True
24,A,gaussian_noise,T013-S3,3,0,0.0,True
24,A,gaussian_noise,T013-S3,7,-10/1527,-0.14111073672451938,True
24,A,gaussian_noise,T013-S3,9,-1/44850,-0.00048043722403197565,True
25,A,gaussian_noise,T013-S3,0,0,0.0,True
25,A,gaussian_noise,T013-S3,1,0,0.0,True
25,A,gaussian_noise,T013-S3,4,0,0.0,True
26,A,gaussian_noise,T013-S3,5,0,,False
26,A,gaussian_noise,T013-S3,6,0,,False
27,A,gaussian_noise,T013-S3,1,14/299,0.2916666666666667,True
28,A,gaussian_noise,T013-S3,0,0,0.0,True
28,A,gaussian_noise,T013-S3,2,0,0.0,True
28,A,gaussian_noise,T013-S3,3,0,0.0,True
28,A,gaussian_noise,T013-S3,4,0,0.0,True
28,A,gaussian_noise,T013-S3,5,0,0.0,True
28,A,gaussian_noise,T013-S3,8,0,0.0,True
29,A,gaussian_noise,T013-S3,1,0,0.0,True
30,A,gaussian_noise,T013-S3,2,23719/75450,0.7357694574557185,True
30,A,gaussian_noise,T013-S3,4,0,0.0,True
30,A,gaussian_noise,T013-S3,5,0,0.0,True
31,A,gaussian_noise,T013-S3,8,0,0.0,True
32,A,gaussian_noise,T013-S3,0,0,0.0,True
32,A,gaussian_noise,T013-S3,2,0,0.0,True
32,A,gaussian_noise,T013-S3,4,0,0.0,True
32,A,gaussian_noise,T013-S3,5,0,0.0,True
32,A,gaussian_noise,T013-S3,8,0,0.0,True
33,A,gaussian_noise,T013-S3,0,0,0.0,True
33,A,gaussian_noise,T013-S3,3,55745/561678,1.1492629625811772,True
34,A,gaussian_noise,T013-S3,2,0,0.0,True
34,A,gaussian_noise,T013-S3,3,0,0.0,True
34,A,gaussian_noise,T013-S3,8,0,0.0,True
35,A,gaussian_noise,T013-S3,1,0,,False
35,A,gaussian_noise,T013-S3,8,0,,False
36,A,gaussian_noise,T013-S3,0,0,0.0,True
36,A,gaussian_noise,T013-S3,1,-10/1527,-79.36842105263158,True
36,A,gaussian_noise,T013-S3,6,0,0.0,True
36,A,gaussian_noise,T013-S3,7,95/1151358,1.0,True
36,A,gaussian_noise,T013-S3,9,0,0.0,True
37,A,gaussian_noise,T013-S3,2,0,0.0,True
37,A,gaussian_noise,T013-S3,6,0,0.0,True
37,A,gaussian_noise,T013-S3,9,0,0.0,True
38,A,gaussian_noise,T013-S3,8,0,,False
39,A,gaussian_noise,T013-S3,2,0,0.0,True
40,A,gaussian_noise,T013-S3,9,0,,False
41,A,gaussian_noise,T013-S3,0,0,0.0,True
41,A,gaussian_noise,T013-S3,1,0,0.0,True
41,A,gaussian_noise,T013-S3,3,-1285/185497,-0.25927405585202845,True
41,A,gaussian_noise,T013-S3,9,0,0.0,True
42,A,gaussian_noise,T013-S3,0,2272/34707,1.0,True
42,A,gaussian_noise,T013-S3,1,2272/34707,1.0,True
42,A,gaussian_noise,T013-S3,2,2272/34707,1.0,True
43,A,gaussian_noise,T013-S3,0,0,0.0,True
43,A,gaussian_noise,T013-S3,4,0,0.0,True
44,A,gaussian_noise,T013-S3,0,0,0.0,True
44,A,gaussian_noise,T013-S3,8,0,0.0,True
44,A,gaussian_noise,T013-S3,9,0,0.0,True
45,A,gaussian_noise,T013-S3,2,0,,False
45,A,gaussian_noise,T013-S3,4,0,,False
45,A,gaussian_noise,T013-S3,5,0,,False
45,A,gaussian_noise,T013-S3,8,0,,False
46,A,gaussian_noise,T013-S3,2,0,0.0,True
46,A,gaussian_noise,T013-S3,4,0,0.0,True
46,A,gaussian_noise,T013-S3,5,0,0.0,True
47,A,gaussian_noise,T013-S3,0,0,0.0,True
47,A,gaussian_noise,T013-S3,1,0,0.0,True
47,A,gaussian_noise,T013-S3,2,0,0.0,True
47,A,gaussian_noise,T013-S3,4,0,0.0,True
47,A,gaussian_noise,T013-S3,8,0,0.0,True
48,A,gaussian_noise,T013-S3,4,-5/142883,-0.005277044854881266,True
48,A,gaussian_noise,T013-S3,7,-5/142883,-0.005277044854881266,True
48,A,gaussian_noise,T013-S3,9,0,0.0,True
49,A,gaussian_noise,T013-S3,1,0,,False
49,A,gaussian_noise,T013-S3,3,0,,False
50,A,gaussian_noise,T013-S3,2,1780151/22559550,0.992447854718018,True
50,A,gaussian_noise,T013-S3,5,0,0.0,True
51,A,gaussian_noise,T013-S3,3,0,,False
51,A,gaussian_noise,T013-S3,4,0,,False
51,A,gaussian_noise,T013-S3,9,0,,False
52,A,gaussian_noise,T013-S3,0,0,0.0,True
52,A,gaussian_noise,T013-S3,2,0,0.0,True
53,A,gaussian_noise,T013-S3,1,111/17342,1.018348623853211,True
53,A,gaussian_noise,T013-S3,7,175/8671,3.2110091743119265,True
54,A,gaussian_noise,T013-S3,2,0,0.0,True
54,A,gaussian_noise,T013-S3,6,0,0.0,True
54,A,gaussian_noise,T013-S3,7,0,0.0,True
55,A,gaussian_noise,T013-S3,0,0,0.0,True
55,A,gaussian_noise,T013-S3,8,0,0.0,True
56,A,gaussian_noise,T013-S3,3,0,,False
56,A,gaussian_noise,T013-S3,4,0,,False
56,A,gaussian_noise,T013-S3,6,6218785/189716007,,False
56,A,gaussian_noise,T013-S3,9,0,,False
57,A,gaussian_noise,T013-S3,0,0,0.0,True
57,A,gaussian_noise,T013-S3,1,-151663/2891629,-97.51157308186883,True
57,A,gaussian_noise,T013-S3,3,-1791/2891629,-1.1515216459494213,True
57,A,gaussian_noise,T013-S3,4,-17285971/433744350,-74.0933176168024,True
57,A,gaussian_noise,T013-S3,6,-17285971/433744350,-74.0933176168024,True
58,A,gaussian_noise,T013-S3,0,0,,False
58,A,gaussian_noise,T013-S3,9,0,,False
59,A,gaussian_noise,T013-S3,0,0,,False
59,A,gaussian_noise,T013-S3,1,0,,False
59,A,gaussian_noise,T013-S3,3,0,,False
59,A,gaussian_noise,T013-S3,5,0,,False
59,A,gaussian_noise,T013-S3,6,0,,False
60,A,gaussian_noise,T013-S3,0,0,0.0,True
61,A,gaussian_noise,T013-S3,0,0,0.0,True
61,A,gaussian_noise,T013-S3,4,0,0.0,True
61,A,gaussian_noise,T013-S3,5,1129/56550,1.0,True
61,A,gaussian_noise,T013-S3,7,1129/56550,1.0,True
62,A,gaussian_noise,T013-S3,0,0,0.0,True
62,A,gaussian_noise,T013-S3,5,518/38175,1.0,True
62,A,gaussian_noise,T013-S3,6,95768/14468325,0.48781084137284664,True
62,A,gaussian_noise,T013-S3,9,0,0.0,True
63,A,gaussian_noise,T013-S3,3,0,,False
63,A,gaussian_noise,T013-S3,4,0,,False
63,A,gaussian_noise,T013-S3,6,0,,False
64,A,gaussian_noise,T013-S3,1,0,0.0,True
64,A,gaussian_noise,T013-S3,3,947121703/14162695950,1.0025608878874628,True
64,A,gaussian_noise,T013-S3,5,0,0.0,True
64,A,gaussian_noise,T013-S3,8,0,0.0,True
64,A,gaussian_noise,T013-S3,9,0,0.0,True
65,A,gaussian_noise,T013-S3,5,0,0.0,True
66,A,gaussian_noise,T013-S3,7,0,,False
66,A,gaussian_noise,T013-S3,8,0,,False
66,A,gaussian_noise,T013-S3,9,5/754,,False
67,A,gaussian_noise,T013-S3,1,0,0.0,True
67,A,gaussian_noise,T013-S3,2,0,0.0,True
67,A,gaussian_noise,T013-S3,5,0,0.0,True
67,A,gaussian_noise,T013-S3,7,0,0.0,True
67,A,gaussian_noise,T013-S3,8,0,0.0,True
68,A,gaussian_noise,T013-S3,1,-8/299,-0.6638054363376252,True
68,A,gaussian_noise,T013-S3,7,0,0.0,True
68,A,gaussian_noise,T013-S3,9,0,0.0,True
69,A,gaussian_noise,T013-S3,2,0,0.0,True
69,A,gaussian_noise,T013-S3,5,0,0.0,True
69,A,gaussian_noise,T013-S3,7,0,0.0,True
70,A,gaussian_noise,T013-S3,0,0,0.0,True
70,A,gaussian_noise,T013-S3,8,0,0.0,True
71,A,gaussian_noise,T013-S3,4,0,0.0,True
71,A,gaussian_noise,T013-S3,5,749/112650,749.0,True
71,A,gaussian_noise,T013-S3,8,0,0.0,True
72,A,gaussian_noise,T013-S3,0,0,0.0,True
72,A,gaussian_noise,T013-S3,5,382514/7115725,0.4469527410053323,True
72,A,gaussian_noise,T013-S3,8,0,0.0,True
73,A,gaussian_noise,T013-S3,5,0,0.0,True
73,A,gaussian_noise,T013-S3,6,0,0.0,True
73,A,gaussian_noise,T013-S3,7,0,0.0,True
74,A,gaussian_noise,T013-S3,6,0,,False
75,A,gaussian_noise,T013-S3,0,0,,False
75,A,gaussian_noise,T013-S3,1,0,,False
75,A,gaussian_noise,T013-S3,3,19687/226642,,False
76,A,gaussian_noise,T013-S3,1,0,,False
76,A,gaussian_noise,T013-S3,6,0,,False
76,A,gaussian_noise,T013-S3,7,0,,False
77,A,gaussian_noise,T013-S3,0,0,0.0,True
77,A,gaussian_noise,T013-S3,2,0,0.0,True
78,A,gaussian_noise,T013-S3,4,0,0.0,True
78,A,gaussian_noise,T013-S3,5,0,0.0,True
78,A,gaussian_noise,T013-S3,8,0,0.0,True
79,A,gaussian_noise,T013-S3,1,0,0.0,True
79,A,gaussian_noise,T013-S3,2,0,0.0,True
79,A,gaussian_noise,T013-S3,5,0,0.0,True
80,A,gaussian_noise,T013-S3,6,0,,False
80,A,gaussian_noise,T013-S3,7,0,,False
81,A,gaussian_noise,T013-S3,7,0,0.0,True
81,A,gaussian_noise,T013-S3,9,0,0.0,True
82,A,gaussian_noise,T013-S3,3,0,0.0,True
82,A,gaussian_noise,T013-S3,7,0,0.0,True
83,A,gaussian_noise,T013-S3,4,0,0.0,True
83,A,gaussian_noise,T013-S3,7,0,0.0,True
83,A,gaussian_noise,T013-S3,8,0,0.0,True
84,A,gaussian_noise,T013-S3,2,0,0.0,True
84,A,gaussian_noise,T013-S3,3,0,0.0,True
84,A,gaussian_noise,T013-S3,6,0,0.0,True
85,A,gaussian_noise,T013-S3,5,0,0.0,True
85,A,gaussian_noise,T013-S3,6,0,0.0,True
86,A,gaussian_noise,T013-S3,2,0,0.0,True
86,A,gaussian_noise,T013-S3,4,2518/37725,1.0,True
86,A,gaussian_noise,T013-S3,5,2518/37725,1.0,True
86,A,gaussian_noise,T013-S3,6,0,0.0,True
87,A,gaussian_noise,T013-S3,3,0,0.0,True
87,A,gaussian_noise,T013-S3,5,0,0.0,True
88,A,gaussian_noise,T013-S3,3,0,,False
88,A,gaussian_noise,T013-S3,4,0,,False
88,A,gaussian_noise,T013-S3,6,0,,False
88,A,gaussian_noise,T013-S3,9,0,,False
89,A,gaussian_noise,T013-S3,4,1297070537/21616746450,0.9000045622268241,True
89,A,gaussian_noise,T013-S3,5,0,0.0,True
90,A,gaussian_noise,T013-S3,2,0,0.0,True
90,A,gaussian_noise,T013-S3,3,0,0.0,True
90,A,gaussian_noise,T013-S3,5,0,0.0,True
90,A,gaussian_noise,T013-S3,9,0,0.0,True
91,A,gaussian_noise,T013-S3,3,0,0.0,True
91,A,gaussian_noise,T013-S3,7,0,0.0,True
91,A,gaussian_noise,T013-S3,9,565/42978,0.6608187134502924,True
92,A,gaussian_noise,T013-S3,1,-87562/12799293,-1.0,True
92,A,gaussian_noise,T013-S3,3,0,0.0,True
92,A,gaussian_noise,T013-S3,8,-85168/12799293,-0.9726593727872822,True
93,A,gaussian_noise,T013-S3,4,0,0.0,True
94,A,gaussian_noise,T013-S3,1,0,0.0,True
94,A,gaussian_noise,T013-S3,5,0,0.0,True
95,A,gaussian_noise,T013-S3,1,0,0.0,True
95,A,gaussian_noise,T013-S3,5,0,0.0,True
95,A,gaussian_noise,T013-S3,6,0,0.0,True
96,A,gaussian_noise,T013-S3,7,0,0.0,True
96,A,gaussian_noise,T013-S3,9,5/247,2.91412213740458,True
97,A,gaussian_noise,T013-S3,2,0,0.0,True
97,A,gaussian_noise,T013-S3,3,0,0.0,True
97,A,gaussian_noise,T013-S3,9,0,0.0,True
98,A,gaussian_noise,T013-S3,5,0,0.0,True
98,A,gaussian_noise,T013-S3,6,0,0.0,True
98,A,gaussian_noise,T013-S3,9,0,0.0,True
99,A,gaussian_noise,T013-S3,0,0,0.0,True
99,A,gaussian_noise,T013-S3,3,0,0.0,True
99,A,gaussian_noise,T013-S3,4,0,0.0,True
99,A,gaussian_noise,T013-S3,5,0,0.0,True
99,A,gaussian_noise,T013-S3,7,0,0.0,True
99,A,gaussian_noise,T013-S3,9,0,0.0,True
0,A,gaussian_blur,T013-S0,1,1033121/26481234,0.4518616004611685,True
0,A,gaussian_blur,T013-S0,6,-23095/1151358,-0.23232719520846618,True
0,A,gaussian_blur,T013-S0,7,-10031/26481234,-0.004387311567789234,True
1,A,gaussian_blur,T013-S0,1,0,0.0,True
1,A,gaussian_blur,T013-S0,7,1879/56550,0.4172531981655805,True
2,A,gaussian_blur,T013-S0,3,-5/741,-0.2013888888888889,True
2,A,gaussian_blur,T013-S0,4,5/754,0.19791666666666666,True
2,A,gaussian_blur,T013-S0,9,430/21489,0.5972222222222222,True
3,A,gaussian_blur,T013-S0,0,5/758,0.125,True
4,A,gaussian_blur,T013-S0,4,0,0.0,True
4,A,gaussian_blur,T013-S0,5,0,0.0,True
4,A,gaussian_blur,T013-S0,9,0,0.0,True
5,A,gaussian_blur,T013-S0,0,0,0.0,True
5,A,gaussian_blur,T013-S0,2,624319/9531850,1.970187734905312,True
5,A,gaussian_blur,T013-S0,5,624319/9531850,1.970187734905312,True
6,A,gaussian_blur,T013-S0,0,0,0.0,True
6,A,gaussian_blur,T013-S0,3,0,0.0,True
6,A,gaussian_blur,T013-S0,6,-9955/377169,-0.28418498429917216,True
7,A,gaussian_blur,T013-S0,1,0,0.0,True
7,A,gaussian_blur,T013-S0,3,913/17043,0.6654518950437318,True
8,A,gaussian_blur,T013-S0,0,0,0.0,True
8,A,gaussian_blur,T013-S0,5,0,0.0,True
9,A,gaussian_blur,T013-S0,7,22485/566254,0.332947226993097,True
9,A,gaussian_blur,T013-S0,8,22485/566254,0.332947226993097,True
10,A,gaussian_blur,T013-S0,2,438344501/2131727078,2.8040736685121317,True
10,A,gaussian_blur,T013-S0,3,0,0.0,True
10,A,gaussian_blur,T013-S0,4,50942/451191,1.5396465093115914,True
11,A,gaussian_blur,T013-S0,2,0,0.0,True
11,A,gaussian_blur,T013-S0,8,0,0.0,True
12,A,gaussian_blur,T013-S0,2,0,0.0,True
12,A,gaussian_blur,T013-S0,7,0,0.0,True
13,A,gaussian_blur,T013-S0,1,0,0.0,True
13,A,gaussian_blur,T013-S0,3,0,0.0,True
13,A,gaussian_blur,T013-S0,5,0,0.0,True
14,A,gaussian_blur,T013-S0,1,0,0.0,True
14,A,gaussian_blur,T013-S0,2,0,0.0,True
15,A,gaussian_blur,T013-S0,4,25/746,0.625,True
16,A,gaussian_blur,T013-S0,1,10/1527,,False
16,A,gaussian_blur,T013-S0,4,10/1527,,False
16,A,gaussian_blur,T013-S0,6,0,,False
16,A,gaussian_blur,T013-S0,8,0,,False
16,A,gaussian_blur,T013-S0,9,0,,False
17,A,gaussian_blur,T013-S0,1,0,,False
17,A,gaussian_blur,T013-S0,4,0,,False
17,A,gaussian_blur,T013-S0,8,0,,False
18,A,gaussian_blur,T013-S0,0,0,,False
18,A,gaussian_blur,T013-S0,3,0,,False
18,A,gaussian_blur,T013-S0,6,0,,False
19,A,gaussian_blur,T013-S0,0,0,0.0,True
19,A,gaussian_blur,T013-S0,2,0,0.0,True
19,A,gaussian_blur,T013-S0,7,0,0.0,True
20,A,gaussian_blur,T013-S0,6,0,0.0,True
21,A,gaussian_blur,T013-S0,4,25/746,0.625,True
22,A,gaussian_blur,T013-S0,1,63910/451191,1.5026333113890717,True
22,A,gaussian_blur,T013-S0,2,13218/150397,0.9323333019843882,True
23,A,gaussian_blur,T013-S0,0,0,0.0,True
23,A,gaussian_blur,T013-S0,2,0,0.0,True
23,A,gaussian_blur,T013-S0,5,22889215/429505161,1.3444338588102205,True
23,A,gaussian_blur,T013-S0,8,22889215/429505161,1.3444338588102205,True
23,A,gaussian_blur,T013-S0,9,0,0.0,True
24,A,gaussian_blur,T013-S0,3,0,0.0,True
24,A,gaussian_blur,T013-S0,7,0,0.0,True
24,A,gaussian_blur,T013-S0,9,0,0.0,True
25,A,gaussian_blur,T013-S0,0,28/451191,0.00458579910423078,True
25,A,gaussian_blur,T013-S0,1,0,0.0,True
25,A,gaussian_blur,T013-S0,4,0,0.0,True
26,A,gaussian_blur,T013-S0,5,0,0.0,True
26,A,gaussian_blur,T013-S0,6,18004/456573,0.6674575517164677,True
27,A,gaussian_blur,T013-S0,1,0,0.0,True
28,A,gaussian_blur,T013-S0,0,-5/758,,False
28,A,gaussian_blur,T013-S0,2,0,,False
28,A,gaussian_blur,T013-S0,3,0,,False
28,A,gaussian_blur,T013-S0,4,0,,False
28,A,gaussian_blur,T013-S0,5,0,,False
28,A,gaussian_blur,T013-S0,8,0,,False
29,A,gaussian_blur,T013-S0,1,0,0.0,True
30,A,gaussian_blur,T013-S0,2,2303/15090,0.6889846227487585,True
30,A,gaussian_blur,T013-S0,4,0,0.0,True
30,A,gaussian_blur,T013-S0,5,2303/15090,0.6889846227487585,True
31,A,gaussian_blur,T013-S0,8,0,,False
32,A,gaussian_blur,T013-S0,0,0,0.0,True
32,A,gaussian_blur,T013-S0,2,0,0.0,True
32,A,gaussian_blur,T013-S0,4,0,0.0,True
32,A,gaussian_blur,T013-S0,5,0,0.0,True
32,A,gaussian_blur,T013-S0,8,0,0.0,True
33,A,gaussian_blur,T013-S0,0,0,0.0,True
33,A,gaussian_blur,T013-S0,3,-5855/280839,-0.23766998173330628,True
34,A,gaussian_blur,T013-S0,2,0,,False
34,A,gaussian_blur,T013-S0,3,312145455/47492240419,,False
34,A,gaussian_blur,T013-S0,8,0,,False
35,A,gaussian_blur,T013-S0,1,0,0.0,True
35,A,gaussian_blur,T013-S0,8,0,0.0,True
36,A,gaussian_blur,T013-S0,0,0,0.0,True
36,A,gaussian_blur,T013-S0,1,0,0.0,True
36,A,gaussian_blur,T013-S0,6,0,0.0,True
36,A,gaussian_blur,T013-S0,7,0,0.0,True
36,A,gaussian_blur,T013-S0,9,0,0.0,True
37,A,gaussian_blur,T013-S0,2,8955355/192276277,3.4731768645042855,True
37,A,gaussian_blur,T013-S0,6,0,0.0,True
37,A,gaussian_blur,T013-S0,9,0,0.0,True
38,A,gaussian_blur,T013-S0,8,-10/751,,False
39,A,gaussian_blur,T013-S0,2,0,0.0,True
40,A,gaussian_blur,T013-S0,9,425/21489,1.5178571428571428,True
41,A,gaussian_blur,T013-S0,0,0,0.0,True
41,A,gaussian_blur,T013-S0,1,0,0.0,True
41,A,gaussian_blur,T013-S0,3,-54449933/1616977349,-157.59072475904316,True
41,A,gaussian_blur,T013-S0,9,0,0.0,True
42,A,gaussian_blur,T013-S0,0,0,0.0,True
42,A,gaussian_blur,T013-S0,1,0,0.0,True
42,A,gaussian_blur,T013-S0,2,-858007/114000926,-0.18095711189743935,True
43,A,gaussian_blur,T013-S0,0,0,0.0,True
43,A,gaussian_blur,T013-S0,4,0,0.0,True
44,A,gaussian_blur,T013-S0,0,0,0.0,True
44,A,gaussian_blur,T013-S0,8,0,0.0,True
44,A,gaussian_blur,T013-S0,9,0,0.0,True
45,A,gaussian_blur,T013-S0,2,0,0.0,True
45,A,gaussian_blur,T013-S0,4,0,0.0,True
45,A,gaussian_blur,T013-S0,5,0,0.0,True
45,A,gaussian_blur,T013-S0,8,0,0.0,True
46,A,gaussian_blur,T013-S0,2,0,0.0,True
46,A,gaussian_blur,T013-S0,4,0,0.0,True
46,A,gaussian_blur,T013-S0,5,0,0.0,True
47,A,gaussian_blur,T013-S0,0,4492/224549,0.7494160827494161,True
47,A,gaussian_blur,T013-S0,1,0,0.0,True
47,A,gaussian_blur,T013-S0,2,4492/224549,0.7494160827494161,True
47,A,gaussian_blur,T013-S0,4,4492/224549,0.7494160827494161,True
47,A,gaussian_blur,T013-S0,8,5994/224549,1.0,True
48,A,gaussian_blur,T013-S0,4,-1900/142883,-0.2494917402286509,True
48,A,gaussian_blur,T013-S0,7,-1915/285766,-0.12573070593101748,True
48,A,gaussian_blur,T013-S0,9,0,0.0,True
49,A,gaussian_blur,T013-S0,1,0,0.0,True
49,A,gaussian_blur,T013-S0,3,341/17043,0.14202415660141607,True
50,A,gaussian_blur,T013-S0,2,0,0.0,True
50,A,gaussian_blur,T013-S0,5,0,0.0,True
51,A,gaussian_blur,T013-S0,3,0,,False
51,A,gaussian_blur,T013-S0,4,0,,False
51,A,gaussian_blur,T013-S0,9,0,,False
52,A,gaussian_blur,T013-S0,0,0,0.0,True
52,A,gaussian_blur,T013-S0,2,0,0.0,True
53,A,gaussian_blur,T013-S0,1,0,0.0,True
53,A,gaussian_blur,T013-S0,7,0,0.0,True
54,A,gaussian_blur,T013-S0,2,8780471255/73163811682,1.1225985280852362,True
54,A,gaussian_blur,T013-S0,6,0,0.0,True
54,A,gaussian_blur,T013-S0,7,8780471255/73163811682,1.1225985280852362,True
55,A,gaussian_blur,T013-S0,0,0,0.0,True
55,A,gaussian_blur,T013-S0,8,0,0.0,True
56,A,gaussian_blur,T013-S0,3,0,,False
56,A,gaussian_blur,T013-S0,4,0,,False
56,A,gaussian_blur,T013-S0,6,20300/768081,,False
56,A,gaussian_blur,T013-S0,9,0,,False
57,A,gaussian_blur,T013-S0,0,0,0.0,True
57,A,gaussian_blur,T013-S0,1,0,0.0,True
57,A,gaussian_blur,T013-S0,3,7952/152191,2.416544488102918,True
57,A,gaussian_blur,T013-S0,4,-144220816/4257543225,-1.5666654887974185,True
57,A,gaussian_blur,T013-S0,6,0,0.0,True
58,A,gaussian_blur,T013-S0,0,0,,False
58,A,gaussian_blur,T013-S0,9,0,,False
59,A,gaussian_blur,T013-S0,0,0,0.0,True
59,A,gaussian_blur,T013-S0,1,0,0.0,True
59,A,gaussian_blur,T013-S0,3,0,0.0,True
59,A,gaussian_blur,T013-S0,5,0,0.0,True
59,A,gaussian_blur,T013-S0,6,0,0.0,True
60,A,gaussian_blur,T013-S0,0,0,0.0,True
61,A,gaussian_blur,T013-S0,0,-1/150,-0.5013297872340425,True
61,A,gaussian_blur,T013-S0,4,0,0.0,True
61,A,gaussian_blur,T013-S0,5,0,0.0,True
61,A,gaussian_blur,T013-S0,7,0,0.0,True
62,A,gaussian_blur,T013-S0,0,-32381/4822775,-0.4991508941944799,True
62,A,gaussian_blur,T013-S0,5,92357/14468325,0.47455894027484824,True
62,A,gaussian_blur,T013-S0,6,0,0.0,True
62,A,gaussian_blur,T013-S0,9,0,0.0,True
63,A,gaussian_blur,T013-S0,3,0,0.0,True
63,A,gaussian_blur,T013-S0,4,0,0.0,True
63,A,gaussian_blur,T013-S0,6,0,0.0,True
64,A,gaussian_blur,T013-S0,1,0,0.0,True
64,A,gaussian_blur,T013-S0,3,0,0.0,True
64,A,gaussian_blur,T013-S0,5,0,0.0,True
64,A,gaussian_blur,T013-S0,8,0,0.0,True
64,A,gaussian_blur,T013-S0,9,0,0.0,True
65,A,gaussian_blur,T013-S0,5,0,0.0,True
66,A,gaussian_blur,T013-S0,7,0,0.0,True
66,A,gaussian_blur,T013-S0,8,0,0.0,True
66,A,gaussian_blur,T013-S0,9,10055/382259,1.9645016895717569,True
67,A,gaussian_blur,T013-S0,1,0,0.0,True
67,A,gaussian_blur,T013-S0,2,0,0.0,True
67,A,gaussian_blur,T013-S0,5,0,0.0,True
67,A,gaussian_blur,T013-S0,7,0,0.0,True
67,A,gaussian_blur,T013-S0,8,0,0.0,True
68,A,gaussian_blur,T013-S0,1,0,0.0,True
68,A,gaussian_blur,T013-S0,7,0,0.0,True
68,A,gaussian_blur,T013-S0,9,0,0.0,True
69,A,gaussian_blur,T013-S0,2,0,0.0,True
69,A,gaussian_blur,T013-S0,5,0,0.0,True
69,A,gaussian_blur,T013-S0,7,22943/494247,0.2911097968380197,True
70,A,gaussian_blur,T013-S0,0,21/226642,0.0046822742474916385,True
70,A,gaussian_blur,T013-S0,8,0,0.0,True
71,A,gaussian_blur,T013-S0,4,-280879/42018450,-0.994716171278212,True
71,A,gaussian_blur,T013-S0,5,0,0.0,True
71,A,gaussian_blur,T013-S0,8,0,0.0,True
72,A,gaussian_blur,T013-S0,0,0,0.0,True
72,A,gaussian_blur,T013-S0,5,760639/7115725,1.4512180308633535,True
72,A,gaussian_blur,T013-S0,8,0,0.0,True
73,A,gaussian_blur,T013-S0,5,0,0.0,True
73,A,gaussian_blur,T013-S0,6,0,0.0,True
73,A,gaussian_blur,T013-S0,7,0,0.0,True
74,A,gaussian_blur,T013-S0,6,0,0.0,True
75,A,gaussian_blur,T013-S0,0,0,0.0,True
75,A,gaussian_blur,T013-S0,1,0,0.0,True
75,A,gaussian_blur,T013-S0,3,5128/17043,1.098481493654309,True
76,A,gaussian_blur,T013-S0,1,501703/7609550,1.2393924125998448,True
76,A,gaussian_blur,T013-S0,6,501703/7609550,1.2393924125998448,True
76,A,gaussian_blur,T013-S0,7,18004/456573,0.7412759141181007,True
77,A,gaussian_blur,T013-S0,0,0,0.0,True
77,A,gaussian_blur,T013-S0,2,0,0.0,True
78,A,gaussian_blur,T013-S0,4,0,0.0,True
78,A,gaussian_blur,T013-S0,5,0,0.0,True
78,A,gaussian_blur,T013-S0,8,0,0.0,True
79,A,gaussian_blur,T013-S0,1,0,0.0,True
79,A,gaussian_blur,T013-S0,2,0,0.0,True
79,A,gaussian_blur,T013-S0,5,0,0.0,True
80,A,gaussian_blur,T013-S0,6,0,0.0,True
80,A,gaussian_blur,T013-S0,7,0,0.0,True
81,A,gaussian_blur,T013-S0,7,0,0.0,True
81,A,gaussian_blur,T013-S0,9,0,0.0,True
82,A,gaussian_blur,T013-S0,3,0,0.0,True
82,A,gaussian_blur,T013-S0,7,0,0.0,True
83,A,gaussian_blur,T013-S0,4,0,,False
83,A,gaussian_blur,T013-S0,7,0,,False
83,A,gaussian_blur,T013-S0,8,0,,False
84,A,gaussian_blur,T013-S0,2,0,,False
84,A,gaussian_blur,T013-S0,3,-85270/768081,,False
84,A,gaussian_blur,T013-S0,6,-85270/768081,,False
85,A,gaussian_blur,T013-S0,5,0,0.0,True
85,A,gaussian_blur,T013-S0,6,0,0.0,True
86,A,gaussian_blur,T013-S0,2,0,0.0,True
86,A,gaussian_blur,T013-S0,4,0,0.0,True
86,A,gaussian_blur,T013-S0,5,5539/75450,0.9167494207216154,True
86,A,gaussian_blur,T013-S0,6,0,0.0,True
87,A,gaussian_blur,T013-S0,3,249747/9274850,0.7996245428184475,True
87,A,gaussian_blur,T013-S0,5,0,0.0,True
88,A,gaussian_blur,T013-S0,3,0,0.0,True
88,A,gaussian_blur,T013-S0,4,0,0.0,True
88,A,gaussian_blur,T013-S0,6,0,0.0,True
88,A,gaussian_blur,T013-S0,9,0,0.0,True
89,A,gaussian_blur,T013-S0,4,310952/4246905,0.7839324228543522,True
89,A,gaussian_blur,T013-S0,5,0,0.0,True
90,A,gaussian_blur,T013-S0,2,0,0.0,True
90,A,gaussian_blur,T013-S0,3,0,0.0,True
90,A,gaussian_blur,T013-S0,5,0,0.0,True
90,A,gaussian_blur,T013-S0,9,0,0.0,True
91,A,gaussian_blur,T013-S0,3,0,,False
91,A,gaussian_blur,T013-S0,7,0,,False
91,A,gaussian_blur,T013-S0,9,5/42978,,False
92,A,gaussian_blur,T013-S0,1,0,0.0,True
92,A,gaussian_blur,T013-S0,3,0,0.0,True
92,A,gaussian_blur,T013-S0,8,0,0.0,True
93,A,gaussian_blur,T013-S0,4,-279386/42268733,-0.14120156219004792,True
94,A,gaussian_blur,T013-S0,1,0,0.0,True
94,A,gaussian_blur,T013-S0,5,0,0.0,True
95,A,gaussian_blur,T013-S0,1,0,0.0,True
95,A,gaussian_blur,T013-S0,5,0,0.0,True
95,A,gaussian_blur,T013-S0,6,0,0.0,True
96,A,gaussian_blur,T013-S0,7,0,0.0,True
96,A,gaussian_blur,T013-S0,9,0,0.0,True
97,A,gaussian_blur,T013-S0,2,0,0.0,True
97,A,gaussian_blur,T013-S0,3,0,0.0,True
97,A,gaussian_blur,T013-S0,9,0,0.0,True
98,A,gaussian_blur,T013-S0,5,0,0.0,True
98,A,gaussian_blur,T013-S0,6,0,0.0,True
98,A,gaussian_blur,T013-S0,9,0,0.0,True
99,A,gaussian_blur,T013-S0,0,0,0.0,True
99,A,gaussian_blur,T013-S0,3,0,0.0,True
99,A,gaussian_blur,T013-S0,4,0,0.0,True
99,A,gaussian_blur,T013-S0,5,0,0.0,True
99,A,gaussian_blur,T013-S0,7,0,0.0,True
99,A,gaussian_blur,T013-S0,9,0,0.0,True
0,A,gaussian_blur,T013-S1,1,691402/13240617,0.6031928824492666,True
0,A,gaussian_blur,T013-S1,6,-90751/13240617,-0.07917298080588918,True
0,A,gaussian_blur,T013-S1,7,172880/13240617,0.15082395700016663,True
1,A,gaussian_blur,T013-S1,1,0,0.0,True
1,A,gaussian_blur,T013-S1,7,5/754,0.0832729905865315,True
2,A,gaussian_blur,T013-S1,3,-5/741,-0.2013888888888889,True
2,A,gaussian_blur,T013-S1,4,5/754,0.19791666666666666,True
2,A,gaussian_blur,T013-S1,9,-5/741,-0.2013888888888889,True
3,A,gaussian_blur,T013-S1,0,5/758,0.125,True
4,A,gaussian_blur,T013-S1,4,0,0.0,True
4,A,gaussian_blur,T013-S1,5,0,0.0,True
4,A,gaussian_blur,T013-S1,9,0,0.0,True
5,A,gaussian_blur,T013-S1,0,0,0.0,True
5,A,gaussian_blur,T013-S1,2,624319/9531850,1.970187734905312,True
5,A,gaussian_blur,T013-S1,5,624319/9531850,1.970187734905312,True
6,A,gaussian_blur,T013-S1,0,0,0.0,True
6,A,gaussian_blur,T013-S1,3,0,0.0,True
6,A,gaussian_blur,T013-S1,6,0,0.0,True
7,A,gaussian_blur,T013-S1,1,0,0.0,True
7,A,gaussian_blur,T013-S1,3,-40/5681,-0.08746355685131195,True
8,A,gaussian_blur,T013-S1,0,0,0.0,True
8,A,gaussian_blur,T013-S1,5,0,0.0,True
9,A,gaussian_blur,T013-S1,7,15005/283127,0.44437386177731114,True
9,A,gaussian_blur,T013-S1,8,15005/283127,0.44437386177731114,True
10,A,gaussian_blur,T013-S1,2,438344501/2131727078,2.8040736685121317,True
10,A,gaussian_blur,T013-S1,3,0,0.0,True
10,A,gaussian_blur,T013-S1,4,50942/451191,1.5396465093115914,True
11,A,gaussian_blur,T013-S1,2,0,0.0,True
11,A,gaussian_blur,T013-S1,8,0,0.0,True
12,A,gaussian_blur,T013-S1,2,0,0.0,True
12,A,gaussian_blur,T013-S1,7,0,0.0,True
13,A,gaussian_blur,T013-S1,1,0,0.0,True
13,A,gaussian_blur,T013-S1,3,0,0.0,True
13,A,gaussian_blur,T013-S1,5,0,0.0,True
14,A,gaussian_blur,T013-S1,1,0,0.0,True
14,A,gaussian_blur,T013-S1,2,0,0.0,True
15,A,gaussian_blur,T013-S1,4,25/746,0.625,True
16,A,gaussian_blur,T013-S1,1,10/1527,,False
16,A,gaussian_blur,T013-S1,4,10/1527,,False
16,A,gaussian_blur,T013-S1,6,0,,False
16,A,gaussian_blur,T013-S1,8,0,,False
16,A,gaussian_blur,T013-S1,9,15145/1146777,,False
17,A,gaussian_blur,T013-S1,1,0,,False
17,A,gaussian_blur,T013-S1,4,0,,False
17,A,gaussian_blur,T013-S1,8,0,,False
18,A,gaussian_blur,T013-S1,0,0,,False
18,A,gaussian_blur,T013-S1,3,0,,False
18,A,gaussian_blur,T013-S1,6,0,,False
19,A,gaussian_blur,T013-S1,0,0,0.0,True
19,A,gaussian_blur,T013-S1,2,0,0.0,True
19,A,gaussian_blur,T013-S1,7,0,0.0,True
20,A,gaussian_blur,T013-S1,6,0,0.0,True
21,A,gaussian_blur,T013-S1,4,29665/552786,0.7274399215301618,True
22,A,gaussian_blur,T013-S1,1,63910/451191,1.5026333113890717,True
22,A,gaussian_blur,T013-S1,2,63910/451191,1.5026333113890717,True
23,A,gaussian_blur,T013-S1,0,0,0.0,True
23,A,gaussian_blur,T013-S1,2,0,0.0,True
23,A,gaussian_blur,T013-S1,5,62777315/859010322,1.843661913508059,True
23,A,gaussian_blur,T013-S1,8,22889215/429505161,1.3444338588102205,True
23,A,gaussian_blur,T013-S1,9,0,0.0,True
24,A,gaussian_blur,T013-S1,3,0,0.0,True
24,A,gaussian_blur,T013-S1,7,0,0.0,True
24,A,gaussian_blur,T013-S1,9,0,0.0,True
25,A,gaussian_blur,T013-S1,0,28/451191,0.00458579910423078,True
25,A,gaussian_blur,T013-S1,1,0,0.0,True
25,A,gaussian_blur,T013-S1,4,0,0.0,True
26,A,gaussian_blur,T013-S1,5,50/1527,0.5542374138058872,True
26,A,gaussian_blur,T013-S1,6,26974/456573,1.0,True
27,A,gaussian_blur,T013-S1,1,0,0.0,True
28,A,gaussian_blur,T013-S1,0,0,,False
28,A,gaussian_blur,T013-S1,2,0,,False
28,A,gaussian_blur,T013-S1,3,0,,False
28,A,gaussian_blur,T013-S1,4,0,,False
28,A,gaussian_blur,T013-S1,5,0,,False
28,A,gaussian_blur,T013-S1,8,0,,False
29,A,gaussian_blur,T013-S1,1,0,0.0,True
30,A,gaussian_blur,T013-S1,2,2303/15090,0.6889846227487585,True
30,A,gaussian_blur,T013-S1,4,0,0.0,True
30,A,gaussian_blur,T013-S1,5,5009/75450,0.2997068150541495,True
31,A,gaussian_blur,T013-S1,8,0,,False
32,A,gaussian_blur,T013-S1,0,0,0.0,True
32,A,gaussian_blur,T013-S1,2,0,0.0,True
32,A,gaussian_blur,T013-S1,4,0,0.0,True
32,A,gaussian_blur,T013-S1,5,0,0.0,True
32,A,gaussian_blur,T013-S1,8,0,0.0,True
33,A,gaussian_blur,T013-S1,0,0,0.0,True
33,A,gaussian_blur,T013-S1,3,-5855/280839,-0.155707732198657,True
34,A,gaussian_blur,T013-S1,2,0,,False
34,A,gaussian_blur,T013-S1,3,312145455/47492240419,,False
34,A,gaussian_blur,T013-S1,8,0,,False
35,A,gaussian_blur,T013-S1,1,0,0.0,True
35,A,gaussian_blur,T013-S1,8,0,0.0,True
36,A,gaussian_blur,T013-S1,0,0,0.0,True
36,A,gaussian_blur,T013-S1,1,0,0.0,True
36,A,gaussian_blur,T013-S1,6,0,0.0,True
36,A,gaussian_blur,T013-S1,7,0,0.0,True
36,A,gaussian_blur,T013-S1,9,0,0.0,True
37,A,gaussian_blur,T013-S1,2,8955355/192276277,3.4731768645042855,True
37,A,gaussian_blur,T013-S1,6,0,0.0,True
37,A,gaussian_blur,T013-S1,9,0,0.0,True
38,A,gaussian_blur,T013-S1,8,0,,False
39,A,gaussian_blur,T013-S1,2,0,0.0,True
40,A,gaussian_blur,T013-S1,9,425/21489,1.5178571428571428,True
41,A,gaussian_blur,T013-S1,0,0,0.0,True
41,A,gaussian_blur,T013-S1,1,0,0.0,True
41,A,gaussian_blur,T013-S1,3,-54449933/1616977349,-157.59072475904316,True
41,A,gaussian_blur,T013-S1,9,0,0.0,True
42,A,gaussian_blur,T013-S1,0,0,0.0,True
42,A,gaussian_blur,T013-S1,1,0,0.0,True
42,A,gaussian_blur,T013-S1,2,0,0.0,True
43,A,gaussian_blur,T013-S1,0,0,0.0,True
43,A,gaussian_blur,T013-S1,4,0,0.0,True
44,A,gaussian_blur,T013-S1,0,0,0.0,True
44,A,gaussian_blur,T013-S1,8,0,0.0,True
44,A,gaussian_blur,T013-S1,9,0,0.0,True
45,A,gaussian_blur,T013-S1,2,0,0.0,True
45,A,gaussian_blur,T013-S1,4,0,0.0,True
45,A,gaussian_blur,T013-S1,5,0,0.0,True
45,A,gaussian_blur,T013-S1,8,0,0.0,True
46,A,gaussian_blur,T013-S1,2,0,0.0,True
46,A,gaussian_blur,T013-S1,4,0,0.0,True
46,A,gaussian_blur,T013-S1,5,0,0.0,True
47,A,gaussian_blur,T013-S1,0,0,0.0,True
47,A,gaussian_blur,T013-S1,1,0,0.0,True
47,A,gaussian_blur,T013-S1,2,4499/224549,0.7505839172505839,True
47,A,gaussian_blur,T013-S1,4,4499/224549,0.7505839172505839,True
47,A,gaussian_blur,T013-S1,8,5994/224549,1.0,True
48,A,gaussian_blur,T013-S1,4,-1900/142883,-0.2494917402286509,True
48,A,gaussian_blur,T013-S1,7,-702985/106590718,-0.12373991181362928,True
48,A,gaussian_blur,T013-S1,9,0,0.0,True
49,A,gaussian_blur,T013-S1,1,0,0.0,True
49,A,gaussian_blur,T013-S1,3,4/299,0.09496043315285298,True
50,A,gaussian_blur,T013-S1,2,0,0.0,True
50,A,gaussian_blur,T013-S1,5,0,0.0,True
51,A,gaussian_blur,T013-S1,3,0,,False
51,A,gaussian_blur,T013-S1,4,0,,False
51,A,gaussian_blur,T013-S1,9,0,,False
52,A,gaussian_blur,T013-S1,0,0,0.0,True
52,A,gaussian_blur,T013-S1,2,0,0.0,True
53,A,gaussian_blur,T013-S1,1,0,0.0,True
53,A,gaussian_blur,T013-S1,7,0,0.0,True
54,A,gaussian_blur,T013-S1,2,8780471255/73163811682,1.1225985280852362,True
54,A,gaussian_blur,T013-S1,6,0,0.0,True
54,A,gaussian_blur,T013-S1,7,8780471255/73163811682,1.1225985280852362,True
55,A,gaussian_blur,T013-S1,0,0,,False
55,A,gaussian_blur,T013-S1,8,0,,False
56,A,gaussian_blur,T013-S1,3,0,,False
56,A,gaussian_blur,T013-S1,4,0,,False
56,A,gaussian_blur,T013-S1,6,2461915/189716007,,False
56,A,gaussian_blur,T013-S1,9,0,,False
57,A,gaussian_blur,T013-S1,0,0,0.0,True
57,A,gaussian_blur,T013-S1,1,0,0.0,True
57,A,gaussian_blur,T013-S1,3,7952/152191,2.416544488102918,True
57,A,gaussian_blur,T013-S1,4,-144220816/4257543225,-1.5666654887974185,True
57,A,gaussian_blur,T013-S1,6,0,0.0,True
58,A,gaussian_blur,T013-S1,0,0,,False
58,A,gaussian_blur,T013-S1,9,0,,False
59,A,gaussian_blur,T013-S1,0,0,0.0,True
59,A,gaussian_blur,T013-S1,1,0,0.0,True
59,A,gaussian_blur,T013-S1,3,0,0.0,True
59,A,gaussian_blur,T013-S1,5,0,0.0,True
59,A,gaussian_blur,T013-S1,6,0,0.0,True
60,A,gaussian_blur,T013-S1,0,0,0.0,True
61,A,gaussian_blur,T013-S1,0,-1/150,-0.5013297872340425,True
61,A,gaussian_blur,T013-S1,4,0,0.0,True
61,A,gaussian_blur,T013-S1,5,0,0.0,True
61,A,gaussian_blur,T013-S1,7,0,0.0,True
62,A,gaussian_blur,T013-S1,0,0,0.0,True
62,A,gaussian_blur,T013-S1,5,0,0.0,True
62,A,gaussian_blur,T013-S1,6,0,0.0,True
62,A,gaussian_blur,T013-S1,9,-7525/1157466,-0.4833223287850722,True
63,A,gaussian_blur,T013-S1,3,0,0.0,True
63,A,gaussian_blur,T013-S1,4,0,0.0,True
63,A,gaussian_blur,T013-S1,6,0,0.0,True
64,A,gaussian_blur,T013-S1,1,0,0.0,True
64,A,gaussian_blur,T013-S1,3,0,0.0,True
64,A,gaussian_blur,T013-S1,5,0,0.0,True
64,A,gaussian_blur,T013-S1,8,0,0.0,True
64,A,gaussian_blur,T013-S1,9,0,0.0,True
65,A,gaussian_blur,T013-S1,5,0,0.0,True
66,A,gaussian_blur,T013-S1,7,0,0.0,True
66,A,gaussian_blur,T013-S1,8,0,0.0,True
66,A,gaussian_blur,T013-S1,9,10055/382259,1.9645016895717569,True
67,A,gaussian_blur,T013-S1,1,0,0.0,True
67,A,gaussian_blur,T013-S1,2,0,0.0,True
67,A,gaussian_blur,T013-S1,5,0,0.0,True
67,A,gaussian_blur,T013-S1,7,0,0.0,True
67,A,gaussian_blur,T013-S1,8,0,0.0,True
68,A,gaussian_blur,T013-S1,1,0,0.0,True
68,A,gaussian_blur,T013-S1,7,0,0.0,True
68,A,gaussian_blur,T013-S1,9,0,0.0,True
69,A,gaussian_blur,T013-S1,2,0,0.0,True
69,A,gaussian_blur,T013-S1,5,0,0.0,True
69,A,gaussian_blur,T013-S1,7,22943/494247,0.2911097968380197,True
70,A,gaussian_blur,T013-S1,0,-737/113321,-0.49297658862876254,True
70,A,gaussian_blur,T013-S1,8,0,0.0,True
71,A,gaussian_blur,T013-S1,4,-280879/42018450,-0.994716171278212,True
71,A,gaussian_blur,T013-S1,5,0,0.0,True
71,A,gaussian_blur,T013-S1,8,0,0.0,True
72,A,gaussian_blur,T013-S1,0,0,0.0,True
72,A,gaussian_blur,T013-S1,5,760639/7115725,1.4512180308633535,True
72,A,gaussian_blur,T013-S1,8,0,0.0,True
73,A,gaussian_blur,T013-S1,5,0,0.0,True
73,A,gaussian_blur,T013-S1,6,0,0.0,True
73,A,gaussian_blur,T013-S1,7,0,0.0,True
74,A,gaussian_blur,T013-S1,6,0,0.0,True
75,A,gaussian_blur,T013-S1,0,0,0.0,True
75,A,gaussian_blur,T013-S1,1,0,0.0,True
75,A,gaussian_blur,T013-S1,3,5128/17043,1.098481493654309,True
76,A,gaussian_blur,T013-S1,1,7634/14391975,0.009971324958644006,True
76,A,gaussian_blur,T013-S1,6,927/17342,1.0048509846812594,True
76,A,gaussian_blur,T013-S1,7,0,0.0,True
77,A,gaussian_blur,T013-S1,0,0,0.0,True
77,A,gaussian_blur,T013-S1,2,0,0.0,True
78,A,gaussian_blur,T013-S1,4,0,0.0,True
78,A,gaussian_blur,T013-S1,5,0,0.0,True
78,A,gaussian_blur,T013-S1,8,0,0.0,True
79,A,gaussian_blur,T013-S1,1,0,0.0,True
79,A,gaussian_blur,T013-S1,2,0,0.0,True
79,A,gaussian_blur,T013-S1,5,0,0.0,True
80,A,gaussian_blur,T013-S1,6,0,0.0,True
80,A,gaussian_blur,T013-S1,7,0,0.0,True
81,A,gaussian_blur,T013-S1,7,0,0.0,True
81,A,gaussian_blur,T013-S1,9,0,0.0,True
82,A,gaussian_blur,T013-S1,3,0,0.0,True
82,A,gaussian_blur,T013-S1,7,0,0.0,True
83,A,gaussian_blur,T013-S1,4,0,,False
83,A,gaussian_blur,T013-S1,7,0,,False
83,A,gaussian_blur,T013-S1,8,-5/42978,,False
84,A,gaussian_blur,T013-S1,2,0,,False
84,A,gaussian_blur,T013-S1,3,-85270/768081,,False
84,A,gaussian_blur,T013-S1,6,-85270/768081,,False
85,A,gaussian_blur,T013-S1,5,0,0.0,True
85,A,gaussian_blur,T013-S1,6,0,0.0,True
86,A,gaussian_blur,T013-S1,2,0,0.0,True
86,A,gaussian_blur,T013-S1,4,0,0.0,True
86,A,gaussian_blur,T013-S1,5,1259/37725,0.41674942072161536,True
86,A,gaussian_blur,T013-S1,6,0,0.0,True
87,A,gaussian_blur,T013-S1,3,249747/9274850,0.7996245428184475,True
87,A,gaussian_blur,T013-S1,5,0,0.0,True
88,A,gaussian_blur,T013-S1,3,0,0.0,True
88,A,gaussian_blur,T013-S1,4,0,0.0,True
88,A,gaussian_blur,T013-S1,6,0,0.0,True
88,A,gaussian_blur,T013-S1,9,0,0.0,True
89,A,gaussian_blur,T013-S1,4,310952/4246905,0.7839324228543522,True
89,A,gaussian_blur,T013-S1,5,0,0.0,True
90,A,gaussian_blur,T013-S1,2,0,0.0,True
90,A,gaussian_blur,T013-S1,3,0,0.0,True
90,A,gaussian_blur,T013-S1,5,0,0.0,True
90,A,gaussian_blur,T013-S1,9,0,0.0,True
91,A,gaussian_blur,T013-S1,3,0,,False
91,A,gaussian_blur,T013-S1,7,5/754,,False
91,A,gaussian_blur,T013-S1,9,575/42978,,False
92,A,gaussian_blur,T013-S1,1,0,0.0,True
92,A,gaussian_blur,T013-S1,3,0,0.0,True
92,A,gaussian_blur,T013-S1,8,0,0.0,True
93,A,gaussian_blur,T013-S1,4,-279386/42268733,-0.14120156219004792,True
94,A,gaussian_blur,T013-S1,1,0,0.0,True
94,A,gaussian_blur,T013-S1,5,0,0.0,True
95,A,gaussian_blur,T013-S1,1,0,0.0,True
95,A,gaussian_blur,T013-S1,5,0,0.0,True
95,A,gaussian_blur,T013-S1,6,0,0.0,True
96,A,gaussian_blur,T013-S1,7,0,0.0,True
96,A,gaussian_blur,T013-S1,9,0,0.0,True
97,A,gaussian_blur,T013-S1,2,0,0.0,True
97,A,gaussian_blur,T013-S1,3,0,0.0,True
97,A,gaussian_blur,T013-S1,9,0,0.0,True
98,A,gaussian_blur,T013-S1,5,0,0.0,True
98,A,gaussian_blur,T013-S1,6,0,0.0,True
98,A,gaussian_blur,T013-S1,9,0,0.0,True
99,A,gaussian_blur,T013-S1,0,0,0.0,True
99,A,gaussian_blur,T013-S1,3,0,0.0,True
99,A,gaussian_blur,T013-S1,4,0,0.0,True
99,A,gaussian_blur,T013-S1,5,0,0.0,True
99,A,gaussian_blur,T013-S1,7,0,0.0,True
99,A,gaussian_blur,T013-S1,9,0,0.0,True
0,A,gaussian_blur,T013-S2,1,691402/13240617,0.5230594881990435,True
0,A,gaussian_blur,T013-S2,6,-90751/13240617,-0.06865495270993054,True
0,A,gaussian_blur,T013-S2,7,691402/13240617,0.5230594881990435,True
1,A,gaussian_blur,T013-S2,1,0,0.0,True
1,A,gaussian_blur,T013-S2,7,0,0.0,True
2,A,gaussian_blur,T013-S2,3,-5/741,-0.2013888888888889,True
2,A,gaussian_blur,T013-S2,4,5/754,0.19791666666666666,True
2,A,gaussian_blur,T013-S2,9,575/21489,0.7986111111111112,True
3,A,gaussian_blur,T013-S2,0,5/758,0.125,True
4,A,gaussian_blur,T013-S2,4,0,0.0,True
4,A,gaussian_blur,T013-S2,5,0,0.0,True
4,A,gaussian_blur,T013-S2,9,0,0.0,True
5,A,gaussian_blur,T013-S2,0,0,0.0,True
5,A,gaussian_blur,T013-S2,2,624319/9531850,1.970187734905312,True
5,A,gaussian_blur,T013-S2,5,624319/9531850,1.970187734905312,True
6,A,gaussian_blur,T013-S2,0,0,0.0,True
6,A,gaussian_blur,T013-S2,3,0,0.0,True
6,A,gaussian_blur,T013-S2,6,0,0.0,True
7,A,gaussian_blur,T013-S2,1,0,0.0,True
7,A,gaussian_blur,T013-S2,3,12/299,0.49854227405247814,True
8,A,gaussian_blur,T013-S2,0,0,0.0,True
8,A,gaussian_blur,T013-S2,5,0,0.0,True
9,A,gaussian_blur,T013-S2,7,-17551/371179497,-0.000396471232093934,True
9,A,gaussian_blur,T013-S2,8,-17551/371179497,-0.000396471232093934,True
10,A,gaussian_blur,T013-S2,2,438344501/2131727078,2.8040736685121317,True
10,A,gaussian_blur,T013-S2,3,0,0.0,True
10,A,gaussian_blur,T013-S2,4,48352/659433,0.999883091231765,True
11,A,gaussian_blur,T013-S2,2,0,0.0,True
11,A,gaussian_blur,T013-S2,8,0,0.0,True
12,A,gaussian_blur,T013-S2,2,0,0.0,True
12,A,gaussian_blur,T013-S2,7,0,0.0,True
13,A,gaussian_blur,T013-S2,1,0,0.0,True
13,A,gaussian_blur,T013-S2,3,0,0.0,True
13,A,gaussian_blur,T013-S2,5,0,0.0,True
14,A,gaussian_blur,T013-S2,1,0,0.0,True
14,A,gaussian_blur,T013-S2,2,0,0.0,True
15,A,gaussian_blur,T013-S2,4,20/373,1.0,True
16,A,gaussian_blur,T013-S2,1,10/1527,,False
16,A,gaussian_blur,T013-S2,4,10/1527,,False
16,A,gaussian_blur,T013-S2,6,0,,False
16,A,gaussian_blur,T013-S2,8,0,,False
16,A,gaussian_blur,T013-S2,9,0,,False
17,A,gaussian_blur,T013-S2,1,0,,False
17,A,gaussian_blur,T013-S2,4,0,,False
17,A,gaussian_blur,T013-S2,8,0,,False
18,A,gaussian_blur,T013-S2,0,0,,False
18,A,gaussian_blur,T013-S2,3,0,,False
18,A,gaussian_blur,T013-S2,6,0,,False
19,A,gaussian_blur,T013-S2,0,0,0.0,True
19,A,gaussian_blur,T013-S2,2,0,0.0,True
19,A,gaussian_blur,T013-S2,7,0,0.0,True
20,A,gaussian_blur,T013-S2,6,0,0.0,True
21,A,gaussian_blur,T013-S2,4,5/373,0.4,True
22,A,gaussian_blur,T013-S2,1,63910/451191,1.5026333113890717,True
22,A,gaussian_blur,T013-S2,2,63910/451191,1.5026333113890717,True
23,A,gaussian_blur,T013-S2,0,-70/284629,-0.006204343334016636,True
23,A,gaussian_blur,T013-S2,2,-70/284629,-0.006204343334016636,True
23,A,gaussian_blur,T013-S2,5,60115/1133259,1.3382295154762038,True
23,A,gaussian_blur,T013-S2,8,60115/1133259,1.3382295154762038,True
23,A,gaussian_blur,T013-S2,9,-70/284629,-0.006204343334016636,True
24,A,gaussian_blur,T013-S2,3,0,0.0,True
24,A,gaussian_blur,T013-S2,7,0,0.0,True
24,A,gaussian_blur,T013-S2,9,0,0.0,True
25,A,gaussian_blur,T013-S2,0,28/451191,0.00458579910423078,True
25,A,gaussian_blur,T013-S2,1,0,0.0,True
25,A,gaussian_blur,T013-S2,4,0,0.0,True
26,A,gaussian_blur,T013-S2,5,9034/456573,0.3349151034329354,True
26,A,gaussian_blur,T013-S2,6,26974/456573,1.0,True
27,A,gaussian_blur,T013-S2,1,0,0.0,True
28,A,gaussian_blur,T013-S2,0,-7495/561678,,False
28,A,gaussian_blur,T013-S2,2,0,,False
28,A,gaussian_blur,T013-S2,3,-5/758,,False
28,A,gaussian_blur,T013-S2,4,0,,False
28,A,gaussian_blur,T013-S2,5,0,,False
28,A,gaussian_blur,T013-S2,8,0,,False
29,A,gaussian_blur,T013-S2,1,0,0.0,True
30,A,gaussian_blur,T013-S2,2,2303/15090,0.6889846227487585,True
30,A,gaussian_blur,T013-S2,4,0,0.0,True
30,A,gaussian_blur,T013-S2,5,2303/15090,0.6889846227487585,True
31,A,gaussian_blur,T013-S2,8,0,,False
32,A,gaussian_blur,T013-S2,0,0,0.0,True
32,A,gaussian_blur,T013-S2,2,0,0.0,True
32,A,gaussian_blur,T013-S2,4,0,0.0,True
32,A,gaussian_blur,T013-S2,5,0,0.0,True
32,A,gaussian_blur,T013-S2,8,0,0.0,True
33,A,gaussian_blur,T013-S2,0,0,0.0,True
33,A,gaussian_blur,T013-S2,3,-5855/280839,-0.6124476987447699,True
34,A,gaussian_blur,T013-S2,2,0,,False
34,A,gaussian_blur,T013-S2,3,312145455/47492240419,,False
34,A,gaussian_blur,T013-S2,8,0,,False
35,A,gaussian_blur,T013-S2,1,0,0.0,True
35,A,gaussian_blur,T013-S2,8,0,0.0,True
36,A,gaussian_blur,T013-S2,0,0,0.0,True
36,A,gaussian_blur,T013-S2,1,0,0.0,True
36,A,gaussian_blur,T013-S2,6,0,0.0,True
36,A,gaussian_blur,T013-S2,7,0,0.0,True
36,A,gaussian_blur,T013-S2,9,0,0.0,True
37,A,gaussian_blur,T013-S2,2,8955355/192276277,3.4731768645042855,True
37,A,gaussian_blur,T013-S2,6,0,0.0,True
37,A,gaussian_blur,T013-S2,9,0,0.0,True
38,A,gaussian_blur,T013-S2,8,0,,False
39,A,gaussian_blur,T013-S2,2,0,0.0,True
40,A,gaussian_blur,T013-S2,9,425/21489,1.5178571428571428,True
41,A,gaussian_blur,T013-S2,0,0,0.0,True
41,A,gaussian_blur,T013-S2,1,0,0.0,True
41,A,gaussian_blur,T013-S2,3,-54449933/1616977349,-157.59072475904316,True
41,A,gaussian_blur,T013-S2,9,0,0.0,True
42,A,gaussian_blur,T013-S2,0,0,0.0,True
42,A,gaussian_blur,T013-S2,1,0,0.0,True
42,A,gaussian_blur,T013-S2,2,0,0.0,True
43,A,gaussian_blur,T013-S2,0,0,0.0,True
43,A,gaussian_blur,T013-S2,4,0,0.0,True
44,A,gaussian_blur,T013-S2,0,0,0.0,True
44,A,gaussian_blur,T013-S2,8,0,0.0,True
44,A,gaussian_blur,T013-S2,9,0,0.0,True
45,A,gaussian_blur,T013-S2,2,0,0.0,True
45,A,gaussian_blur,T013-S2,4,0,0.0,True
45,A,gaussian_blur,T013-S2,5,0,0.0,True
45,A,gaussian_blur,T013-S2,8,0,0.0,True
46,A,gaussian_blur,T013-S2,2,0,0.0,True
46,A,gaussian_blur,T013-S2,4,0,0.0,True
46,A,gaussian_blur,T013-S2,5,0,0.0,True
47,A,gaussian_blur,T013-S2,0,7489/224549,1.249416082749416,True
47,A,gaussian_blur,T013-S2,1,0,0.0,True
47,A,gaussian_blur,T013-S2,2,7489/224549,1.249416082749416,True
47,A,gaussian_blur,T013-S2,4,7489/224549,1.249416082749416,True
47,A,gaussian_blur,T013-S2,8,5994/224549,1.0,True
48,A,gaussian_blur,T013-S2,4,-1900/142883,-0.2494917402286509,True
48,A,gaussian_blur,T013-S2,7,-1900/142883,-0.2494917402286509,True
48,A,gaussian_blur,T013-S2,9,0,0.0,True
49,A,gaussian_blur,T013-S2,1,0,0.0,True
49,A,gaussian_blur,T013-S2,3,341/17043,0.14202415660141607,True
50,A,gaussian_blur,T013-S2,2,0,0.0,True
50,A,gaussian_blur,T013-S2,5,0,0.0,True
51,A,gaussian_blur,T013-S2,3,0,,False
51,A,gaussian_blur,T013-S2,4,0,,False
51,A,gaussian_blur,T013-S2,9,0,,False
52,A,gaussian_blur,T013-S2,0,0,0.0,True
52,A,gaussian_blur,T013-S2,2,0,0.0,True
53,A,gaussian_blur,T013-S2,1,0,0.0,True
53,A,gaussian_blur,T013-S2,7,0,0.0,True
54,A,gaussian_blur,T013-S2,2,8780471255/73163811682,1.1225985280852362,True
54,A,gaussian_blur,T013-S2,6,0,0.0,True
54,A,gaussian_blur,T013-S2,7,8780471255/73163811682,1.1225985280852362,True
55,A,gaussian_blur,T013-S2,0,0,0.0,True
55,A,gaussian_blur,T013-S2,8,0,0.0,True
56,A,gaussian_blur,T013-S2,3,0,,False
56,A,gaussian_blur,T013-S2,4,0,,False
56,A,gaussian_blur,T013-S2,6,10/1527,,False
56,A,gaussian_blur,T013-S2,9,0,,False
57,A,gaussian_blur,T013-S2,0,0,0.0,True
57,A,gaussian_blur,T013-S2,1,0,0.0,True
57,A,gaussian_blur,T013-S2,3,7952/152191,2.416544488102918,True
57,A,gaussian_blur,T013-S2,4,-144220816/4257543225,-1.5666654887974185,True
57,A,gaussian_blur,T013-S2,6,0,0.0,True
58,A,gaussian_blur,T013-S2,0,0,,False
58,A,gaussian_blur,T013-S2,9,0,,False
59,A,gaussian_blur,T013-S2,0,0,0.0,True
59,A,gaussian_blur,T013-S2,1,0,0.0,True
59,A,gaussian_blur,T013-S2,3,0,0.0,True
59,A,gaussian_blur,T013-S2,5,0,0.0,True
59,A,gaussian_blur,T013-S2,6,0,0.0,True
60,A,gaussian_blur,T013-S2,0,0,0.0,True
61,A,gaussian_blur,T013-S2,0,-1/150,-0.5013297872340425,True
61,A,gaussian_blur,T013-S2,4,0,0.0,True
61,A,gaussian_blur,T013-S2,5,0,0.0,True
61,A,gaussian_blur,T013-S2,7,0,0.0,True
62,A,gaussian_blur,T013-S2,0,991/76350,0.9649464459591042,True
62,A,gaussian_blur,T013-S2,5,92357/14468325,0.47455894027484824,True
62,A,gaussian_blur,T013-S2,6,0,0.0,True
62,A,gaussian_blur,T013-S2,9,0,0.0,True
63,A,gaussian_blur,T013-S2,3,0,0.0,True
63,A,gaussian_blur,T013-S2,4,0,0.0,True
63,A,gaussian_blur,T013-S2,6,0,0.0,True
64,A,gaussian_blur,T013-S2,1,0,0.0,True
64,A,gaussian_blur,T013-S2,3,0,0.0,True
64,A,gaussian_blur,T013-S2,5,0,0.0,True
64,A,gaussian_blur,T013-S2,8,0,0.0,True
64,A,gaussian_blur,T013-S2,9,-285298294/7081347975,-0.6672684319438501,True
65,A,gaussian_blur,T013-S2,5,0,0.0,True
66,A,gaussian_blur,T013-S2,7,0,0.0,True
66,A,gaussian_blur,T013-S2,8,0,0.0,True
66,A,gaussian_blur,T013-S2,9,10055/382259,1.9645016895717569,True
67,A,gaussian_blur,T013-S2,1,0,0.0,True
67,A,gaussian_blur,T013-S2,2,0,0.0,True
67,A,gaussian_blur,T013-S2,5,0,0.0,True
67,A,gaussian_blur,T013-S2,7,0,0.0,True
67,A,gaussian_blur,T013-S2,8,0,0.0,True
68,A,gaussian_blur,T013-S2,1,0,0.0,True
68,A,gaussian_blur,T013-S2,7,0,0.0,True
68,A,gaussian_blur,T013-S2,9,0,0.0,True
69,A,gaussian_blur,T013-S2,2,0,0.0,True
69,A,gaussian_blur,T013-S2,5,0,0.0,True
69,A,gaussian_blur,T013-S2,7,22943/494247,0.2911097968380197,True
70,A,gaussian_blur,T013-S2,0,-737/113321,-0.49297658862876254,True
70,A,gaussian_blur,T013-S2,8,0,0.0,True
71,A,gaussian_blur,T013-S2,4,-280879/42018450,-0.994716171278212,True
71,A,gaussian_blur,T013-S2,5,0,0.0,True
71,A,gaussian_blur,T013-S2,8,0,0.0,True
72,A,gaussian_blur,T013-S2,0,0,0.0,True
72,A,gaussian_blur,T013-S2,5,760639/7115725,1.4512180308633535,True
72,A,gaussian_blur,T013-S2,8,0,0.0,True
73,A,gaussian_blur,T013-S2,5,0,0.0,True
73,A,gaussian_blur,T013-S2,6,0,0.0,True
73,A,gaussian_blur,T013-S2,7,0,0.0,True
74,A,gaussian_blur,T013-S2,6,0,0.0,True
75,A,gaussian_blur,T013-S2,0,0,0.0,True
75,A,gaussian_blur,T013-S2,1,0,0.0,True
75,A,gaussian_blur,T013-S2,3,5128/17043,1.098481493654309,True
76,A,gaussian_blur,T013-S2,1,0,0.0,True
76,A,gaussian_blur,T013-S2,6,0,0.0,True
76,A,gaussian_blur,T013-S2,7,-39425393/331015425,-2.2389732730305423,True
77,A,gaussian_blur,T013-S2,0,0,0.0,True
77,A,gaussian_blur,T013-S2,2,0,0.0,True
78,A,gaussian_blur,T013-S2,4,0,0.0,True
78,A,gaussian_blur,T013-S2,5,0,0.0,True
78,A,gaussian_blur,T013-S2,8,0,0.0,True
79,A,gaussian_blur,T013-S2,1,0,0.0,True
79,A,gaussian_blur,T013-S2,2,0,0.0,True
79,A,gaussian_blur,T013-S2,5,0,0.0,True
80,A,gaussian_blur,T013-S2,6,0,0.0,True
80,A,gaussian_blur,T013-S2,7,0,0.0,True
81,A,gaussian_blur,T013-S2,7,0,0.0,True
81,A,gaussian_blur,T013-S2,9,0,0.0,True
82,A,gaussian_blur,T013-S2,3,0,0.0,True
82,A,gaussian_blur,T013-S2,7,0,0.0,True
83,A,gaussian_blur,T013-S2,4,0,,False
83,A,gaussian_blur,T013-S2,7,0,,False
83,A,gaussian_blur,T013-S2,8,0,,False
84,A,gaussian_blur,T013-S2,2,50120/768081,,False
84,A,gaussian_blur,T013-S2,3,0,,False
84,A,gaussian_blur,T013-S2,6,-35150/768081,,False
85,A,gaussian_blur,T013-S2,5,0,0.0,True
85,A,gaussian_blur,T013-S2,6,0,0.0,True
86,A,gaussian_blur,T013-S2,2,0,0.0,True
86,A,gaussian_blur,T013-S2,4,0,0.0,True
86,A,gaussian_blur,T013-S2,5,5539/75450,0.9167494207216154,True
86,A,gaussian_blur,T013-S2,6,0,0.0,True
87,A,gaussian_blur,T013-S2,3,249747/9274850,0.7996245428184475,True
87,A,gaussian_blur,T013-S2,5,0,0.0,True
88,A,gaussian_blur,T013-S2,3,0,0.0,True
88,A,gaussian_blur,T013-S2,4,0,0.0,True
88,A,gaussian_blur,T013-S2,6,0,0.0,True
88,A,gaussian_blur,T013-S2,9,0,0.0,True
89,A,gaussian_blur,T013-S2,4,310952/4246905,0.7839324228543522,True
89,A,gaussian_blur,T013-S2,5,0,0.0,True
90,A,gaussian_blur,T013-S2,2,0,0.0,True
90,A,gaussian_blur,T013-S2,3,0,0.0,True
90,A,gaussian_blur,T013-S2,5,0,0.0,True
90,A,gaussian_blur,T013-S2,9,0,0.0,True
91,A,gaussian_blur,T013-S2,3,0,,False
91,A,gaussian_blur,T013-S2,7,0,,False
91,A,gaussian_blur,T013-S2,9,5/42978,,False
92,A,gaussian_blur,T013-S2,1,0,0.0,True
92,A,gaussian_blur,T013-S2,3,0,0.0,True
92,A,gaussian_blur,T013-S2,8,0,0.0,True
93,A,gaussian_blur,T013-S2,4,15/141367,0.0019823173754206346,True
94,A,gaussian_blur,T013-S2,1,0,0.0,True
94,A,gaussian_blur,T013-S2,5,0,0.0,True
95,A,gaussian_blur,T013-S2,1,0,0.0,True
95,A,gaussian_blur,T013-S2,5,0,0.0,True
95,A,gaussian_blur,T013-S2,6,0,0.0,True
96,A,gaussian_blur,T013-S2,7,0,0.0,True
96,A,gaussian_blur,T013-S2,9,0,0.0,True
97,A,gaussian_blur,T013-S2,2,0,0.0,True
97,A,gaussian_blur,T013-S2,3,0,0.0,True
97,A,gaussian_blur,T013-S2,9,0,0.0,True
98,A,gaussian_blur,T013-S2,5,0,0.0,True
98,A,gaussian_blur,T013-S2,6,0,0.0,True
98,A,gaussian_blur,T013-S2,9,0,0.0,True
99,A,gaussian_blur,T013-S2,0,0,0.0,True
99,A,gaussian_blur,T013-S2,3,0,0.0,True
99,A,gaussian_blur,T013-S2,4,0,0.0,True
99,A,gaussian_blur,T013-S2,5,0,0.0,True
99,A,gaussian_blur,T013-S2,7,0,0.0,True
99,A,gaussian_blur,T013-S2,9,0,0.0,True
0,A,gaussian_blur,T013-S3,1,684/8671,1.697561498873269,True
0,A,gaussian_blur,T013-S3,6,11405/575679,0.42633746996264277,True
0,A,gaussian_blur,T013-S3,7,684/8671,1.697561498873269,True
1,A,gaussian_blur,T013-S3,1,0,0.0,True
1,A,gaussian_blur,T013-S3,7,0,0.0,True
2,A,gaussian_blur,T013-S3,3,-5/741,-0.2013888888888889,True
2,A,gaussian_blur,T013-S3,4,5/754,0.19791666666666666,True
2,A,gaussian_blur,T013-S3,9,865/42978,0.6006944444444444,True
3,A,gaussian_blur,T013-S3,0,5/379,0.25,True
4,A,gaussian_blur,T013-S3,4,0,0.0,True
4,A,gaussian_blur,T013-S3,5,0,0.0,True
4,A,gaussian_blur,T013-S3,9,0,0.0,True
5,A,gaussian_blur,T013-S3,0,0,0.0,True
5,A,gaussian_blur,T013-S3,2,624319/9531850,1.970187734905312,True
5,A,gaussian_blur,T013-S3,5,624319/9531850,1.970187734905312,True
6,A,gaussian_blur,T013-S3,0,0,0.0,True
6,A,gaussian_blur,T013-S3,3,0,0.0,True
6,A,gaussian_blur,T013-S3,6,0,0.0,True
7,A,gaussian_blur,T013-S3,1,0,0.0,True
7,A,gaussian_blur,T013-S3,3,-6/437,-0.17055393586005832,True
8,A,gaussian_blur,T013-S3,0,0,0.0,True
8,A,gaussian_blur,T013-S3,5,0,0.0,True
9,A,gaussian_blur,T013-S3,7,4887703/742358994,0.05520578971338435,True
9,A,gaussian_blur,T013-S3,8,4887703/742358994,0.05520578971338435,True
10,A,gaussian_blur,T013-S3,2,438344501/2131727078,2.8040736685121317,True
10,A,gaussian_blur,T013-S3,3,0,0.0,True
10,A,gaussian_blur,T013-S3,4,50942/451191,1.5396465093115914,True
11,A,gaussian_blur,T013-S3,2,0,0.0,True
11,A,gaussian_blur,T013-S3,8,0,0.0,True
12,A,gaussian_blur,T013-S3,2,0,0.0,True
12,A,gaussian_blur,T013-S3,7,0,0.0,True
13,A,gaussian_blur,T013-S3,1,0,0.0,True
13,A,gaussian_blur,T013-S3,3,0,0.0,True
13,A,gaussian_blur,T013-S3,5,0,0.0,True
14,A,gaussian_blur,T013-S3,1,0,0.0,True
14,A,gaussian_blur,T013-S3,2,0,0.0,True
15,A,gaussian_blur,T013-S3,4,15/746,0.375,True
16,A,gaussian_blur,T013-S3,1,10/1527,,False
16,A,gaussian_blur,T013-S3,4,10/1527,,False
16,A,gaussian_blur,T013-S3,6,0,,False
16,A,gaussian_blur,T013-S3,8,0,,False
16,A,gaussian_blur,T013-S3,9,0,,False
17,A,gaussian_blur,T013-S3,1,0,,False
17,A,gaussian_blur,T013-S3,4,0,,False
17,A,gaussian_blur,T013-S3,8,0,,False
18,A,gaussian_blur,T013-S3,0,0,,False
18,A,gaussian_blur,T013-S3,3,0,,False
18,A,gaussian_blur,T013-S3,6,0,,False
19,A,gaussian_blur,T013-S3,0,0,0.0,True
19,A,gaussian_blur,T013-S3,2,0,0.0,True
19,A,gaussian_blur,T013-S3,7,0,0.0,True
20,A,gaussian_blur,T013-S3,6,0,0.0,True
21,A,gaussian_blur,T013-S3,4,29665/552786,0.7274399215301618,True
22,A,gaussian_blur,T013-S3,1,15174/150397,1.0703000094046835,True
22,A,gaussian_blur,T013-S3,2,15174/150397,1.0703000094046835,True
23,A,gaussian_blur,T013-S3,0,0,0.0,True
23,A,gaussian_blur,T013-S3,2,0,0.0,True
23,A,gaussian_blur,T013-S3,5,22889215/429505161,1.3444338588102205,True
23,A,gaussian_blur,T013-S3,8,22889215/429505161,1.3444338588102205,True
23,A,gaussian_blur,T013-S3,9,0,0.0,True
24,A,gaussian_blur,T013-S3,3,0,0.0,True
24,A,gaussian_blur,T013-S3,7,0,0.0,True
24,A,gaussian_blur,T013-S3,9,0,0.0,True
25,A,gaussian_blur,T013-S3,0,28/451191,0.00458579910423078,True
25,A,gaussian_blur,T013-S3,1,0,0.0,True
25,A,gaussian_blur,T013-S3,4,0,0.0,True
26,A,gaussian_blur,T013-S3,5,4008/152191,0.44576258619411285,True
26,A,gaussian_blur,T013-S3,6,26974/456573,1.0,True
27,A,gaussian_blur,T013-S3,1,0,0.0,True
28,A,gaussian_blur,T013-S3,0,0,,False
28,A,gaussian_blur,T013-S3,2,0,,False
28,A,gaussian_blur,T013-S3,3,-7495/561678,,False
28,A,gaussian_blur,T013-S3,4,0,,False
28,A,gaussian_blur,T013-S3,5,0,,False
28,A,gaussian_blur,T013-S3,8,0,,False
29,A,gaussian_blur,T013-S3,1,0,0.0,True
30,A,gaussian_blur,T013-S3,2,2303/15090,0.6889846227487585,True
30,A,gaussian_blur,T013-S3,4,0,0.0,True
30,A,gaussian_blur,T013-S3,5,5509/75450,0.3296236462633878,True
31,A,gaussian_blur,T013-S3,8,0,,False
32,A,gaussian_blur,T013-S3,0,0,0.0,True
32,A,gaussian_blur,T013-S3,2,0,0.0,True
32,A,gaussian_blur,T013-S3,4,0,0.0,True
32,A,gaussian_blur,T013-S3,5,0,0.0,True
32,A,gaussian_blur,T013-S3,8,0,0.0,True
33,A,gaussian_blur,T013-S3,0,0,0.0,True
33,A,gaussian_blur,T013-S3,3,-5855/280839,-0.34415870683321087,True
34,A,gaussian_blur,T013-S3,2,0,0.0,True
34,A,gaussian_blur,T013-S3,3,312145455/47492240419,0.9569309161540344,True
34,A,gaussian_blur,T013-S3,8,0,0.0,True
35,A,gaussian_blur,T013-S3,1,0,0.0,True
35,A,gaussian_blur,T013-S3,8,0,0.0,True
36,A,gaussian_blur,T013-S3,0,0,0.0,True
36,A,gaussian_blur,T013-S3,1,0,0.0,True
36,A,gaussian_blur,T013-S3,6,0,0.0,True
36,A,gaussian_blur,T013-S3,7,0,0.0,True
36,A,gaussian_blur,T013-S3,9,0,0.0,True
37,A,gaussian_blur,T013-S3,2,8955355/192276277,3.4731768645042855,True
37,A,gaussian_blur,T013-S3,6,0,0.0,True
37,A,gaussian_blur,T013-S3,9,0,0.0,True
38,A,gaussian_blur,T013-S3,8,0,,False
39,A,gaussian_blur,T013-S3,2,0,0.0,True
40,A,gaussian_blur,T013-S3,9,425/21489,1.5178571428571428,True
41,A,gaussian_blur,T013-S3,0,0,0.0,True
41,A,gaussian_blur,T013-S3,1,0,0.0,True
41,A,gaussian_blur,T013-S3,3,-54449933/1616977349,-157.59072475904316,True
41,A,gaussian_blur,T013-S3,9,0,0.0,True
42,A,gaussian_blur,T013-S3,0,0,0.0,True
42,A,gaussian_blur,T013-S3,1,0,0.0,True
42,A,gaussian_blur,T013-S3,2,0,0.0,True
43,A,gaussian_blur,T013-S3,0,0,0.0,True
43,A,gaussian_blur,T013-S3,4,0,0.0,True
44,A,gaussian_blur,T013-S3,0,0,0.0,True
44,A,gaussian_blur,T013-S3,8,0,0.0,True
44,A,gaussian_blur,T013-S3,9,0,0.0,True
45,A,gaussian_blur,T013-S3,2,0,0.0,True
45,A,gaussian_blur,T013-S3,4,0,0.0,True
45,A,gaussian_blur,T013-S3,5,0,0.0,True
45,A,gaussian_blur,T013-S3,8,0,0.0,True
46,A,gaussian_blur,T013-S3,2,0,0.0,True
46,A,gaussian_blur,T013-S3,4,0,0.0,True
46,A,gaussian_blur,T013-S3,5,0,0.0,True
47,A,gaussian_blur,T013-S3,0,0,0.0,True
47,A,gaussian_blur,T013-S3,1,0,0.0,True
47,A,gaussian_blur,T013-S3,2,4492/224549,0.7494160827494161,True
47,A,gaussian_blur,T013-S3,4,5994/224549,1.0,True
47,A,gaussian_blur,T013-S3,8,5994/224549,1.0,True
48,A,gaussian_blur,T013-S3,4,-1900/142883,-0.2494917402286509,True
48,A,gaussian_blur,T013-S3,7,-704910/53295359,-0.24815750332239073,True
48,A,gaussian_blur,T013-S3,9,0,0.0,True
49,A,gaussian_blur,T013-S3,1,0,0.0,True
49,A,gaussian_blur,T013-S3,3,341/17043,0.14202415660141607,True
50,A,gaussian_blur,T013-S3,2,0,0.0,True
50,A,gaussian_blur,T013-S3,5,0,0.0,True
51,A,gaussian_blur,T013-S3,3,0,,False
51,A,gaussian_blur,T013-S3,4,0,,False
51,A,gaussian_blur,T013-S3,9,0,,False
52,A,gaussian_blur,T013-S3,0,0,0.0,True
52,A,gaussian_blur,T013-S3,2,0,0.0,True
53,A,gaussian_blur,T013-S3,1,0,0.0,True
53,A,gaussian_blur,T013-S3,7,0,0.0,True
54,A,gaussian_blur,T013-S3,2,8780471255/73163811682,1.1225985280852362,True
54,A,gaussian_blur,T013-S3,6,0,0.0,True
54,A,gaussian_blur,T013-S3,7,8780471255/73163811682,1.1225985280852362,True
55,A,gaussian_blur,T013-S3,0,0,,False
55,A,gaussian_blur,T013-S3,8,0,,False
56,A,gaussian_blur,T013-S3,3,0,,False
56,A,gaussian_blur,T013-S3,4,0,,False
56,A,gaussian_blur,T013-S3,6,2395/377169,,False
56,A,gaussian_blur,T013-S3,9,0,,False
57,A,gaussian_blur,T013-S3,0,0,0.0,True
57,A,gaussian_blur,T013-S3,1,0,0.0,True
57,A,gaussian_blur,T013-S3,3,7952/152191,2.416544488102918,True
57,A,gaussian_blur,T013-S3,4,-144220816/4257543225,-1.5666654887974185,True
57,A,gaussian_blur,T013-S3,6,0,0.0,True
58,A,gaussian_blur,T013-S3,0,0,,False
58,A,gaussian_blur,T013-S3,9,0,,False
59,A,gaussian_blur,T013-S3,0,0,0.0,True
59,A,gaussian_blur,T013-S3,1,0,0.0,True
59,A,gaussian_blur,T013-S3,3,0,0.0,True
59,A,gaussian_blur,T013-S3,5,0,0.0,True
59,A,gaussian_blur,T013-S3,6,0,0.0,True
60,A,gaussian_blur,T013-S3,0,0,0.0,True
61,A,gaussian_blur,T013-S3,0,-1/150,-0.5013297872340425,True
61,A,gaussian_blur,T013-S3,4,0,0.0,True
61,A,gaussian_blur,T013-S3,5,0,0.0,True
61,A,gaussian_blur,T013-S3,7,0,0.0,True
62,A,gaussian_blur,T013-S3,0,0,0.0,True
62,A,gaussian_blur,T013-S3,5,0,0.0,True
62,A,gaussian_blur,T013-S3,6,0,0.0,True
62,A,gaussian_blur,T013-S3,9,0,0.0,True
63,A,gaussian_blur,T013-S3,3,0,0.0,True
63,A,gaussian_blur,T013-S3,4,0,0.0,True
63,A,gaussian_blur,T013-S3,6,0,0.0,True
64,A,gaussian_blur,T013-S3,1,0,0.0,True
64,A,gaussian_blur,T013-S3,3,0,0.0,True
64,A,gaussian_blur,T013-S3,5,0,0.0,True
64,A,gaussian_blur,T013-S3,8,0,0.0,True
64,A,gaussian_blur,T013-S3,9,0,0.0,True
65,A,gaussian_blur,T013-S3,5,0,0.0,True
66,A,gaussian_blur,T013-S3,7,0,0.0,True
66,A,gaussian_blur,T013-S3,8,0,0.0,True
66,A,gaussian_blur,T013-S3,9,10055/382259,1.9766825566277,True
67,A,gaussian_blur,T013-S3,1,0,0.0,True
67,A,gaussian_blur,T013-S3,2,0,0.0,True
67,A,gaussian_blur,T013-S3,5,0,0.0,True
67,A,gaussian_blur,T013-S3,7,0,0.0,True
67,A,gaussian_blur,T013-S3,8,0,0.0,True
68,A,gaussian_blur,T013-S3,1,0,0.0,True
68,A,gaussian_blur,T013-S3,7,0,0.0,True
68,A,gaussian_blur,T013-S3,9,0,0.0,True
69,A,gaussian_blur,T013-S3,2,0,0.0,True
69,A,gaussian_blur,T013-S3,5,0,0.0,True
69,A,gaussian_blur,T013-S3,7,22943/494247,0.2911097968380197,True
70,A,gaussian_blur,T013-S3,0,0,0.0,True
70,A,gaussian_blur,T013-S3,8,0,0.0,True
71,A,gaussian_blur,T013-S3,4,-280879/42018450,-0.994716171278212,True
71,A,gaussian_blur,T013-S3,5,0,0.0,True
71,A,gaussian_blur,T013-S3,8,0,0.0,True
72,A,gaussian_blur,T013-S3,0,0,0.0,True
72,A,gaussian_blur,T013-S3,5,760639/7115725,1.4512180308633535,True
72,A,gaussian_blur,T013-S3,8,0,0.0,True
73,A,gaussian_blur,T013-S3,5,0,0.0,True
73,A,gaussian_blur,T013-S3,6,0,0.0,True
73,A,gaussian_blur,T013-S3,7,0,0.0,True
74,A,gaussian_blur,T013-S3,6,0,0.0,True
75,A,gaussian_blur,T013-S3,0,0,0.0,True
75,A,gaussian_blur,T013-S3,1,0,0.0,True
75,A,gaussian_blur,T013-S3,3,5128/17043,1.098481493654309,True
76,A,gaussian_blur,T013-S3,1,0,0.0,True
76,A,gaussian_blur,T013-S3,6,0,0.0,True
76,A,gaussian_blur,T013-S3,7,-1813709/22828650,-1.4935112163066275,True
77,A,gaussian_blur,T013-S3,0,0,0.0,True
77,A,gaussian_blur,T013-S3,2,0,0.0,True
78,A,gaussian_blur,T013-S3,4,0,0.0,True
78,A,gaussian_blur,T013-S3,5,0,0.0,True
78,A,gaussian_blur,T013-S3,8,0,0.0,True
79,A,gaussian_blur,T013-S3,1,0,0.0,True
79,A,gaussian_blur,T013-S3,2,0,0.0,True
79,A,gaussian_blur,T013-S3,5,0,0.0,True
80,A,gaussian_blur,T013-S3,6,0,0.0,True
80,A,gaussian_blur,T013-S3,7,0,0.0,True
81,A,gaussian_blur,T013-S3,7,0,0.0,True
81,A,gaussian_blur,T013-S3,9,0,0.0,True
82,A,gaussian_blur,T013-S3,3,0,0.0,True
82,A,gaussian_blur,T013-S3,7,0,0.0,True
83,A,gaussian_blur,T013-S3,4,0,,False
83,A,gaussian_blur,T013-S3,7,0,,False
83,A,gaussian_blur,T013-S3,8,0,,False
84,A,gaussian_blur,T013-S3,2,0,,False
84,A,gaussian_blur,T013-S3,3,-85270/768081,,False
84,A,gaussian_blur,T013-S3,6,-85270/768081,,False
85,A,gaussian_blur,T013-S3,5,0,0.0,True
85,A,gaussian_blur,T013-S3,6,0,0.0,True
86,A,gaussian_blur,T013-S3,2,0,0.0,True
86,A,gaussian_blur,T013-S3,4,0,0.0,True
86,A,gaussian_blur,T013-S3,5,5539/75450,0.9167494207216154,True
86,A,gaussian_blur,T013-S3,6,0,0.0,True
87,A,gaussian_blur,T013-S3,3,249747/9274850,0.7996245428184475,True
87,A,gaussian_blur,T013-S3,5,0,0.0,True
88,A,gaussian_blur,T013-S3,3,0,0.0,True
88,A,gaussian_blur,T013-S3,4,0,0.0,True
88,A,gaussian_blur,T013-S3,6,0,0.0,True
88,A,gaussian_blur,T013-S3,9,0,0.0,True
89,A,gaussian_blur,T013-S3,4,310952/4246905,0.7839324228543522,True
89,A,gaussian_blur,T013-S3,5,0,0.0,True
90,A,gaussian_blur,T013-S3,2,0,0.0,True
90,A,gaussian_blur,T013-S3,3,0,0.0,True
90,A,gaussian_blur,T013-S3,5,0,0.0,True
90,A,gaussian_blur,T013-S3,9,0,0.0,True
91,A,gaussian_blur,T013-S3,3,0,,False
91,A,gaussian_blur,T013-S3,7,-5/42978,,False
91,A,gaussian_blur,T013-S3,9,0,,False
92,A,gaussian_blur,T013-S3,1,0,0.0,True
92,A,gaussian_blur,T013-S3,3,0,0.0,True
92,A,gaussian_blur,T013-S3,8,0,0.0,True
93,A,gaussian_blur,T013-S3,4,-279386/42268733,-0.14120156219004792,True
94,A,gaussian_blur,T013-S3,1,0,0.0,True
94,A,gaussian_blur,T013-S3,5,0,0.0,True
95,A,gaussian_blur,T013-S3,1,0,0.0,True
95,A,gaussian_blur,T013-S3,5,0,0.0,True
95,A,gaussian_blur,T013-S3,6,0,0.0,True
96,A,gaussian_blur,T013-S3,7,0,0.0,True
96,A,gaussian_blur,T013-S3,9,0,0.0,True
97,A,gaussian_blur,T013-S3,2,0,0.0,True
97,A,gaussian_blur,T013-S3,3,0,0.0,True
97,A,gaussian_blur,T013-S3,9,0,0.0,True
98,A,gaussian_blur,T013-S3,5,0,0.0,True
98,A,gaussian_blur,T013-S3,6,0,0.0,True
98,A,gaussian_blur,T013-S3,9,0,0.0,True
99,A,gaussian_blur,T013-S3,0,0,0.0,True
99,A,gaussian_blur,T013-S3,3,0,0.0,True
99,A,gaussian_blur,T013-S3,4,0,0.0,True
99,A,gaussian_blur,T013-S3,5,0,0.0,True
99,A,gaussian_blur,T013-S3,7,0,0.0,True
99,A,gaussian_blur,T013-S3,9,0,0.0,True
0,B,clean,T013-S0,1,285/8671,0.3103846688752349,True
0,B,clean,T013-S0,6,-42040/575679,-0.6896153311247651,True
0,B,clean,T013-S0,7,285/8671,0.3103846688752349,True
1,B,clean,T013-S0,1,0,0.0,True
1,B,clean,T013-S0,7,0,0.0,True
2,B,clean,T013-S0,3,0,,False
2,B,clean,T013-S0,4,-5/754,,False
2,B,clean,T013-S0,9,-865/42978,,False
3,B,clean,T013-S0,0,0,0.0,True
4,B,clean,T013-S0,4,0,0.0,True
4,B,clean,T013-S0,5,0,0.0,True
4,B,clean,T013-S0,9,0,0.0,True
5,B,clean,T013-S0,0,0,0.0,True
5,B,clean,T013-S0,2,280474/4765925,0.8895643320882859,True
5,B,clean,T013-S0,5,0,0.0,True
6,B,clean,T013-S0,0,0,,False
6,B,clean,T013-S0,3,0,,False
6,B,clean,T013-S0,6,-12125/377169,,False
7,B,clean,T013-S0,1,0,0.0,True
7,B,clean,T013-S0,3,0,0.0,True
8,B,clean,T013-S0,0,0,0.0,True
8,B,clean,T013-S0,5,0,0.0,True
9,B,clean,T013-S0,7,0,0.0,True
9,B,clean,T013-S0,8,0,0.0,True
10,B,clean,T013-S0,2,805332587/6395181234,6.311283454414609,True
10,B,clean,T013-S0,3,0,0.0,True
10,B,clean,T013-S0,4,805332587/6395181234,6.311283454414609,True
11,B,clean,T013-S0,2,0,0.0,True
11,B,clean,T013-S0,8,0,0.0,True
12,B,clean,T013-S0,2,0,0.0,True
12,B,clean,T013-S0,7,0,0.0,True
13,B,clean,T013-S0,1,0,0.0,True
13,B,clean,T013-S0,3,0,0.0,True
13,B,clean,T013-S0,5,0,0.0,True
14,B,clean,T013-S0,1,0,0.0,True
14,B,clean,T013-S0,2,0,0.0,True
15,B,clean,T013-S0,4,5/746,0.3333333333333333,True
16,B,clean,T013-S0,1,0,,False
16,B,clean,T013-S0,4,0,,False
16,B,clean,T013-S0,6,0,,False
16,B,clean,T013-S0,8,0,,False
16,B,clean,T013-S0,9,0,,False
17,B,clean,T013-S0,1,-11953/224549,,False
17,B,clean,T013-S0,4,-11953/224549,,False
17,B,clean,T013-S0,8,-21/224549,,False
18,B,clean,T013-S0,0,0,,False
18,B,clean,T013-S0,3,0,,False
18,B,clean,T013-S0,6,0,,False
19,B,clean,T013-S0,0,0,0.0,True
19,B,clean,T013-S0,2,0,0.0,True
19,B,clean,T013-S0,7,0,0.0,True
20,B,clean,T013-S0,6,0,,False
21,B,clean,T013-S0,4,15/746,0.6,True
22,B,clean,T013-S0,1,0,,False
22,B,clean,T013-S0,2,0,,False
23,B,clean,T013-S0,0,0,0.0,True
23,B,clean,T013-S0,2,0,0.0,True
23,B,clean,T013-S0,5,12645/381274,1.0065091099806058,True
23,B,clean,T013-S0,8,12645/381274,1.0065091099806058,True
23,B,clean,T013-S0,9,0,0.0,True
24,B,clean,T013-S0,3,0,0.0,True
24,B,clean,T013-S0,7,0,0.0,True
24,B,clean,T013-S0,9,3626204/273447525,0.24979719757915633,True
25,B,clean,T013-S0,0,-4/299,,False
25,B,clean,T013-S0,1,-4/299,,False
25,B,clean,T013-S0,4,0,,False
26,B,clean,T013-S0,5,0,,False
26,B,clean,T013-S0,6,0,,False
27,B,clean,T013-S0,1,18/299,0.3,True
28,B,clean,T013-S0,0,0,,False
28,B,clean,T013-S0,2,0,,False
28,B,clean,T013-S0,3,0,,False
28,B,clean,T013-S0,4,0,,False
28,B,clean,T013-S0,5,0,,False
28,B,clean,T013-S0,8,0,,False
29,B,clean,T013-S0,1,0,0.0,True
30,B,clean,T013-S0,2,2939/15090,0.6328868598992204,True
30,B,clean,T013-S0,4,0,0.0,True
30,B,clean,T013-S0,5,0,0.0,True
31,B,clean,T013-S0,8,0,0.0,True
32,B,clean,T013-S0,0,0,0.0,True
32,B,clean,T013-S0,2,0,0.0,True
32,B,clean,T013-S0,4,0,0.0,True
32,B,clean,T013-S0,5,0,0.0,True
32,B,clean,T013-S0,8,0,0.0,True
33,B,clean,T013-S0,0,0,0.0,True
33,B,clean,T013-S0,3,3365/280839,0.8589661774090619,True
34,B,clean,T013-S0,2,-20/503,-3.0,True
34,B,clean,T013-S0,3,0,0.0,True
34,B,clean,T013-S0,8,0,0.0,True
35,B,clean,T013-S0,1,13413/224549,,False
35,B,clean,T013-S0,8,0,,False
36,B,clean,T013-S0,0,0,0.0,True
36,B,clean,T013-S0,1,0,0.0,True
36,B,clean,T013-S0,6,0,0.0,True
36,B,clean,T013-S0,7,15175/1151358,1.9875573018991486,True
36,B,clean,T013-S0,9,10/1527,0.9875573018991487,True
37,B,clean,T013-S0,2,0,0.0,True
37,B,clean,T013-S0,6,0,0.0,True
37,B,clean,T013-S0,9,0,0.0,True
38,B,clean,T013-S0,8,0,,False
39,B,clean,T013-S0,2,0,0.0,True
40,B,clean,T013-S0,9,-5/741,,False
41,B,clean,T013-S0,0,0,,False
41,B,clean,T013-S0,1,0,,False
41,B,clean,T013-S0,3,-1285/185497,,False
41,B,clean,T013-S0,9,0,,False
42,B,clean,T013-S0,0,0,0.0,True
42,B,clean,T013-S0,1,0,0.0,True
42,B,clean,T013-S0,2,0,0.0,True
43,B,clean,T013-S0,0,0,0.0,True
43,B,clean,T013-S0,4,0,0.0,True
44,B,clean,T013-S0,0,0,0.0,True
44,B,clean,T013-S0,8,10/751,1.0046388336646785,True
44,B,clean,T013-S0,9,10/751,1.0046388336646785,True
45,B,clean,T013-S0,2,0,0.0,True
45,B,clean,T013-S0,4,0,0.0,True
45,B,clean,T013-S0,5,0,0.0,True
45,B,clean,T013-S0,8,0,0.0,True
46,B,clean,T013-S0,2,0,0.0,True
46,B,clean,T013-S0,4,0,0.0,True
46,B,clean,T013-S0,5,0,0.0,True
47,B,clean,T013-S0,0,0,,False
47,B,clean,T013-S0,1,0,,False
47,B,clean,T013-S0,2,0,,False
47,B,clean,T013-S0,4,0,,False
47,B,clean,T013-S0,8,0,,False
48,B,clean,T013-S0,4,-5/377,-0.39914392723381487,True
48,B,clean,T013-S0,7,1925/53295359,0.0010870317116796616,True
48,B,clean,T013-S0,9,0,0.0,True
49,B,clean,T013-S0,1,-1/17043,-0.00909090909090909,True
49,B,clean,T013-S0,3,-226/17043,-2.0545454545454547,True
50,B,clean,T013-S0,2,883151/22559550,0.9835771809015956,True
50,B,clean,T013-S0,5,0,0.0,True
51,B,clean,T013-S0,3,0,,False
51,B,clean,T013-S0,4,0,,False
51,B,clean,T013-S0,9,0,,False
52,B,clean,T013-S0,0,0,,False
52,B,clean,T013-S0,2,0,,False
53,B,clean,T013-S0,1,573/8671,1.238918918918919,True
53,B,clean,T013-S0,7,229/8671,0.49513513513513513,True
54,B,clean,T013-S0,2,6647579650/109745717523,0.7519967168426009,True
54,B,clean,T013-S0,6,0,0.0,True
54,B,clean,T013-S0,7,6647579650/109745717523,0.7519967168426009,True
55,B,clean,T013-S0,0,0,0.0,True
55,B,clean,T013-S0,8,0,0.0,True
56,B,clean,T013-S0,3,-5037005/189716007,,False
56,B,clean,T013-S0,4,0,,False
56,B,clean,T013-S0,6,0,,False
56,B,clean,T013-S0,9,-5037005/189716007,,False
57,B,clean,T013-S0,0,0,,False
57,B,clean,T013-S0,1,0,,False
57,B,clean,T013-S0,3,73786/2891629,,False
57,B,clean,T013-S0,4,-20308871/433744350,,False
57,B,clean,T013-S0,6,-20308871/433744350,,False
58,B,clean,T013-S0,0,0,,False
58,B,clean,T013-S0,9,0,,False
59,B,clean,T013-S0,0,0,0.0,True
59,B,clean,T013-S0,1,0,0.0,True
59,B,clean,T013-S0,3,0,0.0,True
59,B,clean,T013-S0,5,0,0.0,True
59,B,clean,T013-S0,6,0,0.0,True
60,B,clean,T013-S0,0,0,0.0,True
61,B,clean,T013-S0,0,-1/75,-0.6690203000882613,True
61,B,clean,T013-S0,4,-1/75,-0.6690203000882613,True
61,B,clean,T013-S0,5,0,0.0,True
61,B,clean,T013-S0,7,0,0.0,True
62,B,clean,T013-S0,0,0,0.0,True
62,B,clean,T013-S0,5,3/25450,0.017077798861480076,True
62,B,clean,T013-S0,6,0,0.0,True
62,B,clean,T013-S0,9,0,0.0,True
63,B,clean,T013-S0,3,0,,False
63,B,clean,T013-S0,4,0,,False
63,B,clean,T013-S0,6,0,,False
64,B,clean,T013-S0,1,0,0.0,True
64,B,clean,T013-S0,3,0,0.0,True
64,B,clean,T013-S0,5,0,0.0,True
64,B,clean,T013-S0,8,0,0.0,True
64,B,clean,T013-S0,9,0,0.0,True
65,B,clean,T013-S0,5,0,0.0,True
66,B,clean,T013-S0,7,0,0.0,True
66,B,clean,T013-S0,8,0,0.0,True
66,B,clean,T013-S0,9,0,0.0,True
67,B,clean,T013-S0,1,0,0.0,True
67,B,clean,T013-S0,2,0,0.0,True
67,B,clean,T013-S0,5,0,0.0,True
67,B,clean,T013-S0,7,0,0.0,True
67,B,clean,T013-S0,8,0,0.0,True
68,B,clean,T013-S0,1,0,0.0,True
68,B,clean,T013-S0,7,0,0.0,True
68,B,clean,T013-S0,9,0,0.0,True
69,B,clean,T013-S0,2,0,0.0,True
69,B,clean,T013-S0,5,0,0.0,True
69,B,clean,T013-S0,7,0,0.0,True
70,B,clean,T013-S0,0,0,0.0,True
70,B,clean,T013-S0,8,0,0.0,True
71,B,clean,T013-S0,4,0,0.0,True
71,B,clean,T013-S0,5,280879/42018450,376.51340482573727,True
71,B,clean,T013-S0,8,0,0.0,True
72,B,clean,T013-S0,0,0,0.0,True
72,B,clean,T013-S0,5,1440439/42694350,0.5030862267982907,True
72,B,clean,T013-S0,8,0,0.0,True
73,B,clean,T013-S0,5,0,0.0,True
73,B,clean,T013-S0,6,0,0.0,True
73,B,clean,T013-S0,7,0,0.0,True
74,B,clean,T013-S0,6,0,,False
75,B,clean,T013-S0,0,2419975/12918594,5.656380673677223,True
75,B,clean,T013-S0,1,0,0.0,True
75,B,clean,T013-S0,3,2419975/12918594,5.656380673677223,True
76,B,clean,T013-S0,1,0,,False
76,B,clean,T013-S0,6,706343/26481234,,False
76,B,clean,T013-S0,7,0,,False
77,B,clean,T013-S0,0,0,0.0,True
77,B,clean,T013-S0,2,0,0.0,True
78,B,clean,T013-S0,4,0,0.0,True
78,B,clean,T013-S0,5,0,0.0,True
78,B,clean,T013-S0,8,0,0.0,True
79,B,clean,T013-S0,1,0,0.0,True
79,B,clean,T013-S0,2,0,0.0,True
79,B,clean,T013-S0,5,0,0.0,True
80,B,clean,T013-S0,6,0,,False
80,B,clean,T013-S0,7,0,,False
81,B,clean,T013-S0,7,0,0.0,True
81,B,clean,T013-S0,9,0,0.0,True
82,B,clean,T013-S0,3,0,0.0,True
82,B,clean,T013-S0,7,0,0.0,True
83,B,clean,T013-S0,4,0,0.0,True
83,B,clean,T013-S0,7,0,0.0,True
83,B,clean,T013-S0,8,0,0.0,True
84,B,clean,T013-S0,2,4850/768081,,False
84,B,clean,T013-S0,3,0,,False
84,B,clean,T013-S0,6,0,,False
85,B,clean,T013-S0,5,0,0.0,True
85,B,clean,T013-S0,6,0,0.0,True
86,B,clean,T013-S0,2,0,0.0,True
86,B,clean,T013-S0,4,1511/25150,0.9001191421763304,True
86,B,clean,T013-S0,5,1511/25150,0.9001191421763304,True
86,B,clean,T013-S0,6,0,0.0,True
87,B,clean,T013-S0,3,0,,False
87,B,clean,T013-S0,5,-558991/27824550,,False
88,B,clean,T013-S0,3,0,,False
88,B,clean,T013-S0,4,0,,False
88,B,clean,T013-S0,6,0,,False
88,B,clean,T013-S0,9,0,,False
89,B,clean,T013-S0,4,593625419443/8063046425850,0.9170686761778092,True
89,B,clean,T013-S0,5,0,0.0,True
90,B,clean,T013-S0,2,0,0.0,True
90,B,clean,T013-S0,3,0,0.0,True
90,B,clean,T013-S0,5,0,0.0,True
90,B,clean,T013-S0,9,0,0.0,True
91,B,clean,T013-S0,3,0,0.0,True
91,B,clean,T013-S0,7,0,0.0,True
91,B,clean,T013-S0,9,-5/21489,-0.03636363636363636,True
92,B,clean,T013-S0,1,-3011/224549,-0.4001860712387028,True
92,B,clean,T013-S0,3,0,0.0,True
92,B,clean,T013-S0,8,-11165/556491,-0.5987739817379707,True
93,B,clean,T013-S0,4,5/746,0.5029720003479762,True
94,B,clean,T013-S0,1,0,0.0,True
94,B,clean,T013-S0,5,0,0.0,True
95,B,clean,T013-S0,1,0,0.0,True
95,B,clean,T013-S0,5,0,0.0,True
95,B,clean,T013-S0,6,0,0.0,True
96,B,clean,T013-S0,7,0,0.0,True
96,B,clean,T013-S0,9,20210/377169,7.649130313153088,True
97,B,clean,T013-S0,2,0,0.0,True
97,B,clean,T013-S0,3,0,0.0,True
97,B,clean,T013-S0,9,0,0.0,True
98,B,clean,T013-S0,5,0,0.0,True
98,B,clean,T013-S0,6,0,0.0,True
98,B,clean,T013-S0,9,0,0.0,True
99,B,clean,T013-S0,0,0,0.0,True
99,B,clean,T013-S0,3,0,0.0,True
99,B,clean,T013-S0,4,0,0.0,True
99,B,clean,T013-S0,5,0,0.0,True
99,B,clean,T013-S0,7,0,0.0,True
99,B,clean,T013-S0,9,0,0.0,True
0,B,clean,T013-S1,1,1573679/26481234,0.5611804309917517,True
0,B,clean,T013-S1,6,-1230551/26481234,-0.43881956900824826,True
0,B,clean,T013-S1,7,1573679/26481234,0.5611804309917517,True
1,B,clean,T013-S1,1,0,0.0,True
1,B,clean,T013-S1,7,0,0.0,True
2,B,clean,T013-S1,3,0,0.0,True
2,B,clean,T013-S1,4,-5/754,-0.5,True
2,B,clean,T013-S1,9,-865/42978,-1.5175438596491229,True
3,B,clean,T013-S1,0,0,0.0,True
4,B,clean,T013-S1,4,0,0.0,True
4,B,clean,T013-S1,5,0,0.0,True
4,B,clean,T013-S1,9,0,0.0,True
5,B,clean,T013-S1,0,0,0.0,True
5,B,clean,T013-S1,2,280474/4765925,0.8895643320882859,True
5,B,clean,T013-S1,5,0,0.0,True
6,B,clean,T013-S1,0,0,,False
6,B,clean,T013-S1,3,0,,False
6,B,clean,T013-S1,6,-12125/377169,,False
7,B,clean,T013-S1,1,0,0.0,True
7,B,clean,T013-S1,3,0,0.0,True
8,B,clean,T013-S1,0,0,0.0,True
8,B,clean,T013-S1,5,0,0.0,True
9,B,clean,T013-S1,7,0,0.0,True
9,B,clean,T013-S1,8,0,0.0,True
10,B,clean,T013-S1,2,805332587/6395181234,6.311283454414609,True
10,B,clean,T013-S1,3,0,0.0,True
10,B,clean,T013-S1,4,805332587/6395181234,6.311283454414609,True
11,B,clean,T013-S1,2,0,0.0,True
11,B,clean,T013-S1,8,0,0.0,True
12,B,clean,T013-S1,2,0,0.0,True
12,B,clean,T013-S1,7,0,0.0,True
13,B,clean,T013-S1,1,0,0.0,True
13,B,clean,T013-S1,3,0,0.0,True
13,B,clean,T013-S1,5,0,0.0,True
14,B,clean,T013-S1,1,0,0.0,True
14,B,clean,T013-S1,2,0,0.0,True
15,B,clean,T013-S1,4,0,0.0,True
16,B,clean,T013-S1,1,0,,False
16,B,clean,T013-S1,4,0,,False
16,B,clean,T013-S1,6,0,,False
16,B,clean,T013-S1,8,0,,False
16,B,clean,T013-S1,9,0,,False
17,B,clean,T013-S1,1,-2969/224549,,False
17,B,clean,T013-S1,4,0,,False
17,B,clean,T013-S1,8,8963/224549,,False
18,B,clean,T013-S1,0,0,,False
18,B,clean,T013-S1,3,0,,False
18,B,clean,T013-S1,6,0,,False
19,B,clean,T013-S1,0,0,0.0,True
19,B,clean,T013-S1,2,0,0.0,True
19,B,clean,T013-S1,7,0,0.0,True
20,B,clean,T013-S1,6,0,,False
21,B,clean,T013-S1,4,0,0.0,True
22,B,clean,T013-S1,1,0,,False
22,B,clean,T013-S1,2,0,,False
23,B,clean,T013-S1,0,0,0.0,True
23,B,clean,T013-S1,2,0,0.0,True
23,B,clean,T013-S1,5,12645/381274,1.0065091099806058,True
23,B,clean,T013-S1,8,12645/381274,1.0065091099806058,True
23,B,clean,T013-S1,9,0,0.0,True
24,B,clean,T013-S1,3,0,0.0,True
24,B,clean,T013-S1,7,0,0.0,True
24,B,clean,T013-S1,9,11671736/251571723,0.8739426971025562,True
25,B,clean,T013-S1,0,-4/299,,False
25,B,clean,T013-S1,1,-4/299,,False
25,B,clean,T013-S1,4,0,,False
26,B,clean,T013-S1,5,0,,False
26,B,clean,T013-S1,6,0,,False
27,B,clean,T013-S1,1,18/299,0.3,True
28,B,clean,T013-S1,0,-5/741,,False
28,B,clean,T013-S1,2,0,,False
28,B,clean,T013-S1,3,-10/741,,False
28,B,clean,T013-S1,4,0,,False
28,B,clean,T013-S1,5,0,,False
28,B,clean,T013-S1,8,0,,False
29,B,clean,T013-S1,1,0,0.0,True
30,B,clean,T013-S1,2,2939/15090,0.6328868598992204,True
30,B,clean,T013-S1,4,0,0.0,True
30,B,clean,T013-S1,5,0,0.0,True
31,B,clean,T013-S1,8,0,0.0,True
32,B,clean,T013-S1,0,0,0.0,True
32,B,clean,T013-S1,2,0,0.0,True
32,B,clean,T013-S1,4,0,0.0,True
32,B,clean,T013-S1,5,0,0.0,True
32,B,clean,T013-S1,8,0,0.0,True
33,B,clean,T013-S1,0,0,,False
33,B,clean,T013-S1,3,3365/280839,,False
34,B,clean,T013-S1,2,2650/372723,0.5364372469635628,True
34,B,clean,T013-S1,3,0,0.0,True
34,B,clean,T013-S1,8,0,0.0,True
35,B,clean,T013-S1,1,13413/224549,,False
35,B,clean,T013-S1,8,0,,False
36,B,clean,T013-S1,0,0,0.0,True
36,B,clean,T013-S1,1,-10/1527,-0.9875573018991487,True
36,B,clean,T013-S1,6,0,0.0,True
36,B,clean,T013-S1,7,5/754,1.0,True
36,B,clean,T013-S1,9,0,0.0,True
37,B,clean,T013-S1,2,0,0.0,True
37,B,clean,T013-S1,6,0,0.0,True
37,B,clean,T013-S1,9,-20/256027,-0.003913894324853229,True
38,B,clean,T013-S1,8,0,,False
39,B,clean,T013-S1,2,0,0.0,True
40,B,clean,T013-S1,9,-5/741,,False
41,B,clean,T013-S1,0,0,,False
41,B,clean,T013-S1,1,0,,False
41,B,clean,T013-S1,3,-1285/185497,,False
41,B,clean,T013-S1,9,0,,False
42,B,clean,T013-S1,0,0,,False
42,B,clean,T013-S1,1,0,,False
42,B,clean,T013-S1,2,0,,False
43,B,clean,T013-S1,0,0,0.0,True
43,B,clean,T013-S1,4,0,0.0,True
44,B,clean,T013-S1,0,0,0.0,True
44,B,clean,T013-S1,8,5/758,0.49768058316766073,True
44,B,clean,T013-S1,9,5/758,0.49768058316766073,True
45,B,clean,T013-S1,2,0,0.0,True
45,B,clean,T013-S1,4,0,0.0,True
45,B,clean,T013-S1,5,0,0.0,True
45,B,clean,T013-S1,8,0,0.0,True
46,B,clean,T013-S1,2,0,0.0,True
46,B,clean,T013-S1,4,0,0.0,True
46,B,clean,T013-S1,5,0,0.0,True
47,B,clean,T013-S1,0,0,,False
47,B,clean,T013-S1,1,0,,False
47,B,clean,T013-S1,2,0,,False
47,B,clean,T013-S1,4,0,,False
47,B,clean,T013-S1,8,0,,False
48,B,clean,T013-S1,4,-3785/142883,-0.7972347042638466,True
48,B,clean,T013-S1,7,-1855/140621,-0.3970037453183521,True
48,B,clean,T013-S1,9,-1890/142883,-0.3980907770300317,True
49,B,clean,T013-S1,1,229/5681,6.245454545454545,True
49,B,clean,T013-S1,3,8/17043,0.07272727272727272,True
50,B,clean,T013-S1,2,883151/22559550,0.9835771809015956,True
50,B,clean,T013-S1,5,0,0.0,True
51,B,clean,T013-S1,3,0,,False
51,B,clean,T013-S1,4,0,,False
51,B,clean,T013-S1,9,0,,False
52,B,clean,T013-S1,0,0,,False
52,B,clean,T013-S1,2,0,,False
53,B,clean,T013-S1,1,459/17342,0.9849785407725322,True
53,B,clean,T013-S1,7,0,0.0,True
54,B,clean,T013-S1,2,6647579650/109745717523,0.7519967168426009,True
54,B,clean,T013-S1,6,0,0.0,True
54,B,clean,T013-S1,7,6647579650/109745717523,0.7519967168426009,True
55,B,clean,T013-S1,0,0,0.0,True
55,B,clean,T013-S1,8,0,0.0,True
56,B,clean,T013-S1,3,-5037005/189716007,,False
56,B,clean,T013-S1,4,0,,False
56,B,clean,T013-S1,6,0,,False
56,B,clean,T013-S1,9,-5037005/189716007,,False
57,B,clean,T013-S1,0,0,,False
57,B,clean,T013-S1,1,0,,False
57,B,clean,T013-S1,3,73786/2891629,,False
57,B,clean,T013-S1,4,-20308871/433744350,,False
57,B,clean,T013-S1,6,-20308871/433744350,,False
58,B,clean,T013-S1,0,0,,False
58,B,clean,T013-S1,9,0,,False
59,B,clean,T013-S1,0,0,0.0,True
59,B,clean,T013-S1,1,0,0.0,True
59,B,clean,T013-S1,3,0,0.0,True
59,B,clean,T013-S1,5,0,0.0,True
59,B,clean,T013-S1,6,0,0.0,True
60,B,clean,T013-S1,0,0,0.0,True
61,B,clean,T013-S1,0,-1/75,-0.6690203000882613,True
61,B,clean,T013-S1,4,-1/75,-0.6690203000882613,True
61,B,clean,T013-S1,5,0,0.0,True
61,B,clean,T013-S1,7,0,0.0,True
62,B,clean,T013-S1,0,0,0.0,True
62,B,clean,T013-S1,5,-5/758,-0.9556507938097359,True
62,B,clean,T013-S1,6,0,0.0,True
62,B,clean,T013-S1,9,0,0.0,True
63,B,clean,T013-S1,3,0,,False
63,B,clean,T013-S1,4,0,,False
63,B,clean,T013-S1,6,0,,False
64,B,clean,T013-S1,1,0,0.0,True
64,B,clean,T013-S1,3,0,0.0,True
64,B,clean,T013-S1,5,0,0.0,True
64,B,clean,T013-S1,8,0,0.0,True
64,B,clean,T013-S1,9,0,0.0,True
65,B,clean,T013-S1,5,0,0.0,True
66,B,clean,T013-S1,7,0,0.0,True
66,B,clean,T013-S1,8,0,0.0,True
66,B,clean,T013-S1,9,0,0.0,True
67,B,clean,T013-S1,1,0,0.0,True
67,B,clean,T013-S1,2,0,0.0,True
67,B,clean,T013-S1,5,0,0.0,True
67,B,clean,T013-S1,7,0,0.0,True
67,B,clean,T013-S1,8,0,0.0,True
68,B,clean,T013-S1,1,0,0.0,True
68,B,clean,T013-S1,7,0,0.0,True
68,B,clean,T013-S1,9,0,0.0,True
69,B,clean,T013-S1,2,0,0.0,True
69,B,clean,T013-S1,5,0,0.0,True
69,B,clean,T013-S1,7,0,0.0,True
70,B,clean,T013-S1,0,0,0.0,True
70,B,clean,T013-S1,8,0,0.0,True
71,B,clean,T013-S1,4,0,0.0,True
71,B,clean,T013-S1,5,280879/42018450,376.51340482573727,True
71,B,clean,T013-S1,8,0,0.0,True
72,B,clean,T013-S1,0,0,0.0,True
72,B,clean,T013-S1,5,1440439/42694350,0.5030862267982907,True
72,B,clean,T013-S1,8,0,0.0,True
73,B,clean,T013-S1,5,0,0.0,True
73,B,clean,T013-S1,6,0,0.0,True
73,B,clean,T013-S1,7,0,0.0,True
74,B,clean,T013-S1,6,0,,False
75,B,clean,T013-S1,0,2419975/12918594,5.656380673677223,True
75,B,clean,T013-S1,1,0,0.0,True
75,B,clean,T013-S1,3,2419975/12918594,5.656380673677223,True
76,B,clean,T013-S1,1,0,,False
76,B,clean,T013-S1,6,706343/26481234,,False
76,B,clean,T013-S1,7,0,,False
77,B,clean,T013-S1,0,0,0.0,True
77,B,clean,T013-S1,2,0,0.0,True
78,B,clean,T013-S1,4,0,0.0,True
78,B,clean,T013-S1,5,0,0.0,True
78,B,clean,T013-S1,8,0,0.0,True
79,B,clean,T013-S1,1,0,0.0,True
79,B,clean,T013-S1,2,0,0.0,True
79,B,clean,T013-S1,5,0,0.0,True
80,B,clean,T013-S1,6,0,,False
80,B,clean,T013-S1,7,0,,False
81,B,clean,T013-S1,7,0,0.0,True
81,B,clean,T013-S1,9,0,0.0,True
82,B,clean,T013-S1,3,0,0.0,True
82,B,clean,T013-S1,7,0,0.0,True
83,B,clean,T013-S1,4,0,0.0,True
83,B,clean,T013-S1,7,0,0.0,True
83,B,clean,T013-S1,8,0,0.0,True
84,B,clean,T013-S1,2,4850/768081,,False
84,B,clean,T013-S1,3,0,,False
84,B,clean,T013-S1,6,0,,False
85,B,clean,T013-S1,5,0,0.0,True
85,B,clean,T013-S1,6,0,0.0,True
86,B,clean,T013-S1,2,0,0.0,True
86,B,clean,T013-S1,4,1511/25150,0.9001191421763304,True
86,B,clean,T013-S1,5,1511/25150,0.9001191421763304,True
86,B,clean,T013-S1,6,0,0.0,True
87,B,clean,T013-S1,3,0,,False
87,B,clean,T013-S1,5,0,,False
88,B,clean,T013-S1,3,0,,False
88,B,clean,T013-S1,4,0,,False
88,B,clean,T013-S1,6,0,,False
88,B,clean,T013-S1,9,0,,False
89,B,clean,T013-S1,4,593625419443/8063046425850,0.9170686761778092,True
89,B,clean,T013-S1,5,0,0.0,True
90,B,clean,T013-S1,2,0,0.0,True
90,B,clean,T013-S1,3,0,0.0,True
90,B,clean,T013-S1,5,0,0.0,True
90,B,clean,T013-S1,9,0,0.0,True
91,B,clean,T013-S1,3,0,0.0,True
91,B,clean,T013-S1,7,0,0.0,True
91,B,clean,T013-S1,9,-5/21489,-0.03636363636363636,True
92,B,clean,T013-S1,1,85168/12799293,0.19858791049926783,True
92,B,clean,T013-S1,3,255997/12799293,0.5969132693509425,True
92,B,clean,T013-S1,8,0,0.0,True
93,B,clean,T013-S1,4,-5/373,,False
94,B,clean,T013-S1,1,0,0.0,True
94,B,clean,T013-S1,5,0,0.0,True
95,B,clean,T013-S1,1,0,0.0,True
95,B,clean,T013-S1,5,0,0.0,True
95,B,clean,T013-S1,6,0,0.0,True
96,B,clean,T013-S1,7,0,0.0,True
96,B,clean,T013-S1,9,20210/377169,7.649130313153088,True
97,B,clean,T013-S1,2,0,0.0,True
97,B,clean,T013-S1,3,0,0.0,True
97,B,clean,T013-S1,9,0,0.0,True
98,B,clean,T013-S1,5,0,0.0,True
98,B,clean,T013-S1,6,0,0.0,True
98,B,clean,T013-S1,9,0,0.0,True
99,B,clean,T013-S1,0,0,0.0,True
99,B,clean,T013-S1,3,0,0.0,True
99,B,clean,T013-S1,4,0,0.0,True
99,B,clean,T013-S1,5,0,0.0,True
99,B,clean,T013-S1,7,0,0.0,True
99,B,clean,T013-S1,9,0,0.0,True
0,B,clean,T013-S2,1,1222469/26481234,0.43593749442806046,True
0,B,clean,T013-S2,6,-1581761/26481234,-0.5640625055719395,True
0,B,clean,T013-S2,7,1222469/26481234,0.43593749442806046,True
1,B,clean,T013-S2,1,0,0.0,True
1,B,clean,T013-S2,7,0,0.0,True
2,B,clean,T013-S2,3,0,0.0,True
2,B,clean,T013-S2,4,-5/754,-0.5,True
2,B,clean,T013-S2,9,-865/42978,-1.5175438596491229,True
3,B,clean,T013-S2,0,0,0.0,True
4,B,clean,T013-S2,4,0,0.0,True
4,B,clean,T013-S2,5,0,0.0,True
4,B,clean,T013-S2,9,0,0.0,True
5,B,clean,T013-S2,0,0,0.0,True
5,B,clean,T013-S2,2,280474/4765925,0.982634428442634,True
5,B,clean,T013-S2,5,0,0.0,True
6,B,clean,T013-S2,0,0,,False
6,B,clean,T013-S2,3,0,,False
6,B,clean,T013-S2,6,-12125/377169,,False
7,B,clean,T013-S2,1,0,0.0,True
7,B,clean,T013-S2,3,0,0.0,True
8,B,clean,T013-S2,0,0,0.0,True
8,B,clean,T013-S2,5,0,0.0,True
9,B,clean,T013-S2,7,0,0.0,True
9,B,clean,T013-S2,8,0,0.0,True
10,B,clean,T013-S2,2,805332587/6395181234,6.311283454414609,True
10,B,clean,T013-S2,3,0,0.0,True
10,B,clean,T013-S2,4,805332587/6395181234,6.311283454414609,True
11,B,clean,T013-S2,2,0,0.0,True
11,B,clean,T013-S2,8,0,0.0,True
12,B,clean,T013-S2,2,0,0.0,True
12,B,clean,T013-S2,7,0,0.0,True
13,B,clean,T013-S2,1,0,0.0,True
13,B,clean,T013-S2,3,0,0.0,True
13,B,clean,T013-S2,5,0,0.0,True
14,B,clean,T013-S2,1,0,0.0,True
14,B,clean,T013-S2,2,0,0.0,True
15,B,clean,T013-S2,4,0,0.0,True
16,B,clean,T013-S2,1,0,,False
16,B,clean,T013-S2,4,0,,False
16,B,clean,T013-S2,6,0,,False
16,B,clean,T013-S2,8,0,,False
16,B,clean,T013-S2,9,0,,False
17,B,clean,T013-S2,1,14/224549,,False
17,B,clean,T013-S2,4,0,,False
17,B,clean,T013-S2,8,11946/224549,,False
18,B,clean,T013-S2,0,0,,False
18,B,clean,T013-S2,3,0,,False
18,B,clean,T013-S2,6,0,,False
19,B,clean,T013-S2,0,0,0.0,True
19,B,clean,T013-S2,2,0,0.0,True
19,B,clean,T013-S2,7,0,0.0,True
20,B,clean,T013-S2,6,0,,False
21,B,clean,T013-S2,4,0,0.0,True
22,B,clean,T013-S2,1,0,,False
22,B,clean,T013-S2,2,0,,False
23,B,clean,T013-S2,0,0,0.0,True
23,B,clean,T013-S2,2,0,0.0,True
23,B,clean,T013-S2,5,12645/381274,1.0065091099806058,True
23,B,clean,T013-S2,8,12645/381274,1.0065091099806058,True
23,B,clean,T013-S2,9,0,0.0,True
24,B,clean,T013-S2,3,0,0.0,True
24,B,clean,T013-S2,7,0,0.0,True
24,B,clean,T013-S2,9,3626204/273447525,0.24979719757915633,True
25,B,clean,T013-S2,0,-4/299,,False
25,B,clean,T013-S2,1,-4/299,,False
25,B,clean,T013-S2,4,0,,False
26,B,clean,T013-S2,5,0,,False
26,B,clean,T013-S2,6,0,,False
27,B,clean,T013-S2,1,18/299,0.3,True
28,B,clean,T013-S2,0,-5/741,,False
28,B,clean,T013-S2,2,-5/741,,False
28,B,clean,T013-S2,3,-7495/561678,,False
28,B,clean,T013-S2,4,0,,False
28,B,clean,T013-S2,5,-5/741,,False
28,B,clean,T013-S2,8,0,,False
29,B,clean,T013-S2,1,0,0.0,True
30,B,clean,T013-S2,2,2939/15090,0.6328868598992204,True
30,B,clean,T013-S2,4,0,0.0,True
30,B,clean,T013-S2,5,0,0.0,True
31,B,clean,T013-S2,8,0,0.0,True
32,B,clean,T013-S2,0,0,0.0,True
32,B,clean,T013-S2,2,0,0.0,True
32,B,clean,T013-S2,4,0,0.0,True
32,B,clean,T013-S2,5,0,0.0,True
32,B,clean,T013-S2,8,0,0.0,True
33,B,clean,T013-S2,0,0,,False
33,B,clean,T013-S2,3,3365/280839,,False
34,B,clean,T013-S2,2,-20/1509,-1.0,True
34,B,clean,T013-S2,3,0,0.0,True
34,B,clean,T013-S2,8,0,0.0,True
35,B,clean,T013-S2,1,13413/224549,,False
35,B,clean,T013-S2,8,0,,False
36,B,clean,T013-S2,0,0,0.0,True
36,B,clean,T013-S2,1,0,0.0,True
36,B,clean,T013-S2,6,0,0.0,True
36,B,clean,T013-S2,7,15175/1151358,1.9875573018991486,True
36,B,clean,T013-S2,9,10/1527,0.9875573018991487,True
37,B,clean,T013-S2,2,0,0.0,True
37,B,clean,T013-S2,6,0,0.0,True
37,B,clean,T013-S2,9,0,0.0,True
38,B,clean,T013-S2,8,0,,False
39,B,clean,T013-S2,2,0,0.0,True
40,B,clean,T013-S2,9,-5/741,,False
41,B,clean,T013-S2,0,0,0.0,True
41,B,clean,T013-S2,1,0,0.0,True
41,B,clean,T013-S2,3,-1285/185497,-0.5109550043796967,True
41,B,clean,T013-S2,9,0,0.0,True
42,B,clean,T013-S2,0,0,,False
42,B,clean,T013-S2,1,0,,False
42,B,clean,T013-S2,2,0,,False
43,B,clean,T013-S2,0,0,0.0,True
43,B,clean,T013-S2,4,0,0.0,True
44,B,clean,T013-S2,0,0,0.0,True
44,B,clean,T013-S2,8,-35/569258,-0.004638833664678595,True
44,B,clean,T013-S2,9,-35/569258,-0.004638833664678595,True
45,B,clean,T013-S2,2,0,0.0,True
45,B,clean,T013-S2,4,0,0.0,True
45,B,clean,T013-S2,5,0,0.0,True
45,B,clean,T013-S2,8,0,0.0,True
46,B,clean,T013-S2,2,0,0.0,True
46,B,clean,T013-S2,4,0,0.0,True
46,B,clean,T013-S2,5,0,0.0,True
47,B,clean,T013-S2,0,0,,False
47,B,clean,T013-S2,1,0,,False
47,B,clean,T013-S2,2,0,,False
47,B,clean,T013-S2,4,0,,False
47,B,clean,T013-S2,8,0,,False
48,B,clean,T013-S2,4,-25/754,-0.9978598180845372,True
48,B,clean,T013-S2,7,-3720/140621,-0.7961476725521669,True
48,B,clean,T013-S2,9,-3785/142883,-0.7972347042638466,True
49,B,clean,T013-S2,1,-2/17043,-0.01818181818181818,True
49,B,clean,T013-S2,3,-227/5681,-6.1909090909090905,True
50,B,clean,T013-S2,2,883151/22559550,0.9835771809015956,True
50,B,clean,T013-S2,5,0,0.0,True
51,B,clean,T013-S2,3,0,,False
51,B,clean,T013-S2,4,0,,False
51,B,clean,T013-S2,9,0,,False
52,B,clean,T013-S2,0,0,,False
52,B,clean,T013-S2,2,0,,False
53,B,clean,T013-S2,1,22/667,1.6203966005665722,True
53,B,clean,T013-S2,7,0,0.0,True
54,B,clean,T013-S2,2,6647579650/109745717523,0.7519967168426009,True
54,B,clean,T013-S2,6,0,0.0,True
54,B,clean,T013-S2,7,6647579650/109745717523,0.7519967168426009,True
55,B,clean,T013-S2,0,0,0.0,True
55,B,clean,T013-S2,8,0,0.0,True
56,B,clean,T013-S2,3,-5037005/189716007,,False
56,B,clean,T013-S2,4,0,,False
56,B,clean,T013-S2,6,0,,False
56,B,clean,T013-S2,9,-5037005/189716007,,False
57,B,clean,T013-S2,0,0,,False
57,B,clean,T013-S2,1,0,,False
57,B,clean,T013-S2,3,73786/2891629,,False
57,B,clean,T013-S2,4,-20308871/433744350,,False
57,B,clean,T013-S2,6,-20308871/433744350,,False
58,B,clean,T013-S2,0,0,,False
58,B,clean,T013-S2,9,0,,False
59,B,clean,T013-S2,0,0,0.0,True
59,B,clean,T013-S2,1,0,0.0,True
59,B,clean,T013-S2,3,0,0.0,True
59,B,clean,T013-S2,5,0,0.0,True
59,B,clean,T013-S2,6,0,0.0,True
60,B,clean,T013-S2,0,0,0.0,True
61,B,clean,T013-S2,0,-1/75,-0.6690203000882613,True
61,B,clean,T013-S2,4,-1/75,-0.6690203000882613,True
61,B,clean,T013-S2,5,0,0.0,True
61,B,clean,T013-S2,7,0,0.0,True
62,B,clean,T013-S2,0,0,0.0,True
62,B,clean,T013-S2,5,15215/1157466,1.9044173972252958,True
62,B,clean,T013-S2,6,0,0.0,True
62,B,clean,T013-S2,9,0,0.0,True
63,B,clean,T013-S2,3,0,,False
63,B,clean,T013-S2,4,0,,False
63,B,clean,T013-S2,6,0,,False
64,B,clean,T013-S2,1,0,0.0,True
64,B,clean,T013-S2,3,0,0.0,True
64,B,clean,T013-S2,5,0,0.0,True
64,B,clean,T013-S2,8,0,0.0,True
64,B,clean,T013-S2,9,0,0.0,True
65,B,clean,T013-S2,5,0,0.0,True
66,B,clean,T013-S2,7,0,0.0,True
66,B,clean,T013-S2,8,0,0.0,True
66,B,clean,T013-S2,9,0,0.0,True
67,B,clean,T013-S2,1,0,0.0,True
67,B,clean,T013-S2,2,0,0.0,True
67,B,clean,T013-S2,5,0,0.0,True
67,B,clean,T013-S2,7,0,0.0,True
67,B,clean,T013-S2,8,0,0.0,True
68,B,clean,T013-S2,1,0,0.0,True
68,B,clean,T013-S2,7,0,0.0,True
68,B,clean,T013-S2,9,0,0.0,True
69,B,clean,T013-S2,2,0,0.0,True
69,B,clean,T013-S2,5,0,0.0,True
69,B,clean,T013-S2,7,0,0.0,True
70,B,clean,T013-S2,0,0,0.0,True
70,B,clean,T013-S2,8,0,0.0,True
71,B,clean,T013-S2,4,0,0.0,True
71,B,clean,T013-S2,5,280879/42018450,376.51340482573727,True
71,B,clean,T013-S2,8,0,0.0,True
72,B,clean,T013-S2,0,0,0.0,True
72,B,clean,T013-S2,5,1440439/42694350,0.5030862267982907,True
72,B,clean,T013-S2,8,0,0.0,True
73,B,clean,T013-S2,5,0,0.0,True
73,B,clean,T013-S2,6,0,0.0,True
73,B,clean,T013-S2,7,0,0.0,True
74,B,clean,T013-S2,6,0,,False
75,B,clean,T013-S2,0,2419975/12918594,5.656380673677223,True
75,B,clean,T013-S2,1,0,0.0,True
75,B,clean,T013-S2,3,2419975/12918594,5.656380673677223,True
76,B,clean,T013-S2,1,0,,False
76,B,clean,T013-S2,6,706343/26481234,,False
76,B,clean,T013-S2,7,0,,False
77,B,clean,T013-S2,0,0,0.0,True
77,B,clean,T013-S2,2,0,0.0,True
78,B,clean,T013-S2,4,0,0.0,True
78,B,clean,T013-S2,5,0,0.0,True
78,B,clean,T013-S2,8,0,0.0,True
79,B,clean,T013-S2,1,0,0.0,True
79,B,clean,T013-S2,2,0,0.0,True
79,B,clean,T013-S2,5,0,0.0,True
80,B,clean,T013-S2,6,0,,False
80,B,clean,T013-S2,7,0,,False
81,B,clean,T013-S2,7,0,0.0,True
81,B,clean,T013-S2,9,0,0.0,True
82,B,clean,T013-S2,3,0,0.0,True
82,B,clean,T013-S2,7,0,0.0,True
83,B,clean,T013-S2,4,0,0.0,True
83,B,clean,T013-S2,7,0,0.0,True
83,B,clean,T013-S2,8,0,0.0,True
84,B,clean,T013-S2,2,4850/768081,,False
84,B,clean,T013-S2,3,0,,False
84,B,clean,T013-S2,6,0,,False
85,B,clean,T013-S2,5,0,0.0,True
85,B,clean,T013-S2,6,0,0.0,True
86,B,clean,T013-S2,2,0,0.0,True
86,B,clean,T013-S2,4,1511/25150,0.9001191421763304,True
86,B,clean,T013-S2,5,1511/25150,0.9001191421763304,True
86,B,clean,T013-S2,6,0,0.0,True
87,B,clean,T013-S2,3,0,,False
87,B,clean,T013-S2,5,467878/13912275,,False
88,B,clean,T013-S2,3,0,,False
88,B,clean,T013-S2,4,0,,False
88,B,clean,T013-S2,6,0,,False
88,B,clean,T013-S2,9,0,,False
89,B,clean,T013-S2,4,593625419443/8063046425850,0.9170686761778092,True
89,B,clean,T013-S2,5,0,0.0,True
90,B,clean,T013-S2,2,0,0.0,True
90,B,clean,T013-S2,3,0,0.0,True
90,B,clean,T013-S2,5,0,0.0,True
90,B,clean,T013-S2,9,0,0.0,True
91,B,clean,T013-S2,3,0,0.0,True
91,B,clean,T013-S2,7,0,0.0,True
91,B,clean,T013-S2,9,-5/21489,-0.03636363636363636,True
92,B,clean,T013-S2,1,85168/12799293,0.19858791049926783,True
92,B,clean,T013-S2,3,0,0.0,True
92,B,clean,T013-S2,8,0,0.0,True
93,B,clean,T013-S2,4,5/746,0.5029720003479762,True
94,B,clean,T013-S2,1,0,0.0,True
94,B,clean,T013-S2,5,0,0.0,True
95,B,clean,T013-S2,1,0,0.0,True
95,B,clean,T013-S2,5,0,0.0,True
95,B,clean,T013-S2,6,0,0.0,True
96,B,clean,T013-S2,7,0,0.0,True
96,B,clean,T013-S2,9,20210/377169,7.649130313153088,True
97,B,clean,T013-S2,2,0,0.0,True
97,B,clean,T013-S2,3,0,0.0,True
97,B,clean,T013-S2,9,0,0.0,True
98,B,clean,T013-S2,5,0,0.0,True
98,B,clean,T013-S2,6,0,0.0,True
98,B,clean,T013-S2,9,0,0.0,True
99,B,clean,T013-S2,0,0,0.0,True
99,B,clean,T013-S2,3,0,0.0,True
99,B,clean,T013-S2,4,0,0.0,True
99,B,clean,T013-S2,5,0,0.0,True
99,B,clean,T013-S2,7,0,0.0,True
99,B,clean,T013-S2,9,0,0.0,True
0,B,clean,T013-S3,1,53/667,0.7503685503685503,True
0,B,clean,T013-S3,6,-524419/26481234,-0.187009981349604,True
0,B,clean,T013-S3,7,53/667,0.7503685503685503,True
1,B,clean,T013-S3,1,0,0.0,True
1,B,clean,T013-S3,7,0,0.0,True
2,B,clean,T013-S3,3,0,0.0,True
2,B,clean,T013-S3,4,-5/754,-0.5,True
2,B,clean,T013-S3,9,-865/42978,-1.5175438596491229,True
3,B,clean,T013-S3,0,0,0.0,True
4,B,clean,T013-S3,4,0,0.0,True
4,B,clean,T013-S3,5,0,0.0,True
4,B,clean,T013-S3,9,0,0.0,True
5,B,clean,T013-S3,0,0,0.0,True
5,B,clean,T013-S3,2,280474/4765925,0.8895643320882859,True
5,B,clean,T013-S3,5,0,0.0,True
6,B,clean,T013-S3,0,0,,False
6,B,clean,T013-S3,3,0,,False
6,B,clean,T013-S3,6,-12125/377169,,False
7,B,clean,T013-S3,1,0,0.0,True
7,B,clean,T013-S3,3,0,0.0,True
8,B,clean,T013-S3,0,0,0.0,True
8,B,clean,T013-S3,5,0,0.0,True
9,B,clean,T013-S3,7,0,0.0,True
9,B,clean,T013-S3,8,0,0.0,True
10,B,clean,T013-S3,2,805332587/6395181234,6.311283454414609,True
10,B,clean,T013-S3,3,0,0.0,True
10,B,clean,T013-S3,4,805332587/6395181234,6.311283454414609,True
11,B,clean,T013-S3,2,0,0.0,True
11,B,clean,T013-S3,8,0,0.0,True
12,B,clean,T013-S3,2,0,0.0,True
12,B,clean,T013-S3,7,0,0.0,True
13,B,clean,T013-S3,1,0,0.0,True
13,B,clean,T013-S3,3,0,0.0,True
13,B,clean,T013-S3,5,0,0.0,True
14,B,clean,T013-S3,1,0,0.0,True
14,B,clean,T013-S3,2,0,0.0,True
15,B,clean,T013-S3,4,5/746,0.3333333333333333,True
16,B,clean,T013-S3,1,0,,False
16,B,clean,T013-S3,4,0,,False
16,B,clean,T013-S3,6,0,,False
16,B,clean,T013-S3,8,0,,False
16,B,clean,T013-S3,9,0,,False
17,B,clean,T013-S3,1,-7461/224549,,False
17,B,clean,T013-S3,4,-7461/224549,,False
17,B,clean,T013-S3,8,4471/224549,,False
18,B,clean,T013-S3,0,0,,False
18,B,clean,T013-S3,3,0,,False
18,B,clean,T013-S3,6,0,,False
19,B,clean,T013-S3,0,0,0.0,True
19,B,clean,T013-S3,2,0,0.0,True
19,B,clean,T013-S3,7,0,0.0,True
20,B,clean,T013-S3,6,0,,False
21,B,clean,T013-S3,4,15/746,0.6,True
22,B,clean,T013-S3,1,0,,False
22,B,clean,T013-S3,2,0,,False
23,B,clean,T013-S3,0,0,0.0,True
23,B,clean,T013-S3,2,0,0.0,True
23,B,clean,T013-S3,5,12645/381274,1.0065091099806058,True
23,B,clean,T013-S3,8,12645/381274,1.0065091099806058,True
23,B,clean,T013-S3,9,0,0.0,True
24,B,clean,T013-S3,3,0,0.0,True
24,B,clean,T013-S3,7,0,0.0,True
24,B,clean,T013-S3,9,332904809/12578586150,0.4985371955909067,True
25,B,clean,T013-S3,0,-4/299,-2.0,True
25,B,clean,T013-S3,1,-4/299,-2.0,True
25,B,clean,T013-S3,4,0,0.0,True
26,B,clean,T013-S3,5,0,,False
26,B,clean,T013-S3,6,0,,False
27,B,clean,T013-S3,1,18/299,0.3,True
28,B,clean,T013-S3,0,0,,False
28,B,clean,T013-S3,2,0,,False
28,B,clean,T013-S3,3,-7495/561678,,False
28,B,clean,T013-S3,4,0,,False
28,B,clean,T013-S3,5,0,,False
28,B,clean,T013-S3,8,0,,False
29,B,clean,T013-S3,1,0,0.0,True
30,B,clean,T013-S3,2,2939/15090,0.6328868598992204,True
30,B,clean,T013-S3,4,0,0.0,True
30,B,clean,T013-S3,5,559/7545,0.2407511090055558,True
31,B,clean,T013-S3,8,0,0.0,True
32,B,clean,T013-S3,0,0,0.0,True
32,B,clean,T013-S3,2,0,0.0,True
32,B,clean,T013-S3,4,0,0.0,True
32,B,clean,T013-S3,5,0,0.0,True
32,B,clean,T013-S3,8,0,0.0,True
33,B,clean,T013-S3,0,0,,False
33,B,clean,T013-S3,3,3365/280839,,False
34,B,clean,T013-S3,2,-12440/372723,-2.5182186234817814,True
34,B,clean,T013-S3,3,0,0.0,True
34,B,clean,T013-S3,8,0,0.0,True
35,B,clean,T013-S3,1,13413/224549,,False
35,B,clean,T013-S3,8,0,,False
36,B,clean,T013-S3,0,10/1527,0.9875573018991487,True
36,B,clean,T013-S3,1,0,0.0,True
36,B,clean,T013-S3,6,0,0.0,True
36,B,clean,T013-S3,7,15175/1151358,1.9875573018991486,True
36,B,clean,T013-S3,9,10/1527,0.9875573018991487,True
37,B,clean,T013-S3,2,0,0.0,True
37,B,clean,T013-S3,6,0,0.0,True
37,B,clean,T013-S3,9,0,0.0,True
38,B,clean,T013-S3,8,0,,False
39,B,clean,T013-S3,2,0,0.0,True
40,B,clean,T013-S3,9,-5/741,,False
41,B,clean,T013-S3,0,0,,False
41,B,clean,T013-S3,1,0,,False
41,B,clean,T013-S3,3,-1285/185497,,False
41,B,clean,T013-S3,9,0,,False
42,B,clean,T013-S3,0,0,0.0,True
42,B,clean,T013-S3,1,0,0.0,True
42,B,clean,T013-S3,2,0,0.0,True
43,B,clean,T013-S3,0,0,0.0,True
43,B,clean,T013-S3,4,0,0.0,True
44,B,clean,T013-S3,0,0,0.0,True
44,B,clean,T013-S3,8,-5/751,-0.5023194168323393,True
44,B,clean,T013-S3,9,-5/751,-0.5023194168323393,True
45,B,clean,T013-S3,2,0,0.0,True
45,B,clean,T013-S3,4,0,0.0,True
45,B,clean,T013-S3,5,0,0.0,True
45,B,clean,T013-S3,8,0,0.0,True
46,B,clean,T013-S3,2,0,0.0,True
46,B,clean,T013-S3,4,0,0.0,True
46,B,clean,T013-S3,5,0,0.0,True
47,B,clean,T013-S3,0,0,,False
47,B,clean,T013-S3,1,0,,False
47,B,clean,T013-S3,2,0,,False
47,B,clean,T013-S3,4,0,,False
47,B,clean,T013-S3,8,0,,False
48,B,clean,T013-S3,4,-1900/142883,-0.400197077437598,True
48,B,clean,T013-S3,7,60/53295359,3.388150789650893e-05,True
48,B,clean,T013-S3,9,-5/142883,-0.0010531502037831528,True
49,B,clean,T013-S3,1,0,0.0,True
49,B,clean,T013-S3,3,-337/17043,-3.0636363636363635,True
50,B,clean,T013-S3,2,883151/22559550,0.9835771809015956,True
50,B,clean,T013-S3,5,0,0.0,True
51,B,clean,T013-S3,3,0,,False
51,B,clean,T013-S3,4,0,,False
51,B,clean,T013-S3,9,0,,False
52,B,clean,T013-S3,0,0,,False
52,B,clean,T013-S3,2,0,,False
53,B,clean,T013-S3,1,573/8671,1.6418338108882522,True
53,B,clean,T013-S3,7,919/17342,1.316618911174785,True
54,B,clean,T013-S3,2,6647579650/109745717523,0.7519967168426009,True
54,B,clean,T013-S3,6,0,0.0,True
54,B,clean,T013-S3,7,6647579650/109745717523,0.7519967168426009,True
55,B,clean,T013-S3,0,0,0.0,True
55,B,clean,T013-S3,8,0,0.0,True
56,B,clean,T013-S3,3,-5037005/189716007,,False
56,B,clean,T013-S3,4,0,,False
56,B,clean,T013-S3,6,0,,False
56,B,clean,T013-S3,9,-5037005/189716007,,False
57,B,clean,T013-S3,0,0,,False
57,B,clean,T013-S3,1,0,,False
57,B,clean,T013-S3,3,73786/2891629,,False
57,B,clean,T013-S3,4,-20308871/433744350,,False
57,B,clean,T013-S3,6,-20308871/433744350,,False
58,B,clean,T013-S3,0,0,,False
58,B,clean,T013-S3,9,0,,False
59,B,clean,T013-S3,0,0,0.0,True
59,B,clean,T013-S3,1,0,0.0,True
59,B,clean,T013-S3,3,0,0.0,True
59,B,clean,T013-S3,5,0,0.0,True
59,B,clean,T013-S3,6,0,0.0,True
60,B,clean,T013-S3,0,0,0.0,True
61,B,clean,T013-S3,0,-1/150,-0.33451015004413065,True
61,B,clean,T013-S3,4,-1/150,-0.33451015004413065,True
61,B,clean,T013-S3,5,1/150,0.33451015004413065,True
61,B,clean,T013-S3,7,1/150,0.33451015004413065,True
62,B,clean,T013-S3,0,0,0.0,True
62,B,clean,T013-S3,5,95768/14468325,0.9589602118828636,True
62,B,clean,T013-S3,6,0,0.0,True
62,B,clean,T013-S3,9,0,0.0,True
63,B,clean,T013-S3,3,0,,False
63,B,clean,T013-S3,4,0,,False
63,B,clean,T013-S3,6,0,,False
64,B,clean,T013-S3,1,0,0.0,True
64,B,clean,T013-S3,3,0,0.0,True
64,B,clean,T013-S3,5,0,0.0,True
64,B,clean,T013-S3,8,0,0.0,True
64,B,clean,T013-S3,9,0,0.0,True
65,B,clean,T013-S3,5,0,0.0,True
66,B,clean,T013-S3,7,0,0.0,True
66,B,clean,T013-S3,8,0,0.0,True
66,B,clean,T013-S3,9,0,0.0,True
67,B,clean,T013-S3,1,0,0.0,True
67,B,clean,T013-S3,2,0,0.0,True
67,B,clean,T013-S3,5,0,0.0,True
67,B,clean,T013-S3,7,0,0.0,True
67,B,clean,T013-S3,8,0,0.0,True
68,B,clean,T013-S3,1,0,0.0,True
68,B,clean,T013-S3,7,0,0.0,True
68,B,clean,T013-S3,9,0,0.0,True
69,B,clean,T013-S3,2,0,0.0,True
69,B,clean,T013-S3,5,0,0.0,True
69,B,clean,T013-S3,7,0,0.0,True
70,B,clean,T013-S3,0,0,0.0,True
70,B,clean,T013-S3,8,0,0.0,True
71,B,clean,T013-S3,4,0,0.0,True
71,B,clean,T013-S3,5,280879/42018450,376.51340482573727,True
71,B,clean,T013-S3,8,0,0.0,True
72,B,clean,T013-S3,0,0,0.0,True
72,B,clean,T013-S3,5,1440439/42694350,0.5030862267982907,True
72,B,clean,T013-S3,8,0,0.0,True
73,B,clean,T013-S3,5,0,0.0,True
73,B,clean,T013-S3,6,0,0.0,True
73,B,clean,T013-S3,7,0,0.0,True
74,B,clean,T013-S3,6,0,,False
75,B,clean,T013-S3,0,2419975/12918594,5.656380673677223,True
75,B,clean,T013-S3,1,0,0.0,True
75,B,clean,T013-S3,3,2419975/12918594,5.656380673677223,True
76,B,clean,T013-S3,1,0,,False
76,B,clean,T013-S3,6,706343/26481234,,False
76,B,clean,T013-S3,7,0,,False
77,B,clean,T013-S3,0,0,0.0,True
77,B,clean,T013-S3,2,0,0.0,True
78,B,clean,T013-S3,4,0,0.0,True
78,B,clean,T013-S3,5,0,0.0,True
78,B,clean,T013-S3,8,0,0.0,True
79,B,clean,T013-S3,1,0,0.0,True
79,B,clean,T013-S3,2,0,0.0,True
79,B,clean,T013-S3,5,0,0.0,True
80,B,clean,T013-S3,6,0,,False
80,B,clean,T013-S3,7,0,,False
81,B,clean,T013-S3,7,0,0.0,True
81,B,clean,T013-S3,9,0,0.0,True
82,B,clean,T013-S3,3,0,0.0,True
82,B,clean,T013-S3,7,0,0.0,True
83,B,clean,T013-S3,4,0,0.0,True
83,B,clean,T013-S3,7,0,0.0,True
83,B,clean,T013-S3,8,0,0.0,True
84,B,clean,T013-S3,2,4990/256027,1.4792490118577075,True
84,B,clean,T013-S3,3,0,0.0,True
84,B,clean,T013-S3,6,0,0.0,True
85,B,clean,T013-S3,5,0,0.0,True
85,B,clean,T013-S3,6,0,0.0,True
86,B,clean,T013-S3,2,0,0.0,True
86,B,clean,T013-S3,4,1511/25150,0.9001191421763304,True
86,B,clean,T013-S3,5,1511/25150,0.9001191421763304,True
86,B,clean,T013-S3,6,0,0.0,True
87,B,clean,T013-S3,3,-31626/4637425,,False
87,B,clean,T013-S3,5,0,,False
88,B,clean,T013-S3,3,0,,False
88,B,clean,T013-S3,4,0,,False
88,B,clean,T013-S3,6,0,,False
88,B,clean,T013-S3,9,0,,False
89,B,clean,T013-S3,4,593625419443/8063046425850,0.9170686761778092,True
89,B,clean,T013-S3,5,0,0.0,True
90,B,clean,T013-S3,2,0,0.0,True
90,B,clean,T013-S3,3,0,0.0,True
90,B,clean,T013-S3,5,0,0.0,True
90,B,clean,T013-S3,9,0,0.0,True
91,B,clean,T013-S3,3,0,0.0,True
91,B,clean,T013-S3,7,0,0.0,True
91,B,clean,T013-S3,9,-5/21489,-0.03636363636363636,True
92,B,clean,T013-S3,1,85168/12799293,0.19858791049926783,True
92,B,clean,T013-S3,3,-7/224549,-0.0009303561935140882,True
92,B,clean,T013-S3,8,0,0.0,True
93,B,clean,T013-S3,4,5/746,0.5029720003479762,True
94,B,clean,T013-S3,1,0,0.0,True
94,B,clean,T013-S3,5,0,0.0,True
95,B,clean,T013-S3,1,0,0.0,True
95,B,clean,T013-S3,5,0,0.0,True
95,B,clean,T013-S3,6,0,0.0,True
96,B,clean,T013-S3,7,0,0.0,True
96,B,clean,T013-S3,9,17665/377169,6.685892478072701,True
97,B,clean,T013-S3,2,0,0.0,True
97,B,clean,T013-S3,3,0,0.0,True
97,B,clean,T013-S3,9,0,0.0,True
98,B,clean,T013-S3,5,0,0.0,True
98,B,clean,T013-S3,6,0,0.0,True
98,B,clean,T013-S3,9,0,0.0,True
99,B,clean,T013-S3,0,0,0.0,True
99,B,clean,T013-S3,3,0,0.0,True
99,B,clean,T013-S3,4,0,0.0,True
99,B,clean,T013-S3,5,0,0.0,True
99,B,clean,T013-S3,7,0,0.0,True
99,B,clean,T013-S3,9,0,0.0,True
0,B,brightness_dark,T013-S0,1,0,0.0,True
0,B,brightness_dark,T013-S0,6,0,0.0,True
0,B,brightness_dark,T013-S0,7,0,0.0,True
1,B,brightness_dark,T013-S0,1,0,0.0,True
1,B,brightness_dark,T013-S0,7,0,0.0,True
2,B,brightness_dark,T013-S0,3,0,,False
2,B,brightness_dark,T013-S0,4,0,,False
2,B,brightness_dark,T013-S0,9,0,,False
3,B,brightness_dark,T013-S0,0,0,0.0,True
4,B,brightness_dark,T013-S0,4,0,0.0,True
4,B,brightness_dark,T013-S0,5,0,0.0,True
4,B,brightness_dark,T013-S0,9,0,0.0,True
5,B,brightness_dark,T013-S0,0,0,0.0,True
5,B,brightness_dark,T013-S0,2,0,0.0,True
5,B,brightness_dark,T013-S0,5,0,0.0,True
6,B,brightness_dark,T013-S0,0,0,0.0,True
6,B,brightness_dark,T013-S0,3,0,0.0,True
6,B,brightness_dark,T013-S0,6,0,0.0,True
7,B,brightness_dark,T013-S0,1,0,0.0,True
7,B,brightness_dark,T013-S0,3,2294/17043,0.351301684532925,True
8,B,brightness_dark,T013-S0,0,0,0.0,True
8,B,brightness_dark,T013-S0,5,0,0.0,True
9,B,brightness_dark,T013-S0,7,0,0.0,True
9,B,brightness_dark,T013-S0,8,0,0.0,True
10,B,brightness_dark,T013-S0,2,497624299/6395181234,3.926218678691839,True
10,B,brightness_dark,T013-S0,3,497624299/6395181234,3.926218678691839,True
10,B,brightness_dark,T013-S0,4,0,0.0,True
11,B,brightness_dark,T013-S0,2,0,0.0,True
11,B,brightness_dark,T013-S0,8,0,0.0,True
12,B,brightness_dark,T013-S0,2,0,0.0,True
12,B,brightness_dark,T013-S0,7,0,0.0,True
13,B,brightness_dark,T013-S0,1,0,0.0,True
13,B,brightness_dark,T013-S0,3,0,0.0,True
13,B,brightness_dark,T013-S0,5,0,0.0,True
14,B,brightness_dark,T013-S0,1,0,0.0,True
14,B,brightness_dark,T013-S0,2,0,0.0,True
15,B,brightness_dark,T013-S0,4,0,,False
16,B,brightness_dark,T013-S0,1,0,0.0,True
16,B,brightness_dark,T013-S0,4,0,0.0,True
16,B,brightness_dark,T013-S0,6,0,0.0,True
16,B,brightness_dark,T013-S0,8,0,0.0,True
16,B,brightness_dark,T013-S0,9,0,0.0,True
17,B,brightness_dark,T013-S0,1,0,0.0,True
17,B,brightness_dark,T013-S0,4,0,0.0,True
17,B,brightness_dark,T013-S0,8,0,0.0,True
18,B,brightness_dark,T013-S0,0,0,0.0,True
18,B,brightness_dark,T013-S0,3,0,0.0,True
18,B,brightness_dark,T013-S0,6,0,0.0,True
19,B,brightness_dark,T013-S0,0,0,0.0,True
19,B,brightness_dark,T013-S0,2,0,0.0,True
19,B,brightness_dark,T013-S0,7,0,0.0,True
20,B,brightness_dark,T013-S0,6,0,0.0,True
21,B,brightness_dark,T013-S0,4,0,,False
22,B,brightness_dark,T013-S0,1,0,0.0,True
22,B,brightness_dark,T013-S0,2,0,0.0,True
23,B,brightness_dark,T013-S0,0,0,0.0,True
23,B,brightness_dark,T013-S0,2,0,0.0,True
23,B,brightness_dark,T013-S0,5,0,0.0,True
23,B,brightness_dark,T013-S0,8,0,0.0,True
23,B,brightness_dark,T013-S0,9,0,0.0,True
24,B,brightness_dark,T013-S0,3,0,0.0,True
24,B,brightness_dark,T013-S0,7,0,0.0,True
24,B,brightness_dark,T013-S0,9,13333987/503143446,0.9947384892329189,True
25,B,brightness_dark,T013-S0,0,0,0.0,True
25,B,brightness_dark,T013-S0,1,0,0.0,True
25,B,brightness_dark,T013-S0,4,-3011/113321,-0.3988871961316818,True
26,B,brightness_dark,T013-S0,5,0,0.0,True
26,B,brightness_dark,T013-S0,6,0,0.0,True
27,B,brightness_dark,T013-S0,1,24/299,0.08163265306122448,True
28,B,brightness_dark,T013-S0,0,0,0.0,True
28,B,brightness_dark,T013-S0,2,0,0.0,True
28,B,brightness_dark,T013-S0,3,-2555/187226,-1.0226817878585723,True
28,B,brightness_dark,T013-S0,4,0,0.0,True
28,B,brightness_dark,T013-S0,5,0,0.0,True
28,B,brightness_dark,T013-S0,8,0,0.0,True
29,B,brightness_dark,T013-S0,1,0,0.0,True
30,B,brightness_dark,T013-S0,2,0,0.0,True
30,B,brightness_dark,T013-S0,4,0,0.0,True
30,B,brightness_dark,T013-S0,5,0,0.0,True
31,B,brightness_dark,T013-S0,8,0,0.0,True
32,B,brightness_dark,T013-S0,0,0,0.0,True
32,B,brightness_dark,T013-S0,2,0,0.0,True
32,B,brightness_dark,T013-S0,4,0,0.0,True
32,B,brightness_dark,T013-S0,5,0,0.0,True
32,B,brightness_dark,T013-S0,8,0,0.0,True
33,B,brightness_dark,T013-S0,0,0,0.0,True
33,B,brightness_dark,T013-S0,3,0,0.0,True
34,B,brightness_dark,T013-S0,2,0,0.0,True
34,B,brightness_dark,T013-S0,3,0,0.0,True
34,B,brightness_dark,T013-S0,8,0,0.0,True
35,B,brightness_dark,T013-S0,1,0,0.0,True
35,B,brightness_dark,T013-S0,8,0,0.0,True
36,B,brightness_dark,T013-S0,0,0,0.0,True
36,B,brightness_dark,T013-S0,1,0,0.0,True
36,B,brightness_dark,T013-S0,6,0,0.0,True
36,B,brightness_dark,T013-S0,7,0,0.0,True
36,B,brightness_dark,T013-S0,9,0,0.0,True
37,B,brightness_dark,T013-S0,2,0,,False
37,B,brightness_dark,T013-S0,6,0,,False
37,B,brightness_dark,T013-S0,9,0,,False
38,B,brightness_dark,T013-S0,8,0,0.0,True
39,B,brightness_dark,T013-S0,2,0,0.0,True
40,B,brightness_dark,T013-S0,9,-575/42978,,False
41,B,brightness_dark,T013-S0,0,0,0.0,True
41,B,brightness_dark,T013-S0,1,0,0.0,True
41,B,brightness_dark,T013-S0,3,0,0.0,True
41,B,brightness_dark,T013-S0,9,0,0.0,True
42,B,brightness_dark,T013-S0,0,0,0.0,True
42,B,brightness_dark,T013-S0,1,0,0.0,True
42,B,brightness_dark,T013-S0,2,0,0.0,True
43,B,brightness_dark,T013-S0,0,0,0.0,True
43,B,brightness_dark,T013-S0,4,0,0.0,True
44,B,brightness_dark,T013-S0,0,0,0.0,True
44,B,brightness_dark,T013-S0,8,0,0.0,True
44,B,brightness_dark,T013-S0,9,0,0.0,True
45,B,brightness_dark,T013-S0,2,4995/377753,,False
45,B,brightness_dark,T013-S0,4,-10/1509,,False
45,B,brightness_dark,T013-S0,5,-10/1509,,False
45,B,brightness_dark,T013-S0,8,10/503,,False
46,B,brightness_dark,T013-S0,2,0,0.0,True
46,B,brightness_dark,T013-S0,4,0,0.0,True
46,B,brightness_dark,T013-S0,5,1/30,1.0,True
47,B,brightness_dark,T013-S0,0,0,0.0,True
47,B,brightness_dark,T013-S0,1,0,0.0,True
47,B,brightness_dark,T013-S0,2,0,0.0,True
47,B,brightness_dark,T013-S0,4,0,0.0,True
47,B,brightness_dark,T013-S0,8,0,0.0,True
48,B,brightness_dark,T013-S0,4,3785/142883,1.0,True
48,B,brightness_dark,T013-S0,7,0,0.0,True
48,B,brightness_dark,T013-S0,9,0,0.0,True
49,B,brightness_dark,T013-S0,1,0,0.0,True
49,B,brightness_dark,T013-S0,3,1718/17043,0.24581485191014452,True
50,B,brightness_dark,T013-S0,2,3029163203/16942222050,13.489987499387661,True
50,B,brightness_dark,T013-S0,5,0,0.0,True
51,B,brightness_dark,T013-S0,3,0,,False
51,B,brightness_dark,T013-S0,4,0,,False
51,B,brightness_dark,T013-S0,9,0,,False
52,B,brightness_dark,T013-S0,0,0,0.0,True
52,B,brightness_dark,T013-S0,2,0,0.0,True
53,B,brightness_dark,T013-S0,1,171/8671,0.09867282169648009,True
53,B,brightness_dark,T013-S0,7,171/8671,0.09867282169648009,True
54,B,brightness_dark,T013-S0,2,0,0.0,True
54,B,brightness_dark,T013-S0,6,0,0.0,True
54,B,brightness_dark,T013-S0,7,0,0.0,True
55,B,brightness_dark,T013-S0,0,0,0.0,True
55,B,brightness_dark,T013-S0,8,0,0.0,True
56,B,brightness_dark,T013-S0,3,-1234775/63238669,,False
56,B,brightness_dark,T013-S0,4,0,,False
56,B,brightness_dark,T013-S0,6,0,,False
56,B,brightness_dark,T013-S0,9,0,,False
57,B,brightness_dark,T013-S0,0,0,0.0,True
57,B,brightness_dark,T013-S0,1,0,0.0,True
57,B,brightness_dark,T013-S0,3,0,0.0,True
57,B,brightness_dark,T013-S0,4,0,0.0,True
57,B,brightness_dark,T013-S0,6,0,0.0,True
58,B,brightness_dark,T013-S0,0,0,0.0,True
58,B,brightness_dark,T013-S0,9,0,0.0,True
59,B,brightness_dark,T013-S0,0,0,0.0,True
59,B,brightness_dark,T013-S0,1,0,0.0,True
59,B,brightness_dark,T013-S0,3,0,0.0,True
59,B,brightness_dark,T013-S0,5,0,0.0,True
59,B,brightness_dark,T013-S0,6,0,0.0,True
60,B,brightness_dark,T013-S0,0,0,0.0,True
61,B,brightness_dark,T013-S0,0,0,0.0,True
61,B,brightness_dark,T013-S0,4,0,0.0,True
61,B,brightness_dark,T013-S0,5,0,0.0,True
61,B,brightness_dark,T013-S0,7,0,0.0,True
62,B,brightness_dark,T013-S0,0,0,0.0,True
62,B,brightness_dark,T013-S0,5,0,0.0,True
62,B,brightness_dark,T013-S0,6,0,0.0,True
62,B,brightness_dark,T013-S0,9,0,0.0,True
63,B,brightness_dark,T013-S0,3,0,0.0,True
63,B,brightness_dark,T013-S0,4,0,0.0,True
63,B,brightness_dark,T013-S0,6,0,0.0,True
64,B,brightness_dark,T013-S0,1,18575/556491,0.3845016793857891,True
64,B,brightness_dark,T013-S0,3,2043970/283253919,0.08312394636665685,True
64,B,brightness_dark,T013-S0,5,6001/112650,0.613648948333295,True
64,B,brightness_dark,T013-S0,8,-9474700/283253919,-0.3853160538756262,True
64,B,brightness_dark,T013-S0,9,-9474700/283253919,-0.3853160538756262,True
65,B,brightness_dark,T013-S0,5,1/25,0.6666666666666666,True
66,B,brightness_dark,T013-S0,7,0,0.0,True
66,B,brightness_dark,T013-S0,8,0,0.0,True
66,B,brightness_dark,T013-S0,9,9492765/288223286,1.6602307497457474,True
67,B,brightness_dark,T013-S0,1,433469/6511921,0.5555064916803867,True
67,B,brightness_dark,T013-S0,2,-71627717/976788150,-0.6119570531033068,True
67,B,brightness_dark,T013-S0,5,433469/6511921,0.5555064916803867,True
67,B,brightness_dark,T013-S0,7,433469/6511921,0.5555064916803867,True
67,B,brightness_dark,T013-S0,8,-71627717/976788150,-0.6119570531033068,True
68,B,brightness_dark,T013-S0,1,0,0.0,True
68,B,brightness_dark,T013-S0,7,0,0.0,True
68,B,brightness_dark,T013-S0,9,0,0.0,True
69,B,brightness_dark,T013-S0,2,0,0.0,True
69,B,brightness_dark,T013-S0,5,0,0.0,True
69,B,brightness_dark,T013-S0,7,0,0.0,True
70,B,brightness_dark,T013-S0,0,0,0.0,True
70,B,brightness_dark,T013-S0,8,0,0.0,True
71,B,brightness_dark,T013-S0,4,0,0.0,True
71,B,brightness_dark,T013-S0,5,0,0.0,True
71,B,brightness_dark,T013-S0,8,0,0.0,True
72,B,brightness_dark,T013-S0,0,0,0.0,True
72,B,brightness_dark,T013-S0,5,0,0.0,True
72,B,brightness_dark,T013-S0,8,0,0.0,True
73,B,brightness_dark,T013-S0,5,0,0.0,True
73,B,brightness_dark,T013-S0,6,0,0.0,True
73,B,brightness_dark,T013-S0,7,0,0.0,True
74,B,brightness_dark,T013-S0,6,0,0.0,True
75,B,brightness_dark,T013-S0,0,0,0.0,True
75,B,brightness_dark,T013-S0,1,0,0.0,True
75,B,brightness_dark,T013-S0,3,0,0.0,True
76,B,brightness_dark,T013-S0,1,0,0.0,True
76,B,brightness_dark,T013-S0,6,0,0.0,True
76,B,brightness_dark,T013-S0,7,0,0.0,True
77,B,brightness_dark,T013-S0,0,-35/190637,-0.009220636663007684,True
77,B,brightness_dark,T013-S0,2,70/1509,2.329747530186608,True
78,B,brightness_dark,T013-S0,4,0,0.0,True
78,B,brightness_dark,T013-S0,5,1201/22530,1.0,True
78,B,brightness_dark,T013-S0,8,0,0.0,True
79,B,brightness_dark,T013-S0,1,0,0.0,True
79,B,brightness_dark,T013-S0,2,0,0.0,True
79,B,brightness_dark,T013-S0,5,0,0.0,True
80,B,brightness_dark,T013-S0,6,0,0.0,True
80,B,brightness_dark,T013-S0,7,0,0.0,True
81,B,brightness_dark,T013-S0,7,0,0.0,True
81,B,brightness_dark,T013-S0,9,0,0.0,True
82,B,brightness_dark,T013-S0,3,0,0.0,True
82,B,brightness_dark,T013-S0,7,0,0.0,True
83,B,brightness_dark,T013-S0,4,0,0.0,True
83,B,brightness_dark,T013-S0,7,0,0.0,True
83,B,brightness_dark,T013-S0,8,0,0.0,True
84,B,brightness_dark,T013-S0,2,0,0.0,True
84,B,brightness_dark,T013-S0,3,0,0.0,True
84,B,brightness_dark,T013-S0,6,25690/768081,0.3023420030599035,True
85,B,brightness_dark,T013-S0,5,0,0.0,True
85,B,brightness_dark,T013-S0,6,0,0.0,True
86,B,brightness_dark,T013-S0,2,0,,False
86,B,brightness_dark,T013-S0,4,0,,False
86,B,brightness_dark,T013-S0,5,-1/150,,False
86,B,brightness_dark,T013-S0,6,-1/150,,False
87,B,brightness_dark,T013-S0,3,48565/185497,2.03783481362333,True
87,B,brightness_dark,T013-S0,5,0,0.0,True
88,B,brightness_dark,T013-S0,3,0,0.0,True
88,B,brightness_dark,T013-S0,4,0,0.0,True
88,B,brightness_dark,T013-S0,6,0,0.0,True
88,B,brightness_dark,T013-S0,9,0,0.0,True
89,B,brightness_dark,T013-S0,4,0,0.0,True
89,B,brightness_dark,T013-S0,5,0,0.0,True
90,B,brightness_dark,T013-S0,2,0,0.0,True
90,B,brightness_dark,T013-S0,3,0,0.0,True
90,B,brightness_dark,T013-S0,5,0,0.0,True
90,B,brightness_dark,T013-S0,9,0,0.0,True
91,B,brightness_dark,T013-S0,3,0,0.0,True
91,B,brightness_dark,T013-S0,7,0,0.0,True
91,B,brightness_dark,T013-S0,9,0,0.0,True
92,B,brightness_dark,T013-S0,1,168787/12799293,0.03341629977838219,True
92,B,brightness_dark,T013-S0,3,0,0.0,True
92,B,brightness_dark,T013-S0,8,0,0.0,True
93,B,brightness_dark,T013-S0,4,-7559/226642,-5.056187290969899,True
94,B,brightness_dark,T013-S0,1,0,0.0,True
94,B,brightness_dark,T013-S0,5,0,0.0,True
95,B,brightness_dark,T013-S0,1,0,0.0,True
95,B,brightness_dark,T013-S0,5,0,0.0,True
95,B,brightness_dark,T013-S0,6,0,0.0,True
96,B,brightness_dark,T013-S0,7,0,0.0,True
96,B,brightness_dark,T013-S0,9,-2570/125723,-0.37909575411900265,True
97,B,brightness_dark,T013-S0,2,-110/1509,-2.75,True
97,B,brightness_dark,T013-S0,3,0,0.0,True
97,B,brightness_dark,T013-S0,9,0,0.0,True
98,B,brightness_dark,T013-S0,5,0,0.0,True
98,B,brightness_dark,T013-S0,6,0,0.0,True
98,B,brightness_dark,T013-S0,9,0,0.0,True
99,B,brightness_dark,T013-S0,0,0,0.0,True
99,B,brightness_dark,T013-S0,3,0,0.0,True
99,B,brightness_dark,T013-S0,4,0,0.0,True
99,B,brightness_dark,T013-S0,5,0,0.0,True
99,B,brightness_dark,T013-S0,7,0,0.0,True
99,B,brightness_dark,T013-S0,9,0,0.0,True
0,B,brightness_dark,T013-S1,1,0,0.0,True
0,B,brightness_dark,T013-S1,6,0,0.0,True
0,B,brightness_dark,T013-S1,7,0,0.0,True
1,B,brightness_dark,T013-S1,1,0,0.0,True
1,B,brightness_dark,T013-S1,7,0,0.0,True
2,B,brightness_dark,T013-S1,3,0,,False
2,B,brightness_dark,T013-S1,4,0,,False
2,B,brightness_dark,T013-S1,9,0,,False
3,B,brightness_dark,T013-S1,0,0,0.0,True
4,B,brightness_dark,T013-S1,4,0,0.0,True
4,B,brightness_dark,T013-S1,5,0,0.0,True
4,B,brightness_dark,T013-S1,9,0,0.0,True
5,B,brightness_dark,T013-S1,0,0,0.0,True
5,B,brightness_dark,T013-S1,2,0,0.0,True
5,B,brightness_dark,T013-S1,5,0,0.0,True
6,B,brightness_dark,T013-S1,0,0,0.0,True
6,B,brightness_dark,T013-S1,3,0,0.0,True
6,B,brightness_dark,T013-S1,6,-5015/125723,-0.13397994913768863,True
7,B,brightness_dark,T013-S1,1,0,0.0,True
7,B,brightness_dark,T013-S1,3,2294/17043,0.351301684532925,True
8,B,brightness_dark,T013-S1,0,0,0.0,True
8,B,brightness_dark,T013-S1,5,0,0.0,True
9,B,brightness_dark,T013-S1,7,0,0.0,True
9,B,brightness_dark,T013-S1,8,0,0.0,True
10,B,brightness_dark,T013-S1,2,497624299/6395181234,3.926218678691839,True
10,B,brightness_dark,T013-S1,3,497624299/6395181234,3.926218678691839,True
10,B,brightness_dark,T013-S1,4,0,0.0,True
11,B,brightness_dark,T013-S1,2,0,0.0,True
11,B,brightness_dark,T013-S1,8,0,0.0,True
12,B,brightness_dark,T013-S1,2,0,0.0,True
12,B,brightness_dark,T013-S1,7,0,0.0,True
13,B,brightness_dark,T013-S1,1,0,0.0,True
13,B,brightness_dark,T013-S1,3,0,0.0,True
13,B,brightness_dark,T013-S1,5,0,0.0,True
14,B,brightness_dark,T013-S1,1,0,0.0,True
14,B,brightness_dark,T013-S1,2,0,0.0,True
15,B,brightness_dark,T013-S1,4,0,,False
16,B,brightness_dark,T013-S1,1,0,0.0,True
16,B,brightness_dark,T013-S1,4,0,0.0,True
16,B,brightness_dark,T013-S1,6,0,0.0,True
16,B,brightness_dark,T013-S1,8,0,0.0,True
16,B,brightness_dark,T013-S1,9,0,0.0,True
17,B,brightness_dark,T013-S1,1,0,0.0,True
17,B,brightness_dark,T013-S1,4,0,0.0,True
17,B,brightness_dark,T013-S1,8,0,0.0,True
18,B,brightness_dark,T013-S1,0,0,0.0,True
18,B,brightness_dark,T013-S1,3,0,0.0,True
18,B,brightness_dark,T013-S1,6,0,0.0,True
19,B,brightness_dark,T013-S1,0,0,0.0,True
19,B,brightness_dark,T013-S1,2,0,0.0,True
19,B,brightness_dark,T013-S1,7,0,0.0,True
20,B,brightness_dark,T013-S1,6,0,0.0,True
21,B,brightness_dark,T013-S1,4,5/373,1.0,True
22,B,brightness_dark,T013-S1,1,0,0.0,True
22,B,brightness_dark,T013-S1,2,0,0.0,True
23,B,brightness_dark,T013-S1,0,0,0.0,True
23,B,brightness_dark,T013-S1,2,0,0.0,True
23,B,brightness_dark,T013-S1,5,0,0.0,True
23,B,brightness_dark,T013-S1,8,0,0.0,True
23,B,brightness_dark,T013-S1,9,0,0.0,True
24,B,brightness_dark,T013-S1,3,0,0.0,True
24,B,brightness_dark,T013-S1,7,0,0.0,True
24,B,brightness_dark,T013-S1,9,13333987/503143446,0.9947384892329189,True
25,B,brightness_dark,T013-S1,0,0,0.0,True
25,B,brightness_dark,T013-S1,1,0,0.0,True
25,B,brightness_dark,T013-S1,4,-3011/113321,-0.3988871961316818,True
26,B,brightness_dark,T013-S1,5,0,0.0,True
26,B,brightness_dark,T013-S1,6,0,0.0,True
27,B,brightness_dark,T013-S1,1,18/299,0.061224489795918366,True
28,B,brightness_dark,T013-S1,0,0,0.0,True
28,B,brightness_dark,T013-S1,2,0,0.0,True
28,B,brightness_dark,T013-S1,3,-11455/561678,-1.5283522348232155,True
28,B,brightness_dark,T013-S1,4,0,0.0,True
28,B,brightness_dark,T013-S1,5,0,0.0,True
28,B,brightness_dark,T013-S1,8,0,0.0,True
29,B,brightness_dark,T013-S1,1,0,0.0,True
30,B,brightness_dark,T013-S1,2,0,0.0,True
30,B,brightness_dark,T013-S1,4,0,0.0,True
30,B,brightness_dark,T013-S1,5,0,0.0,True
31,B,brightness_dark,T013-S1,8,0,0.0,True
32,B,brightness_dark,T013-S1,0,0,0.0,True
32,B,brightness_dark,T013-S1,2,0,0.0,True
32,B,brightness_dark,T013-S1,4,0,0.0,True
32,B,brightness_dark,T013-S1,5,0,0.0,True
32,B,brightness_dark,T013-S1,8,0,0.0,True
33,B,brightness_dark,T013-S1,0,0,0.0,True
33,B,brightness_dark,T013-S1,3,-20/379,-0.23747145775748107,True
34,B,brightness_dark,T013-S1,2,0,0.0,True
34,B,brightness_dark,T013-S1,3,0,0.0,True
34,B,brightness_dark,T013-S1,8,0,0.0,True
35,B,brightness_dark,T013-S1,1,0,0.0,True
35,B,brightness_dark,T013-S1,8,0,0.0,True
36,B,brightness_dark,T013-S1,0,0,0.0,True
36,B,brightness_dark,T013-S1,1,0,0.0,True
36,B,brightness_dark,T013-S1,6,0,0.0,True
36,B,brightness_dark,T013-S1,7,0,0.0,True
36,B,brightness_dark,T013-S1,9,0,0.0,True
37,B,brightness_dark,T013-S1,2,0,,False
37,B,brightness_dark,T013-S1,6,0,,False
37,B,brightness_dark,T013-S1,9,0,,False
38,B,brightness_dark,T013-S1,8,0,0.0,True
39,B,brightness_dark,T013-S1,2,0,0.0,True
40,B,brightness_dark,T013-S1,9,-575/42978,,False
41,B,brightness_dark,T013-S1,0,0,0.0,True
41,B,brightness_dark,T013-S1,1,0,0.0,True
41,B,brightness_dark,T013-S1,3,0,0.0,True
41,B,brightness_dark,T013-S1,9,0,0.0,True
42,B,brightness_dark,T013-S1,0,0,0.0,True
42,B,brightness_dark,T013-S1,1,0,0.0,True
42,B,brightness_dark,T013-S1,2,0,0.0,True
43,B,brightness_dark,T013-S1,0,0,0.0,True
43,B,brightness_dark,T013-S1,4,0,0.0,True
44,B,brightness_dark,T013-S1,0,0,0.0,True
44,B,brightness_dark,T013-S1,8,0,0.0,True
44,B,brightness_dark,T013-S1,9,0,0.0,True
45,B,brightness_dark,T013-S1,2,22495/1133259,,False
45,B,brightness_dark,T013-S1,4,0,,False
45,B,brightness_dark,T013-S1,5,0,,False
45,B,brightness_dark,T013-S1,8,40/1509,,False
46,B,brightness_dark,T013-S1,2,0,0.0,True
46,B,brightness_dark,T013-S1,4,0,0.0,True
46,B,brightness_dark,T013-S1,5,1/30,1.0,True
47,B,brightness_dark,T013-S1,0,0,0.0,True
47,B,brightness_dark,T013-S1,1,0,0.0,True
47,B,brightness_dark,T013-S1,2,0,0.0,True
47,B,brightness_dark,T013-S1,4,0,0.0,True
47,B,brightness_dark,T013-S1,8,0,0.0,True
48,B,brightness_dark,T013-S1,4,3785/142883,1.0,True
48,B,brightness_dark,T013-S1,7,0,0.0,True
48,B,brightness_dark,T013-S1,9,0,0.0,True
49,B,brightness_dark,T013-S1,1,0,0.0,True
49,B,brightness_dark,T013-S1,3,1718/17043,0.24581485191014452,True
50,B,brightness_dark,T013-S1,2,3029163203/16942222050,13.489987499387661,True
50,B,brightness_dark,T013-S1,5,0,0.0,True
51,B,brightness_dark,T013-S1,3,0,,False
51,B,brightness_dark,T013-S1,4,0,,False
51,B,brightness_dark,T013-S1,9,0,,False
52,B,brightness_dark,T013-S1,0,0,0.0,True
52,B,brightness_dark,T013-S1,2,0,0.0,True
53,B,brightness_dark,T013-S1,1,287/8671,0.16560877091748413,True
53,B,brightness_dark,T013-S1,7,287/8671,0.16560877091748413,True
54,B,brightness_dark,T013-S1,2,0,0.0,True
54,B,brightness_dark,T013-S1,6,0,0.0,True
54,B,brightness_dark,T013-S1,7,0,0.0,True
55,B,brightness_dark,T013-S1,0,0,0.0,True
55,B,brightness_dark,T013-S1,8,0,0.0,True
56,B,brightness_dark,T013-S1,3,-2502335/63238669,,False
56,B,brightness_dark,T013-S1,4,0,,False
56,B,brightness_dark,T013-S1,6,0,,False
56,B,brightness_dark,T013-S1,9,0,,False
57,B,brightness_dark,T013-S1,0,0,0.0,True
57,B,brightness_dark,T013-S1,1,0,0.0,True
57,B,brightness_dark,T013-S1,3,0,0.0,True
57,B,brightness_dark,T013-S1,4,0,0.0,True
57,B,brightness_dark,T013-S1,6,0,0.0,True
58,B,brightness_dark,T013-S1,0,0,0.0,True
58,B,brightness_dark,T013-S1,9,0,0.0,True
59,B,brightness_dark,T013-S1,0,0,0.0,True
59,B,brightness_dark,T013-S1,1,0,0.0,True
59,B,brightness_dark,T013-S1,3,0,0.0,True
59,B,brightness_dark,T013-S1,5,0,0.0,True
59,B,brightness_dark,T013-S1,6,0,0.0,True
60,B,brightness_dark,T013-S1,0,0,0.0,True
61,B,brightness_dark,T013-S1,0,0,0.0,True
61,B,brightness_dark,T013-S1,4,0,0.0,True
61,B,brightness_dark,T013-S1,5,0,0.0,True
61,B,brightness_dark,T013-S1,7,0,0.0,True
62,B,brightness_dark,T013-S1,0,0,0.0,True
62,B,brightness_dark,T013-S1,5,0,0.0,True
62,B,brightness_dark,T013-S1,6,0,0.0,True
62,B,brightness_dark,T013-S1,9,0,0.0,True
63,B,brightness_dark,T013-S1,3,0,0.0,True
63,B,brightness_dark,T013-S1,4,0,0.0,True
63,B,brightness_dark,T013-S1,6,0,0.0,True
64,B,brightness_dark,T013-S1,1,0,0.0,True
64,B,brightness_dark,T013-S1,3,1862747/27824550,0.7711756121354945,True
64,B,brightness_dark,T013-S1,5,6001/112650,0.613648948333295,True
64,B,brightness_dark,T013-S1,8,-9474700/283253919,-0.3853160538756262,True
64,B,brightness_dark,T013-S1,9,-9474700/283253919,-0.3853160538756262,True
65,B,brightness_dark,T013-S1,5,3/50,1.0,True
66,B,brightness_dark,T013-S1,7,0,0.0,True
66,B,brightness_dark,T013-S1,8,0,0.0,True
66,B,brightness_dark,T013-S1,9,9492765/288223286,1.6602307497457474,True
67,B,brightness_dark,T013-S1,1,43298/650325,0.5556196599267711,True
67,B,brightness_dark,T013-S1,2,0,0.0,True
67,B,brightness_dark,T013-S1,5,43298/650325,0.5556196599267711,True
67,B,brightness_dark,T013-S1,7,43298/650325,0.5556196599267711,True
67,B,brightness_dark,T013-S1,8,-71614471/976788150,-0.6118438848569224,True
68,B,brightness_dark,T013-S1,1,0,0.0,True
68,B,brightness_dark,T013-S1,7,0,0.0,True
68,B,brightness_dark,T013-S1,9,0,0.0,True
69,B,brightness_dark,T013-S1,2,0,0.0,True
69,B,brightness_dark,T013-S1,5,0,0.0,True
69,B,brightness_dark,T013-S1,7,0,0.0,True
70,B,brightness_dark,T013-S1,0,0,0.0,True
70,B,brightness_dark,T013-S1,8,0,0.0,True
71,B,brightness_dark,T013-S1,4,0,0.0,True
71,B,brightness_dark,T013-S1,5,0,0.0,True
71,B,brightness_dark,T013-S1,8,0,0.0,True
72,B,brightness_dark,T013-S1,0,0,0.0,True
72,B,brightness_dark,T013-S1,5,0,0.0,True
72,B,brightness_dark,T013-S1,8,0,0.0,True
73,B,brightness_dark,T013-S1,5,0,0.0,True
73,B,brightness_dark,T013-S1,6,0,0.0,True
73,B,brightness_dark,T013-S1,7,0,0.0,True
74,B,brightness_dark,T013-S1,6,0,0.0,True
75,B,brightness_dark,T013-S1,0,0,0.0,True
75,B,brightness_dark,T013-S1,1,0,0.0,True
75,B,brightness_dark,T013-S1,3,0,0.0,True
76,B,brightness_dark,T013-S1,1,0,0.0,True
76,B,brightness_dark,T013-S1,6,0,0.0,True
76,B,brightness_dark,T013-S1,7,0,0.0,True
77,B,brightness_dark,T013-S1,0,-15265/1143822,-0.6702524698133919,True
77,B,brightness_dark,T013-S1,2,70/1509,2.329747530186608,True
78,B,brightness_dark,T013-S1,4,0,0.0,True
78,B,brightness_dark,T013-S1,5,1201/22530,1.0,True
78,B,brightness_dark,T013-S1,8,0,0.0,True
79,B,brightness_dark,T013-S1,1,0,0.0,True
79,B,brightness_dark,T013-S1,2,0,0.0,True
79,B,brightness_dark,T013-S1,5,0,0.0,True
80,B,brightness_dark,T013-S1,6,0,0.0,True
80,B,brightness_dark,T013-S1,7,0,0.0,True
81,B,brightness_dark,T013-S1,7,0,0.0,True
81,B,brightness_dark,T013-S1,9,0,0.0,True
82,B,brightness_dark,T013-S1,3,0,0.0,True
82,B,brightness_dark,T013-S1,7,0,0.0,True
83,B,brightness_dark,T013-S1,4,0,0.0,True
83,B,brightness_dark,T013-S1,7,0,0.0,True
83,B,brightness_dark,T013-S1,8,0,0.0,True
84,B,brightness_dark,T013-S1,2,0,0.0,True
84,B,brightness_dark,T013-S1,3,0,0.0,True
84,B,brightness_dark,T013-S1,6,25690/768081,0.3023420030599035,True
85,B,brightness_dark,T013-S1,5,0,0.0,True
85,B,brightness_dark,T013-S1,6,0,0.0,True
86,B,brightness_dark,T013-S1,2,0,,False
86,B,brightness_dark,T013-S1,4,0,,False
86,B,brightness_dark,T013-S1,5,-1/150,,False
86,B,brightness_dark,T013-S1,6,-1/150,,False
87,B,brightness_dark,T013-S1,3,108595/556491,1.518917406811665,True
87,B,brightness_dark,T013-S1,5,0,0.0,True
88,B,brightness_dark,T013-S1,3,0,0.0,True
88,B,brightness_dark,T013-S1,4,0,0.0,True
88,B,brightness_dark,T013-S1,6,0,0.0,True
88,B,brightness_dark,T013-S1,9,0,0.0,True
89,B,brightness_dark,T013-S1,4,0,0.0,True
89,B,brightness_dark,T013-S1,5,0,0.0,True
90,B,brightness_dark,T013-S1,2,0,0.0,True
90,B,brightness_dark,T013-S1,3,0,0.0,True
90,B,brightness_dark,T013-S1,5,0,0.0,True
90,B,brightness_dark,T013-S1,9,0,0.0,True
91,B,brightness_dark,T013-S1,3,0,0.0,True
91,B,brightness_dark,T013-S1,7,0,0.0,True
91,B,brightness_dark,T013-S1,9,0,0.0,True
92,B,brightness_dark,T013-S1,1,168787/12799293,0.0339815422526988,True
92,B,brightness_dark,T013-S1,3,0,0.0,True
92,B,brightness_dark,T013-S1,8,0,0.0,True
93,B,brightness_dark,T013-S1,4,0,0.0,True
94,B,brightness_dark,T013-S1,1,0,0.0,True
94,B,brightness_dark,T013-S1,5,0,0.0,True
95,B,brightness_dark,T013-S1,1,0,0.0,True
95,B,brightness_dark,T013-S1,5,0,0.0,True
95,B,brightness_dark,T013-S1,6,0,0.0,True
96,B,brightness_dark,T013-S1,7,0,0.0,True
96,B,brightness_dark,T013-S1,9,-2570/125723,-0.37909575411900265,True
97,B,brightness_dark,T013-S1,2,-80/503,-6.0,True
97,B,brightness_dark,T013-S1,3,0,0.0,True
97,B,brightness_dark,T013-S1,9,0,0.0,True
98,B,brightness_dark,T013-S1,5,0,0.0,True
98,B,brightness_dark,T013-S1,6,0,0.0,True
98,B,brightness_dark,T013-S1,9,0,0.0,True
99,B,brightness_dark,T013-S1,0,0,0.0,True
99,B,brightness_dark,T013-S1,3,0,0.0,True
99,B,brightness_dark,T013-S1,4,0,0.0,True
99,B,brightness_dark,T013-S1,5,0,0.0,True
99,B,brightness_dark,T013-S1,7,0,0.0,True
99,B,brightness_dark,T013-S1,9,0,0.0,True
0,B,brightness_dark,T013-S2,1,0,0.0,True
0,B,brightness_dark,T013-S2,6,0,0.0,True
0,B,brightness_dark,T013-S2,7,0,0.0,True
1,B,brightness_dark,T013-S2,1,0,0.0,True
1,B,brightness_dark,T013-S2,7,0,0.0,True
2,B,brightness_dark,T013-S2,3,0,,False
2,B,brightness_dark,T013-S2,4,0,,False
2,B,brightness_dark,T013-S2,9,0,,False
3,B,brightness_dark,T013-S2,0,0,0.0,True
4,B,brightness_dark,T013-S2,4,0,0.0,True
4,B,brightness_dark,T013-S2,5,0,0.0,True
4,B,brightness_dark,T013-S2,9,0,0.0,True
5,B,brightness_dark,T013-S2,0,0,0.0,True
5,B,brightness_dark,T013-S2,2,0,0.0,True
5,B,brightness_dark,T013-S2,5,0,0.0,True
6,B,brightness_dark,T013-S2,0,0,0.0,True
6,B,brightness_dark,T013-S2,3,0,0.0,True
6,B,brightness_dark,T013-S2,6,0,0.0,True
7,B,brightness_dark,T013-S2,1,0,0.0,True
7,B,brightness_dark,T013-S2,3,2294/17043,0.351301684532925,True
8,B,brightness_dark,T013-S2,0,0,0.0,True
8,B,brightness_dark,T013-S2,5,0,0.0,True
9,B,brightness_dark,T013-S2,7,0,0.0,True
9,B,brightness_dark,T013-S2,8,0,0.0,True
10,B,brightness_dark,T013-S2,2,497624299/6395181234,3.926218678691839,True
10,B,brightness_dark,T013-S2,3,497624299/6395181234,3.926218678691839,True
10,B,brightness_dark,T013-S2,4,0,0.0,True
11,B,brightness_dark,T013-S2,2,0,0.0,True
11,B,brightness_dark,T013-S2,8,0,0.0,True
12,B,brightness_dark,T013-S2,2,0,0.0,True
12,B,brightness_dark,T013-S2,7,0,0.0,True
13,B,brightness_dark,T013-S2,1,0,0.0,True
13,B,brightness_dark,T013-S2,3,0,0.0,True
13,B,brightness_dark,T013-S2,5,0,0.0,True
14,B,brightness_dark,T013-S2,1,0,0.0,True
14,B,brightness_dark,T013-S2,2,0,0.0,True
15,B,brightness_dark,T013-S2,4,0,,False
16,B,brightness_dark,T013-S2,1,0,0.0,True
16,B,brightness_dark,T013-S2,4,0,0.0,True
16,B,brightness_dark,T013-S2,6,0,0.0,True
16,B,brightness_dark,T013-S2,8,0,0.0,True
16,B,brightness_dark,T013-S2,9,0,0.0,True
17,B,brightness_dark,T013-S2,1,0,0.0,True
17,B,brightness_dark,T013-S2,4,0,0.0,True
17,B,brightness_dark,T013-S2,8,0,0.0,True
18,B,brightness_dark,T013-S2,0,0,0.0,True
18,B,brightness_dark,T013-S2,3,0,0.0,True
18,B,brightness_dark,T013-S2,6,0,0.0,True
19,B,brightness_dark,T013-S2,0,0,0.0,True
19,B,brightness_dark,T013-S2,2,0,0.0,True
19,B,brightness_dark,T013-S2,7,0,0.0,True
20,B,brightness_dark,T013-S2,6,0,0.0,True
21,B,brightness_dark,T013-S2,4,5/746,1.0,True
22,B,brightness_dark,T013-S2,1,0,0.0,True
22,B,brightness_dark,T013-S2,2,0,0.0,True
23,B,brightness_dark,T013-S2,0,0,0.0,True
23,B,brightness_dark,T013-S2,2,0,0.0,True
23,B,brightness_dark,T013-S2,5,0,0.0,True
23,B,brightness_dark,T013-S2,8,0,0.0,True
23,B,brightness_dark,T013-S2,9,0,0.0,True
24,B,brightness_dark,T013-S2,3,0,0.0,True
24,B,brightness_dark,T013-S2,7,0,0.0,True
24,B,brightness_dark,T013-S2,9,13333987/503143446,0.9947384892329189,True
25,B,brightness_dark,T013-S2,0,0,0.0,True
25,B,brightness_dark,T013-S2,1,0,0.0,True
25,B,brightness_dark,T013-S2,4,-3011/113321,-0.3988871961316818,True
26,B,brightness_dark,T013-S2,5,0,0.0,True
26,B,brightness_dark,T013-S2,6,0,0.0,True
27,B,brightness_dark,T013-S2,1,24/299,0.08163265306122448,True
28,B,brightness_dark,T013-S2,0,0,0.0,True
28,B,brightness_dark,T013-S2,2,0,0.0,True
28,B,brightness_dark,T013-S2,3,-2555/187226,-1.0226817878585723,True
28,B,brightness_dark,T013-S2,4,0,0.0,True
28,B,brightness_dark,T013-S2,5,0,0.0,True
28,B,brightness_dark,T013-S2,8,0,0.0,True
29,B,brightness_dark,T013-S2,1,0,0.0,True
30,B,brightness_dark,T013-S2,2,0,0.0,True
30,B,brightness_dark,T013-S2,4,0,0.0,True
30,B,brightness_dark,T013-S2,5,0,0.0,True
31,B,brightness_dark,T013-S2,8,0,0.0,True
32,B,brightness_dark,T013-S2,0,0,0.0,True
32,B,brightness_dark,T013-S2,2,0,0.0,True
32,B,brightness_dark,T013-S2,4,0,0.0,True
32,B,brightness_dark,T013-S2,5,0,0.0,True
32,B,brightness_dark,T013-S2,8,0,0.0,True
33,B,brightness_dark,T013-S2,0,0,0.0,True
33,B,brightness_dark,T013-S2,3,0,0.0,True
34,B,brightness_dark,T013-S2,2,0,0.0,True
34,B,brightness_dark,T013-S2,3,0,0.0,True
34,B,brightness_dark,T013-S2,8,0,0.0,True
35,B,brightness_dark,T013-S2,1,0,0.0,True
35,B,brightness_dark,T013-S2,8,0,0.0,True
36,B,brightness_dark,T013-S2,0,0,0.0,True
36,B,brightness_dark,T013-S2,1,0,0.0,True
36,B,brightness_dark,T013-S2,6,0,0.0,True
36,B,brightness_dark,T013-S2,7,0,0.0,True
36,B,brightness_dark,T013-S2,9,0,0.0,True
37,B,brightness_dark,T013-S2,2,0,,False
37,B,brightness_dark,T013-S2,6,0,,False
37,B,brightness_dark,T013-S2,9,0,,False
38,B,brightness_dark,T013-S2,8,0,0.0,True
39,B,brightness_dark,T013-S2,2,0,0.0,True
40,B,brightness_dark,T013-S2,9,-575/42978,,False
41,B,brightness_dark,T013-S2,0,0,0.0,True
41,B,brightness_dark,T013-S2,1,0,0.0,True
41,B,brightness_dark,T013-S2,3,0,0.0,True
41,B,brightness_dark,T013-S2,9,0,0.0,True
42,B,brightness_dark,T013-S2,0,0,0.0,True
42,B,brightness_dark,T013-S2,1,0,0.0,True
42,B,brightness_dark,T013-S2,2,0,0.0,True
43,B,brightness_dark,T013-S2,0,0,0.0,True
43,B,brightness_dark,T013-S2,4,0,0.0,True
44,B,brightness_dark,T013-S2,0,0,0.0,True
44,B,brightness_dark,T013-S2,8,0,0.0,True
44,B,brightness_dark,T013-S2,9,0,0.0,True
45,B,brightness_dark,T013-S2,2,-35/1133259,,False
45,B,brightness_dark,T013-S2,4,-10/503,,False
45,B,brightness_dark,T013-S2,5,-10/503,,False
45,B,brightness_dark,T013-S2,8,10/1509,,False
46,B,brightness_dark,T013-S2,2,0,0.0,True
46,B,brightness_dark,T013-S2,4,0,0.0,True
46,B,brightness_dark,T013-S2,5,1/30,1.0,True
47,B,brightness_dark,T013-S2,0,0,0.0,True
47,B,brightness_dark,T013-S2,1,0,0.0,True
47,B,brightness_dark,T013-S2,2,0,0.0,True
47,B,brightness_dark,T013-S2,4,0,0.0,True
47,B,brightness_dark,T013-S2,8,0,0.0,True
48,B,brightness_dark,T013-S2,4,3785/142883,1.0,True
48,B,brightness_dark,T013-S2,7,0,0.0,True
48,B,brightness_dark,T013-S2,9,0,0.0,True
49,B,brightness_dark,T013-S2,1,0,0.0,True
49,B,brightness_dark,T013-S2,3,1718/17043,0.24581485191014452,True
50,B,brightness_dark,T013-S2,2,3029163203/16942222050,13.489987499387661,True
50,B,brightness_dark,T013-S2,5,0,0.0,True
51,B,brightness_dark,T013-S2,3,0,,False
51,B,brightness_dark,T013-S2,4,0,,False
51,B,brightness_dark,T013-S2,9,0,,False
52,B,brightness_dark,T013-S2,0,0,0.0,True
52,B,brightness_dark,T013-S2,2,0,0.0,True
53,B,brightness_dark,T013-S2,1,22/667,0.16503173687247547,True
53,B,brightness_dark,T013-S2,7,22/667,0.16503173687247547,True
54,B,brightness_dark,T013-S2,2,0,0.0,True
54,B,brightness_dark,T013-S2,6,0,0.0,True
54,B,brightness_dark,T013-S2,7,0,0.0,True
55,B,brightness_dark,T013-S2,0,0,0.0,True
55,B,brightness_dark,T013-S2,8,0,0.0,True
56,B,brightness_dark,T013-S2,3,-12500/377169,,False
56,B,brightness_dark,T013-S2,4,0,,False
56,B,brightness_dark,T013-S2,6,0,,False
56,B,brightness_dark,T013-S2,9,0,,False
57,B,brightness_dark,T013-S2,0,0,0.0,True
57,B,brightness_dark,T013-S2,1,0,0.0,True
57,B,brightness_dark,T013-S2,3,0,0.0,True
57,B,brightness_dark,T013-S2,4,0,0.0,True
57,B,brightness_dark,T013-S2,6,0,0.0,True
58,B,brightness_dark,T013-S2,0,0,0.0,True
58,B,brightness_dark,T013-S2,9,0,0.0,True
59,B,brightness_dark,T013-S2,0,0,0.0,True
59,B,brightness_dark,T013-S2,1,0,0.0,True
59,B,brightness_dark,T013-S2,3,0,0.0,True
59,B,brightness_dark,T013-S2,5,0,0.0,True
59,B,brightness_dark,T013-S2,6,0,0.0,True
60,B,brightness_dark,T013-S2,0,0,0.0,True
61,B,brightness_dark,T013-S2,0,0,0.0,True
61,B,brightness_dark,T013-S2,4,0,0.0,True
61,B,brightness_dark,T013-S2,5,0,0.0,True
61,B,brightness_dark,T013-S2,7,0,0.0,True
62,B,brightness_dark,T013-S2,0,0,0.0,True
62,B,brightness_dark,T013-S2,5,0,0.0,True
62,B,brightness_dark,T013-S2,6,0,0.0,True
62,B,brightness_dark,T013-S2,9,0,0.0,True
63,B,brightness_dark,T013-S2,3,0,0.0,True
63,B,brightness_dark,T013-S2,4,0,0.0,True
63,B,brightness_dark,T013-S2,6,0,0.0,True
64,B,brightness_dark,T013-S2,1,0,0.0,True
64,B,brightness_dark,T013-S2,3,2043970/283253919,0.08312394636665685,True
64,B,brightness_dark,T013-S2,5,6001/112650,0.613648948333295,True
64,B,brightness_dark,T013-S2,8,-9474700/283253919,-0.3853160538756262,True
64,B,brightness_dark,T013-S2,9,-9474700/283253919,-0.3853160538756262,True
65,B,brightness_dark,T013-S2,5,1/50,0.3333333333333333,True
66,B,brightness_dark,T013-S2,7,0,0.0,True
66,B,brightness_dark,T013-S2,8,0,0.0,True
66,B,brightness_dark,T013-S2,9,9492765/288223286,1.6602307497457474,True
67,B,brightness_dark,T013-S2,1,42271673/488394075,0.7223027487760533,True
67,B,brightness_dark,T013-S2,2,0,0.0,True
67,B,brightness_dark,T013-S2,5,42271673/488394075,0.7223027487760533,True
67,B,brightness_dark,T013-S2,7,42271673/488394075,0.7223027487760533,True
67,B,brightness_dark,T013-S2,8,-52104721/976788150,-0.44516079600764025,True
68,B,brightness_dark,T013-S2,1,0,0.0,True
68,B,brightness_dark,T013-S2,7,0,0.0,True
68,B,brightness_dark,T013-S2,9,0,0.0,True
69,B,brightness_dark,T013-S2,2,0,0.0,True
69,B,brightness_dark,T013-S2,5,0,0.0,True
69,B,brightness_dark,T013-S2,7,0,0.0,True
70,B,brightness_dark,T013-S2,0,0,0.0,True
70,B,brightness_dark,T013-S2,8,0,0.0,True
71,B,brightness_dark,T013-S2,4,0,0.0,True
71,B,brightness_dark,T013-S2,5,0,0.0,True
71,B,brightness_dark,T013-S2,8,0,0.0,True
72,B,brightness_dark,T013-S2,0,0,0.0,True
72,B,brightness_dark,T013-S2,5,0,0.0,True
72,B,brightness_dark,T013-S2,8,0,0.0,True
73,B,brightness_dark,T013-S2,5,0,0.0,True
73,B,brightness_dark,T013-S2,6,0,0.0,True
73,B,brightness_dark,T013-S2,7,0,0.0,True
74,B,brightness_dark,T013-S2,6,0,0.0,True
75,B,brightness_dark,T013-S2,0,0,0.0,True
75,B,brightness_dark,T013-S2,1,0,0.0,True
75,B,brightness_dark,T013-S2,3,0,0.0,True
76,B,brightness_dark,T013-S2,1,0,0.0,True
76,B,brightness_dark,T013-S2,6,0,0.0,True
76,B,brightness_dark,T013-S2,7,0,0.0,True
77,B,brightness_dark,T013-S2,0,2480/190637,0.6533479692645444,True
77,B,brightness_dark,T013-S2,2,70/1509,2.329747530186608,True
78,B,brightness_dark,T013-S2,4,0,0.0,True
78,B,brightness_dark,T013-S2,5,1201/22530,1.0,True
78,B,brightness_dark,T013-S2,8,0,0.0,True
79,B,brightness_dark,T013-S2,1,0,0.0,True
79,B,brightness_dark,T013-S2,2,0,0.0,True
79,B,brightness_dark,T013-S2,5,0,0.0,True
80,B,brightness_dark,T013-S2,6,0,0.0,True
80,B,brightness_dark,T013-S2,7,0,0.0,True
81,B,brightness_dark,T013-S2,7,0,0.0,True
81,B,brightness_dark,T013-S2,9,0,0.0,True
82,B,brightness_dark,T013-S2,3,0,0.0,True
82,B,brightness_dark,T013-S2,7,0,0.0,True
83,B,brightness_dark,T013-S2,4,0,0.0,True
83,B,brightness_dark,T013-S2,7,0,0.0,True
83,B,brightness_dark,T013-S2,8,0,0.0,True
84,B,brightness_dark,T013-S2,2,0,0.0,True
84,B,brightness_dark,T013-S2,3,0,0.0,True
84,B,brightness_dark,T013-S2,6,25690/768081,0.3023420030599035,True
85,B,brightness_dark,T013-S2,5,0,0.0,True
85,B,brightness_dark,T013-S2,6,0,0.0,True
86,B,brightness_dark,T013-S2,2,0,,False
86,B,brightness_dark,T013-S2,4,0,,False
86,B,brightness_dark,T013-S2,5,-1/150,,False
86,B,brightness_dark,T013-S2,6,-1/150,,False
87,B,brightness_dark,T013-S2,3,48565/185497,2.03783481362333,True
87,B,brightness_dark,T013-S2,5,0,0.0,True
88,B,brightness_dark,T013-S2,3,0,0.0,True
88,B,brightness_dark,T013-S2,4,0,0.0,True
88,B,brightness_dark,T013-S2,6,0,0.0,True
88,B,brightness_dark,T013-S2,9,0,0.0,True
89,B,brightness_dark,T013-S2,4,0,0.0,True
89,B,brightness_dark,T013-S2,5,0,0.0,True
90,B,brightness_dark,T013-S2,2,0,0.0,True
90,B,brightness_dark,T013-S2,3,0,0.0,True
90,B,brightness_dark,T013-S2,5,0,0.0,True
90,B,brightness_dark,T013-S2,9,0,0.0,True
91,B,brightness_dark,T013-S2,3,0,0.0,True
91,B,brightness_dark,T013-S2,7,0,0.0,True
91,B,brightness_dark,T013-S2,9,0,0.0,True
92,B,brightness_dark,T013-S2,1,168787/12799293,0.029865950300505036,True
92,B,brightness_dark,T013-S2,3,0,0.0,True
92,B,brightness_dark,T013-S2,8,0,0.0,True
93,B,brightness_dark,T013-S2,4,0,0.0,True
94,B,brightness_dark,T013-S2,1,0,0.0,True
94,B,brightness_dark,T013-S2,5,0,0.0,True
95,B,brightness_dark,T013-S2,1,0,0.0,True
95,B,brightness_dark,T013-S2,5,0,0.0,True
95,B,brightness_dark,T013-S2,6,0,0.0,True
96,B,brightness_dark,T013-S2,7,0,0.0,True
96,B,brightness_dark,T013-S2,9,-2570/125723,-0.37909575411900265,True
97,B,brightness_dark,T013-S2,2,-100/1509,-2.5,True
97,B,brightness_dark,T013-S2,3,0,0.0,True
97,B,brightness_dark,T013-S2,9,0,0.0,True
98,B,brightness_dark,T013-S2,5,0,0.0,True
98,B,brightness_dark,T013-S2,6,0,0.0,True
98,B,brightness_dark,T013-S2,9,0,0.0,True
99,B,brightness_dark,T013-S2,0,0,0.0,True
99,B,brightness_dark,T013-S2,3,0,0.0,True
99,B,brightness_dark,T013-S2,4,0,0.0,True
99,B,brightness_dark,T013-S2,5,0,0.0,True
99,B,brightness_dark,T013-S2,7,0,0.0,True
99,B,brightness_dark,T013-S2,9,0,0.0,True
0,B,brightness_dark,T013-S3,1,0,0.0,True
0,B,brightness_dark,T013-S3,6,0,0.0,True
0,B,brightness_dark,T013-S3,7,0,0.0,True
1,B,brightness_dark,T013-S3,1,0,0.0,True
1,B,brightness_dark,T013-S3,7,0,0.0,True
2,B,brightness_dark,T013-S3,3,0,,False
2,B,brightness_dark,T013-S3,4,0,,False
2,B,brightness_dark,T013-S3,9,0,,False
3,B,brightness_dark,T013-S3,0,0,0.0,True
4,B,brightness_dark,T013-S3,4,0,0.0,True
4,B,brightness_dark,T013-S3,5,0,0.0,True
4,B,brightness_dark,T013-S3,9,0,0.0,True
5,B,brightness_dark,T013-S3,0,0,0.0,True
5,B,brightness_dark,T013-S3,2,0,0.0,True
5,B,brightness_dark,T013-S3,5,0,0.0,True
6,B,brightness_dark,T013-S3,0,0,0.0,True
6,B,brightness_dark,T013-S3,3,0,0.0,True
6,B,brightness_dark,T013-S3,6,-9980/125723,-0.26662410616034543,True
7,B,brightness_dark,T013-S3,1,0,0.0,True
7,B,brightness_dark,T013-S3,3,2294/17043,0.351301684532925,True
8,B,brightness_dark,T013-S3,0,0,0.0,True
8,B,brightness_dark,T013-S3,5,0,0.0,True
9,B,brightness_dark,T013-S3,7,0,0.0,True
9,B,brightness_dark,T013-S3,8,0,0.0,True
10,B,brightness_dark,T013-S3,2,497624299/6395181234,3.926218678691839,True
10,B,brightness_dark,T013-S3,3,497624299/6395181234,3.926218678691839,True
10,B,brightness_dark,T013-S3,4,0,0.0,True
11,B,brightness_dark,T013-S3,2,0,0.0,True
11,B,brightness_dark,T013-S3,8,0,0.0,True
12,B,brightness_dark,T013-S3,2,0,0.0,True
12,B,brightness_dark,T013-S3,7,0,0.0,True
13,B,brightness_dark,T013-S3,1,0,0.0,True
13,B,brightness_dark,T013-S3,3,0,0.0,True
13,B,brightness_dark,T013-S3,5,0,0.0,True
14,B,brightness_dark,T013-S3,1,0,0.0,True
14,B,brightness_dark,T013-S3,2,0,0.0,True
15,B,brightness_dark,T013-S3,4,0,,False
16,B,brightness_dark,T013-S3,1,0,0.0,True
16,B,brightness_dark,T013-S3,4,0,0.0,True
16,B,brightness_dark,T013-S3,6,0,0.0,True
16,B,brightness_dark,T013-S3,8,0,0.0,True
16,B,brightness_dark,T013-S3,9,0,0.0,True
17,B,brightness_dark,T013-S3,1,0,0.0,True
17,B,brightness_dark,T013-S3,4,0,0.0,True
17,B,brightness_dark,T013-S3,8,0,0.0,True
18,B,brightness_dark,T013-S3,0,0,0.0,True
18,B,brightness_dark,T013-S3,3,0,0.0,True
18,B,brightness_dark,T013-S3,6,0,0.0,True
19,B,brightness_dark,T013-S3,0,0,0.0,True
19,B,brightness_dark,T013-S3,2,0,0.0,True
19,B,brightness_dark,T013-S3,7,0,0.0,True
20,B,brightness_dark,T013-S3,6,0,0.0,True
21,B,brightness_dark,T013-S3,4,0,,False
22,B,brightness_dark,T013-S3,1,0,0.0,True
22,B,brightness_dark,T013-S3,2,0,0.0,True
23,B,brightness_dark,T013-S3,0,0,0.0,True
23,B,brightness_dark,T013-S3,2,0,0.0,True
23,B,brightness_dark,T013-S3,5,0,0.0,True
23,B,brightness_dark,T013-S3,8,0,0.0,True
23,B,brightness_dark,T013-S3,9,0,0.0,True
24,B,brightness_dark,T013-S3,3,0,0.0,True
24,B,brightness_dark,T013-S3,7,0,0.0,True
24,B,brightness_dark,T013-S3,9,13333987/503143446,0.9947384892329189,True
25,B,brightness_dark,T013-S3,0,0,0.0,True
25,B,brightness_dark,T013-S3,1,0,0.0,True
25,B,brightness_dark,T013-S3,4,-3011/113321,-0.3988871961316818,True
26,B,brightness_dark,T013-S3,5,0,0.0,True
26,B,brightness_dark,T013-S3,6,0,0.0,True
27,B,brightness_dark,T013-S3,1,20/299,0.06802721088435375,True
28,B,brightness_dark,T013-S3,0,0,0.0,True
28,B,brightness_dark,T013-S3,2,0,0.0,True
28,B,brightness_dark,T013-S3,3,-2555/187226,-1.0226817878585723,True
28,B,brightness_dark,T013-S3,4,0,0.0,True
28,B,brightness_dark,T013-S3,5,0,0.0,True
28,B,brightness_dark,T013-S3,8,0,0.0,True
29,B,brightness_dark,T013-S3,1,0,0.0,True
30,B,brightness_dark,T013-S3,2,0,0.0,True
30,B,brightness_dark,T013-S3,4,0,0.0,True
30,B,brightness_dark,T013-S3,5,0,0.0,True
31,B,brightness_dark,T013-S3,8,0,0.0,True
32,B,brightness_dark,T013-S3,0,0,0.0,True
32,B,brightness_dark,T013-S3,2,0,0.0,True
32,B,brightness_dark,T013-S3,4,0,0.0,True
32,B,brightness_dark,T013-S3,5,0,0.0,True
32,B,brightness_dark,T013-S3,8,0,0.0,True
33,B,brightness_dark,T013-S3,0,0,0.0,True
33,B,brightness_dark,T013-S3,3,0,0.0,True
34,B,brightness_dark,T013-S3,2,0,0.0,True
34,B,brightness_dark,T013-S3,3,0,0.0,True
34,B,brightness_dark,T013-S3,8,0,0.0,True
35,B,brightness_dark,T013-S3,1,0,0.0,True
35,B,brightness_dark,T013-S3,8,0,0.0,True
36,B,brightness_dark,T013-S3,0,0,0.0,True
36,B,brightness_dark,T013-S3,1,0,0.0,True
36,B,brightness_dark,T013-S3,6,0,0.0,True
36,B,brightness_dark,T013-S3,7,0,0.0,True
36,B,brightness_dark,T013-S3,9,0,0.0,True
37,B,brightness_dark,T013-S3,2,0,,False
37,B,brightness_dark,T013-S3,6,0,,False
37,B,brightness_dark,T013-S3,9,0,,False
38,B,brightness_dark,T013-S3,8,0,0.0,True
39,B,brightness_dark,T013-S3,2,0,0.0,True
40,B,brightness_dark,T013-S3,9,-575/42978,,False
41,B,brightness_dark,T013-S3,0,0,0.0,True
41,B,brightness_dark,T013-S3,1,0,0.0,True
41,B,brightness_dark,T013-S3,3,0,0.0,True
41,B,brightness_dark,T013-S3,9,0,0.0,True
42,B,brightness_dark,T013-S3,0,0,0.0,True
42,B,brightness_dark,T013-S3,1,0,0.0,True
42,B,brightness_dark,T013-S3,2,0,0.0,True
43,B,brightness_dark,T013-S3,0,0,0.0,True
43,B,brightness_dark,T013-S3,4,0,0.0,True
44,B,brightness_dark,T013-S3,0,0,0.0,True
44,B,brightness_dark,T013-S3,8,0,0.0,True
44,B,brightness_dark,T013-S3,9,0,0.0,True
45,B,brightness_dark,T013-S3,2,7475/1133259,,False
45,B,brightness_dark,T013-S3,4,-20/1509,,False
45,B,brightness_dark,T013-S3,5,0,,False
45,B,brightness_dark,T013-S3,8,0,,False
46,B,brightness_dark,T013-S3,2,0,0.0,True
46,B,brightness_dark,T013-S3,4,0,0.0,True
46,B,brightness_dark,T013-S3,5,1/30,1.0,True
47,B,brightness_dark,T013-S3,0,0,0.0,True
47,B,brightness_dark,T013-S3,1,0,0.0,True
47,B,brightness_dark,T013-S3,2,0,0.0,True
47,B,brightness_dark,T013-S3,4,0,0.0,True
47,B,brightness_dark,T013-S3,8,0,0.0,True
48,B,brightness_dark,T013-S3,4,3785/142883,1.0,True
48,B,brightness_dark,T013-S3,7,0,0.0,True
48,B,brightness_dark,T013-S3,9,0,0.0,True
49,B,brightness_dark,T013-S3,1,0,0.0,True
49,B,brightness_dark,T013-S3,3,1718/17043,0.24581485191014452,True
50,B,brightness_dark,T013-S3,2,3029163203/16942222050,13.489987499387661,True
50,B,brightness_dark,T013-S3,5,0,0.0,True
51,B,brightness_dark,T013-S3,3,0,,False
51,B,brightness_dark,T013-S3,4,0,,False
51,B,brightness_dark,T013-S3,9,0,,False
52,B,brightness_dark,T013-S3,0,0,0.0,True
52,B,brightness_dark,T013-S3,2,0,0.0,True
53,B,brightness_dark,T013-S3,1,20/377,0.26543566070398156,True
53,B,brightness_dark,T013-S3,7,20/377,0.26543566070398156,True
54,B,brightness_dark,T013-S3,2,0,0.0,True
54,B,brightness_dark,T013-S3,6,0,0.0,True
54,B,brightness_dark,T013-S3,7,0,0.0,True
55,B,brightness_dark,T013-S3,0,0,0.0,True
55,B,brightness_dark,T013-S3,8,0,0.0,True
56,B,brightness_dark,T013-S3,3,-5022185/189716007,,False
56,B,brightness_dark,T013-S3,4,0,,False
56,B,brightness_dark,T013-S3,6,0,,False
56,B,brightness_dark,T013-S3,9,0,,False
57,B,brightness_dark,T013-S3,0,0,0.0,True
57,B,brightness_dark,T013-S3,1,0,0.0,True
57,B,brightness_dark,T013-S3,3,0,0.0,True
57,B,brightness_dark,T013-S3,4,0,0.0,True
57,B,brightness_dark,T013-S3,6,0,0.0,True
58,B,brightness_dark,T013-S3,0,0,0.0,True
58,B,brightness_dark,T013-S3,9,0,0.0,True
59,B,brightness_dark,T013-S3,0,0,0.0,True
59,B,brightness_dark,T013-S3,1,0,0.0,True
59,B,brightness_dark,T013-S3,3,0,0.0,True
59,B,brightness_dark,T013-S3,5,0,0.0,True
59,B,brightness_dark,T013-S3,6,0,0.0,True
60,B,brightness_dark,T013-S3,0,0,0.0,True
61,B,brightness_dark,T013-S3,0,0,0.0,True
61,B,brightness_dark,T013-S3,4,0,0.0,True
61,B,brightness_dark,T013-S3,5,0,0.0,True
61,B,brightness_dark,T013-S3,7,0,0.0,True
62,B,brightness_dark,T013-S3,0,0,0.0,True
62,B,brightness_dark,T013-S3,5,0,0.0,True
62,B,brightness_dark,T013-S3,6,0,0.0,True
62,B,brightness_dark,T013-S3,9,0,0.0,True
63,B,brightness_dark,T013-S3,3,0,0.0,True
63,B,brightness_dark,T013-S3,4,0,0.0,True
63,B,brightness_dark,T013-S3,6,0,0.0,True
64,B,brightness_dark,T013-S3,1,0,0.0,True
64,B,brightness_dark,T013-S3,3,2043970/283253919,0.08312394636665685,True
64,B,brightness_dark,T013-S3,5,6001/112650,0.613648948333295,True
64,B,brightness_dark,T013-S3,8,-9474700/283253919,-0.3853160538756262,True
64,B,brightness_dark,T013-S3,9,-9474700/283253919,-0.3853160538756262,True
65,B,brightness_dark,T013-S3,5,2/75,0.4444444444444444,True
66,B,brightness_dark,T013-S3,7,0,0.0,True
66,B,brightness_dark,T013-S3,8,0,0.0,True
66,B,brightness_dark,T013-S3,9,9492765/288223286,1.6602307497457474,True
67,B,brightness_dark,T013-S3,1,463/8671,0.4456070185910926,True
67,B,brightness_dark,T013-S3,2,0,0.0,True
67,B,brightness_dark,T013-S3,5,463/8671,0.4456070185910926,True
67,B,brightness_dark,T013-S3,7,463/8671,0.4456070185910926,True
67,B,brightness_dark,T013-S3,8,-84491117/976788150,-0.721856526192601,True
68,B,brightness_dark,T013-S3,1,0,0.0,True
68,B,brightness_dark,T013-S3,7,0,0.0,True
68,B,brightness_dark,T013-S3,9,0,0.0,True
69,B,brightness_dark,T013-S3,2,0,0.0,True
69,B,brightness_dark,T013-S3,5,0,0.0,True
69,B,brightness_dark,T013-S3,7,0,0.0,True
70,B,brightness_dark,T013-S3,0,0,0.0,True
70,B,brightness_dark,T013-S3,8,0,0.0,True
71,B,brightness_dark,T013-S3,4,0,0.0,True
71,B,brightness_dark,T013-S3,5,0,0.0,True
71,B,brightness_dark,T013-S3,8,0,0.0,True
72,B,brightness_dark,T013-S3,0,0,0.0,True
72,B,brightness_dark,T013-S3,5,0,0.0,True
72,B,brightness_dark,T013-S3,8,0,0.0,True
73,B,brightness_dark,T013-S3,5,0,0.0,True
73,B,brightness_dark,T013-S3,6,0,0.0,True
73,B,brightness_dark,T013-S3,7,0,0.0,True
74,B,brightness_dark,T013-S3,6,0,0.0,True
75,B,brightness_dark,T013-S3,0,0,0.0,True
75,B,brightness_dark,T013-S3,1,0,0.0,True
75,B,brightness_dark,T013-S3,3,0,0.0,True
76,B,brightness_dark,T013-S3,1,0,0.0,True
76,B,brightness_dark,T013-S3,6,0,0.0,True
76,B,brightness_dark,T013-S3,7,0,0.0,True
77,B,brightness_dark,T013-S3,0,-10165/381274,-1.3389681668496158,True
77,B,brightness_dark,T013-S3,2,20/503,1.9969264544456642,True
78,B,brightness_dark,T013-S3,4,0,0.0,True
78,B,brightness_dark,T013-S3,5,1201/22530,1.0,True
78,B,brightness_dark,T013-S3,8,0,0.0,True
79,B,brightness_dark,T013-S3,1,0,0.0,True
79,B,brightness_dark,T013-S3,2,0,0.0,True
79,B,brightness_dark,T013-S3,5,0,0.0,True
80,B,brightness_dark,T013-S3,6,0,0.0,True
80,B,brightness_dark,T013-S3,7,0,0.0,True
81,B,brightness_dark,T013-S3,7,0,0.0,True
81,B,brightness_dark,T013-S3,9,0,0.0,True
82,B,brightness_dark,T013-S3,3,0,0.0,True
82,B,brightness_dark,T013-S3,7,0,0.0,True
83,B,brightness_dark,T013-S3,4,0,0.0,True
83,B,brightness_dark,T013-S3,7,0,0.0,True
83,B,brightness_dark,T013-S3,8,0,0.0,True
84,B,brightness_dark,T013-S3,2,0,0.0,True
84,B,brightness_dark,T013-S3,3,35570/768081,0.4186183358832529,True
84,B,brightness_dark,T013-S3,6,25690/768081,0.3023420030599035,True
85,B,brightness_dark,T013-S3,5,0,0.0,True
85,B,brightness_dark,T013-S3,6,0,0.0,True
86,B,brightness_dark,T013-S3,2,1/150,,False
86,B,brightness_dark,T013-S3,4,1/150,,False
86,B,brightness_dark,T013-S3,5,0,,False
86,B,brightness_dark,T013-S3,6,0,,False
87,B,brightness_dark,T013-S3,3,112400/556491,1.57213791174208,True
87,B,brightness_dark,T013-S3,5,0,0.0,True
88,B,brightness_dark,T013-S3,3,0,0.0,True
88,B,brightness_dark,T013-S3,4,0,0.0,True
88,B,brightness_dark,T013-S3,6,0,0.0,True
88,B,brightness_dark,T013-S3,9,0,0.0,True
89,B,brightness_dark,T013-S3,4,-10/1527,-0.07027231709148153,True
89,B,brightness_dark,T013-S3,5,-10/1527,-0.07027231709148153,True
90,B,brightness_dark,T013-S3,2,0,0.0,True
90,B,brightness_dark,T013-S3,3,0,0.0,True
90,B,brightness_dark,T013-S3,5,0,0.0,True
90,B,brightness_dark,T013-S3,9,0,0.0,True
91,B,brightness_dark,T013-S3,3,0,0.0,True
91,B,brightness_dark,T013-S3,7,0,0.0,True
91,B,brightness_dark,T013-S3,9,0,0.0,True
92,B,brightness_dark,T013-S3,1,168787/12799293,0.03341629977838219,True
92,B,brightness_dark,T013-S3,3,0,0.0,True
92,B,brightness_dark,T013-S3,8,0,0.0,True
93,B,brightness_dark,T013-S3,4,-2/299,-0.2508687737878537,True
94,B,brightness_dark,T013-S3,1,0,0.0,True
94,B,brightness_dark,T013-S3,5,0,0.0,True
95,B,brightness_dark,T013-S3,1,0,0.0,True
95,B,brightness_dark,T013-S3,5,0,0.0,True
95,B,brightness_dark,T013-S3,6,0,0.0,True
96,B,brightness_dark,T013-S3,7,0,0.0,True
96,B,brightness_dark,T013-S3,9,-2570/125723,-0.37909575411900265,True
97,B,brightness_dark,T013-S3,2,-130/1509,-3.25,True
97,B,brightness_dark,T013-S3,3,0,0.0,True
97,B,brightness_dark,T013-S3,9,0,0.0,True
98,B,brightness_dark,T013-S3,5,0,0.0,True
98,B,brightness_dark,T013-S3,6,0,0.0,True
98,B,brightness_dark,T013-S3,9,0,0.0,True
99,B,brightness_dark,T013-S3,0,0,0.0,True
99,B,brightness_dark,T013-S3,3,0,0.0,True
99,B,brightness_dark,T013-S3,4,0,0.0,True
99,B,brightness_dark,T013-S3,5,0,0.0,True
99,B,brightness_dark,T013-S3,7,0,0.0,True
99,B,brightness_dark,T013-S3,9,0,0.0,True
0,B,contrast_low,T013-S0,1,0,0.0,True
0,B,contrast_low,T013-S0,6,0,0.0,True
0,B,contrast_low,T013-S0,7,0,0.0,True
1,B,contrast_low,T013-S0,1,0,0.0,True
1,B,contrast_low,T013-S0,7,0,0.0,True
2,B,contrast_low,T013-S0,3,0,0.0,True
2,B,contrast_low,T013-S0,4,0,0.0,True
2,B,contrast_low,T013-S0,9,0,0.0,True
3,B,contrast_low,T013-S0,0,35/758,0.3684210526315789,True
4,B,contrast_low,T013-S0,4,0,0.0,True
4,B,contrast_low,T013-S0,5,0,0.0,True
4,B,contrast_low,T013-S0,9,0,0.0,True
5,B,contrast_low,T013-S0,0,-1683457/28595550,-1.1080317404737112,True
5,B,contrast_low,T013-S0,2,0,0.0,True
5,B,contrast_low,T013-S0,5,0,0.0,True
6,B,contrast_low,T013-S0,0,0,0.0,True
6,B,contrast_low,T013-S0,3,0,0.0,True
6,B,contrast_low,T013-S0,6,-17007305/285894102,-0.7494013973417372,True
7,B,contrast_low,T013-S0,1,0,0.0,True
7,B,contrast_low,T013-S0,3,2629/17043,0.7660256410256411,True
8,B,contrast_low,T013-S0,0,1246888574/3170154975,0.9224812589092293,True
8,B,contrast_low,T013-S0,5,1246888574/3170154975,0.9224812589092293,True
9,B,contrast_low,T013-S0,7,607721/13023842,0.5016165576442912,True
9,B,contrast_low,T013-S0,8,607721/13023842,0.5016165576442912,True
10,B,contrast_low,T013-S0,2,0,0.0,True
10,B,contrast_low,T013-S0,3,0,0.0,True
10,B,contrast_low,T013-S0,4,-30365450/139025679,-2.9931716972283877,True
11,B,contrast_low,T013-S0,2,0,0.0,True
11,B,contrast_low,T013-S0,8,0,0.0,True
12,B,contrast_low,T013-S0,2,0,0.0,True
12,B,contrast_low,T013-S0,7,0,0.0,True
13,B,contrast_low,T013-S0,1,0,0.0,True
13,B,contrast_low,T013-S0,3,0,0.0,True
13,B,contrast_low,T013-S0,5,0,0.0,True
14,B,contrast_low,T013-S0,1,0,0.0,True
14,B,contrast_low,T013-S0,2,0,0.0,True
15,B,contrast_low,T013-S0,4,55/746,1.0,True
16,B,contrast_low,T013-S0,1,0,0.0,True
16,B,contrast_low,T013-S0,4,0,0.0,True
16,B,contrast_low,T013-S0,6,0,0.0,True
16,B,contrast_low,T013-S0,8,0,0.0,True
16,B,contrast_low,T013-S0,9,0,0.0,True
17,B,contrast_low,T013-S0,1,0,0.0,True
17,B,contrast_low,T013-S0,4,0,0.0,True
17,B,contrast_low,T013-S0,8,0,0.0,True
18,B,contrast_low,T013-S0,0,5/758,1.0,True
18,B,contrast_low,T013-S0,3,0,0.0,True
18,B,contrast_low,T013-S0,6,0,0.0,True
19,B,contrast_low,T013-S0,0,0,0.0,True
19,B,contrast_low,T013-S0,2,0,0.0,True
19,B,contrast_low,T013-S0,7,0,0.0,True
20,B,contrast_low,T013-S0,6,0,0.0,True
21,B,contrast_low,T013-S0,4,55/746,1.0,True
22,B,contrast_low,T013-S0,1,0,0.0,True
22,B,contrast_low,T013-S0,2,0,0.0,True
23,B,contrast_low,T013-S0,0,50995675/859010322,,False
23,B,contrast_low,T013-S0,2,0,,False
23,B,contrast_low,T013-S0,5,1875500/143168387,,False
23,B,contrast_low,T013-S0,8,0,,False
23,B,contrast_low,T013-S0,9,0,,False
24,B,contrast_low,T013-S0,3,0,,False
24,B,contrast_low,T013-S0,7,0,,False
24,B,contrast_low,T013-S0,9,0,,False
25,B,contrast_low,T013-S0,0,0,0.0,True
25,B,contrast_low,T013-S0,1,0,0.0,True
25,B,contrast_low,T013-S0,4,0,0.0,True
26,B,contrast_low,T013-S0,5,0,0.0,True
26,B,contrast_low,T013-S0,6,0,0.0,True
27,B,contrast_low,T013-S0,1,0,0.0,True
28,B,contrast_low,T013-S0,0,0,0.0,True
28,B,contrast_low,T013-S0,2,0,0.0,True
28,B,contrast_low,T013-S0,3,0,0.0,True
28,B,contrast_low,T013-S0,4,0,0.0,True
28,B,contrast_low,T013-S0,5,0,0.0,True
28,B,contrast_low,T013-S0,8,85/561678,0.005655536570695538,True
29,B,contrast_low,T013-S0,1,0,0.0,True
30,B,contrast_low,T013-S0,2,110/1509,0.27202136604184185,True
30,B,contrast_low,T013-S0,4,0,0.0,True
30,B,contrast_low,T013-S0,5,-70/503,-0.5193135169889708,True
31,B,contrast_low,T013-S0,8,0,0.0,True
32,B,contrast_low,T013-S0,0,0,0.0,True
32,B,contrast_low,T013-S0,2,0,0.0,True
32,B,contrast_low,T013-S0,4,0,0.0,True
32,B,contrast_low,T013-S0,5,0,0.0,True
32,B,contrast_low,T013-S0,8,0,0.0,True
33,B,contrast_low,T013-S0,0,0,0.0,True
33,B,contrast_low,T013-S0,3,15415/561678,0.23925190128821977,True
34,B,contrast_low,T013-S0,2,0,0.0,True
34,B,contrast_low,T013-S0,3,-2568355/189716007,-0.6620358914081269,True
34,B,contrast_low,T013-S0,8,0,0.0,True
35,B,contrast_low,T013-S0,1,0,0.0,True
35,B,contrast_low,T013-S0,8,0,0.0,True
36,B,contrast_low,T013-S0,0,0,0.0,True
36,B,contrast_low,T013-S0,1,0,0.0,True
36,B,contrast_low,T013-S0,6,0,0.0,True
36,B,contrast_low,T013-S0,7,0,0.0,True
36,B,contrast_low,T013-S0,9,-2/299,-1.0,True
37,B,contrast_low,T013-S0,2,20480/768081,170.66666666666666,True
37,B,contrast_low,T013-S0,6,20480/768081,170.66666666666666,True
37,B,contrast_low,T013-S0,9,0,0.0,True
38,B,contrast_low,T013-S0,8,0,0.0,True
39,B,contrast_low,T013-S0,2,0,0.0,True
40,B,contrast_low,T013-S0,9,0,,False
41,B,contrast_low,T013-S0,0,0,0.0,True
41,B,contrast_low,T013-S0,1,0,0.0,True
41,B,contrast_low,T013-S0,3,9980/185497,0.8001636069760714,True
41,B,contrast_low,T013-S0,9,0,0.0,True
42,B,contrast_low,T013-S0,0,0,0.0,True
42,B,contrast_low,T013-S0,1,0,0.0,True
42,B,contrast_low,T013-S0,2,0,0.0,True
43,B,contrast_low,T013-S0,0,0,0.0,True
43,B,contrast_low,T013-S0,4,0,0.0,True
44,B,contrast_low,T013-S0,0,0,,False
44,B,contrast_low,T013-S0,8,0,,False
44,B,contrast_low,T013-S0,9,0,,False
45,B,contrast_low,T013-S0,2,0,0.0,True
45,B,contrast_low,T013-S0,4,0,0.0,True
45,B,contrast_low,T013-S0,5,0,0.0,True
45,B,contrast_low,T013-S0,8,0,0.0,True
46,B,contrast_low,T013-S0,2,0,0.0,True
46,B,contrast_low,T013-S0,4,2239/27975,0.46164948453608246,True
46,B,contrast_low,T013-S0,5,194/1119,1.0,True
47,B,contrast_low,T013-S0,0,0,0.0,True
47,B,contrast_low,T013-S0,1,0,0.0,True
47,B,contrast_low,T013-S0,2,0,0.0,True
47,B,contrast_low,T013-S0,4,0,0.0,True
47,B,contrast_low,T013-S0,8,0,0.0,True
48,B,contrast_low,T013-S0,4,0,0.0,True
48,B,contrast_low,T013-S0,7,-5/754,-0.1656282219514481,True
48,B,contrast_low,T013-S0,9,0,0.0,True
49,B,contrast_low,T013-S0,1,0,0.0,True
49,B,contrast_low,T013-S0,3,0,0.0,True
50,B,contrast_low,T013-S0,2,0,0.0,True
50,B,contrast_low,T013-S0,5,0,0.0,True
51,B,contrast_low,T013-S0,3,0,,False
51,B,contrast_low,T013-S0,4,0,,False
51,B,contrast_low,T013-S0,9,0,,False
52,B,contrast_low,T013-S0,0,0,,False
52,B,contrast_low,T013-S0,2,0,,False
53,B,contrast_low,T013-S0,1,0,0.0,True
53,B,contrast_low,T013-S0,7,0,0.0,True
54,B,contrast_low,T013-S0,2,-19880/768081,,False
54,B,contrast_low,T013-S0,6,0,,False
54,B,contrast_low,T013-S0,7,-1443731270/36581905841,,False
55,B,contrast_low,T013-S0,0,0,0.0,True
55,B,contrast_low,T013-S0,8,0,0.0,True
56,B,contrast_low,T013-S0,3,0,,False
56,B,contrast_low,T013-S0,4,-5/741,,False
56,B,contrast_low,T013-S0,6,-1259925/63238669,,False
56,B,contrast_low,T013-S0,9,-1259925/63238669,,False
57,B,contrast_low,T013-S0,0,11657996/216872175,0.3493776853942171,True
57,B,contrast_low,T013-S0,1,2884105911/26964440425,0.695176189877495,True
57,B,contrast_low,T013-S0,3,2884105911/26964440425,0.695176189877495,True
57,B,contrast_low,T013-S0,4,0,0.0,True
57,B,contrast_low,T013-S0,6,0,0.0,True
58,B,contrast_low,T013-S0,0,0,,False
58,B,contrast_low,T013-S0,9,0,,False
59,B,contrast_low,T013-S0,0,0,0.0,True
59,B,contrast_low,T013-S0,1,0,0.0,True
59,B,contrast_low,T013-S0,3,0,0.0,True
59,B,contrast_low,T013-S0,5,0,0.0,True
59,B,contrast_low,T013-S0,6,0,0.0,True
60,B,contrast_low,T013-S0,0,60/379,0.7741935483870968,True
61,B,contrast_low,T013-S0,0,0,0.0,True
61,B,contrast_low,T013-S0,4,0,0.0,True
61,B,contrast_low,T013-S0,5,0,0.0,True
61,B,contrast_low,T013-S0,7,0,0.0,True
62,B,contrast_low,T013-S0,0,0,0.0,True
62,B,contrast_low,T013-S0,5,0,0.0,True
62,B,contrast_low,T013-S0,6,0,0.0,True
62,B,contrast_low,T013-S0,9,0,0.0,True
63,B,contrast_low,T013-S0,3,-89777348/3517100925,-0.38906400481863607,True
63,B,contrast_low,T013-S0,4,0,0.0,True
63,B,contrast_low,T013-S0,6,0,0.0,True
64,B,contrast_low,T013-S0,1,0,0.0,True
64,B,contrast_low,T013-S0,3,0,0.0,True
64,B,contrast_low,T013-S0,5,0,0.0,True
64,B,contrast_low,T013-S0,8,0,0.0,True
64,B,contrast_low,T013-S0,9,0,0.0,True
65,B,contrast_low,T013-S0,5,0,0.0,True
66,B,contrast_low,T013-S0,7,0,0.0,True
66,B,contrast_low,T013-S0,8,0,0.0,True
66,B,contrast_low,T013-S0,9,0,0.0,True
67,B,contrast_low,T013-S0,1,0,0.0,True
67,B,contrast_low,T013-S0,2,-7827509/195357630,-0.6001682125683635,True
67,B,contrast_low,T013-S0,5,-7827509/195357630,-0.6001682125683635,True
67,B,contrast_low,T013-S0,7,0,0.0,True
67,B,contrast_low,T013-S0,8,0,0.0,True
68,B,contrast_low,T013-S0,1,0,0.0,True
68,B,contrast_low,T013-S0,7,0,0.0,True
68,B,contrast_low,T013-S0,9,0,0.0,True
69,B,contrast_low,T013-S0,2,-26921/2013006,-1.0090329835082459,True
69,B,contrast_low,T013-S0,5,-26921/2013006,-1.0090329835082459,True
69,B,contrast_low,T013-S0,7,-263329/38247114,-0.5194685551960861,True
70,B,contrast_low,T013-S0,0,0,0.0,True
70,B,contrast_low,T013-S0,8,0,0.0,True
71,B,contrast_low,T013-S0,4,983248/21009225,1.0,True
71,B,contrast_low,T013-S0,5,0,0.0,True
71,B,contrast_low,T013-S0,8,0,0.0,True
72,B,contrast_low,T013-S0,0,0,0.0,True
72,B,contrast_low,T013-S0,5,-1691561/42694350,-0.3129653260244735,True
72,B,contrast_low,T013-S0,8,0,0.0,True
73,B,contrast_low,T013-S0,5,0,0.0,True
73,B,contrast_low,T013-S0,6,0,0.0,True
73,B,contrast_low,T013-S0,7,0,0.0,True
74,B,contrast_low,T013-S0,6,0,0.0,True
75,B,contrast_low,T013-S0,0,0,0.0,True
75,B,contrast_low,T013-S0,1,0,0.0,True
75,B,contrast_low,T013-S0,3,720878/2153099,0.7699306678116117,True
76,B,contrast_low,T013-S0,1,0,0.0,True
76,B,contrast_low,T013-S0,6,60184/456573,1.6417096454683897,True
76,B,contrast_low,T013-S0,7,0,0.0,True
77,B,contrast_low,T013-S0,0,0,0.0,True
77,B,contrast_low,T013-S0,2,0,0.0,True
78,B,contrast_low,T013-S0,4,-9011/112650,-0.41368969374361825,True
78,B,contrast_low,T013-S0,5,0,0.0,True
78,B,contrast_low,T013-S0,8,0,0.0,True
79,B,contrast_low,T013-S0,1,4974/150397,2.4953177257525083,True
79,B,contrast_low,T013-S0,2,20/1509,1.0,True
79,B,contrast_low,T013-S0,5,4974/150397,2.4953177257525083,True
80,B,contrast_low,T013-S0,6,0,0.0,True
80,B,contrast_low,T013-S0,7,0,0.0,True
81,B,contrast_low,T013-S0,7,5/377,1.0,True
81,B,contrast_low,T013-S0,9,0,0.0,True
82,B,contrast_low,T013-S0,3,0,0.0,True
82,B,contrast_low,T013-S0,7,0,0.0,True
83,B,contrast_low,T013-S0,4,241265/566254,0.752880559137654,True
83,B,contrast_low,T013-S0,7,26431805/32276478,1.4470506244256742,True
83,B,contrast_low,T013-S0,8,26431805/32276478,1.4470506244256742,True
84,B,contrast_low,T013-S0,2,99700/768081,,False
84,B,contrast_low,T013-S0,3,0,,False
84,B,contrast_low,T013-S0,6,0,,False
85,B,contrast_low,T013-S0,5,0,0.0,True
85,B,contrast_low,T013-S0,6,0,0.0,True
86,B,contrast_low,T013-S0,2,0,0.0,True
86,B,contrast_low,T013-S0,4,1007/25150,1.1983339944466482,True
86,B,contrast_low,T013-S0,5,0,0.0,True
86,B,contrast_low,T013-S0,6,0,0.0,True
87,B,contrast_low,T013-S0,3,26135/185497,1.906744727968167,True
87,B,contrast_low,T013-S0,5,310499/9274850,0.4530647264506508,True
88,B,contrast_low,T013-S0,3,0,0.0,True
88,B,contrast_low,T013-S0,4,0,0.0,True
88,B,contrast_low,T013-S0,6,0,0.0,True
88,B,contrast_low,T013-S0,9,0,0.0,True
89,B,contrast_low,T013-S0,4,0,0.0,True
89,B,contrast_low,T013-S0,5,0,0.0,True
90,B,contrast_low,T013-S0,2,0,0.0,True
90,B,contrast_low,T013-S0,3,0,0.0,True
90,B,contrast_low,T013-S0,5,0,0.0,True
90,B,contrast_low,T013-S0,9,-499167869/10658635390,-0.5347344029927552,True
91,B,contrast_low,T013-S0,3,0,0.0,True
91,B,contrast_low,T013-S0,7,0,0.0,True
91,B,contrast_low,T013-S0,9,-10/741,-0.6744186046511628,True
92,B,contrast_low,T013-S0,1,0,0.0,True
92,B,contrast_low,T013-S0,3,0,0.0,True
92,B,contrast_low,T013-S0,8,0,0.0,True
93,B,contrast_low,T013-S0,4,6771213/84537466,1.0,True
94,B,contrast_low,T013-S0,1,0,0.0,True
94,B,contrast_low,T013-S0,5,0,0.0,True
95,B,contrast_low,T013-S0,1,0,0.0,True
95,B,contrast_low,T013-S0,5,0,0.0,True
95,B,contrast_low,T013-S0,6,0,0.0,True
96,B,contrast_low,T013-S0,7,0,0.0,True
96,B,contrast_low,T013-S0,9,0,0.0,True
97,B,contrast_low,T013-S0,2,0,0.0,True
97,B,contrast_low,T013-S0,3,0,0.0,True
97,B,contrast_low,T013-S0,9,0,0.0,True
98,B,contrast_low,T013-S0,5,0,0.0,True
98,B,contrast_low,T013-S0,6,0,0.0,True
98,B,contrast_low,T013-S0,9,0,0.0,True
99,B,contrast_low,T013-S0,0,0,0.0,True
99,B,contrast_low,T013-S0,3,0,0.0,True
99,B,contrast_low,T013-S0,4,0,0.0,True
99,B,contrast_low,T013-S0,5,0,0.0,True
99,B,contrast_low,T013-S0,7,0,0.0,True
99,B,contrast_low,T013-S0,9,0,0.0,True
0,B,contrast_low,T013-S1,1,0,0.0,True
0,B,contrast_low,T013-S1,6,0,0.0,True
0,B,contrast_low,T013-S1,7,-14/299,-0.25967380876239204,True
1,B,contrast_low,T013-S1,1,0,0.0,True
1,B,contrast_low,T013-S1,7,0,0.0,True
2,B,contrast_low,T013-S1,3,-5/741,-0.3333333333333333,True
2,B,contrast_low,T013-S1,4,0,0.0,True
2,B,contrast_low,T013-S1,9,0,0.0,True
3,B,contrast_low,T013-S1,0,35/758,0.3684210526315789,True
4,B,contrast_low,T013-S1,4,0,0.0,True
4,B,contrast_low,T013-S1,5,0,0.0,True
4,B,contrast_low,T013-S1,9,0,0.0,True
5,B,contrast_low,T013-S1,0,-1683457/28595550,-2.9440227903088725,True
5,B,contrast_low,T013-S1,2,0,0.0,True
5,B,contrast_low,T013-S1,5,0,0.0,True
6,B,contrast_low,T013-S1,0,0,0.0,True
6,B,contrast_low,T013-S1,3,0,0.0,True
6,B,contrast_low,T013-S1,6,-8808485/95298034,-1.2725708281223438,True
7,B,contrast_low,T013-S1,1,0,0.0,True
7,B,contrast_low,T013-S1,3,2629/17043,0.7660256410256411,True
8,B,contrast_low,T013-S1,0,1246888574/3170154975,0.9224812589092293,True
8,B,contrast_low,T013-S1,5,1246888574/3170154975,0.9224812589092293,True
9,B,contrast_low,T013-S1,7,607721/13023842,0.5016165576442912,True
9,B,contrast_low,T013-S1,8,607721/13023842,0.5016165576442912,True
10,B,contrast_low,T013-S1,2,0,0.0,True
10,B,contrast_low,T013-S1,3,0,0.0,True
10,B,contrast_low,T013-S1,4,-30365450/139025679,-2.9931716972283877,True
11,B,contrast_low,T013-S1,2,0,0.0,True
11,B,contrast_low,T013-S1,8,0,0.0,True
12,B,contrast_low,T013-S1,2,0,0.0,True
12,B,contrast_low,T013-S1,7,0,0.0,True
13,B,contrast_low,T013-S1,1,0,0.0,True
13,B,contrast_low,T013-S1,3,0,0.0,True
13,B,contrast_low,T013-S1,5,0,0.0,True
14,B,contrast_low,T013-S1,1,0,0.0,True
14,B,contrast_low,T013-S1,2,0,0.0,True
15,B,contrast_low,T013-S1,4,55/746,1.0,True
16,B,contrast_low,T013-S1,1,0,0.0,True
16,B,contrast_low,T013-S1,4,0,0.0,True
16,B,contrast_low,T013-S1,6,0,0.0,True
16,B,contrast_low,T013-S1,8,0,0.0,True
16,B,contrast_low,T013-S1,9,0,0.0,True
17,B,contrast_low,T013-S1,1,0,0.0,True
17,B,contrast_low,T013-S1,4,0,0.0,True
17,B,contrast_low,T013-S1,8,0,0.0,True
18,B,contrast_low,T013-S1,0,5/379,2.0,True
18,B,contrast_low,T013-S1,3,0,0.0,True
18,B,contrast_low,T013-S1,6,0,0.0,True
19,B,contrast_low,T013-S1,0,0,0.0,True
19,B,contrast_low,T013-S1,2,0,0.0,True
19,B,contrast_low,T013-S1,7,0,0.0,True
20,B,contrast_low,T013-S1,6,0,0.0,True
21,B,contrast_low,T013-S1,4,55/746,1.0,True
22,B,contrast_low,T013-S1,1,0,0.0,True
22,B,contrast_low,T013-S1,2,18724/451191,0.15832642776208758,True
23,B,contrast_low,T013-S1,0,50995675/859010322,,False
23,B,contrast_low,T013-S1,2,0,,False
23,B,contrast_low,T013-S1,5,11319080/429505161,,False
23,B,contrast_low,T013-S1,8,0,,False
23,B,contrast_low,T013-S1,9,0,,False
24,B,contrast_low,T013-S1,3,0,,False
24,B,contrast_low,T013-S1,7,0,,False
24,B,contrast_low,T013-S1,9,0,,False
25,B,contrast_low,T013-S1,0,0,0.0,True
25,B,contrast_low,T013-S1,1,0,0.0,True
25,B,contrast_low,T013-S1,4,0,0.0,True
26,B,contrast_low,T013-S1,5,0,0.0,True
26,B,contrast_low,T013-S1,6,0,0.0,True
27,B,contrast_low,T013-S1,1,0,0.0,True
28,B,contrast_low,T013-S1,0,0,0.0,True
28,B,contrast_low,T013-S1,2,0,0.0,True
28,B,contrast_low,T013-S1,3,0,0.0,True
28,B,contrast_low,T013-S1,4,0,0.0,True
28,B,contrast_low,T013-S1,5,0,0.0,True
28,B,contrast_low,T013-S1,8,85/561678,0.005655536570695538,True
29,B,contrast_low,T013-S1,1,0,0.0,True
30,B,contrast_low,T013-S1,2,11003/75450,0.8091036105596,True
30,B,contrast_low,T013-S1,4,0,0.0,True
30,B,contrast_low,T013-S1,5,-1249/12575,-0.5510699316126185,True
31,B,contrast_low,T013-S1,8,0,0.0,True
32,B,contrast_low,T013-S1,0,0,0.0,True
32,B,contrast_low,T013-S1,2,0,0.0,True
32,B,contrast_low,T013-S1,4,0,0.0,True
32,B,contrast_low,T013-S1,5,0,0.0,True
32,B,contrast_low,T013-S1,8,0,0.0,True
33,B,contrast_low,T013-S1,0,0,0.0,True
33,B,contrast_low,T013-S1,3,15415/561678,0.23925190128821977,True
34,B,contrast_low,T013-S1,2,0,0.0,True
34,B,contrast_low,T013-S1,3,-2849083165/142476721257,-0.977893754056047,True
34,B,contrast_low,T013-S1,8,0,0.0,True
35,B,contrast_low,T013-S1,1,0,0.0,True
35,B,contrast_low,T013-S1,8,0,0.0,True
36,B,contrast_low,T013-S1,0,0,0.0,True
36,B,contrast_low,T013-S1,1,0,0.0,True
36,B,contrast_low,T013-S1,6,0,0.0,True
36,B,contrast_low,T013-S1,7,0,0.0,True
36,B,contrast_low,T013-S1,9,-2/299,-1.0,True
37,B,contrast_low,T013-S1,2,40/1509,169.66666666666666,True
37,B,contrast_low,T013-S1,6,0,0.0,True
37,B,contrast_low,T013-S1,9,-40/256027,-1.0,True
38,B,contrast_low,T013-S1,8,0,0.0,True
39,B,contrast_low,T013-S1,2,0,0.0,True
40,B,contrast_low,T013-S1,9,0,,False
41,B,contrast_low,T013-S1,0,0,0.0,True
41,B,contrast_low,T013-S1,1,-22430/556491,-0.5994545659476713,True
41,B,contrast_low,T013-S1,3,10/741,0.20070904102839998,True
41,B,contrast_low,T013-S1,9,-22430/556491,-0.5994545659476713,True
42,B,contrast_low,T013-S1,0,0,0.0,True
42,B,contrast_low,T013-S1,1,0,0.0,True
42,B,contrast_low,T013-S1,2,0,0.0,True
43,B,contrast_low,T013-S1,0,0,0.0,True
43,B,contrast_low,T013-S1,4,0,0.0,True
44,B,contrast_low,T013-S1,0,0,,False
44,B,contrast_low,T013-S1,8,0,,False
44,B,contrast_low,T013-S1,9,0,,False
45,B,contrast_low,T013-S1,2,0,0.0,True
45,B,contrast_low,T013-S1,4,0,0.0,True
45,B,contrast_low,T013-S1,5,0,0.0,True
45,B,contrast_low,T013-S1,8,0,0.0,True
46,B,contrast_low,T013-S1,2,0,0.0,True
46,B,contrast_low,T013-S1,4,2/25,0.46144329896907216,True
46,B,contrast_low,T013-S1,5,194/1119,1.0,True
47,B,contrast_low,T013-S1,0,0,0.0,True
47,B,contrast_low,T013-S1,1,0,0.0,True
47,B,contrast_low,T013-S1,2,0,0.0,True
47,B,contrast_low,T013-S1,4,0,0.0,True
47,B,contrast_low,T013-S1,8,0,0.0,True
48,B,contrast_low,T013-S1,4,0,0.0,True
48,B,contrast_low,T013-S1,7,0,0.0,True
48,B,contrast_low,T013-S1,9,0,0.0,True
49,B,contrast_low,T013-S1,1,0,0.0,True
49,B,contrast_low,T013-S1,3,0,0.0,True
50,B,contrast_low,T013-S1,2,0,0.0,True
50,B,contrast_low,T013-S1,5,0,0.0,True
51,B,contrast_low,T013-S1,3,0,,False
51,B,contrast_low,T013-S1,4,0,,False
51,B,contrast_low,T013-S1,9,0,,False
52,B,contrast_low,T013-S1,0,0,,False
52,B,contrast_low,T013-S1,2,0,,False
53,B,contrast_low,T013-S1,1,0,0.0,True
53,B,contrast_low,T013-S1,7,0,0.0,True
54,B,contrast_low,T013-S1,2,-19820/768081,,False
54,B,contrast_low,T013-S1,6,-4970/768081,,False
54,B,contrast_low,T013-S1,7,-1440873610/36581905841,,False
55,B,contrast_low,T013-S1,0,0,0.0,True
55,B,contrast_low,T013-S1,8,0,0.0,True
56,B,contrast_low,T013-S1,3,0,,False
56,B,contrast_low,T013-S1,4,-5/741,,False
56,B,contrast_low,T013-S1,6,-1259925/63238669,,False
56,B,contrast_low,T013-S1,9,-1259925/63238669,,False
57,B,contrast_low,T013-S1,0,6384029/105950650,0.39162131566227076,True
57,B,contrast_low,T013-S1,1,2884105911/26964440425,0.695176189877495,True
57,B,contrast_low,T013-S1,3,2884105911/26964440425,0.695176189877495,True
57,B,contrast_low,T013-S1,4,0,0.0,True
57,B,contrast_low,T013-S1,6,0,0.0,True
58,B,contrast_low,T013-S1,0,0,,False
58,B,contrast_low,T013-S1,9,0,,False
59,B,contrast_low,T013-S1,0,0,0.0,True
59,B,contrast_low,T013-S1,1,0,0.0,True
59,B,contrast_low,T013-S1,3,0,0.0,True
59,B,contrast_low,T013-S1,5,0,0.0,True
59,B,contrast_low,T013-S1,6,0,0.0,True
60,B,contrast_low,T013-S1,0,60/379,0.7741935483870968,True
61,B,contrast_low,T013-S1,0,0,0.0,True
61,B,contrast_low,T013-S1,4,0,0.0,True
61,B,contrast_low,T013-S1,5,0,0.0,True
61,B,contrast_low,T013-S1,7,1/150,0.5026525198938993,True
62,B,contrast_low,T013-S1,0,0,0.0,True
62,B,contrast_low,T013-S1,5,0,0.0,True
62,B,contrast_low,T013-S1,6,0,0.0,True
62,B,contrast_low,T013-S1,9,0,0.0,True
63,B,contrast_low,T013-S1,3,-89777348/3517100925,-0.38906400481863607,True
63,B,contrast_low,T013-S1,4,0,0.0,True
63,B,contrast_low,T013-S1,6,0,0.0,True
64,B,contrast_low,T013-S1,1,0,0.0,True
64,B,contrast_low,T013-S1,3,0,0.0,True
64,B,contrast_low,T013-S1,5,0,0.0,True
64,B,contrast_low,T013-S1,8,0,0.0,True
64,B,contrast_low,T013-S1,9,0,0.0,True
65,B,contrast_low,T013-S1,5,0,0.0,True
66,B,contrast_low,T013-S1,7,0,0.0,True
66,B,contrast_low,T013-S1,8,0,0.0,True
66,B,contrast_low,T013-S1,9,0,0.0,True
67,B,contrast_low,T013-S1,1,0,0.0,True
67,B,contrast_low,T013-S1,2,-7827509/195357630,-0.6001682125683635,True
67,B,contrast_low,T013-S1,5,-7827509/195357630,-0.6001682125683635,True
67,B,contrast_low,T013-S1,7,0,0.0,True
67,B,contrast_low,T013-S1,8,0,0.0,True
68,B,contrast_low,T013-S1,1,0,0.0,True
68,B,contrast_low,T013-S1,7,0,0.0,True
68,B,contrast_low,T013-S1,9,0,0.0,True
69,B,contrast_low,T013-S1,2,-347961/8723026,-3.009696113481721,True
69,B,contrast_low,T013-S1,5,-347961/8723026,-3.009696113481721,True
69,B,contrast_low,T013-S1,7,20/1509,1.0,True
70,B,contrast_low,T013-S1,0,0,0.0,True
70,B,contrast_low,T013-S1,8,0,0.0,True
71,B,contrast_low,T013-S1,4,983248/21009225,1.0,True
71,B,contrast_low,T013-S1,5,0,0.0,True
71,B,contrast_low,T013-S1,8,0,0.0,True
72,B,contrast_low,T013-S1,0,0,0.0,True
72,B,contrast_low,T013-S1,5,-1691561/42694350,-0.3129653260244735,True
72,B,contrast_low,T013-S1,8,0,0.0,True
73,B,contrast_low,T013-S1,5,0,0.0,True
73,B,contrast_low,T013-S1,6,0,0.0,True
73,B,contrast_low,T013-S1,7,0,0.0,True
74,B,contrast_low,T013-S1,6,0,0.0,True
75,B,contrast_low,T013-S1,0,0,0.0,True
75,B,contrast_low,T013-S1,1,0,0.0,True
75,B,contrast_low,T013-S1,3,720878/2153099,0.7699306678116117,True
76,B,contrast_low,T013-S1,1,0,0.0,True
76,B,contrast_low,T013-S1,6,60184/456573,1.6417096454683897,True
76,B,contrast_low,T013-S1,7,0,0.0,True
77,B,contrast_low,T013-S1,0,0,0.0,True
77,B,contrast_low,T013-S1,2,0,0.0,True
78,B,contrast_low,T013-S1,4,-2503/18775,-0.689467519769355,True
78,B,contrast_low,T013-S1,5,0,0.0,True
78,B,contrast_low,T013-S1,8,0,0.0,True
79,B,contrast_low,T013-S1,1,4974/150397,2.4953177257525083,True
79,B,contrast_low,T013-S1,2,20/1509,1.0,True
79,B,contrast_low,T013-S1,5,4974/150397,2.4953177257525083,True
80,B,contrast_low,T013-S1,6,0,0.0,True
80,B,contrast_low,T013-S1,7,0,0.0,True
81,B,contrast_low,T013-S1,7,0,,False
81,B,contrast_low,T013-S1,9,0,,False
82,B,contrast_low,T013-S1,3,0,0.0,True
82,B,contrast_low,T013-S1,7,0,0.0,True
83,B,contrast_low,T013-S1,4,0,0.0,True
83,B,contrast_low,T013-S1,7,131935/283127,0.8234206915203314,True
83,B,contrast_low,T013-S1,8,131935/283127,0.8234206915203314,True
84,B,contrast_low,T013-S1,2,99700/768081,,False
84,B,contrast_low,T013-S1,3,0,,False
84,B,contrast_low,T013-S1,6,0,,False
85,B,contrast_low,T013-S1,5,0,0.0,True
85,B,contrast_low,T013-S1,6,0,0.0,True
86,B,contrast_low,T013-S1,2,0,0.0,True
86,B,contrast_low,T013-S1,4,1007/25150,1.1983339944466482,True
86,B,contrast_low,T013-S1,5,0,0.0,True
86,B,contrast_low,T013-S1,6,0,0.0,True
87,B,contrast_low,T013-S1,3,26135/185497,1.906744727968167,True
87,B,contrast_low,T013-S1,5,497/12350,0.5446234930016717,True
88,B,contrast_low,T013-S1,3,0,0.0,True
88,B,contrast_low,T013-S1,4,0,0.0,True
88,B,contrast_low,T013-S1,6,0,0.0,True
88,B,contrast_low,T013-S1,9,0,0.0,True
89,B,contrast_low,T013-S1,4,0,0.0,True
89,B,contrast_low,T013-S1,5,0,0.0,True
90,B,contrast_low,T013-S1,2,0,0.0,True
90,B,contrast_low,T013-S1,3,0,0.0,True
90,B,contrast_low,T013-S1,5,0,0.0,True
90,B,contrast_low,T013-S1,9,-499167869/10658635390,-0.5347344029927552,True
91,B,contrast_low,T013-S1,3,0,0.0,True
91,B,contrast_low,T013-S1,7,0,0.0,True
91,B,contrast_low,T013-S1,9,-10/741,-2.0,True
92,B,contrast_low,T013-S1,1,0,0.0,True
92,B,contrast_low,T013-S1,3,0,0.0,True
92,B,contrast_low,T013-S1,8,0,0.0,True
93,B,contrast_low,T013-S1,4,3106789/42268733,0.917646217893308,True
94,B,contrast_low,T013-S1,1,0,0.0,True
94,B,contrast_low,T013-S1,5,0,0.0,True
95,B,contrast_low,T013-S1,1,0,0.0,True
95,B,contrast_low,T013-S1,5,0,0.0,True
95,B,contrast_low,T013-S1,6,0,0.0,True
96,B,contrast_low,T013-S1,7,0,0.0,True
96,B,contrast_low,T013-S1,9,0,0.0,True
97,B,contrast_low,T013-S1,2,0,0.0,True
97,B,contrast_low,T013-S1,3,0,0.0,True
97,B,contrast_low,T013-S1,9,0,0.0,True
98,B,contrast_low,T013-S1,5,0,0.0,True
98,B,contrast_low,T013-S1,6,0,0.0,True
98,B,contrast_low,T013-S1,9,0,0.0,True
99,B,contrast_low,T013-S1,0,0,0.0,True
99,B,contrast_low,T013-S1,3,0,0.0,True
99,B,contrast_low,T013-S1,4,0,0.0,True
99,B,contrast_low,T013-S1,5,0,0.0,True
99,B,contrast_low,T013-S1,7,0,0.0,True
99,B,contrast_low,T013-S1,9,0,0.0,True
0,B,contrast_low,T013-S2,1,0,0.0,True
0,B,contrast_low,T013-S2,6,0,0.0,True
0,B,contrast_low,T013-S2,7,-33530/456573,-0.4072814485827957,True
1,B,contrast_low,T013-S2,1,0,0.0,True
1,B,contrast_low,T013-S2,7,0,0.0,True
2,B,contrast_low,T013-S2,3,0,0.0,True
2,B,contrast_low,T013-S2,4,0,0.0,True
2,B,contrast_low,T013-S2,9,0,0.0,True
3,B,contrast_low,T013-S2,0,35/758,0.3684210526315789,True
4,B,contrast_low,T013-S2,4,0,0.0,True
4,B,contrast_low,T013-S2,5,0,0.0,True
4,B,contrast_low,T013-S2,9,0,0.0,True
5,B,contrast_low,T013-S2,0,-1683457/28595550,-0.886282357239614,True
5,B,contrast_low,T013-S2,2,0,0.0,True
5,B,contrast_low,T013-S2,5,0,0.0,True
6,B,contrast_low,T013-S2,0,-70435/285894102,-0.0046363537925979605,True
6,B,contrast_low,T013-S2,3,-70435/285894102,-0.0046363537925979605,True
6,B,contrast_low,T013-S2,6,-27395/377169,-1.366874244457324,True
7,B,contrast_low,T013-S2,1,0,0.0,True
7,B,contrast_low,T013-S2,3,2629/17043,0.7660256410256411,True
8,B,contrast_low,T013-S2,0,2871731/7068350,0.9528753895018882,True
8,B,contrast_low,T013-S2,5,2871731/7068350,0.9528753895018882,True
9,B,contrast_low,T013-S2,7,607721/13023842,0.5016165576442912,True
9,B,contrast_low,T013-S2,8,607721/13023842,0.5016165576442912,True
10,B,contrast_low,T013-S2,2,0,0.0,True
10,B,contrast_low,T013-S2,3,0,0.0,True
10,B,contrast_low,T013-S2,4,-30365450/139025679,-2.9931716972283877,True
11,B,contrast_low,T013-S2,2,0,0.0,True
11,B,contrast_low,T013-S2,8,0,0.0,True
12,B,contrast_low,T013-S2,2,0,0.0,True
12,B,contrast_low,T013-S2,7,0,0.0,True
13,B,contrast_low,T013-S2,1,0,0.0,True
13,B,contrast_low,T013-S2,3,0,0.0,True
13,B,contrast_low,T013-S2,5,0,0.0,True
14,B,contrast_low,T013-S2,1,0,0.0,True
14,B,contrast_low,T013-S2,2,0,0.0,True
15,B,contrast_low,T013-S2,4,55/746,1.0,True
16,B,contrast_low,T013-S2,1,0,0.0,True
16,B,contrast_low,T013-S2,4,0,0.0,True
16,B,contrast_low,T013-S2,6,0,0.0,True
16,B,contrast_low,T013-S2,8,0,0.0,True
16,B,contrast_low,T013-S2,9,0,0.0,True
17,B,contrast_low,T013-S2,1,0,0.0,True
17,B,contrast_low,T013-S2,4,0,0.0,True
17,B,contrast_low,T013-S2,8,0,0.0,True
18,B,contrast_low,T013-S2,0,5/758,,False
18,B,contrast_low,T013-S2,3,0,,False
18,B,contrast_low,T013-S2,6,0,,False
19,B,contrast_low,T013-S2,0,0,0.0,True
19,B,contrast_low,T013-S2,2,0,0.0,True
19,B,contrast_low,T013-S2,7,0,0.0,True
20,B,contrast_low,T013-S2,6,0,0.0,True
21,B,contrast_low,T013-S2,4,55/746,1.0,True
22,B,contrast_low,T013-S2,1,0,0.0,True
22,B,contrast_low,T013-S2,2,0,0.0,True
23,B,contrast_low,T013-S2,0,50995675/859010322,,False
23,B,contrast_low,T013-S2,2,0,,False
23,B,contrast_low,T013-S2,5,50995675/859010322,,False
23,B,contrast_low,T013-S2,8,0,,False
23,B,contrast_low,T013-S2,9,0,,False
24,B,contrast_low,T013-S2,3,0,0.0,True
24,B,contrast_low,T013-S2,7,0,0.0,True
24,B,contrast_low,T013-S2,9,0,0.0,True
25,B,contrast_low,T013-S2,0,0,0.0,True
25,B,contrast_low,T013-S2,1,0,0.0,True
25,B,contrast_low,T013-S2,4,0,0.0,True
26,B,contrast_low,T013-S2,5,0,0.0,True
26,B,contrast_low,T013-S2,6,0,0.0,True
27,B,contrast_low,T013-S2,1,0,0.0,True
28,B,contrast_low,T013-S2,0,0,0.0,True
28,B,contrast_low,T013-S2,2,0,0.0,True
28,B,contrast_low,T013-S2,3,0,0.0,True
28,B,contrast_low,T013-S2,4,0,0.0,True
28,B,contrast_low,T013-S2,5,0,0.0,True
28,B,contrast_low,T013-S2,8,85/561678,0.005623731352368451,True
29,B,contrast_low,T013-S2,1,0,0.0,True
30,B,contrast_low,T013-S2,2,11003/75450,0.7045527309982711,True
30,B,contrast_low,T013-S2,4,30/503,0.28814753153614653,True
30,B,contrast_low,T013-S2,5,-1249/12575,-0.47986168918486266,True
31,B,contrast_low,T013-S2,8,0,0.0,True
32,B,contrast_low,T013-S2,0,0,0.0,True
32,B,contrast_low,T013-S2,2,0,0.0,True
32,B,contrast_low,T013-S2,4,0,0.0,True
32,B,contrast_low,T013-S2,5,0,0.0,True
32,B,contrast_low,T013-S2,8,0,0.0,True
33,B,contrast_low,T013-S2,0,0,0.0,True
33,B,contrast_low,T013-S2,3,15415/561678,0.23925190128821977,True
34,B,contrast_low,T013-S2,2,0,0.0,True
34,B,contrast_low,T013-S2,3,-1273400/189716007,-0.32823986719869674,True
34,B,contrast_low,T013-S2,8,0,0.0,True
35,B,contrast_low,T013-S2,1,0,0.0,True
35,B,contrast_low,T013-S2,8,0,0.0,True
36,B,contrast_low,T013-S2,0,2/299,1.0,True
36,B,contrast_low,T013-S2,1,2/299,1.0,True
36,B,contrast_low,T013-S2,6,2/299,1.0,True
36,B,contrast_low,T013-S2,7,2/299,1.0,True
36,B,contrast_low,T013-S2,9,0,0.0,True
37,B,contrast_low,T013-S2,2,20480/768081,170.66666666666666,True
37,B,contrast_low,T013-S2,6,20480/768081,170.66666666666666,True
37,B,contrast_low,T013-S2,9,0,0.0,True
38,B,contrast_low,T013-S2,8,0,0.0,True
39,B,contrast_low,T013-S2,2,0,0.0,True
40,B,contrast_low,T013-S2,9,0,,False
41,B,contrast_low,T013-S2,0,0,0.0,True
41,B,contrast_low,T013-S2,1,0,0.0,True
41,B,contrast_low,T013-S2,3,9980/185497,0.8001636069760714,True
41,B,contrast_low,T013-S2,9,0,0.0,True
42,B,contrast_low,T013-S2,0,0,0.0,True
42,B,contrast_low,T013-S2,1,0,0.0,True
42,B,contrast_low,T013-S2,2,0,0.0,True
43,B,contrast_low,T013-S2,0,0,0.0,True
43,B,contrast_low,T013-S2,4,0,0.0,True
44,B,contrast_low,T013-S2,0,0,,False
44,B,contrast_low,T013-S2,8,0,,False
44,B,contrast_low,T013-S2,9,0,,False
45,B,contrast_low,T013-S2,2,0,0.0,True
45,B,contrast_low,T013-S2,4,0,0.0,True
45,B,contrast_low,T013-S2,5,0,0.0,True
45,B,contrast_low,T013-S2,8,0,0.0,True
46,B,contrast_low,T013-S2,2,0,0.0,True
46,B,contrast_low,T013-S2,4,0,0.0,True
46,B,contrast_low,T013-S2,5,1/10,0.5768041237113402,True
47,B,contrast_low,T013-S2,0,0,0.0,True
47,B,contrast_low,T013-S2,1,0,0.0,True
47,B,contrast_low,T013-S2,2,0,0.0,True
47,B,contrast_low,T013-S2,4,0,0.0,True
47,B,contrast_low,T013-S2,8,0,0.0,True
48,B,contrast_low,T013-S2,4,0,0.0,True
48,B,contrast_low,T013-S2,7,-5/754,-0.1656282219514481,True
48,B,contrast_low,T013-S2,9,0,0.0,True
49,B,contrast_low,T013-S2,1,0,0.0,True
49,B,contrast_low,T013-S2,3,0,0.0,True
50,B,contrast_low,T013-S2,2,0,0.0,True
50,B,contrast_low,T013-S2,5,0,0.0,True
51,B,contrast_low,T013-S2,3,0,,False
51,B,contrast_low,T013-S2,4,0,,False
51,B,contrast_low,T013-S2,9,0,,False
52,B,contrast_low,T013-S2,0,0,,False
52,B,contrast_low,T013-S2,2,0,,False
53,B,contrast_low,T013-S2,1,0,0.0,True
53,B,contrast_low,T013-S2,7,0,0.0,True
54,B,contrast_low,T013-S2,2,-19820/768081,,False
54,B,contrast_low,T013-S2,6,10/1509,,False
54,B,contrast_low,T013-S2,7,-1440873610/36581905841,,False
55,B,contrast_low,T013-S2,0,0,0.0,True
55,B,contrast_low,T013-S2,8,0,0.0,True
56,B,contrast_low,T013-S2,3,0,0.0,True
56,B,contrast_low,T013-S2,4,-10/1509,-0.9821073558648111,True
56,B,contrast_low,T013-S2,6,-1259925/63238669,-2.952637807731216,True
56,B,contrast_low,T013-S2,9,-1259925/63238669,-2.952637807731216,True
57,B,contrast_low,T013-S2,0,17037349/317851950,0.34837921479665757,True
57,B,contrast_low,T013-S2,1,2884105911/26964440425,0.695176189877495,True
57,B,contrast_low,T013-S2,3,2884105911/26964440425,0.695176189877495,True
57,B,contrast_low,T013-S2,4,0,0.0,True
57,B,contrast_low,T013-S2,6,0,0.0,True
58,B,contrast_low,T013-S2,0,0,,False
58,B,contrast_low,T013-S2,9,0,,False
59,B,contrast_low,T013-S2,0,0,0.0,True
59,B,contrast_low,T013-S2,1,0,0.0,True
59,B,contrast_low,T013-S2,3,0,0.0,True
59,B,contrast_low,T013-S2,5,0,0.0,True
59,B,contrast_low,T013-S2,6,0,0.0,True
60,B,contrast_low,T013-S2,0,60/379,0.7741935483870968,True
61,B,contrast_low,T013-S2,0,0,0.0,True
61,B,contrast_low,T013-S2,4,0,0.0,True
61,B,contrast_low,T013-S2,5,0,0.0,True
61,B,contrast_low,T013-S2,7,377/28425,1.0,True
62,B,contrast_low,T013-S2,0,0,0.0,True
62,B,contrast_low,T013-S2,5,0,0.0,True
62,B,contrast_low,T013-S2,6,0,0.0,True
62,B,contrast_low,T013-S2,9,0,0.0,True
63,B,contrast_low,T013-S2,3,-89777348/3517100925,-0.38906400481863607,True
63,B,contrast_low,T013-S2,4,0,0.0,True
63,B,contrast_low,T013-S2,6,0,0.0,True
64,B,contrast_low,T013-S2,1,0,0.0,True
64,B,contrast_low,T013-S2,3,0,0.0,True
64,B,contrast_low,T013-S2,5,0,0.0,True
64,B,contrast_low,T013-S2,8,0,0.0,True
64,B,contrast_low,T013-S2,9,0,0.0,True
65,B,contrast_low,T013-S2,5,0,0.0,True
66,B,contrast_low,T013-S2,7,0,0.0,True
66,B,contrast_low,T013-S2,8,0,0.0,True
66,B,contrast_low,T013-S2,9,0,0.0,True
67,B,contrast_low,T013-S2,1,0,0.0,True
67,B,contrast_low,T013-S2,2,-7827509/195357630,-0.6001682125683635,True
67,B,contrast_low,T013-S2,5,-7827509/195357630,-0.6001682125683635,True
67,B,contrast_low,T013-S2,7,0,0.0,True
67,B,contrast_low,T013-S2,8,0,0.0,True
68,B,contrast_low,T013-S2,1,2205/17342,0.4224137931034483,True
68,B,contrast_low,T013-S2,7,2205/17342,0.4224137931034483,True
68,B,contrast_low,T013-S2,9,2205/17342,0.4224137931034483,True
69,B,contrast_low,T013-S2,2,-9026/451191,-1.5093645484949834,True
69,B,contrast_low,T013-S2,5,-9026/451191,-1.5093645484949834,True
69,B,contrast_low,T013-S2,7,-263329/38247114,-0.5194685551960861,True
70,B,contrast_low,T013-S2,0,0,0.0,True
70,B,contrast_low,T013-S2,8,0,0.0,True
71,B,contrast_low,T013-S2,4,983248/21009225,1.0,True
71,B,contrast_low,T013-S2,5,0,0.0,True
71,B,contrast_low,T013-S2,8,0,0.0,True
72,B,contrast_low,T013-S2,0,0,0.0,True
72,B,contrast_low,T013-S2,5,-1691561/42694350,-0.3129653260244735,True
72,B,contrast_low,T013-S2,8,0,0.0,True
73,B,contrast_low,T013-S2,5,0,0.0,True
73,B,contrast_low,T013-S2,6,0,0.0,True
73,B,contrast_low,T013-S2,7,0,0.0,True
74,B,contrast_low,T013-S2,6,0,0.0,True
75,B,contrast_low,T013-S2,0,0,0.0,True
75,B,contrast_low,T013-S2,1,0,0.0,True
75,B,contrast_low,T013-S2,3,720878/2153099,0.7699306678116117,True
76,B,contrast_low,T013-S2,1,0,0.0,True
76,B,contrast_low,T013-S2,6,60184/456573,1.6417096454683897,True
76,B,contrast_low,T013-S2,7,0,0.0,True
77,B,contrast_low,T013-S2,0,0,0.0,True
77,B,contrast_low,T013-S2,2,0,0.0,True
78,B,contrast_low,T013-S2,4,-851/7510,-0.586033618980944,True
78,B,contrast_low,T013-S2,5,0,0.0,True
78,B,contrast_low,T013-S2,8,0,0.0,True
79,B,contrast_low,T013-S2,1,4974/150397,2.4953177257525083,True
79,B,contrast_low,T013-S2,2,0,0.0,True
79,B,contrast_low,T013-S2,5,4974/150397,2.4953177257525083,True
80,B,contrast_low,T013-S2,6,0,0.0,True
80,B,contrast_low,T013-S2,7,0,0.0,True
81,B,contrast_low,T013-S2,7,5/754,0.5,True
81,B,contrast_low,T013-S2,9,0,0.0,True
82,B,contrast_low,T013-S2,3,0,0.0,True
82,B,contrast_low,T013-S2,7,0,0.0,True
83,B,contrast_low,T013-S2,4,251990/556491,0.8001440929684328,True
83,B,contrast_low,T013-S2,7,26431805/32276478,1.4470506244256742,True
83,B,contrast_low,T013-S2,8,26431805/32276478,1.4470506244256742,True
84,B,contrast_low,T013-S2,2,54310/768081,,False
84,B,contrast_low,T013-S2,3,0,,False
84,B,contrast_low,T013-S2,6,0,,False
85,B,contrast_low,T013-S2,5,0,0.0,True
85,B,contrast_low,T013-S2,6,0,0.0,True
86,B,contrast_low,T013-S2,2,0,0.0,True
86,B,contrast_low,T013-S2,4,1007/25150,1.1983339944466482,True
86,B,contrast_low,T013-S2,5,0,0.0,True
86,B,contrast_low,T013-S2,6,0,0.0,True
87,B,contrast_low,T013-S2,3,26135/185497,1.906744727968167,True
87,B,contrast_low,T013-S2,5,559999/9274850,0.8171227403232796,True
88,B,contrast_low,T013-S2,3,0,0.0,True
88,B,contrast_low,T013-S2,4,0,0.0,True
88,B,contrast_low,T013-S2,6,0,0.0,True
88,B,contrast_low,T013-S2,9,0,0.0,True
89,B,contrast_low,T013-S2,4,0,0.0,True
89,B,contrast_low,T013-S2,5,0,0.0,True
90,B,contrast_low,T013-S2,2,0,0.0,True
90,B,contrast_low,T013-S2,3,0,0.0,True
90,B,contrast_low,T013-S2,5,0,0.0,True
90,B,contrast_low,T013-S2,9,-499167869/10658635390,-0.5347344029927552,True
91,B,contrast_low,T013-S2,3,0,0.0,True
91,B,contrast_low,T013-S2,7,0,0.0,True
91,B,contrast_low,T013-S2,9,-10/741,-2.0,True
92,B,contrast_low,T013-S2,1,0,0.0,True
92,B,contrast_low,T013-S2,3,0,0.0,True
92,B,contrast_low,T013-S2,8,0,0.0,True
93,B,contrast_low,T013-S2,4,6771213/84537466,1.0,True
94,B,contrast_low,T013-S2,1,0,0.0,True
94,B,contrast_low,T013-S2,5,0,0.0,True
95,B,contrast_low,T013-S2,1,0,0.0,True
95,B,contrast_low,T013-S2,5,0,0.0,True
95,B,contrast_low,T013-S2,6,0,0.0,True
96,B,contrast_low,T013-S2,7,0,0.0,True
96,B,contrast_low,T013-S2,9,0,0.0,True
97,B,contrast_low,T013-S2,2,0,0.0,True
97,B,contrast_low,T013-S2,3,0,0.0,True
97,B,contrast_low,T013-S2,9,0,0.0,True
98,B,contrast_low,T013-S2,5,2641/56550,0.4675715008198255,True
98,B,contrast_low,T013-S2,6,2641/56550,0.4675715008198255,True
98,B,contrast_low,T013-S2,9,2641/56550,0.4675715008198255,True
99,B,contrast_low,T013-S2,0,0,0.0,True
99,B,contrast_low,T013-S2,3,0,0.0,True
99,B,contrast_low,T013-S2,4,0,0.0,True
99,B,contrast_low,T013-S2,5,0,0.0,True
99,B,contrast_low,T013-S2,7,0,0.0,True
99,B,contrast_low,T013-S2,9,0,0.0,True
0,B,contrast_low,T013-S3,1,0,0.0,True
0,B,contrast_low,T013-S3,6,0,0.0,True
0,B,contrast_low,T013-S3,7,-886529/26481234,-0.18566328420799555,True
1,B,contrast_low,T013-S3,1,0,0.0,True
1,B,contrast_low,T013-S3,7,0,0.0,True
2,B,contrast_low,T013-S3,3,0,0.0,True
2,B,contrast_low,T013-S3,4,0,0.0,True
2,B,contrast_low,T013-S3,9,0,0.0,True
3,B,contrast_low,T013-S3,0,35/758,0.3684210526315789,True
4,B,contrast_low,T013-S3,4,0,0.0,True
4,B,contrast_low,T013-S3,5,0,0.0,True
4,B,contrast_low,T013-S3,9,0,0.0,True
5,B,contrast_low,T013-S3,0,-1683457/28595550,-2.8848893740478423,True
5,B,contrast_low,T013-S3,2,0,0.0,True
5,B,contrast_low,T013-S3,5,0,0.0,True
6,B,contrast_low,T013-S3,0,0,0.0,True
6,B,contrast_low,T013-S3,3,0,0.0,True
6,B,contrast_low,T013-S3,6,-24524770/142947051,-2.8648750467627337,True
7,B,contrast_low,T013-S3,1,0,0.0,True
7,B,contrast_low,T013-S3,3,2629/17043,0.7660256410256411,True
8,B,contrast_low,T013-S3,0,1246888574/3170154975,0.9224812589092293,True
8,B,contrast_low,T013-S3,5,1246888574/3170154975,0.9224812589092293,True
9,B,contrast_low,T013-S3,7,607721/13023842,0.5016165576442912,True
9,B,contrast_low,T013-S3,8,607721/13023842,0.5016165576442912,True
10,B,contrast_low,T013-S3,2,0,0.0,True
10,B,contrast_low,T013-S3,3,0,0.0,True
10,B,contrast_low,T013-S3,4,-30365450/139025679,-2.9931716972283877,True
11,B,contrast_low,T013-S3,2,0,0.0,True
11,B,contrast_low,T013-S3,8,0,0.0,True
12,B,contrast_low,T013-S3,2,0,0.0,True
12,B,contrast_low,T013-S3,7,0,0.0,True
13,B,contrast_low,T013-S3,1,0,0.0,True
13,B,contrast_low,T013-S3,3,0,0.0,True
13,B,contrast_low,T013-S3,5,0,0.0,True
14,B,contrast_low,T013-S3,1,0,0.0,True
14,B,contrast_low,T013-S3,2,0,0.0,True
15,B,contrast_low,T013-S3,4,55/746,1.0,True
16,B,contrast_low,T013-S3,1,0,0.0,True
16,B,contrast_low,T013-S3,4,0,0.0,True
16,B,contrast_low,T013-S3,6,0,0.0,True
16,B,contrast_low,T013-S3,8,0,0.0,True
16,B,contrast_low,T013-S3,9,0,0.0,True
17,B,contrast_low,T013-S3,1,0,0.0,True
17,B,contrast_low,T013-S3,4,0,0.0,True
17,B,contrast_low,T013-S3,8,0,0.0,True
18,B,contrast_low,T013-S3,0,5/758,1.0,True
18,B,contrast_low,T013-S3,3,0,0.0,True
18,B,contrast_low,T013-S3,6,0,0.0,True
19,B,contrast_low,T013-S3,0,0,0.0,True
19,B,contrast_low,T013-S3,2,0,0.0,True
19,B,contrast_low,T013-S3,7,0,0.0,True
20,B,contrast_low,T013-S3,6,0,0.0,True
21,B,contrast_low,T013-S3,4,55/746,1.0,True
22,B,contrast_low,T013-S3,1,0,0.0,True
22,B,contrast_low,T013-S3,2,0,0.0,True
23,B,contrast_low,T013-S3,0,50995675/859010322,,False
23,B,contrast_low,T013-S3,2,0,,False
23,B,contrast_low,T013-S3,5,50995675/859010322,,False
23,B,contrast_low,T013-S3,8,0,,False
23,B,contrast_low,T013-S3,9,0,,False
24,B,contrast_low,T013-S3,3,0,0.0,True
24,B,contrast_low,T013-S3,7,0,0.0,True
24,B,contrast_low,T013-S3,9,0,0.0,True
25,B,contrast_low,T013-S3,0,0,0.0,True
25,B,contrast_low,T013-S3,1,0,0.0,True
25,B,contrast_low,T013-S3,4,0,0.0,True
26,B,contrast_low,T013-S3,5,0,0.0,True
26,B,contrast_low,T013-S3,6,0,0.0,True
27,B,contrast_low,T013-S3,1,0,0.0,True
28,B,contrast_low,T013-S3,0,0,0.0,True
28,B,contrast_low,T013-S3,2,0,0.0,True
28,B,contrast_low,T013-S3,3,0,0.0,True
28,B,contrast_low,T013-S3,4,0,0.0,True
28,B,contrast_low,T013-S3,5,0,0.0,True
28,B,contrast_low,T013-S3,8,85/561678,0.005655536570695538,True
29,B,contrast_low,T013-S3,1,0,0.0,True
30,B,contrast_low,T013-S3,2,11003/75450,0.5441911073742519,True
30,B,contrast_low,T013-S3,4,0,0.0,True
30,B,contrast_low,T013-S3,5,-30/503,-0.22256293585241604,True
31,B,contrast_low,T013-S3,8,0,0.0,True
32,B,contrast_low,T013-S3,0,0,0.0,True
32,B,contrast_low,T013-S3,2,0,0.0,True
32,B,contrast_low,T013-S3,4,0,0.0,True
32,B,contrast_low,T013-S3,5,0,0.0,True
32,B,contrast_low,T013-S3,8,0,0.0,True
33,B,contrast_low,T013-S3,0,0,0.0,True
33,B,contrast_low,T013-S3,3,15415/561678,0.23925190128821977,True
34,B,contrast_low,T013-S3,2,0,0.0,True
34,B,contrast_low,T013-S3,3,0,0.0,True
34,B,contrast_low,T013-S3,8,0,0.0,True
35,B,contrast_low,T013-S3,1,0,0.0,True
35,B,contrast_low,T013-S3,8,0,0.0,True
36,B,contrast_low,T013-S3,0,0,0.0,True
36,B,contrast_low,T013-S3,1,0,0.0,True
36,B,contrast_low,T013-S3,6,0,0.0,True
36,B,contrast_low,T013-S3,7,0,0.0,True
36,B,contrast_low,T013-S3,9,-2/299,-1.0,True
37,B,contrast_low,T013-S3,2,20480/768081,170.66666666666666,True
37,B,contrast_low,T013-S3,6,20480/768081,170.66666666666666,True
37,B,contrast_low,T013-S3,9,0,0.0,True
38,B,contrast_low,T013-S3,8,0,0.0,True
39,B,contrast_low,T013-S3,2,0,0.0,True
40,B,contrast_low,T013-S3,9,0,,False
41,B,contrast_low,T013-S3,0,0,0.0,True
41,B,contrast_low,T013-S3,1,0,0.0,True
41,B,contrast_low,T013-S3,3,9980/185497,0.8001636069760714,True
41,B,contrast_low,T013-S3,9,0,0.0,True
42,B,contrast_low,T013-S3,0,0,0.0,True
42,B,contrast_low,T013-S3,1,0,0.0,True
42,B,contrast_low,T013-S3,2,0,0.0,True
43,B,contrast_low,T013-S3,0,0,0.0,True
43,B,contrast_low,T013-S3,4,0,0.0,True
44,B,contrast_low,T013-S3,0,0,,False
44,B,contrast_low,T013-S3,8,0,,False
44,B,contrast_low,T013-S3,9,0,,False
45,B,contrast_low,T013-S3,2,0,0.0,True
45,B,contrast_low,T013-S3,4,0,0.0,True
45,B,contrast_low,T013-S3,5,0,0.0,True
45,B,contrast_low,T013-S3,8,0,0.0,True
46,B,contrast_low,T013-S3,2,0,0.0,True
46,B,contrast_low,T013-S3,4,194/1119,1.0,True
46,B,contrast_low,T013-S3,5,194/1119,1.0,True
47,B,contrast_low,T013-S3,0,0,0.0,True
47,B,contrast_low,T013-S3,1,0,0.0,True
47,B,contrast_low,T013-S3,2,0,0.0,True
47,B,contrast_low,T013-S3,4,0,0.0,True
47,B,contrast_low,T013-S3,8,0,0.0,True
48,B,contrast_low,T013-S3,4,0,0.0,True
48,B,contrast_low,T013-S3,7,-5/754,-0.1656282219514481,True
48,B,contrast_low,T013-S3,9,0,0.0,True
49,B,contrast_low,T013-S3,1,0,0.0,True
49,B,contrast_low,T013-S3,3,0,0.0,True
50,B,contrast_low,T013-S3,2,0,0.0,True
50,B,contrast_low,T013-S3,5,0,0.0,True
51,B,contrast_low,T013-S3,3,0,,False
51,B,contrast_low,T013-S3,4,0,,False
51,B,contrast_low,T013-S3,9,0,,False
52,B,contrast_low,T013-S3,0,0,,False
52,B,contrast_low,T013-S3,2,0,,False
53,B,contrast_low,T013-S3,1,0,0.0,True
53,B,contrast_low,T013-S3,7,0,0.0,True
54,B,contrast_low,T013-S3,2,-24970/768081,,False
54,B,contrast_low,T013-S3,6,0,,False
54,B,contrast_low,T013-S3,7,-5058468280/109745717523,,False
55,B,contrast_low,T013-S3,0,0,0.0,True
55,B,contrast_low,T013-S3,8,0,0.0,True
56,B,contrast_low,T013-S3,3,0,0.0,True
56,B,contrast_low,T013-S3,4,-10/1509,-0.9821073558648111,True
56,B,contrast_low,T013-S3,6,-1259925/63238669,-2.952637807731216,True
56,B,contrast_low,T013-S3,9,-1259925/63238669,-2.952637807731216,True
57,B,contrast_low,T013-S3,0,28987321/433744350,0.43435952099997216,True
57,B,contrast_low,T013-S3,1,2884105911/26964440425,0.695176189877495,True
57,B,contrast_low,T013-S3,3,2884105911/26964440425,0.695176189877495,True
57,B,contrast_low,T013-S3,4,0,0.0,True
57,B,contrast_low,T013-S3,6,0,0.0,True
58,B,contrast_low,T013-S3,0,0,,False
58,B,contrast_low,T013-S3,9,0,,False
59,B,contrast_low,T013-S3,0,0,0.0,True
59,B,contrast_low,T013-S3,1,0,0.0,True
59,B,contrast_low,T013-S3,3,0,0.0,True
59,B,contrast_low,T013-S3,5,0,0.0,True
59,B,contrast_low,T013-S3,6,0,0.0,True
60,B,contrast_low,T013-S3,0,60/379,0.7741935483870968,True
61,B,contrast_low,T013-S3,0,0,0.0,True
61,B,contrast_low,T013-S3,4,0,0.0,True
61,B,contrast_low,T013-S3,5,0,0.0,True
61,B,contrast_low,T013-S3,7,0,0.0,True
62,B,contrast_low,T013-S3,0,0,0.0,True
62,B,contrast_low,T013-S3,5,0,0.0,True
62,B,contrast_low,T013-S3,6,0,0.0,True
62,B,contrast_low,T013-S3,9,0,0.0,True
63,B,contrast_low,T013-S3,3,-89777348/3517100925,-0.3230195833280346,True
63,B,contrast_low,T013-S3,4,0,0.0,True
63,B,contrast_low,T013-S3,6,0,0.0,True
64,B,contrast_low,T013-S3,1,0,0.0,True
64,B,contrast_low,T013-S3,3,0,0.0,True
64,B,contrast_low,T013-S3,5,0,0.0,True
64,B,contrast_low,T013-S3,8,0,0.0,True
64,B,contrast_low,T013-S3,9,0,0.0,True
65,B,contrast_low,T013-S3,5,0,0.0,True
66,B,contrast_low,T013-S3,7,0,0.0,True
66,B,contrast_low,T013-S3,8,0,0.0,True
66,B,contrast_low,T013-S3,9,0,0.0,True
67,B,contrast_low,T013-S3,1,0,0.0,True
67,B,contrast_low,T013-S3,2,-7827509/195357630,-0.6001682125683635,True
67,B,contrast_low,T013-S3,5,-7827509/195357630,-0.6001682125683635,True
67,B,contrast_low,T013-S3,7,0,0.0,True
67,B,contrast_low,T013-S3,8,0,0.0,True
68,B,contrast_low,T013-S3,1,0,0.0,True
68,B,contrast_low,T013-S3,7,0,0.0,True
68,B,contrast_low,T013-S3,9,0,0.0,True
69,B,contrast_low,T013-S3,2,-8998/451191,-1.5046822742474917,True
69,B,contrast_low,T013-S3,5,-8998/451191,-1.5046822742474917,True
69,B,contrast_low,T013-S3,7,-263329/38247114,-0.5194685551960861,True
70,B,contrast_low,T013-S3,0,0,0.0,True
70,B,contrast_low,T013-S3,8,0,0.0,True
71,B,contrast_low,T013-S3,4,983248/21009225,1.0,True
71,B,contrast_low,T013-S3,5,0,0.0,True
71,B,contrast_low,T013-S3,8,0,0.0,True
72,B,contrast_low,T013-S3,0,0,0.0,True
72,B,contrast_low,T013-S3,5,-1691561/42694350,-0.3129653260244735,True
72,B,contrast_low,T013-S3,8,0,0.0,True
73,B,contrast_low,T013-S3,5,0,0.0,True
73,B,contrast_low,T013-S3,6,0,0.0,True
73,B,contrast_low,T013-S3,7,0,0.0,True
74,B,contrast_low,T013-S3,6,0,0.0,True
75,B,contrast_low,T013-S3,0,0,0.0,True
75,B,contrast_low,T013-S3,1,0,0.0,True
75,B,contrast_low,T013-S3,3,720878/2153099,0.7699306678116117,True
76,B,contrast_low,T013-S3,1,0,0.0,True
76,B,contrast_low,T013-S3,6,60184/456573,1.6417096454683897,True
76,B,contrast_low,T013-S3,7,0,0.0,True
77,B,contrast_low,T013-S3,0,0,0.0,True
77,B,contrast_low,T013-S3,2,0,0.0,True
78,B,contrast_low,T013-S3,4,-8124323/42018450,-0.9999540905899741,True
78,B,contrast_low,T013-S3,5,0,0.0,True
78,B,contrast_low,T013-S3,8,0,0.0,True
79,B,contrast_low,T013-S3,1,4974/150397,2.4953177257525083,True
79,B,contrast_low,T013-S3,2,8942/451191,1.4953177257525083,True
79,B,contrast_low,T013-S3,5,4974/150397,2.4953177257525083,True
80,B,contrast_low,T013-S3,6,0,0.0,True
80,B,contrast_low,T013-S3,7,0,0.0,True
81,B,contrast_low,T013-S3,7,5/377,1.0,True
81,B,contrast_low,T013-S3,9,0,0.0,True
82,B,contrast_low,T013-S3,3,0,0.0,True
82,B,contrast_low,T013-S3,7,0,0.0,True
83,B,contrast_low,T013-S3,4,126280/283127,0.788127221170936,True
83,B,contrast_low,T013-S3,7,26431805/32276478,1.4470506244256742,True
83,B,contrast_low,T013-S3,8,26431805/32276478,1.4470506244256742,True
84,B,contrast_low,T013-S3,2,64430/768081,,False
84,B,contrast_low,T013-S3,3,0,,False
84,B,contrast_low,T013-S3,6,0,,False
85,B,contrast_low,T013-S3,5,0,0.0,True
85,B,contrast_low,T013-S3,6,0,0.0,True
86,B,contrast_low,T013-S3,2,0,0.0,True
86,B,contrast_low,T013-S3,4,1007/25150,1.1983339944466482,True
86,B,contrast_low,T013-S3,5,0,0.0,True
86,B,contrast_low,T013-S3,6,0,0.0,True
87,B,contrast_low,T013-S3,3,26135/185497,1.906744727968167,True
87,B,contrast_low,T013-S3,5,0,0.0,True
88,B,contrast_low,T013-S3,3,0,0.0,True
88,B,contrast_low,T013-S3,4,0,0.0,True
88,B,contrast_low,T013-S3,6,0,0.0,True
88,B,contrast_low,T013-S3,9,0,0.0,True
89,B,contrast_low,T013-S3,4,0,0.0,True
89,B,contrast_low,T013-S3,5,0,0.0,True
90,B,contrast_low,T013-S3,2,0,0.0,True
90,B,contrast_low,T013-S3,3,0,0.0,True
90,B,contrast_low,T013-S3,5,0,0.0,True
90,B,contrast_low,T013-S3,9,-499167869/10658635390,-0.5347344029927552,True
91,B,contrast_low,T013-S3,3,0,0.0,True
91,B,contrast_low,T013-S3,7,0,0.0,True
91,B,contrast_low,T013-S3,9,-10/741,-1.0,True
92,B,contrast_low,T013-S3,1,0,0.0,True
92,B,contrast_low,T013-S3,3,0,0.0,True
92,B,contrast_low,T013-S3,8,0,0.0,True
93,B,contrast_low,T013-S3,4,5655943/84537466,0.835292435786616,True
94,B,contrast_low,T013-S3,1,0,0.0,True
94,B,contrast_low,T013-S3,5,0,0.0,True
95,B,contrast_low,T013-S3,1,0,0.0,True
95,B,contrast_low,T013-S3,5,0,0.0,True
95,B,contrast_low,T013-S3,6,0,0.0,True
96,B,contrast_low,T013-S3,7,0,0.0,True
96,B,contrast_low,T013-S3,9,0,0.0,True
97,B,contrast_low,T013-S3,2,0,0.0,True
97,B,contrast_low,T013-S3,3,0,0.0,True
97,B,contrast_low,T013-S3,9,0,0.0,True
98,B,contrast_low,T013-S3,5,0,0.0,True
98,B,contrast_low,T013-S3,6,0,0.0,True
98,B,contrast_low,T013-S3,9,0,0.0,True
99,B,contrast_low,T013-S3,0,0,0.0,True
99,B,contrast_low,T013-S3,3,0,0.0,True
99,B,contrast_low,T013-S3,4,0,0.0,True
99,B,contrast_low,T013-S3,5,0,0.0,True
99,B,contrast_low,T013-S3,7,0,0.0,True
99,B,contrast_low,T013-S3,9,0,0.0,True
0,B,gaussian_noise,T013-S0,1,0,0.0,True
0,B,gaussian_noise,T013-S0,6,-1403642/13240617,-1.0010890690135974,True
0,B,gaussian_noise,T013-S0,7,0,0.0,True
1,B,gaussian_noise,T013-S0,1,0,0.0,True
1,B,gaussian_noise,T013-S0,7,0,0.0,True
2,B,gaussian_noise,T013-S0,3,0,,False
2,B,gaussian_noise,T013-S0,4,0,,False
2,B,gaussian_noise,T013-S0,9,-5/741,,False
3,B,gaussian_noise,T013-S0,0,0,0.0,True
4,B,gaussian_noise,T013-S0,4,0,0.0,True
4,B,gaussian_noise,T013-S0,5,0,0.0,True
4,B,gaussian_noise,T013-S0,9,0,0.0,True
5,B,gaussian_noise,T013-S0,0,0,0.0,True
5,B,gaussian_noise,T013-S0,2,746672/14297775,0.871849541640054,True
5,B,gaussian_noise,T013-S0,5,155861/4765925,0.5459720255060875,True
6,B,gaussian_noise,T013-S0,0,0,,False
6,B,gaussian_noise,T013-S0,3,0,,False
6,B,gaussian_noise,T013-S0,6,0,,False
7,B,gaussian_noise,T013-S0,1,0,0.0,True
7,B,gaussian_noise,T013-S0,3,191/5681,0.9965217391304347,True
8,B,gaussian_noise,T013-S0,0,0,0.0,True
8,B,gaussian_noise,T013-S0,5,0,0.0,True
9,B,gaussian_noise,T013-S0,7,0,0.0,True
9,B,gaussian_noise,T013-S0,8,0,0.0,True
10,B,gaussian_noise,T013-S0,2,0,0.0,True
10,B,gaussian_noise,T013-S0,3,0,0.0,True
10,B,gaussian_noise,T013-S0,4,70955/562857,3.7825415454129256,True
11,B,gaussian_noise,T013-S0,2,0,0.0,True
11,B,gaussian_noise,T013-S0,8,0,0.0,True
12,B,gaussian_noise,T013-S0,2,0,0.0,True
12,B,gaussian_noise,T013-S0,7,0,0.0,True
13,B,gaussian_noise,T013-S0,1,0,0.0,True
13,B,gaussian_noise,T013-S0,3,0,0.0,True
13,B,gaussian_noise,T013-S0,5,0,0.0,True
14,B,gaussian_noise,T013-S0,1,0,0.0,True
14,B,gaussian_noise,T013-S0,2,0,0.0,True
15,B,gaussian_noise,T013-S0,4,0,,False
16,B,gaussian_noise,T013-S0,1,0,,False
16,B,gaussian_noise,T013-S0,4,0,,False
16,B,gaussian_noise,T013-S0,6,0,,False
16,B,gaussian_noise,T013-S0,8,0,,False
16,B,gaussian_noise,T013-S0,9,0,,False
17,B,gaussian_noise,T013-S0,1,-25/751,,False
17,B,gaussian_noise,T013-S0,4,0,,False
17,B,gaussian_noise,T013-S0,8,2976/224549,,False
18,B,gaussian_noise,T013-S0,0,0,,False
18,B,gaussian_noise,T013-S0,3,0,,False
18,B,gaussian_noise,T013-S0,6,0,,False
19,B,gaussian_noise,T013-S0,0,0,0.0,True
19,B,gaussian_noise,T013-S0,2,0,0.0,True
19,B,gaussian_noise,T013-S0,7,0,0.0,True
20,B,gaussian_noise,T013-S0,6,0,,False
21,B,gaussian_noise,T013-S0,4,0,,False
22,B,gaussian_noise,T013-S0,1,0,,False
22,B,gaussian_noise,T013-S0,2,0,,False
23,B,gaussian_noise,T013-S0,0,0,0.0,True
23,B,gaussian_noise,T013-S0,2,0,0.0,True
23,B,gaussian_noise,T013-S0,5,28542245/429505161,1.4296982166493646,True
23,B,gaussian_noise,T013-S0,8,28542245/429505161,1.4296982166493646,True
23,B,gaussian_noise,T013-S0,9,0,0.0,True
24,B,gaussian_noise,T013-S0,3,0,0.0,True
24,B,gaussian_noise,T013-S0,7,5/754,0.14288865714744103,True
24,B,gaussian_noise,T013-S0,9,17267/1300650,0.2860589499089698,True
25,B,gaussian_noise,T013-S0,0,-2/299,,False
25,B,gaussian_noise,T013-S0,1,-2/299,,False
25,B,gaussian_noise,T013-S0,4,-2/299,,False
26,B,gaussian_noise,T013-S0,5,0,,False
26,B,gaussian_noise,T013-S0,6,0,,False
27,B,gaussian_noise,T013-S0,1,14/299,0.2916666666666667,True
28,B,gaussian_noise,T013-S0,0,0,,False
28,B,gaussian_noise,T013-S0,2,0,,False
28,B,gaussian_noise,T013-S0,3,0,,False
28,B,gaussian_noise,T013-S0,4,0,,False
28,B,gaussian_noise,T013-S0,5,0,,False
28,B,gaussian_noise,T013-S0,8,0,,False
29,B,gaussian_noise,T013-S0,1,0,0.0,True
30,B,gaussian_noise,T013-S0,2,1049/3018,0.777198233707732,True
30,B,gaussian_noise,T013-S0,4,0,0.0,True
30,B,gaussian_noise,T013-S0,5,0,0.0,True
31,B,gaussian_noise,T013-S0,8,0,0.0,True
32,B,gaussian_noise,T013-S0,0,0,0.0,True
32,B,gaussian_noise,T013-S0,2,0,0.0,True
32,B,gaussian_noise,T013-S0,4,0,0.0,True
32,B,gaussian_noise,T013-S0,5,0,0.0,True
32,B,gaussian_noise,T013-S0,8,0,0.0,True
33,B,gaussian_noise,T013-S0,0,0,0.0,True
33,B,gaussian_noise,T013-S0,3,51785/561678,1.0657542704260137,True
34,B,gaussian_noise,T013-S0,2,0,0.0,True
34,B,gaussian_noise,T013-S0,3,0,0.0,True
34,B,gaussian_noise,T013-S0,8,0,0.0,True
35,B,gaussian_noise,T013-S0,1,0,,False
35,B,gaussian_noise,T013-S0,8,0,,False
36,B,gaussian_noise,T013-S0,0,0,0.0,True
36,B,gaussian_noise,T013-S0,1,0,0.0,True
36,B,gaussian_noise,T013-S0,6,0,0.0,True
36,B,gaussian_noise,T013-S0,7,95/1151358,1.0,True
36,B,gaussian_noise,T013-S0,9,0,0.0,True
37,B,gaussian_noise,T013-S0,2,0,0.0,True
37,B,gaussian_noise,T013-S0,6,0,0.0,True
37,B,gaussian_noise,T013-S0,9,0,0.0,True
38,B,gaussian_noise,T013-S0,8,0,,False
39,B,gaussian_noise,T013-S0,2,0,0.0,True
40,B,gaussian_noise,T013-S0,9,0,,False
41,B,gaussian_noise,T013-S0,0,0,0.0,True
41,B,gaussian_noise,T013-S0,1,0,0.0,True
41,B,gaussian_noise,T013-S0,3,-1285/185497,-0.25927405585202845,True
41,B,gaussian_noise,T013-S0,9,0,0.0,True
42,B,gaussian_noise,T013-S0,0,2042/34707,1.0,True
42,B,gaussian_noise,T013-S0,1,2042/34707,1.0,True
42,B,gaussian_noise,T013-S0,2,2042/34707,1.0,True
43,B,gaussian_noise,T013-S0,0,0,0.0,True
43,B,gaussian_noise,T013-S0,4,0,0.0,True
44,B,gaussian_noise,T013-S0,0,0,0.0,True
44,B,gaussian_noise,T013-S0,8,0,0.0,True
44,B,gaussian_noise,T013-S0,9,0,0.0,True
45,B,gaussian_noise,T013-S0,2,0,,False
45,B,gaussian_noise,T013-S0,4,0,,False
45,B,gaussian_noise,T013-S0,5,0,,False
45,B,gaussian_noise,T013-S0,8,0,,False
46,B,gaussian_noise,T013-S0,2,0,0.0,True
46,B,gaussian_noise,T013-S0,4,0,0.0,True
46,B,gaussian_noise,T013-S0,5,0,0.0,True
47,B,gaussian_noise,T013-S0,0,0,0.0,True
47,B,gaussian_noise,T013-S0,1,0,0.0,True
47,B,gaussian_noise,T013-S0,2,0,0.0,True
47,B,gaussian_noise,T013-S0,4,0,0.0,True
47,B,gaussian_noise,T013-S0,8,0,0.0,True
48,B,gaussian_noise,T013-S0,4,-1905/285766,-0.5026385224274407,True
48,B,gaussian_noise,T013-S0,7,0,0.0,True
48,B,gaussian_noise,T013-S0,9,0,0.0,True
49,B,gaussian_noise,T013-S0,1,0,0.0,True
49,B,gaussian_noise,T013-S0,3,1/5681,0.012987012987012988,True
50,B,gaussian_noise,T013-S0,2,432857/22559550,0.28959509789228755,True
50,B,gaussian_noise,T013-S0,5,0,0.0,True
51,B,gaussian_noise,T013-S0,3,0,,False
51,B,gaussian_noise,T013-S0,4,0,,False
51,B,gaussian_noise,T013-S0,9,0,,False
52,B,gaussian_noise,T013-S0,0,0,0.0,True
52,B,gaussian_noise,T013-S0,2,0,0.0,True
53,B,gaussian_noise,T013-S0,1,0,0.0,True
53,B,gaussian_noise,T013-S0,7,120/8671,2.2018348623853212,True
54,B,gaussian_noise,T013-S0,2,0,0.0,True
54,B,gaussian_noise,T013-S0,6,0,0.0,True
54,B,gaussian_noise,T013-S0,7,0,0.0,True
55,B,gaussian_noise,T013-S0,0,0,0.0,True
55,B,gaussian_noise,T013-S0,8,0,0.0,True
56,B,gaussian_noise,T013-S0,3,0,0.0,True
56,B,gaussian_noise,T013-S0,4,0,0.0,True
56,B,gaussian_noise,T013-S0,6,4961555/189716007,3.9464179187579043,True
56,B,gaussian_noise,T013-S0,9,0,0.0,True
57,B,gaussian_noise,T013-S0,0,-336194/8674887,,False
57,B,gaussian_noise,T013-S0,1,-448598/8674887,,False
57,B,gaussian_noise,T013-S0,3,-113/17043,,False
57,B,gaussian_noise,T013-S0,4,-22647421/433744350,,False
57,B,gaussian_noise,T013-S0,6,-22647421/433744350,,False
58,B,gaussian_noise,T013-S0,0,0,,False
58,B,gaussian_noise,T013-S0,9,0,,False
59,B,gaussian_noise,T013-S0,0,0,,False
59,B,gaussian_noise,T013-S0,1,0,,False
59,B,gaussian_noise,T013-S0,3,0,,False
59,B,gaussian_noise,T013-S0,5,0,,False
59,B,gaussian_noise,T013-S0,6,0,,False
60,B,gaussian_noise,T013-S0,0,0,0.0,True
61,B,gaussian_noise,T013-S0,0,-1/150,-0.33392382639503987,True
61,B,gaussian_noise,T013-S0,4,-1/150,-0.33392382639503987,True
61,B,gaussian_noise,T013-S0,5,376/28275,0.6660761736049602,True
61,B,gaussian_noise,T013-S0,7,376/28275,0.6660761736049602,True
62,B,gaussian_noise,T013-S0,0,0,0.0,True
62,B,gaussian_noise,T013-S0,5,518/38175,1.0,True
62,B,gaussian_noise,T013-S0,6,0,0.0,True
62,B,gaussian_noise,T013-S0,9,0,0.0,True
63,B,gaussian_noise,T013-S0,3,-2395/125723,,False
63,B,gaussian_noise,T013-S0,4,0,,False
63,B,gaussian_noise,T013-S0,6,0,,False
64,B,gaussian_noise,T013-S0,1,0,0.0,True
64,B,gaussian_noise,T013-S0,3,18783923/2832539190,0.11060587423516938,True
64,B,gaussian_noise,T013-S0,5,0,0.0,True
64,B,gaussian_noise,T013-S0,8,0,0.0,True
64,B,gaussian_noise,T013-S0,9,-866/18525,-0.7796999317222617,True
65,B,gaussian_noise,T013-S0,5,0,0.0,True
66,B,gaussian_noise,T013-S0,7,0,,False
66,B,gaussian_noise,T013-S0,8,0,,False
66,B,gaussian_noise,T013-S0,9,5/754,,False
67,B,gaussian_noise,T013-S0,1,0,0.0,True
67,B,gaussian_noise,T013-S0,2,0,0.0,True
67,B,gaussian_noise,T013-S0,5,0,0.0,True
67,B,gaussian_noise,T013-S0,7,0,0.0,True
67,B,gaussian_noise,T013-S0,8,0,0.0,True
68,B,gaussian_noise,T013-S0,1,0,0.0,True
68,B,gaussian_noise,T013-S0,7,8/299,1.974468085106383,True
68,B,gaussian_noise,T013-S0,9,2/299,0.49361702127659574,True
69,B,gaussian_noise,T013-S0,2,0,0.0,True
69,B,gaussian_noise,T013-S0,5,0,0.0,True
69,B,gaussian_noise,T013-S0,7,0,0.0,True
70,B,gaussian_noise,T013-S0,0,0,0.0,True
70,B,gaussian_noise,T013-S0,8,0,0.0,True
71,B,gaussian_noise,T013-S0,4,0,0.0,True
71,B,gaussian_noise,T013-S0,5,-1/112650,-0.0013315579227696406,True
71,B,gaussian_noise,T013-S0,8,0,0.0,True
72,B,gaussian_noise,T013-S0,0,0,0.0,True
72,B,gaussian_noise,T013-S0,5,860653/14231450,0.5319969736267893,True
72,B,gaussian_noise,T013-S0,8,0,0.0,True
73,B,gaussian_noise,T013-S0,5,0,0.0,True
73,B,gaussian_noise,T013-S0,6,0,0.0,True
73,B,gaussian_noise,T013-S0,7,0,0.0,True
74,B,gaussian_noise,T013-S0,6,0,,False
75,B,gaussian_noise,T013-S0,0,0,,False
75,B,gaussian_noise,T013-S0,1,0,,False
75,B,gaussian_noise,T013-S0,3,461223/4306198,,False
76,B,gaussian_noise,T013-S0,1,0,,False
76,B,gaussian_noise,T013-S0,6,0,,False
76,B,gaussian_noise,T013-S0,7,0,,False
77,B,gaussian_noise,T013-S0,0,0,0.0,True
77,B,gaussian_noise,T013-S0,2,0,0.0,True
78,B,gaussian_noise,T013-S0,4,0,0.0,True
78,B,gaussian_noise,T013-S0,5,0,0.0,True
78,B,gaussian_noise,T013-S0,8,0,0.0,True
79,B,gaussian_noise,T013-S0,1,0,0.0,True
79,B,gaussian_noise,T013-S0,2,0,0.0,True
79,B,gaussian_noise,T013-S0,5,0,0.0,True
80,B,gaussian_noise,T013-S0,6,0,,False
80,B,gaussian_noise,T013-S0,7,0,,False
81,B,gaussian_noise,T013-S0,7,0,0.0,True
81,B,gaussian_noise,T013-S0,9,0,0.0,True
82,B,gaussian_noise,T013-S0,3,0,0.0,True
82,B,gaussian_noise,T013-S0,7,0,0.0,True
83,B,gaussian_noise,T013-S0,4,1292500/16138239,0.5011928778262382,True
83,B,gaussian_noise,T013-S0,7,1292500/16138239,0.5011928778262382,True
83,B,gaussian_noise,T013-S0,8,1292500/16138239,0.5011928778262382,True
84,B,gaussian_noise,T013-S0,2,0,0.0,True
84,B,gaussian_noise,T013-S0,3,0,0.0,True
84,B,gaussian_noise,T013-S0,6,0,0.0,True
85,B,gaussian_noise,T013-S0,5,0,0.0,True
85,B,gaussian_noise,T013-S0,6,0,0.0,True
86,B,gaussian_noise,T013-S0,2,0,0.0,True
86,B,gaussian_noise,T013-S0,4,2518/37725,1.0,True
86,B,gaussian_noise,T013-S0,5,2518/37725,1.0,True
86,B,gaussian_noise,T013-S0,6,0,0.0,True
87,B,gaussian_noise,T013-S0,3,0,0.0,True
87,B,gaussian_noise,T013-S0,5,0,0.0,True
88,B,gaussian_noise,T013-S0,3,0,,False
88,B,gaussian_noise,T013-S0,4,0,,False
88,B,gaussian_noise,T013-S0,6,0,,False
88,B,gaussian_noise,T013-S0,9,0,,False
89,B,gaussian_noise,T013-S0,4,86522337/1441116430,0.9000575796595777,True
89,B,gaussian_noise,T013-S0,5,0,0.0,True
90,B,gaussian_noise,T013-S0,2,0,0.0,True
90,B,gaussian_noise,T013-S0,3,0,0.0,True
90,B,gaussian_noise,T013-S0,5,0,0.0,True
90,B,gaussian_noise,T013-S0,9,0,0.0,True
91,B,gaussian_noise,T013-S0,3,0,0.0,True
91,B,gaussian_noise,T013-S0,7,0,0.0,True
91,B,gaussian_noise,T013-S0,9,565/42978,0.6608187134502924,True
92,B,gaussian_noise,T013-S0,1,-173176/12799293,-1.0,True
92,B,gaussian_noise,T013-S0,3,0,0.0,True
92,B,gaussian_noise,T013-S0,8,-341212/12799293,-1.970319212823948,True
93,B,gaussian_noise,T013-S0,4,0,0.0,True
94,B,gaussian_noise,T013-S0,1,0,0.0,True
94,B,gaussian_noise,T013-S0,5,0,0.0,True
95,B,gaussian_noise,T013-S0,1,-2/299,-47.71875,True
95,B,gaussian_noise,T013-S0,5,0,0.0,True
95,B,gaussian_noise,T013-S0,6,-2/299,-47.71875,True
96,B,gaussian_noise,T013-S0,7,-5/741,-0.9713740458015268,True
96,B,gaussian_noise,T013-S0,9,5/741,0.9713740458015268,True
97,B,gaussian_noise,T013-S0,2,0,0.0,True
97,B,gaussian_noise,T013-S0,3,0,0.0,True
97,B,gaussian_noise,T013-S0,9,0,0.0,True
98,B,gaussian_noise,T013-S0,5,0,0.0,True
98,B,gaussian_noise,T013-S0,6,0,0.0,True
98,B,gaussian_noise,T013-S0,9,0,0.0,True
99,B,gaussian_noise,T013-S0,0,0,0.0,True
99,B,gaussian_noise,T013-S0,3,0,0.0,True
99,B,gaussian_noise,T013-S0,4,0,0.0,True
99,B,gaussian_noise,T013-S0,5,0,0.0,True
99,B,gaussian_noise,T013-S0,7,0,0.0,True
99,B,gaussian_noise,T013-S0,9,0,0.0,True
0,B,gaussian_noise,T013-S1,1,0,0.0,True
0,B,gaussian_noise,T013-S1,6,-1403642/13240617,-1.0010890690135974,True
0,B,gaussian_noise,T013-S1,7,0,0.0,True
1,B,gaussian_noise,T013-S1,1,0,0.0,True
1,B,gaussian_noise,T013-S1,7,0,0.0,True
2,B,gaussian_noise,T013-S1,3,0,,False
2,B,gaussian_noise,T013-S1,4,0,,False
2,B,gaussian_noise,T013-S1,9,-5/741,,False
3,B,gaussian_noise,T013-S1,0,0,0.0,True
4,B,gaussian_noise,T013-S1,4,0,0.0,True
4,B,gaussian_noise,T013-S1,5,0,0.0,True
4,B,gaussian_noise,T013-S1,9,0,0.0,True
5,B,gaussian_noise,T013-S1,0,0,0.0,True
5,B,gaussian_noise,T013-S1,2,746672/14297775,0.5610394684689931,True
5,B,gaussian_noise,T013-S1,5,376813/5719110,0.7078307651559409,True
6,B,gaussian_noise,T013-S1,0,0,,False
6,B,gaussian_noise,T013-S1,3,0,,False
6,B,gaussian_noise,T013-S1,6,0,,False
7,B,gaussian_noise,T013-S1,1,0,0.0,True
7,B,gaussian_noise,T013-S1,3,191/5681,0.9965217391304347,True
8,B,gaussian_noise,T013-S1,0,0,0.0,True
8,B,gaussian_noise,T013-S1,5,0,0.0,True
9,B,gaussian_noise,T013-S1,7,26255/566254,0.3329392716314759,True
9,B,gaussian_noise,T013-S1,8,26255/566254,0.3329392716314759,True
10,B,gaussian_noise,T013-S1,2,0,0.0,True
10,B,gaussian_noise,T013-S1,3,0,0.0,True
10,B,gaussian_noise,T013-S1,4,70955/562857,3.7825415454129256,True
11,B,gaussian_noise,T013-S1,2,0,0.0,True
11,B,gaussian_noise,T013-S1,8,0,0.0,True
12,B,gaussian_noise,T013-S1,2,0,0.0,True
12,B,gaussian_noise,T013-S1,7,0,0.0,True
13,B,gaussian_noise,T013-S1,1,0,0.0,True
13,B,gaussian_noise,T013-S1,3,0,0.0,True
13,B,gaussian_noise,T013-S1,5,0,0.0,True
14,B,gaussian_noise,T013-S1,1,0,0.0,True
14,B,gaussian_noise,T013-S1,2,0,0.0,True
15,B,gaussian_noise,T013-S1,4,0,,False
16,B,gaussian_noise,T013-S1,1,0,,False
16,B,gaussian_noise,T013-S1,4,0,,False
16,B,gaussian_noise,T013-S1,6,0,,False
16,B,gaussian_noise,T013-S1,8,0,,False
16,B,gaussian_noise,T013-S1,9,0,,False
17,B,gaussian_noise,T013-S1,1,-10451/224549,,False
17,B,gaussian_noise,T013-S1,4,-10451/224549,,False
17,B,gaussian_noise,T013-S1,8,0,,False
18,B,gaussian_noise,T013-S1,0,0,,False
18,B,gaussian_noise,T013-S1,3,0,,False
18,B,gaussian_noise,T013-S1,6,0,,False
19,B,gaussian_noise,T013-S1,0,0,0.0,True
19,B,gaussian_noise,T013-S1,2,0,0.0,True
19,B,gaussian_noise,T013-S1,7,0,0.0,True
20,B,gaussian_noise,T013-S1,6,0,,False
21,B,gaussian_noise,T013-S1,4,0,,False
22,B,gaussian_noise,T013-S1,1,0,,False
22,B,gaussian_noise,T013-S1,2,0,,False
23,B,gaussian_noise,T013-S1,0,0,0.0,True
23,B,gaussian_noise,T013-S1,2,0,0.0,True
23,B,gaussian_noise,T013-S1,5,28542245/429505161,1.4296982166493646,True
23,B,gaussian_noise,T013-S1,8,28542245/429505161,1.4296982166493646,True
23,B,gaussian_noise,T013-S1,9,0,0.0,True
24,B,gaussian_noise,T013-S1,3,0,0.0,True
24,B,gaussian_noise,T013-S1,7,0,0.0,True
24,B,gaussian_noise,T013-S1,9,34471/1300650,0.5710741913657322,True
25,B,gaussian_noise,T013-S1,0,-2/299,,False
25,B,gaussian_noise,T013-S1,1,-2/299,,False
25,B,gaussian_noise,T013-S1,4,-2/299,,False
26,B,gaussian_noise,T013-S1,5,0,,False
26,B,gaussian_noise,T013-S1,6,0,,False
27,B,gaussian_noise,T013-S1,1,14/299,0.2916666666666667,True
28,B,gaussian_noise,T013-S1,0,0,,False
28,B,gaussian_noise,T013-S1,2,0,,False
28,B,gaussian_noise,T013-S1,3,0,,False
28,B,gaussian_noise,T013-S1,4,0,,False
28,B,gaussian_noise,T013-S1,5,0,,False
28,B,gaussian_noise,T013-S1,8,0,,False
29,B,gaussian_noise,T013-S1,1,0,0.0,True
30,B,gaussian_noise,T013-S1,2,1049/3018,0.777198233707732,True
30,B,gaussian_noise,T013-S1,4,0,0.0,True
30,B,gaussian_noise,T013-S1,5,0,0.0,True
31,B,gaussian_noise,T013-S1,8,0,0.0,True
32,B,gaussian_noise,T013-S1,0,0,0.0,True
32,B,gaussian_noise,T013-S1,2,0,0.0,True
32,B,gaussian_noise,T013-S1,4,0,0.0,True
32,B,gaussian_noise,T013-S1,5,0,0.0,True
32,B,gaussian_noise,T013-S1,8,0,0.0,True
33,B,gaussian_noise,T013-S1,0,0,0.0,True
33,B,gaussian_noise,T013-S1,3,51785/561678,1.0657542704260137,True
34,B,gaussian_noise,T013-S1,2,0,0.0,True
34,B,gaussian_noise,T013-S1,3,0,0.0,True
34,B,gaussian_noise,T013-S1,8,0,0.0,True
35,B,gaussian_noise,T013-S1,1,0,,False
35,B,gaussian_noise,T013-S1,8,0,,False
36,B,gaussian_noise,T013-S1,0,0,0.0,True
36,B,gaussian_noise,T013-S1,1,0,0.0,True
36,B,gaussian_noise,T013-S1,6,0,0.0,True
36,B,gaussian_noise,T013-S1,7,95/1151358,1.0,True
36,B,gaussian_noise,T013-S1,9,0,0.0,True
37,B,gaussian_noise,T013-S1,2,0,0.0,True
37,B,gaussian_noise,T013-S1,6,0,0.0,True
37,B,gaussian_noise,T013-S1,9,0,0.0,True
38,B,gaussian_noise,T013-S1,8,0,,False
39,B,gaussian_noise,T013-S1,2,0,0.0,True
40,B,gaussian_noise,T013-S1,9,0,,False
41,B,gaussian_noise,T013-S1,0,0,0.0,True
41,B,gaussian_noise,T013-S1,1,0,0.0,True
41,B,gaussian_noise,T013-S1,3,-1285/185497,-0.25927405585202845,True
41,B,gaussian_noise,T013-S1,9,0,0.0,True
42,B,gaussian_noise,T013-S1,0,2042/34707,1.0,True
42,B,gaussian_noise,T013-S1,1,2042/34707,1.0,True
42,B,gaussian_noise,T013-S1,2,2042/34707,1.0,True
43,B,gaussian_noise,T013-S1,0,0,0.0,True
43,B,gaussian_noise,T013-S1,4,0,0.0,True
44,B,gaussian_noise,T013-S1,0,0,0.0,True
44,B,gaussian_noise,T013-S1,8,0,0.0,True
44,B,gaussian_noise,T013-S1,9,0,0.0,True
45,B,gaussian_noise,T013-S1,2,0,,False
45,B,gaussian_noise,T013-S1,4,0,,False
45,B,gaussian_noise,T013-S1,5,0,,False
45,B,gaussian_noise,T013-S1,8,0,,False
46,B,gaussian_noise,T013-S1,2,0,0.0,True
46,B,gaussian_noise,T013-S1,4,0,0.0,True
46,B,gaussian_noise,T013-S1,5,0,0.0,True
47,B,gaussian_noise,T013-S1,0,0,0.0,True
47,B,gaussian_noise,T013-S1,1,0,0.0,True
47,B,gaussian_noise,T013-S1,2,0,0.0,True
47,B,gaussian_noise,T013-S1,4,0,0.0,True
47,B,gaussian_noise,T013-S1,8,0,0.0,True
48,B,gaussian_noise,T013-S1,4,-1905/285766,-0.5026385224274407,True
48,B,gaussian_noise,T013-S1,7,0,0.0,True
48,B,gaussian_noise,T013-S1,9,0,0.0,True
49,B,gaussian_noise,T013-S1,1,0,,False
49,B,gaussian_noise,T013-S1,3,0,,False
50,B,gaussian_noise,T013-S1,2,432857/22559550,0.28959509789228755,True
50,B,gaussian_noise,T013-S1,5,0,0.0,True
51,B,gaussian_noise,T013-S1,3,0,,False
51,B,gaussian_noise,T013-S1,4,0,,False
51,B,gaussian_noise,T013-S1,9,0,,False
52,B,gaussian_noise,T013-S1,0,0,0.0,True
52,B,gaussian_noise,T013-S1,2,0,0.0,True
53,B,gaussian_noise,T013-S1,1,0,0.0,True
53,B,gaussian_noise,T013-S1,7,0,0.0,True
54,B,gaussian_noise,T013-S1,2,0,0.0,True
54,B,gaussian_noise,T013-S1,6,0,0.0,True
54,B,gaussian_noise,T013-S1,7,0,0.0,True
55,B,gaussian_noise,T013-S1,0,0,0.0,True
55,B,gaussian_noise,T013-S1,8,0,0.0,True
56,B,gaussian_noise,T013-S1,3,0,0.0,True
56,B,gaussian_noise,T013-S1,4,0,0.0,True
56,B,gaussian_noise,T013-S1,6,4961555/189716007,3.9464179187579043,True
56,B,gaussian_noise,T013-S1,9,0,0.0,True
57,B,gaussian_noise,T013-S1,0,-9655/377169,,False
57,B,gaussian_noise,T013-S1,1,-448598/8674887,,False
57,B,gaussian_noise,T013-S1,3,-113/17043,,False
57,B,gaussian_noise,T013-S1,4,-22647421/433744350,,False
57,B,gaussian_noise,T013-S1,6,-22647421/433744350,,False
58,B,gaussian_noise,T013-S1,0,0,,False
58,B,gaussian_noise,T013-S1,9,0,,False
59,B,gaussian_noise,T013-S1,0,0,,False
59,B,gaussian_noise,T013-S1,1,0,,False
59,B,gaussian_noise,T013-S1,3,0,,False
59,B,gaussian_noise,T013-S1,5,0,,False
59,B,gaussian_noise,T013-S1,6,0,,False
60,B,gaussian_noise,T013-S1,0,0,0.0,True
61,B,gaussian_noise,T013-S1,0,-1/75,-0.6678476527900797,True
61,B,gaussian_noise,T013-S1,4,-1/75,-0.6678476527900797,True
61,B,gaussian_noise,T013-S1,5,5/754,0.33215234720992026,True
61,B,gaussian_noise,T013-S1,7,5/754,0.33215234720992026,True
62,B,gaussian_noise,T013-S1,0,0,0.0,True
62,B,gaussian_noise,T013-S1,5,518/38175,1.0,True
62,B,gaussian_noise,T013-S1,6,-188482/14468325,-0.9600656065036012,True
62,B,gaussian_noise,T013-S1,9,-188482/14468325,-0.9600656065036012,True
63,B,gaussian_noise,T013-S1,3,-2395/125723,,False
63,B,gaussian_noise,T013-S1,4,0,,False
63,B,gaussian_noise,T013-S1,6,0,,False
64,B,gaussian_noise,T013-S1,1,-1/30,-0.5559638658643148,True
64,B,gaussian_noise,T013-S1,3,0,0.0,True
64,B,gaussian_noise,T013-S1,5,0,0.0,True
64,B,gaussian_noise,T013-S1,8,-1/30,-0.5559638658643148,True
64,B,gaussian_noise,T013-S1,9,-251997401/4720898650,-0.8903058059574311,True
65,B,gaussian_noise,T013-S1,5,0,0.0,True
66,B,gaussian_noise,T013-S1,7,0,,False
66,B,gaussian_noise,T013-S1,8,0,,False
66,B,gaussian_noise,T013-S1,9,5/754,,False
67,B,gaussian_noise,T013-S1,1,0,0.0,True
67,B,gaussian_noise,T013-S1,2,0,0.0,True
67,B,gaussian_noise,T013-S1,5,0,0.0,True
67,B,gaussian_noise,T013-S1,7,0,0.0,True
67,B,gaussian_noise,T013-S1,8,0,0.0,True
68,B,gaussian_noise,T013-S1,1,0,0.0,True
68,B,gaussian_noise,T013-S1,7,8/299,0.9935760171306209,True
68,B,gaussian_noise,T013-S1,9,4/299,0.49678800856531047,True
69,B,gaussian_noise,T013-S1,2,0,0.0,True
69,B,gaussian_noise,T013-S1,5,0,0.0,True
69,B,gaussian_noise,T013-S1,7,0,0.0,True
70,B,gaussian_noise,T013-S1,0,0,0.0,True
70,B,gaussian_noise,T013-S1,8,0,0.0,True
71,B,gaussian_noise,T013-S1,4,0,0.0,True
71,B,gaussian_noise,T013-S1,5,-1/112650,-0.0013315579227696406,True
71,B,gaussian_noise,T013-S1,8,0,0.0,True
72,B,gaussian_noise,T013-S1,0,0,0.0,True
72,B,gaussian_noise,T013-S1,5,860653/14231450,0.5319969736267893,True
72,B,gaussian_noise,T013-S1,8,0,0.0,True
73,B,gaussian_noise,T013-S1,5,0,0.0,True
73,B,gaussian_noise,T013-S1,6,0,0.0,True
73,B,gaussian_noise,T013-S1,7,0,0.0,True
74,B,gaussian_noise,T013-S1,6,0,,False
75,B,gaussian_noise,T013-S1,0,0,,False
75,B,gaussian_noise,T013-S1,1,0,,False
75,B,gaussian_noise,T013-S1,3,461223/4306198,,False
76,B,gaussian_noise,T013-S1,1,0,,False
76,B,gaussian_noise,T013-S1,6,0,,False
76,B,gaussian_noise,T013-S1,7,0,,False
77,B,gaussian_noise,T013-S1,0,0,0.0,True
77,B,gaussian_noise,T013-S1,2,0,0.0,True
78,B,gaussian_noise,T013-S1,4,0,0.0,True
78,B,gaussian_noise,T013-S1,5,0,0.0,True
78,B,gaussian_noise,T013-S1,8,0,0.0,True
79,B,gaussian_noise,T013-S1,1,0,0.0,True
79,B,gaussian_noise,T013-S1,2,0,0.0,True
79,B,gaussian_noise,T013-S1,5,0,0.0,True
80,B,gaussian_noise,T013-S1,6,0,,False
80,B,gaussian_noise,T013-S1,7,0,,False
81,B,gaussian_noise,T013-S1,7,0,0.0,True
81,B,gaussian_noise,T013-S1,9,0,0.0,True
82,B,gaussian_noise,T013-S1,3,0,0.0,True
82,B,gaussian_noise,T013-S1,7,0,0.0,True
83,B,gaussian_noise,T013-S1,4,0,0.0,True
83,B,gaussian_noise,T013-S1,7,0,0.0,True
83,B,gaussian_noise,T013-S1,8,0,0.0,True
84,B,gaussian_noise,T013-S1,2,0,0.0,True
84,B,gaussian_noise,T013-S1,3,0,0.0,True
84,B,gaussian_noise,T013-S1,6,0,0.0,True
85,B,gaussian_noise,T013-S1,5,0,0.0,True
85,B,gaussian_noise,T013-S1,6,0,0.0,True
86,B,gaussian_noise,T013-S1,2,0,0.0,True
86,B,gaussian_noise,T013-S1,4,2518/37725,1.0,True
86,B,gaussian_noise,T013-S1,5,2518/37725,1.0,True
86,B,gaussian_noise,T013-S1,6,0,0.0,True
87,B,gaussian_noise,T013-S1,3,0,0.0,True
87,B,gaussian_noise,T013-S1,5,0,0.0,True
88,B,gaussian_noise,T013-S1,3,0,,False
88,B,gaussian_noise,T013-S1,4,0,,False
88,B,gaussian_noise,T013-S1,6,0,,False
88,B,gaussian_noise,T013-S1,9,0,,False
89,B,gaussian_noise,T013-S1,4,86522337/1441116430,0.9000575796595777,True
89,B,gaussian_noise,T013-S1,5,0,0.0,True
90,B,gaussian_noise,T013-S1,2,0,0.0,True
90,B,gaussian_noise,T013-S1,3,0,0.0,True
90,B,gaussian_noise,T013-S1,5,0,0.0,True
90,B,gaussian_noise,T013-S1,9,0,0.0,True
91,B,gaussian_noise,T013-S1,3,0,0.0,True
91,B,gaussian_noise,T013-S1,7,0,0.0,True
91,B,gaussian_noise,T013-S1,9,565/42978,0.6608187134502924,True
92,B,gaussian_noise,T013-S1,1,-173176/12799293,-111.79857972885733,True
92,B,gaussian_noise,T013-S1,3,0,0.0,True
92,B,gaussian_noise,T013-S1,8,-341212/12799293,-220.27888960619754,True
93,B,gaussian_noise,T013-S1,4,0,0.0,True
94,B,gaussian_noise,T013-S1,1,0,0.0,True
94,B,gaussian_noise,T013-S1,5,0,0.0,True
95,B,gaussian_noise,T013-S1,1,0,0.0,True
95,B,gaussian_noise,T013-S1,5,0,0.0,True
95,B,gaussian_noise,T013-S1,6,0,0.0,True
96,B,gaussian_noise,T013-S1,7,0,0.0,True
96,B,gaussian_noise,T013-S1,9,12650/377169,4.82824427480916,True
97,B,gaussian_noise,T013-S1,2,0,0.0,True
97,B,gaussian_noise,T013-S1,3,0,0.0,True
97,B,gaussian_noise,T013-S1,9,0,0.0,True
98,B,gaussian_noise,T013-S1,5,0,0.0,True
98,B,gaussian_noise,T013-S1,6,0,0.0,True
98,B,gaussian_noise,T013-S1,9,0,0.0,True
99,B,gaussian_noise,T013-S1,0,0,0.0,True
99,B,gaussian_noise,T013-S1,3,0,0.0,True
99,B,gaussian_noise,T013-S1,4,0,0.0,True
99,B,gaussian_noise,T013-S1,5,0,0.0,True
99,B,gaussian_noise,T013-S1,7,0,0.0,True
99,B,gaussian_noise,T013-S1,9,0,0.0,True
0,B,gaussian_noise,T013-S2,1,0,0.0,True
0,B,gaussian_noise,T013-S2,6,-1403642/13240617,-1.0010890690135974,True
0,B,gaussian_noise,T013-S2,7,0,0.0,True
1,B,gaussian_noise,T013-S2,1,0,0.0,True
1,B,gaussian_noise,T013-S2,7,0,0.0,True
2,B,gaussian_noise,T013-S2,3,0,,False
2,B,gaussian_noise,T013-S2,4,0,,False
2,B,gaussian_noise,T013-S2,9,-5/741,,False
3,B,gaussian_noise,T013-S2,0,0,0.0,True
4,B,gaussian_noise,T013-S2,4,0,0.0,True
4,B,gaussian_noise,T013-S2,5,0,0.0,True
4,B,gaussian_noise,T013-S2,9,0,0.0,True
5,B,gaussian_noise,T013-S2,0,0,0.0,True
5,B,gaussian_noise,T013-S2,2,746672/14297775,0.6575641648877335,True
5,B,gaussian_noise,T013-S2,5,0,0.0,True
6,B,gaussian_noise,T013-S2,0,0,,False
6,B,gaussian_noise,T013-S2,3,0,,False
6,B,gaussian_noise,T013-S2,6,0,,False
7,B,gaussian_noise,T013-S2,1,0,0.0,True
7,B,gaussian_noise,T013-S2,3,20/741,0.8,True
8,B,gaussian_noise,T013-S2,0,0,0.0,True
8,B,gaussian_noise,T013-S2,5,0,0.0,True
9,B,gaussian_noise,T013-S2,7,0,0.0,True
9,B,gaussian_noise,T013-S2,8,0,0.0,True
10,B,gaussian_noise,T013-S2,2,0,0.0,True
10,B,gaussian_noise,T013-S2,3,0,0.0,True
10,B,gaussian_noise,T013-S2,4,70955/562857,3.7825415454129256,True
11,B,gaussian_noise,T013-S2,2,0,0.0,True
11,B,gaussian_noise,T013-S2,8,0,0.0,True
12,B,gaussian_noise,T013-S2,2,0,0.0,True
12,B,gaussian_noise,T013-S2,7,0,0.0,True
13,B,gaussian_noise,T013-S2,1,0,0.0,True
13,B,gaussian_noise,T013-S2,3,0,0.0,True
13,B,gaussian_noise,T013-S2,5,5/741,0.08400292184075968,True
14,B,gaussian_noise,T013-S2,1,0,0.0,True
14,B,gaussian_noise,T013-S2,2,0,0.0,True
15,B,gaussian_noise,T013-S2,4,0,,False
16,B,gaussian_noise,T013-S2,1,0,,False
16,B,gaussian_noise,T013-S2,4,0,,False
16,B,gaussian_noise,T013-S2,6,0,,False
16,B,gaussian_noise,T013-S2,8,0,,False
16,B,gaussian_noise,T013-S2,9,0,,False
17,B,gaussian_noise,T013-S2,1,-10451/224549,,False
17,B,gaussian_noise,T013-S2,4,-10451/224549,,False
17,B,gaussian_noise,T013-S2,8,0,,False
18,B,gaussian_noise,T013-S2,0,0,,False
18,B,gaussian_noise,T013-S2,3,0,,False
18,B,gaussian_noise,T013-S2,6,0,,False
19,B,gaussian_noise,T013-S2,0,0,0.0,True
19,B,gaussian_noise,T013-S2,2,0,0.0,True
19,B,gaussian_noise,T013-S2,7,0,0.0,True
20,B,gaussian_noise,T013-S2,6,0,,False
21,B,gaussian_noise,T013-S2,4,0,,False
22,B,gaussian_noise,T013-S2,1,0,,False
22,B,gaussian_noise,T013-S2,2,0,,False
23,B,gaussian_noise,T013-S2,0,0,0.0,True
23,B,gaussian_noise,T013-S2,2,0,0.0,True
23,B,gaussian_noise,T013-S2,5,28542245/429505161,1.4296982166493646,True
23,B,gaussian_noise,T013-S2,8,28542245/429505161,1.4296982166493646,True
23,B,gaussian_noise,T013-S2,9,0,0.0,True
24,B,gaussian_noise,T013-S2,3,0,0.0,True
24,B,gaussian_noise,T013-S2,7,0,0.0,True
24,B,gaussian_noise,T013-S2,9,12923/650325,0.42818553421829114,True
25,B,gaussian_noise,T013-S2,0,-28/451191,-0.00927766732935719,True
25,B,gaussian_noise,T013-S2,1,-28/451191,-0.00927766732935719,True
25,B,gaussian_noise,T013-S2,4,-28/451191,-0.00927766732935719,True
26,B,gaussian_noise,T013-S2,5,0,,False
26,B,gaussian_noise,T013-S2,6,0,,False
27,B,gaussian_noise,T013-S2,1,14/299,0.2916666666666667,True
28,B,gaussian_noise,T013-S2,0,0,,False
28,B,gaussian_noise,T013-S2,2,0,,False
28,B,gaussian_noise,T013-S2,3,0,,False
28,B,gaussian_noise,T013-S2,4,0,,False
28,B,gaussian_noise,T013-S2,5,0,,False
28,B,gaussian_noise,T013-S2,8,0,,False
29,B,gaussian_noise,T013-S2,1,0,0.0,True
30,B,gaussian_noise,T013-S2,2,5804/37725,0.3440120913967341,True
30,B,gaussian_noise,T013-S2,4,0,0.0,True
30,B,gaussian_noise,T013-S2,5,0,0.0,True
31,B,gaussian_noise,T013-S2,8,0,0.0,True
32,B,gaussian_noise,T013-S2,0,0,0.0,True
32,B,gaussian_noise,T013-S2,2,0,0.0,True
32,B,gaussian_noise,T013-S2,4,0,0.0,True
32,B,gaussian_noise,T013-S2,5,0,0.0,True
32,B,gaussian_noise,T013-S2,8,0,0.0,True
33,B,gaussian_noise,T013-S2,0,0,0.0,True
33,B,gaussian_noise,T013-S2,3,51785/561678,1.0657542704260137,True
34,B,gaussian_noise,T013-S2,2,0,0.0,True
34,B,gaussian_noise,T013-S2,3,0,0.0,True
34,B,gaussian_noise,T013-S2,8,0,0.0,True
35,B,gaussian_noise,T013-S2,1,0,0.0,True
35,B,gaussian_noise,T013-S2,8,0,0.0,True
36,B,gaussian_noise,T013-S2,0,0,0.0,True
36,B,gaussian_noise,T013-S2,1,0,0.0,True
36,B,gaussian_noise,T013-S2,6,0,0.0,True
36,B,gaussian_noise,T013-S2,7,95/1151358,1.0,True
36,B,gaussian_noise,T013-S2,9,0,0.0,True
37,B,gaussian_noise,T013-S2,2,0,0.0,True
37,B,gaussian_noise,T013-S2,6,0,0.0,True
37,B,gaussian_noise,T013-S2,9,0,0.0,True
38,B,gaussian_noise,T013-S2,8,0,,False
39,B,gaussian_noise,T013-S2,2,0,0.0,True
40,B,gaussian_noise,T013-S2,9,0,,False
41,B,gaussian_noise,T013-S2,0,0,0.0,True
41,B,gaussian_noise,T013-S2,1,0,0.0,True
41,B,gaussian_noise,T013-S2,3,-1285/185497,-0.25927405585202845,True
41,B,gaussian_noise,T013-S2,9,0,0.0,True
42,B,gaussian_noise,T013-S2,0,2042/34707,1.0,True
42,B,gaussian_noise,T013-S2,1,2042/34707,1.0,True
42,B,gaussian_noise,T013-S2,2,2042/34707,1.0,True
43,B,gaussian_noise,T013-S2,0,0,0.0,True
43,B,gaussian_noise,T013-S2,4,0,0.0,True
44,B,gaussian_noise,T013-S2,0,0,0.0,True
44,B,gaussian_noise,T013-S2,8,0,0.0,True
44,B,gaussian_noise,T013-S2,9,0,0.0,True
45,B,gaussian_noise,T013-S2,2,0,,False
45,B,gaussian_noise,T013-S2,4,0,,False
45,B,gaussian_noise,T013-S2,5,0,,False
45,B,gaussian_noise,T013-S2,8,0,,False
46,B,gaussian_noise,T013-S2,2,0,0.0,True
46,B,gaussian_noise,T013-S2,4,0,0.0,True
46,B,gaussian_noise,T013-S2,5,0,0.0,True
47,B,gaussian_noise,T013-S2,0,0,0.0,True
47,B,gaussian_noise,T013-S2,1,0,0.0,True
47,B,gaussian_noise,T013-S2,2,0,0.0,True
47,B,gaussian_noise,T013-S2,4,0,0.0,True
47,B,gaussian_noise,T013-S2,8,0,0.0,True
48,B,gaussian_noise,T013-S2,4,-1905/285766,-0.5026385224274407,True
48,B,gaussian_noise,T013-S2,7,0,0.0,True
48,B,gaussian_noise,T013-S2,9,0,0.0,True
49,B,gaussian_noise,T013-S2,1,0,,False
49,B,gaussian_noise,T013-S2,3,0,,False
50,B,gaussian_noise,T013-S2,2,432857/22559550,0.28959509789228755,True
50,B,gaussian_noise,T013-S2,5,0,0.0,True
51,B,gaussian_noise,T013-S2,3,0,,False
51,B,gaussian_noise,T013-S2,4,0,,False
51,B,gaussian_noise,T013-S2,9,0,,False
52,B,gaussian_noise,T013-S2,0,0,0.0,True
52,B,gaussian_noise,T013-S2,2,0,0.0,True
53,B,gaussian_noise,T013-S2,1,-10/299,-5.321100917431193,True
53,B,gaussian_noise,T013-S2,7,-170/8671,-3.1192660550458715,True
54,B,gaussian_noise,T013-S2,2,0,0.0,True
54,B,gaussian_noise,T013-S2,6,0,0.0,True
54,B,gaussian_noise,T013-S2,7,0,0.0,True
55,B,gaussian_noise,T013-S2,0,0,0.0,True
55,B,gaussian_noise,T013-S2,8,0,0.0,True
56,B,gaussian_noise,T013-S2,3,0,,False
56,B,gaussian_noise,T013-S2,4,0,,False
56,B,gaussian_noise,T013-S2,6,4961555/189716007,,False
56,B,gaussian_noise,T013-S2,9,0,,False
57,B,gaussian_noise,T013-S2,0,0,,False
57,B,gaussian_noise,T013-S2,1,-392297/8674887,,False
57,B,gaussian_noise,T013-S2,3,-64/456573,,False
57,B,gaussian_noise,T013-S2,4,-3491/76350,,False
57,B,gaussian_noise,T013-S2,6,-15014/456573,,False
58,B,gaussian_noise,T013-S2,0,0,,False
58,B,gaussian_noise,T013-S2,9,0,,False
59,B,gaussian_noise,T013-S2,0,0,,False
59,B,gaussian_noise,T013-S2,1,0,,False
59,B,gaussian_noise,T013-S2,3,0,,False
59,B,gaussian_noise,T013-S2,5,0,,False
59,B,gaussian_noise,T013-S2,6,0,,False
60,B,gaussian_noise,T013-S2,0,0,0.0,True
61,B,gaussian_noise,T013-S2,0,-1129/56550,-1.0,True
61,B,gaussian_noise,T013-S2,4,-1129/56550,-1.0,True
61,B,gaussian_noise,T013-S2,5,0,0.0,True
61,B,gaussian_noise,T013-S2,7,0,0.0,True
62,B,gaussian_noise,T013-S2,0,0,0.0,True
62,B,gaussian_noise,T013-S2,5,518/38175,1.0,True
62,B,gaussian_noise,T013-S2,6,0,0.0,True
62,B,gaussian_noise,T013-S2,9,0,0.0,True
63,B,gaussian_noise,T013-S2,3,-2395/125723,,False
63,B,gaussian_noise,T013-S2,4,0,,False
63,B,gaussian_noise,T013-S2,6,0,,False
64,B,gaussian_noise,T013-S2,1,-883811/18858450,-0.7816660121909371,True
64,B,gaussian_noise,T013-S2,3,0,0.0,True
64,B,gaussian_noise,T013-S2,5,-883811/18858450,-0.7816660121909371,True
64,B,gaussian_noise,T013-S2,8,0,0.0,True
64,B,gaussian_noise,T013-S2,9,-251997401/4720898650,-0.8903058059574311,True
65,B,gaussian_noise,T013-S2,5,0,0.0,True
66,B,gaussian_noise,T013-S2,7,0,,False
66,B,gaussian_noise,T013-S2,8,0,,False
66,B,gaussian_noise,T013-S2,9,5/754,,False
67,B,gaussian_noise,T013-S2,1,0,0.0,True
67,B,gaussian_noise,T013-S2,2,0,0.0,True
67,B,gaussian_noise,T013-S2,5,0,0.0,True
67,B,gaussian_noise,T013-S2,7,0,0.0,True
67,B,gaussian_noise,T013-S2,8,0,0.0,True
68,B,gaussian_noise,T013-S2,1,0,0.0,True
68,B,gaussian_noise,T013-S2,7,8/299,1.974468085106383,True
68,B,gaussian_noise,T013-S2,9,4/299,0.9872340425531915,True
69,B,gaussian_noise,T013-S2,2,0,0.0,True
69,B,gaussian_noise,T013-S2,5,0,0.0,True
69,B,gaussian_noise,T013-S2,7,0,0.0,True
70,B,gaussian_noise,T013-S2,0,0,0.0,True
70,B,gaussian_noise,T013-S2,8,0,0.0,True
71,B,gaussian_noise,T013-S2,4,0,0.0,True
71,B,gaussian_noise,T013-S2,5,-1/112650,-0.0013315579227696406,True
71,B,gaussian_noise,T013-S2,8,0,0.0,True
72,B,gaussian_noise,T013-S2,0,0,0.0,True
72,B,gaussian_noise,T013-S2,5,860653/14231450,0.5319969736267893,True
72,B,gaussian_noise,T013-S2,8,0,0.0,True
73,B,gaussian_noise,T013-S2,5,0,0.0,True
73,B,gaussian_noise,T013-S2,6,0,0.0,True
73,B,gaussian_noise,T013-S2,7,0,0.0,True
74,B,gaussian_noise,T013-S2,6,0,,False
75,B,gaussian_noise,T013-S2,0,0,,False
75,B,gaussian_noise,T013-S2,1,0,,False
75,B,gaussian_noise,T013-S2,3,461223/4306198,,False
76,B,gaussian_noise,T013-S2,1,0,,False
76,B,gaussian_noise,T013-S2,6,0,,False
76,B,gaussian_noise,T013-S2,7,0,,False
77,B,gaussian_noise,T013-S2,0,0,0.0,True
77,B,gaussian_noise,T013-S2,2,0,0.0,True
78,B,gaussian_noise,T013-S2,4,0,0.0,True
78,B,gaussian_noise,T013-S2,5,0,0.0,True
78,B,gaussian_noise,T013-S2,8,0,0.0,True
79,B,gaussian_noise,T013-S2,1,0,0.0,True
79,B,gaussian_noise,T013-S2,2,0,0.0,True
79,B,gaussian_noise,T013-S2,5,0,0.0,True
80,B,gaussian_noise,T013-S2,6,0,,False
80,B,gaussian_noise,T013-S2,7,0,,False
81,B,gaussian_noise,T013-S2,7,0,0.0,True
81,B,gaussian_noise,T013-S2,9,0,0.0,True
82,B,gaussian_noise,T013-S2,3,0,0.0,True
82,B,gaussian_noise,T013-S2,7,0,0.0,True
83,B,gaussian_noise,T013-S2,4,0,0.0,True
83,B,gaussian_noise,T013-S2,7,0,0.0,True
83,B,gaussian_noise,T013-S2,8,0,0.0,True
84,B,gaussian_noise,T013-S2,2,0,0.0,True
84,B,gaussian_noise,T013-S2,3,0,0.0,True
84,B,gaussian_noise,T013-S2,6,0,0.0,True
85,B,gaussian_noise,T013-S2,5,0,0.0,True
85,B,gaussian_noise,T013-S2,6,0,0.0,True
86,B,gaussian_noise,T013-S2,2,0,0.0,True
86,B,gaussian_noise,T013-S2,4,2518/37725,1.0,True
86,B,gaussian_noise,T013-S2,5,2518/37725,1.0,True
86,B,gaussian_noise,T013-S2,6,0,0.0,True
87,B,gaussian_noise,T013-S2,3,0,0.0,True
87,B,gaussian_noise,T013-S2,5,0,0.0,True
88,B,gaussian_noise,T013-S2,3,0,,False
88,B,gaussian_noise,T013-S2,4,0,,False
88,B,gaussian_noise,T013-S2,6,0,,False
88,B,gaussian_noise,T013-S2,9,0,,False
89,B,gaussian_noise,T013-S2,4,86522337/1441116430,0.9000575796595777,True
89,B,gaussian_noise,T013-S2,5,0,0.0,True
90,B,gaussian_noise,T013-S2,2,0,0.0,True
90,B,gaussian_noise,T013-S2,3,0,0.0,True
90,B,gaussian_noise,T013-S2,5,0,0.0,True
90,B,gaussian_noise,T013-S2,9,0,0.0,True
91,B,gaussian_noise,T013-S2,3,0,0.0,True
91,B,gaussian_noise,T013-S2,7,0,0.0,True
91,B,gaussian_noise,T013-S2,9,565/42978,0.6608187134502924,True
92,B,gaussian_noise,T013-S2,1,-173176/12799293,-0.5039958557184683,True
92,B,gaussian_noise,T013-S2,3,0,0.0,True
92,B,gaussian_noise,T013-S2,8,-341212/12799293,-0.9930327177057444,True
93,B,gaussian_noise,T013-S2,4,-737/113321,-0.9859531772575251,True
94,B,gaussian_noise,T013-S2,1,0,0.0,True
94,B,gaussian_noise,T013-S2,5,0,0.0,True
95,B,gaussian_noise,T013-S2,1,-1/44850,-0.1590625,True
95,B,gaussian_noise,T013-S2,5,0,0.0,True
95,B,gaussian_noise,T013-S2,6,0,0.0,True
96,B,gaussian_noise,T013-S2,7,0,0.0,True
96,B,gaussian_noise,T013-S2,9,12650/377169,4.82824427480916,True
97,B,gaussian_noise,T013-S2,2,0,0.0,True
97,B,gaussian_noise,T013-S2,3,0,0.0,True
97,B,gaussian_noise,T013-S2,9,0,0.0,True
98,B,gaussian_noise,T013-S2,5,0,0.0,True
98,B,gaussian_noise,T013-S2,6,0,0.0,True
98,B,gaussian_noise,T013-S2,9,0,0.0,True
99,B,gaussian_noise,T013-S2,0,0,0.0,True
99,B,gaussian_noise,T013-S2,3,0,0.0,True
99,B,gaussian_noise,T013-S2,4,0,0.0,True
99,B,gaussian_noise,T013-S2,5,0,0.0,True
99,B,gaussian_noise,T013-S2,7,0,0.0,True
99,B,gaussian_noise,T013-S2,9,0,0.0,True
0,B,gaussian_noise,T013-S3,1,0,0.0,True
0,B,gaussian_noise,T013-S3,6,-2805757/26481234,-1.0005445345067987,True
0,B,gaussian_noise,T013-S3,7,0,0.0,True
1,B,gaussian_noise,T013-S3,1,0,0.0,True
1,B,gaussian_noise,T013-S3,7,0,0.0,True
2,B,gaussian_noise,T013-S3,3,0,,False
2,B,gaussian_noise,T013-S3,4,0,,False
2,B,gaussian_noise,T013-S3,9,-5/741,,False
3,B,gaussian_noise,T013-S3,0,0,0.0,True
4,B,gaussian_noise,T013-S3,4,0,0.0,True
4,B,gaussian_noise,T013-S3,5,0,0.0,True
4,B,gaussian_noise,T013-S3,9,0,0.0,True
5,B,gaussian_noise,T013-S3,0,0,0.0,True
5,B,gaussian_noise,T013-S3,2,746672/14297775,0.7845323546362116,True
5,B,gaussian_noise,T013-S3,5,0,0.0,True
6,B,gaussian_noise,T013-S3,0,0,,False
6,B,gaussian_noise,T013-S3,3,0,,False
6,B,gaussian_noise,T013-S3,6,0,,False
7,B,gaussian_noise,T013-S3,1,0,0.0,True
7,B,gaussian_noise,T013-S3,3,191/5681,0.9965217391304347,True
8,B,gaussian_noise,T013-S3,0,0,0.0,True
8,B,gaussian_noise,T013-S3,5,0,0.0,True
9,B,gaussian_noise,T013-S3,7,0,0.0,True
9,B,gaussian_noise,T013-S3,8,0,0.0,True
10,B,gaussian_noise,T013-S3,2,0,0.0,True
10,B,gaussian_noise,T013-S3,3,0,0.0,True
10,B,gaussian_noise,T013-S3,4,70955/562857,3.7825415454129256,True
11,B,gaussian_noise,T013-S3,2,0,0.0,True
11,B,gaussian_noise,T013-S3,8,0,0.0,True
12,B,gaussian_noise,T013-S3,2,0,0.0,True
12,B,gaussian_noise,T013-S3,7,0,0.0,True
13,B,gaussian_noise,T013-S3,1,-2/299,-0.08327246165084003,True
13,B,gaussian_noise,T013-S3,3,0,0.0,True
13,B,gaussian_noise,T013-S3,5,0,0.0,True
14,B,gaussian_noise,T013-S3,1,0,0.0,True
14,B,gaussian_noise,T013-S3,2,0,0.0,True
15,B,gaussian_noise,T013-S3,4,0,,False
16,B,gaussian_noise,T013-S3,1,0,,False
16,B,gaussian_noise,T013-S3,4,0,,False
16,B,gaussian_noise,T013-S3,6,0,,False
16,B,gaussian_noise,T013-S3,8,0,,False
16,B,gaussian_noise,T013-S3,9,0,,False
17,B,gaussian_noise,T013-S3,1,-10451/224549,,False
17,B,gaussian_noise,T013-S3,4,-10451/224549,,False
17,B,gaussian_noise,T013-S3,8,0,,False
18,B,gaussian_noise,T013-S3,0,0,,False
18,B,gaussian_noise,T013-S3,3,0,,False
18,B,gaussian_noise,T013-S3,6,0,,False
19,B,gaussian_noise,T013-S3,0,0,0.0,True
19,B,gaussian_noise,T013-S3,2,0,0.0,True
19,B,gaussian_noise,T013-S3,7,0,0.0,True
20,B,gaussian_noise,T013-S3,6,0,,False
21,B,gaussian_noise,T013-S3,4,0,,False
22,B,gaussian_noise,T013-S3,1,0,,False
22,B,gaussian_noise,T013-S3,2,0,,False
23,B,gaussian_noise,T013-S3,0,0,0.0,True
23,B,gaussian_noise,T013-S3,2,0,0.0,True
23,B,gaussian_noise,T013-S3,5,28542245/429505161,1.4296982166493646,True
23,B,gaussian_noise,T013-S3,8,28542245/429505161,1.4296982166493646,True
23,B,gaussian_noise,T013-S3,9,0,0.0,True
24,B,gaussian_noise,T013-S3,3,0,0.0,True
24,B,gaussian_noise,T013-S3,7,0,0.0,True
24,B,gaussian_noise,T013-S3,9,-1/44850,-0.00048043722403197565,True
25,B,gaussian_noise,T013-S3,0,-2/299,-0.9954462560305016,True
25,B,gaussian_noise,T013-S3,1,-2/299,-0.9954462560305016,True
25,B,gaussian_noise,T013-S3,4,-2/299,-0.9954462560305016,True
26,B,gaussian_noise,T013-S3,5,0,,False
26,B,gaussian_noise,T013-S3,6,0,,False
27,B,gaussian_noise,T013-S3,1,14/299,0.2916666666666667,True
28,B,gaussian_noise,T013-S3,0,0,,False
28,B,gaussian_noise,T013-S3,2,0,,False
28,B,gaussian_noise,T013-S3,3,0,,False
28,B,gaussian_noise,T013-S3,4,0,,False
28,B,gaussian_noise,T013-S3,5,0,,False
28,B,gaussian_noise,T013-S3,8,0,,False
29,B,gaussian_noise,T013-S3,1,0,0.0,True
30,B,gaussian_noise,T013-S3,2,1049/3018,0.777198233707732,True
30,B,gaussian_noise,T013-S3,4,0,0.0,True
30,B,gaussian_noise,T013-S3,5,0,0.0,True
31,B,gaussian_noise,T013-S3,8,0,0.0,True
32,B,gaussian_noise,T013-S3,0,0,0.0,True
32,B,gaussian_noise,T013-S3,2,0,0.0,True
32,B,gaussian_noise,T013-S3,4,0,0.0,True
32,B,gaussian_noise,T013-S3,5,0,0.0,True
32,B,gaussian_noise,T013-S3,8,0,0.0,True
33,B,gaussian_noise,T013-S3,0,0,0.0,True
33,B,gaussian_noise,T013-S3,3,51785/561678,1.0657542704260137,True
34,B,gaussian_noise,T013-S3,2,0,0.0,True
34,B,gaussian_noise,T013-S3,3,0,0.0,True
34,B,gaussian_noise,T013-S3,8,0,0.0,True
35,B,gaussian_noise,T013-S3,1,0,,False
35,B,gaussian_noise,T013-S3,8,0,,False
36,B,gaussian_noise,T013-S3,0,0,0.0,True
36,B,gaussian_noise,T013-S3,1,0,0.0,True
36,B,gaussian_noise,T013-S3,6,0,0.0,True
36,B,gaussian_noise,T013-S3,7,95/1151358,1.0,True
36,B,gaussian_noise,T013-S3,9,0,0.0,True
37,B,gaussian_noise,T013-S3,2,0,0.0,True
37,B,gaussian_noise,T013-S3,6,0,0.0,True
37,B,gaussian_noise,T013-S3,9,0,0.0,True
38,B,gaussian_noise,T013-S3,8,0,,False
39,B,gaussian_noise,T013-S3,2,0,0.0,True
40,B,gaussian_noise,T013-S3,9,0,,False
41,B,gaussian_noise,T013-S3,0,0,0.0,True
41,B,gaussian_noise,T013-S3,1,0,0.0,True
41,B,gaussian_noise,T013-S3,3,-1285/185497,-0.25927405585202845,True
41,B,gaussian_noise,T013-S3,9,0,0.0,True
42,B,gaussian_noise,T013-S3,0,2042/34707,1.0,True
42,B,gaussian_noise,T013-S3,1,2042/34707,1.0,True
42,B,gaussian_noise,T013-S3,2,2042/34707,1.0,True
43,B,gaussian_noise,T013-S3,0,0,0.0,True
43,B,gaussian_noise,T013-S3,4,0,0.0,True
44,B,gaussian_noise,T013-S3,0,0,0.0,True
44,B,gaussian_noise,T013-S3,8,0,0.0,True
44,B,gaussian_noise,T013-S3,9,0,0.0,True
45,B,gaussian_noise,T013-S3,2,0,,False
45,B,gaussian_noise,T013-S3,4,0,,False
45,B,gaussian_noise,T013-S3,5,0,,False
45,B,gaussian_noise,T013-S3,8,0,,False
46,B,gaussian_noise,T013-S3,2,0,0.0,True
46,B,gaussian_noise,T013-S3,4,0,0.0,True
46,B,gaussian_noise,T013-S3,5,0,0.0,True
47,B,gaussian_noise,T013-S3,0,0,0.0,True
47,B,gaussian_noise,T013-S3,1,0,0.0,True
47,B,gaussian_noise,T013-S3,2,0,0.0,True
47,B,gaussian_noise,T013-S3,4,0,0.0,True
47,B,gaussian_noise,T013-S3,8,0,0.0,True
48,B,gaussian_noise,T013-S3,4,-1905/285766,-0.5026385224274407,True
48,B,gaussian_noise,T013-S3,7,0,0.0,True
48,B,gaussian_noise,T013-S3,9,0,0.0,True
49,B,gaussian_noise,T013-S3,1,0,,False
49,B,gaussian_noise,T013-S3,3,0,,False
50,B,gaussian_noise,T013-S3,2,432857/22559550,0.28959509789228755,True
50,B,gaussian_noise,T013-S3,5,0,0.0,True
51,B,gaussian_noise,T013-S3,3,0,,False
51,B,gaussian_noise,T013-S3,4,0,,False
51,B,gaussian_noise,T013-S3,9,0,,False
52,B,gaussian_noise,T013-S3,0,0,0.0,True
52,B,gaussian_noise,T013-S3,2,0,0.0,True
53,B,gaussian_noise,T013-S3,1,0,0.0,True
53,B,gaussian_noise,T013-S3,7,120/8671,2.2018348623853212,True
54,B,gaussian_noise,T013-S3,2,0,0.0,True
54,B,gaussian_noise,T013-S3,6,0,0.0,True
54,B,gaussian_noise,T013-S3,7,0,0.0,True
55,B,gaussian_noise,T013-S3,0,0,0.0,True
55,B,gaussian_noise,T013-S3,8,0,0.0,True
56,B,gaussian_noise,T013-S3,3,0,0.0,True
56,B,gaussian_noise,T013-S3,4,0,0.0,True
56,B,gaussian_noise,T013-S3,6,6218785/189716007,4.946417918757905,True
56,B,gaussian_noise,T013-S3,9,0,0.0,True
57,B,gaussian_noise,T013-S3,0,-1/17043,-0.008053670036866505,True
57,B,gaussian_noise,T013-S3,1,-455498/8674887,-7.207132798531669,True
57,B,gaussian_noise,T013-S3,3,-64417/8674887,-1.0192402018955395,True
57,B,gaussian_noise,T013-S3,4,-22992421/433744350,-7.275967468869164,True
57,B,gaussian_noise,T013-S3,6,-22992421/433744350,-7.275967468869164,True
58,B,gaussian_noise,T013-S3,0,0,,False
58,B,gaussian_noise,T013-S3,9,0,,False
59,B,gaussian_noise,T013-S3,0,0,,False
59,B,gaussian_noise,T013-S3,1,0,,False
59,B,gaussian_noise,T013-S3,3,0,,False
59,B,gaussian_noise,T013-S3,5,0,,False
59,B,gaussian_noise,T013-S3,6,0,,False
60,B,gaussian_noise,T013-S3,0,0,0.0,True
61,B,gaussian_noise,T013-S3,0,-1/150,-0.33392382639503987,True
61,B,gaussian_noise,T013-S3,4,-1/150,-0.33392382639503987,True
61,B,gaussian_noise,T013-S3,5,376/28275,0.6660761736049602,True
61,B,gaussian_noise,T013-S3,7,376/28275,0.6660761736049602,True
62,B,gaussian_noise,T013-S3,0,0,0.0,True
62,B,gaussian_noise,T013-S3,5,518/38175,1.0,True
62,B,gaussian_noise,T013-S3,6,0,0.0,True
62,B,gaussian_noise,T013-S3,9,0,0.0,True
63,B,gaussian_noise,T013-S3,3,-2395/125723,,False
63,B,gaussian_noise,T013-S3,4,0,,False
63,B,gaussian_noise,T013-S3,6,0,,False
64,B,gaussian_noise,T013-S3,1,-61999/1854970,-0.5574624449946088,True
64,B,gaussian_noise,T013-S3,3,0,0.0,True
64,B,gaussian_noise,T013-S3,5,0,0.0,True
64,B,gaussian_noise,T013-S3,8,0,0.0,True
64,B,gaussian_noise,T013-S3,9,-251997401/4720898650,-0.8903058059574311,True
65,B,gaussian_noise,T013-S3,5,0,0.0,True
66,B,gaussian_noise,T013-S3,7,0,,False
66,B,gaussian_noise,T013-S3,8,0,,False
66,B,gaussian_noise,T013-S3,9,5/754,,False
67,B,gaussian_noise,T013-S3,1,0,0.0,True
67,B,gaussian_noise,T013-S3,2,0,0.0,True
67,B,gaussian_noise,T013-S3,5,0,0.0,True
67,B,gaussian_noise,T013-S3,7,0,0.0,True
67,B,gaussian_noise,T013-S3,8,0,0.0,True
68,B,gaussian_noise,T013-S3,1,0,0.0,True
68,B,gaussian_noise,T013-S3,7,8/299,0.7958833619210978,True
68,B,gaussian_noise,T013-S3,9,6/299,0.5969125214408233,True
69,B,gaussian_noise,T013-S3,2,0,0.0,True
69,B,gaussian_noise,T013-S3,5,0,0.0,True
69,B,gaussian_noise,T013-S3,7,0,0.0,True
70,B,gaussian_noise,T013-S3,0,0,0.0,True
70,B,gaussian_noise,T013-S3,8,0,0.0,True
71,B,gaussian_noise,T013-S3,4,0,0.0,True
71,B,gaussian_noise,T013-S3,5,-1/112650,-0.0013315579227696406,True
71,B,gaussian_noise,T013-S3,8,0,0.0,True
72,B,gaussian_noise,T013-S3,0,0,0.0,True
72,B,gaussian_noise,T013-S3,5,860653/14231450,0.5319969736267893,True
72,B,gaussian_noise,T013-S3,8,0,0.0,True
73,B,gaussian_noise,T013-S3,5,0,0.0,True
73,B,gaussian_noise,T013-S3,6,0,0.0,True
73,B,gaussian_noise,T013-S3,7,0,0.0,True
74,B,gaussian_noise,T013-S3,6,0,,False
75,B,gaussian_noise,T013-S3,0,0,,False
75,B,gaussian_noise,T013-S3,1,0,,False
75,B,gaussian_noise,T013-S3,3,461223/4306198,,False
76,B,gaussian_noise,T013-S3,1,0,,False
76,B,gaussian_noise,T013-S3,6,0,,False
76,B,gaussian_noise,T013-S3,7,0,,False
77,B,gaussian_noise,T013-S3,0,0,0.0,True
77,B,gaussian_noise,T013-S3,2,0,0.0,True
78,B,gaussian_noise,T013-S3,4,0,0.0,True
78,B,gaussian_noise,T013-S3,5,0,0.0,True
78,B,gaussian_noise,T013-S3,8,0,0.0,True
79,B,gaussian_noise,T013-S3,1,0,0.0,True
79,B,gaussian_noise,T013-S3,2,0,0.0,True
79,B,gaussian_noise,T013-S3,5,0,0.0,True
80,B,gaussian_noise,T013-S3,6,0,,False
80,B,gaussian_noise,T013-S3,7,0,,False
81,B,gaussian_noise,T013-S3,7,0,0.0,True
81,B,gaussian_noise,T013-S3,9,0,0.0,True
82,B,gaussian_noise,T013-S3,3,0,0.0,True
82,B,gaussian_noise,T013-S3,7,0,0.0,True
83,B,gaussian_noise,T013-S3,4,0,0.0,True
83,B,gaussian_noise,T013-S3,7,2369255/32276478,0.4593631457463072,True
83,B,gaussian_noise,T013-S3,8,0,0.0,True
84,B,gaussian_noise,T013-S3,2,0,0.0,True
84,B,gaussian_noise,T013-S3,3,0,0.0,True
84,B,gaussian_noise,T013-S3,6,0,0.0,True
85,B,gaussian_noise,T013-S3,5,0,0.0,True
85,B,gaussian_noise,T013-S3,6,0,0.0,True
86,B,gaussian_noise,T013-S3,2,0,0.0,True
86,B,gaussian_noise,T013-S3,4,2518/37725,1.0,True
86,B,gaussian_noise,T013-S3,5,2518/37725,1.0,True
86,B,gaussian_noise,T013-S3,6,0,0.0,True
87,B,gaussian_noise,T013-S3,3,0,0.0,True
87,B,gaussian_noise,T013-S3,5,0,0.0,True
88,B,gaussian_noise,T013-S3,3,0,,False
88,B,gaussian_noise,T013-S3,4,0,,False
88,B,gaussian_noise,T013-S3,6,0,,False
88,B,gaussian_noise,T013-S3,9,0,,False
89,B,gaussian_noise,T013-S3,4,86522337/1441116430,0.9000575796595777,True
89,B,gaussian_noise,T013-S3,5,0,0.0,True
90,B,gaussian_noise,T013-S3,2,0,0.0,True
90,B,gaussian_noise,T013-S3,3,0,0.0,True
90,B,gaussian_noise,T013-S3,5,0,0.0,True
90,B,gaussian_noise,T013-S3,9,0,0.0,True
91,B,gaussian_noise,T013-S3,3,0,0.0,True
91,B,gaussian_noise,T013-S3,7,0,0.0,True
91,B,gaussian_noise,T013-S3,9,565/42978,0.6608187134502924,True
92,B,gaussian_noise,T013-S3,1,-173176/12799293,-1.006960152111595,True
92,B,gaussian_noise,T013-S3,3,0,0.0,True
92,B,gaussian_noise,T013-S3,8,-341212/12799293,-1.9840329342536007,True
93,B,gaussian_noise,T013-S3,4,0,0.0,True
94,B,gaussian_noise,T013-S3,1,0,0.0,True
94,B,gaussian_noise,T013-S3,5,0,0.0,True
95,B,gaussian_noise,T013-S3,1,0,0.0,True
95,B,gaussian_noise,T013-S3,5,0,0.0,True
95,B,gaussian_noise,T013-S3,6,0,0.0,True
96,B,gaussian_noise,T013-S3,7,0,0.0,True
96,B,gaussian_noise,T013-S3,9,10/741,1.9427480916030535,True
97,B,gaussian_noise,T013-S3,2,0,0.0,True
97,B,gaussian_noise,T013-S3,3,0,0.0,True
97,B,gaussian_noise,T013-S3,9,0,0.0,True
98,B,gaussian_noise,T013-S3,5,0,0.0,True
98,B,gaussian_noise,T013-S3,6,0,0.0,True
98,B,gaussian_noise,T013-S3,9,0,0.0,True
99,B,gaussian_noise,T013-S3,0,0,0.0,True
99,B,gaussian_noise,T013-S3,3,0,0.0,True
99,B,gaussian_noise,T013-S3,4,0,0.0,True
99,B,gaussian_noise,T013-S3,5,0,0.0,True
99,B,gaussian_noise,T013-S3,7,0,0.0,True
99,B,gaussian_noise,T013-S3,9,0,0.0,True
0,B,gaussian_blur,T013-S0,1,224/8671,0.19470965009551958,True
0,B,gaussian_blur,T013-S0,6,-45905/1151358,-0.30050953260302793,True
0,B,gaussian_blur,T013-S0,7,341179/26481234,0.09710748741395839,True
1,B,gaussian_blur,T013-S0,1,0,0.0,True
1,B,gaussian_blur,T013-S0,7,0,0.0,True
2,B,gaussian_blur,T013-S0,3,0,0.0,True
2,B,gaussian_blur,T013-S0,4,575/42978,0.3333333333333333,True
2,B,gaussian_blur,T013-S0,9,155/3306,1.1681159420289855,True
3,B,gaussian_blur,T013-S0,0,10/379,0.5714285714285714,True
4,B,gaussian_blur,T013-S0,4,0,0.0,True
4,B,gaussian_blur,T013-S0,5,0,0.0,True
4,B,gaussian_blur,T013-S0,9,0,0.0,True
5,B,gaussian_blur,T013-S0,0,0,,False
5,B,gaussian_blur,T013-S0,2,336289/5719110,,False
5,B,gaussian_blur,T013-S0,5,278827/14297775,,False
6,B,gaussian_blur,T013-S0,0,0,0.0,True
6,B,gaussian_blur,T013-S0,3,0,0.0,True
6,B,gaussian_blur,T013-S0,6,-9955/377169,-0.26493679308050566,True
7,B,gaussian_blur,T013-S0,1,0,0.0,True
7,B,gaussian_blur,T013-S0,3,794/17043,3.528888888888889,True
8,B,gaussian_blur,T013-S0,0,0,0.0,True
8,B,gaussian_blur,T013-S0,5,0,0.0,True
9,B,gaussian_blur,T013-S0,7,34385203/742358994,0.3883751295997389,True
9,B,gaussian_blur,T013-S0,8,34385203/742358994,0.3883751295997389,True
10,B,gaussian_blur,T013-S0,2,593704919/3197590617,3.094395974401922,True
10,B,gaussian_blur,T013-S0,3,0,0.0,True
10,B,gaussian_blur,T013-S0,4,15984/150397,1.771227712774197,True
11,B,gaussian_blur,T013-S0,2,0,0.0,True
11,B,gaussian_blur,T013-S0,8,0,0.0,True
12,B,gaussian_blur,T013-S0,2,0,0.0,True
12,B,gaussian_blur,T013-S0,7,0,0.0,True
13,B,gaussian_blur,T013-S0,1,0,0.0,True
13,B,gaussian_blur,T013-S0,3,0,0.0,True
13,B,gaussian_blur,T013-S0,5,0,0.0,True
14,B,gaussian_blur,T013-S0,1,0,0.0,True
14,B,gaussian_blur,T013-S0,2,0,0.0,True
15,B,gaussian_blur,T013-S0,4,5/373,0.25,True
16,B,gaussian_blur,T013-S0,1,0,,False
16,B,gaussian_blur,T013-S0,4,0,,False
16,B,gaussian_blur,T013-S0,6,0,,False
16,B,gaussian_blur,T013-S0,8,0,,False
16,B,gaussian_blur,T013-S0,9,0,,False
17,B,gaussian_blur,T013-S0,1,0,,False
17,B,gaussian_blur,T013-S0,4,0,,False
17,B,gaussian_blur,T013-S0,8,16403/224549,,False
18,B,gaussian_blur,T013-S0,0,0,,False
18,B,gaussian_blur,T013-S0,3,0,,False
18,B,gaussian_blur,T013-S0,6,0,,False
19,B,gaussian_blur,T013-S0,0,0,0.0,True
19,B,gaussian_blur,T013-S0,2,0,0.0,True
19,B,gaussian_blur,T013-S0,7,0,0.0,True
20,B,gaussian_blur,T013-S0,6,0,0.0,True
21,B,gaussian_blur,T013-S0,4,20/373,0.7272727272727273,True
22,B,gaussian_blur,T013-S0,1,39430/451191,0.8656421514818881,True
22,B,gaussian_blur,T013-S0,2,16208/150397,1.0674862788144897,True
23,B,gaussian_blur,T013-S0,0,0,0.0,True
23,B,gaussian_blur,T013-S0,2,0,0.0,True
23,B,gaussian_blur,T013-S0,5,15193560/143168387,2.6772525619421126,True
23,B,gaussian_blur,T013-S0,8,62777315/859010322,1.843661913508059,True
23,B,gaussian_blur,T013-S0,9,0,0.0,True
24,B,gaussian_blur,T013-S0,3,0,0.0,True
24,B,gaussian_blur,T013-S0,7,0,0.0,True
24,B,gaussian_blur,T013-S0,9,0,0.0,True
25,B,gaussian_blur,T013-S0,0,28/451191,0.00458579910423078,True
25,B,gaussian_blur,T013-S0,1,0,0.0,True
25,B,gaussian_blur,T013-S0,4,0,0.0,True
26,B,gaussian_blur,T013-S0,5,0,0.0,True
26,B,gaussian_blur,T013-S0,6,6998/152191,0.7783050344776451,True
27,B,gaussian_blur,T013-S0,1,0,0.0,True
28,B,gaussian_blur,T013-S0,0,-5/758,,False
28,B,gaussian_blur,T013-S0,2,0,,False
28,B,gaussian_blur,T013-S0,3,0,,False
28,B,gaussian_blur,T013-S0,4,0,,False
28,B,gaussian_blur,T013-S0,5,0,,False
28,B,gaussian_blur,T013-S0,8,0,,False
29,B,gaussian_blur,T013-S0,1,0,0.0,True
30,B,gaussian_blur,T013-S0,2,4006/37725,0.4170744403956273,True
30,B,gaussian_blur,T013-S0,4,0,0.0,True
30,B,gaussian_blur,T013-S0,5,4006/37725,0.4170744403956273,True
31,B,gaussian_blur,T013-S0,8,0,,False
32,B,gaussian_blur,T013-S0,0,0,0.0,True
32,B,gaussian_blur,T013-S0,2,0,0.0,True
32,B,gaussian_blur,T013-S0,4,0,0.0,True
32,B,gaussian_blur,T013-S0,5,0,0.0,True
32,B,gaussian_blur,T013-S0,8,0,0.0,True
33,B,gaussian_blur,T013-S0,0,0,0.0,True
33,B,gaussian_blur,T013-S0,3,-1320/93613,-0.3418951003669329,True
34,B,gaussian_blur,T013-S0,2,0,,False
34,B,gaussian_blur,T013-S0,3,-969124750/142476721257,,False
34,B,gaussian_blur,T013-S0,8,0,,False
35,B,gaussian_blur,T013-S0,1,31346/224549,2.9734395750332006,True
35,B,gaussian_blur,T013-S0,8,31346/224549,2.9734395750332006,True
36,B,gaussian_blur,T013-S0,0,0,0.0,True
36,B,gaussian_blur,T013-S0,1,0,0.0,True
36,B,gaussian_blur,T013-S0,6,0,0.0,True
36,B,gaussian_blur,T013-S0,7,0,0.0,True
36,B,gaussian_blur,T013-S0,9,0,0.0,True
37,B,gaussian_blur,T013-S0,2,30643595/576828831,3.9847384476947405,True
37,B,gaussian_blur,T013-S0,6,0,0.0,True
37,B,gaussian_blur,T013-S0,9,0,0.0,True
38,B,gaussian_blur,T013-S0,8,-15/751,,False
39,B,gaussian_blur,T013-S0,2,0,0.0,True
40,B,gaussian_blur,T013-S0,9,45/7163,0.48214285714285715,True
41,B,gaussian_blur,T013-S0,0,0,,False
41,B,gaussian_blur,T013-S0,1,0,,False
41,B,gaussian_blur,T013-S0,3,-54449933/1616977349,,False
41,B,gaussian_blur,T013-S0,9,0,,False
42,B,gaussian_blur,T013-S0,0,0,0.0,True
42,B,gaussian_blur,T013-S0,1,0,0.0,True
42,B,gaussian_blur,T013-S0,2,-2595245/342002778,-0.5010101302599891,True
43,B,gaussian_blur,T013-S0,0,0,0.0,True
43,B,gaussian_blur,T013-S0,4,0,0.0,True
44,B,gaussian_blur,T013-S0,0,0,0.0,True
44,B,gaussian_blur,T013-S0,8,0,0.0,True
44,B,gaussian_blur,T013-S0,9,0,0.0,True
45,B,gaussian_blur,T013-S0,2,0,0.0,True
45,B,gaussian_blur,T013-S0,4,0,0.0,True
45,B,gaussian_blur,T013-S0,5,0,0.0,True
45,B,gaussian_blur,T013-S0,8,0,0.0,True
46,B,gaussian_blur,T013-S0,2,0,0.0,True
46,B,gaussian_blur,T013-S0,4,0,0.0,True
46,B,gaussian_blur,T013-S0,5,0,0.0,True
47,B,gaussian_blur,T013-S0,0,-10/1509,-0.24825908302824584,True
47,B,gaussian_blur,T013-S0,1,0,0.0,True
47,B,gaussian_blur,T013-S0,2,4532938/338844441,0.5011569997211702,True
47,B,gaussian_blur,T013-S0,4,4532938/338844441,0.5011569997211702,True
47,B,gaussian_blur,T013-S0,8,6799456/338844441,0.7517409169717542,True
48,B,gaussian_blur,T013-S0,4,-1905/285766,-0.12507414871988945,True
48,B,gaussian_blur,T013-S0,7,-1905/285766,-0.12507414871988945,True
48,B,gaussian_blur,T013-S0,9,0,0.0,True
49,B,gaussian_blur,T013-S0,1,0,0.0,True
49,B,gaussian_blur,T013-S0,3,0,0.0,True
50,B,gaussian_blur,T013-S0,2,0,0.0,True
50,B,gaussian_blur,T013-S0,5,0,0.0,True
51,B,gaussian_blur,T013-S0,3,0,,False
51,B,gaussian_blur,T013-S0,4,0,,False
51,B,gaussian_blur,T013-S0,9,0,,False
52,B,gaussian_blur,T013-S0,0,0,,False
52,B,gaussian_blur,T013-S0,2,0,,False
53,B,gaussian_blur,T013-S0,1,0,0.0,True
53,B,gaussian_blur,T013-S0,7,0,0.0,True
54,B,gaussian_blur,T013-S0,2,7713515/96522179,0.6302466663984643,True
54,B,gaussian_blur,T013-S0,6,0,0.0,True
54,B,gaussian_blur,T013-S0,7,7713515/96522179,0.6302466663984643,True
55,B,gaussian_blur,T013-S0,0,0,0.0,True
55,B,gaussian_blur,T013-S0,8,0,0.0,True
56,B,gaussian_blur,T013-S0,3,0,,False
56,B,gaussian_blur,T013-S0,4,0,,False
56,B,gaussian_blur,T013-S0,6,6294235/189716007,,False
56,B,gaussian_blur,T013-S0,9,0,,False
57,B,gaussian_blur,T013-S0,0,0,0.0,True
57,B,gaussian_blur,T013-S0,1,0,0.0,True
57,B,gaussian_blur,T013-S0,3,189706/2891629,7.936050646326328,True
57,B,gaussian_blur,T013-S0,4,-735231943/26964440425,-3.2983663455338004,True
57,B,gaussian_blur,T013-S0,6,0,0.0,True
58,B,gaussian_blur,T013-S0,0,0,,False
58,B,gaussian_blur,T013-S0,9,0,,False
59,B,gaussian_blur,T013-S0,0,0,0.0,True
59,B,gaussian_blur,T013-S0,1,0,0.0,True
59,B,gaussian_blur,T013-S0,3,0,0.0,True
59,B,gaussian_blur,T013-S0,5,0,0.0,True
59,B,gaussian_blur,T013-S0,6,0,0.0,True
60,B,gaussian_blur,T013-S0,0,0,0.0,True
61,B,gaussian_blur,T013-S0,0,0,0.0,True
61,B,gaussian_blur,T013-S0,4,0,0.0,True
61,B,gaussian_blur,T013-S0,5,0,0.0,True
61,B,gaussian_blur,T013-S0,7,0,0.0,True
62,B,gaussian_blur,T013-S0,0,20/1527,0.6521882038702267,True
62,B,gaussian_blur,T013-S0,5,497/25450,0.972412611970508,True
62,B,gaussian_blur,T013-S0,6,20/1527,0.6521882038702267,True
62,B,gaussian_blur,T013-S0,9,0,0.0,True
63,B,gaussian_blur,T013-S0,3,0,0.0,True
63,B,gaussian_blur,T013-S0,4,0,0.0,True
63,B,gaussian_blur,T013-S0,6,0,0.0,True
64,B,gaussian_blur,T013-S0,1,0,0.0,True
64,B,gaussian_blur,T013-S0,3,0,0.0,True
64,B,gaussian_blur,T013-S0,5,0,0.0,True
64,B,gaussian_blur,T013-S0,8,0,0.0,True
64,B,gaussian_blur,T013-S0,9,0,0.0,True
65,B,gaussian_blur,T013-S0,5,0,0.0,True
66,B,gaussian_blur,T013-S0,7,0,0.0,True
66,B,gaussian_blur,T013-S0,8,0,0.0,True
66,B,gaussian_blur,T013-S0,9,10055/382259,1.9645016895717569,True
67,B,gaussian_blur,T013-S0,1,0,0.0,True
67,B,gaussian_blur,T013-S0,2,0,0.0,True
67,B,gaussian_blur,T013-S0,5,0,0.0,True
67,B,gaussian_blur,T013-S0,7,0,0.0,True
67,B,gaussian_blur,T013-S0,8,0,0.0,True
68,B,gaussian_blur,T013-S0,1,0,0.0,True
68,B,gaussian_blur,T013-S0,7,0,0.0,True
68,B,gaussian_blur,T013-S0,9,0,0.0,True
69,B,gaussian_blur,T013-S0,2,0,0.0,True
69,B,gaussian_blur,T013-S0,5,0,0.0,True
69,B,gaussian_blur,T013-S0,7,22943/494247,0.2911097968380197,True
70,B,gaussian_blur,T013-S0,0,0,0.0,True
70,B,gaussian_blur,T013-S0,8,0,0.0,True
71,B,gaussian_blur,T013-S0,4,-280879/42018450,-0.994716171278212,True
71,B,gaussian_blur,T013-S0,5,0,0.0,True
71,B,gaussian_blur,T013-S0,8,0,0.0,True
72,B,gaussian_blur,T013-S0,0,0,0.0,True
72,B,gaussian_blur,T013-S0,5,665889/7115725,1.396686685916842,True
72,B,gaussian_blur,T013-S0,8,0,0.0,True
73,B,gaussian_blur,T013-S0,5,0,0.0,True
73,B,gaussian_blur,T013-S0,6,0,0.0,True
73,B,gaussian_blur,T013-S0,7,0,0.0,True
74,B,gaussian_blur,T013-S0,6,0,0.0,True
75,B,gaussian_blur,T013-S0,0,0,0.0,True
75,B,gaussian_blur,T013-S0,1,0,0.0,True
75,B,gaussian_blur,T013-S0,3,4061803/12918594,1.1764578270679522,True
76,B,gaussian_blur,T013-S0,1,1206109/22828650,1.3175865445488513,True
76,B,gaussian_blur,T013-S0,6,1206109/22828650,1.3175865445488513,True
76,B,gaussian_blur,T013-S0,7,-10/299,-0.8340683360816045,True
77,B,gaussian_blur,T013-S0,0,0,0.0,True
77,B,gaussian_blur,T013-S0,2,0,0.0,True
78,B,gaussian_blur,T013-S0,4,0,0.0,True
78,B,gaussian_blur,T013-S0,5,0,0.0,True
78,B,gaussian_blur,T013-S0,8,0,0.0,True
79,B,gaussian_blur,T013-S0,1,0,0.0,True
79,B,gaussian_blur,T013-S0,2,0,0.0,True
79,B,gaussian_blur,T013-S0,5,0,0.0,True
80,B,gaussian_blur,T013-S0,6,0,0.0,True
80,B,gaussian_blur,T013-S0,7,0,0.0,True
81,B,gaussian_blur,T013-S0,7,0,0.0,True
81,B,gaussian_blur,T013-S0,9,0,0.0,True
82,B,gaussian_blur,T013-S0,3,0,0.0,True
82,B,gaussian_blur,T013-S0,7,0,0.0,True
83,B,gaussian_blur,T013-S0,4,0,,False
83,B,gaussian_blur,T013-S0,7,0,,False
83,B,gaussian_blur,T013-S0,8,0,,False
84,B,gaussian_blur,T013-S0,2,55210/768081,,False
84,B,gaussian_blur,T013-S0,3,0,,False
84,B,gaussian_blur,T013-S0,6,0,,False
85,B,gaussian_blur,T013-S0,5,0,0.0,True
85,B,gaussian_blur,T013-S0,6,0,0.0,True
86,B,gaussian_blur,T013-S0,2,0,0.0,True
86,B,gaussian_blur,T013-S0,4,0,0.0,True
86,B,gaussian_blur,T013-S0,5,2518/37725,0.8334988414432307,True
86,B,gaussian_blur,T013-S0,6,0,0.0,True
87,B,gaussian_blur,T013-S0,3,622/18525,0.8306303406739862,True
87,B,gaussian_blur,T013-S0,5,749/112650,0.16448497920854668,True
88,B,gaussian_blur,T013-S0,3,0,0.0,True
88,B,gaussian_blur,T013-S0,4,0,0.0,True
88,B,gaussian_blur,T013-S0,6,0,0.0,True
88,B,gaussian_blur,T013-S0,9,0,0.0,True
89,B,gaussian_blur,T013-S0,4,310952/4246905,0.7839324228543522,True
89,B,gaussian_blur,T013-S0,5,0,0.0,True
90,B,gaussian_blur,T013-S0,2,0,0.0,True
90,B,gaussian_blur,T013-S0,3,0,0.0,True
90,B,gaussian_blur,T013-S0,5,0,0.0,True
90,B,gaussian_blur,T013-S0,9,0,0.0,True
91,B,gaussian_blur,T013-S0,3,0,,False
91,B,gaussian_blur,T013-S0,7,-5/754,,False
91,B,gaussian_blur,T013-S0,9,-5/754,,False
92,B,gaussian_blur,T013-S0,1,0,0.0,True
92,B,gaussian_blur,T013-S0,3,0,0.0,True
92,B,gaussian_blur,T013-S0,8,0,0.0,True
93,B,gaussian_blur,T013-S0,4,287219/42268733,0.1269793340657446,True
94,B,gaussian_blur,T013-S0,1,0,0.0,True
94,B,gaussian_blur,T013-S0,5,0,0.0,True
95,B,gaussian_blur,T013-S0,1,0,0.0,True
95,B,gaussian_blur,T013-S0,5,0,0.0,True
95,B,gaussian_blur,T013-S0,6,0,0.0,True
96,B,gaussian_blur,T013-S0,7,0,0.0,True
96,B,gaussian_blur,T013-S0,9,763/38019,3.015094370045718,True
97,B,gaussian_blur,T013-S0,2,0,0.0,True
97,B,gaussian_blur,T013-S0,3,0,0.0,True
97,B,gaussian_blur,T013-S0,9,0,0.0,True
98,B,gaussian_blur,T013-S0,5,0,0.0,True
98,B,gaussian_blur,T013-S0,6,0,0.0,True
98,B,gaussian_blur,T013-S0,9,0,0.0,True
99,B,gaussian_blur,T013-S0,0,0,0.0,True
99,B,gaussian_blur,T013-S0,3,0,0.0,True
99,B,gaussian_blur,T013-S0,4,0,0.0,True
99,B,gaussian_blur,T013-S0,5,0,0.0,True
99,B,gaussian_blur,T013-S0,7,0,0.0,True
99,B,gaussian_blur,T013-S0,9,0,0.0,True
0,B,gaussian_blur,T013-S1,1,691402/13240617,0.43614711753575697,True
0,B,gaussian_blur,T013-S1,6,-357107/26481234,-0.11263432033884888,True
0,B,gaussian_blur,T013-S1,7,348485/13240617,0.21982974919720838,True
1,B,gaussian_blur,T013-S1,1,0,0.0,True
1,B,gaussian_blur,T013-S1,7,5/754,0.0999131190269331,True
2,B,gaussian_blur,T013-S1,3,0,0.0,True
2,B,gaussian_blur,T013-S1,4,575/42978,0.3333333333333333,True
2,B,gaussian_blur,T013-S1,9,5/754,0.16521739130434782,True
3,B,gaussian_blur,T013-S1,0,10/379,0.5714285714285714,True
4,B,gaussian_blur,T013-S1,4,0,0.0,True
4,B,gaussian_blur,T013-S1,5,0,0.0,True
4,B,gaussian_blur,T013-S1,9,0,0.0,True
5,B,gaussian_blur,T013-S1,0,0,0.0,True
5,B,gaussian_blur,T013-S1,2,336289/5719110,2.169936841996588,True
5,B,gaussian_blur,T013-S1,5,336289/5719110,2.169936841996588,True
6,B,gaussian_blur,T013-S1,0,0,0.0,True
6,B,gaussian_blur,T013-S1,3,0,0.0,True
6,B,gaussian_blur,T013-S1,6,0,0.0,True
7,B,gaussian_blur,T013-S1,1,0,0.0,True
7,B,gaussian_blur,T013-S1,3,-2/5681,-0.007518796992481203,True
8,B,gaussian_blur,T013-S1,0,0,0.0,True
8,B,gaussian_blur,T013-S1,5,0,0.0,True
9,B,gaussian_blur,T013-S1,7,26255/566254,0.3887716008318328,True
9,B,gaussian_blur,T013-S1,8,26255/566254,0.3887716008318328,True
10,B,gaussian_blur,T013-S1,2,593704919/3197590617,3.094395974401922,True
10,B,gaussian_blur,T013-S1,3,0,0.0,True
10,B,gaussian_blur,T013-S1,4,15984/150397,1.771227712774197,True
11,B,gaussian_blur,T013-S1,2,0,0.0,True
11,B,gaussian_blur,T013-S1,8,0,0.0,True
12,B,gaussian_blur,T013-S1,2,0,0.0,True
12,B,gaussian_blur,T013-S1,7,0,0.0,True
13,B,gaussian_blur,T013-S1,1,0,0.0,True
13,B,gaussian_blur,T013-S1,3,0,0.0,True
13,B,gaussian_blur,T013-S1,5,0,0.0,True
14,B,gaussian_blur,T013-S1,1,0,0.0,True
14,B,gaussian_blur,T013-S1,2,0,0.0,True
15,B,gaussian_blur,T013-S1,4,5/373,0.25,True
16,B,gaussian_blur,T013-S1,1,0,,False
16,B,gaussian_blur,T013-S1,4,0,,False
16,B,gaussian_blur,T013-S1,6,5/751,,False
16,B,gaussian_blur,T013-S1,8,5/751,,False
16,B,gaussian_blur,T013-S1,9,0,,False
17,B,gaussian_blur,T013-S1,1,0,,False
17,B,gaussian_blur,T013-S1,4,11946/224549,,False
17,B,gaussian_blur,T013-S1,8,11946/224549,,False
18,B,gaussian_blur,T013-S1,0,0,,False
18,B,gaussian_blur,T013-S1,3,0,,False
18,B,gaussian_blur,T013-S1,6,0,,False
19,B,gaussian_blur,T013-S1,0,0,0.0,True
19,B,gaussian_blur,T013-S1,2,0,0.0,True
19,B,gaussian_blur,T013-S1,7,0,0.0,True
20,B,gaussian_blur,T013-S1,6,0,0.0,True
21,B,gaussian_blur,T013-S1,4,20/373,0.7272727272727273,True
22,B,gaussian_blur,T013-S1,1,72880/451191,1.6,True
22,B,gaussian_blur,T013-S1,2,72880/451191,1.6,True
23,B,gaussian_blur,T013-S1,0,0,0.0,True
23,B,gaussian_blur,T013-S1,2,0,0.0,True
23,B,gaussian_blur,T013-S1,5,74109905/859010322,2.1764806166399513,True
23,B,gaussian_blur,T013-S1,8,74109905/859010322,2.1764806166399513,True
23,B,gaussian_blur,T013-S1,9,0,0.0,True
24,B,gaussian_blur,T013-S1,3,0,0.0,True
24,B,gaussian_blur,T013-S1,7,0,0.0,True
24,B,gaussian_blur,T013-S1,9,0,0.0,True
25,B,gaussian_blur,T013-S1,0,0,0.0,True
25,B,gaussian_blur,T013-S1,1,0,0.0,True
25,B,gaussian_blur,T013-S1,4,0,0.0,True
26,B,gaussian_blur,T013-S1,5,0,0.0,True
26,B,gaussian_blur,T013-S1,6,26974/456573,1.0,True
27,B,gaussian_blur,T013-S1,1,0,0.0,True
28,B,gaussian_blur,T013-S1,0,0,,False
28,B,gaussian_blur,T013-S1,2,0,,False
28,B,gaussian_blur,T013-S1,3,0,,False
28,B,gaussian_blur,T013-S1,4,0,,False
28,B,gaussian_blur,T013-S1,5,0,,False
28,B,gaussian_blur,T013-S1,8,0,,False
29,B,gaussian_blur,T013-S1,1,0,0.0,True
30,B,gaussian_blur,T013-S1,2,4006/37725,0.4170744403956273,True
30,B,gaussian_blur,T013-S1,4,0,0.0,True
30,B,gaussian_blur,T013-S1,5,4006/37725,0.4170744403956273,True
31,B,gaussian_blur,T013-S1,8,0,0.0,True
32,B,gaussian_blur,T013-S1,0,0,0.0,True
32,B,gaussian_blur,T013-S1,2,0,0.0,True
32,B,gaussian_blur,T013-S1,4,0,0.0,True
32,B,gaussian_blur,T013-S1,5,0,0.0,True
32,B,gaussian_blur,T013-S1,8,0,0.0,True
33,B,gaussian_blur,T013-S1,0,0,,False
33,B,gaussian_blur,T013-S1,3,-1320/93613,,False
34,B,gaussian_blur,T013-S1,2,0,,False
34,B,gaussian_blur,T013-S1,3,-969124750/142476721257,,False
34,B,gaussian_blur,T013-S1,8,0,,False
35,B,gaussian_blur,T013-S1,1,25394/224549,2.4088408271675203,True
35,B,gaussian_blur,T013-S1,8,25394/224549,2.4088408271675203,True
36,B,gaussian_blur,T013-S1,0,-3865/575679,-0.33650552104508064,True
36,B,gaussian_blur,T013-S1,1,0,0.0,True
36,B,gaussian_blur,T013-S1,6,0,0.0,True
36,B,gaussian_blur,T013-S1,7,0,0.0,True
36,B,gaussian_blur,T013-S1,9,-3865/575679,-0.33650552104508064,True
37,B,gaussian_blur,T013-S1,2,30643595/576828831,3.9847384476947405,True
37,B,gaussian_blur,T013-S1,6,0,0.0,True
37,B,gaussian_blur,T013-S1,9,0,0.0,True
38,B,gaussian_blur,T013-S1,8,-5/751,,False
39,B,gaussian_blur,T013-S1,2,0,0.0,True
40,B,gaussian_blur,T013-S1,9,280/21489,1.0,True
41,B,gaussian_blur,T013-S1,0,0,,False
41,B,gaussian_blur,T013-S1,1,0,,False
41,B,gaussian_blur,T013-S1,3,-54449933/1616977349,,False
41,B,gaussian_blur,T013-S1,9,0,,False
42,B,gaussian_blur,T013-S1,0,0,0.0,True
42,B,gaussian_blur,T013-S1,1,0,0.0,True
42,B,gaussian_blur,T013-S1,2,0,0.0,True
43,B,gaussian_blur,T013-S1,0,0,0.0,True
43,B,gaussian_blur,T013-S1,4,0,0.0,True
44,B,gaussian_blur,T013-S1,0,0,0.0,True
44,B,gaussian_blur,T013-S1,8,0,0.0,True
44,B,gaussian_blur,T013-S1,9,0,0.0,True
45,B,gaussian_blur,T013-S1,2,0,0.0,True
45,B,gaussian_blur,T013-S1,4,0,0.0,True
45,B,gaussian_blur,T013-S1,5,0,0.0,True
45,B,gaussian_blur,T013-S1,8,0,0.0,True
46,B,gaussian_blur,T013-S1,2,0,0.0,True
46,B,gaussian_blur,T013-S1,4,0,0.0,True
46,B,gaussian_blur,T013-S1,5,0,0.0,True
47,B,gaussian_blur,T013-S1,0,28/451191,0.002324834222338088,True
47,B,gaussian_blur,T013-S1,1,0,0.0,True
47,B,gaussian_blur,T013-S1,2,6810019/338844441,0.752908751472922,True
47,B,gaussian_blur,T013-S1,4,6810019/338844441,0.752908751472922,True
47,B,gaussian_blur,T013-S1,8,9065974/338844441,1.002324834222338,True
48,B,gaussian_blur,T013-S1,4,-1905/285766,-0.12507414871988945,True
48,B,gaussian_blur,T013-S1,7,-1905/285766,-0.12507414871988945,True
48,B,gaussian_blur,T013-S1,9,0,0.0,True
49,B,gaussian_blur,T013-S1,1,0,0.0,True
49,B,gaussian_blur,T013-S1,3,-1/17043,-0.00043706293706293706,True
50,B,gaussian_blur,T013-S1,2,0,0.0,True
50,B,gaussian_blur,T013-S1,5,0,0.0,True
51,B,gaussian_blur,T013-S1,3,0,,False
51,B,gaussian_blur,T013-S1,4,0,,False
51,B,gaussian_blur,T013-S1,9,0,,False
52,B,gaussian_blur,T013-S1,0,0,,False
52,B,gaussian_blur,T013-S1,2,0,,False
53,B,gaussian_blur,T013-S1,1,0,0.0,True
53,B,gaussian_blur,T013-S1,7,0,0.0,True
54,B,gaussian_blur,T013-S1,2,10289721515/219491435046,0.36971867629839134,True
54,B,gaussian_blur,T013-S1,6,-38557585/579133074,-0.525069513501636,True
54,B,gaussian_blur,T013-S1,7,10289721515/219491435046,0.36971867629839134,True
55,B,gaussian_blur,T013-S1,0,0,,False
55,B,gaussian_blur,T013-S1,8,-5/751,,False
56,B,gaussian_blur,T013-S1,3,0,,False
56,B,gaussian_blur,T013-S1,4,0,,False
56,B,gaussian_blur,T013-S1,6,5050/256027,,False
56,B,gaussian_blur,T013-S1,9,0,,False
57,B,gaussian_blur,T013-S1,0,0,0.0,True
57,B,gaussian_blur,T013-S1,1,0,0.0,True
57,B,gaussian_blur,T013-S1,3,189706/2891629,7.936050646326328,True
57,B,gaussian_blur,T013-S1,4,-735231943/26964440425,-3.2983663455338004,True
57,B,gaussian_blur,T013-S1,6,112913/8674887,1.5745122920530448,True
58,B,gaussian_blur,T013-S1,0,0,,False
58,B,gaussian_blur,T013-S1,9,0,,False
59,B,gaussian_blur,T013-S1,0,0,0.0,True
59,B,gaussian_blur,T013-S1,1,302806/1442009725,0.0028494878848082405,True
59,B,gaussian_blur,T013-S1,3,0,0.0,True
59,B,gaussian_blur,T013-S1,5,0,0.0,True
59,B,gaussian_blur,T013-S1,6,0,0.0,True
60,B,gaussian_blur,T013-S1,0,0,0.0,True
61,B,gaussian_blur,T013-S1,0,-377/28425,-0.6666729208247045,True
61,B,gaussian_blur,T013-S1,4,0,0.0,True
61,B,gaussian_blur,T013-S1,5,0,0.0,True
61,B,gaussian_blur,T013-S1,7,0,0.0,True
62,B,gaussian_blur,T013-S1,0,0,0.0,True
62,B,gaussian_blur,T013-S1,5,0,0.0,True
62,B,gaussian_blur,T013-S1,6,0,0.0,True
62,B,gaussian_blur,T013-S1,9,0,0.0,True
63,B,gaussian_blur,T013-S1,3,0,0.0,True
63,B,gaussian_blur,T013-S1,4,0,0.0,True
63,B,gaussian_blur,T013-S1,6,0,0.0,True
64,B,gaussian_blur,T013-S1,1,0,0.0,True
64,B,gaussian_blur,T013-S1,3,0,0.0,True
64,B,gaussian_blur,T013-S1,5,0,0.0,True
64,B,gaussian_blur,T013-S1,8,0,0.0,True
64,B,gaussian_blur,T013-S1,9,0,0.0,True
65,B,gaussian_blur,T013-S1,5,0,0.0,True
66,B,gaussian_blur,T013-S1,7,0,0.0,True
66,B,gaussian_blur,T013-S1,8,0,0.0,True
66,B,gaussian_blur,T013-S1,9,10055/382259,1.9645016895717569,True
67,B,gaussian_blur,T013-S1,1,0,0.0,True
67,B,gaussian_blur,T013-S1,2,0,0.0,True
67,B,gaussian_blur,T013-S1,5,0,0.0,True
67,B,gaussian_blur,T013-S1,7,0,0.0,True
67,B,gaussian_blur,T013-S1,8,0,0.0,True
68,B,gaussian_blur,T013-S1,1,0,0.0,True
68,B,gaussian_blur,T013-S1,7,0,0.0,True
68,B,gaussian_blur,T013-S1,9,0,0.0,True
69,B,gaussian_blur,T013-S1,2,0,0.0,True
69,B,gaussian_blur,T013-S1,5,0,0.0,True
69,B,gaussian_blur,T013-S1,7,22943/494247,0.2911097968380197,True
70,B,gaussian_blur,T013-S1,0,-737/113321,-0.49297658862876254,True
70,B,gaussian_blur,T013-S1,8,0,0.0,True
71,B,gaussian_blur,T013-S1,4,-280879/42018450,-0.994716171278212,True
71,B,gaussian_blur,T013-S1,5,0,0.0,True
71,B,gaussian_blur,T013-S1,8,0,0.0,True
72,B,gaussian_blur,T013-S1,0,0,0.0,True
72,B,gaussian_blur,T013-S1,5,665889/7115725,1.396686685916842,True
72,B,gaussian_blur,T013-S1,8,0,0.0,True
73,B,gaussian_blur,T013-S1,5,0,0.0,True
73,B,gaussian_blur,T013-S1,6,0,0.0,True
73,B,gaussian_blur,T013-S1,7,0,0.0,True
74,B,gaussian_blur,T013-S1,6,0,0.0,True
75,B,gaussian_blur,T013-S1,0,0,0.0,True
75,B,gaussian_blur,T013-S1,1,0,0.0,True
75,B,gaussian_blur,T013-S1,3,4061803/12918594,1.1764578270679522,True
76,B,gaussian_blur,T013-S1,1,0,0.0,True
76,B,gaussian_blur,T013-S1,6,18388/456573,1.0043777710457462,True
76,B,gaussian_blur,T013-S1,7,-1050209/22828650,-1.1472771095847096,True
77,B,gaussian_blur,T013-S1,0,0,0.0,True
77,B,gaussian_blur,T013-S1,2,0,0.0,True
78,B,gaussian_blur,T013-S1,4,0,0.0,True
78,B,gaussian_blur,T013-S1,5,0,0.0,True
78,B,gaussian_blur,T013-S1,8,0,0.0,True
79,B,gaussian_blur,T013-S1,1,0,0.0,True
79,B,gaussian_blur,T013-S1,2,0,0.0,True
79,B,gaussian_blur,T013-S1,5,0,0.0,True
80,B,gaussian_blur,T013-S1,6,0,0.0,True
80,B,gaussian_blur,T013-S1,7,0,0.0,True
81,B,gaussian_blur,T013-S1,7,0,0.0,True
81,B,gaussian_blur,T013-S1,9,0,0.0,True
82,B,gaussian_blur,T013-S1,3,0,0.0,True
82,B,gaussian_blur,T013-S1,7,0,0.0,True
83,B,gaussian_blur,T013-S1,4,0,,False
83,B,gaussian_blur,T013-S1,7,0,,False
83,B,gaussian_blur,T013-S1,8,0,,False
84,B,gaussian_blur,T013-S1,2,55210/768081,,False
84,B,gaussian_blur,T013-S1,3,0,,False
84,B,gaussian_blur,T013-S1,6,0,,False
85,B,gaussian_blur,T013-S1,5,0,0.0,True
85,B,gaussian_blur,T013-S1,6,0,0.0,True
86,B,gaussian_blur,T013-S1,2,0,0.0,True
86,B,gaussian_blur,T013-S1,4,0,0.0,True
86,B,gaussian_blur,T013-S1,5,2518/37725,0.8334988414432307,True
86,B,gaussian_blur,T013-S1,6,0,0.0,True
87,B,gaussian_blur,T013-S1,3,249747/9274850,0.6661453614654396,True
87,B,gaussian_blur,T013-S1,5,0,0.0,True
88,B,gaussian_blur,T013-S1,3,0,0.0,True
88,B,gaussian_blur,T013-S1,4,0,0.0,True
88,B,gaussian_blur,T013-S1,6,0,0.0,True
88,B,gaussian_blur,T013-S1,9,0,0.0,True
89,B,gaussian_blur,T013-S1,4,310952/4246905,0.7839324228543522,True
89,B,gaussian_blur,T013-S1,5,0,0.0,True
90,B,gaussian_blur,T013-S1,2,0,0.0,True
90,B,gaussian_blur,T013-S1,3,0,0.0,True
90,B,gaussian_blur,T013-S1,5,0,0.0,True
90,B,gaussian_blur,T013-S1,9,0,0.0,True
91,B,gaussian_blur,T013-S1,3,0,,False
91,B,gaussian_blur,T013-S1,7,0,,False
91,B,gaussian_blur,T013-S1,9,-5/754,,False
92,B,gaussian_blur,T013-S1,1,0,0.0,True
92,B,gaussian_blur,T013-S1,3,0,0.0,True
92,B,gaussian_blur,T013-S1,8,0,0.0,True
93,B,gaussian_blur,T013-S1,4,287219/42268733,0.1269793340657446,True
94,B,gaussian_blur,T013-S1,1,0,0.0,True
94,B,gaussian_blur,T013-S1,5,0,0.0,True
95,B,gaussian_blur,T013-S1,1,0,0.0,True
95,B,gaussian_blur,T013-S1,5,0,0.0,True
95,B,gaussian_blur,T013-S1,6,0,0.0,True
96,B,gaussian_blur,T013-S1,7,0,0.0,True
96,B,gaussian_blur,T013-S1,9,-97805/7291934,-2.015094370045718,True
97,B,gaussian_blur,T013-S1,2,0,0.0,True
97,B,gaussian_blur,T013-S1,3,0,0.0,True
97,B,gaussian_blur,T013-S1,9,0,0.0,True
98,B,gaussian_blur,T013-S1,5,0,0.0,True
98,B,gaussian_blur,T013-S1,6,0,0.0,True
98,B,gaussian_blur,T013-S1,9,0,0.0,True
99,B,gaussian_blur,T013-S1,0,0,0.0,True
99,B,gaussian_blur,T013-S1,3,0,0.0,True
99,B,gaussian_blur,T013-S1,4,0,0.0,True
99,B,gaussian_blur,T013-S1,5,0,0.0,True
99,B,gaussian_blur,T013-S1,7,0,0.0,True
99,B,gaussian_blur,T013-S1,9,0,0.0,True
0,B,gaussian_blur,T013-S2,1,511/8671,0.46669611315345855,True
0,B,gaussian_blur,T013-S2,6,-179317/26481234,-0.053624803710855436,True
0,B,gaussian_blur,T013-S2,7,511/8671,0.46669611315345855,True
1,B,gaussian_blur,T013-S2,1,0,0.0,True
1,B,gaussian_blur,T013-S2,7,0,0.0,True
2,B,gaussian_blur,T013-S2,3,0,0.0,True
2,B,gaussian_blur,T013-S2,4,575/42978,0.3333333333333333,True
2,B,gaussian_blur,T013-S2,9,155/3306,1.1681159420289855,True
3,B,gaussian_blur,T013-S2,0,25/379,1.4285714285714286,True
4,B,gaussian_blur,T013-S2,4,0,0.0,True
4,B,gaussian_blur,T013-S2,5,0,0.0,True
4,B,gaussian_blur,T013-S2,9,0,0.0,True
5,B,gaussian_blur,T013-S2,0,0,0.0,True
5,B,gaussian_blur,T013-S2,2,336289/5719110,1.7476676215144247,True
5,B,gaussian_blur,T013-S2,5,336289/5719110,1.7476676215144247,True
6,B,gaussian_blur,T013-S2,0,0,0.0,True
6,B,gaussian_blur,T013-S2,3,0,0.0,True
6,B,gaussian_blur,T013-S2,6,0,0.0,True
7,B,gaussian_blur,T013-S2,1,0,0.0,True
7,B,gaussian_blur,T013-S2,3,683/17043,0.8548185231539425,True
8,B,gaussian_blur,T013-S2,0,0,0.0,True
8,B,gaussian_blur,T013-S2,5,0,0.0,True
9,B,gaussian_blur,T013-S2,7,-4957907/742358994,-0.055998732177572216,True
9,B,gaussian_blur,T013-S2,8,-4957907/742358994,-0.055998732177572216,True
10,B,gaussian_blur,T013-S2,2,593704919/3197590617,3.094395974401922,True
10,B,gaussian_blur,T013-S2,3,0,0.0,True
10,B,gaussian_blur,T013-S2,4,43982/659433,1.1115586907324557,True
11,B,gaussian_blur,T013-S2,2,0,0.0,True
11,B,gaussian_blur,T013-S2,8,0,0.0,True
12,B,gaussian_blur,T013-S2,2,0,0.0,True
12,B,gaussian_blur,T013-S2,7,0,0.0,True
13,B,gaussian_blur,T013-S2,1,0,0.0,True
13,B,gaussian_blur,T013-S2,3,0,0.0,True
13,B,gaussian_blur,T013-S2,5,0,0.0,True
14,B,gaussian_blur,T013-S2,1,0,0.0,True
14,B,gaussian_blur,T013-S2,2,0,0.0,True
15,B,gaussian_blur,T013-S2,4,5/373,0.25,True
16,B,gaussian_blur,T013-S2,1,0,,False
16,B,gaussian_blur,T013-S2,4,0,,False
16,B,gaussian_blur,T013-S2,6,0,,False
16,B,gaussian_blur,T013-S2,8,0,,False
16,B,gaussian_blur,T013-S2,9,0,,False
17,B,gaussian_blur,T013-S2,1,0,,False
17,B,gaussian_blur,T013-S2,4,0,,False
17,B,gaussian_blur,T013-S2,8,16403/224549,,False
18,B,gaussian_blur,T013-S2,0,0,,False
18,B,gaussian_blur,T013-S2,3,0,,False
18,B,gaussian_blur,T013-S2,6,0,,False
19,B,gaussian_blur,T013-S2,0,0,0.0,True
19,B,gaussian_blur,T013-S2,2,0,0.0,True
19,B,gaussian_blur,T013-S2,7,0,0.0,True
20,B,gaussian_blur,T013-S2,6,0,0.0,True
21,B,gaussian_blur,T013-S2,4,15/746,0.5,True
22,B,gaussian_blur,T013-S2,1,72880/451191,1.6,True
22,B,gaussian_blur,T013-S2,2,16208/150397,1.0674862788144897,True
23,B,gaussian_blur,T013-S2,0,0,0.0,True
23,B,gaussian_blur,T013-S2,2,0,0.0,True
23,B,gaussian_blur,T013-S2,5,15193560/143168387,2.6772525619421126,True
23,B,gaussian_blur,T013-S2,8,28555510/429505161,1.6772525619421128,True
23,B,gaussian_blur,T013-S2,9,0,0.0,True
24,B,gaussian_blur,T013-S2,3,0,0.0,True
24,B,gaussian_blur,T013-S2,7,0,0.0,True
24,B,gaussian_blur,T013-S2,9,0,0.0,True
25,B,gaussian_blur,T013-S2,0,28/451191,0.00458579910423078,True
25,B,gaussian_blur,T013-S2,1,0,0.0,True
25,B,gaussian_blur,T013-S2,4,0,0.0,True
26,B,gaussian_blur,T013-S2,5,9034/456573,0.3349151034329354,True
26,B,gaussian_blur,T013-S2,6,26974/456573,1.0,True
27,B,gaussian_blur,T013-S2,1,0,0.0,True
28,B,gaussian_blur,T013-S2,0,-5/758,,False
28,B,gaussian_blur,T013-S2,2,0,,False
28,B,gaussian_blur,T013-S2,3,85/561678,,False
28,B,gaussian_blur,T013-S2,4,0,,False
28,B,gaussian_blur,T013-S2,5,0,,False
28,B,gaussian_blur,T013-S2,8,0,,False
29,B,gaussian_blur,T013-S2,1,0,0.0,True
30,B,gaussian_blur,T013-S2,2,4006/37725,0.4170744403956273,True
30,B,gaussian_blur,T013-S2,4,0,0.0,True
30,B,gaussian_blur,T013-S2,5,4006/37725,0.4170744403956273,True
31,B,gaussian_blur,T013-S2,8,0,,False
32,B,gaussian_blur,T013-S2,0,0,0.0,True
32,B,gaussian_blur,T013-S2,2,0,0.0,True
32,B,gaussian_blur,T013-S2,4,0,0.0,True
32,B,gaussian_blur,T013-S2,5,0,0.0,True
32,B,gaussian_blur,T013-S2,8,0,0.0,True
33,B,gaussian_blur,T013-S2,0,0,0.0,True
33,B,gaussian_blur,T013-S2,3,-1320/93613,-31.058823529411764,True
34,B,gaussian_blur,T013-S2,2,0,,False
34,B,gaussian_blur,T013-S2,3,-969124750/142476721257,,False
34,B,gaussian_blur,T013-S2,8,0,,False
35,B,gaussian_blur,T013-S2,1,11939/224549,1.1325175488522101,True
35,B,gaussian_blur,T013-S2,8,31346/224549,2.9734395750332006,True
36,B,gaussian_blur,T013-S2,0,0,0.0,True
36,B,gaussian_blur,T013-S2,1,0,0.0,True
36,B,gaussian_blur,T013-S2,6,0,0.0,True
36,B,gaussian_blur,T013-S2,7,0,0.0,True
36,B,gaussian_blur,T013-S2,9,0,0.0,True
37,B,gaussian_blur,T013-S2,2,30643595/576828831,3.9847384476947405,True
37,B,gaussian_blur,T013-S2,6,0,0.0,True
37,B,gaussian_blur,T013-S2,9,0,0.0,True
38,B,gaussian_blur,T013-S2,8,0,,False
39,B,gaussian_blur,T013-S2,2,0,0.0,True
40,B,gaussian_blur,T013-S2,9,280/21489,1.0,True
41,B,gaussian_blur,T013-S2,0,0,0.0,True
41,B,gaussian_blur,T013-S2,1,0,0.0,True
41,B,gaussian_blur,T013-S2,3,-54449933/1616977349,-4.882991278401871,True
41,B,gaussian_blur,T013-S2,9,0,0.0,True
42,B,gaussian_blur,T013-S2,0,0,0.0,True
42,B,gaussian_blur,T013-S2,1,0,0.0,True
42,B,gaussian_blur,T013-S2,2,0,0.0,True
43,B,gaussian_blur,T013-S2,0,0,0.0,True
43,B,gaussian_blur,T013-S2,4,0,0.0,True
44,B,gaussian_blur,T013-S2,0,0,0.0,True
44,B,gaussian_blur,T013-S2,8,0,0.0,True
44,B,gaussian_blur,T013-S2,9,0,0.0,True
45,B,gaussian_blur,T013-S2,2,0,0.0,True
45,B,gaussian_blur,T013-S2,4,0,0.0,True
45,B,gaussian_blur,T013-S2,5,0,0.0,True
45,B,gaussian_blur,T013-S2,8,0,0.0,True
46,B,gaussian_blur,T013-S2,2,0,0.0,True
46,B,gaussian_blur,T013-S2,4,0,0.0,True
46,B,gaussian_blur,T013-S2,5,0,0.0,True
47,B,gaussian_blur,T013-S2,0,0,0.0,True
47,B,gaussian_blur,T013-S2,1,0,0.0,True
47,B,gaussian_blur,T013-S2,2,7489/224549,1.249416082749416,True
47,B,gaussian_blur,T013-S2,4,7489/224549,1.249416082749416,True
47,B,gaussian_blur,T013-S2,8,5994/224549,1.0,True
48,B,gaussian_blur,T013-S2,4,-1905/285766,-0.12507414871988945,True
48,B,gaussian_blur,T013-S2,7,-1905/285766,-0.12507414871988945,True
48,B,gaussian_blur,T013-S2,9,0,0.0,True
49,B,gaussian_blur,T013-S2,1,0,0.0,True
49,B,gaussian_blur,T013-S2,3,0,0.0,True
50,B,gaussian_blur,T013-S2,2,0,0.0,True
50,B,gaussian_blur,T013-S2,5,-869991/18887650,-1.1572861226656166,True
51,B,gaussian_blur,T013-S2,3,0,,False
51,B,gaussian_blur,T013-S2,4,0,,False
51,B,gaussian_blur,T013-S2,9,0,,False
52,B,gaussian_blur,T013-S2,0,0,,False
52,B,gaussian_blur,T013-S2,2,0,,False
53,B,gaussian_blur,T013-S2,1,0,0.0,True
53,B,gaussian_blur,T013-S2,7,0,0.0,True
54,B,gaussian_blur,T013-S2,2,20514865/193044358,0.8381020376484994,True
54,B,gaussian_blur,T013-S2,6,-525881575/73163811682,-0.05668615215152784,True
54,B,gaussian_blur,T013-S2,7,20514865/193044358,0.8381020376484994,True
55,B,gaussian_blur,T013-S2,0,0,0.0,True
55,B,gaussian_blur,T013-S2,8,10/751,1.0,True
56,B,gaussian_blur,T013-S2,3,0,,False
56,B,gaussian_blur,T013-S2,4,0,,False
56,B,gaussian_blur,T013-S2,6,10/1527,,False
56,B,gaussian_blur,T013-S2,9,0,,False
57,B,gaussian_blur,T013-S2,0,0,0.0,True
57,B,gaussian_blur,T013-S2,1,0,0.0,True
57,B,gaussian_blur,T013-S2,3,189706/2891629,7.936050646326328,True
57,B,gaussian_blur,T013-S2,4,-735231943/26964440425,-3.2983663455338004,True
57,B,gaussian_blur,T013-S2,6,0,0.0,True
58,B,gaussian_blur,T013-S2,0,0,,False
58,B,gaussian_blur,T013-S2,9,0,,False
59,B,gaussian_blur,T013-S2,0,0,0.0,True
59,B,gaussian_blur,T013-S2,1,0,0.0,True
59,B,gaussian_blur,T013-S2,3,0,0.0,True
59,B,gaussian_blur,T013-S2,5,0,0.0,True
59,B,gaussian_blur,T013-S2,6,0,0.0,True
60,B,gaussian_blur,T013-S2,0,0,0.0,True
61,B,gaussian_blur,T013-S2,0,-377/28425,-0.6666729208247045,True
61,B,gaussian_blur,T013-S2,4,0,0.0,True
61,B,gaussian_blur,T013-S2,5,0,0.0,True
61,B,gaussian_blur,T013-S2,7,0,0.0,True
62,B,gaussian_blur,T013-S2,0,497/25450,0.972412611970508,True
62,B,gaussian_blur,T013-S2,5,497/25450,0.972412611970508,True
62,B,gaussian_blur,T013-S2,6,497/25450,0.972412611970508,True
62,B,gaussian_blur,T013-S2,9,0,0.0,True
63,B,gaussian_blur,T013-S2,3,0,0.0,True
63,B,gaussian_blur,T013-S2,4,0,0.0,True
63,B,gaussian_blur,T013-S2,6,0,0.0,True
64,B,gaussian_blur,T013-S2,1,0,0.0,True
64,B,gaussian_blur,T013-S2,3,0,0.0,True
64,B,gaussian_blur,T013-S2,5,0,0.0,True
64,B,gaussian_blur,T013-S2,8,0,0.0,True
64,B,gaussian_blur,T013-S2,9,0,0.0,True
65,B,gaussian_blur,T013-S2,5,0,0.0,True
66,B,gaussian_blur,T013-S2,7,0,0.0,True
66,B,gaussian_blur,T013-S2,8,0,0.0,True
66,B,gaussian_blur,T013-S2,9,10055/382259,1.9645016895717569,True
67,B,gaussian_blur,T013-S2,1,0,0.0,True
67,B,gaussian_blur,T013-S2,2,0,0.0,True
67,B,gaussian_blur,T013-S2,5,0,0.0,True
67,B,gaussian_blur,T013-S2,7,0,0.0,True
67,B,gaussian_blur,T013-S2,8,0,0.0,True
68,B,gaussian_blur,T013-S2,1,0,0.0,True
68,B,gaussian_blur,T013-S2,7,0,0.0,True
68,B,gaussian_blur,T013-S2,9,0,0.0,True
69,B,gaussian_blur,T013-S2,2,0,0.0,True
69,B,gaussian_blur,T013-S2,5,0,0.0,True
69,B,gaussian_blur,T013-S2,7,22943/494247,0.2911097968380197,True
70,B,gaussian_blur,T013-S2,0,0,0.0,True
70,B,gaussian_blur,T013-S2,8,0,0.0,True
71,B,gaussian_blur,T013-S2,4,-280879/42018450,-0.994716171278212,True
71,B,gaussian_blur,T013-S2,5,0,0.0,True
71,B,gaussian_blur,T013-S2,8,0,0.0,True
72,B,gaussian_blur,T013-S2,0,0,0.0,True
72,B,gaussian_blur,T013-S2,5,665889/7115725,1.396686685916842,True
72,B,gaussian_blur,T013-S2,8,0,0.0,True
73,B,gaussian_blur,T013-S2,5,0,0.0,True
73,B,gaussian_blur,T013-S2,6,0,0.0,True
73,B,gaussian_blur,T013-S2,7,0,0.0,True
74,B,gaussian_blur,T013-S2,6,0,0.0,True
75,B,gaussian_blur,T013-S2,0,0,0.0,True
75,B,gaussian_blur,T013-S2,1,0,0.0,True
75,B,gaussian_blur,T013-S2,3,4061803/12918594,1.1764578270679522,True
76,B,gaussian_blur,T013-S2,1,1969609/22828650,2.151654880630456,True
76,B,gaussian_blur,T013-S2,6,1969609/22828650,2.151654880630456,True
76,B,gaussian_blur,T013-S2,7,0,0.0,True
77,B,gaussian_blur,T013-S2,0,0,0.0,True
77,B,gaussian_blur,T013-S2,2,0,0.0,True
78,B,gaussian_blur,T013-S2,4,0,0.0,True
78,B,gaussian_blur,T013-S2,5,0,0.0,True
78,B,gaussian_blur,T013-S2,8,0,0.0,True
79,B,gaussian_blur,T013-S2,1,0,0.0,True
79,B,gaussian_blur,T013-S2,2,0,0.0,True
79,B,gaussian_blur,T013-S2,5,0,0.0,True
80,B,gaussian_blur,T013-S2,6,0,0.0,True
80,B,gaussian_blur,T013-S2,7,0,0.0,True
81,B,gaussian_blur,T013-S2,7,0,0.0,True
81,B,gaussian_blur,T013-S2,9,0,0.0,True
82,B,gaussian_blur,T013-S2,3,0,0.0,True
82,B,gaussian_blur,T013-S2,7,0,0.0,True
83,B,gaussian_blur,T013-S2,4,0,0.0,True
83,B,gaussian_blur,T013-S2,7,0,0.0,True
83,B,gaussian_blur,T013-S2,8,0,0.0,True
84,B,gaussian_blur,T013-S2,2,10020/256027,,False
84,B,gaussian_blur,T013-S2,3,-50/1527,,False
84,B,gaussian_blur,T013-S2,6,-50/1527,,False
85,B,gaussian_blur,T013-S2,5,0,0.0,True
85,B,gaussian_blur,T013-S2,6,0,0.0,True
86,B,gaussian_blur,T013-S2,2,0,0.0,True
86,B,gaussian_blur,T013-S2,4,0,0.0,True
86,B,gaussian_blur,T013-S2,5,2518/37725,0.8334988414432307,True
86,B,gaussian_blur,T013-S2,6,0,0.0,True
87,B,gaussian_blur,T013-S2,3,-1499/112650,-0.32918956453085646,True
87,B,gaussian_blur,T013-S2,5,-559747/13912275,-0.995334925996296,True
88,B,gaussian_blur,T013-S2,3,0,0.0,True
88,B,gaussian_blur,T013-S2,4,0,0.0,True
88,B,gaussian_blur,T013-S2,6,0,0.0,True
88,B,gaussian_blur,T013-S2,9,0,0.0,True
89,B,gaussian_blur,T013-S2,4,310952/4246905,0.7839324228543522,True
89,B,gaussian_blur,T013-S2,5,0,0.0,True
90,B,gaussian_blur,T013-S2,2,0,0.0,True
90,B,gaussian_blur,T013-S2,3,0,0.0,True
90,B,gaussian_blur,T013-S2,5,0,0.0,True
90,B,gaussian_blur,T013-S2,9,0,0.0,True
91,B,gaussian_blur,T013-S2,3,0,,False
91,B,gaussian_blur,T013-S2,7,0,,False
91,B,gaussian_blur,T013-S2,9,-5/754,,False
92,B,gaussian_blur,T013-S2,1,0,0.0,True
92,B,gaussian_blur,T013-S2,3,0,0.0,True
92,B,gaussian_blur,T013-S2,8,0,0.0,True
93,B,gaussian_blur,T013-S2,4,1910/141367,0.2243258127288568,True
94,B,gaussian_blur,T013-S2,1,0,0.0,True
94,B,gaussian_blur,T013-S2,5,0,0.0,True
95,B,gaussian_blur,T013-S2,1,0,0.0,True
95,B,gaussian_blur,T013-S2,5,0,0.0,True
95,B,gaussian_blur,T013-S2,6,0,0.0,True
96,B,gaussian_blur,T013-S2,7,0,0.0,True
96,B,gaussian_blur,T013-S2,9,13451057/503143446,4.016443430674916,True
97,B,gaussian_blur,T013-S2,2,0,0.0,True
97,B,gaussian_blur,T013-S2,3,0,0.0,True
97,B,gaussian_blur,T013-S2,9,0,0.0,True
98,B,gaussian_blur,T013-S2,5,0,0.0,True
98,B,gaussian_blur,T013-S2,6,0,0.0,True
98,B,gaussian_blur,T013-S2,9,0,0.0,True
99,B,gaussian_blur,T013-S2,0,0,0.0,True
99,B,gaussian_blur,T013-S2,3,0,0.0,True
99,B,gaussian_blur,T013-S2,4,0,0.0,True
99,B,gaussian_blur,T013-S2,5,0,0.0,True
99,B,gaussian_blur,T013-S2,7,0,0.0,True
99,B,gaussian_blur,T013-S2,9,0,0.0,True
0,B,gaussian_blur,T013-S3,1,1388701/26481234,0.5273803113011287,True
0,B,gaussian_blur,T013-S3,6,-5/377,-0.13337733546103114,True
0,B,gaussian_blur,T013-S3,7,1388701/26481234,0.5273803113011287,True
1,B,gaussian_blur,T013-S3,1,0,0.0,True
1,B,gaussian_blur,T013-S3,7,0,0.0,True
2,B,gaussian_blur,T013-S3,3,0,0.0,True
2,B,gaussian_blur,T013-S3,4,575/42978,0.3333333333333333,True
2,B,gaussian_blur,T013-S3,9,155/3306,1.1681159420289855,True
3,B,gaussian_blur,T013-S3,0,0,0.0,True
4,B,gaussian_blur,T013-S3,4,0,0.0,True
4,B,gaussian_blur,T013-S3,5,0,0.0,True
4,B,gaussian_blur,T013-S3,9,0,0.0,True
5,B,gaussian_blur,T013-S3,0,0,0.0,True
5,B,gaussian_blur,T013-S3,2,336289/5719110,1.770363265366287,True
5,B,gaussian_blur,T013-S3,5,336289/5719110,1.770363265366287,True
6,B,gaussian_blur,T013-S3,0,0,0.0,True
6,B,gaussian_blur,T013-S3,3,0,0.0,True
6,B,gaussian_blur,T013-S3,6,0,0.0,True
7,B,gaussian_blur,T013-S3,1,0,0.0,True
7,B,gaussian_blur,T013-S3,3,-6/437,-0.2047244094488189,True
8,B,gaussian_blur,T013-S3,0,0,0.0,True
8,B,gaussian_blur,T013-S3,5,0,0.0,True
9,B,gaussian_blur,T013-S3,7,34385203/742358994,0.3883751295997389,True
9,B,gaussian_blur,T013-S3,8,34385203/742358994,0.3883751295997389,True
10,B,gaussian_blur,T013-S3,2,593704919/3197590617,3.094395974401922,True
10,B,gaussian_blur,T013-S3,3,0,0.0,True
10,B,gaussian_blur,T013-S3,4,15984/150397,1.771227712774197,True
11,B,gaussian_blur,T013-S3,2,0,0.0,True
11,B,gaussian_blur,T013-S3,8,0,0.0,True
12,B,gaussian_blur,T013-S3,2,0,0.0,True
12,B,gaussian_blur,T013-S3,7,0,0.0,True
13,B,gaussian_blur,T013-S3,1,0,0.0,True
13,B,gaussian_blur,T013-S3,3,0,0.0,True
13,B,gaussian_blur,T013-S3,5,0,0.0,True
14,B,gaussian_blur,T013-S3,1,0,0.0,True
14,B,gaussian_blur,T013-S3,2,0,0.0,True
15,B,gaussian_blur,T013-S3,4,15/746,0.375,True
16,B,gaussian_blur,T013-S3,1,0,,False
16,B,gaussian_blur,T013-S3,4,0,,False
16,B,gaussian_blur,T013-S3,6,0,,False
16,B,gaussian_blur,T013-S3,8,0,,False
16,B,gaussian_blur,T013-S3,9,0,,False
17,B,gaussian_blur,T013-S3,1,0,,False
17,B,gaussian_blur,T013-S3,4,0,,False
17,B,gaussian_blur,T013-S3,8,16403/224549,,False
18,B,gaussian_blur,T013-S3,0,0,,False
18,B,gaussian_blur,T013-S3,3,0,,False
18,B,gaussian_blur,T013-S3,6,0,,False
19,B,gaussian_blur,T013-S3,0,0,0.0,True
19,B,gaussian_blur,T013-S3,2,0,0.0,True
19,B,gaussian_blur,T013-S3,7,0,0.0,True
20,B,gaussian_blur,T013-S3,6,0,0.0,True
21,B,gaussian_blur,T013-S3,4,20/373,0.7272727272727273,True
22,B,gaussian_blur,T013-S3,1,2108/19617,1.0644127332601536,True
22,B,gaussian_blur,T013-S3,2,19198/150397,1.2644127332601536,True
23,B,gaussian_blur,T013-S3,0,0,0.0,True
23,B,gaussian_blur,T013-S3,2,0,0.0,True
23,B,gaussian_blur,T013-S3,5,15193560/143168387,2.6772525619421126,True
23,B,gaussian_blur,T013-S3,8,28555510/429505161,1.6772525619421128,True
23,B,gaussian_blur,T013-S3,9,0,0.0,True
24,B,gaussian_blur,T013-S3,3,0,0.0,True
24,B,gaussian_blur,T013-S3,7,0,0.0,True
24,B,gaussian_blur,T013-S3,9,0,0.0,True
25,B,gaussian_blur,T013-S3,0,28/451191,0.00458579910423078,True
25,B,gaussian_blur,T013-S3,1,0,0.0,True
25,B,gaussian_blur,T013-S3,4,0,0.0,True
26,B,gaussian_blur,T013-S3,5,4008/152191,0.44576258619411285,True
26,B,gaussian_blur,T013-S3,6,26974/456573,1.0,True
27,B,gaussian_blur,T013-S3,1,0,0.0,True
28,B,gaussian_blur,T013-S3,0,0,,False
28,B,gaussian_blur,T013-S3,2,0,,False
28,B,gaussian_blur,T013-S3,3,0,,False
28,B,gaussian_blur,T013-S3,4,0,,False
28,B,gaussian_blur,T013-S3,5,0,,False
28,B,gaussian_blur,T013-S3,8,0,,False
29,B,gaussian_blur,T013-S3,1,0,0.0,True
30,B,gaussian_blur,T013-S3,2,4006/37725,0.4170744403956273,True
30,B,gaussian_blur,T013-S3,4,0,0.0,True
30,B,gaussian_blur,T013-S3,5,4006/37725,0.4170744403956273,True
31,B,gaussian_blur,T013-S3,8,0,,False
32,B,gaussian_blur,T013-S3,0,0,0.0,True
32,B,gaussian_blur,T013-S3,2,0,0.0,True
32,B,gaussian_blur,T013-S3,4,0,0.0,True
32,B,gaussian_blur,T013-S3,5,0,0.0,True
32,B,gaussian_blur,T013-S3,8,0,0.0,True
33,B,gaussian_blur,T013-S3,0,0,0.0,True
33,B,gaussian_blur,T013-S3,3,-1320/93613,-0.34442270058708413,True
34,B,gaussian_blur,T013-S3,2,0,,False
34,B,gaussian_blur,T013-S3,3,-969124750/142476721257,,False
34,B,gaussian_blur,T013-S3,8,0,,False
35,B,gaussian_blur,T013-S3,1,31346/224549,2.9734395750332006,True
35,B,gaussian_blur,T013-S3,8,31346/224549,2.9734395750332006,True
36,B,gaussian_blur,T013-S3,0,0,0.0,True
36,B,gaussian_blur,T013-S3,1,0,0.0,True
36,B,gaussian_blur,T013-S3,6,0,0.0,True
36,B,gaussian_blur,T013-S3,7,0,0.0,True
36,B,gaussian_blur,T013-S3,9,0,0.0,True
37,B,gaussian_blur,T013-S3,2,30643595/576828831,3.9847384476947405,True
37,B,gaussian_blur,T013-S3,6,0,0.0,True
37,B,gaussian_blur,T013-S3,9,0,0.0,True
38,B,gaussian_blur,T013-S3,8,0,,False
39,B,gaussian_blur,T013-S3,2,0,0.0,True
40,B,gaussian_blur,T013-S3,9,45/7163,0.48214285714285715,True
41,B,gaussian_blur,T013-S3,0,0,,False
41,B,gaussian_blur,T013-S3,1,0,,False
41,B,gaussian_blur,T013-S3,3,-54449933/1616977349,,False
41,B,gaussian_blur,T013-S3,9,0,,False
42,B,gaussian_blur,T013-S3,0,0,0.0,True
42,B,gaussian_blur,T013-S3,1,0,0.0,True
42,B,gaussian_blur,T013-S3,2,0,0.0,True
43,B,gaussian_blur,T013-S3,0,0,0.0,True
43,B,gaussian_blur,T013-S3,4,0,0.0,True
44,B,gaussian_blur,T013-S3,0,0,0.0,True
44,B,gaussian_blur,T013-S3,8,0,0.0,True
44,B,gaussian_blur,T013-S3,9,0,0.0,True
45,B,gaussian_blur,T013-S3,2,0,0.0,True
45,B,gaussian_blur,T013-S3,4,0,0.0,True
45,B,gaussian_blur,T013-S3,5,0,0.0,True
45,B,gaussian_blur,T013-S3,8,0,0.0,True
46,B,gaussian_blur,T013-S3,2,0,0.0,True
46,B,gaussian_blur,T013-S3,4,0,0.0,True
46,B,gaussian_blur,T013-S3,5,0,0.0,True
47,B,gaussian_blur,T013-S3,0,0,0.0,True
47,B,gaussian_blur,T013-S3,1,0,0.0,True
47,B,gaussian_blur,T013-S3,2,0,0.0,True
47,B,gaussian_blur,T013-S3,4,0,0.0,True
47,B,gaussian_blur,T013-S3,8,5994/224549,1.0,True
48,B,gaussian_blur,T013-S3,4,-1905/285766,-0.12507414871988945,True
48,B,gaussian_blur,T013-S3,7,-1905/285766,-0.12507414871988945,True
48,B,gaussian_blur,T013-S3,9,0,0.0,True
49,B,gaussian_blur,T013-S3,1,0,0.0,True
49,B,gaussian_blur,T013-S3,3,0,0.0,True
50,B,gaussian_blur,T013-S3,2,0,0.0,True
50,B,gaussian_blur,T013-S3,5,0,0.0,True
51,B,gaussian_blur,T013-S3,3,0,,False
51,B,gaussian_blur,T013-S3,4,0,,False
51,B,gaussian_blur,T013-S3,9,0,,False
52,B,gaussian_blur,T013-S3,0,0,,False
52,B,gaussian_blur,T013-S3,2,0,,False
53,B,gaussian_blur,T013-S3,1,0,0.0,True
53,B,gaussian_blur,T013-S3,7,0,0.0,True
54,B,gaussian_blur,T013-S3,2,15711385/579133074,0.21395451189141906,True
54,B,gaussian_blur,T013-S3,6,0,0.0,True
54,B,gaussian_blur,T013-S3,7,15711385/579133074,0.21395451189141906,True
55,B,gaussian_blur,T013-S3,0,0,,False
55,B,gaussian_blur,T013-S3,8,0,,False
56,B,gaussian_blur,T013-S3,3,0,,False
56,B,gaussian_blur,T013-S3,4,0,,False
56,B,gaussian_blur,T013-S3,6,20/1527,,False
56,B,gaussian_blur,T013-S3,9,0,,False
57,B,gaussian_blur,T013-S3,0,0,0.0,True
57,B,gaussian_blur,T013-S3,1,0,0.0,True
57,B,gaussian_blur,T013-S3,3,189706/2891629,7.936050646326328,True
57,B,gaussian_blur,T013-S3,4,-735231943/26964440425,-3.2983663455338004,True
57,B,gaussian_blur,T013-S3,6,0,0.0,True
58,B,gaussian_blur,T013-S3,0,0,,False
58,B,gaussian_blur,T013-S3,9,0,,False
59,B,gaussian_blur,T013-S3,0,0,0.0,True
59,B,gaussian_blur,T013-S3,1,0,0.0,True
59,B,gaussian_blur,T013-S3,3,0,0.0,True
59,B,gaussian_blur,T013-S3,5,0,0.0,True
59,B,gaussian_blur,T013-S3,6,0,0.0,True
60,B,gaussian_blur,T013-S3,0,0,0.0,True
61,B,gaussian_blur,T013-S3,0,-377/28425,-0.6666729208247045,True
61,B,gaussian_blur,T013-S3,4,0,0.0,True
61,B,gaussian_blur,T013-S3,5,0,0.0,True
61,B,gaussian_blur,T013-S3,7,0,0.0,True
62,B,gaussian_blur,T013-S3,0,283232/14468325,0.9747787301243906,True
62,B,gaussian_blur,T013-S3,5,497/25450,0.972412611970508,True
62,B,gaussian_blur,T013-S3,6,283232/14468325,0.9747787301243906,True
62,B,gaussian_blur,T013-S3,9,283232/14468325,0.9747787301243906,True
63,B,gaussian_blur,T013-S3,3,0,0.0,True
63,B,gaussian_blur,T013-S3,4,0,0.0,True
63,B,gaussian_blur,T013-S3,6,0,0.0,True
64,B,gaussian_blur,T013-S3,1,0,0.0,True
64,B,gaussian_blur,T013-S3,3,0,0.0,True
64,B,gaussian_blur,T013-S3,5,0,0.0,True
64,B,gaussian_blur,T013-S3,8,0,0.0,True
64,B,gaussian_blur,T013-S3,9,0,0.0,True
65,B,gaussian_blur,T013-S3,5,0,0.0,True
66,B,gaussian_blur,T013-S3,7,0,0.0,True
66,B,gaussian_blur,T013-S3,8,0,0.0,True
66,B,gaussian_blur,T013-S3,9,10055/382259,1.9645016895717569,True
67,B,gaussian_blur,T013-S3,1,0,0.0,True
67,B,gaussian_blur,T013-S3,2,0,0.0,True
67,B,gaussian_blur,T013-S3,5,0,0.0,True
67,B,gaussian_blur,T013-S3,7,0,0.0,True
67,B,gaussian_blur,T013-S3,8,0,0.0,True
68,B,gaussian_blur,T013-S3,1,0,0.0,True
68,B,gaussian_blur,T013-S3,7,0,0.0,True
68,B,gaussian_blur,T013-S3,9,0,0.0,True
69,B,gaussian_blur,T013-S3,2,0,0.0,True
69,B,gaussian_blur,T013-S3,5,0,0.0,True
69,B,gaussian_blur,T013-S3,7,22943/494247,0.2911097968380197,True
70,B,gaussian_blur,T013-S3,0,0,0.0,True
70,B,gaussian_blur,T013-S3,8,0,0.0,True
71,B,gaussian_blur,T013-S3,4,-280879/42018450,-0.994716171278212,True
71,B,gaussian_blur,T013-S3,5,0,0.0,True
71,B,gaussian_blur,T013-S3,8,0,0.0,True
72,B,gaussian_blur,T013-S3,0,0,0.0,True
72,B,gaussian_blur,T013-S3,5,665889/7115725,1.396686685916842,True
72,B,gaussian_blur,T013-S3,8,0,0.0,True
73,B,gaussian_blur,T013-S3,5,0,0.0,True
73,B,gaussian_blur,T013-S3,6,0,0.0,True
73,B,gaussian_blur,T013-S3,7,0,0.0,True
74,B,gaussian_blur,T013-S3,6,0,0.0,True
75,B,gaussian_blur,T013-S3,0,0,0.0,True
75,B,gaussian_blur,T013-S3,1,0,0.0,True
75,B,gaussian_blur,T013-S3,3,4061803/12918594,1.1764578270679522,True
76,B,gaussian_blur,T013-S3,1,352203/7609550,1.154268645080351,True
76,B,gaussian_blur,T013-S3,6,352203/7609550,1.154268645080351,True
76,B,gaussian_blur,T013-S3,7,-18260/456573,-0.9973862355501046,True
77,B,gaussian_blur,T013-S3,0,0,0.0,True
77,B,gaussian_blur,T013-S3,2,0,0.0,True
78,B,gaussian_blur,T013-S3,4,0,0.0,True
78,B,gaussian_blur,T013-S3,5,0,0.0,True
78,B,gaussian_blur,T013-S3,8,0,0.0,True
79,B,gaussian_blur,T013-S3,1,0,0.0,True
79,B,gaussian_blur,T013-S3,2,0,0.0,True
79,B,gaussian_blur,T013-S3,5,0,0.0,True
80,B,gaussian_blur,T013-S3,6,0,0.0,True
80,B,gaussian_blur,T013-S3,7,0,0.0,True
81,B,gaussian_blur,T013-S3,7,0,0.0,True
81,B,gaussian_blur,T013-S3,9,0,0.0,True
82,B,gaussian_blur,T013-S3,3,0,0.0,True
82,B,gaussian_blur,T013-S3,7,0,0.0,True
83,B,gaussian_blur,T013-S3,4,0,0.0,True
83,B,gaussian_blur,T013-S3,7,0,0.0,True
83,B,gaussian_blur,T013-S3,8,0,0.0,True
84,B,gaussian_blur,T013-S3,2,55210/768081,,False
84,B,gaussian_blur,T013-S3,3,0,,False
84,B,gaussian_blur,T013-S3,6,0,,False
85,B,gaussian_blur,T013-S3,5,0,0.0,True
85,B,gaussian_blur,T013-S3,6,0,0.0,True
86,B,gaussian_blur,T013-S3,2,0,0.0,True
86,B,gaussian_blur,T013-S3,4,0,0.0,True
86,B,gaussian_blur,T013-S3,5,2518/37725,0.8334988414432307,True
86,B,gaussian_blur,T013-S3,6,0,0.0,True
87,B,gaussian_blur,T013-S3,3,125249/9274850,0.33407424464832347,True
87,B,gaussian_blur,T013-S3,5,-62249/4637425,-0.3320711168171161,True
88,B,gaussian_blur,T013-S3,3,0,0.0,True
88,B,gaussian_blur,T013-S3,4,0,0.0,True
88,B,gaussian_blur,T013-S3,6,0,0.0,True
88,B,gaussian_blur,T013-S3,9,0,0.0,True
89,B,gaussian_blur,T013-S3,4,310952/4246905,0.7839324228543522,True
89,B,gaussian_blur,T013-S3,5,0,0.0,True
90,B,gaussian_blur,T013-S3,2,0,0.0,True
90,B,gaussian_blur,T013-S3,3,0,0.0,True
90,B,gaussian_blur,T013-S3,5,0,0.0,True
90,B,gaussian_blur,T013-S3,9,0,0.0,True
91,B,gaussian_blur,T013-S3,3,0,,False
91,B,gaussian_blur,T013-S3,7,0,,False
91,B,gaussian_blur,T013-S3,9,-5/754,,False
92,B,gaussian_blur,T013-S3,1,0,0.0,True
92,B,gaussian_blur,T013-S3,3,0,0.0,True
92,B,gaussian_blur,T013-S3,8,0,0.0,True
93,B,gaussian_blur,T013-S3,4,287219/42268733,0.1269793340657446,True
94,B,gaussian_blur,T013-S3,1,0,0.0,True
94,B,gaussian_blur,T013-S3,5,0,0.0,True
95,B,gaussian_blur,T013-S3,1,0,0.0,True
95,B,gaussian_blur,T013-S3,5,0,0.0,True
95,B,gaussian_blur,T013-S3,6,0,0.0,True
96,B,gaussian_blur,T013-S3,7,0,0.0,True
96,B,gaussian_blur,T013-S3,9,-5015/377169,-1.9976160026419851,True
97,B,gaussian_blur,T013-S3,2,0,0.0,True
97,B,gaussian_blur,T013-S3,3,0,0.0,True
97,B,gaussian_blur,T013-S3,9,0,0.0,True
98,B,gaussian_blur,T013-S3,5,0,0.0,True
98,B,gaussian_blur,T013-S3,6,0,0.0,True
98,B,gaussian_blur,T013-S3,9,0,0.0,True
99,B,gaussian_blur,T013-S3,0,0,0.0,True
99,B,gaussian_blur,T013-S3,3,0,0.0,True
99,B,gaussian_blur,T013-S3,4,0,0.0,True
99,B,gaussian_blur,T013-S3,5,0,0.0,True
99,B,gaussian_blur,T013-S3,7,0,0.0,True
99,B,gaussian_blur,T013-S3,9,0,0.0,True
