client,bank,context,salt,eligible,best_class,best_fraction,at_least_half
0,A,clean,T013-S0,True,1,1.0,True
0,A,clean,T013-S1,True,1,1.0,True
0,A,clean,T013-S2,True,1,1.0,True
0,A,clean,T013-S3,True,1,1.0,True
0,A,brightness_dark,T013-S0,False,1,,False
0,A,brightness_dark,T013-S1,False,1,,False
0,A,brightness_dark,T013-S2,False,1,,False
0,A,brightness_dark,T013-S3,False,1,,False
0,A,contrast_low,T013-S0,False,1,,False
0,A,contrast_low,T013-S1,False,1,,False
0,A,contrast_low,T013-S2,False,1,,False
0,A,contrast_low,T013-S3,False,1,,False
0,A,gaussian_noise,T013-S0,False,1,,False
0,A,gaussian_noise,T013-S1,False,1,,False
0,A,gaussian_noise,T013-S2,False,1,,False
0,A,gaussian_noise,T013-S3,False,1,,False
0,A,gaussian_blur,T013-S0,True,7,1.0,True
0,A,gaussian_blur,T013-S1,True,7,1.0,True
0,A,gaussian_blur,T013-S2,True,1,0.6789868898705669,True
0,A,gaussian_blur,T013-S3,True,1,0.784212814520176,True
0,B,clean,T013-S0,True,1,1.0,True
0,B,clean,T013-S1,True,1,1.0,True
0,B,clean,T013-S2,True,1,1.0,True
0,B,clean,T013-S3,True,1,1.0,True
0,B,brightness_dark,T013-S0,False,1,,False
0,B,brightness_dark,T013-S1,False,1,,False
0,B,brightness_dark,T013-S2,False,1,,False
0,B,brightness_dark,T013-S3,False,1,,False
0,B,contrast_low,T013-S0,False,1,,False
0,B,contrast_low,T013-S1,False,1,,False
0,B,contrast_low,T013-S2,False,1,,False
0,B,contrast_low,T013-S3,False,1,,False
0,B,gaussian_noise,T013-S0,False,1,,False
0,B,gaussian_noise,T013-S1,False,1,,False
0,B,gaussian_noise,T013-S2,False,1,,False
0,B,gaussian_noise,T013-S3,False,1,,False
0,B,gaussian_blur,T013-S0,True,7,1.0,True
0,B,gaussian_blur,T013-S1,True,7,1.0,True
0,B,gaussian_blur,T013-S2,True,1,0.6476943165825757,True
0,B,gaussian_blur,T013-S3,True,1,0.5996324663158882,True
1,A,clean,T013-S0,False,1,,False
1,A,clean,T013-S1,False,1,,False
1,A,clean,T013-S2,False,1,,False
1,A,clean,T013-S3,False,1,,False
1,A,brightness_dark,T013-S0,False,1,,False
1,A,brightness_dark,T013-S1,False,1,,False
1,A,brightness_dark,T013-S2,False,1,,False
1,A,brightness_dark,T013-S3,False,1,,False
1,A,contrast_low,T013-S0,False,1,,False
1,A,contrast_low,T013-S1,False,1,,False
1,A,contrast_low,T013-S2,False,1,,False
1,A,contrast_low,T013-S3,False,1,,False
1,A,gaussian_noise,T013-S0,False,1,,False
1,A,gaussian_noise,T013-S1,False,1,,False
1,A,gaussian_noise,T013-S2,False,1,,False
1,A,gaussian_noise,T013-S3,False,1,,False
1,A,gaussian_blur,T013-S0,False,1,,False
1,A,gaussian_blur,T013-S1,False,1,,False
1,A,gaussian_blur,T013-S2,False,1,,False
1,A,gaussian_blur,T013-S3,False,1,,False
1,B,clean,T013-S0,False,1,,False
1,B,clean,T013-S1,False,1,,False
1,B,clean,T013-S2,False,1,,False
1,B,clean,T013-S3,False,1,,False
1,B,brightness_dark,T013-S0,False,1,,False
1,B,brightness_dark,T013-S1,False,1,,False
1,B,brightness_dark,T013-S2,False,1,,False
1,B,brightness_dark,T013-S3,False,1,,False
1,B,contrast_low,T013-S0,False,1,,False
1,B,contrast_low,T013-S1,False,1,,False
1,B,contrast_low,T013-S2,False,1,,False
1,B,contrast_low,T013-S3,False,1,,False
1,B,gaussian_noise,T013-S0,False,1,,False
1,B,gaussian_noise,T013-S1,False,1,,False
1,B,gaussian_noise,T013-S2,False,1,,False
1,B,gaussian_noise,T013-S3,False,1,,False
1,B,gaussian_blur,T013-S0,False,1,,False
1,B,gaussian_blur,T013-S1,False,1,,False
1,B,gaussian_blur,T013-S2,False,1,,False
1,B,gaussian_blur,T013-S3,False,1,,False
2,A,clean,T013-S0,True,3,0.0,False
2,A,clean,T013-S1,True,3,0.0,False
2,A,clean,T013-S2,True,3,0.0,False
2,A,clean,T013-S3,True,3,0.0,False
2,A,brightness_dark,T013-S0,True,3,0.0,False
2,A,brightness_dark,T013-S1,True,3,0.0,False
2,A,brightness_dark,T013-S2,True,3,0.0,False
2,A,brightness_dark,T013-S3,True,3,0.0,False
2,A,contrast_low,T013-S0,True,3,0.0,False
2,A,contrast_low,T013-S1,True,3,0.0,False
2,A,contrast_low,T013-S2,True,9,1.0,True
2,A,contrast_low,T013-S3,True,3,0.0,False
2,A,gaussian_noise,T013-S0,False,3,,False
2,A,gaussian_noise,T013-S1,False,3,,False
2,A,gaussian_noise,T013-S2,True,3,0.0,False
2,A,gaussian_noise,T013-S3,False,3,,False
2,A,gaussian_blur,T013-S0,True,9,0.6792701832512076,True
2,A,gaussian_blur,T013-S1,True,9,0.4577309174653045,False
2,A,gaussian_blur,T013-S2,True,9,0.5993651582321307,True
2,A,gaussian_blur,T013-S3,True,9,0.6891929997852874,True
2,B,clean,T013-S0,True,3,0.0,False
2,B,clean,T013-S1,True,3,0.0,False
2,B,clean,T013-S2,True,3,0.0,False
2,B,clean,T013-S3,True,3,0.0,False
2,B,brightness_dark,T013-S0,True,3,0.0,False
2,B,brightness_dark,T013-S1,True,3,0.0,False
2,B,brightness_dark,T013-S2,True,3,0.0,False
2,B,brightness_dark,T013-S3,True,3,0.0,False
2,B,contrast_low,T013-S0,True,4,0.0,False
2,B,contrast_low,T013-S1,True,4,0.0,False
2,B,contrast_low,T013-S2,True,3,0.0,False
2,B,contrast_low,T013-S3,True,3,0.0,False
2,B,gaussian_noise,T013-S0,False,3,,False
2,B,gaussian_noise,T013-S1,False,3,,False
2,B,gaussian_noise,T013-S2,False,3,,False
2,B,gaussian_noise,T013-S3,False,3,,False
2,B,gaussian_blur,T013-S0,True,9,1.0,True
2,B,gaussian_blur,T013-S1,True,9,0.3366189117492216,False
2,B,gaussian_blur,T013-S2,True,9,1.0,True
2,B,gaussian_blur,T013-S3,True,9,1.0,True
3,A,clean,T013-S0,False,0,,False
3,A,clean,T013-S1,False,0,,False
3,A,clean,T013-S2,False,0,,False
3,A,clean,T013-S3,False,0,,False
3,A,brightness_dark,T013-S0,False,0,,False
3,A,brightness_dark,T013-S1,False,0,,False
3,A,brightness_dark,T013-S2,False,0,,False
3,A,brightness_dark,T013-S3,False,0,,False
3,A,contrast_low,T013-S0,True,0,1.0,True
3,A,contrast_low,T013-S1,True,0,1.0,True
3,A,contrast_low,T013-S2,True,0,1.0,True
3,A,contrast_low,T013-S3,True,0,1.0,True
3,A,gaussian_noise,T013-S0,False,0,,False
3,A,gaussian_noise,T013-S1,False,0,,False
3,A,gaussian_noise,T013-S2,False,0,,False
3,A,gaussian_noise,T013-S3,False,0,,False
3,A,gaussian_blur,T013-S0,True,0,1.0,True
3,A,gaussian_blur,T013-S1,True,0,1.0,True
3,A,gaussian_blur,T013-S2,True,0,1.0,True
3,A,gaussian_blur,T013-S3,True,0,1.0,True
3,B,clean,T013-S0,False,0,,False
3,B,clean,T013-S1,False,0,,False
3,B,clean,T013-S2,False,0,,False
3,B,clean,T013-S3,False,0,,False
3,B,brightness_dark,T013-S0,False,0,,False
3,B,brightness_dark,T013-S1,False,0,,False
3,B,brightness_dark,T013-S2,False,0,,False
3,B,brightness_dark,T013-S3,False,0,,False
3,B,contrast_low,T013-S0,True,0,1.0,True
3,B,contrast_low,T013-S1,True,0,1.0,True
3,B,contrast_low,T013-S2,True,0,1.0,True
3,B,contrast_low,T013-S3,True,0,1.0,True
3,B,gaussian_noise,T013-S0,False,0,,False
3,B,gaussian_noise,T013-S1,False,0,,False
3,B,gaussian_noise,T013-S2,False,0,,False
3,B,gaussian_noise,T013-S3,False,0,,False
3,B,gaussian_blur,T013-S0,True,0,1.0,True
3,B,gaussian_blur,T013-S1,True,0,1.0,True
3,B,gaussian_blur,T013-S2,True,0,1.0,True
3,B,gaussian_blur,T013-S3,False,0,,False
4,A,clean,T013-S0,False,4,,False
4,A,clean,T013-S1,False,4,,False
4,A,clean,T013-S2,False,4,,False
4,A,clean,T013-S3,False,4,,False
4,A,brightness_dark,T013-S0,False,4,,False
4,A,brightness_dark,T013-S1,False,4,,False
4,A,brightness_dark,T013-S2,False,4,,False
4,A,brightness_dark,T013-S3,False,4,,False
4,A,contrast_low,T013-S0,False,4,,False
4,A,contrast_low,T013-S1,False,4,,False
4,A,contrast_low,T013-S2,False,4,,False
4,A,contrast_low,T013-S3,False,4,,False
4,A,gaussian_noise,T013-S0,False,4,,False
4,A,gaussian_noise,T013-S1,False,4,,False
4,A,gaussian_noise,T013-S2,False,4,,False
4,A,gaussian_noise,T013-S3,False,4,,False
4,A,gaussian_blur,T013-S0,False,4,,False
4,A,gaussian_blur,T013-S1,False,4,,False
4,A,gaussian_blur,T013-S2,False,4,,False
4,A,gaussian_blur,T013-S3,False,4,,False
4,B,clean,T013-S0,False,4,,False
4,B,clean,T013-S1,False,4,,False
4,B,clean,T013-S2,False,4,,False
4,B,clean,T013-S3,False,4,,False
4,B,brightness_dark,T013-S0,False,4,,False
4,B,brightness_dark,T013-S1,False,4,,False
4,B,brightness_dark,T013-S2,False,4,,False
4,B,brightness_dark,T013-S3,False,4,,False
4,B,contrast_low,T013-S0,False,4,,False
4,B,contrast_low,T013-S1,False,4,,False
4,B,contrast_low,T013-S2,False,4,,False
4,B,contrast_low,T013-S3,False,4,,False
4,B,gaussian_noise,T013-S0,False,4,,False
4,B,gaussian_noise,T013-S1,False,4,,False
4,B,gaussian_noise,T013-S2,False,4,,False
4,B,gaussian_noise,T013-S3,False,4,,False
4,B,gaussian_blur,T013-S0,False,4,,False
4,B,gaussian_blur,T013-S1,False,4,,False
4,B,gaussian_blur,T013-S2,False,4,,False
4,B,gaussian_blur,T013-S3,False,4,,False
5,A,clean,T013-S0,True,2,1.0,True
5,A,clean,T013-S1,True,2,1.0,True
5,A,clean,T013-S2,True,2,1.0,True
5,A,clean,T013-S3,True,2,1.0,True
5,A,brightness_dark,T013-S0,False,0,,False
5,A,brightness_dark,T013-S1,False,0,,False
5,A,brightness_dark,T013-S2,False,0,,False
5,A,brightness_dark,T013-S3,False,0,,False
5,A,contrast_low,T013-S0,False,2,,False
5,A,contrast_low,T013-S1,False,2,,False
5,A,contrast_low,T013-S2,True,2,0.0,False
5,A,contrast_low,T013-S3,False,2,,False
5,A,gaussian_noise,T013-S0,True,2,1.0,True
5,A,gaussian_noise,T013-S1,True,2,1.0,True
5,A,gaussian_noise,T013-S2,True,2,1.0,True
5,A,gaussian_noise,T013-S3,True,2,1.0,True
5,A,gaussian_blur,T013-S0,True,2,1.0,True
5,A,gaussian_blur,T013-S1,True,2,1.0,True
5,A,gaussian_blur,T013-S2,True,2,1.0,True
5,A,gaussian_blur,T013-S3,True,2,1.0,True
5,B,clean,T013-S0,True,2,1.0,True
5,B,clean,T013-S1,True,2,1.0,True
5,B,clean,T013-S2,True,2,0.7358405600757029,True
5,B,clean,T013-S3,True,2,1.0,True
5,B,brightness_dark,T013-S0,False,0,,False
5,B,brightness_dark,T013-S1,False,0,,False
5,B,brightness_dark,T013-S2,False,0,,False
5,B,brightness_dark,T013-S3,False,0,,False
5,B,contrast_low,T013-S0,True,0,0.5690302759090788,True
5,B,contrast_low,T013-S1,True,0,0.7825971053070321,True
5,B,contrast_low,T013-S2,True,0,0.3248056321990065,False
5,B,contrast_low,T013-S3,True,0,1.0,True
5,B,gaussian_noise,T013-S0,True,5,1.0,True
5,B,gaussian_noise,T013-S1,True,5,1.0,True
5,B,gaussian_noise,T013-S2,True,2,1.0,True
5,B,gaussian_noise,T013-S3,True,2,0.713073811768299,True
5,B,gaussian_blur,T013-S0,True,5,1.0,True
5,B,gaussian_blur,T013-S1,True,2,0.6630474891121211,True
5,B,gaussian_blur,T013-S2,True,2,0.9416394786991364,True
5,B,gaussian_blur,T013-S3,True,2,1.0,True
6,A,clean,T013-S0,False,0,,False
6,A,clean,T013-S1,False,0,,False
6,A,clean,T013-S2,False,0,,False
6,A,clean,T013-S3,True,0,1.0,True
6,A,brightness_dark,T013-S0,False,0,,False
6,A,brightness_dark,T013-S1,False,0,,False
6,A,brightness_dark,T013-S2,False,0,,False
6,A,brightness_dark,T013-S3,False,0,,False
6,A,contrast_low,T013-S0,False,0,,False
6,A,contrast_low,T013-S1,False,0,,False
6,A,contrast_low,T013-S2,False,0,,False
6,A,contrast_low,T013-S3,False,0,,False
6,A,gaussian_noise,T013-S0,True,3,1.0,True
6,A,gaussian_noise,T013-S1,True,3,1.0,True
6,A,gaussian_noise,T013-S2,True,3,1.0,True
6,A,gaussian_noise,T013-S3,True,3,1.0,True
6,A,gaussian_blur,T013-S0,False,0,,False
6,A,gaussian_blur,T013-S1,False,0,,False
6,A,gaussian_blur,T013-S2,False,0,,False
6,A,gaussian_blur,T013-S3,False,0,,False
6,B,clean,T013-S0,False,0,,False
6,B,clean,T013-S1,False,0,,False
6,B,clean,T013-S2,False,0,,False
6,B,clean,T013-S3,False,0,,False
6,B,brightness_dark,T013-S0,False,0,,False
6,B,brightness_dark,T013-S1,False,0,,False
6,B,brightness_dark,T013-S2,False,0,,False
6,B,brightness_dark,T013-S3,False,0,,False
6,B,contrast_low,T013-S0,True,0,0.0,False
6,B,contrast_low,T013-S1,True,0,0.0,False
6,B,contrast_low,T013-S2,True,0,0.6660462824937289,True
6,B,contrast_low,T013-S3,True,0,0.0,False
6,B,gaussian_noise,T013-S0,False,0,,False
6,B,gaussian_noise,T013-S1,False,0,,False
6,B,gaussian_noise,T013-S2,False,0,,False
6,B,gaussian_noise,T013-S3,False,0,,False
6,B,gaussian_blur,T013-S0,False,0,,False
6,B,gaussian_blur,T013-S1,False,0,,False
6,B,gaussian_blur,T013-S2,False,0,,False
6,B,gaussian_blur,T013-S3,False,0,,False
7,A,clean,T013-S0,True,1,0.0,False
7,A,clean,T013-S1,True,1,0.0,False
7,A,clean,T013-S2,True,1,0.0,False
7,A,clean,T013-S3,True,1,0.0,False
7,A,brightness_dark,T013-S0,True,3,1.0,True
7,A,brightness_dark,T013-S1,True,3,1.0,True
7,A,brightness_dark,T013-S2,True,3,1.0,True
7,A,brightness_dark,T013-S3,True,3,1.0,True
7,A,contrast_low,T013-S0,True,3,1.0,True
7,A,contrast_low,T013-S1,True,3,1.0,True
7,A,contrast_low,T013-S2,True,3,1.0,True
7,A,contrast_low,T013-S3,True,3,1.0,True
7,A,gaussian_noise,T013-S0,True,3,0.9594794809946084,True
7,A,gaussian_noise,T013-S1,True,3,1.0,True
7,A,gaussian_noise,T013-S2,True,3,0.9346034737279306,True
7,A,gaussian_noise,T013-S3,True,3,1.0,True
7,A,gaussian_blur,T013-S0,True,3,0.28911790664396997,False
7,A,gaussian_blur,T013-S1,True,3,0.3222305708725542,False
7,A,gaussian_blur,T013-S2,True,3,0.4306984878733178,False
7,A,gaussian_blur,T013-S3,True,3,0.36237709770044096,False
7,B,clean,T013-S0,True,1,0.0,False
7,B,clean,T013-S1,True,1,0.0,False
7,B,clean,T013-S2,True,1,0.0,False
7,B,clean,T013-S3,True,1,0.0,False
7,B,brightness_dark,T013-S0,True,3,1.0,True
7,B,brightness_dark,T013-S1,True,3,1.0,True
7,B,brightness_dark,T013-S2,True,3,1.0,True
7,B,brightness_dark,T013-S3,True,3,1.0,True
7,B,contrast_low,T013-S0,True,3,1.0,True
7,B,contrast_low,T013-S1,True,3,1.0,True
7,B,contrast_low,T013-S2,True,3,1.0,True
7,B,contrast_low,T013-S3,True,3,1.0,True
7,B,gaussian_noise,T013-S0,True,3,1.0,True
7,B,gaussian_noise,T013-S1,True,3,1.0,True
7,B,gaussian_noise,T013-S2,True,3,0.8214589807903866,True
7,B,gaussian_noise,T013-S3,True,3,1.0,True
7,B,gaussian_blur,T013-S0,True,3,0.9819089195027788,True
7,B,gaussian_blur,T013-S1,True,3,0.48522104822434314,False
7,B,gaussian_blur,T013-S2,True,3,0.7453693816378717,True
7,B,gaussian_blur,T013-S3,True,3,0.6117000384257821,True
8,A,clean,T013-S0,False,0,,False
8,A,clean,T013-S1,False,0,,False
8,A,clean,T013-S2,False,0,,False
8,A,clean,T013-S3,False,0,,False
8,A,brightness_dark,T013-S0,False,0,,False
8,A,brightness_dark,T013-S1,False,0,,False
8,A,brightness_dark,T013-S2,False,0,,False
8,A,brightness_dark,T013-S3,False,0,,False
8,A,contrast_low,T013-S0,True,0,1.0,True
8,A,contrast_low,T013-S1,True,0,1.0,True
8,A,contrast_low,T013-S2,True,0,1.0,True
8,A,contrast_low,T013-S3,True,0,1.0,True
8,A,gaussian_noise,T013-S0,False,0,,False
8,A,gaussian_noise,T013-S1,False,0,,False
8,A,gaussian_noise,T013-S2,False,0,,False
8,A,gaussian_noise,T013-S3,False,0,,False
8,A,gaussian_blur,T013-S0,False,0,,False
8,A,gaussian_blur,T013-S1,False,0,,False
8,A,gaussian_blur,T013-S2,False,0,,False
8,A,gaussian_blur,T013-S3,False,0,,False
8,B,clean,T013-S0,False,0,,False
8,B,clean,T013-S1,False,0,,False
8,B,clean,T013-S2,False,0,,False
8,B,clean,T013-S3,False,0,,False
8,B,brightness_dark,T013-S0,False,0,,False
8,B,brightness_dark,T013-S1,False,0,,False
8,B,brightness_dark,T013-S2,False,0,,False
8,B,brightness_dark,T013-S3,False,0,,False
8,B,contrast_low,T013-S0,True,0,1.0,True
8,B,contrast_low,T013-S1,True,0,1.0,True
8,B,contrast_low,T013-S2,True,0,1.0,True
8,B,contrast_low,T013-S3,True,0,1.0,True
8,B,gaussian_noise,T013-S0,False,0,,False
8,B,gaussian_noise,T013-S1,False,0,,False
8,B,gaussian_noise,T013-S2,False,0,,False
8,B,gaussian_noise,T013-S3,False,0,,False
8,B,gaussian_blur,T013-S0,False,0,,False
8,B,gaussian_blur,T013-S1,False,0,,False
8,B,gaussian_blur,T013-S2,False,0,,False
8,B,gaussian_blur,T013-S3,False,0,,False
9,A,clean,T013-S0,False,7,,False
9,A,clean,T013-S1,False,7,,False
9,A,clean,T013-S2,False,7,,False
9,A,clean,T013-S3,False,7,,False
9,A,brightness_dark,T013-S0,False,7,,False
9,A,brightness_dark,T013-S1,False,7,,False
9,A,brightness_dark,T013-S2,False,7,,False
9,A,brightness_dark,T013-S3,False,7,,False
9,A,contrast_low,T013-S0,True,7,1.0,True
9,A,contrast_low,T013-S1,True,7,1.0,True
9,A,contrast_low,T013-S2,True,7,1.0,True
9,A,contrast_low,T013-S3,True,7,1.0,True
9,A,gaussian_noise,T013-S0,True,7,1.0,True
9,A,gaussian_noise,T013-S1,True,7,1.0,True
9,A,gaussian_noise,T013-S2,True,7,1.0,True
9,A,gaussian_noise,T013-S3,True,7,1.0,True
9,A,gaussian_blur,T013-S0,True,7,1.0,True
9,A,gaussian_blur,T013-S1,True,7,1.0,True
9,A,gaussian_blur,T013-S2,True,7,1.0,True
9,A,gaussian_blur,T013-S3,True,7,1.0,True
9,B,clean,T013-S0,False,7,,False
9,B,clean,T013-S1,False,7,,False
9,B,clean,T013-S2,False,7,,False
9,B,clean,T013-S3,False,7,,False
9,B,brightness_dark,T013-S0,False,7,,False
9,B,brightness_dark,T013-S1,False,7,,False
9,B,brightness_dark,T013-S2,False,7,,False
9,B,brightness_dark,T013-S3,False,7,,False
9,B,contrast_low,T013-S0,True,7,1.0,True
9,B,contrast_low,T013-S1,True,7,1.0,True
9,B,contrast_low,T013-S2,True,7,1.0,True
9,B,contrast_low,T013-S3,True,7,1.0,True
9,B,gaussian_noise,T013-S0,False,7,,False
9,B,gaussian_noise,T013-S1,True,7,1.0,True
9,B,gaussian_noise,T013-S2,False,7,,False
9,B,gaussian_noise,T013-S3,False,7,,False
9,B,gaussian_blur,T013-S0,True,7,1.0,True
9,B,gaussian_blur,T013-S1,True,7,1.0,True
9,B,gaussian_blur,T013-S2,True,7,1.0,True
9,B,gaussian_blur,T013-S3,True,7,1.0,True
10,A,clean,T013-S0,True,2,1.0,True
10,A,clean,T013-S1,True,2,1.0,True
10,A,clean,T013-S2,True,2,1.0,True
10,A,clean,T013-S3,True,2,1.0,True
10,A,brightness_dark,T013-S0,True,2,1.0,True
10,A,brightness_dark,T013-S1,True,2,1.0,True
10,A,brightness_dark,T013-S2,True,2,1.0,True
10,A,brightness_dark,T013-S3,True,2,1.0,True
10,A,contrast_low,T013-S0,False,2,,False
10,A,contrast_low,T013-S1,False,2,,False
10,A,contrast_low,T013-S2,False,2,,False
10,A,contrast_low,T013-S3,False,2,,False
10,A,gaussian_noise,T013-S0,True,4,1.0,True
10,A,gaussian_noise,T013-S1,True,4,1.0,True
10,A,gaussian_noise,T013-S2,True,4,1.0,True
10,A,gaussian_noise,T013-S3,True,4,1.0,True
10,A,gaussian_blur,T013-S0,True,2,1.0,True
10,A,gaussian_blur,T013-S1,True,2,1.0,True
10,A,gaussian_blur,T013-S2,True,2,1.0,True
10,A,gaussian_blur,T013-S3,True,2,1.0,True
10,B,clean,T013-S0,True,2,1.0,True
10,B,clean,T013-S1,True,2,1.0,True
10,B,clean,T013-S2,True,2,1.0,True
10,B,clean,T013-S3,True,2,1.0,True
10,B,brightness_dark,T013-S0,True,2,1.0,True
10,B,brightness_dark,T013-S1,True,2,1.0,True
10,B,brightness_dark,T013-S2,True,2,1.0,True
10,B,brightness_dark,T013-S3,True,2,1.0,True
10,B,contrast_low,T013-S0,False,2,,False
10,B,contrast_low,T013-S1,False,2,,False
10,B,contrast_low,T013-S2,False,2,,False
10,B,contrast_low,T013-S3,False,2,,False
10,B,gaussian_noise,T013-S0,True,4,1.0,True
10,B,gaussian_noise,T013-S1,True,4,1.0,True
10,B,gaussian_noise,T013-S2,True,4,1.0,True
10,B,gaussian_noise,T013-S3,True,4,1.0,True
10,B,gaussian_blur,T013-S0,True,2,1.0,True
10,B,gaussian_blur,T013-S1,True,2,1.0,True
10,B,gaussian_blur,T013-S2,True,2,1.0,True
10,B,gaussian_blur,T013-S3,True,2,1.0,True
11,A,clean,T013-S0,False,2,,False
11,A,clean,T013-S1,False,2,,False
11,A,clean,T013-S2,False,2,,False
11,A,clean,T013-S3,False,2,,False
11,A,brightness_dark,T013-S0,False,2,,False
11,A,brightness_dark,T013-S1,False,2,,False
11,A,brightness_dark,T013-S2,True,2,1.0,True
11,A,brightness_dark,T013-S3,True,2,1.0,True
11,A,contrast_low,T013-S0,False,2,,False
11,A,contrast_low,T013-S1,False,2,,False
11,A,contrast_low,T013-S2,False,2,,False
11,A,contrast_low,T013-S3,False,2,,False
11,A,gaussian_noise,T013-S0,False,2,,False
11,A,gaussian_noise,T013-S1,False,2,,False
11,A,gaussian_noise,T013-S2,False,2,,False
11,A,gaussian_noise,T013-S3,False,2,,False
11,A,gaussian_blur,T013-S0,False,2,,False
11,A,gaussian_blur,T013-S1,False,2,,False
11,A,gaussian_blur,T013-S2,False,2,,False
11,A,gaussian_blur,T013-S3,False,2,,False
11,B,clean,T013-S0,False,2,,False
11,B,clean,T013-S1,False,2,,False
11,B,clean,T013-S2,False,2,,False
11,B,clean,T013-S3,False,2,,False
11,B,brightness_dark,T013-S0,False,2,,False
11,B,brightness_dark,T013-S1,False,2,,False
11,B,brightness_dark,T013-S2,False,2,,False
11,B,brightness_dark,T013-S3,False,2,,False
11,B,contrast_low,T013-S0,False,2,,False
11,B,contrast_low,T013-S1,False,2,,False
11,B,contrast_low,T013-S2,False,2,,False
11,B,contrast_low,T013-S3,False,2,,False
11,B,gaussian_noise,T013-S0,False,2,,False
11,B,gaussian_noise,T013-S1,False,2,,False
11,B,gaussian_noise,T013-S2,False,2,,False
11,B,gaussian_noise,T013-S3,False,2,,False
11,B,gaussian_blur,T013-S0,False,2,,False
11,B,gaussian_blur,T013-S1,False,2,,False
11,B,gaussian_blur,T013-S2,False,2,,False
11,B,gaussian_blur,T013-S3,False,2,,False
12,A,clean,T013-S0,False,2,,False
12,A,clean,T013-S1,False,2,,False
12,A,clean,T013-S2,False,2,,False
12,A,clean,T013-S3,False,2,,False
12,A,brightness_dark,T013-S0,False,2,,False
12,A,brightness_dark,T013-S1,False,2,,False
12,A,brightness_dark,T013-S2,False,2,,False
12,A,brightness_dark,T013-S3,False,2,,False
12,A,contrast_low,T013-S0,False,2,,False
12,A,contrast_low,T013-S1,False,2,,False
12,A,contrast_low,T013-S2,False,2,,False
12,A,contrast_low,T013-S3,False,2,,False
12,A,gaussian_noise,T013-S0,False,2,,False
12,A,gaussian_noise,T013-S1,False,2,,False
12,A,gaussian_noise,T013-S2,False,2,,False
12,A,gaussian_noise,T013-S3,False,2,,False
12,A,gaussian_blur,T013-S0,False,2,,False
12,A,gaussian_blur,T013-S1,False,2,,False
12,A,gaussian_blur,T013-S2,False,2,,False
12,A,gaussian_blur,T013-S3,False,2,,False
12,B,clean,T013-S0,False,2,,False
12,B,clean,T013-S1,False,2,,False
12,B,clean,T013-S2,False,2,,False
12,B,clean,T013-S3,False,2,,False
12,B,brightness_dark,T013-S0,False,2,,False
12,B,brightness_dark,T013-S1,False,2,,False
12,B,brightness_dark,T013-S2,False,2,,False
12,B,brightness_dark,T013-S3,False,2,,False
12,B,contrast_low,T013-S0,False,2,,False
12,B,contrast_low,T013-S1,False,2,,False
12,B,contrast_low,T013-S2,False,2,,False
12,B,contrast_low,T013-S3,False,2,,False
12,B,gaussian_noise,T013-S0,False,2,,False
12,B,gaussian_noise,T013-S1,False,2,,False
12,B,gaussian_noise,T013-S2,False,2,,False
12,B,gaussian_noise,T013-S3,False,2,,False
12,B,gaussian_blur,T013-S0,False,2,,False
12,B,gaussian_blur,T013-S1,False,2,,False
12,B,gaussian_blur,T013-S2,False,2,,False
12,B,gaussian_blur,T013-S3,False,2,,False
13,A,clean,T013-S0,False,1,,False
13,A,clean,T013-S1,False,1,,False
13,A,clean,T013-S2,False,1,,False
13,A,clean,T013-S3,False,1,,False
13,A,brightness_dark,T013-S0,False,1,,False
13,A,brightness_dark,T013-S1,False,1,,False
13,A,brightness_dark,T013-S2,False,1,,False
13,A,brightness_dark,T013-S3,False,1,,False
13,A,contrast_low,T013-S0,False,1,,False
13,A,contrast_low,T013-S1,False,1,,False
13,A,contrast_low,T013-S2,False,1,,False
13,A,contrast_low,T013-S3,False,1,,False
13,A,gaussian_noise,T013-S0,False,3,,False
13,A,gaussian_noise,T013-S1,False,1,,False
13,A,gaussian_noise,T013-S2,False,1,,False
13,A,gaussian_noise,T013-S3,False,1,,False
13,A,gaussian_blur,T013-S0,False,1,,False
13,A,gaussian_blur,T013-S1,False,1,,False
13,A,gaussian_blur,T013-S2,False,1,,False
13,A,gaussian_blur,T013-S3,False,1,,False
13,B,clean,T013-S0,False,1,,False
13,B,clean,T013-S1,False,1,,False
13,B,clean,T013-S2,False,1,,False
13,B,clean,T013-S3,False,1,,False
13,B,brightness_dark,T013-S0,False,1,,False
13,B,brightness_dark,T013-S1,False,1,,False
13,B,brightness_dark,T013-S2,False,1,,False
13,B,brightness_dark,T013-S3,False,1,,False
13,B,contrast_low,T013-S0,False,1,,False
13,B,contrast_low,T013-S1,False,1,,False
13,B,contrast_low,T013-S2,False,1,,False
13,B,contrast_low,T013-S3,False,1,,False
13,B,gaussian_noise,T013-S0,False,1,,False
13,B,gaussian_noise,T013-S1,False,5,,False
13,B,gaussian_noise,T013-S2,True,5,1.0,True
13,B,gaussian_noise,T013-S3,False,3,,False
13,B,gaussian_blur,T013-S0,False,1,,False
13,B,gaussian_blur,T013-S1,False,1,,False
13,B,gaussian_blur,T013-S2,False,1,,False
13,B,gaussian_blur,T013-S3,False,1,,False
14,A,clean,T013-S0,False,1,,False
14,A,clean,T013-S1,False,1,,False
14,A,clean,T013-S2,False,1,,False
14,A,clean,T013-S3,False,1,,False
14,A,brightness_dark,T013-S0,False,1,,False
14,A,brightness_dark,T013-S1,False,1,,False
14,A,brightness_dark,T013-S2,False,1,,False
14,A,brightness_dark,T013-S3,False,1,,False
14,A,contrast_low,T013-S0,False,1,,False
14,A,contrast_low,T013-S1,False,1,,False
14,A,contrast_low,T013-S2,False,1,,False
14,A,contrast_low,T013-S3,False,1,,False
14,A,gaussian_noise,T013-S0,False,1,,False
14,A,gaussian_noise,T013-S1,False,1,,False
14,A,gaussian_noise,T013-S2,False,1,,False
14,A,gaussian_noise,T013-S3,False,1,,False
14,A,gaussian_blur,T013-S0,False,1,,False
14,A,gaussian_blur,T013-S1,False,1,,False
14,A,gaussian_blur,T013-S2,False,1,,False
14,A,gaussian_blur,T013-S3,False,1,,False
14,B,clean,T013-S0,False,1,,False
14,B,clean,T013-S1,False,1,,False
14,B,clean,T013-S2,False,1,,False
14,B,clean,T013-S3,False,1,,False
14,B,brightness_dark,T013-S0,False,1,,False
14,B,brightness_dark,T013-S1,False,1,,False
14,B,brightness_dark,T013-S2,False,1,,False
14,B,brightness_dark,T013-S3,False,1,,False
14,B,contrast_low,T013-S0,False,1,,False
14,B,contrast_low,T013-S1,False,1,,False
14,B,contrast_low,T013-S2,False,1,,False
14,B,contrast_low,T013-S3,False,1,,False
14,B,gaussian_noise,T013-S0,False,1,,False
14,B,gaussian_noise,T013-S1,False,1,,False
14,B,gaussian_noise,T013-S2,False,1,,False
14,B,gaussian_noise,T013-S3,False,1,,False
14,B,gaussian_blur,T013-S0,False,1,,False
14,B,gaussian_blur,T013-S1,False,1,,False
14,B,gaussian_blur,T013-S2,False,1,,False
14,B,gaussian_blur,T013-S3,False,1,,False
15,A,clean,T013-S0,True,4,1.0,True
15,A,clean,T013-S1,True,4,1.0,True
15,A,clean,T013-S2,True,4,1.0,True
15,A,clean,T013-S3,True,4,1.0,True
15,A,brightness_dark,T013-S0,True,4,1.0,True
15,A,brightness_dark,T013-S1,True,4,1.0,True
15,A,brightness_dark,T013-S2,True,4,1.0,True
15,A,brightness_dark,T013-S3,True,4,1.0,True
15,A,contrast_low,T013-S0,True,4,1.0,True
15,A,contrast_low,T013-S1,True,4,1.0,True
15,A,contrast_low,T013-S2,True,4,1.0,True
15,A,contrast_low,T013-S3,True,4,1.0,True
15,A,gaussian_noise,T013-S0,False,4,,False
15,A,gaussian_noise,T013-S1,False,4,,False
15,A,gaussian_noise,T013-S2,False,4,,False
15,A,gaussian_noise,T013-S3,False,4,,False
15,A,gaussian_blur,T013-S0,True,4,1.0,True
15,A,gaussian_blur,T013-S1,True,4,1.0,True
15,A,gaussian_blur,T013-S2,True,4,1.0,True
15,A,gaussian_blur,T013-S3,True,4,1.0,True
15,B,clean,T013-S0,True,4,1.0,True
15,B,clean,T013-S1,True,4,1.0,True
15,B,clean,T013-S2,True,4,1.0,True
15,B,clean,T013-S3,True,4,1.0,True
15,B,brightness_dark,T013-S0,True,4,1.0,True
15,B,brightness_dark,T013-S1,True,4,1.0,True
15,B,brightness_dark,T013-S2,True,4,1.0,True
15,B,brightness_dark,T013-S3,True,4,1.0,True
15,B,contrast_low,T013-S0,True,4,1.0,True
15,B,contrast_low,T013-S1,True,4,1.0,True
15,B,contrast_low,T013-S2,True,4,1.0,True
15,B,contrast_low,T013-S3,True,4,1.0,True
15,B,gaussian_noise,T013-S0,False,4,,False
15,B,gaussian_noise,T013-S1,False,4,,False
15,B,gaussian_noise,T013-S2,False,4,,False
15,B,gaussian_noise,T013-S3,False,4,,False
15,B,gaussian_blur,T013-S0,True,4,1.0,True
15,B,gaussian_blur,T013-S1,True,4,1.0,True
15,B,gaussian_blur,T013-S2,True,4,1.0,True
15,B,gaussian_blur,T013-S3,True,4,1.0,True
16,A,clean,T013-S0,False,1,,False
16,A,clean,T013-S1,False,1,,False
16,A,clean,T013-S2,True,1,1.0,True
16,A,clean,T013-S3,False,1,,False
16,A,brightness_dark,T013-S0,False,1,,False
16,A,brightness_dark,T013-S1,False,1,,False
16,A,brightness_dark,T013-S2,False,1,,False
16,A,brightness_dark,T013-S3,False,1,,False
16,A,contrast_low,T013-S0,False,1,,False
16,A,contrast_low,T013-S1,False,1,,False
16,A,contrast_low,T013-S2,False,1,,False
16,A,contrast_low,T013-S3,False,1,,False
16,A,gaussian_noise,T013-S0,False,1,,False
16,A,gaussian_noise,T013-S1,True,1,1.0,True
16,A,gaussian_noise,T013-S2,False,1,,False
16,A,gaussian_noise,T013-S3,True,1,1.0,True
16,A,gaussian_blur,T013-S0,True,1,1.0,True
16,A,gaussian_blur,T013-S1,True,1,1.0,True
16,A,gaussian_blur,T013-S2,True,1,1.0,True
16,A,gaussian_blur,T013-S3,True,1,1.0,True
16,B,clean,T013-S0,False,1,,False
16,B,clean,T013-S1,False,1,,False
16,B,clean,T013-S2,False,1,,False
16,B,clean,T013-S3,False,1,,False
16,B,brightness_dark,T013-S0,False,1,,False
16,B,brightness_dark,T013-S1,False,1,,False
16,B,brightness_dark,T013-S2,False,1,,False
16,B,brightness_dark,T013-S3,False,1,,False
16,B,contrast_low,T013-S0,False,1,,False
16,B,contrast_low,T013-S1,False,1,,False
16,B,contrast_low,T013-S2,False,1,,False
16,B,contrast_low,T013-S3,False,1,,False
16,B,gaussian_noise,T013-S0,False,1,,False
16,B,gaussian_noise,T013-S1,True,4,1.0,True
16,B,gaussian_noise,T013-S2,True,1,1.0,True
16,B,gaussian_noise,T013-S3,True,1,1.0,True
16,B,gaussian_blur,T013-S0,False,1,,False
16,B,gaussian_blur,T013-S1,False,1,,False
16,B,gaussian_blur,T013-S2,False,1,,False
16,B,gaussian_blur,T013-S3,False,1,,False
17,A,clean,T013-S0,False,1,,False
17,A,clean,T013-S1,False,1,,False
17,A,clean,T013-S2,True,1,1.0,True
17,A,clean,T013-S3,False,1,,False
17,A,brightness_dark,T013-S0,False,1,,False
17,A,brightness_dark,T013-S1,False,1,,False
17,A,brightness_dark,T013-S2,False,1,,False
17,A,brightness_dark,T013-S3,False,1,,False
17,A,contrast_low,T013-S0,False,1,,False
17,A,contrast_low,T013-S1,False,1,,False
17,A,contrast_low,T013-S2,False,1,,False
17,A,contrast_low,T013-S3,False,1,,False
17,A,gaussian_noise,T013-S0,True,1,1.0,True
17,A,gaussian_noise,T013-S1,True,1,1.0,True
17,A,gaussian_noise,T013-S2,True,1,1.0,True
17,A,gaussian_noise,T013-S3,True,1,1.0,True
17,A,gaussian_blur,T013-S0,False,1,,False
17,A,gaussian_blur,T013-S1,False,1,,False
17,A,gaussian_blur,T013-S2,False,1,,False
17,A,gaussian_blur,T013-S3,False,1,,False
17,B,clean,T013-S0,True,1,1.0,True
17,B,clean,T013-S1,True,1,1.0,True
17,B,clean,T013-S2,True,1,1.0,True
17,B,clean,T013-S3,True,1,1.0,True
17,B,brightness_dark,T013-S0,False,1,,False
17,B,brightness_dark,T013-S1,False,1,,False
17,B,brightness_dark,T013-S2,False,1,,False
17,B,brightness_dark,T013-S3,False,1,,False
17,B,contrast_low,T013-S0,False,1,,False
17,B,contrast_low,T013-S1,False,1,,False
17,B,contrast_low,T013-S2,False,1,,False
17,B,contrast_low,T013-S3,False,1,,False
17,B,gaussian_noise,T013-S0,True,1,1.0,True
17,B,gaussian_noise,T013-S1,True,1,1.0,True
17,B,gaussian_noise,T013-S2,True,1,1.0,True
17,B,gaussian_noise,T013-S3,True,1,1.0,True
17,B,gaussian_blur,T013-S0,False,1,,False
17,B,gaussian_blur,T013-S1,False,1,,False
17,B,gaussian_blur,T013-S2,False,1,,False
17,B,gaussian_blur,T013-S3,False,1,,False
18,A,clean,T013-S0,False,0,,False
18,A,clean,T013-S1,False,0,,False
18,A,clean,T013-S2,False,0,,False
18,A,clean,T013-S3,False,0,,False
18,A,brightness_dark,T013-S0,False,0,,False
18,A,brightness_dark,T013-S1,False,0,,False
18,A,brightness_dark,T013-S2,False,0,,False
18,A,brightness_dark,T013-S3,False,0,,False
18,A,contrast_low,T013-S0,True,0,1.0,True
18,A,contrast_low,T013-S1,True,0,0.5410997838255142,True
18,A,contrast_low,T013-S2,True,0,1.0,True
18,A,contrast_low,T013-S3,True,0,0.5406564355271531,True
18,A,gaussian_noise,T013-S0,False,0,,False
18,A,gaussian_noise,T013-S1,False,0,,False
18,A,gaussian_noise,T013-S2,False,0,,False
18,A,gaussian_noise,T013-S3,False,0,,False
18,A,gaussian_blur,T013-S0,False,0,,False
18,A,gaussian_blur,T013-S1,False,0,,False
18,A,gaussian_blur,T013-S2,False,0,,False
18,A,gaussian_blur,T013-S3,False,0,,False
18,B,clean,T013-S0,False,0,,False
18,B,clean,T013-S1,False,0,,False
18,B,clean,T013-S2,False,0,,False
18,B,clean,T013-S3,False,0,,False
18,B,brightness_dark,T013-S0,False,0,,False
18,B,brightness_dark,T013-S1,False,0,,False
18,B,brightness_dark,T013-S2,False,0,,False
18,B,brightness_dark,T013-S3,False,0,,False
18,B,contrast_low,T013-S0,True,3,0.0,False
18,B,contrast_low,T013-S1,True,3,0.0,False
18,B,contrast_low,T013-S2,True,3,0.0,False
18,B,contrast_low,T013-S3,True,0,0.17542057389160312,False
18,B,gaussian_noise,T013-S0,False,0,,False
18,B,gaussian_noise,T013-S1,False,0,,False
18,B,gaussian_noise,T013-S2,False,0,,False
18,B,gaussian_noise,T013-S3,False,0,,False
18,B,gaussian_blur,T013-S0,False,0,,False
18,B,gaussian_blur,T013-S1,False,0,,False
18,B,gaussian_blur,T013-S2,False,0,,False
18,B,gaussian_blur,T013-S3,False,0,,False
19,A,clean,T013-S0,False,0,,False
19,A,clean,T013-S1,False,0,,False
19,A,clean,T013-S2,False,0,,False
19,A,clean,T013-S3,False,0,,False
19,A,brightness_dark,T013-S0,False,0,,False
19,A,brightness_dark,T013-S1,False,0,,False
19,A,brightness_dark,T013-S2,False,0,,False
19,A,brightness_dark,T013-S3,False,0,,False
19,A,contrast_low,T013-S0,False,0,,False
19,A,contrast_low,T013-S1,False,0,,False
19,A,contrast_low,T013-S2,False,0,,False
19,A,contrast_low,T013-S3,False,0,,False
19,A,gaussian_noise,T013-S0,False,0,,False
19,A,gaussian_noise,T013-S1,False,0,,False
19,A,gaussian_noise,T013-S2,False,0,,False
19,A,gaussian_noise,T013-S3,False,0,,False
19,A,gaussian_blur,T013-S0,False,0,,False
19,A,gaussian_blur,T013-S1,False,0,,False
19,A,gaussian_blur,T013-S2,False,0,,False
19,A,gaussian_blur,T013-S3,False,0,,False
19,B,clean,T013-S0,False,0,,False
19,B,clean,T013-S1,False,0,,False
19,B,clean,T013-S2,False,0,,False
19,B,clean,T013-S3,False,0,,False
19,B,brightness_dark,T013-S0,False,0,,False
19,B,brightness_dark,T013-S1,False,0,,False
19,B,brightness_dark,T013-S2,False,0,,False
19,B,brightness_dark,T013-S3,False,0,,False
19,B,contrast_low,T013-S0,False,0,,False
19,B,contrast_low,T013-S1,False,0,,False
19,B,contrast_low,T013-S2,False,0,,False
19,B,contrast_low,T013-S3,False,0,,False
19,B,gaussian_noise,T013-S0,False,0,,False
19,B,gaussian_noise,T013-S1,False,0,,False
19,B,gaussian_noise,T013-S2,False,0,,False
19,B,gaussian_noise,T013-S3,False,0,,False
19,B,gaussian_blur,T013-S0,False,0,,False
19,B,gaussian_blur,T013-S1,False,0,,False
19,B,gaussian_blur,T013-S2,False,0,,False
19,B,gaussian_blur,T013-S3,False,0,,False
20,A,clean,T013-S0,False,6,,False
20,A,clean,T013-S1,False,6,,False
20,A,clean,T013-S2,False,6,,False
20,A,clean,T013-S3,False,6,,False
20,A,brightness_dark,T013-S0,False,6,,False
20,A,brightness_dark,T013-S1,False,6,,False
20,A,brightness_dark,T013-S2,False,6,,False
20,A,brightness_dark,T013-S3,False,6,,False
20,A,contrast_low,T013-S0,False,6,,False
20,A,contrast_low,T013-S1,False,6,,False
20,A,contrast_low,T013-S2,False,6,,False
20,A,contrast_low,T013-S3,False,6,,False
20,A,gaussian_noise,T013-S0,False,6,,False
20,A,gaussian_noise,T013-S1,False,6,,False
20,A,gaussian_noise,T013-S2,False,6,,False
20,A,gaussian_noise,T013-S3,False,6,,False
20,A,gaussian_blur,T013-S0,False,6,,False
20,A,gaussian_blur,T013-S1,False,6,,False
20,A,gaussian_blur,T013-S2,False,6,,False
20,A,gaussian_blur,T013-S3,False,6,,False
20,B,clean,T013-S0,False,6,,False
20,B,clean,T013-S1,False,6,,False
20,B,clean,T013-S2,False,6,,False
20,B,clean,T013-S3,False,6,,False
20,B,brightness_dark,T013-S0,False,6,,False
20,B,brightness_dark,T013-S1,False,6,,False
20,B,brightness_dark,T013-S2,False,6,,False
20,B,brightness_dark,T013-S3,False,6,,False
20,B,contrast_low,T013-S0,False,6,,False
20,B,contrast_low,T013-S1,False,6,,False
20,B,contrast_low,T013-S2,False,6,,False
20,B,contrast_low,T013-S3,False,6,,False
20,B,gaussian_noise,T013-S0,False,6,,False
20,B,gaussian_noise,T013-S1,False,6,,False
20,B,gaussian_noise,T013-S2,False,6,,False
20,B,gaussian_noise,T013-S3,False,6,,False
20,B,gaussian_blur,T013-S0,False,6,,False
20,B,gaussian_blur,T013-S1,False,6,,False
20,B,gaussian_blur,T013-S2,False,6,,False
20,B,gaussian_blur,T013-S3,False,6,,False
21,A,clean,T013-S0,False,4,,False
21,A,clean,T013-S1,False,4,,False
21,A,clean,T013-S2,True,4,1.0,True
21,A,clean,T013-S3,False,4,,False
21,A,brightness_dark,T013-S0,True,4,1.0,True
21,A,brightness_dark,T013-S1,True,4,1.0,True
21,A,brightness_dark,T013-S2,True,4,1.0,True
21,A,brightness_dark,T013-S3,True,4,1.0,True
21,A,contrast_low,T013-S0,True,4,1.0,True
21,A,contrast_low,T013-S1,True,4,1.0,True
21,A,contrast_low,T013-S2,True,4,1.0,True
21,A,contrast_low,T013-S3,True,4,1.0,True
21,A,gaussian_noise,T013-S0,False,4,,False
21,A,gaussian_noise,T013-S1,False,4,,False
21,A,gaussian_noise,T013-S2,False,4,,False
21,A,gaussian_noise,T013-S3,False,4,,False
21,A,gaussian_blur,T013-S0,True,4,1.0,True
21,A,gaussian_blur,T013-S1,True,4,1.0,True
21,A,gaussian_blur,T013-S2,True,4,1.0,True
21,A,gaussian_blur,T013-S3,True,4,1.0,True
21,B,clean,T013-S0,True,4,1.0,True
21,B,clean,T013-S1,True,4,1.0,True
21,B,clean,T013-S2,True,4,1.0,True
21,B,clean,T013-S3,True,4,1.0,True
21,B,brightness_dark,T013-S0,True,4,1.0,True
21,B,brightness_dark,T013-S1,True,4,1.0,True
21,B,brightness_dark,T013-S2,True,4,1.0,True
21,B,brightness_dark,T013-S3,True,4,1.0,True
21,B,contrast_low,T013-S0,True,4,1.0,True
21,B,contrast_low,T013-S1,True,4,1.0,True
21,B,contrast_low,T013-S2,True,4,1.0,True
21,B,contrast_low,T013-S3,True,4,1.0,True
21,B,gaussian_noise,T013-S0,False,4,,False
21,B,gaussian_noise,T013-S1,False,4,,False
21,B,gaussian_noise,T013-S2,False,4,,False
21,B,gaussian_noise,T013-S3,False,4,,False
21,B,gaussian_blur,T013-S0,True,4,1.0,True
21,B,gaussian_blur,T013-S1,True,4,1.0,True
21,B,gaussian_blur,T013-S2,True,4,1.0,True
21,B,gaussian_blur,T013-S3,True,4,1.0,True
22,A,clean,T013-S0,True,1,0.0,False
22,A,clean,T013-S1,True,1,0.0,False
22,A,clean,T013-S2,True,1,0.0,False
22,A,clean,T013-S3,True,1,0.0,False
22,A,brightness_dark,T013-S0,False,1,,False
22,A,brightness_dark,T013-S1,False,1,,False
22,A,brightness_dark,T013-S2,False,1,,False
22,A,brightness_dark,T013-S3,False,1,,False
22,A,contrast_low,T013-S0,True,2,1.0,True
22,A,contrast_low,T013-S1,True,2,1.0,True
22,A,contrast_low,T013-S2,True,2,1.0,True
22,A,contrast_low,T013-S3,True,2,1.0,True
22,A,gaussian_noise,T013-S0,False,1,,False
22,A,gaussian_noise,T013-S1,False,1,,False
22,A,gaussian_noise,T013-S2,False,1,,False
22,A,gaussian_noise,T013-S3,False,1,,False
22,A,gaussian_blur,T013-S0,True,1,1.0,True
22,A,gaussian_blur,T013-S1,True,1,1.0,True
22,A,gaussian_blur,T013-S2,True,1,1.0,True
22,A,gaussian_blur,T013-S3,True,1,0.6814924954075979,True
22,B,clean,T013-S0,True,1,0.0,False
22,B,clean,T013-S1,True,1,0.0,False
22,B,clean,T013-S2,True,1,0.0,False
22,B,clean,T013-S3,True,1,0.0,False
22,B,brightness_dark,T013-S0,False,1,,False
22,B,brightness_dark,T013-S1,False,1,,False
22,B,brightness_dark,T013-S2,False,1,,False
22,B,brightness_dark,T013-S3,False,1,,False
22,B,contrast_low,T013-S0,False,1,,False
22,B,contrast_low,T013-S1,True,2,1.0,True
22,B,contrast_low,T013-S2,False,1,,False
22,B,contrast_low,T013-S3,False,1,,False
22,B,gaussian_noise,T013-S0,False,1,,False
22,B,gaussian_noise,T013-S1,False,1,,False
22,B,gaussian_noise,T013-S2,False,1,,False
22,B,gaussian_noise,T013-S3,False,1,,False
22,B,gaussian_blur,T013-S0,True,2,0.8498808130720754,True
22,B,gaussian_blur,T013-S1,True,1,1.0,True
22,B,gaussian_blur,T013-S2,True,1,1.0,True
22,B,gaussian_blur,T013-S3,True,2,0.723013039554751,True
23,A,clean,T013-S0,True,5,1.0,True
23,A,clean,T013-S1,True,5,1.0,True
23,A,clean,T013-S2,True,5,1.0,True
23,A,clean,T013-S3,True,5,1.0,True
23,A,brightness_dark,T013-S0,False,0,,False
23,A,brightness_dark,T013-S1,False,0,,False
23,A,brightness_dark,T013-S2,False,0,,False
23,A,brightness_dark,T013-S3,False,0,,False
23,A,contrast_low,T013-S0,False,2,,False
23,A,contrast_low,T013-S1,False,2,,False
23,A,contrast_low,T013-S2,False,2,,False
23,A,contrast_low,T013-S3,False,2,,False
23,A,gaussian_noise,T013-S0,True,5,1.0,True
23,A,gaussian_noise,T013-S1,True,5,1.0,True
23,A,gaussian_noise,T013-S2,True,5,1.0,True
23,A,gaussian_noise,T013-S3,True,5,1.0,True
23,A,gaussian_blur,T013-S0,True,5,0.6449437586501803,True
23,A,gaussian_blur,T013-S1,True,5,0.8389485323296337,True
23,A,gaussian_blur,T013-S2,True,5,0.5315180314555038,True
23,A,gaussian_blur,T013-S3,True,5,0.64457447525142,True
23,B,clean,T013-S0,True,5,1.0,True
23,B,clean,T013-S1,True,5,1.0,True
23,B,clean,T013-S2,True,5,1.0,True
23,B,clean,T013-S3,True,5,1.0,True
23,B,brightness_dark,T013-S0,False,0,,False
23,B,brightness_dark,T013-S1,False,0,,False
23,B,brightness_dark,T013-S2,False,0,,False
23,B,brightness_dark,T013-S3,False,0,,False
23,B,contrast_low,T013-S0,False,2,,False
23,B,contrast_low,T013-S1,False,2,,False
23,B,contrast_low,T013-S2,False,2,,False
23,B,contrast_low,T013-S3,False,2,,False
23,B,gaussian_noise,T013-S0,True,5,1.0,True
23,B,gaussian_noise,T013-S1,True,5,1.0,True
23,B,gaussian_noise,T013-S2,True,5,1.0,True
23,B,gaussian_noise,T013-S3,True,5,1.0,True
23,B,gaussian_blur,T013-S0,True,5,1.0,True
23,B,gaussian_blur,T013-S1,True,5,0.8626201114726286,True
23,B,gaussian_blur,T013-S2,True,5,1.0,True
23,B,gaussian_blur,T013-S3,True,5,1.0,True
24,A,clean,T013-S0,True,9,0.2573897081465583,False
24,A,clean,T013-S1,True,9,0.6598142740194802,True
24,A,clean,T013-S2,True,9,0.2572188882623645,False
24,A,clean,T013-S3,True,9,0.6701212164847419,True
24,A,brightness_dark,T013-S0,True,9,1.0,True
24,A,brightness_dark,T013-S1,True,9,1.0,True
24,A,brightness_dark,T013-S2,True,9,1.0,True
24,A,brightness_dark,T013-S3,True,9,1.0,True
24,A,contrast_low,T013-S0,True,3,0.0,False
24,A,contrast_low,T013-S1,True,3,0.0,False
24,A,contrast_low,T013-S2,True,3,0.0,False
24,A,contrast_low,T013-S3,True,3,0.0,False
24,A,gaussian_noise,T013-S0,True,9,0.4057525129696081,False
24,A,gaussian_noise,T013-S1,True,9,0.7035591866718478,True
24,A,gaussian_noise,T013-S2,True,9,0.38691182423842974,False
24,A,gaussian_noise,T013-S3,True,9,0.7132037276191789,True
24,A,gaussian_blur,T013-S0,True,3,0.0,False
24,A,gaussian_blur,T013-S1,True,3,0.0,False
24,A,gaussian_blur,T013-S2,True,3,0.0,False
24,A,gaussian_blur,T013-S3,True,3,0.0,False
24,B,clean,T013-S0,True,9,0.32222261017359544,False
24,B,clean,T013-S1,True,9,0.703758699021533,True
24,B,clean,T013-S2,True,9,0.3213475489315973,False
24,B,clean,T013-S3,True,9,0.7166861873742244,True
24,B,brightness_dark,T013-S0,True,9,1.0,True
24,B,brightness_dark,T013-S1,True,9,1.0,True
24,B,brightness_dark,T013-S2,True,9,1.0,True
24,B,brightness_dark,T013-S3,True,9,1.0,True
24,B,contrast_low,T013-S0,True,3,0.0,False
24,B,contrast_low,T013-S1,True,3,0.0,False
24,B,contrast_low,T013-S2,True,3,0.0,False
24,B,contrast_low,T013-S3,True,3,0.0,False
24,B,gaussian_noise,T013-S0,True,9,0.6648176193051779,True
24,B,gaussian_noise,T013-S1,True,9,0.6522893618005918,True
24,B,gaussian_noise,T013-S2,True,9,0.6248178850843324,True
24,B,gaussian_noise,T013-S3,True,9,0.6463433022615227,True
24,B,gaussian_blur,T013-S0,True,3,0.0,False
24,B,gaussian_blur,T013-S1,True,3,0.0,False
24,B,gaussian_blur,T013-S2,True,3,0.0,False
24,B,gaussian_blur,T013-S3,True,3,0.0,False
25,A,clean,T013-S0,True,0,0.0,False
25,A,clean,T013-S1,False,0,,False
25,A,clean,T013-S2,True,0,1.0,True
25,A,clean,T013-S3,True,0,0.8944830114612995,True
25,A,brightness_dark,T013-S0,False,0,,False
25,A,brightness_dark,T013-S1,False,0,,False
25,A,brightness_dark,T013-S2,False,0,,False
25,A,brightness_dark,T013-S3,False,0,,False
25,A,contrast_low,T013-S0,False,0,,False
25,A,contrast_low,T013-S1,False,0,,False
25,A,contrast_low,T013-S2,False,0,,False
25,A,contrast_low,T013-S3,False,0,,False
25,A,gaussian_noise,T013-S0,True,0,0.0,False
25,A,gaussian_noise,T013-S1,True,0,0.0,False
25,A,gaussian_noise,T013-S2,True,0,0.0,False
25,A,gaussian_noise,T013-S3,True,0,0.0,False
25,A,gaussian_blur,T013-S0,True,0,1.0,True
25,A,gaussian_blur,T013-S1,True,0,1.0,True
25,A,gaussian_blur,T013-S2,True,0,1.0,True
25,A,gaussian_blur,T013-S3,True,0,1.0,True
25,B,clean,T013-S0,True,0,0.8171831901821744,True
25,B,clean,T013-S1,True,0,0.941321368710876,True
25,B,clean,T013-S2,True,0,0.9465591614579031,True
25,B,clean,T013-S3,True,0,0.7737985276454786,True
25,B,brightness_dark,T013-S0,False,0,,False
25,B,brightness_dark,T013-S1,False,0,,False
25,B,brightness_dark,T013-S2,False,0,,False
25,B,brightness_dark,T013-S3,False,0,,False
25,B,contrast_low,T013-S0,False,0,,False
25,B,contrast_low,T013-S1,False,0,,False
25,B,contrast_low,T013-S2,False,0,,False
25,B,contrast_low,T013-S3,False,0,,False
25,B,gaussian_noise,T013-S0,True,0,0.30986737331756004,False
25,B,gaussian_noise,T013-S1,True,0,0.3029615683895743,False
25,B,gaussian_noise,T013-S2,True,0,0.4085424511447654,False
25,B,gaussian_noise,T013-S3,True,0,0.6759854745983129,True
25,B,gaussian_blur,T013-S0,True,0,1.0,True
25,B,gaussian_blur,T013-S1,True,0,0.0,False
25,B,gaussian_blur,T013-S2,True,0,1.0,True
25,B,gaussian_blur,T013-S3,True,0,1.0,True
26,A,clean,T013-S0,False,5,,False
26,A,clean,T013-S1,False,5,,False
26,A,clean,T013-S2,False,5,,False
26,A,clean,T013-S3,False,5,,False
26,A,brightness_dark,T013-S0,False,5,,False
26,A,brightness_dark,T013-S1,False,5,,False
26,A,brightness_dark,T013-S2,False,5,,False
26,A,brightness_dark,T013-S3,False,5,,False
26,A,contrast_low,T013-S0,False,5,,False
26,A,contrast_low,T013-S1,False,5,,False
26,A,contrast_low,T013-S2,False,5,,False
26,A,contrast_low,T013-S3,False,5,,False
26,A,gaussian_noise,T013-S0,False,5,,False
26,A,gaussian_noise,T013-S1,False,5,,False
26,A,gaussian_noise,T013-S2,False,5,,False
26,A,gaussian_noise,T013-S3,False,5,,False
26,A,gaussian_blur,T013-S0,True,6,1.0,True
26,A,gaussian_blur,T013-S1,True,6,1.0,True
26,A,gaussian_blur,T013-S2,True,6,1.0,True
26,A,gaussian_blur,T013-S3,True,6,1.0,True
26,B,clean,T013-S0,False,5,,False
26,B,clean,T013-S1,False,5,,False
26,B,clean,T013-S2,False,5,,False
26,B,clean,T013-S3,False,5,,False
26,B,brightness_dark,T013-S0,False,5,,False
26,B,brightness_dark,T013-S1,False,5,,False
26,B,brightness_dark,T013-S2,False,5,,False
26,B,brightness_dark,T013-S3,False,5,,False
26,B,contrast_low,T013-S0,False,5,,False
26,B,contrast_low,T013-S1,False,5,,False
26,B,contrast_low,T013-S2,False,5,,False
26,B,contrast_low,T013-S3,False,5,,False
26,B,gaussian_noise,T013-S0,False,5,,False
26,B,gaussian_noise,T013-S1,False,5,,False
26,B,gaussian_noise,T013-S2,False,5,,False
26,B,gaussian_noise,T013-S3,False,5,,False
26,B,gaussian_blur,T013-S0,True,6,1.0,True
26,B,gaussian_blur,T013-S1,True,6,1.0,True
26,B,gaussian_blur,T013-S2,True,6,1.0,True
26,B,gaussian_blur,T013-S3,True,6,1.0,True
27,A,clean,T013-S0,True,1,1.0,True
27,A,clean,T013-S1,True,1,1.0,True
27,A,clean,T013-S2,True,1,1.0,True
27,A,clean,T013-S3,True,1,1.0,True
27,A,brightness_dark,T013-S0,True,1,1.0,True
27,A,brightness_dark,T013-S1,True,1,1.0,True
27,A,brightness_dark,T013-S2,True,1,1.0,True
27,A,brightness_dark,T013-S3,True,1,1.0,True
27,A,contrast_low,T013-S0,False,1,,False
27,A,contrast_low,T013-S1,False,1,,False
27,A,contrast_low,T013-S2,False,1,,False
27,A,contrast_low,T013-S3,False,1,,False
27,A,gaussian_noise,T013-S0,True,1,1.0,True
27,A,gaussian_noise,T013-S1,True,1,1.0,True
27,A,gaussian_noise,T013-S2,True,1,1.0,True
27,A,gaussian_noise,T013-S3,True,1,1.0,True
27,A,gaussian_blur,T013-S0,False,1,,False
27,A,gaussian_blur,T013-S1,False,1,,False
27,A,gaussian_blur,T013-S2,False,1,,False
27,A,gaussian_blur,T013-S3,False,1,,False
27,B,clean,T013-S0,True,1,1.0,True
27,B,clean,T013-S1,True,1,1.0,True
27,B,clean,T013-S2,True,1,1.0,True
27,B,clean,T013-S3,True,1,1.0,True
27,B,brightness_dark,T013-S0,True,1,1.0,True
27,B,brightness_dark,T013-S1,True,1,1.0,True
27,B,brightness_dark,T013-S2,True,1,1.0,True
27,B,brightness_dark,T013-S3,True,1,1.0,True
27,B,contrast_low,T013-S0,False,1,,False
27,B,contrast_low,T013-S1,False,1,,False
27,B,contrast_low,T013-S2,False,1,,False
27,B,contrast_low,T013-S3,False,1,,False
27,B,gaussian_noise,T013-S0,True,1,1.0,True
27,B,gaussian_noise,T013-S1,True,1,1.0,True
27,B,gaussian_noise,T013-S2,True,1,1.0,True
27,B,gaussian_noise,T013-S3,True,1,1.0,True
27,B,gaussian_blur,T013-S0,False,1,,False
27,B,gaussian_blur,T013-S1,False,1,,False
27,B,gaussian_blur,T013-S2,False,1,,False
27,B,gaussian_blur,T013-S3,False,1,,False
28,A,clean,T013-S0,True,3,0.5986663766248339,True
28,A,clean,T013-S1,True,3,1.0,True
28,A,clean,T013-S2,True,3,1.0,True
28,A,clean,T013-S3,True,3,0.9006614420709156,True
28,A,brightness_dark,T013-S0,False,0,,False
28,A,brightness_dark,T013-S1,False,0,,False
28,A,brightness_dark,T013-S2,False,0,,False
28,A,brightness_dark,T013-S3,False,0,,False
28,A,contrast_low,T013-S0,True,0,1.0,True
28,A,contrast_low,T013-S1,True,0,1.0,True
28,A,contrast_low,T013-S2,True,0,1.0,True
28,A,contrast_low,T013-S3,True,0,1.0,True
28,A,gaussian_noise,T013-S0,True,0,0.9275104073288755,True
28,A,gaussian_noise,T013-S1,False,0,,False
28,A,gaussian_noise,T013-S2,True,0,0.8462991952848012,True
28,A,gaussian_noise,T013-S3,False,0,,False
28,A,gaussian_blur,T013-S0,True,2,0.0,False
28,A,gaussian_blur,T013-S1,True,2,0.0,False
28,A,gaussian_blur,T013-S2,True,3,0.8363808507026533,True
28,A,gaussian_blur,T013-S3,True,3,0.709199063390423,True
28,B,clean,T013-S0,True,3,0.9006914417176918,True
28,B,clean,T013-S1,True,3,0.9548155236237502,True
28,B,clean,T013-S2,True,3,0.7442419675232631,True
28,B,clean,T013-S3,True,3,0.8945790161623353,True
28,B,brightness_dark,T013-S0,True,3,1.0,True
28,B,brightness_dark,T013-S1,True,3,0.9239613038197984,True
28,B,brightness_dark,T013-S2,True,3,1.0,True
28,B,brightness_dark,T013-S3,True,3,1.0,True
28,B,contrast_low,T013-S0,False,0,,False
28,B,contrast_low,T013-S1,False,0,,False
28,B,contrast_low,T013-S2,True,0,0.0,False
28,B,contrast_low,T013-S3,False,0,,False
28,B,gaussian_noise,T013-S0,False,0,,False
28,B,gaussian_noise,T013-S1,False,0,,False
28,B,gaussian_noise,T013-S2,False,0,,False
28,B,gaussian_noise,T013-S3,False,0,,False
28,B,gaussian_blur,T013-S0,True,2,0.0,False
28,B,gaussian_blur,T013-S1,True,2,0.0,False
28,B,gaussian_blur,T013-S2,True,3,0.8815745350782747,True
28,B,gaussian_blur,T013-S3,True,0,0.0,False
29,A,clean,T013-S0,False,1,,False
29,A,clean,T013-S1,False,1,,False
29,A,clean,T013-S2,False,1,,False
29,A,clean,T013-S3,False,1,,False
29,A,brightness_dark,T013-S0,False,1,,False
29,A,brightness_dark,T013-S1,False,1,,False
29,A,brightness_dark,T013-S2,False,1,,False
29,A,brightness_dark,T013-S3,False,1,,False
29,A,contrast_low,T013-S0,False,1,,False
29,A,contrast_low,T013-S1,False,1,,False
29,A,contrast_low,T013-S2,False,1,,False
29,A,contrast_low,T013-S3,False,1,,False
29,A,gaussian_noise,T013-S0,False,1,,False
29,A,gaussian_noise,T013-S1,False,1,,False
29,A,gaussian_noise,T013-S2,False,1,,False
29,A,gaussian_noise,T013-S3,False,1,,False
29,A,gaussian_blur,T013-S0,False,1,,False
29,A,gaussian_blur,T013-S1,False,1,,False
29,A,gaussian_blur,T013-S2,False,1,,False
29,A,gaussian_blur,T013-S3,False,1,,False
29,B,clean,T013-S0,False,1,,False
29,B,clean,T013-S1,False,1,,False
29,B,clean,T013-S2,False,1,,False
29,B,clean,T013-S3,False,1,,False
29,B,brightness_dark,T013-S0,False,1,,False
29,B,brightness_dark,T013-S1,False,1,,False
29,B,brightness_dark,T013-S2,False,1,,False
29,B,brightness_dark,T013-S3,False,1,,False
29,B,contrast_low,T013-S0,False,1,,False
29,B,contrast_low,T013-S1,False,1,,False
29,B,contrast_low,T013-S2,False,1,,False
29,B,contrast_low,T013-S3,False,1,,False
29,B,gaussian_noise,T013-S0,False,1,,False
29,B,gaussian_noise,T013-S1,False,1,,False
29,B,gaussian_noise,T013-S2,False,1,,False
29,B,gaussian_noise,T013-S3,False,1,,False
29,B,gaussian_blur,T013-S0,False,1,,False
29,B,gaussian_blur,T013-S1,False,1,,False
29,B,gaussian_blur,T013-S2,False,1,,False
29,B,gaussian_blur,T013-S3,False,1,,False
30,A,clean,T013-S0,True,2,0.6787573444716769,True
30,A,clean,T013-S1,True,2,0.7362798314364943,True
30,A,clean,T013-S2,True,2,0.7385347003864171,True
30,A,clean,T013-S3,True,2,0.762678289791139,True
30,A,brightness_dark,T013-S0,True,2,0.0,False
30,A,brightness_dark,T013-S1,True,2,0.0,False
30,A,brightness_dark,T013-S2,True,2,0.0,False
30,A,brightness_dark,T013-S3,True,2,0.0,False
30,A,contrast_low,T013-S0,True,2,1.0,True
30,A,contrast_low,T013-S1,True,2,1.0,True
30,A,contrast_low,T013-S2,True,2,0.9009176897280131,True
30,A,contrast_low,T013-S3,True,2,1.0,True
30,A,gaussian_noise,T013-S0,True,2,0.5397830142547342,True
30,A,gaussian_noise,T013-S1,True,2,0.509241715550559,True
30,A,gaussian_noise,T013-S2,True,2,0.518209441458432,True
30,A,gaussian_noise,T013-S3,True,2,1.0,True
30,A,gaussian_blur,T013-S0,True,2,0.6692836028793426,True
30,A,gaussian_blur,T013-S1,True,2,0.669390481252922,True
30,A,gaussian_blur,T013-S2,True,2,0.6706280921533369,True
30,A,gaussian_blur,T013-S3,True,2,0.6710193724879442,True
30,B,clean,T013-S0,True,2,1.0,True
30,B,clean,T013-S1,True,2,1.0,True
30,B,clean,T013-S2,True,2,1.0,True
30,B,clean,T013-S3,True,2,1.0,True
30,B,brightness_dark,T013-S0,True,2,0.0,False
30,B,brightness_dark,T013-S1,True,2,0.0,False
30,B,brightness_dark,T013-S2,True,2,0.0,False
30,B,brightness_dark,T013-S3,True,2,0.0,False
30,B,contrast_low,T013-S0,True,2,0.7284960712751282,True
30,B,contrast_low,T013-S1,True,2,0.8429785677618001,True
30,B,contrast_low,T013-S2,True,2,0.7585140932506899,True
30,B,contrast_low,T013-S3,True,2,0.8685067376642029,True
30,B,gaussian_noise,T013-S0,True,2,1.0,True
30,B,gaussian_noise,T013-S1,True,2,1.0,True
30,B,gaussian_noise,T013-S2,True,2,0.5163145480520788,True
30,B,gaussian_noise,T013-S3,True,2,1.0,True
30,B,gaussian_blur,T013-S0,True,2,0.4856838866482107,False
30,B,gaussian_blur,T013-S1,True,2,0.48602737161122866,False
30,B,gaussian_blur,T013-S2,True,2,0.48720102158377243,False
30,B,gaussian_blur,T013-S3,True,2,0.4872510611217514,False
31,A,clean,T013-S0,False,8,,False
31,A,clean,T013-S1,False,8,,False
31,A,clean,T013-S2,False,8,,False
31,A,clean,T013-S3,False,8,,False
31,A,brightness_dark,T013-S0,False,8,,False
31,A,brightness_dark,T013-S1,False,8,,False
31,A,brightness_dark,T013-S2,False,8,,False
31,A,brightness_dark,T013-S3,False,8,,False
31,A,contrast_low,T013-S0,False,8,,False
31,A,contrast_low,T013-S1,False,8,,False
31,A,contrast_low,T013-S2,False,8,,False
31,A,contrast_low,T013-S3,False,8,,False
31,A,gaussian_noise,T013-S0,False,8,,False
31,A,gaussian_noise,T013-S1,False,8,,False
31,A,gaussian_noise,T013-S2,False,8,,False
31,A,gaussian_noise,T013-S3,False,8,,False
31,A,gaussian_blur,T013-S0,False,8,,False
31,A,gaussian_blur,T013-S1,False,8,,False
31,A,gaussian_blur,T013-S2,False,8,,False
31,A,gaussian_blur,T013-S3,False,8,,False
31,B,clean,T013-S0,False,8,,False
31,B,clean,T013-S1,False,8,,False
31,B,clean,T013-S2,False,8,,False
31,B,clean,T013-S3,False,8,,False
31,B,brightness_dark,T013-S0,False,8,,False
31,B,brightness_dark,T013-S1,False,8,,False
31,B,brightness_dark,T013-S2,False,8,,False
31,B,brightness_dark,T013-S3,False,8,,False
31,B,contrast_low,T013-S0,False,8,,False
31,B,contrast_low,T013-S1,False,8,,False
31,B,contrast_low,T013-S2,False,8,,False
31,B,contrast_low,T013-S3,False,8,,False
31,B,gaussian_noise,T013-S0,False,8,,False
31,B,gaussian_noise,T013-S1,False,8,,False
31,B,gaussian_noise,T013-S2,False,8,,False
31,B,gaussian_noise,T013-S3,False,8,,False
31,B,gaussian_blur,T013-S0,False,8,,False
31,B,gaussian_blur,T013-S1,False,8,,False
31,B,gaussian_blur,T013-S2,False,8,,False
31,B,gaussian_blur,T013-S3,False,8,,False
32,A,clean,T013-S0,False,0,,False
32,A,clean,T013-S1,False,0,,False
32,A,clean,T013-S2,False,0,,False
32,A,clean,T013-S3,False,0,,False
32,A,brightness_dark,T013-S0,False,0,,False
32,A,brightness_dark,T013-S1,False,0,,False
32,A,brightness_dark,T013-S2,False,0,,False
32,A,brightness_dark,T013-S3,False,0,,False
32,A,contrast_low,T013-S0,True,0,0.0,False
32,A,contrast_low,T013-S1,True,0,0.0,False
32,A,contrast_low,T013-S2,False,0,,False
32,A,contrast_low,T013-S3,True,0,0.0,False
32,A,gaussian_noise,T013-S0,False,0,,False
32,A,gaussian_noise,T013-S1,False,0,,False
32,A,gaussian_noise,T013-S2,False,0,,False
32,A,gaussian_noise,T013-S3,False,0,,False
32,A,gaussian_blur,T013-S0,False,0,,False
32,A,gaussian_blur,T013-S1,False,0,,False
32,A,gaussian_blur,T013-S2,False,0,,False
32,A,gaussian_blur,T013-S3,False,0,,False
32,B,clean,T013-S0,False,0,,False
32,B,clean,T013-S1,False,0,,False
32,B,clean,T013-S2,False,0,,False
32,B,clean,T013-S3,False,0,,False
32,B,brightness_dark,T013-S0,False,0,,False
32,B,brightness_dark,T013-S1,False,0,,False
32,B,brightness_dark,T013-S2,False,0,,False
32,B,brightness_dark,T013-S3,False,0,,False
32,B,contrast_low,T013-S0,False,0,,False
32,B,contrast_low,T013-S1,False,0,,False
32,B,contrast_low,T013-S2,False,0,,False
32,B,contrast_low,T013-S3,False,0,,False
32,B,gaussian_noise,T013-S0,False,0,,False
32,B,gaussian_noise,T013-S1,False,0,,False
32,B,gaussian_noise,T013-S2,False,0,,False
32,B,gaussian_noise,T013-S3,False,0,,False
32,B,gaussian_blur,T013-S0,False,0,,False
32,B,gaussian_blur,T013-S1,False,0,,False
32,B,gaussian_blur,T013-S2,False,0,,False
32,B,gaussian_blur,T013-S3,False,0,,False
33,A,clean,T013-S0,False,0,,False
33,A,clean,T013-S1,True,0,0.0,False
33,A,clean,T013-S2,True,0,0.0,False
33,A,clean,T013-S3,True,0,0.0,False
33,A,brightness_dark,T013-S0,True,3,1.0,True
33,A,brightness_dark,T013-S1,True,3,1.0,True
33,A,brightness_dark,T013-S2,True,3,1.0,True
33,A,brightness_dark,T013-S3,True,3,1.0,True
33,A,contrast_low,T013-S0,True,3,1.0,True
33,A,contrast_low,T013-S1,True,3,1.0,True
33,A,contrast_low,T013-S2,True,3,1.0,True
33,A,contrast_low,T013-S3,True,3,1.0,True
33,A,gaussian_noise,T013-S0,True,3,1.0,True
33,A,gaussian_noise,T013-S1,True,3,1.0,True
33,A,gaussian_noise,T013-S2,True,3,1.0,True
33,A,gaussian_noise,T013-S3,True,3,1.0,True
33,A,gaussian_blur,T013-S0,True,0,0.0,False
33,A,gaussian_blur,T013-S1,True,0,0.0,False
33,A,gaussian_blur,T013-S2,True,0,0.0,False
33,A,gaussian_blur,T013-S3,True,0,0.0,False
33,B,clean,T013-S0,True,0,0.0,False
33,B,clean,T013-S1,True,0,0.0,False
33,B,clean,T013-S2,True,0,0.0,False
33,B,clean,T013-S3,True,0,0.0,False
33,B,brightness_dark,T013-S0,True,0,0.0,False
33,B,brightness_dark,T013-S1,True,3,0.910889447856463,True
33,B,brightness_dark,T013-S2,True,0,0.0,False
33,B,brightness_dark,T013-S3,True,0,0.0,False
33,B,contrast_low,T013-S0,True,3,1.0,True
33,B,contrast_low,T013-S1,True,3,1.0,True
33,B,contrast_low,T013-S2,True,3,1.0,True
33,B,contrast_low,T013-S3,True,3,1.0,True
33,B,gaussian_noise,T013-S0,True,3,1.0,True
33,B,gaussian_noise,T013-S1,True,3,1.0,True
33,B,gaussian_noise,T013-S2,True,3,1.0,True
33,B,gaussian_noise,T013-S3,True,3,1.0,True
33,B,gaussian_blur,T013-S0,False,0,,False
33,B,gaussian_blur,T013-S1,True,0,0.0,False
33,B,gaussian_blur,T013-S2,True,0,0.0,False
33,B,gaussian_blur,T013-S3,True,0,0.0,False
34,A,clean,T013-S0,False,3,,False
34,A,clean,T013-S1,False,3,,False
34,A,clean,T013-S2,False,3,,False
34,A,clean,T013-S3,False,3,,False
34,A,brightness_dark,T013-S0,True,3,0.806566662992744,True
34,A,brightness_dark,T013-S1,True,3,0.8996795512641579,True
34,A,brightness_dark,T013-S2,True,3,1.0,True
34,A,brightness_dark,T013-S3,True,3,1.0,True
34,A,contrast_low,T013-S0,False,2,,False
34,A,contrast_low,T013-S1,False,2,,False
34,A,contrast_low,T013-S2,False,2,,False
34,A,contrast_low,T013-S3,False,2,,False
34,A,gaussian_noise,T013-S0,False,2,,False
34,A,gaussian_noise,T013-S1,False,2,,False
34,A,gaussian_noise,T013-S2,False,2,,False
34,A,gaussian_noise,T013-S3,False,2,,False
34,A,gaussian_blur,T013-S0,True,2,0.0,False
34,A,gaussian_blur,T013-S1,True,2,0.0,False
34,A,gaussian_blur,T013-S2,True,2,0.0,False
34,A,gaussian_blur,T013-S3,True,2,0.0,False
34,B,clean,T013-S0,False,3,,False
34,B,clean,T013-S1,False,3,,False
34,B,clean,T013-S2,False,3,,False
34,B,clean,T013-S3,False,3,,False
34,B,brightness_dark,T013-S0,False,2,,False
34,B,brightness_dark,T013-S1,False,2,,False
34,B,brightness_dark,T013-S2,False,2,,False
34,B,brightness_dark,T013-S3,False,2,,False
34,B,contrast_low,T013-S0,False,2,,False
34,B,contrast_low,T013-S1,False,2,,False
34,B,contrast_low,T013-S2,False,2,,False
34,B,contrast_low,T013-S3,False,2,,False
34,B,gaussian_noise,T013-S0,False,2,,False
34,B,gaussian_noise,T013-S1,False,2,,False
34,B,gaussian_noise,T013-S2,False,2,,False
34,B,gaussian_noise,T013-S3,False,2,,False
34,B,gaussian_blur,T013-S0,True,3,0.512207373726105,True
34,B,gaussian_blur,T013-S1,True,3,0.7839143587071771,True
34,B,gaussian_blur,T013-S2,True,3,0.29012329289250416,False
34,B,gaussian_blur,T013-S3,True,3,0.40694342140688344,False
35,A,clean,T013-S0,True,1,1.0,True
35,A,clean,T013-S1,True,1,0.7333022736307571,True
35,A,clean,T013-S2,True,1,0.882259511871125,True
35,A,clean,T013-S3,True,1,0.7782533686658935,True
35,A,brightness_dark,T013-S0,False,1,,False
35,A,brightness_dark,T013-S1,False,1,,False
35,A,brightness_dark,T013-S2,False,1,,False
35,A,brightness_dark,T013-S3,False,1,,False
35,A,contrast_low,T013-S0,False,1,,False
35,A,contrast_low,T013-S1,False,1,,False
35,A,contrast_low,T013-S2,False,1,,False
35,A,contrast_low,T013-S3,False,1,,False
35,A,gaussian_noise,T013-S0,True,1,0.0,False
35,A,gaussian_noise,T013-S1,False,1,,False
35,A,gaussian_noise,T013-S2,True,1,0.0,False
35,A,gaussian_noise,T013-S3,False,1,,False
35,A,gaussian_blur,T013-S0,True,1,0.0,False
35,A,gaussian_blur,T013-S1,True,1,0.0,False
35,A,gaussian_blur,T013-S2,True,1,0.0,False
35,A,gaussian_blur,T013-S3,True,1,0.0,False
35,B,clean,T013-S0,True,1,1.0,True
35,B,clean,T013-S1,True,1,1.0,True
35,B,clean,T013-S2,True,1,1.0,True
35,B,clean,T013-S3,True,1,1.0,True
35,B,brightness_dark,T013-S0,False,1,,False
35,B,brightness_dark,T013-S1,False,1,,False
35,B,brightness_dark,T013-S2,False,1,,False
35,B,brightness_dark,T013-S3,False,1,,False
35,B,contrast_low,T013-S0,False,1,,False
35,B,contrast_low,T013-S1,False,1,,False
35,B,contrast_low,T013-S2,False,1,,False
35,B,contrast_low,T013-S3,False,1,,False
35,B,gaussian_noise,T013-S0,True,1,0.0,False
35,B,gaussian_noise,T013-S1,False,1,,False
35,B,gaussian_noise,T013-S2,True,1,0.0,False
35,B,gaussian_noise,T013-S3,False,1,,False
35,B,gaussian_blur,T013-S0,True,1,1.0,True
35,B,gaussian_blur,T013-S1,True,1,0.6311848716330026,True
35,B,gaussian_blur,T013-S2,True,8,1.0,True
35,B,gaussian_blur,T013-S3,True,1,1.0,True
36,A,clean,T013-S0,True,7,1.0,True
36,A,clean,T013-S1,True,7,1.0,True
36,A,clean,T013-S2,True,7,1.0,True
36,A,clean,T013-S3,True,7,1.0,True
36,A,brightness_dark,T013-S0,False,0,,False
36,A,brightness_dark,T013-S1,False,0,,False
36,A,brightness_dark,T013-S2,False,0,,False
36,A,brightness_dark,T013-S3,False,0,,False
36,A,contrast_low,T013-S0,False,0,,False
36,A,contrast_low,T013-S1,False,0,,False
36,A,contrast_low,T013-S2,False,0,,False
36,A,contrast_low,T013-S3,False,0,,False
36,A,gaussian_noise,T013-S0,True,7,1.0,True
36,A,gaussian_noise,T013-S1,True,7,1.0,True
36,A,gaussian_noise,T013-S2,True,7,1.0,True
36,A,gaussian_noise,T013-S3,True,7,1.0,True
36,A,gaussian_blur,T013-S0,True,0,0.0,False
36,A,gaussian_blur,T013-S1,True,0,0.0,False
36,A,gaussian_blur,T013-S2,True,0,0.0,False
36,A,gaussian_blur,T013-S3,True,0,0.0,False
36,B,clean,T013-S0,True,7,1.0,True
36,B,clean,T013-S1,True,7,1.0,True
36,B,clean,T013-S2,True,7,1.0,True
36,B,clean,T013-S3,True,7,1.0,True
36,B,brightness_dark,T013-S0,False,0,,False
36,B,brightness_dark,T013-S1,False,0,,False
36,B,brightness_dark,T013-S2,False,0,,False
36,B,brightness_dark,T013-S3,False,0,,False
36,B,contrast_low,T013-S0,False,0,,False
36,B,contrast_low,T013-S1,False,0,,False
36,B,contrast_low,T013-S2,True,0,1.0,True
36,B,contrast_low,T013-S3,False,0,,False
36,B,gaussian_noise,T013-S0,True,7,1.0,True
36,B,gaussian_noise,T013-S1,True,7,1.0,True
36,B,gaussian_noise,T013-S2,True,7,1.0,True
36,B,gaussian_noise,T013-S3,True,7,1.0,True
36,B,gaussian_blur,T013-S0,False,0,,False
36,B,gaussian_blur,T013-S1,True,1,0.0,False
36,B,gaussian_blur,T013-S2,False,0,,False
36,B,gaussian_blur,T013-S3,True,0,0.0,False
37,A,clean,T013-S0,False,2,,False
37,A,clean,T013-S1,False,2,,False
37,A,clean,T013-S2,False,2,,False
37,A,clean,T013-S3,False,2,,False
37,A,brightness_dark,T013-S0,True,2,0.0,False
37,A,brightness_dark,T013-S1,True,2,0.0,False
37,A,brightness_dark,T013-S2,True,2,0.0,False
37,A,brightness_dark,T013-S3,True,2,0.0,False
37,A,contrast_low,T013-S0,False,2,,False
37,A,contrast_low,T013-S1,False,2,,False
37,A,contrast_low,T013-S2,False,2,,False
37,A,contrast_low,T013-S3,False,2,,False
37,A,gaussian_noise,T013-S0,False,2,,False
37,A,gaussian_noise,T013-S1,False,2,,False
37,A,gaussian_noise,T013-S2,False,2,,False
37,A,gaussian_noise,T013-S3,False,2,,False
37,A,gaussian_blur,T013-S0,True,2,1.0,True
37,A,gaussian_blur,T013-S1,True,2,1.0,True
37,A,gaussian_blur,T013-S2,True,2,1.0,True
37,A,gaussian_blur,T013-S3,True,2,1.0,True
37,B,clean,T013-S0,False,2,,False
37,B,clean,T013-S1,False,2,,False
37,B,clean,T013-S2,False,2,,False
37,B,clean,T013-S3,False,2,,False
37,B,brightness_dark,T013-S0,True,2,0.0,False
37,B,brightness_dark,T013-S1,True,2,0.0,False
37,B,brightness_dark,T013-S2,True,2,0.0,False
37,B,brightness_dark,T013-S3,True,2,0.0,False
37,B,contrast_low,T013-S0,True,2,1.0,True
37,B,contrast_low,T013-S1,True,2,1.0,True
37,B,contrast_low,T013-S2,True,2,1.0,True
37,B,contrast_low,T013-S3,True,2,1.0,True
37,B,gaussian_noise,T013-S0,False,2,,False
37,B,gaussian_noise,T013-S1,False,2,,False
37,B,gaussian_noise,T013-S2,False,2,,False
37,B,gaussian_noise,T013-S3,False,2,,False
37,B,gaussian_blur,T013-S0,True,2,1.0,True
37,B,gaussian_blur,T013-S1,True,2,1.0,True
37,B,gaussian_blur,T013-S2,True,2,1.0,True
37,B,gaussian_blur,T013-S3,True,2,1.0,True
38,A,clean,T013-S0,False,8,,False
38,A,clean,T013-S1,False,8,,False
38,A,clean,T013-S2,False,8,,False
38,A,clean,T013-S3,False,8,,False
38,A,brightness_dark,T013-S0,False,8,,False
38,A,brightness_dark,T013-S1,False,8,,False
38,A,brightness_dark,T013-S2,False,8,,False
38,A,brightness_dark,T013-S3,False,8,,False
38,A,contrast_low,T013-S0,False,8,,False
38,A,contrast_low,T013-S1,False,8,,False
38,A,contrast_low,T013-S2,False,8,,False
38,A,contrast_low,T013-S3,False,8,,False
38,A,gaussian_noise,T013-S0,False,8,,False
38,A,gaussian_noise,T013-S1,False,8,,False
38,A,gaussian_noise,T013-S2,False,8,,False
38,A,gaussian_noise,T013-S3,False,8,,False
38,A,gaussian_blur,T013-S0,True,8,1.0,True
38,A,gaussian_blur,T013-S1,False,8,,False
38,A,gaussian_blur,T013-S2,True,8,1.0,True
38,A,gaussian_blur,T013-S3,False,8,,False
38,B,clean,T013-S0,False,8,,False
38,B,clean,T013-S1,False,8,,False
38,B,clean,T013-S2,False,8,,False
38,B,clean,T013-S3,False,8,,False
38,B,brightness_dark,T013-S0,False,8,,False
38,B,brightness_dark,T013-S1,False,8,,False
38,B,brightness_dark,T013-S2,False,8,,False
38,B,brightness_dark,T013-S3,False,8,,False
38,B,contrast_low,T013-S0,False,8,,False
38,B,contrast_low,T013-S1,False,8,,False
38,B,contrast_low,T013-S2,False,8,,False
38,B,contrast_low,T013-S3,False,8,,False
38,B,gaussian_noise,T013-S0,False,8,,False
38,B,gaussian_noise,T013-S1,False,8,,False
38,B,gaussian_noise,T013-S2,False,8,,False
38,B,gaussian_noise,T013-S3,False,8,,False
38,B,gaussian_blur,T013-S0,True,8,1.0,True
38,B,gaussian_blur,T013-S1,True,8,1.0,True
38,B,gaussian_blur,T013-S2,False,8,,False
38,B,gaussian_blur,T013-S3,False,8,,False
39,A,clean,T013-S0,False,2,,False
39,A,clean,T013-S1,False,2,,False
39,A,clean,T013-S2,False,2,,False
39,A,clean,T013-S3,False,2,,False
39,A,brightness_dark,T013-S0,False,2,,False
39,A,brightness_dark,T013-S1,False,2,,False
39,A,brightness_dark,T013-S2,False,2,,False
39,A,brightness_dark,T013-S3,False,2,,False
39,A,contrast_low,T013-S0,False,2,,False
39,A,contrast_low,T013-S1,False,2,,False
39,A,contrast_low,T013-S2,False,2,,False
39,A,contrast_low,T013-S3,False,2,,False
39,A,gaussian_noise,T013-S0,False,2,,False
39,A,gaussian_noise,T013-S1,False,2,,False
39,A,gaussian_noise,T013-S2,False,2,,False
39,A,gaussian_noise,T013-S3,False,2,,False
39,A,gaussian_blur,T013-S0,False,2,,False
39,A,gaussian_blur,T013-S1,False,2,,False
39,A,gaussian_blur,T013-S2,False,2,,False
39,A,gaussian_blur,T013-S3,False,2,,False
39,B,clean,T013-S0,False,2,,False
39,B,clean,T013-S1,False,2,,False
39,B,clean,T013-S2,False,2,,False
39,B,clean,T013-S3,False,2,,False
39,B,brightness_dark,T013-S0,False,2,,False
39,B,brightness_dark,T013-S1,False,2,,False
39,B,brightness_dark,T013-S2,False,2,,False
39,B,brightness_dark,T013-S3,False,2,,False
39,B,contrast_low,T013-S0,False,2,,False
39,B,contrast_low,T013-S1,False,2,,False
39,B,contrast_low,T013-S2,False,2,,False
39,B,contrast_low,T013-S3,False,2,,False
39,B,gaussian_noise,T013-S0,False,2,,False
39,B,gaussian_noise,T013-S1,False,2,,False
39,B,gaussian_noise,T013-S2,False,2,,False
39,B,gaussian_noise,T013-S3,False,2,,False
39,B,gaussian_blur,T013-S0,False,2,,False
39,B,gaussian_blur,T013-S1,False,2,,False
39,B,gaussian_blur,T013-S2,False,2,,False
39,B,gaussian_blur,T013-S3,False,2,,False
40,A,clean,T013-S0,True,9,1.0,True
40,A,clean,T013-S1,True,9,1.0,True
40,A,clean,T013-S2,True,9,1.0,True
40,A,clean,T013-S3,True,9,1.0,True
40,A,brightness_dark,T013-S0,False,9,,False
40,A,brightness_dark,T013-S1,False,9,,False
40,A,brightness_dark,T013-S2,False,9,,False
40,A,brightness_dark,T013-S3,False,9,,False
40,A,contrast_low,T013-S0,False,9,,False
40,A,contrast_low,T013-S1,False,9,,False
40,A,contrast_low,T013-S2,False,9,,False
40,A,contrast_low,T013-S3,False,9,,False
40,A,gaussian_noise,T013-S0,False,9,,False
40,A,gaussian_noise,T013-S1,False,9,,False
40,A,gaussian_noise,T013-S2,False,9,,False
40,A,gaussian_noise,T013-S3,False,9,,False
40,A,gaussian_blur,T013-S0,True,9,1.0,True
40,A,gaussian_blur,T013-S1,True,9,1.0,True
40,A,gaussian_blur,T013-S2,True,9,1.0,True
40,A,gaussian_blur,T013-S3,True,9,1.0,True
40,B,clean,T013-S0,True,9,1.0,True
40,B,clean,T013-S1,True,9,1.0,True
40,B,clean,T013-S2,True,9,1.0,True
40,B,clean,T013-S3,True,9,1.0,True
40,B,brightness_dark,T013-S0,False,9,,False
40,B,brightness_dark,T013-S1,False,9,,False
40,B,brightness_dark,T013-S2,False,9,,False
40,B,brightness_dark,T013-S3,False,9,,False
40,B,contrast_low,T013-S0,False,9,,False
40,B,contrast_low,T013-S1,False,9,,False
40,B,contrast_low,T013-S2,False,9,,False
40,B,contrast_low,T013-S3,False,9,,False
40,B,gaussian_noise,T013-S0,False,9,,False
40,B,gaussian_noise,T013-S1,False,9,,False
40,B,gaussian_noise,T013-S2,False,9,,False
40,B,gaussian_noise,T013-S3,False,9,,False
40,B,gaussian_blur,T013-S0,True,9,1.0,True
40,B,gaussian_blur,T013-S1,True,9,1.0,True
40,B,gaussian_blur,T013-S2,True,9,1.0,True
40,B,gaussian_blur,T013-S3,True,9,1.0,True
41,A,clean,T013-S0,True,0,0.0,False
41,A,clean,T013-S1,True,0,0.0,False
41,A,clean,T013-S2,True,0,0.0,False
41,A,clean,T013-S3,True,0,0.0,False
41,A,brightness_dark,T013-S0,True,0,0.0,False
41,A,brightness_dark,T013-S1,True,0,0.0,False
41,A,brightness_dark,T013-S2,True,0,0.0,False
41,A,brightness_dark,T013-S3,True,0,0.0,False
41,A,contrast_low,T013-S0,False,0,,False
41,A,contrast_low,T013-S1,False,0,,False
41,A,contrast_low,T013-S2,False,0,,False
41,A,contrast_low,T013-S3,False,0,,False
41,A,gaussian_noise,T013-S0,True,3,1.0,True
41,A,gaussian_noise,T013-S1,True,3,1.0,True
41,A,gaussian_noise,T013-S2,True,3,1.0,True
41,A,gaussian_noise,T013-S3,True,3,1.0,True
41,A,gaussian_blur,T013-S0,True,3,0.3137759618076417,False
41,A,gaussian_blur,T013-S1,True,3,0.3160326290098269,False
41,A,gaussian_blur,T013-S2,True,3,0.3173701974761033,False
41,A,gaussian_blur,T013-S3,True,3,0.3192996897898384,False
41,B,clean,T013-S0,True,0,0.0,False
41,B,clean,T013-S1,True,0,0.0,False
41,B,clean,T013-S2,True,0,0.0,False
41,B,clean,T013-S3,True,0,0.0,False
41,B,brightness_dark,T013-S0,True,0,0.0,False
41,B,brightness_dark,T013-S1,True,0,0.0,False
41,B,brightness_dark,T013-S2,True,0,0.0,False
41,B,brightness_dark,T013-S3,True,0,0.0,False
41,B,contrast_low,T013-S0,True,3,1.0,True
41,B,contrast_low,T013-S1,True,3,1.0,True
41,B,contrast_low,T013-S2,True,3,1.0,True
41,B,contrast_low,T013-S3,True,3,1.0,True
41,B,gaussian_noise,T013-S0,True,3,1.0,True
41,B,gaussian_noise,T013-S1,True,3,1.0,True
41,B,gaussian_noise,T013-S2,True,3,1.0,True
41,B,gaussian_noise,T013-S3,True,3,1.0,True
41,B,gaussian_blur,T013-S0,True,3,1.0,True
41,B,gaussian_blur,T013-S1,True,3,0.684457486481466,True
41,B,gaussian_blur,T013-S2,True,3,0.865228090923694,True
41,B,gaussian_blur,T013-S3,True,3,0.9390246829557968,True
42,A,clean,T013-S0,True,0,0.7857204359716939,True
42,A,clean,T013-S1,True,2,1.0,True
42,A,clean,T013-S2,True,2,1.0,True
42,A,clean,T013-S3,True,0,1.0,True
42,A,brightness_dark,T013-S0,False,0,,False
42,A,brightness_dark,T013-S1,False,0,,False
42,A,brightness_dark,T013-S2,False,0,,False
42,A,brightness_dark,T013-S3,False,0,,False
42,A,contrast_low,T013-S0,False,0,,False
42,A,contrast_low,T013-S1,False,0,,False
42,A,contrast_low,T013-S2,False,0,,False
42,A,contrast_low,T013-S3,False,0,,False
42,A,gaussian_noise,T013-S0,True,0,1.0,True
42,A,gaussian_noise,T013-S1,True,0,1.0,True
42,A,gaussian_noise,T013-S2,True,0,1.0,True
42,A,gaussian_noise,T013-S3,True,0,1.0,True
42,A,gaussian_blur,T013-S0,False,0,,False
42,A,gaussian_blur,T013-S1,False,0,,False
42,A,gaussian_blur,T013-S2,False,0,,False
42,A,gaussian_blur,T013-S3,False,0,,False
42,B,clean,T013-S0,True,0,0.0,False
42,B,clean,T013-S1,False,0,,False
42,B,clean,T013-S2,True,0,0.0,False
42,B,clean,T013-S3,True,0,0.0,False
42,B,brightness_dark,T013-S0,False,0,,False
42,B,brightness_dark,T013-S1,False,0,,False
42,B,brightness_dark,T013-S2,False,0,,False
42,B,brightness_dark,T013-S3,False,0,,False
42,B,contrast_low,T013-S0,False,0,,False
42,B,contrast_low,T013-S1,False,0,,False
42,B,contrast_low,T013-S2,False,0,,False
42,B,contrast_low,T013-S3,False,0,,False
42,B,gaussian_noise,T013-S0,True,0,1.0,True
42,B,gaussian_noise,T013-S1,True,0,1.0,True
42,B,gaussian_noise,T013-S2,True,0,1.0,True
42,B,gaussian_noise,T013-S3,True,0,1.0,True
42,B,gaussian_blur,T013-S0,False,0,,False
42,B,gaussian_blur,T013-S1,False,0,,False
42,B,gaussian_blur,T013-S2,False,0,,False
42,B,gaussian_blur,T013-S3,False,0,,False
43,A,clean,T013-S0,False,0,,False
43,A,clean,T013-S1,False,0,,False
43,A,clean,T013-S2,False,0,,False
43,A,clean,T013-S3,False,0,,False
43,A,brightness_dark,T013-S0,False,0,,False
43,A,brightness_dark,T013-S1,False,0,,False
43,A,brightness_dark,T013-S2,False,0,,False
43,A,brightness_dark,T013-S3,False,0,,False
43,A,contrast_low,T013-S0,True,0,0.0,False
43,A,contrast_low,T013-S1,True,0,0.0,False
43,A,contrast_low,T013-S2,True,0,0.0,False
43,A,contrast_low,T013-S3,True,0,0.0,False
43,A,gaussian_noise,T013-S0,False,0,,False
43,A,gaussian_noise,T013-S1,False,0,,False
43,A,gaussian_noise,T013-S2,False,0,,False
43,A,gaussian_noise,T013-S3,False,0,,False
43,A,gaussian_blur,T013-S0,False,0,,False
43,A,gaussian_blur,T013-S1,False,0,,False
43,A,gaussian_blur,T013-S2,False,0,,False
43,A,gaussian_blur,T013-S3,False,0,,False
43,B,clean,T013-S0,False,0,,False
43,B,clean,T013-S1,False,0,,False
43,B,clean,T013-S2,False,0,,False
43,B,clean,T013-S3,False,0,,False
43,B,brightness_dark,T013-S0,False,0,,False
43,B,brightness_dark,T013-S1,False,0,,False
43,B,brightness_dark,T013-S2,False,0,,False
43,B,brightness_dark,T013-S3,False,0,,False
43,B,contrast_low,T013-S0,True,0,0.0,False
43,B,contrast_low,T013-S1,True,0,0.0,False
43,B,contrast_low,T013-S2,True,0,0.0,False
43,B,contrast_low,T013-S3,True,0,0.0,False
43,B,gaussian_noise,T013-S0,False,0,,False
43,B,gaussian_noise,T013-S1,False,0,,False
43,B,gaussian_noise,T013-S2,False,0,,False
43,B,gaussian_noise,T013-S3,False,0,,False
43,B,gaussian_blur,T013-S0,False,0,,False
43,B,gaussian_blur,T013-S1,False,0,,False
43,B,gaussian_blur,T013-S2,False,0,,False
43,B,gaussian_blur,T013-S3,False,0,,False
44,A,clean,T013-S0,True,8,1.0,True
44,A,clean,T013-S1,True,8,1.0,True
44,A,clean,T013-S2,True,8,1.0,True
44,A,clean,T013-S3,True,8,1.0,True
44,A,brightness_dark,T013-S0,False,0,,False
44,A,brightness_dark,T013-S1,False,0,,False
44,A,brightness_dark,T013-S2,False,0,,False
44,A,brightness_dark,T013-S3,False,0,,False
44,A,contrast_low,T013-S0,False,0,,False
44,A,contrast_low,T013-S1,False,0,,False
44,A,contrast_low,T013-S2,False,0,,False
44,A,contrast_low,T013-S3,False,0,,False
44,A,gaussian_noise,T013-S0,False,0,,False
44,A,gaussian_noise,T013-S1,False,0,,False
44,A,gaussian_noise,T013-S2,False,0,,False
44,A,gaussian_noise,T013-S3,False,0,,False
44,A,gaussian_blur,T013-S0,True,0,0.0,False
44,A,gaussian_blur,T013-S1,True,0,0.0,False
44,A,gaussian_blur,T013-S2,True,0,0.0,False
44,A,gaussian_blur,T013-S3,True,0,0.0,False
44,B,clean,T013-S0,True,8,1.0,True
44,B,clean,T013-S1,True,8,1.0,True
44,B,clean,T013-S2,True,8,1.0,True
44,B,clean,T013-S3,True,8,1.0,True
44,B,brightness_dark,T013-S0,False,0,,False
44,B,brightness_dark,T013-S1,False,0,,False
44,B,brightness_dark,T013-S2,False,0,,False
44,B,brightness_dark,T013-S3,False,0,,False
44,B,contrast_low,T013-S0,False,0,,False
44,B,contrast_low,T013-S1,False,0,,False
44,B,contrast_low,T013-S2,False,0,,False
44,B,contrast_low,T013-S3,False,0,,False
44,B,gaussian_noise,T013-S0,False,0,,False
44,B,gaussian_noise,T013-S1,False,0,,False
44,B,gaussian_noise,T013-S2,False,0,,False
44,B,gaussian_noise,T013-S3,False,0,,False
44,B,gaussian_blur,T013-S0,True,0,0.0,False
44,B,gaussian_blur,T013-S1,True,0,0.0,False
44,B,gaussian_blur,T013-S2,True,0,0.0,False
44,B,gaussian_blur,T013-S3,True,0,0.0,False
45,A,clean,T013-S0,False,2,,False
45,A,clean,T013-S1,False,2,,False
45,A,clean,T013-S2,False,2,,False
45,A,clean,T013-S3,False,2,,False
45,A,brightness_dark,T013-S0,True,2,1.0,True
45,A,brightness_dark,T013-S1,True,2,1.0,True
45,A,brightness_dark,T013-S2,True,2,1.0,True
45,A,brightness_dark,T013-S3,True,2,1.0,True
45,A,contrast_low,T013-S0,False,2,,False
45,A,contrast_low,T013-S1,False,2,,False
45,A,contrast_low,T013-S2,False,2,,False
45,A,contrast_low,T013-S3,False,2,,False
45,A,gaussian_noise,T013-S0,False,2,,False
45,A,gaussian_noise,T013-S1,False,2,,False
45,A,gaussian_noise,T013-S2,False,2,,False
45,A,gaussian_noise,T013-S3,False,2,,False
45,A,gaussian_blur,T013-S0,False,2,,False
45,A,gaussian_blur,T013-S1,False,2,,False
45,A,gaussian_blur,T013-S2,False,2,,False
45,A,gaussian_blur,T013-S3,False,2,,False
45,B,clean,T013-S0,False,2,,False
45,B,clean,T013-S1,False,2,,False
45,B,clean,T013-S2,False,2,,False
45,B,clean,T013-S3,False,2,,False
45,B,brightness_dark,T013-S0,True,2,1.0,True
45,B,brightness_dark,T013-S1,True,2,1.0,True
45,B,brightness_dark,T013-S2,True,2,1.0,True
45,B,brightness_dark,T013-S3,True,2,1.0,True
45,B,contrast_low,T013-S0,False,2,,False
45,B,contrast_low,T013-S1,False,2,,False
45,B,contrast_low,T013-S2,False,2,,False
45,B,contrast_low,T013-S3,False,2,,False
45,B,gaussian_noise,T013-S0,False,2,,False
45,B,gaussian_noise,T013-S1,False,2,,False
45,B,gaussian_noise,T013-S2,False,2,,False
45,B,gaussian_noise,T013-S3,False,2,,False
45,B,gaussian_blur,T013-S0,False,2,,False
45,B,gaussian_blur,T013-S1,False,2,,False
45,B,gaussian_blur,T013-S2,False,2,,False
45,B,gaussian_blur,T013-S3,False,2,,False
46,A,clean,T013-S0,False,2,,False
46,A,clean,T013-S1,False,2,,False
46,A,clean,T013-S2,False,2,,False
46,A,clean,T013-S3,False,2,,False
46,A,brightness_dark,T013-S0,True,5,1.0,True
46,A,brightness_dark,T013-S1,True,5,1.0,True
46,A,brightness_dark,T013-S2,True,5,1.0,True
46,A,brightness_dark,T013-S3,True,5,1.0,True
46,A,contrast_low,T013-S0,True,4,1.0,True
46,A,contrast_low,T013-S1,True,4,1.0,True
46,A,contrast_low,T013-S2,True,5,1.0,True
46,A,contrast_low,T013-S3,True,4,1.0,True
46,A,gaussian_noise,T013-S0,False,2,,False
46,A,gaussian_noise,T013-S1,False,2,,False
46,A,gaussian_noise,T013-S2,False,2,,False
46,A,gaussian_noise,T013-S3,False,2,,False
46,A,gaussian_blur,T013-S0,False,2,,False
46,A,gaussian_blur,T013-S1,False,2,,False
46,A,gaussian_blur,T013-S2,False,2,,False
46,A,gaussian_blur,T013-S3,False,2,,False
46,B,clean,T013-S0,False,2,,False
46,B,clean,T013-S1,False,2,,False
46,B,clean,T013-S2,False,2,,False
46,B,clean,T013-S3,False,2,,False
46,B,brightness_dark,T013-S0,True,5,1.0,True
46,B,brightness_dark,T013-S1,True,5,1.0,True
46,B,brightness_dark,T013-S2,True,5,1.0,True
46,B,brightness_dark,T013-S3,True,5,1.0,True
46,B,contrast_low,T013-S0,True,5,1.0,True
46,B,contrast_low,T013-S1,True,5,1.0,True
46,B,contrast_low,T013-S2,True,5,1.0,True
46,B,contrast_low,T013-S3,True,4,1.0,True
46,B,gaussian_noise,T013-S0,False,2,,False
46,B,gaussian_noise,T013-S1,False,2,,False
46,B,gaussian_noise,T013-S2,False,2,,False
46,B,gaussian_noise,T013-S3,False,2,,False
46,B,gaussian_blur,T013-S0,False,2,,False
46,B,gaussian_blur,T013-S1,False,2,,False
46,B,gaussian_blur,T013-S2,False,2,,False
46,B,gaussian_blur,T013-S3,False,2,,False
47,A,clean,T013-S0,True,8,1.0,True
47,A,clean,T013-S1,True,0,0.0,False
47,A,clean,T013-S2,True,8,1.0,True
47,A,clean,T013-S3,False,0,,False
47,A,brightness_dark,T013-S0,False,0,,False
47,A,brightness_dark,T013-S1,False,0,,False
47,A,brightness_dark,T013-S2,False,0,,False
47,A,brightness_dark,T013-S3,False,0,,False
47,A,contrast_low,T013-S0,False,0,,False
47,A,contrast_low,T013-S1,False,0,,False
47,A,contrast_low,T013-S2,False,0,,False
47,A,contrast_low,T013-S3,False,0,,False
47,A,gaussian_noise,T013-S0,False,0,,False
47,A,gaussian_noise,T013-S1,False,0,,False
47,A,gaussian_noise,T013-S2,False,0,,False
47,A,gaussian_noise,T013-S3,False,0,,False
47,A,gaussian_blur,T013-S0,True,8,1.0,True
47,A,gaussian_blur,T013-S1,True,8,1.0,True
47,A,gaussian_blur,T013-S2,True,8,1.0,True
47,A,gaussian_blur,T013-S3,True,4,1.0,True
47,B,clean,T013-S0,True,8,1.0,True
47,B,clean,T013-S1,True,8,1.0,True
47,B,clean,T013-S2,True,8,1.0,True
47,B,clean,T013-S3,True,0,0.0,False
47,B,brightness_dark,T013-S0,False,0,,False
47,B,brightness_dark,T013-S1,False,0,,False
47,B,brightness_dark,T013-S2,False,0,,False
47,B,brightness_dark,T013-S3,False,0,,False
47,B,contrast_low,T013-S0,False,0,,False
47,B,contrast_low,T013-S1,False,0,,False
47,B,contrast_low,T013-S2,False,0,,False
47,B,contrast_low,T013-S3,False,0,,False
47,B,gaussian_noise,T013-S0,False,0,,False
47,B,gaussian_noise,T013-S1,False,0,,False
47,B,gaussian_noise,T013-S2,False,0,,False
47,B,gaussian_noise,T013-S3,False,0,,False
47,B,gaussian_blur,T013-S0,True,8,1.0,True
47,B,gaussian_blur,T013-S1,True,8,1.0,True
47,B,gaussian_blur,T013-S2,True,8,1.0,True
47,B,gaussian_blur,T013-S3,True,8,1.0,True
48,A,clean,T013-S0,True,7,-0.4582181661971602,False
48,A,clean,T013-S1,True,7,-0.6574491789014003,False
48,A,clean,T013-S2,True,7,-0.658347415147381,False
48,A,clean,T013-S3,True,7,-0.41079601616657274,False
48,A,brightness_dark,T013-S0,True,4,1.0,True
48,A,brightness_dark,T013-S1,True,4,1.0,True
48,A,brightness_dark,T013-S2,True,4,1.0,True
48,A,brightness_dark,T013-S3,True,4,1.0,True
48,A,contrast_low,T013-S0,True,4,0.0,False
48,A,contrast_low,T013-S1,True,4,0.0,False
48,A,contrast_low,T013-S2,True,4,0.0,False
48,A,contrast_low,T013-S3,True,4,0.0,False
48,A,gaussian_noise,T013-S0,False,9,,False
48,A,gaussian_noise,T013-S1,False,9,,False
48,A,gaussian_noise,T013-S2,False,9,,False
48,A,gaussian_noise,T013-S3,False,9,,False
48,A,gaussian_blur,T013-S0,True,9,0.0,False
48,A,gaussian_blur,T013-S1,True,9,0.0,False
48,A,gaussian_blur,T013-S2,True,9,0.0,False
48,A,gaussian_blur,T013-S3,True,9,0.0,False
48,B,clean,T013-S0,True,7,0.16068852164715916,False
48,B,clean,T013-S1,True,7,-1.15402552486875,False
48,B,clean,T013-S2,True,7,-0.4969257358758696,False
48,B,clean,T013-S3,True,7,-0.532174488155295,False
48,B,brightness_dark,T013-S0,True,4,1.0,True
48,B,brightness_dark,T013-S1,True,4,1.0,True
48,B,brightness_dark,T013-S2,True,4,1.0,True
48,B,brightness_dark,T013-S3,True,4,1.0,True
48,B,contrast_low,T013-S0,True,4,0.0,False
48,B,contrast_low,T013-S1,True,4,0.0,False
48,B,contrast_low,T013-S2,True,4,0.0,False
48,B,contrast_low,T013-S3,True,4,0.0,False
48,B,gaussian_noise,T013-S0,False,7,,False
48,B,gaussian_noise,T013-S1,False,7,,False
48,B,gaussian_noise,T013-S2,False,7,,False
48,B,gaussian_noise,T013-S3,False,7,,False
48,B,gaussian_blur,T013-S0,True,9,0.0,False
48,B,gaussian_blur,T013-S1,True,9,0.0,False
48,B,gaussian_blur,T013-S2,True,9,0.0,False
48,B,gaussian_blur,T013-S3,True,9,0.0,False
49,A,clean,T013-S0,True,1,0.0,False
49,A,clean,T013-S1,True,1,0.0,False
49,A,clean,T013-S2,True,1,0.0,False
49,A,clean,T013-S3,True,1,0.0,False
49,A,brightness_dark,T013-S0,True,3,1.0,True
49,A,brightness_dark,T013-S1,True,3,1.0,True
49,A,brightness_dark,T013-S2,True,3,1.0,True
49,A,brightness_dark,T013-S3,True,3,1.0,True
49,A,contrast_low,T013-S0,False,1,,False
49,A,contrast_low,T013-S1,False,1,,False
49,A,contrast_low,T013-S2,False,1,,False
49,A,contrast_low,T013-S3,False,1,,False
49,A,gaussian_noise,T013-S0,True,1,0.0,False
49,A,gaussian_noise,T013-S1,True,1,0.0,False
49,A,gaussian_noise,T013-S2,True,1,0.0,False
49,A,gaussian_noise,T013-S3,False,1,,False
49,A,gaussian_blur,T013-S0,True,3,1.0,True
49,A,gaussian_blur,T013-S1,True,3,0.7433697687280971,True
49,A,gaussian_blur,T013-S2,True,3,1.0,True
49,A,gaussian_blur,T013-S3,True,3,1.0,True
49,B,clean,T013-S0,True,3,0.6530432246439134,True
49,B,clean,T013-S1,True,1,0.20118993831631396,False
49,B,clean,T013-S2,True,1,0.21123907928927466,False
49,B,clean,T013-S3,True,1,0.0,False
49,B,brightness_dark,T013-S0,True,3,1.0,True
49,B,brightness_dark,T013-S1,True,3,1.0,True
49,B,brightness_dark,T013-S2,True,3,1.0,True
49,B,brightness_dark,T013-S3,True,3,1.0,True
49,B,contrast_low,T013-S0,False,1,,False
49,B,contrast_low,T013-S1,False,1,,False
49,B,contrast_low,T013-S2,False,1,,False
49,B,contrast_low,T013-S3,False,1,,False
49,B,gaussian_noise,T013-S0,True,1,0.0,False
49,B,gaussian_noise,T013-S1,False,1,,False
49,B,gaussian_noise,T013-S2,False,1,,False
49,B,gaussian_noise,T013-S3,False,1,,False
49,B,gaussian_blur,T013-S0,True,1,0.0,False
49,B,gaussian_blur,T013-S1,True,3,1.0,True
49,B,gaussian_blur,T013-S2,True,1,0.0,False
49,B,gaussian_blur,T013-S3,True,1,0.0,False
50,A,clean,T013-S0,True,2,1.0,True
50,A,clean,T013-S1,True,2,1.0,True
50,A,clean,T013-S2,True,2,1.0,True
50,A,clean,T013-S3,True,2,1.0,True
50,A,brightness_dark,T013-S0,True,2,1.0,True
50,A,brightness_dark,T013-S1,True,2,1.0,True
50,A,brightness_dark,T013-S2,True,2,1.0,True
50,A,brightness_dark,T013-S3,True,2,1.0,True
50,A,contrast_low,T013-S0,False,2,,False
50,A,contrast_low,T013-S1,False,2,,False
50,A,contrast_low,T013-S2,False,2,,False
50,A,contrast_low,T013-S3,False,2,,False
50,A,gaussian_noise,T013-S0,True,2,1.0,True
50,A,gaussian_noise,T013-S1,True,2,1.0,True
50,A,gaussian_noise,T013-S2,True,2,1.0,True
50,A,gaussian_noise,T013-S3,True,2,1.0,True
50,A,gaussian_blur,T013-S0,False,2,,False
50,A,gaussian_blur,T013-S1,False,2,,False
50,A,gaussian_blur,T013-S2,False,2,,False
50,A,gaussian_blur,T013-S3,False,2,,False
50,B,clean,T013-S0,True,2,1.0,True
50,B,clean,T013-S1,True,2,1.0,True
50,B,clean,T013-S2,True,2,1.0,True
50,B,clean,T013-S3,True,2,1.0,True
50,B,brightness_dark,T013-S0,True,2,1.0,True
50,B,brightness_dark,T013-S1,True,2,1.0,True
50,B,brightness_dark,T013-S2,True,2,1.0,True
50,B,brightness_dark,T013-S3,True,2,1.0,True
50,B,contrast_low,T013-S0,False,2,,False
50,B,contrast_low,T013-S1,False,2,,False
50,B,contrast_low,T013-S2,False,2,,False
50,B,contrast_low,T013-S3,False,2,,False
50,B,gaussian_noise,T013-S0,True,2,1.0,True
50,B,gaussian_noise,T013-S1,True,2,1.0,True
50,B,gaussian_noise,T013-S2,True,2,1.0,True
50,B,gaussian_noise,T013-S3,True,2,1.0,True
50,B,gaussian_blur,T013-S0,False,2,,False
50,B,gaussian_blur,T013-S1,False,2,,False
50,B,gaussian_blur,T013-S2,False,2,,False
50,B,gaussian_blur,T013-S3,False,2,,False
51,A,clean,T013-S0,True,3,0.0,False
51,A,clean,T013-S1,True,3,1.0,True
51,A,clean,T013-S2,True,3,0.0,False
51,A,clean,T013-S3,True,3,1.0,True
51,A,brightness_dark,T013-S0,True,9,1.0,True
51,A,brightness_dark,T013-S1,True,9,1.0,True
51,A,brightness_dark,T013-S2,True,9,1.0,True
51,A,brightness_dark,T013-S3,True,9,1.0,True
51,A,contrast_low,T013-S0,True,3,0.0,False
51,A,contrast_low,T013-S1,True,3,0.0,False
51,A,contrast_low,T013-S2,True,3,0.0,False
51,A,contrast_low,T013-S3,True,3,0.0,False
51,A,gaussian_noise,T013-S0,True,4,0.2372876067945124,False
51,A,gaussian_noise,T013-S1,True,4,0.5413260895193932,True
51,A,gaussian_noise,T013-S2,True,4,0.6229181437296442,True
51,A,gaussian_noise,T013-S3,True,4,0.5037162047947141,True
51,A,gaussian_blur,T013-S0,True,3,0.0,False
51,A,gaussian_blur,T013-S1,True,3,0.0,False
51,A,gaussian_blur,T013-S2,True,3,0.0,False
51,A,gaussian_blur,T013-S3,True,3,0.0,False
51,B,clean,T013-S0,True,4,0.0,False
51,B,clean,T013-S1,True,3,1.0,True
51,B,clean,T013-S2,True,3,0.4971420455555045,False
51,B,clean,T013-S3,True,3,1.0,True
51,B,brightness_dark,T013-S0,True,9,1.0,True
51,B,brightness_dark,T013-S1,True,9,0.7255126208721169,True
51,B,brightness_dark,T013-S2,True,9,1.0,True
51,B,brightness_dark,T013-S3,True,9,1.0,True
51,B,contrast_low,T013-S0,True,3,0.0,False
51,B,contrast_low,T013-S1,True,3,0.0,False
51,B,contrast_low,T013-S2,True,3,0.0,False
51,B,contrast_low,T013-S3,True,3,0.0,False
51,B,gaussian_noise,T013-S0,True,4,0.0,False
51,B,gaussian_noise,T013-S1,True,4,0.5344989573851219,True
51,B,gaussian_noise,T013-S2,True,4,0.0,False
51,B,gaussian_noise,T013-S3,True,4,0.0,False
51,B,gaussian_blur,T013-S0,True,9,0.0831572991966578,False
51,B,gaussian_blur,T013-S1,True,9,0.0825156034763467,False
51,B,gaussian_blur,T013-S2,True,9,0.08318060257115863,False
51,B,gaussian_blur,T013-S3,True,9,0.0831002469201925,False
52,A,clean,T013-S0,False,0,,False
52,A,clean,T013-S1,False,0,,False
52,A,clean,T013-S2,False,0,,False
52,A,clean,T013-S3,False,0,,False
52,A,brightness_dark,T013-S0,False,0,,False
52,A,brightness_dark,T013-S1,False,0,,False
52,A,brightness_dark,T013-S2,False,0,,False
52,A,brightness_dark,T013-S3,False,0,,False
52,A,contrast_low,T013-S0,False,0,,False
52,A,contrast_low,T013-S1,False,0,,False
52,A,contrast_low,T013-S2,False,0,,False
52,A,contrast_low,T013-S3,False,0,,False
52,A,gaussian_noise,T013-S0,False,0,,False
52,A,gaussian_noise,T013-S1,False,0,,False
52,A,gaussian_noise,T013-S2,False,0,,False
52,A,gaussian_noise,T013-S3,False,0,,False
52,A,gaussian_blur,T013-S0,False,0,,False
52,A,gaussian_blur,T013-S1,False,0,,False
52,A,gaussian_blur,T013-S2,False,0,,False
52,A,gaussian_blur,T013-S3,False,0,,False
52,B,clean,T013-S0,False,0,,False
52,B,clean,T013-S1,False,0,,False
52,B,clean,T013-S2,False,0,,False
52,B,clean,T013-S3,False,0,,False
52,B,brightness_dark,T013-S0,False,0,,False
52,B,brightness_dark,T013-S1,False,0,,False
52,B,brightness_dark,T013-S2,False,0,,False
52,B,brightness_dark,T013-S3,False,0,,False
52,B,contrast_low,T013-S0,False,0,,False
52,B,contrast_low,T013-S1,False,0,,False
52,B,contrast_low,T013-S2,False,0,,False
52,B,contrast_low,T013-S3,False,0,,False
52,B,gaussian_noise,T013-S0,False,0,,False
52,B,gaussian_noise,T013-S1,False,0,,False
52,B,gaussian_noise,T013-S2,False,0,,False
52,B,gaussian_noise,T013-S3,False,0,,False
52,B,gaussian_blur,T013-S0,False,0,,False
52,B,gaussian_blur,T013-S1,False,0,,False
52,B,gaussian_blur,T013-S2,False,0,,False
52,B,gaussian_blur,T013-S3,False,0,,False
53,A,clean,T013-S0,True,1,1.0,True
53,A,clean,T013-S1,True,1,1.0,True
53,A,clean,T013-S2,True,1,1.0,True
53,A,clean,T013-S3,True,1,0.3538913848203262,False
53,A,brightness_dark,T013-S0,False,1,,False
53,A,brightness_dark,T013-S1,True,1,1.0,True
53,A,brightness_dark,T013-S2,True,1,1.0,True
53,A,brightness_dark,T013-S3,False,1,,False
53,A,contrast_low,T013-S0,False,1,,False
53,A,contrast_low,T013-S1,False,1,,False
53,A,contrast_low,T013-S2,False,1,,False
53,A,contrast_low,T013-S3,False,1,,False
53,A,gaussian_noise,T013-S0,False,1,,False
53,A,gaussian_noise,T013-S1,False,7,,False
53,A,gaussian_noise,T013-S2,True,1,1.0,True
53,A,gaussian_noise,T013-S3,True,1,1.0,True
53,A,gaussian_blur,T013-S0,False,1,,False
53,A,gaussian_blur,T013-S1,False,1,,False
53,A,gaussian_blur,T013-S2,False,1,,False
53,A,gaussian_blur,T013-S3,False,1,,False
53,B,clean,T013-S0,True,1,1.0,True
53,B,clean,T013-S1,False,7,,False
53,B,clean,T013-S2,False,7,,False
53,B,clean,T013-S3,True,7,1.0,True
53,B,brightness_dark,T013-S0,True,1,1.0,True
53,B,brightness_dark,T013-S1,True,1,1.0,True
53,B,brightness_dark,T013-S2,True,1,1.0,True
53,B,brightness_dark,T013-S3,True,1,1.0,True
53,B,contrast_low,T013-S0,False,1,,False
53,B,contrast_low,T013-S1,False,1,,False
53,B,contrast_low,T013-S2,False,1,,False
53,B,contrast_low,T013-S3,False,1,,False
53,B,gaussian_noise,T013-S0,False,1,,False
53,B,gaussian_noise,T013-S1,False,1,,False
53,B,gaussian_noise,T013-S2,True,1,1.0,True
53,B,gaussian_noise,T013-S3,False,1,,False
53,B,gaussian_blur,T013-S0,False,1,,False
53,B,gaussian_blur,T013-S1,False,1,,False
53,B,gaussian_blur,T013-S2,False,1,,False
53,B,gaussian_blur,T013-S3,False,1,,False
54,A,clean,T013-S0,True,7,1.0,True
54,A,clean,T013-S1,True,7,1.0,True
54,A,clean,T013-S2,True,7,1.0,True
54,A,clean,T013-S3,True,7,1.0,True
54,A,brightness_dark,T013-S0,False,2,,False
54,A,brightness_dark,T013-S1,False,2,,False
54,A,brightness_dark,T013-S2,False,2,,False
54,A,brightness_dark,T013-S3,False,2,,False
54,A,contrast_low,T013-S0,True,2,1.0,True
54,A,contrast_low,T013-S1,True,2,1.0,True
54,A,contrast_low,T013-S2,True,2,1.0,True
54,A,contrast_low,T013-S3,True,2,1.0,True
54,A,gaussian_noise,T013-S0,False,2,,False
54,A,gaussian_noise,T013-S1,False,2,,False
54,A,gaussian_noise,T013-S2,False,2,,False
54,A,gaussian_noise,T013-S3,False,2,,False
54,A,gaussian_blur,T013-S0,True,2,1.0,True
54,A,gaussian_blur,T013-S1,True,2,1.0,True
54,A,gaussian_blur,T013-S2,True,2,1.0,True
54,A,gaussian_blur,T013-S3,True,2,1.0,True
54,B,clean,T013-S0,True,2,1.0,True
54,B,clean,T013-S1,True,2,1.0,True
54,B,clean,T013-S2,True,2,1.0,True
54,B,clean,T013-S3,True,2,1.0,True
54,B,brightness_dark,T013-S0,False,2,,False
54,B,brightness_dark,T013-S1,False,2,,False
54,B,brightness_dark,T013-S2,False,2,,False
54,B,brightness_dark,T013-S3,False,2,,False
54,B,contrast_low,T013-S0,True,2,1.0,True
54,B,contrast_low,T013-S1,True,2,1.0,True
54,B,contrast_low,T013-S2,True,2,1.0,True
54,B,contrast_low,T013-S3,True,2,1.0,True
54,B,gaussian_noise,T013-S0,False,2,,False
54,B,gaussian_noise,T013-S1,False,2,,False
54,B,gaussian_noise,T013-S2,False,2,,False
54,B,gaussian_noise,T013-S3,False,2,,False
54,B,gaussian_blur,T013-S0,True,2,1.0,True
54,B,gaussian_blur,T013-S1,True,2,1.0,True
54,B,gaussian_blur,T013-S2,True,2,1.0,True
54,B,gaussian_blur,T013-S3,True,2,1.0,True
55,A,clean,T013-S0,False,0,,False
55,A,clean,T013-S1,False,0,,False
55,A,clean,T013-S2,False,0,,False
55,A,clean,T013-S3,False,0,,False
55,A,brightness_dark,T013-S0,False,0,,False
55,A,brightness_dark,T013-S1,False,0,,False
55,A,brightness_dark,T013-S2,False,0,,False
55,A,brightness_dark,T013-S3,False,0,,False
55,A,contrast_low,T013-S0,False,0,,False
55,A,contrast_low,T013-S1,False,0,,False
55,A,contrast_low,T013-S2,False,0,,False
55,A,contrast_low,T013-S3,False,0,,False
55,A,gaussian_noise,T013-S0,False,0,,False
55,A,gaussian_noise,T013-S1,False,0,,False
55,A,gaussian_noise,T013-S2,False,0,,False
55,A,gaussian_noise,T013-S3,False,0,,False
55,A,gaussian_blur,T013-S0,True,0,0.0,False
55,A,gaussian_blur,T013-S1,True,0,0.0,False
55,A,gaussian_blur,T013-S2,True,0,0.0,False
55,A,gaussian_blur,T013-S3,False,0,,False
55,B,clean,T013-S0,False,0,,False
55,B,clean,T013-S1,False,0,,False
55,B,clean,T013-S2,False,0,,False
55,B,clean,T013-S3,False,0,,False
55,B,brightness_dark,T013-S0,False,0,,False
55,B,brightness_dark,T013-S1,False,0,,False
55,B,brightness_dark,T013-S2,False,0,,False
55,B,brightness_dark,T013-S3,False,0,,False
55,B,contrast_low,T013-S0,False,0,,False
55,B,contrast_low,T013-S1,False,0,,False
55,B,contrast_low,T013-S2,False,0,,False
55,B,contrast_low,T013-S3,False,0,,False
55,B,gaussian_noise,T013-S0,False,0,,False
55,B,gaussian_noise,T013-S1,False,0,,False
55,B,gaussian_noise,T013-S2,False,0,,False
55,B,gaussian_noise,T013-S3,False,0,,False
55,B,gaussian_blur,T013-S0,False,0,,False
55,B,gaussian_blur,T013-S1,True,8,1.0,True
55,B,gaussian_blur,T013-S2,True,8,1.0,True
55,B,gaussian_blur,T013-S3,False,0,,False
56,A,clean,T013-S0,True,4,0.0,False
56,A,clean,T013-S1,True,4,0.0,False
56,A,clean,T013-S2,True,4,0.0,False
56,A,clean,T013-S3,True,4,0.0,False
56,A,brightness_dark,T013-S0,False,4,,False
56,A,brightness_dark,T013-S1,False,4,,False
56,A,brightness_dark,T013-S2,False,4,,False
56,A,brightness_dark,T013-S3,False,4,,False
56,A,contrast_low,T013-S0,True,3,0.0,False
56,A,contrast_low,T013-S1,True,3,1.0,True
56,A,contrast_low,T013-S2,True,3,0.0,False
56,A,contrast_low,T013-S3,True,3,1.0,True
56,A,gaussian_noise,T013-S0,True,6,0.9511975867896725,True
56,A,gaussian_noise,T013-S1,True,6,0.9910821141786307,True
56,A,gaussian_noise,T013-S2,True,6,0.9840185336134606,True
56,A,gaussian_noise,T013-S3,True,6,0.9964395782161614,True
56,A,gaussian_blur,T013-S0,True,3,0.0,False
56,A,gaussian_blur,T013-S1,True,3,0.0,False
56,A,gaussian_blur,T013-S2,True,3,0.0,False
56,A,gaussian_blur,T013-S3,True,3,0.0,False
56,B,clean,T013-S0,True,4,0.0,False
56,B,clean,T013-S1,True,4,0.0,False
56,B,clean,T013-S2,True,4,0.0,False
56,B,clean,T013-S3,True,4,0.0,False
56,B,brightness_dark,T013-S0,False,4,,False
56,B,brightness_dark,T013-S1,False,4,,False
56,B,brightness_dark,T013-S2,False,4,,False
56,B,brightness_dark,T013-S3,False,4,,False
56,B,contrast_low,T013-S0,True,3,0.0,False
56,B,contrast_low,T013-S1,True,3,0.0,False
56,B,contrast_low,T013-S2,True,3,0.0,False
56,B,contrast_low,T013-S3,True,3,0.0,False
56,B,gaussian_noise,T013-S0,True,6,0.9573140384141389,True
56,B,gaussian_noise,T013-S1,True,6,0.9855049299417585,True
56,B,gaussian_noise,T013-S2,True,6,0.9564344416410494,True
56,B,gaussian_noise,T013-S3,True,6,0.9908857838254728,True
56,B,gaussian_blur,T013-S0,True,3,0.0,False
56,B,gaussian_blur,T013-S1,True,3,0.0,False
56,B,gaussian_blur,T013-S2,True,3,0.0,False
56,B,gaussian_blur,T013-S3,True,3,0.0,False
57,A,clean,T013-S0,False,0,,False
57,A,clean,T013-S1,False,0,,False
57,A,clean,T013-S2,False,0,,False
57,A,clean,T013-S3,False,0,,False
57,A,brightness_dark,T013-S0,True,1,1.0,True
57,A,brightness_dark,T013-S1,True,1,1.0,True
57,A,brightness_dark,T013-S2,True,1,1.0,True
57,A,brightness_dark,T013-S3,True,1,1.0,True
57,A,contrast_low,T013-S0,False,0,,False
57,A,contrast_low,T013-S1,False,0,,False
57,A,contrast_low,T013-S2,True,0,1.0,True
57,A,contrast_low,T013-S3,False,0,,False
57,A,gaussian_noise,T013-S0,True,0,0.9807140927845719,True
57,A,gaussian_noise,T013-S1,False,0,,False
57,A,gaussian_noise,T013-S2,True,1,0.4197331687898953,False
57,A,gaussian_noise,T013-S3,False,0,,False
57,A,gaussian_blur,T013-S0,False,0,,False
57,A,gaussian_blur,T013-S1,False,0,,False
57,A,gaussian_blur,T013-S2,False,0,,False
57,A,gaussian_blur,T013-S3,False,0,,False
57,B,clean,T013-S0,False,0,,False
57,B,clean,T013-S1,False,0,,False
57,B,clean,T013-S2,False,0,,False
57,B,clean,T013-S3,False,0,,False
57,B,brightness_dark,T013-S0,True,0,0.0,False
57,B,brightness_dark,T013-S1,True,0,0.0,False
57,B,brightness_dark,T013-S2,True,0,0.0,False
57,B,brightness_dark,T013-S3,True,0,0.0,False
57,B,contrast_low,T013-S0,True,1,1.0,True
57,B,contrast_low,T013-S1,True,1,1.0,True
57,B,contrast_low,T013-S2,True,1,1.0,True
57,B,contrast_low,T013-S3,True,1,1.0,True
57,B,gaussian_noise,T013-S0,True,0,0.8785231720774644,True
57,B,gaussian_noise,T013-S1,True,0,0.8676483650435867,True
57,B,gaussian_noise,T013-S2,True,1,0.06590536772962316,False
57,B,gaussian_noise,T013-S3,True,0,1.0,True
57,B,gaussian_blur,T013-S0,False,0,,False
57,B,gaussian_blur,T013-S1,False,0,,False
57,B,gaussian_blur,T013-S2,False,0,,False
57,B,gaussian_blur,T013-S3,False,0,,False
58,A,clean,T013-S0,True,9,1.0,True
58,A,clean,T013-S1,True,9,0.7212197636829785,True
58,A,clean,T013-S2,True,9,1.0,True
58,A,clean,T013-S3,True,9,0.7061184023371104,True
58,A,brightness_dark,T013-S0,True,9,1.0,True
58,A,brightness_dark,T013-S1,True,9,1.0,True
58,A,brightness_dark,T013-S2,True,9,1.0,True
58,A,brightness_dark,T013-S3,True,9,1.0,True
58,A,contrast_low,T013-S0,True,0,0.0,False
58,A,contrast_low,T013-S1,True,0,0.0,False
58,A,contrast_low,T013-S2,True,0,0.0,False
58,A,contrast_low,T013-S3,True,0,0.0,False
58,A,gaussian_noise,T013-S0,True,9,1.0,True
58,A,gaussian_noise,T013-S1,True,9,1.0,True
58,A,gaussian_noise,T013-S2,True,9,1.0,True
58,A,gaussian_noise,T013-S3,True,9,1.0,True
58,A,gaussian_blur,T013-S0,True,0,0.0,False
58,A,gaussian_blur,T013-S1,True,0,0.0,False
58,A,gaussian_blur,T013-S2,True,0,0.0,False
58,A,gaussian_blur,T013-S3,True,0,0.0,False
58,B,clean,T013-S0,True,9,0.7597464832323283,True
58,B,clean,T013-S1,True,9,0.800128583314424,True
58,B,clean,T013-S2,True,9,1.0,True
58,B,clean,T013-S3,True,9,0.7767894539332193,True
58,B,brightness_dark,T013-S0,True,9,1.0,True
58,B,brightness_dark,T013-S1,True,9,1.0,True
58,B,brightness_dark,T013-S2,True,9,1.0,True
58,B,brightness_dark,T013-S3,True,9,1.0,True
58,B,contrast_low,T013-S0,True,0,0.0,False
58,B,contrast_low,T013-S1,True,0,0.0,False
58,B,contrast_low,T013-S2,True,0,0.0,False
58,B,contrast_low,T013-S3,True,0,0.0,False
58,B,gaussian_noise,T013-S0,True,9,1.0,True
58,B,gaussian_noise,T013-S1,True,9,1.0,True
58,B,gaussian_noise,T013-S2,True,9,1.0,True
58,B,gaussian_noise,T013-S3,True,9,1.0,True
58,B,gaussian_blur,T013-S0,True,9,0.057258966825785955,False
58,B,gaussian_blur,T013-S1,True,9,0.06088629605190053,False
58,B,gaussian_blur,T013-S2,True,9,0.06068952712118537,False
58,B,gaussian_blur,T013-S3,True,9,0.055987582124259694,False
59,A,clean,T013-S0,False,0,,False
59,A,clean,T013-S1,False,0,,False
59,A,clean,T013-S2,False,0,,False
59,A,clean,T013-S3,False,0,,False
59,A,brightness_dark,T013-S0,False,0,,False
59,A,brightness_dark,T013-S1,False,0,,False
59,A,brightness_dark,T013-S2,False,0,,False
59,A,brightness_dark,T013-S3,False,0,,False
59,A,contrast_low,T013-S0,False,0,,False
59,A,contrast_low,T013-S1,False,0,,False
59,A,contrast_low,T013-S2,False,0,,False
59,A,contrast_low,T013-S3,False,0,,False
59,A,gaussian_noise,T013-S0,False,0,,False
59,A,gaussian_noise,T013-S1,False,0,,False
59,A,gaussian_noise,T013-S2,False,0,,False
59,A,gaussian_noise,T013-S3,False,0,,False
59,A,gaussian_blur,T013-S0,True,0,0.0,False
59,A,gaussian_blur,T013-S1,True,0,0.0,False
59,A,gaussian_blur,T013-S2,True,0,0.0,False
59,A,gaussian_blur,T013-S3,True,0,0.0,False
59,B,clean,T013-S0,False,0,,False
59,B,clean,T013-S1,False,0,,False
59,B,clean,T013-S2,False,0,,False
59,B,clean,T013-S3,False,0,,False
59,B,brightness_dark,T013-S0,False,0,,False
59,B,brightness_dark,T013-S1,False,0,,False
59,B,brightness_dark,T013-S2,False,0,,False
59,B,brightness_dark,T013-S3,False,0,,False
59,B,contrast_low,T013-S0,False,0,,False
59,B,contrast_low,T013-S1,False,0,,False
59,B,contrast_low,T013-S2,False,0,,False
59,B,contrast_low,T013-S3,False,0,,False
59,B,gaussian_noise,T013-S0,False,0,,False
59,B,gaussian_noise,T013-S1,False,0,,False
59,B,gaussian_noise,T013-S2,False,0,,False
59,B,gaussian_noise,T013-S3,False,0,,False
59,B,gaussian_blur,T013-S0,True,0,0.0,False
59,B,gaussian_blur,T013-S1,True,1,0.7882389524123148,True
59,B,gaussian_blur,T013-S2,True,0,0.0,False
59,B,gaussian_blur,T013-S3,True,0,0.0,False
60,A,clean,T013-S0,False,0,,False
60,A,clean,T013-S1,False,0,,False
60,A,clean,T013-S2,False,0,,False
60,A,clean,T013-S3,False,0,,False
60,A,brightness_dark,T013-S0,False,0,,False
60,A,brightness_dark,T013-S1,False,0,,False
60,A,brightness_dark,T013-S2,False,0,,False
60,A,brightness_dark,T013-S3,False,0,,False
60,A,contrast_low,T013-S0,True,0,1.0,True
60,A,contrast_low,T013-S1,True,0,1.0,True
60,A,contrast_low,T013-S2,True,0,1.0,True
60,A,contrast_low,T013-S3,True,0,1.0,True
60,A,gaussian_noise,T013-S0,False,0,,False
60,A,gaussian_noise,T013-S1,False,0,,False
60,A,gaussian_noise,T013-S2,False,0,,False
60,A,gaussian_noise,T013-S3,False,0,,False
60,A,gaussian_blur,T013-S0,False,0,,False
60,A,gaussian_blur,T013-S1,False,0,,False
60,A,gaussian_blur,T013-S2,False,0,,False
60,A,gaussian_blur,T013-S3,False,0,,False
60,B,clean,T013-S0,False,0,,False
60,B,clean,T013-S1,False,0,,False
60,B,clean,T013-S2,False,0,,False
60,B,clean,T013-S3,False,0,,False
60,B,brightness_dark,T013-S0,False,0,,False
60,B,brightness_dark,T013-S1,False,0,,False
60,B,brightness_dark,T013-S2,False,0,,False
60,B,brightness_dark,T013-S3,False,0,,False
60,B,contrast_low,T013-S0,True,0,1.0,True
60,B,contrast_low,T013-S1,True,0,1.0,True
60,B,contrast_low,T013-S2,True,0,1.0,True
60,B,contrast_low,T013-S3,True,0,1.0,True
60,B,gaussian_noise,T013-S0,False,0,,False
60,B,gaussian_noise,T013-S1,False,0,,False
60,B,gaussian_noise,T013-S2,False,0,,False
60,B,gaussian_noise,T013-S3,False,0,,False
60,B,gaussian_blur,T013-S0,False,0,,False
60,B,gaussian_blur,T013-S1,False,0,,False
60,B,gaussian_blur,T013-S2,False,0,,False
60,B,gaussian_blur,T013-S3,False,0,,False
61,A,clean,T013-S0,True,5,1.0,True
61,A,clean,T013-S1,True,5,1.0,True
61,A,clean,T013-S2,True,5,1.0,True
61,A,clean,T013-S3,True,5,1.0,True
61,A,brightness_dark,T013-S0,False,0,,False
61,A,brightness_dark,T013-S1,False,4,,False
61,A,brightness_dark,T013-S2,False,4,,False
61,A,brightness_dark,T013-S3,False,4,,False
61,A,contrast_low,T013-S0,True,7,1.0,True
61,A,contrast_low,T013-S1,True,7,0.734891813192791,True
61,A,contrast_low,T013-S2,True,7,0.7540481865216447,True
61,A,contrast_low,T013-S3,True,7,1.0,True
61,A,gaussian_noise,T013-S0,True,5,1.0,True
61,A,gaussian_noise,T013-S1,True,5,1.0,True
61,A,gaussian_noise,T013-S2,True,5,1.0,True
61,A,gaussian_noise,T013-S3,True,5,1.0,True
61,A,gaussian_blur,T013-S0,False,4,,False
61,A,gaussian_blur,T013-S1,False,4,,False
61,A,gaussian_blur,T013-S2,False,4,,False
61,A,gaussian_blur,T013-S3,False,4,,False
61,B,clean,T013-S0,False,5,,False
61,B,clean,T013-S1,False,5,,False
61,B,clean,T013-S2,False,5,,False
61,B,clean,T013-S3,True,5,1.0,True
61,B,brightness_dark,T013-S0,False,0,,False
61,B,brightness_dark,T013-S1,False,0,,False
61,B,brightness_dark,T013-S2,False,0,,False
61,B,brightness_dark,T013-S3,False,0,,False
61,B,contrast_low,T013-S0,True,7,0.328952201005087,False
61,B,contrast_low,T013-S1,True,7,0.7283007238937556,True
61,B,contrast_low,T013-S2,True,7,0.7315784500912533,True
61,B,contrast_low,T013-S3,True,7,0.32863210238431356,False
61,B,gaussian_noise,T013-S0,True,5,1.0,True
61,B,gaussian_noise,T013-S1,True,5,1.0,True
61,B,gaussian_noise,T013-S2,False,5,,False
61,B,gaussian_noise,T013-S3,True,5,1.0,True
61,B,gaussian_blur,T013-S0,False,4,,False
61,B,gaussian_blur,T013-S1,False,4,,False
61,B,gaussian_blur,T013-S2,False,4,,False
61,B,gaussian_blur,T013-S3,False,4,,False
62,A,clean,T013-S0,True,0,0.0,False
62,A,clean,T013-S1,True,5,0.49585628638699214,False
62,A,clean,T013-S2,True,5,0.5577023827479332,True
62,A,clean,T013-S3,True,5,0.5546773209144713,True
62,A,brightness_dark,T013-S0,False,0,,False
62,A,brightness_dark,T013-S1,False,0,,False
62,A,brightness_dark,T013-S2,False,0,,False
62,A,brightness_dark,T013-S3,False,0,,False
62,A,contrast_low,T013-S0,True,0,0.0,False
62,A,contrast_low,T013-S1,True,0,0.0,False
62,A,contrast_low,T013-S2,True,0,0.0,False
62,A,contrast_low,T013-S3,True,0,0.0,False
62,A,gaussian_noise,T013-S0,True,5,1.0,True
62,A,gaussian_noise,T013-S1,True,5,1.0,True
62,A,gaussian_noise,T013-S2,True,5,1.0,True
62,A,gaussian_noise,T013-S3,True,5,1.0,True
62,A,gaussian_blur,T013-S0,True,5,0.416461748710959,False
62,A,gaussian_blur,T013-S1,True,0,0.0,False
62,A,gaussian_blur,T013-S2,True,5,0.4165278505709035,False
62,A,gaussian_blur,T013-S3,True,0,0.0,False
62,B,clean,T013-S0,True,5,0.5334656718149416,True
62,B,clean,T013-S1,True,5,0.49384426845362933,False
62,B,clean,T013-S2,True,5,0.555363090583116,True
62,B,clean,T013-S3,True,5,0.5492873936942294,True
62,B,brightness_dark,T013-S0,False,0,,False
62,B,brightness_dark,T013-S1,False,0,,False
62,B,brightness_dark,T013-S2,False,0,,False
62,B,brightness_dark,T013-S3,False,0,,False
62,B,contrast_low,T013-S0,True,0,0.0,False
62,B,contrast_low,T013-S1,True,0,0.0,False
62,B,contrast_low,T013-S2,True,0,0.0,False
62,B,contrast_low,T013-S3,True,0,0.0,False
62,B,gaussian_noise,T013-S0,True,5,1.0,True
62,B,gaussian_noise,T013-S1,True,5,1.0,True
62,B,gaussian_noise,T013-S2,True,5,1.0,True
62,B,gaussian_noise,T013-S3,True,5,1.0,True
62,B,gaussian_blur,T013-S0,True,5,0.4598842049159498,False
62,B,gaussian_blur,T013-S1,True,0,0.0,False
62,B,gaussian_blur,T013-S2,True,0,0.4602672120384468,False
62,B,gaussian_blur,T013-S3,True,5,0.46013806996065654,False
63,A,clean,T013-S0,False,3,,False
63,A,clean,T013-S1,False,3,,False
63,A,clean,T013-S2,False,3,,False
63,A,clean,T013-S3,False,3,,False
63,A,brightness_dark,T013-S0,False,3,,False
63,A,brightness_dark,T013-S1,False,3,,False
63,A,brightness_dark,T013-S2,False,3,,False
63,A,brightness_dark,T013-S3,False,3,,False
63,A,contrast_low,T013-S0,True,4,0.0,False
63,A,contrast_low,T013-S1,True,4,0.0,False
63,A,contrast_low,T013-S2,True,4,0.0,False
63,A,contrast_low,T013-S3,True,4,0.0,False
63,A,gaussian_noise,T013-S0,True,3,0.0,False
63,A,gaussian_noise,T013-S1,False,3,,False
63,A,gaussian_noise,T013-S2,False,3,,False
63,A,gaussian_noise,T013-S3,False,3,,False
63,A,gaussian_blur,T013-S0,False,3,,False
63,A,gaussian_blur,T013-S1,False,3,,False
63,A,gaussian_blur,T013-S2,False,3,,False
63,A,gaussian_blur,T013-S3,False,3,,False
63,B,clean,T013-S0,False,3,,False
63,B,clean,T013-S1,False,3,,False
63,B,clean,T013-S2,False,3,,False
63,B,clean,T013-S3,False,3,,False
63,B,brightness_dark,T013-S0,False,3,,False
63,B,brightness_dark,T013-S1,False,3,,False
63,B,brightness_dark,T013-S2,False,3,,False
63,B,brightness_dark,T013-S3,False,3,,False
63,B,contrast_low,T013-S0,False,4,,False
63,B,contrast_low,T013-S1,False,4,,False
63,B,contrast_low,T013-S2,False,4,,False
63,B,contrast_low,T013-S3,True,4,0.0,False
63,B,gaussian_noise,T013-S0,True,3,0.9653988200094987,True
63,B,gaussian_noise,T013-S1,True,3,1.0,True
63,B,gaussian_noise,T013-S2,True,3,1.0,True
63,B,gaussian_noise,T013-S3,True,3,1.0,True
63,B,gaussian_blur,T013-S0,False,3,,False
63,B,gaussian_blur,T013-S1,False,3,,False
63,B,gaussian_blur,T013-S2,False,3,,False
63,B,gaussian_blur,T013-S3,False,3,,False
64,A,clean,T013-S0,True,3,1.0,True
64,A,clean,T013-S1,False,1,,False
64,A,clean,T013-S2,False,1,,False
64,A,clean,T013-S3,True,3,1.0,True
64,A,brightness_dark,T013-S0,True,3,1.0,True
64,A,brightness_dark,T013-S1,True,3,1.0,True
64,A,brightness_dark,T013-S2,True,3,1.0,True
64,A,brightness_dark,T013-S3,True,3,1.0,True
64,A,contrast_low,T013-S0,True,1,0.0,False
64,A,contrast_low,T013-S1,True,1,0.0,False
64,A,contrast_low,T013-S2,True,1,0.0,False
64,A,contrast_low,T013-S3,True,1,0.0,False
64,A,gaussian_noise,T013-S0,True,3,1.0,True
64,A,gaussian_noise,T013-S1,True,3,1.0,True
64,A,gaussian_noise,T013-S2,True,3,1.0,True
64,A,gaussian_noise,T013-S3,True,3,1.0,True
64,A,gaussian_blur,T013-S0,False,1,,False
64,A,gaussian_blur,T013-S1,False,1,,False
64,A,gaussian_blur,T013-S2,False,1,,False
64,A,gaussian_blur,T013-S3,False,1,,False
64,B,clean,T013-S0,False,1,,False
64,B,clean,T013-S1,False,1,,False
64,B,clean,T013-S2,False,1,,False
64,B,clean,T013-S3,False,1,,False
64,B,brightness_dark,T013-S0,True,5,1.0,True
64,B,brightness_dark,T013-S1,True,5,1.0,True
64,B,brightness_dark,T013-S2,True,5,1.0,True
64,B,brightness_dark,T013-S3,True,5,1.0,True
64,B,contrast_low,T013-S0,True,1,0.0,False
64,B,contrast_low,T013-S1,True,1,0.0,False
64,B,contrast_low,T013-S2,True,1,0.0,False
64,B,contrast_low,T013-S3,True,1,0.0,False
64,B,gaussian_noise,T013-S0,True,3,1.0,True
64,B,gaussian_noise,T013-S1,False,3,,False
64,B,gaussian_noise,T013-S2,False,3,,False
64,B,gaussian_noise,T013-S3,False,3,,False
64,B,gaussian_blur,T013-S0,False,1,,False
64,B,gaussian_blur,T013-S1,False,1,,False
64,B,gaussian_blur,T013-S2,False,1,,False
64,B,gaussian_blur,T013-S3,False,1,,False
65,A,clean,T013-S0,False,5,,False
65,A,clean,T013-S1,False,5,,False
65,A,clean,T013-S2,False,5,,False
65,A,clean,T013-S3,False,5,,False
65,A,brightness_dark,T013-S0,True,5,1.0,True
65,A,brightness_dark,T013-S1,True,5,1.0,True
65,A,brightness_dark,T013-S2,True,5,1.0,True
65,A,brightness_dark,T013-S3,True,5,1.0,True
65,A,contrast_low,T013-S0,False,5,,False
65,A,contrast_low,T013-S1,False,5,,False
65,A,contrast_low,T013-S2,False,5,,False
65,A,contrast_low,T013-S3,False,5,,False
65,A,gaussian_noise,T013-S0,False,5,,False
65,A,gaussian_noise,T013-S1,False,5,,False
65,A,gaussian_noise,T013-S2,False,5,,False
65,A,gaussian_noise,T013-S3,False,5,,False
65,A,gaussian_blur,T013-S0,False,5,,False
65,A,gaussian_blur,T013-S1,False,5,,False
65,A,gaussian_blur,T013-S2,False,5,,False
65,A,gaussian_blur,T013-S3,False,5,,False
65,B,clean,T013-S0,False,5,,False
65,B,clean,T013-S1,False,5,,False
65,B,clean,T013-S2,False,5,,False
65,B,clean,T013-S3,False,5,,False
65,B,brightness_dark,T013-S0,True,5,1.0,True
65,B,brightness_dark,T013-S1,True,5,1.0,True
65,B,brightness_dark,T013-S2,True,5,1.0,True
65,B,brightness_dark,T013-S3,True,5,1.0,True
65,B,contrast_low,T013-S0,False,5,,False
65,B,contrast_low,T013-S1,False,5,,False
65,B,contrast_low,T013-S2,False,5,,False
65,B,contrast_low,T013-S3,False,5,,False
65,B,gaussian_noise,T013-S0,False,5,,False
65,B,gaussian_noise,T013-S1,False,5,,False
65,B,gaussian_noise,T013-S2,False,5,,False
65,B,gaussian_noise,T013-S3,False,5,,False
65,B,gaussian_blur,T013-S0,False,5,,False
65,B,gaussian_blur,T013-S1,False,5,,False
65,B,gaussian_blur,T013-S2,False,5,,False
65,B,gaussian_blur,T013-S3,False,5,,False
66,A,clean,T013-S0,True,9,0.7961724842643099,True
66,A,clean,T013-S1,True,9,0.8256969102457291,True
66,A,clean,T013-S2,True,9,0.9379025851969793,True
66,A,clean,T013-S3,True,9,0.8217076285566808,True
66,A,brightness_dark,T013-S0,True,9,1.0,True
66,A,brightness_dark,T013-S1,True,9,1.0,True
66,A,brightness_dark,T013-S2,True,9,1.0,True
66,A,brightness_dark,T013-S3,True,9,1.0,True
66,A,contrast_low,T013-S0,False,7,,False
66,A,contrast_low,T013-S1,False,7,,False
66,A,contrast_low,T013-S2,False,7,,False
66,A,contrast_low,T013-S3,False,7,,False
66,A,gaussian_noise,T013-S0,True,9,0.8046584525580042,True
66,A,gaussian_noise,T013-S1,True,9,0.8049301680863571,True
66,A,gaussian_noise,T013-S2,True,9,0.8056508945460376,True
66,A,gaussian_noise,T013-S3,True,9,0.8056228824037033,True
66,A,gaussian_blur,T013-S0,True,9,0.44721768846100335,False
66,A,gaussian_blur,T013-S1,True,9,0.4473594831284449,False
66,A,gaussian_blur,T013-S2,True,9,0.4496527834771792,False
66,A,gaussian_blur,T013-S3,True,9,0.4344540608853672,False
66,B,clean,T013-S0,True,9,0.7646694364445822,True
66,B,clean,T013-S1,True,9,0.8100315806934817,True
66,B,clean,T013-S2,True,9,0.8982077853797314,True
66,B,clean,T013-S3,True,9,0.8056401599287677,True
66,B,brightness_dark,T013-S0,True,9,1.0,True
66,B,brightness_dark,T013-S1,True,9,1.0,True
66,B,brightness_dark,T013-S2,True,9,1.0,True
66,B,brightness_dark,T013-S3,True,9,1.0,True
66,B,contrast_low,T013-S0,False,7,,False
66,B,contrast_low,T013-S1,False,7,,False
66,B,contrast_low,T013-S2,False,7,,False
66,B,contrast_low,T013-S3,False,7,,False
66,B,gaussian_noise,T013-S0,True,9,0.6905714660619006,True
66,B,gaussian_noise,T013-S1,True,9,0.6907677343971101,True
66,B,gaussian_noise,T013-S2,True,9,0.6917226453600972,True
66,B,gaussian_noise,T013-S3,True,9,0.6911087132208467,True
66,B,gaussian_blur,T013-S0,True,9,0.4660600410629947,False
66,B,gaussian_blur,T013-S1,True,9,0.46757745363746867,False
66,B,gaussian_blur,T013-S2,True,9,0.46823116740806886,False
66,B,gaussian_blur,T013-S3,True,9,0.4669395674880421,False
67,A,clean,T013-S0,False,1,,False
67,A,clean,T013-S1,False,1,,False
67,A,clean,T013-S2,False,1,,False
67,A,clean,T013-S3,False,1,,False
67,A,brightness_dark,T013-S0,True,1,1.0,True
67,A,brightness_dark,T013-S1,True,1,1.0,True
67,A,brightness_dark,T013-S2,True,1,1.0,True
67,A,brightness_dark,T013-S3,True,1,1.0,True
67,A,contrast_low,T013-S0,False,1,,False
67,A,contrast_low,T013-S1,False,1,,False
67,A,contrast_low,T013-S2,False,1,,False
67,A,contrast_low,T013-S3,False,1,,False
67,A,gaussian_noise,T013-S0,False,1,,False
67,A,gaussian_noise,T013-S1,False,1,,False
67,A,gaussian_noise,T013-S2,False,1,,False
67,A,gaussian_noise,T013-S3,False,1,,False
67,A,gaussian_blur,T013-S0,False,1,,False
67,A,gaussian_blur,T013-S1,False,1,,False
67,A,gaussian_blur,T013-S2,False,1,,False
67,A,gaussian_blur,T013-S3,False,1,,False
67,B,clean,T013-S0,False,1,,False
67,B,clean,T013-S1,False,1,,False
67,B,clean,T013-S2,False,1,,False
67,B,clean,T013-S3,False,1,,False
67,B,brightness_dark,T013-S0,True,1,1.0,True
67,B,brightness_dark,T013-S1,True,1,1.0,True
67,B,brightness_dark,T013-S2,True,1,1.0,True
67,B,brightness_dark,T013-S3,True,1,1.0,True
67,B,contrast_low,T013-S0,False,1,,False
67,B,contrast_low,T013-S1,False,1,,False
67,B,contrast_low,T013-S2,False,1,,False
67,B,contrast_low,T013-S3,False,1,,False
67,B,gaussian_noise,T013-S0,False,1,,False
67,B,gaussian_noise,T013-S1,False,1,,False
67,B,gaussian_noise,T013-S2,False,1,,False
67,B,gaussian_noise,T013-S3,False,1,,False
67,B,gaussian_blur,T013-S0,False,1,,False
67,B,gaussian_blur,T013-S1,False,1,,False
67,B,gaussian_blur,T013-S2,False,1,,False
67,B,gaussian_blur,T013-S3,False,1,,False
68,A,clean,T013-S0,False,1,,False
68,A,clean,T013-S1,False,1,,False
68,A,clean,T013-S2,False,1,,False
68,A,clean,T013-S3,False,1,,False
68,A,brightness_dark,T013-S0,False,1,,False
68,A,brightness_dark,T013-S1,False,1,,False
68,A,brightness_dark,T013-S2,False,1,,False
68,A,brightness_dark,T013-S3,False,1,,False
68,A,contrast_low,T013-S0,True,1,1.0,True
68,A,contrast_low,T013-S1,True,1,1.0,True
68,A,contrast_low,T013-S2,True,1,1.0,True
68,A,contrast_low,T013-S3,True,1,1.0,True
68,A,gaussian_noise,T013-S0,True,7,1.0,True
68,A,gaussian_noise,T013-S1,True,7,1.0,True
68,A,gaussian_noise,T013-S2,False,7,,False
68,A,gaussian_noise,T013-S3,False,7,,False
68,A,gaussian_blur,T013-S0,False,1,,False
68,A,gaussian_blur,T013-S1,False,1,,False
68,A,gaussian_blur,T013-S2,False,1,,False
68,A,gaussian_blur,T013-S3,False,1,,False
68,B,clean,T013-S0,False,1,,False
68,B,clean,T013-S1,False,1,,False
68,B,clean,T013-S2,False,1,,False
68,B,clean,T013-S3,False,1,,False
68,B,brightness_dark,T013-S0,False,1,,False
68,B,brightness_dark,T013-S1,False,1,,False
68,B,brightness_dark,T013-S2,False,1,,False
68,B,brightness_dark,T013-S3,False,1,,False
68,B,contrast_low,T013-S0,False,1,,False
68,B,contrast_low,T013-S1,False,1,,False
68,B,contrast_low,T013-S2,True,1,1.0,True
68,B,contrast_low,T013-S3,False,1,,False
68,B,gaussian_noise,T013-S0,False,1,,False
68,B,gaussian_noise,T013-S1,True,9,1.0,True
68,B,gaussian_noise,T013-S2,False,1,,False
68,B,gaussian_noise,T013-S3,True,9,1.0,True
68,B,gaussian_blur,T013-S0,False,1,,False
68,B,gaussian_blur,T013-S1,False,1,,False
68,B,gaussian_blur,T013-S2,False,1,,False
68,B,gaussian_blur,T013-S3,False,1,,False
69,A,clean,T013-S0,False,2,,False
69,A,clean,T013-S1,False,2,,False
69,A,clean,T013-S2,False,2,,False
69,A,clean,T013-S3,False,2,,False
69,A,brightness_dark,T013-S0,True,2,0.0,False
69,A,brightness_dark,T013-S1,True,2,0.0,False
69,A,brightness_dark,T013-S2,True,2,0.0,False
69,A,brightness_dark,T013-S3,False,2,,False
69,A,contrast_low,T013-S0,True,7,1.0,True
69,A,contrast_low,T013-S1,True,7,1.0,True
69,A,contrast_low,T013-S2,True,7,1.0,True
69,A,contrast_low,T013-S3,True,7,1.0,True
69,A,gaussian_noise,T013-S0,False,2,,False
69,A,gaussian_noise,T013-S1,False,2,,False
69,A,gaussian_noise,T013-S2,False,2,,False
69,A,gaussian_noise,T013-S3,False,2,,False
69,A,gaussian_blur,T013-S0,True,7,1.0,True
69,A,gaussian_blur,T013-S1,True,7,1.0,True
69,A,gaussian_blur,T013-S2,True,7,1.0,True
69,A,gaussian_blur,T013-S3,True,7,1.0,True
69,B,clean,T013-S0,False,2,,False
69,B,clean,T013-S1,False,2,,False
69,B,clean,T013-S2,False,2,,False
69,B,clean,T013-S3,False,2,,False
69,B,brightness_dark,T013-S0,False,2,,False
69,B,brightness_dark,T013-S1,False,2,,False
69,B,brightness_dark,T013-S2,False,2,,False
69,B,brightness_dark,T013-S3,False,2,,False
69,B,contrast_low,T013-S0,True,7,1.0,True
69,B,contrast_low,T013-S1,True,7,0.528856005020593,True
69,B,contrast_low,T013-S2,True,7,1.0,True
69,B,contrast_low,T013-S3,True,7,1.0,True
69,B,gaussian_noise,T013-S0,False,2,,False
69,B,gaussian_noise,T013-S1,False,2,,False
69,B,gaussian_noise,T013-S2,False,2,,False
69,B,gaussian_noise,T013-S3,False,2,,False
69,B,gaussian_blur,T013-S0,True,7,1.0,True
69,B,gaussian_blur,T013-S1,True,7,1.0,True
69,B,gaussian_blur,T013-S2,True,7,1.0,True
69,B,gaussian_blur,T013-S3,True,7,1.0,True
70,A,clean,T013-S0,False,0,,False
70,A,clean,T013-S1,False,0,,False
70,A,clean,T013-S2,False,0,,False
70,A,clean,T013-S3,False,0,,False
70,A,brightness_dark,T013-S0,False,0,,False
70,A,brightness_dark,T013-S1,False,0,,False
70,A,brightness_dark,T013-S2,False,0,,False
70,A,brightness_dark,T013-S3,False,0,,False
70,A,contrast_low,T013-S0,False,0,,False
70,A,contrast_low,T013-S1,False,0,,False
70,A,contrast_low,T013-S2,False,0,,False
70,A,contrast_low,T013-S3,False,0,,False
70,A,gaussian_noise,T013-S0,False,0,,False
70,A,gaussian_noise,T013-S1,False,0,,False
70,A,gaussian_noise,T013-S2,False,0,,False
70,A,gaussian_noise,T013-S3,False,0,,False
70,A,gaussian_blur,T013-S0,True,0,1.0,True
70,A,gaussian_blur,T013-S1,True,0,1.0,True
70,A,gaussian_blur,T013-S2,True,0,1.0,True
70,A,gaussian_blur,T013-S3,True,0,0.0,False
70,B,clean,T013-S0,False,0,,False
70,B,clean,T013-S1,False,0,,False
70,B,clean,T013-S2,False,0,,False
70,B,clean,T013-S3,False,0,,False
70,B,brightness_dark,T013-S0,False,0,,False
70,B,brightness_dark,T013-S1,False,0,,False
70,B,brightness_dark,T013-S2,False,0,,False
70,B,brightness_dark,T013-S3,False,0,,False
70,B,contrast_low,T013-S0,False,0,,False
70,B,contrast_low,T013-S1,False,0,,False
70,B,contrast_low,T013-S2,False,0,,False
70,B,contrast_low,T013-S3,False,0,,False
70,B,gaussian_noise,T013-S0,False,0,,False
70,B,gaussian_noise,T013-S1,False,0,,False
70,B,gaussian_noise,T013-S2,False,0,,False
70,B,gaussian_noise,T013-S3,False,0,,False
70,B,gaussian_blur,T013-S0,True,0,0.0,False
70,B,gaussian_blur,T013-S1,True,0,1.0,True
70,B,gaussian_blur,T013-S2,False,0,,False
70,B,gaussian_blur,T013-S3,False,0,,False
71,A,clean,T013-S0,False,4,,False
71,A,clean,T013-S1,False,4,,False
71,A,clean,T013-S2,False,4,,False
71,A,clean,T013-S3,False,4,,False
71,A,brightness_dark,T013-S0,False,4,,False
71,A,brightness_dark,T013-S1,False,4,,False
71,A,brightness_dark,T013-S2,False,4,,False
71,A,brightness_dark,T013-S3,False,4,,False
71,A,contrast_low,T013-S0,True,4,1.0,True
71,A,contrast_low,T013-S1,True,4,1.0,True
71,A,contrast_low,T013-S2,True,4,1.0,True
71,A,contrast_low,T013-S3,True,4,1.0,True
71,A,gaussian_noise,T013-S0,False,4,,False
71,A,gaussian_noise,T013-S1,False,4,,False
71,A,gaussian_noise,T013-S2,False,4,,False
71,A,gaussian_noise,T013-S3,False,4,,False
71,A,gaussian_blur,T013-S0,True,4,1.0,True
71,A,gaussian_blur,T013-S1,True,4,1.0,True
71,A,gaussian_blur,T013-S2,True,4,1.0,True
71,A,gaussian_blur,T013-S3,True,4,1.0,True
71,B,clean,T013-S0,False,4,,False
71,B,clean,T013-S1,False,4,,False
71,B,clean,T013-S2,False,4,,False
71,B,clean,T013-S3,False,4,,False
71,B,brightness_dark,T013-S0,False,4,,False
71,B,brightness_dark,T013-S1,False,4,,False
71,B,brightness_dark,T013-S2,False,4,,False
71,B,brightness_dark,T013-S3,False,4,,False
71,B,contrast_low,T013-S0,True,4,1.0,True
71,B,contrast_low,T013-S1,True,4,1.0,True
71,B,contrast_low,T013-S2,True,4,1.0,True
71,B,contrast_low,T013-S3,True,4,1.0,True
71,B,gaussian_noise,T013-S0,False,4,,False
71,B,gaussian_noise,T013-S1,False,4,,False
71,B,gaussian_noise,T013-S2,False,4,,False
71,B,gaussian_noise,T013-S3,False,4,,False
71,B,gaussian_blur,T013-S0,True,4,1.0,True
71,B,gaussian_blur,T013-S1,True,4,1.0,True
71,B,gaussian_blur,T013-S2,True,4,1.0,True
71,B,gaussian_blur,T013-S3,True,4,1.0,True
72,A,clean,T013-S0,True,5,1.0,True
72,A,clean,T013-S1,True,5,1.0,True
72,A,clean,T013-S2,True,5,1.0,True
72,A,clean,T013-S3,True,5,1.0,True
72,A,brightness_dark,T013-S0,False,0,,False
72,A,brightness_dark,T013-S1,False,0,,False
72,A,brightness_dark,T013-S2,False,0,,False
72,A,brightness_dark,T013-S3,False,0,,False
72,A,contrast_low,T013-S0,True,5,1.0,True
72,A,contrast_low,T013-S1,True,5,1.0,True
72,A,contrast_low,T013-S2,True,5,1.0,True
72,A,contrast_low,T013-S3,True,5,1.0,True
72,A,gaussian_noise,T013-S0,True,5,1.0,True
72,A,gaussian_noise,T013-S1,True,5,1.0,True
72,A,gaussian_noise,T013-S2,True,5,1.0,True
72,A,gaussian_noise,T013-S3,True,5,1.0,True
72,A,gaussian_blur,T013-S0,True,5,1.0,True
72,A,gaussian_blur,T013-S1,True,5,1.0,True
72,A,gaussian_blur,T013-S2,True,5,1.0,True
72,A,gaussian_blur,T013-S3,True,5,1.0,True
72,B,clean,T013-S0,True,5,1.0,True
72,B,clean,T013-S1,True,5,1.0,True
72,B,clean,T013-S2,True,5,1.0,True
72,B,clean,T013-S3,True,5,1.0,True
72,B,brightness_dark,T013-S0,False,0,,False
72,B,brightness_dark,T013-S1,False,0,,False
72,B,brightness_dark,T013-S2,False,0,,False
72,B,brightness_dark,T013-S3,False,0,,False
72,B,contrast_low,T013-S0,True,5,1.0,True
72,B,contrast_low,T013-S1,True,5,1.0,True
72,B,contrast_low,T013-S2,True,5,1.0,True
72,B,contrast_low,T013-S3,True,5,1.0,True
72,B,gaussian_noise,T013-S0,True,5,1.0,True
72,B,gaussian_noise,T013-S1,True,5,1.0,True
72,B,gaussian_noise,T013-S2,True,5,1.0,True
72,B,gaussian_noise,T013-S3,True,5,1.0,True
72,B,gaussian_blur,T013-S0,True,5,1.0,True
72,B,gaussian_blur,T013-S1,True,5,1.0,True
72,B,gaussian_blur,T013-S2,True,5,1.0,True
72,B,gaussian_blur,T013-S3,True,5,1.0,True
73,A,clean,T013-S0,False,5,,False
73,A,clean,T013-S1,False,5,,False
73,A,clean,T013-S2,False,5,,False
73,A,clean,T013-S3,False,5,,False
73,A,brightness_dark,T013-S0,False,5,,False
73,A,brightness_dark,T013-S1,False,5,,False
73,A,brightness_dark,T013-S2,False,5,,False
73,A,brightness_dark,T013-S3,False,5,,False
73,A,contrast_low,T013-S0,False,5,,False
73,A,contrast_low,T013-S1,False,5,,False
73,A,contrast_low,T013-S2,False,5,,False
73,A,contrast_low,T013-S3,False,5,,False
73,A,gaussian_noise,T013-S0,False,5,,False
73,A,gaussian_noise,T013-S1,False,5,,False
73,A,gaussian_noise,T013-S2,False,5,,False
73,A,gaussian_noise,T013-S3,False,5,,False
73,A,gaussian_blur,T013-S0,False,5,,False
73,A,gaussian_blur,T013-S1,False,5,,False
73,A,gaussian_blur,T013-S2,False,5,,False
73,A,gaussian_blur,T013-S3,False,5,,False
73,B,clean,T013-S0,False,5,,False
73,B,clean,T013-S1,False,5,,False
73,B,clean,T013-S2,False,5,,False
73,B,clean,T013-S3,False,5,,False
73,B,brightness_dark,T013-S0,False,5,,False
73,B,brightness_dark,T013-S1,False,5,,False
73,B,brightness_dark,T013-S2,False,5,,False
73,B,brightness_dark,T013-S3,False,5,,False
73,B,contrast_low,T013-S0,False,5,,False
73,B,contrast_low,T013-S1,False,5,,False
73,B,contrast_low,T013-S2,False,5,,False
73,B,contrast_low,T013-S3,False,5,,False
73,B,gaussian_noise,T013-S0,False,5,,False
73,B,gaussian_noise,T013-S1,False,5,,False
73,B,gaussian_noise,T013-S2,False,5,,False
73,B,gaussian_noise,T013-S3,False,5,,False
73,B,gaussian_blur,T013-S0,False,5,,False
73,B,gaussian_blur,T013-S1,False,5,,False
73,B,gaussian_blur,T013-S2,False,5,,False
73,B,gaussian_blur,T013-S3,False,5,,False
74,A,clean,T013-S0,False,6,,False
74,A,clean,T013-S1,False,6,,False
74,A,clean,T013-S2,False,6,,False
74,A,clean,T013-S3,False,6,,False
74,A,brightness_dark,T013-S0,False,6,,False
74,A,brightness_dark,T013-S1,False,6,,False
74,A,brightness_dark,T013-S2,False,6,,False
74,A,brightness_dark,T013-S3,False,6,,False
74,A,contrast_low,T013-S0,False,6,,False
74,A,contrast_low,T013-S1,False,6,,False
74,A,contrast_low,T013-S2,False,6,,False
74,A,contrast_low,T013-S3,False,6,,False
74,A,gaussian_noise,T013-S0,False,6,,False
74,A,gaussian_noise,T013-S1,False,6,,False
74,A,gaussian_noise,T013-S2,False,6,,False
74,A,gaussian_noise,T013-S3,False,6,,False
74,A,gaussian_blur,T013-S0,False,6,,False
74,A,gaussian_blur,T013-S1,False,6,,False
74,A,gaussian_blur,T013-S2,False,6,,False
74,A,gaussian_blur,T013-S3,False,6,,False
74,B,clean,T013-S0,False,6,,False
74,B,clean,T013-S1,False,6,,False
74,B,clean,T013-S2,False,6,,False
74,B,clean,T013-S3,False,6,,False
74,B,brightness_dark,T013-S0,False,6,,False
74,B,brightness_dark,T013-S1,False,6,,False
74,B,brightness_dark,T013-S2,False,6,,False
74,B,brightness_dark,T013-S3,False,6,,False
74,B,contrast_low,T013-S0,False,6,,False
74,B,contrast_low,T013-S1,False,6,,False
74,B,contrast_low,T013-S2,False,6,,False
74,B,contrast_low,T013-S3,False,6,,False
74,B,gaussian_noise,T013-S0,False,6,,False
74,B,gaussian_noise,T013-S1,False,6,,False
74,B,gaussian_noise,T013-S2,False,6,,False
74,B,gaussian_noise,T013-S3,False,6,,False
74,B,gaussian_blur,T013-S0,False,6,,False
74,B,gaussian_blur,T013-S1,False,6,,False
74,B,gaussian_blur,T013-S2,False,6,,False
74,B,gaussian_blur,T013-S3,False,6,,False
75,A,clean,T013-S0,True,0,0.9929579481846622,True
75,A,clean,T013-S1,True,0,1.0,True
75,A,clean,T013-S2,True,0,1.0,True
75,A,clean,T013-S3,True,0,1.0,True
75,A,brightness_dark,T013-S0,True,0,0.0,False
75,A,brightness_dark,T013-S1,True,0,0.0,False
75,A,brightness_dark,T013-S2,True,0,0.0,False
75,A,brightness_dark,T013-S3,True,0,0.0,False
75,A,contrast_low,T013-S0,True,3,1.0,True
75,A,contrast_low,T013-S1,True,3,1.0,True
75,A,contrast_low,T013-S2,True,3,1.0,True
75,A,contrast_low,T013-S3,True,3,1.0,True
75,A,gaussian_noise,T013-S0,True,3,0.6496266654525742,True
75,A,gaussian_noise,T013-S1,True,3,0.6495078611612797,True
75,A,gaussian_noise,T013-S2,True,3,0.6508555276485631,True
75,A,gaussian_noise,T013-S3,True,3,0.6467704791171066,True
75,A,gaussian_blur,T013-S0,True,3,1.0,True
75,A,gaussian_blur,T013-S1,True,3,1.0,True
75,A,gaussian_blur,T013-S2,True,3,1.0,True
75,A,gaussian_blur,T013-S3,True,3,1.0,True
75,B,clean,T013-S0,True,0,1.0,True
75,B,clean,T013-S1,True,0,1.0,True
75,B,clean,T013-S2,True,0,1.0,True
75,B,clean,T013-S3,True,0,1.0,True
75,B,brightness_dark,T013-S0,True,0,0.0,False
75,B,brightness_dark,T013-S1,True,0,0.0,False
75,B,brightness_dark,T013-S2,True,0,0.0,False
75,B,brightness_dark,T013-S3,True,0,0.0,False
75,B,contrast_low,T013-S0,True,3,1.0,True
75,B,contrast_low,T013-S1,True,3,1.0,True
75,B,contrast_low,T013-S2,True,3,1.0,True
75,B,contrast_low,T013-S3,True,3,1.0,True
75,B,gaussian_noise,T013-S0,True,3,0.6743096420719289,True
75,B,gaussian_noise,T013-S1,True,3,0.6744217602431194,True
75,B,gaussian_noise,T013-S2,True,3,0.6756308186818673,True
75,B,gaussian_noise,T013-S3,True,3,0.6716241227209069,True
75,B,gaussian_blur,T013-S0,True,3,1.0,True
75,B,gaussian_blur,T013-S1,True,3,1.0,True
75,B,gaussian_blur,T013-S2,True,3,1.0,True
75,B,gaussian_blur,T013-S3,True,3,1.0,True
76,A,clean,T013-S0,True,6,1.0,True
76,A,clean,T013-S1,True,6,0.4482853735715876,False
76,A,clean,T013-S2,True,6,1.0,True
76,A,clean,T013-S3,True,6,1.0,True
76,A,brightness_dark,T013-S0,False,1,,False
76,A,brightness_dark,T013-S1,False,1,,False
76,A,brightness_dark,T013-S2,False,1,,False
76,A,brightness_dark,T013-S3,False,1,,False
76,A,contrast_low,T013-S0,True,6,0.9478063910354256,True
76,A,contrast_low,T013-S1,True,6,0.9465318617334825,True
76,A,contrast_low,T013-S2,True,6,0.9480344532062033,True
76,A,contrast_low,T013-S3,True,6,0.9473305945851053,True
76,A,gaussian_noise,T013-S0,True,1,0.0,False
76,A,gaussian_noise,T013-S1,True,1,0.0,False
76,A,gaussian_noise,T013-S2,True,1,0.0,False
76,A,gaussian_noise,T013-S3,True,1,0.0,False
76,A,gaussian_blur,T013-S0,True,1,1.0,True
76,A,gaussian_blur,T013-S1,True,6,1.0,True
76,A,gaussian_blur,T013-S2,False,1,,False
76,A,gaussian_blur,T013-S3,False,1,,False
76,B,clean,T013-S0,True,6,1.0,True
76,B,clean,T013-S1,True,6,1.0,True
76,B,clean,T013-S2,True,6,1.0,True
76,B,clean,T013-S3,True,6,1.0,True
76,B,brightness_dark,T013-S0,False,1,,False
76,B,brightness_dark,T013-S1,False,1,,False
76,B,brightness_dark,T013-S2,False,1,,False
76,B,brightness_dark,T013-S3,False,1,,False
76,B,contrast_low,T013-S0,True,6,0.9326987778241457,True
76,B,contrast_low,T013-S1,True,6,0.9328611566781284,True
76,B,contrast_low,T013-S2,True,6,0.93310152527701,True
76,B,contrast_low,T013-S3,True,6,0.9325530236798062,True
76,B,gaussian_noise,T013-S0,True,1,0.0,False
76,B,gaussian_noise,T013-S1,True,1,0.0,False
76,B,gaussian_noise,T013-S2,True,1,0.0,False
76,B,gaussian_noise,T013-S3,True,1,0.0,False
76,B,gaussian_blur,T013-S0,True,1,1.0,True
76,B,gaussian_blur,T013-S1,True,6,1.0,True
76,B,gaussian_blur,T013-S2,True,1,1.0,True
76,B,gaussian_blur,T013-S3,True,1,1.0,True
77,A,clean,T013-S0,False,0,,False
77,A,clean,T013-S1,False,0,,False
77,A,clean,T013-S2,False,0,,False
77,A,clean,T013-S3,False,0,,False
77,A,brightness_dark,T013-S0,True,0,1.0,True
77,A,brightness_dark,T013-S1,False,0,,False
77,A,brightness_dark,T013-S2,True,2,1.0,True
77,A,brightness_dark,T013-S3,True,0,1.0,True
77,A,contrast_low,T013-S0,False,0,,False
77,A,contrast_low,T013-S1,False,0,,False
77,A,contrast_low,T013-S2,False,0,,False
77,A,contrast_low,T013-S3,False,0,,False
77,A,gaussian_noise,T013-S0,False,0,,False
77,A,gaussian_noise,T013-S1,False,0,,False
77,A,gaussian_noise,T013-S2,False,0,,False
77,A,gaussian_noise,T013-S3,False,0,,False
77,A,gaussian_blur,T013-S0,False,0,,False
77,A,gaussian_blur,T013-S1,False,0,,False
77,A,gaussian_blur,T013-S2,False,0,,False
77,A,gaussian_blur,T013-S3,False,0,,False
77,B,clean,T013-S0,False,0,,False
77,B,clean,T013-S1,False,0,,False
77,B,clean,T013-S2,False,0,,False
77,B,clean,T013-S3,False,0,,False
77,B,brightness_dark,T013-S0,True,2,1.0,True
77,B,brightness_dark,T013-S1,True,2,1.0,True
77,B,brightness_dark,T013-S2,True,2,1.0,True
77,B,brightness_dark,T013-S3,True,2,1.0,True
77,B,contrast_low,T013-S0,False,0,,False
77,B,contrast_low,T013-S1,False,0,,False
77,B,contrast_low,T013-S2,False,0,,False
77,B,contrast_low,T013-S3,False,0,,False
77,B,gaussian_noise,T013-S0,False,0,,False
77,B,gaussian_noise,T013-S1,False,0,,False
77,B,gaussian_noise,T013-S2,False,0,,False
77,B,gaussian_noise,T013-S3,False,0,,False
77,B,gaussian_blur,T013-S0,False,0,,False
77,B,gaussian_blur,T013-S1,False,0,,False
77,B,gaussian_blur,T013-S2,False,0,,False
77,B,gaussian_blur,T013-S3,False,0,,False
78,A,clean,T013-S0,False,4,,False
78,A,clean,T013-S1,False,4,,False
78,A,clean,T013-S2,False,4,,False
78,A,clean,T013-S3,False,4,,False
78,A,brightness_dark,T013-S0,True,5,1.0,True
78,A,brightness_dark,T013-S1,True,5,1.0,True
78,A,brightness_dark,T013-S2,True,5,1.0,True
78,A,brightness_dark,T013-S3,True,5,1.0,True
78,A,contrast_low,T013-S0,False,5,,False
78,A,contrast_low,T013-S1,False,5,,False
78,A,contrast_low,T013-S2,False,5,,False
78,A,contrast_low,T013-S3,False,5,,False
78,A,gaussian_noise,T013-S0,False,4,,False
78,A,gaussian_noise,T013-S1,False,4,,False
78,A,gaussian_noise,T013-S2,False,4,,False
78,A,gaussian_noise,T013-S3,False,4,,False
78,A,gaussian_blur,T013-S0,False,4,,False
78,A,gaussian_blur,T013-S1,False,4,,False
78,A,gaussian_blur,T013-S2,False,4,,False
78,A,gaussian_blur,T013-S3,False,4,,False
78,B,clean,T013-S0,False,4,,False
78,B,clean,T013-S1,False,4,,False
78,B,clean,T013-S2,False,4,,False
78,B,clean,T013-S3,False,4,,False
78,B,brightness_dark,T013-S0,True,5,1.0,True
78,B,brightness_dark,T013-S1,True,5,1.0,True
78,B,brightness_dark,T013-S2,True,5,1.0,True
78,B,brightness_dark,T013-S3,True,5,1.0,True
78,B,contrast_low,T013-S0,False,5,,False
78,B,contrast_low,T013-S1,False,5,,False
78,B,contrast_low,T013-S2,False,5,,False
78,B,contrast_low,T013-S3,False,5,,False
78,B,gaussian_noise,T013-S0,False,4,,False
78,B,gaussian_noise,T013-S1,False,4,,False
78,B,gaussian_noise,T013-S2,False,4,,False
78,B,gaussian_noise,T013-S3,False,4,,False
78,B,gaussian_blur,T013-S0,False,4,,False
78,B,gaussian_blur,T013-S1,False,4,,False
78,B,gaussian_blur,T013-S2,False,4,,False
78,B,gaussian_blur,T013-S3,False,4,,False
79,A,clean,T013-S0,False,1,,False
79,A,clean,T013-S1,False,1,,False
79,A,clean,T013-S2,False,1,,False
79,A,clean,T013-S3,False,1,,False
79,A,brightness_dark,T013-S0,False,1,,False
79,A,brightness_dark,T013-S1,False,1,,False
79,A,brightness_dark,T013-S2,False,1,,False
79,A,brightness_dark,T013-S3,False,1,,False
79,A,contrast_low,T013-S0,True,2,1.0,True
79,A,contrast_low,T013-S1,True,2,1.0,True
79,A,contrast_low,T013-S2,True,2,1.0,True
79,A,contrast_low,T013-S3,True,2,1.0,True
79,A,gaussian_noise,T013-S0,False,1,,False
79,A,gaussian_noise,T013-S1,False,1,,False
79,A,gaussian_noise,T013-S2,False,1,,False
79,A,gaussian_noise,T013-S3,False,1,,False
79,A,gaussian_blur,T013-S0,False,1,,False
79,A,gaussian_blur,T013-S1,False,1,,False
79,A,gaussian_blur,T013-S2,False,1,,False
79,A,gaussian_blur,T013-S3,False,1,,False
79,B,clean,T013-S0,False,1,,False
79,B,clean,T013-S1,False,1,,False
79,B,clean,T013-S2,False,1,,False
79,B,clean,T013-S3,False,1,,False
79,B,brightness_dark,T013-S0,False,1,,False
79,B,brightness_dark,T013-S1,False,1,,False
79,B,brightness_dark,T013-S2,False,1,,False
79,B,brightness_dark,T013-S3,False,1,,False
79,B,contrast_low,T013-S0,True,1,1.0,True
79,B,contrast_low,T013-S1,True,1,1.0,True
79,B,contrast_low,T013-S2,True,1,1.0,True
79,B,contrast_low,T013-S3,True,1,1.0,True
79,B,gaussian_noise,T013-S0,False,1,,False
79,B,gaussian_noise,T013-S1,False,1,,False
79,B,gaussian_noise,T013-S2,False,1,,False
79,B,gaussian_noise,T013-S3,False,1,,False
79,B,gaussian_blur,T013-S0,False,1,,False
79,B,gaussian_blur,T013-S1,False,1,,False
79,B,gaussian_blur,T013-S2,False,1,,False
79,B,gaussian_blur,T013-S3,False,1,,False
80,A,clean,T013-S0,False,6,,False
80,A,clean,T013-S1,False,6,,False
80,A,clean,T013-S2,False,6,,False
80,A,clean,T013-S3,False,6,,False
80,A,brightness_dark,T013-S0,False,6,,False
80,A,brightness_dark,T013-S1,False,6,,False
80,A,brightness_dark,T013-S2,False,6,,False
80,A,brightness_dark,T013-S3,False,6,,False
80,A,contrast_low,T013-S0,False,6,,False
80,A,contrast_low,T013-S1,False,6,,False
80,A,contrast_low,T013-S2,False,6,,False
80,A,contrast_low,T013-S3,False,6,,False
80,A,gaussian_noise,T013-S0,False,6,,False
80,A,gaussian_noise,T013-S1,False,6,,False
80,A,gaussian_noise,T013-S2,False,6,,False
80,A,gaussian_noise,T013-S3,False,6,,False
80,A,gaussian_blur,T013-S0,False,6,,False
80,A,gaussian_blur,T013-S1,False,6,,False
80,A,gaussian_blur,T013-S2,False,6,,False
80,A,gaussian_blur,T013-S3,False,6,,False
80,B,clean,T013-S0,False,6,,False
80,B,clean,T013-S1,False,6,,False
80,B,clean,T013-S2,False,6,,False
80,B,clean,T013-S3,False,6,,False
80,B,brightness_dark,T013-S0,False,6,,False
80,B,brightness_dark,T013-S1,False,6,,False
80,B,brightness_dark,T013-S2,False,6,,False
80,B,brightness_dark,T013-S3,False,6,,False
80,B,contrast_low,T013-S0,False,6,,False
80,B,contrast_low,T013-S1,False,6,,False
80,B,contrast_low,T013-S2,False,6,,False
80,B,contrast_low,T013-S3,False,6,,False
80,B,gaussian_noise,T013-S0,False,6,,False
80,B,gaussian_noise,T013-S1,False,6,,False
80,B,gaussian_noise,T013-S2,False,6,,False
80,B,gaussian_noise,T013-S3,False,6,,False
80,B,gaussian_blur,T013-S0,False,6,,False
80,B,gaussian_blur,T013-S1,False,6,,False
80,B,gaussian_blur,T013-S2,False,6,,False
80,B,gaussian_blur,T013-S3,False,6,,False
81,A,clean,T013-S0,False,7,,False
81,A,clean,T013-S1,False,7,,False
81,A,clean,T013-S2,False,7,,False
81,A,clean,T013-S3,False,7,,False
81,A,brightness_dark,T013-S0,False,7,,False
81,A,brightness_dark,T013-S1,False,7,,False
81,A,brightness_dark,T013-S2,False,7,,False
81,A,brightness_dark,T013-S3,False,7,,False
81,A,contrast_low,T013-S0,True,7,1.0,True
81,A,contrast_low,T013-S1,True,7,0.9819642205184373,True
81,A,contrast_low,T013-S2,True,7,1.0,True
81,A,contrast_low,T013-S3,True,7,1.0,True
81,A,gaussian_noise,T013-S0,False,7,,False
81,A,gaussian_noise,T013-S1,False,7,,False
81,A,gaussian_noise,T013-S2,False,7,,False
81,A,gaussian_noise,T013-S3,False,7,,False
81,A,gaussian_blur,T013-S0,False,7,,False
81,A,gaussian_blur,T013-S1,False,7,,False
81,A,gaussian_blur,T013-S2,False,7,,False
81,A,gaussian_blur,T013-S3,False,7,,False
81,B,clean,T013-S0,False,7,,False
81,B,clean,T013-S1,False,7,,False
81,B,clean,T013-S2,False,7,,False
81,B,clean,T013-S3,False,7,,False
81,B,brightness_dark,T013-S0,False,7,,False
81,B,brightness_dark,T013-S1,False,7,,False
81,B,brightness_dark,T013-S2,False,7,,False
81,B,brightness_dark,T013-S3,False,7,,False
81,B,contrast_low,T013-S0,True,7,1.0,True
81,B,contrast_low,T013-S1,True,7,1.0,True
81,B,contrast_low,T013-S2,True,7,1.0,True
81,B,contrast_low,T013-S3,True,7,1.0,True
81,B,gaussian_noise,T013-S0,False,7,,False
81,B,gaussian_noise,T013-S1,False,7,,False
81,B,gaussian_noise,T013-S2,False,7,,False
81,B,gaussian_noise,T013-S3,False,7,,False
81,B,gaussian_blur,T013-S0,False,7,,False
81,B,gaussian_blur,T013-S1,False,7,,False
81,B,gaussian_blur,T013-S2,False,7,,False
81,B,gaussian_blur,T013-S3,False,7,,False
82,A,clean,T013-S0,False,3,,False
82,A,clean,T013-S1,False,3,,False
82,A,clean,T013-S2,False,3,,False
82,A,clean,T013-S3,False,3,,False
82,A,brightness_dark,T013-S0,False,3,,False
82,A,brightness_dark,T013-S1,False,3,,False
82,A,brightness_dark,T013-S2,False,3,,False
82,A,brightness_dark,T013-S3,False,3,,False
82,A,contrast_low,T013-S0,False,3,,False
82,A,contrast_low,T013-S1,False,3,,False
82,A,contrast_low,T013-S2,False,3,,False
82,A,contrast_low,T013-S3,False,3,,False
82,A,gaussian_noise,T013-S0,False,3,,False
82,A,gaussian_noise,T013-S1,False,3,,False
82,A,gaussian_noise,T013-S2,False,3,,False
82,A,gaussian_noise,T013-S3,False,3,,False
82,A,gaussian_blur,T013-S0,False,3,,False
82,A,gaussian_blur,T013-S1,False,3,,False
82,A,gaussian_blur,T013-S2,False,3,,False
82,A,gaussian_blur,T013-S3,False,3,,False
82,B,clean,T013-S0,False,3,,False
82,B,clean,T013-S1,False,3,,False
82,B,clean,T013-S2,False,3,,False
82,B,clean,T013-S3,False,3,,False
82,B,brightness_dark,T013-S0,False,3,,False
82,B,brightness_dark,T013-S1,False,3,,False
82,B,brightness_dark,T013-S2,False,3,,False
82,B,brightness_dark,T013-S3,False,3,,False
82,B,contrast_low,T013-S0,False,3,,False
82,B,contrast_low,T013-S1,True,3,0.0,False
82,B,contrast_low,T013-S2,False,3,,False
82,B,contrast_low,T013-S3,False,3,,False
82,B,gaussian_noise,T013-S0,False,3,,False
82,B,gaussian_noise,T013-S1,False,3,,False
82,B,gaussian_noise,T013-S2,False,3,,False
82,B,gaussian_noise,T013-S3,False,3,,False
82,B,gaussian_blur,T013-S0,False,3,,False
82,B,gaussian_blur,T013-S1,False,3,,False
82,B,gaussian_blur,T013-S2,False,3,,False
82,B,gaussian_blur,T013-S3,False,3,,False
83,A,clean,T013-S0,False,4,,False
83,A,clean,T013-S1,False,4,,False
83,A,clean,T013-S2,False,4,,False
83,A,clean,T013-S3,False,4,,False
83,A,brightness_dark,T013-S0,False,4,,False
83,A,brightness_dark,T013-S1,False,4,,False
83,A,brightness_dark,T013-S2,False,4,,False
83,A,brightness_dark,T013-S3,False,4,,False
83,A,contrast_low,T013-S0,False,4,,False
83,A,contrast_low,T013-S1,False,4,,False
83,A,contrast_low,T013-S2,False,4,,False
83,A,contrast_low,T013-S3,False,4,,False
83,A,gaussian_noise,T013-S0,False,4,,False
83,A,gaussian_noise,T013-S1,False,4,,False
83,A,gaussian_noise,T013-S2,False,4,,False
83,A,gaussian_noise,T013-S3,False,4,,False
83,A,gaussian_blur,T013-S0,True,4,0.0,False
83,A,gaussian_blur,T013-S1,True,8,1.0,True
83,A,gaussian_blur,T013-S2,True,4,0.0,False
83,A,gaussian_blur,T013-S3,True,4,0.0,False
83,B,clean,T013-S0,False,4,,False
83,B,clean,T013-S1,False,4,,False
83,B,clean,T013-S2,False,4,,False
83,B,clean,T013-S3,False,4,,False
83,B,brightness_dark,T013-S0,False,4,,False
83,B,brightness_dark,T013-S1,False,4,,False
83,B,brightness_dark,T013-S2,False,4,,False
83,B,brightness_dark,T013-S3,False,4,,False
83,B,contrast_low,T013-S0,True,7,1.0,True
83,B,contrast_low,T013-S1,True,7,1.0,True
83,B,contrast_low,T013-S2,True,7,1.0,True
83,B,contrast_low,T013-S3,True,7,1.0,True
83,B,gaussian_noise,T013-S0,True,4,1.0,True
83,B,gaussian_noise,T013-S1,False,4,,False
83,B,gaussian_noise,T013-S2,False,4,,False
83,B,gaussian_noise,T013-S3,True,7,1.0,True
83,B,gaussian_blur,T013-S0,True,4,0.0,False
83,B,gaussian_blur,T013-S1,True,4,0.0,False
83,B,gaussian_blur,T013-S2,True,4,0.0,False
83,B,gaussian_blur,T013-S3,True,4,0.0,False
84,A,clean,T013-S0,True,3,0.0,False
84,A,clean,T013-S1,False,3,,False
84,A,clean,T013-S2,False,3,,False
84,A,clean,T013-S3,False,3,,False
84,A,brightness_dark,T013-S0,True,6,1.0,True
84,A,brightness_dark,T013-S1,True,6,1.0,True
84,A,brightness_dark,T013-S2,True,6,1.0,True
84,A,brightness_dark,T013-S3,True,6,1.0,True
84,A,contrast_low,T013-S0,True,6,0.0,False
84,A,contrast_low,T013-S1,True,3,0.0,False
84,A,contrast_low,T013-S2,True,6,0.6539237598468648,True
84,A,contrast_low,T013-S3,True,6,0.6751826389689277,True
84,A,gaussian_noise,T013-S0,False,2,,False
84,A,gaussian_noise,T013-S1,False,2,,False
84,A,gaussian_noise,T013-S2,False,2,,False
84,A,gaussian_noise,T013-S3,False,2,,False
84,A,gaussian_blur,T013-S0,False,2,,False
84,A,gaussian_blur,T013-S1,False,2,,False
84,A,gaussian_blur,T013-S2,True,2,1.0,True
84,A,gaussian_blur,T013-S3,False,2,,False
84,B,clean,T013-S0,False,3,,False
84,B,clean,T013-S1,False,3,,False
84,B,clean,T013-S2,False,3,,False
84,B,clean,T013-S3,True,2,1.0,True
84,B,brightness_dark,T013-S0,True,6,1.0,True
84,B,brightness_dark,T013-S1,True,6,1.0,True
84,B,brightness_dark,T013-S2,True,6,1.0,True
84,B,brightness_dark,T013-S3,True,6,1.0,True
84,B,contrast_low,T013-S0,True,3,0.0,False
84,B,contrast_low,T013-S1,True,3,0.0,False
84,B,contrast_low,T013-S2,True,3,0.0,False
84,B,contrast_low,T013-S3,True,3,0.0,False
84,B,gaussian_noise,T013-S0,False,2,,False
84,B,gaussian_noise,T013-S1,False,2,,False
84,B,gaussian_noise,T013-S2,False,2,,False
84,B,gaussian_noise,T013-S3,False,2,,False
84,B,gaussian_blur,T013-S0,True,2,1.0,True
84,B,gaussian_blur,T013-S1,True,2,1.0,True
84,B,gaussian_blur,T013-S2,False,2,,False
84,B,gaussian_blur,T013-S3,True,2,0.7954266708693855,True
85,A,clean,T013-S0,False,5,,False
85,A,clean,T013-S1,False,5,,False
85,A,clean,T013-S2,False,5,,False
85,A,clean,T013-S3,False,5,,False
85,A,brightness_dark,T013-S0,False,5,,False
85,A,brightness_dark,T013-S1,False,5,,False
85,A,brightness_dark,T013-S2,False,5,,False
85,A,brightness_dark,T013-S3,False,5,,False
85,A,contrast_low,T013-S0,False,5,,False
85,A,contrast_low,T013-S1,False,5,,False
85,A,contrast_low,T013-S2,False,5,,False
85,A,contrast_low,T013-S3,False,5,,False
85,A,gaussian_noise,T013-S0,False,5,,False
85,A,gaussian_noise,T013-S1,False,5,,False
85,A,gaussian_noise,T013-S2,False,5,,False
85,A,gaussian_noise,T013-S3,False,5,,False
85,A,gaussian_blur,T013-S0,False,5,,False
85,A,gaussian_blur,T013-S1,False,5,,False
85,A,gaussian_blur,T013-S2,False,5,,False
85,A,gaussian_blur,T013-S3,False,5,,False
85,B,clean,T013-S0,False,5,,False
85,B,clean,T013-S1,False,5,,False
85,B,clean,T013-S2,False,5,,False
85,B,clean,T013-S3,False,5,,False
85,B,brightness_dark,T013-S0,False,5,,False
85,B,brightness_dark,T013-S1,False,5,,False
85,B,brightness_dark,T013-S2,False,5,,False
85,B,brightness_dark,T013-S3,False,5,,False
85,B,contrast_low,T013-S0,False,5,,False
85,B,contrast_low,T013-S1,False,5,,False
85,B,contrast_low,T013-S2,False,5,,False
85,B,contrast_low,T013-S3,False,5,,False
85,B,gaussian_noise,T013-S0,False,5,,False
85,B,gaussian_noise,T013-S1,False,5,,False
85,B,gaussian_noise,T013-S2,False,5,,False
85,B,gaussian_noise,T013-S3,False,5,,False
85,B,gaussian_blur,T013-S0,False,5,,False
85,B,gaussian_blur,T013-S1,False,5,,False
85,B,gaussian_blur,T013-S2,False,5,,False
85,B,gaussian_blur,T013-S3,False,5,,False
86,A,clean,T013-S0,True,4,1.0,True
86,A,clean,T013-S1,True,4,1.0,True
86,A,clean,T013-S2,True,4,1.0,True
86,A,clean,T013-S3,True,4,1.0,True
86,A,brightness_dark,T013-S0,True,5,0.6470588223243652,True
86,A,brightness_dark,T013-S1,True,5,0.6437075083740931,True
86,A,brightness_dark,T013-S2,True,5,0.6394066924397438,True
86,A,brightness_dark,T013-S3,True,6,0.8961962897250074,True
86,A,contrast_low,T013-S0,True,4,1.0,True
86,A,contrast_low,T013-S1,True,4,1.0,True
86,A,contrast_low,T013-S2,True,4,1.0,True
86,A,contrast_low,T013-S3,True,4,1.0,True
86,A,gaussian_noise,T013-S0,True,4,1.0,True
86,A,gaussian_noise,T013-S1,True,4,1.0,True
86,A,gaussian_noise,T013-S2,True,4,1.0,True
86,A,gaussian_noise,T013-S3,True,4,1.0,True
86,A,gaussian_blur,T013-S0,True,5,1.0,True
86,A,gaussian_blur,T013-S1,True,5,0.49695751438103486,False
86,A,gaussian_blur,T013-S2,True,5,1.0,True
86,A,gaussian_blur,T013-S3,True,5,1.0,True
86,B,clean,T013-S0,True,4,1.0,True
86,B,clean,T013-S1,True,4,1.0,True
86,B,clean,T013-S2,True,4,1.0,True
86,B,clean,T013-S3,True,4,1.0,True
86,B,brightness_dark,T013-S0,True,5,0.7524494081606017,True
86,B,brightness_dark,T013-S1,True,5,0.7465430476462753,True
86,B,brightness_dark,T013-S2,True,5,0.7467931299835183,True
86,B,brightness_dark,T013-S3,True,5,0.4714509754391917,False
86,B,contrast_low,T013-S0,True,4,1.0,True
86,B,contrast_low,T013-S1,True,4,1.0,True
86,B,contrast_low,T013-S2,True,4,1.0,True
86,B,contrast_low,T013-S3,True,4,1.0,True
86,B,gaussian_noise,T013-S0,True,4,1.0,True
86,B,gaussian_noise,T013-S1,True,4,1.0,True
86,B,gaussian_noise,T013-S2,True,4,1.0,True
86,B,gaussian_noise,T013-S3,True,4,1.0,True
86,B,gaussian_blur,T013-S0,True,5,1.0,True
86,B,gaussian_blur,T013-S1,True,5,1.0,True
86,B,gaussian_blur,T013-S2,True,5,1.0,True
86,B,gaussian_blur,T013-S3,True,5,1.0,True
87,A,clean,T013-S0,True,3,1.0,True
87,A,clean,T013-S1,True,3,1.0,True
87,A,clean,T013-S2,True,3,1.0,True
87,A,clean,T013-S3,True,3,1.0,True
87,A,brightness_dark,T013-S0,True,3,1.0,True
87,A,brightness_dark,T013-S1,True,3,1.0,True
87,A,brightness_dark,T013-S2,True,3,1.0,True
87,A,brightness_dark,T013-S3,True,3,1.0,True
87,A,contrast_low,T013-S0,True,3,0.9276932543063887,True
87,A,contrast_low,T013-S1,True,3,0.9276183518181558,True
87,A,contrast_low,T013-S2,True,3,0.7936614138217966,True
87,A,contrast_low,T013-S3,True,3,0.928393532442627,True
87,A,gaussian_noise,T013-S0,False,3,,False
87,A,gaussian_noise,T013-S1,False,3,,False
87,A,gaussian_noise,T013-S2,False,3,,False
87,A,gaussian_noise,T013-S3,False,3,,False
87,A,gaussian_blur,T013-S0,True,3,1.0,True
87,A,gaussian_blur,T013-S1,True,3,1.0,True
87,A,gaussian_blur,T013-S2,True,3,1.0,True
87,A,gaussian_blur,T013-S3,True,3,1.0,True
87,B,clean,T013-S0,False,3,,False
87,B,clean,T013-S1,False,3,,False
87,B,clean,T013-S2,False,3,,False
87,B,clean,T013-S3,True,3,1.0,True
87,B,brightness_dark,T013-S0,True,3,0.7537100030013995,True
87,B,brightness_dark,T013-S1,True,3,0.9337607703189134,True
87,B,brightness_dark,T013-S2,True,3,0.754974281639017,True
87,B,brightness_dark,T013-S3,True,3,0.9158842195797964,True
87,B,contrast_low,T013-S0,True,3,0.8155491134124511,True
87,B,contrast_low,T013-S1,True,3,0.815481401856822,True
87,B,contrast_low,T013-S2,True,3,0.8158092778724919,True
87,B,contrast_low,T013-S3,True,3,0.8159563211702157,True
87,B,gaussian_noise,T013-S0,False,3,,False
87,B,gaussian_noise,T013-S1,False,3,,False
87,B,gaussian_noise,T013-S2,False,3,,False
87,B,gaussian_noise,T013-S3,False,3,,False
87,B,gaussian_blur,T013-S0,True,3,1.0,True
87,B,gaussian_blur,T013-S1,True,3,1.0,True
87,B,gaussian_blur,T013-S2,True,3,1.0,True
87,B,gaussian_blur,T013-S3,True,3,1.0,True
88,A,clean,T013-S0,False,3,,False
88,A,clean,T013-S1,False,3,,False
88,A,clean,T013-S2,False,3,,False
88,A,clean,T013-S3,False,3,,False
88,A,brightness_dark,T013-S0,False,3,,False
88,A,brightness_dark,T013-S1,False,3,,False
88,A,brightness_dark,T013-S2,False,3,,False
88,A,brightness_dark,T013-S3,False,3,,False
88,A,contrast_low,T013-S0,False,3,,False
88,A,contrast_low,T013-S1,False,3,,False
88,A,contrast_low,T013-S2,False,3,,False
88,A,contrast_low,T013-S3,False,3,,False
88,A,gaussian_noise,T013-S0,False,3,,False
88,A,gaussian_noise,T013-S1,False,3,,False
88,A,gaussian_noise,T013-S2,False,3,,False
88,A,gaussian_noise,T013-S3,False,3,,False
88,A,gaussian_blur,T013-S0,False,3,,False
88,A,gaussian_blur,T013-S1,False,3,,False
88,A,gaussian_blur,T013-S2,False,3,,False
88,A,gaussian_blur,T013-S3,False,3,,False
88,B,clean,T013-S0,False,3,,False
88,B,clean,T013-S1,False,3,,False
88,B,clean,T013-S2,False,3,,False
88,B,clean,T013-S3,False,3,,False
88,B,brightness_dark,T013-S0,False,3,,False
88,B,brightness_dark,T013-S1,False,3,,False
88,B,brightness_dark,T013-S2,False,3,,False
88,B,brightness_dark,T013-S3,False,3,,False
88,B,contrast_low,T013-S0,False,3,,False
88,B,contrast_low,T013-S1,False,3,,False
88,B,contrast_low,T013-S2,False,3,,False
88,B,contrast_low,T013-S3,False,3,,False
88,B,gaussian_noise,T013-S0,False,3,,False
88,B,gaussian_noise,T013-S1,False,3,,False
88,B,gaussian_noise,T013-S2,False,3,,False
88,B,gaussian_noise,T013-S3,False,3,,False
88,B,gaussian_blur,T013-S0,False,3,,False
88,B,gaussian_blur,T013-S1,False,3,,False
88,B,gaussian_blur,T013-S2,False,3,,False
88,B,gaussian_blur,T013-S3,False,3,,False
89,A,clean,T013-S0,True,4,1.0,True
89,A,clean,T013-S1,True,4,1.0,True
89,A,clean,T013-S2,True,4,1.0,True
89,A,clean,T013-S3,True,4,1.0,True
89,A,brightness_dark,T013-S0,True,4,0.0,False
89,A,brightness_dark,T013-S1,True,4,0.0,False
89,A,brightness_dark,T013-S2,True,4,0.0,False
89,A,brightness_dark,T013-S3,True,4,0.0,False
89,A,contrast_low,T013-S0,False,4,,False
89,A,contrast_low,T013-S1,False,4,,False
89,A,contrast_low,T013-S2,False,4,,False
89,A,contrast_low,T013-S3,False,4,,False
89,A,gaussian_noise,T013-S0,True,4,1.0,True
89,A,gaussian_noise,T013-S1,True,4,1.0,True
89,A,gaussian_noise,T013-S2,True,4,1.0,True
89,A,gaussian_noise,T013-S3,True,4,1.0,True
89,A,gaussian_blur,T013-S0,True,4,1.0,True
89,A,gaussian_blur,T013-S1,True,4,1.0,True
89,A,gaussian_blur,T013-S2,True,4,1.0,True
89,A,gaussian_blur,T013-S3,True,4,1.0,True
89,B,clean,T013-S0,True,4,1.0,True
89,B,clean,T013-S1,True,4,1.0,True
89,B,clean,T013-S2,True,4,1.0,True
89,B,clean,T013-S3,True,4,1.0,True
89,B,brightness_dark,T013-S0,True,4,0.0,False
89,B,brightness_dark,T013-S1,True,4,0.0,False
89,B,brightness_dark,T013-S2,True,4,0.0,False
89,B,brightness_dark,T013-S3,True,4,0.0,False
89,B,contrast_low,T013-S0,False,4,,False
89,B,contrast_low,T013-S1,False,4,,False
89,B,contrast_low,T013-S2,False,4,,False
89,B,contrast_low,T013-S3,False,4,,False
89,B,gaussian_noise,T013-S0,True,4,1.0,True
89,B,gaussian_noise,T013-S1,True,4,1.0,True
89,B,gaussian_noise,T013-S2,True,4,1.0,True
89,B,gaussian_noise,T013-S3,True,4,1.0,True
89,B,gaussian_blur,T013-S0,True,4,1.0,True
89,B,gaussian_blur,T013-S1,True,4,1.0,True
89,B,gaussian_blur,T013-S2,True,4,1.0,True
89,B,gaussian_blur,T013-S3,True,4,1.0,True
90,A,clean,T013-S0,False,2,,False
90,A,clean,T013-S1,False,2,,False
90,A,clean,T013-S2,False,2,,False
90,A,clean,T013-S3,False,2,,False
90,A,brightness_dark,T013-S0,False,2,,False
90,A,brightness_dark,T013-S1,False,2,,False
90,A,brightness_dark,T013-S2,False,2,,False
90,A,brightness_dark,T013-S3,False,2,,False
90,A,contrast_low,T013-S0,False,2,,False
90,A,contrast_low,T013-S1,False,2,,False
90,A,contrast_low,T013-S2,False,2,,False
90,A,contrast_low,T013-S3,False,2,,False
90,A,gaussian_noise,T013-S0,False,2,,False
90,A,gaussian_noise,T013-S1,False,2,,False
90,A,gaussian_noise,T013-S2,False,2,,False
90,A,gaussian_noise,T013-S3,False,2,,False
90,A,gaussian_blur,T013-S0,False,2,,False
90,A,gaussian_blur,T013-S1,False,2,,False
90,A,gaussian_blur,T013-S2,False,2,,False
90,A,gaussian_blur,T013-S3,False,2,,False
90,B,clean,T013-S0,False,2,,False
90,B,clean,T013-S1,False,2,,False
90,B,clean,T013-S2,False,2,,False
90,B,clean,T013-S3,False,2,,False
90,B,brightness_dark,T013-S0,False,2,,False
90,B,brightness_dark,T013-S1,False,2,,False
90,B,brightness_dark,T013-S2,False,2,,False
90,B,brightness_dark,T013-S3,False,2,,False
90,B,contrast_low,T013-S0,False,2,,False
90,B,contrast_low,T013-S1,False,2,,False
90,B,contrast_low,T013-S2,False,2,,False
90,B,contrast_low,T013-S3,False,2,,False
90,B,gaussian_noise,T013-S0,False,2,,False
90,B,gaussian_noise,T013-S1,False,2,,False
90,B,gaussian_noise,T013-S2,False,2,,False
90,B,gaussian_noise,T013-S3,False,2,,False
90,B,gaussian_blur,T013-S0,False,2,,False
90,B,gaussian_blur,T013-S1,False,2,,False
90,B,gaussian_blur,T013-S2,False,2,,False
90,B,gaussian_blur,T013-S3,False,2,,False
91,A,clean,T013-S0,True,9,1.0,True
91,A,clean,T013-S1,True,9,1.0,True
91,A,clean,T013-S2,True,9,1.0,True
91,A,clean,T013-S3,True,9,1.0,True
91,A,brightness_dark,T013-S0,False,3,,False
91,A,brightness_dark,T013-S1,False,3,,False
91,A,brightness_dark,T013-S2,False,3,,False
91,A,brightness_dark,T013-S3,False,3,,False
91,A,contrast_low,T013-S0,True,3,0.0,False
91,A,contrast_low,T013-S1,True,3,0.0,False
91,A,contrast_low,T013-S2,True,3,0.0,False
91,A,contrast_low,T013-S3,False,3,,False
91,A,gaussian_noise,T013-S0,True,9,1.0,True
91,A,gaussian_noise,T013-S1,True,9,1.0,True
91,A,gaussian_noise,T013-S2,True,9,1.0,True
91,A,gaussian_noise,T013-S3,True,9,1.0,True
91,A,gaussian_blur,T013-S0,True,9,1.0,True
91,A,gaussian_blur,T013-S1,True,9,1.0,True
91,A,gaussian_blur,T013-S2,True,9,1.0,True
91,A,gaussian_blur,T013-S3,True,9,1.0,True
91,B,clean,T013-S0,True,9,1.0,True
91,B,clean,T013-S1,True,9,1.0,True
91,B,clean,T013-S2,True,9,1.0,True
91,B,clean,T013-S3,True,9,1.0,True
91,B,brightness_dark,T013-S0,False,3,,False
91,B,brightness_dark,T013-S1,False,3,,False
91,B,brightness_dark,T013-S2,False,3,,False
91,B,brightness_dark,T013-S3,False,3,,False
91,B,contrast_low,T013-S0,True,3,0.0,False
91,B,contrast_low,T013-S1,True,3,0.0,False
91,B,contrast_low,T013-S2,True,3,0.0,False
91,B,contrast_low,T013-S3,True,3,0.0,False
91,B,gaussian_noise,T013-S0,True,9,1.0,True
91,B,gaussian_noise,T013-S1,True,9,1.0,True
91,B,gaussian_noise,T013-S2,True,9,1.0,True
91,B,gaussian_noise,T013-S3,True,9,1.0,True
91,B,gaussian_blur,T013-S0,True,9,1.0,True
91,B,gaussian_blur,T013-S1,True,9,1.0,True
91,B,gaussian_blur,T013-S2,True,9,1.0,True
91,B,gaussian_blur,T013-S3,True,9,1.0,True
92,A,clean,T013-S0,True,1,1.0,True
92,A,clean,T013-S1,True,1,1.0,True
92,A,clean,T013-S2,True,1,1.0,True
92,A,clean,T013-S3,True,1,1.0,True
92,A,brightness_dark,T013-S0,True,1,1.0,True
92,A,brightness_dark,T013-S1,True,1,1.0,True
92,A,brightness_dark,T013-S2,True,1,1.0,True
92,A,brightness_dark,T013-S3,True,1,1.0,True
92,A,contrast_low,T013-S0,False,1,,False
92,A,contrast_low,T013-S1,False,1,,False
92,A,contrast_low,T013-S2,False,1,,False
92,A,contrast_low,T013-S3,False,1,,False
92,A,gaussian_noise,T013-S0,False,3,,False
92,A,gaussian_noise,T013-S1,True,3,0.9883523538613592,True
92,A,gaussian_noise,T013-S2,True,3,0.0,False
92,A,gaussian_noise,T013-S3,False,3,,False
92,A,gaussian_blur,T013-S0,False,1,,False
92,A,gaussian_blur,T013-S1,False,1,,False
92,A,gaussian_blur,T013-S2,False,1,,False
92,A,gaussian_blur,T013-S3,False,1,,False
92,B,clean,T013-S0,True,1,1.0,True
92,B,clean,T013-S1,True,1,1.0,True
92,B,clean,T013-S2,True,1,1.0,True
92,B,clean,T013-S3,True,1,1.0,True
92,B,brightness_dark,T013-S0,True,1,1.0,True
92,B,brightness_dark,T013-S1,True,1,0.7891200571077043,True
92,B,brightness_dark,T013-S2,True,1,0.9033359992442253,True
92,B,brightness_dark,T013-S3,True,1,1.0,True
92,B,contrast_low,T013-S0,False,1,,False
92,B,contrast_low,T013-S1,False,1,,False
92,B,contrast_low,T013-S2,False,1,,False
92,B,contrast_low,T013-S3,False,1,,False
92,B,gaussian_noise,T013-S0,False,3,,False
92,B,gaussian_noise,T013-S1,True,3,0.0,False
92,B,gaussian_noise,T013-S2,True,3,0.0,False
92,B,gaussian_noise,T013-S3,True,3,0.0,False
92,B,gaussian_blur,T013-S0,False,1,,False
92,B,gaussian_blur,T013-S1,False,1,,False
92,B,gaussian_blur,T013-S2,False,1,,False
92,B,gaussian_blur,T013-S3,False,1,,False
93,A,clean,T013-S0,True,4,1.0,True
93,A,clean,T013-S1,True,4,1.0,True
93,A,clean,T013-S2,True,4,1.0,True
93,A,clean,T013-S3,True,4,1.0,True
93,A,brightness_dark,T013-S0,False,4,,False
93,A,brightness_dark,T013-S1,False,4,,False
93,A,brightness_dark,T013-S2,False,4,,False
93,A,brightness_dark,T013-S3,False,4,,False
93,A,contrast_low,T013-S0,True,4,1.0,True
93,A,contrast_low,T013-S1,True,4,1.0,True
93,A,contrast_low,T013-S2,True,4,1.0,True
93,A,contrast_low,T013-S3,True,4,1.0,True
93,A,gaussian_noise,T013-S0,False,4,,False
93,A,gaussian_noise,T013-S1,False,4,,False
93,A,gaussian_noise,T013-S2,False,4,,False
93,A,gaussian_noise,T013-S3,False,4,,False
93,A,gaussian_blur,T013-S0,True,4,1.0,True
93,A,gaussian_blur,T013-S1,True,4,1.0,True
93,A,gaussian_blur,T013-S2,True,4,1.0,True
93,A,gaussian_blur,T013-S3,True,4,1.0,True
93,B,clean,T013-S0,True,4,1.0,True
93,B,clean,T013-S1,True,4,1.0,True
93,B,clean,T013-S2,True,4,1.0,True
93,B,clean,T013-S3,True,4,1.0,True
93,B,brightness_dark,T013-S0,False,4,,False
93,B,brightness_dark,T013-S1,False,4,,False
93,B,brightness_dark,T013-S2,False,4,,False
93,B,brightness_dark,T013-S3,False,4,,False
93,B,contrast_low,T013-S0,True,4,1.0,True
93,B,contrast_low,T013-S1,True,4,1.0,True
93,B,contrast_low,T013-S2,True,4,1.0,True
93,B,contrast_low,T013-S3,True,4,1.0,True
93,B,gaussian_noise,T013-S0,False,4,,False
93,B,gaussian_noise,T013-S1,False,4,,False
93,B,gaussian_noise,T013-S2,False,4,,False
93,B,gaussian_noise,T013-S3,False,4,,False
93,B,gaussian_blur,T013-S0,True,4,1.0,True
93,B,gaussian_blur,T013-S1,True,4,1.0,True
93,B,gaussian_blur,T013-S2,True,4,1.0,True
93,B,gaussian_blur,T013-S3,True,4,1.0,True
94,A,clean,T013-S0,False,1,,False
94,A,clean,T013-S1,False,1,,False
94,A,clean,T013-S2,False,1,,False
94,A,clean,T013-S3,False,1,,False
94,A,brightness_dark,T013-S0,False,1,,False
94,A,brightness_dark,T013-S1,False,1,,False
94,A,brightness_dark,T013-S2,False,1,,False
94,A,brightness_dark,T013-S3,False,1,,False
94,A,contrast_low,T013-S0,False,1,,False
94,A,contrast_low,T013-S1,False,1,,False
94,A,contrast_low,T013-S2,False,1,,False
94,A,contrast_low,T013-S3,False,1,,False
94,A,gaussian_noise,T013-S0,False,1,,False
94,A,gaussian_noise,T013-S1,False,1,,False
94,A,gaussian_noise,T013-S2,False,1,,False
94,A,gaussian_noise,T013-S3,False,1,,False
94,A,gaussian_blur,T013-S0,False,1,,False
94,A,gaussian_blur,T013-S1,False,1,,False
94,A,gaussian_blur,T013-S2,False,1,,False
94,A,gaussian_blur,T013-S3,False,1,,False
94,B,clean,T013-S0,False,1,,False
94,B,clean,T013-S1,False,1,,False
94,B,clean,T013-S2,False,1,,False
94,B,clean,T013-S3,False,1,,False
94,B,brightness_dark,T013-S0,False,1,,False
94,B,brightness_dark,T013-S1,False,1,,False
94,B,brightness_dark,T013-S2,False,1,,False
94,B,brightness_dark,T013-S3,False,1,,False
94,B,contrast_low,T013-S0,False,1,,False
94,B,contrast_low,T013-S1,False,1,,False
94,B,contrast_low,T013-S2,False,1,,False
94,B,contrast_low,T013-S3,False,1,,False
94,B,gaussian_noise,T013-S0,False,1,,False
94,B,gaussian_noise,T013-S1,False,1,,False
94,B,gaussian_noise,T013-S2,False,1,,False
94,B,gaussian_noise,T013-S3,False,1,,False
94,B,gaussian_blur,T013-S0,False,1,,False
94,B,gaussian_blur,T013-S1,False,1,,False
94,B,gaussian_blur,T013-S2,False,1,,False
94,B,gaussian_blur,T013-S3,False,1,,False
95,A,clean,T013-S0,False,1,,False
95,A,clean,T013-S1,False,1,,False
95,A,clean,T013-S2,False,1,,False
95,A,clean,T013-S3,False,1,,False
95,A,brightness_dark,T013-S0,False,1,,False
95,A,brightness_dark,T013-S1,False,1,,False
95,A,brightness_dark,T013-S2,False,1,,False
95,A,brightness_dark,T013-S3,False,1,,False
95,A,contrast_low,T013-S0,False,1,,False
95,A,contrast_low,T013-S1,False,1,,False
95,A,contrast_low,T013-S2,False,1,,False
95,A,contrast_low,T013-S3,False,1,,False
95,A,gaussian_noise,T013-S0,True,1,0.0,False
95,A,gaussian_noise,T013-S1,True,1,0.0,False
95,A,gaussian_noise,T013-S2,True,1,0.0,False
95,A,gaussian_noise,T013-S3,True,1,0.0,False
95,A,gaussian_blur,T013-S0,False,1,,False
95,A,gaussian_blur,T013-S1,False,1,,False
95,A,gaussian_blur,T013-S2,False,1,,False
95,A,gaussian_blur,T013-S3,False,1,,False
95,B,clean,T013-S0,False,1,,False
95,B,clean,T013-S1,False,1,,False
95,B,clean,T013-S2,False,1,,False
95,B,clean,T013-S3,False,1,,False
95,B,brightness_dark,T013-S0,False,1,,False
95,B,brightness_dark,T013-S1,False,1,,False
95,B,brightness_dark,T013-S2,False,1,,False
95,B,brightness_dark,T013-S3,False,1,,False
95,B,contrast_low,T013-S0,False,1,,False
95,B,contrast_low,T013-S1,False,1,,False
95,B,contrast_low,T013-S2,False,1,,False
95,B,contrast_low,T013-S3,False,1,,False
95,B,gaussian_noise,T013-S0,True,1,0.788678855872877,True
95,B,gaussian_noise,T013-S1,True,1,0.0,False
95,B,gaussian_noise,T013-S2,True,1,0.5735020371372502,True
95,B,gaussian_noise,T013-S3,True,1,0.0,False
95,B,gaussian_blur,T013-S0,False,1,,False
95,B,gaussian_blur,T013-S1,False,1,,False
95,B,gaussian_blur,T013-S2,False,1,,False
95,B,gaussian_blur,T013-S3,False,1,,False
96,A,clean,T013-S0,True,9,0.31913274619256854,False
96,A,clean,T013-S1,True,9,0.3166906766805783,False
96,A,clean,T013-S2,True,9,0.32018331695542157,False
96,A,clean,T013-S3,True,9,0.3193186162572246,False
96,A,brightness_dark,T013-S0,True,7,0.0,False
96,A,brightness_dark,T013-S1,True,7,0.0,False
96,A,brightness_dark,T013-S2,True,7,0.0,False
96,A,brightness_dark,T013-S3,True,7,0.0,False
96,A,contrast_low,T013-S0,True,7,0.0,False
96,A,contrast_low,T013-S1,True,7,0.0,False
96,A,contrast_low,T013-S2,True,7,0.0,False
96,A,contrast_low,T013-S3,True,7,0.0,False
96,A,gaussian_noise,T013-S0,True,9,0.21347266194397765,False
96,A,gaussian_noise,T013-S1,True,9,0.21303694217866986,False
96,A,gaussian_noise,T013-S2,True,9,0.21318391317276242,False
96,A,gaussian_noise,T013-S3,True,9,0.21375216009811027,False
96,A,gaussian_blur,T013-S0,True,7,0.0,False
96,A,gaussian_blur,T013-S1,True,7,0.0,False
96,A,gaussian_blur,T013-S2,True,7,0.0,False
96,A,gaussian_blur,T013-S3,True,7,0.0,False
96,B,clean,T013-S0,True,9,0.3238306770674611,False
96,B,clean,T013-S1,True,9,0.28459081888859433,False
96,B,clean,T013-S2,True,9,0.32458809676375955,False
96,B,clean,T013-S3,True,9,0.279917584585624,False
96,B,brightness_dark,T013-S0,True,7,0.0,False
96,B,brightness_dark,T013-S1,True,7,0.0,False
96,B,brightness_dark,T013-S2,True,7,0.0,False
96,B,brightness_dark,T013-S3,True,7,0.0,False
96,B,contrast_low,T013-S0,True,7,0.0,False
96,B,contrast_low,T013-S1,True,7,0.0,False
96,B,contrast_low,T013-S2,True,7,0.0,False
96,B,contrast_low,T013-S3,True,7,0.0,False
96,B,gaussian_noise,T013-S0,True,9,0.17451094780620455,False
96,B,gaussian_noise,T013-S1,True,9,0.3060973312401884,False
96,B,gaussian_noise,T013-S2,True,9,0.29000410663850684,False
96,B,gaussian_noise,T013-S3,True,9,0.2649832750685345,False
96,B,gaussian_blur,T013-S0,True,9,0.6189558124449603,True
96,B,gaussian_blur,T013-S1,True,9,0.6596390166315704,True
96,B,gaussian_blur,T013-S2,True,9,0.611804957906656,True
96,B,gaussian_blur,T013-S3,True,9,0.5546844444888055,True
97,A,clean,T013-S0,False,2,,False
97,A,clean,T013-S1,False,2,,False
97,A,clean,T013-S2,False,2,,False
97,A,clean,T013-S3,False,2,,False
97,A,brightness_dark,T013-S0,False,3,,False
97,A,brightness_dark,T013-S1,False,3,,False
97,A,brightness_dark,T013-S2,False,3,,False
97,A,brightness_dark,T013-S3,False,3,,False
97,A,contrast_low,T013-S0,False,2,,False
97,A,contrast_low,T013-S1,False,2,,False
97,A,contrast_low,T013-S2,False,2,,False
97,A,contrast_low,T013-S3,False,2,,False
97,A,gaussian_noise,T013-S0,False,2,,False
97,A,gaussian_noise,T013-S1,False,2,,False
97,A,gaussian_noise,T013-S2,False,2,,False
97,A,gaussian_noise,T013-S3,False,2,,False
97,A,gaussian_blur,T013-S0,False,2,,False
97,A,gaussian_blur,T013-S1,False,2,,False
97,A,gaussian_blur,T013-S2,False,2,,False
97,A,gaussian_blur,T013-S3,False,2,,False
97,B,clean,T013-S0,False,2,,False
97,B,clean,T013-S1,False,2,,False
97,B,clean,T013-S2,False,2,,False
97,B,clean,T013-S3,False,2,,False
97,B,brightness_dark,T013-S0,False,3,,False
97,B,brightness_dark,T013-S1,False,3,,False
97,B,brightness_dark,T013-S2,False,3,,False
97,B,brightness_dark,T013-S3,False,3,,False
97,B,contrast_low,T013-S0,False,2,,False
97,B,contrast_low,T013-S1,False,2,,False
97,B,contrast_low,T013-S2,False,2,,False
97,B,contrast_low,T013-S3,False,2,,False
97,B,gaussian_noise,T013-S0,False,2,,False
97,B,gaussian_noise,T013-S1,False,2,,False
97,B,gaussian_noise,T013-S2,False,2,,False
97,B,gaussian_noise,T013-S3,False,2,,False
97,B,gaussian_blur,T013-S0,False,2,,False
97,B,gaussian_blur,T013-S1,False,2,,False
97,B,gaussian_blur,T013-S2,False,2,,False
97,B,gaussian_blur,T013-S3,False,2,,False
98,A,clean,T013-S0,False,5,,False
98,A,clean,T013-S1,False,5,,False
98,A,clean,T013-S2,False,5,,False
98,A,clean,T013-S3,False,5,,False
98,A,brightness_dark,T013-S0,False,5,,False
98,A,brightness_dark,T013-S1,False,5,,False
98,A,brightness_dark,T013-S2,False,5,,False
98,A,brightness_dark,T013-S3,False,5,,False
98,A,contrast_low,T013-S0,False,5,,False
98,A,contrast_low,T013-S1,False,5,,False
98,A,contrast_low,T013-S2,True,5,1.0,True
98,A,contrast_low,T013-S3,False,5,,False
98,A,gaussian_noise,T013-S0,False,5,,False
98,A,gaussian_noise,T013-S1,False,5,,False
98,A,gaussian_noise,T013-S2,False,5,,False
98,A,gaussian_noise,T013-S3,False,5,,False
98,A,gaussian_blur,T013-S0,False,5,,False
98,A,gaussian_blur,T013-S1,False,5,,False
98,A,gaussian_blur,T013-S2,False,5,,False
98,A,gaussian_blur,T013-S3,False,5,,False
98,B,clean,T013-S0,False,5,,False
98,B,clean,T013-S1,False,5,,False
98,B,clean,T013-S2,False,5,,False
98,B,clean,T013-S3,False,5,,False
98,B,brightness_dark,T013-S0,False,5,,False
98,B,brightness_dark,T013-S1,False,5,,False
98,B,brightness_dark,T013-S2,False,5,,False
98,B,brightness_dark,T013-S3,False,5,,False
98,B,contrast_low,T013-S0,False,5,,False
98,B,contrast_low,T013-S1,False,5,,False
98,B,contrast_low,T013-S2,True,5,1.0,True
98,B,contrast_low,T013-S3,False,5,,False
98,B,gaussian_noise,T013-S0,False,5,,False
98,B,gaussian_noise,T013-S1,False,5,,False
98,B,gaussian_noise,T013-S2,False,5,,False
98,B,gaussian_noise,T013-S3,False,5,,False
98,B,gaussian_blur,T013-S0,False,5,,False
98,B,gaussian_blur,T013-S1,False,5,,False
98,B,gaussian_blur,T013-S2,False,5,,False
98,B,gaussian_blur,T013-S3,False,5,,False
99,A,clean,T013-S0,False,0,,False
99,A,clean,T013-S1,False,0,,False
99,A,clean,T013-S2,False,0,,False
99,A,clean,T013-S3,False,0,,False
99,A,brightness_dark,T013-S0,False,0,,False
99,A,brightness_dark,T013-S1,False,0,,False
99,A,brightness_dark,T013-S2,False,0,,False
99,A,brightness_dark,T013-S3,False,0,,False
99,A,contrast_low,T013-S0,False,0,,False
99,A,contrast_low,T013-S1,False,0,,False
99,A,contrast_low,T013-S2,False,0,,False
99,A,contrast_low,T013-S3,False,0,,False
99,A,gaussian_noise,T013-S0,False,0,,False
99,A,gaussian_noise,T013-S1,False,0,,False
99,A,gaussian_noise,T013-S2,False,0,,False
99,A,gaussian_noise,T013-S3,False,0,,False
99,A,gaussian_blur,T013-S0,False,0,,False
99,A,gaussian_blur,T013-S1,False,0,,False
99,A,gaussian_blur,T013-S2,False,0,,False
99,A,gaussian_blur,T013-S3,False,0,,False
99,B,clean,T013-S0,False,0,,False
99,B,clean,T013-S1,False,0,,False
99,B,clean,T013-S2,False,0,,False
99,B,clean,T013-S3,False,0,,False
99,B,brightness_dark,T013-S0,False,0,,False
99,B,brightness_dark,T013-S1,False,0,,False
99,B,brightness_dark,T013-S2,False,0,,False
99,B,brightness_dark,T013-S3,False,0,,False
99,B,contrast_low,T013-S0,False,0,,False
99,B,contrast_low,T013-S1,False,0,,False
99,B,contrast_low,T013-S2,False,0,,False
99,B,contrast_low,T013-S3,False,0,,False
99,B,gaussian_noise,T013-S0,False,0,,False
99,B,gaussian_noise,T013-S1,False,0,,False
99,B,gaussian_noise,T013-S2,False,0,,False
99,B,gaussian_noise,T013-S3,False,0,,False
99,B,gaussian_blur,T013-S0,False,0,,False
99,B,gaussian_blur,T013-S1,False,0,,False
99,B,gaussian_blur,T013-S2,False,0,,False
99,B,gaussian_blur,T013-S3,False,0,,False
