client,bank,context,residual_L1_actual,residual_L1_null_median,residual_L1_null_p95,residual_L1_percentile,residual_L1_above_p95,residual_L2_actual,residual_L2_null_median,residual_L2_null_p95,residual_L2_percentile,residual_L2_above_p95,weighted_class_L1_actual,weighted_class_L1_null_median,weighted_class_L1_null_p95,weighted_class_L1_percentile,weighted_class_L1_above_p95,prevalence_L1_actual,prevalence_L1_null_median,prevalence_L1_null_p95,prevalence_L1_percentile,prevalence_L1_above_p95,prevalence_JS_actual,prevalence_JS_null_median,prevalence_JS_null_p95,prevalence_JS_percentile,prevalence_JS_above_p95,dominant_agreement_actual,dominant_agreement_null_median,dominant_agreement_null_p95,dominant_agreement_percentile,dominant_agreement_above_p95
0,A,clean,0.19379770806734103,0.14656148590416013,0.24937927350362188,0.7890625,False,0.08037769930891235,0.059733297626071644,0.10574824867680756,0.78125,False,0.2976326362627262,0.19448415700876331,0.3147231585051155,0.9453125,False,0.7460734092761403,0.4064088027567561,1.0503732623838666,0.7890625,False,0.12129349111938614,0.08103467816735407,0.2229109423708325,0.65625,False,1.0,1.0,1.0,1.0,False
0,A,brightness_dark,0.1282847593094863,0.1344483185578148,0.23399667839034427,0.4375,False,0.05372904756477761,0.05709726710846986,0.09860682881163131,0.4609375,False,0.22298006426539993,0.20703243078335248,0.29429639666890267,0.6328125,False,0.7933129834008124,0.38694868819443995,1.0562137606894555,0.875,False,0.152246787049108,0.07524156730203807,0.24262913873394903,0.828125,False,1.0,1.0,1.0,1.0,False
0,A,contrast_low,0.19836423556080363,0.14528344433062174,0.23174837599342107,0.8359375,False,0.08010885923869832,0.06166678839953815,0.1064829824656948,0.7421875,False,0.27546615354807813,0.19972888446916554,0.3149515770999388,0.8984375,False,1.1006690218990944,0.6064867620625003,1.2521569372033554,0.875,False,0.19783778510595773,0.11776021949529386,0.2896286338221801,0.8046875,False,0.0,1.0,1.0,0.1015625,False
0,A,gaussian_noise,0.20637971715712874,0.13969486372916262,0.24799385796577808,0.890625,False,0.08212177726485835,0.058741355628298825,0.10083795033860563,0.8046875,False,0.3373751086613792,0.19267976824858735,0.29793840036459357,0.984375,True,0.9284194239942669,0.4004815434002176,1.0218407041426558,0.8984375,False,0.1874007828409182,0.07722214561619145,0.2258437277063179,0.8671875,False,1.0,1.0,1.0,1.0,False
0,A,gaussian_blur,0.241452177037729,0.14502803827021954,0.2285948761078663,0.9765625,True,0.0925397053310729,0.06293955364074807,0.0972934295168312,0.890625,False,0.359384225731744,0.20323103401464704,0.31459066283926634,0.9921875,True,0.7690435397163351,0.45246846176206695,0.9706397984551509,0.8828125,False,0.10665075934606705,0.087581288819287,0.21330699293581673,0.578125,False,1.0,1.0,1.0,1.0,False
0,B,clean,0.19379770806734103,0.15100443973428357,0.2551316220202485,0.71875,False,0.08037769930891235,0.06486722096535127,0.11191722791475334,0.7109375,False,0.2976326362627262,0.2176318693981628,0.3023253783545553,0.9296875,False,0.7460734092761403,0.39338237209473415,0.9447476279628586,0.8515625,False,0.12129349111938614,0.07307870488628249,0.21895559563773215,0.765625,False,1.0,1.0,1.0,1.0,False
0,B,brightness_dark,0.13032745827868059,0.1420541424520454,0.22591860998757832,0.40625,False,0.05456728873681065,0.06069539856010389,0.09262532822014843,0.359375,False,0.2266806251295852,0.19610874197584477,0.282198843598943,0.7421875,False,0.7898890293999302,0.30000000000000004,1.1067762014398397,0.828125,False,0.15102318595501052,0.059389659941985695,0.24809080845101397,0.8046875,False,1.0,1.0,1.0,1.0,False
0,B,contrast_low,0.19454798506809087,0.13423498861289823,0.23910620777874186,0.8828125,False,0.07971223901257483,0.06294846481230976,0.10865683451087174,0.765625,False,0.2753023770035825,0.19211364058282554,0.2879558488435467,0.9140625,False,1.1070663363078281,0.6015458029297335,1.2101455367081693,0.9296875,False,0.20159414265084996,0.12150276620351136,0.26345947775737105,0.828125,False,0.0,1.0,1.0,0.0859375,False
0,B,gaussian_noise,0.20470988455369543,0.14629968075257052,0.26233863607335706,0.8203125,False,0.08272489878953988,0.060688951321445646,0.11353324934574505,0.7578125,False,0.33705302687495786,0.20547222706148366,0.3140506234506559,0.9765625,True,0.9273037493576829,0.41472144837299424,1.0294998095176953,0.9375,False,0.18663293811932247,0.07914743380200323,0.21765019896143697,0.90625,False,1.0,1.0,1.0,1.0,False
0,B,gaussian_blur,0.24481257916168092,0.1559414249186945,0.2379628730854033,0.953125,True,0.0936241572185236,0.06603536200370469,0.11085832175740525,0.890625,False,0.36333055540332376,0.2088417249471095,0.3016364227187126,0.9921875,True,0.7652653473267276,0.3835016804465948,0.911699199189279,0.90625,False,0.10483941701994914,0.08010395710965285,0.19316181289262954,0.625,False,1.0,1.0,1.0,1.0,False
1,A,clean,0.15852161619106478,0.1483463874317779,0.24416198663164773,0.5703125,False,0.062416654040011614,0.059769428051034,0.1037489201368344,0.5390625,False,0.18835322479448421,0.19390417666814888,0.2897991354239778,0.46875,False,0.25590208441843987,0.3649925616527665,1.083918631963269,0.3203125,False,0.046657091959558694,0.07337679911628053,0.24612257518977299,0.375,False,1.0,1.0,1.0,1.0,False
1,A,brightness_dark,0.1164485705114143,0.14160896204537493,0.23738739417591284,0.296875,False,0.045767220668765575,0.0601075762667226,0.09985637383725723,0.234375,False,0.13934342701122795,0.1775071401775522,0.2758182151675477,0.1796875,False,0.30383188630071745,0.42113252298165516,0.9037956014691956,0.3671875,False,0.056576572423461036,0.08362300670694017,0.21129318371829772,0.359375,False,1.0,1.0,1.0,1.0,False
1,A,contrast_low,0.07418630030066407,0.14324316778421475,0.2456537643373104,0.078125,False,0.03152940028197625,0.0626832540515552,0.11098016974081346,0.0703125,False,0.13103142056913797,0.17413724411395937,0.28428171088738385,0.171875,False,0.5814117508246557,0.601454012470666,1.4779650962372426,0.46875,False,0.11310903465583722,0.12163770996632522,0.3883916974873957,0.484375,False,1.0,1.0,1.0,1.0,False
1,A,gaussian_noise,0.18841856280606445,0.15556203099536212,0.26395352763672053,0.6953125,False,0.072447281878072,0.06642287363270481,0.11475320463392591,0.5859375,False,0.20004865248645845,0.18884103052232964,0.30190868847494645,0.5625,False,0.39768954963140235,0.4144506091477473,0.9263561319161565,0.4765625,False,0.056729451175721146,0.07693816458252417,0.22238577575332127,0.3984375,False,1.0,1.0,1.0,1.0,False
1,A,gaussian_blur,0.1756445883442861,0.15104251634076177,0.3035928554816357,0.6015625,False,0.06961164841412266,0.06413323394653458,0.11756403741909147,0.546875,False,0.19348052783359648,0.20166349914643728,0.32794343362595413,0.4375,False,0.3382440364485306,0.3474805744784596,1.0001766501085894,0.4921875,False,0.06158016227398788,0.05707285600743073,0.22030294529718852,0.5234375,False,1.0,1.0,1.0,1.0,False
1,B,clean,0.15852161619106478,0.14913333439766918,0.22730073420332628,0.59375,False,0.062416654040011614,0.06480186394645328,0.1071883795966902,0.4609375,False,0.18835322479448421,0.1902298603296693,0.2739380807000934,0.4609375,False,0.25590208441843987,0.3969590393635377,1.0439626115810468,0.359375,False,0.046657091959558694,0.0778263341717449,0.24677709728651823,0.3671875,False,1.0,1.0,1.0,1.0,False
1,B,brightness_dark,0.11707301028014536,0.13952763914412036,0.2228169020091823,0.328125,False,0.045868418147570214,0.06086121625851257,0.09936456678953556,0.28125,False,0.13988002353376514,0.17752118910135078,0.27417661913694635,0.234375,False,0.29646861787448686,0.38185877554927894,0.920384430557358,0.3828125,False,0.055162921532567966,0.07091162421938346,0.21097504881118684,0.453125,False,1.0,1.0,1.0,1.0,False
1,B,contrast_low,0.0797746170166437,0.1429490126997743,0.2353132579552852,0.078125,False,0.0331282457963199,0.06042122294480559,0.10734558101248264,0.0703125,False,0.13903824539433088,0.18142569831586897,0.2900036394234114,0.1640625,False,0.5501877035210642,0.5860133223038949,1.4019353806009862,0.4609375,False,0.1079539233038379,0.11838835873175096,0.359859526236258,0.4375,False,1.0,1.0,1.0,1.0,False
1,B,gaussian_noise,0.18444766483899608,0.1511144908514372,0.24919981894598298,0.71875,False,0.07196554727718746,0.06384844534971024,0.11002494376529917,0.6015625,False,0.1965863150500971,0.18862061680384093,0.28385560885043815,0.5546875,False,0.4109948113113533,0.4257298123117762,1.0402475960338042,0.484375,False,0.0593970863297848,0.08054579647821286,0.2448806764149975,0.3828125,False,1.0,1.0,1.0,1.0,False
1,B,gaussian_blur,0.1775908721361707,0.16031208973031397,0.24387075652886128,0.625,False,0.07002578902466378,0.06718156080018609,0.11024065159815549,0.5546875,False,0.19646943338984604,0.2019448324899752,0.28862885640723407,0.4453125,False,0.3147519645736616,0.36132345916762204,1.0088994218703053,0.4140625,False,0.05719279454608861,0.07923438756323081,0.2347232248338961,0.4375,False,1.0,1.0,1.0,1.0,False
2,A,clean,0.11089244996671288,0.13075294057390607,0.2667628048792208,0.3515625,False,0.059402899506754876,0.0592272797773078,0.1224204661192785,0.5,False,0.21192925671451088,0.19134444817987306,0.3046585692580601,0.609375,False,0.517538074234625,0.8000467125679973,2.0,0.2578125,False,0.12818562562915392,0.18682998590242705,0.6931471805599452,0.296875,False,1.0,1.0,1.0,1.0,False
2,A,brightness_dark,0.10074476939243868,0.13015938198180071,0.2349712395170793,0.2578125,False,0.044613312590306105,0.05799791690811852,0.10993133340125445,0.2890625,False,0.1901377114650554,0.17818946361892377,0.27417199033445117,0.5703125,False,0.6202666664890446,0.9821593828504439,2.0,0.2421875,False,0.14910509231861457,0.23235139926203324,0.6931471805599454,0.265625,False,1.0,1.0,1.0,1.0,False
2,A,contrast_low,0.09318355869989237,0.12810730303949305,0.2640730600244289,0.2421875,False,0.04046439268123142,0.059748553953245784,0.12237578134120107,0.2109375,False,0.18751007203495876,0.1845527198232612,0.3248222133676743,0.5234375,False,0.624841669304617,1.009270831672894,2.0,0.25,False,0.15006109304123671,0.22028665207817916,0.6931471805599454,0.296875,False,1.0,1.0,1.0,1.0,False
2,A,gaussian_noise,0.09182485505772851,0.1487735403913891,0.2521229096064816,0.109375,False,0.04847213864302409,0.06720879874612623,0.11968330523365958,0.2890625,False,0.18718816525960877,0.19576351341449766,0.30620130390037364,0.4296875,False,0.5944100322372072,0.9946031513426138,2.0,0.203125,False,0.1437421044613474,0.2240254169560807,0.6931471805599452,0.2265625,False,1.0,1.0,1.0,1.0,False
2,A,gaussian_blur,0.09829153649880931,0.14413237798203113,0.2545257676029942,0.203125,False,0.05348549851328249,0.06628554891065983,0.11278002636099359,0.34375,False,0.2071234012641181,0.19721181107510033,0.29878785397664404,0.5625,False,0.48562542787463286,0.8409576427010887,2.0,0.1875,False,0.10693807581739889,0.192262678474088,0.6931471805599453,0.1953125,False,1.0,1.0,1.0,1.0,False
2,B,clean,0.11089244996671288,0.14296717643613785,0.26081786811800317,0.296875,False,0.059402899506754876,0.06261405932305905,0.12646935634846182,0.4609375,False,0.21192925671451088,0.18959833306009,0.3100535369092858,0.6328125,False,0.517538074234625,0.8482789229130883,2.0,0.3125,False,0.12818562562915392,0.18070140998903145,0.6931471805599453,0.3515625,False,1.0,1.0,1.0,1.0,False
2,B,brightness_dark,0.1001456946108003,0.1339294336645088,0.2624964007504914,0.2578125,False,0.04413522706577071,0.05842152926981233,0.11571466930273826,0.28125,False,0.18970239517672552,0.18649299781110734,0.3004365474080255,0.5078125,False,0.6470850959025332,1.0214928320721859,2.0,0.25,False,0.15474004920444417,0.23949409946694394,0.6931471805599454,0.2734375,False,1.0,1.0,1.0,1.0,False
2,B,contrast_low,0.09821131964067126,0.13635081578357505,0.24604331698040502,0.203125,False,0.04312745873337916,0.062098909425700136,0.119554369892504,0.1484375,False,0.19179509856970245,0.1971014557601285,0.3041069573662885,0.4609375,False,0.7022347718279018,1.073503972236046,2.0,0.2734375,False,0.1665687336964986,0.2530503674045407,0.6931471805599453,0.3046875,False,1.0,1.0,1.0,1.0,False
2,B,gaussian_noise,0.08881487077965446,0.13298794208789255,0.27674513018721436,0.1640625,False,0.04708831800763924,0.06162018364218066,0.11691498746335696,0.2890625,False,0.18255872025612488,0.19472433671945355,0.30698242052758734,0.4453125,False,0.6001634882557243,1.0040708384798038,2.0,0.1484375,False,0.14492960414073408,0.22742146127829865,0.6931471805599453,0.171875,False,1.0,1.0,1.0,1.0,False
2,B,gaussian_blur,0.09906467088006368,0.135082449656223,0.2629821360930294,0.2265625,False,0.05391396807651574,0.05912676135029189,0.12299274460429224,0.4296875,False,0.20927985951526465,0.1913927746753029,0.3130864179349282,0.625,False,0.4881093639814537,1.0090463666843354,2.0,0.2109375,False,0.10744356963278445,0.23223346006744772,0.6931471805599453,0.1953125,False,1.0,1.0,1.0,1.0,False
3,A,clean,0.1320560348597649,0.16294268996943656,0.3035031957788263,0.3203125,False,0.05222654897592317,0.0714817946047121,0.134541754634649,0.234375,False,0.1320560348597649,0.16294268996943656,0.3035031957788263,0.3203125,False,0.07389519868727915,0.3830207437055727,1.1058621365318795,0.125,False,0.01297892477336604,0.07145222989351047,0.24589536228432063,0.125,False,1.0,1.0,1.0,1.0,False
3,A,brightness_dark,0.1404917041847776,0.1660700184525935,0.31111162955499716,0.3828125,False,0.05156616941621865,0.0733212860841804,0.13976760364822016,0.1953125,False,0.1404917041847776,0.1660700184525935,0.31111162955499716,0.3828125,False,0.1563913075415902,0.33686318453048447,1.050964532647408,0.296875,False,0.02789618729105761,0.06225197057503844,0.23006773140441644,0.296875,False,1.0,1.0,1.0,1.0,False
3,A,contrast_low,0.22473656235210182,0.16076125882121323,0.2800778743458315,0.828125,False,0.09244810789226887,0.07261989128097143,0.12319756948368528,0.75,False,0.22473656235210182,0.16076125882121323,0.2800778743458315,0.828125,False,1.0055880092510647,0.42041177408659614,1.1756739649838255,0.8359375,False,0.21729892688312097,0.07903918853264535,0.2668259544061483,0.8359375,False,1.0,1.0,1.0,1.0,False
3,A,gaussian_noise,0.1304045247066446,0.16445769614571915,0.30873836577614494,0.2890625,False,0.048268218541515855,0.07453251837616601,0.13848209855569882,0.1171875,False,0.1304045247066446,0.16445769614571915,0.30873836577614494,0.2890625,False,0.07436686891498501,0.47140643351249917,1.237113836941966,0.125,False,0.013062906888986342,0.08958440791438119,0.28620827218717754,0.125,False,1.0,1.0,1.0,1.0,False
3,A,gaussian_blur,0.14004295432367364,0.1639346695535354,0.2838621381807926,0.3203125,False,0.061169847168328434,0.073043633935061,0.1286264302259535,0.3203125,False,0.14004295432367364,0.1639346695535354,0.2838621381807926,0.3203125,False,0.1902935592791643,0.34761228684896084,1.0193229410542872,0.2734375,False,0.034163993012824995,0.06437902365626882,0.2211070979121146,0.2734375,False,1.0,1.0,1.0,1.0,False
3,B,clean,0.1320560348597649,0.1636965014423301,0.2845065885860549,0.3046875,False,0.05222654897592317,0.07491402672021467,0.13180271328324306,0.2421875,False,0.1320560348597649,0.1636965014423301,0.2845065885860549,0.3046875,False,0.07389519868727915,0.3584096953894321,1.0471354595797933,0.171875,False,0.01297892477336604,0.06652451806551038,0.2290899012520352,0.171875,False,1.0,1.0,1.0,1.0,False
3,B,brightness_dark,0.14221892820227175,0.158752977369942,0.2660823355950804,0.4140625,False,0.05194180697472749,0.06963255698031427,0.12499859675937654,0.2421875,False,0.14221892820227175,0.158752977369942,0.2660823355950804,0.4140625,False,0.17016435839132654,0.2950782788948578,0.9764392149188277,0.3828125,False,0.030432624256701263,0.05407403379181591,0.20933656401956036,0.3828125,False,1.0,1.0,1.0,1.0,False
3,B,contrast_low,0.23454212120484952,0.15556904160206397,0.2801926942055505,0.8828125,False,0.09817213296901402,0.07136294380947539,0.1260535695978386,0.828125,False,0.23454212120484952,0.15556904160206397,0.2801926942055505,0.8828125,False,1.167329357506504,0.4362418947869512,1.1925804460762601,0.9296875,False,0.2642434112118638,0.08228685880056935,0.2720423104116432,0.9296875,False,0.0,1.0,1.0,0.078125,False
3,B,gaussian_noise,0.1303107576761461,0.15555880159582686,0.2801451581399449,0.3125,False,0.04864575261081637,0.07298065153191383,0.13193955605036514,0.1875,False,0.1303107576761461,0.15555880159582686,0.2801451581399449,0.3125,False,0.07749928556932484,0.3464596479514458,1.0972890063966116,0.15625,False,0.01362101547312028,0.0641498506426647,0.24331288492361078,0.15625,False,1.0,1.0,1.0,1.0,False
3,B,gaussian_blur,0.14101009089728592,0.18152364490836065,0.3108332051227517,0.265625,False,0.06063668165423416,0.07996551269727273,0.13777789138376134,0.265625,False,0.14101009089728592,0.18152364490836065,0.3108332051227517,0.265625,False,0.18481296589369456,0.4470883355837787,1.3025858608687597,0.2421875,False,0.03314515927254594,0.08452584290770998,0.30778410607182694,0.2421875,False,1.0,1.0,1.0,1.0,False
4,A,clean,0.19468389436780778,0.1560948866373793,0.2678807029164323,0.75,False,0.08142908718128168,0.06707941017178515,0.11556269646523058,0.671875,False,0.2750742459848719,0.23749530586566747,0.34155045441216214,0.7578125,False,0.6371324214639636,0.7674833526921654,1.4346426977072277,0.34375,False,0.14857830274281847,0.1810532045902593,0.4018079631383204,0.3671875,False,1.0,1.0,1.0,1.0,False
4,A,brightness_dark,0.19930823275806503,0.13576535114610555,0.2328660707971262,0.8671875,False,0.08203406796391392,0.0586986681286535,0.10703255782947753,0.8203125,False,0.31271096976289947,0.21530995244025952,0.32208834775856426,0.921875,False,0.8756944480088411,0.8999999999999999,1.5677239480562322,0.4453125,False,0.20181166546196705,0.2596638037902095,0.463038237825923,0.3984375,False,1.0,1.0,1.0,1.0,False
4,A,contrast_low,0.20594761614456286,0.1498575336165766,0.2530806165369231,0.8359375,False,0.09121770216252395,0.06883403397656351,0.12254094789749453,0.8125,False,0.29646212351926465,0.23838303496164773,0.34182089940293786,0.8046875,False,0.8999999999999999,0.9407995475012961,1.695794280372572,0.3828125,False,0.28714917457841405,0.27956052098248874,0.5013264093734633,0.53125,False,1.0,1.0,1.0,1.0,False
4,A,gaussian_noise,0.16875679704776209,0.16025665782591325,0.23936552097342031,0.5703125,False,0.06661491202799019,0.0680935513333833,0.10518918291303718,0.484375,False,0.23558495964451887,0.22894753544295343,0.3272686586676462,0.53125,False,0.398256109695604,0.8999999999999999,1.6055316241479118,0.125,False,0.09330789113144267,0.2533844825957924,0.4682874750265893,0.1875,False,1.0,1.0,1.0,1.0,False
4,A,gaussian_blur,0.19309602838580425,0.15278595225120162,0.25871239289963593,0.7109375,False,0.08212964593828775,0.06828967230163255,0.11200721529847842,0.671875,False,0.27537128990878806,0.24392515957921218,0.34228514205458893,0.6640625,False,0.7089374312659488,0.9,1.70565667544802,0.328125,False,0.164895692330024,0.28239654758918276,0.5095573350554092,0.328125,False,1.0,1.0,1.0,1.0,False
4,B,clean,0.19468389436780778,0.16144052755839688,0.2830672371196886,0.703125,False,0.08142908718128168,0.07079759394901075,0.1234057388571846,0.6640625,False,0.2750742459848719,0.23865535814857275,0.3500853058659993,0.65625,False,0.6371324214639636,0.8999999999999999,1.518061331615539,0.2890625,False,0.14857830274281847,0.24170625907660925,0.4585453132670103,0.328125,False,1.0,1.0,1.0,1.0,False
4,B,brightness_dark,0.201656511752284,0.14475609774751796,0.2333984539686618,0.875,False,0.08317287077507583,0.06468290937331231,0.10466284257501476,0.8359375,False,0.317034721628108,0.22940636493287858,0.3421331414926764,0.9140625,False,0.862220815262026,0.9013417421614833,1.5606849724896272,0.4296875,False,0.19881581972729534,0.2747628339652687,0.4552028677578554,0.40625,False,1.0,1.0,1.0,1.0,False
4,B,contrast_low,0.2092505571065708,0.14857553503306176,0.2639247616384134,0.828125,False,0.09234524659389674,0.06690718688641914,0.12434316673188196,0.78125,False,0.3154518149602805,0.2429528282665271,0.3579945899523756,0.875,False,0.8697745280750198,0.913933427573713,1.5722334916551874,0.3828125,False,0.24290166074579456,0.28209400417813624,0.4666808488384685,0.4140625,False,1.0,1.0,1.0,1.0,False
4,B,gaussian_noise,0.166784099850894,0.1645627944669446,0.26160937447980886,0.515625,False,0.06589708221541973,0.07200076312213918,0.11215682588006769,0.375,False,0.2331475948846014,0.24228845323009657,0.32702649203573375,0.4375,False,0.3958606686176414,0.8754748022026944,1.5592498937379013,0.078125,False,0.09285237490505338,0.20973885397087388,0.45280898871001735,0.1328125,False,1.0,1.0,1.0,1.0,False
4,B,gaussian_blur,0.19342710231227747,0.1486439659116751,0.25056424285564005,0.7578125,False,0.08219129299868552,0.06310091316432215,0.11223007960684274,0.703125,False,0.27566634207601853,0.237745196974924,0.3329327350304381,0.7890625,False,0.7032248318271053,0.899601610037086,1.7057738594204752,0.3671875,False,0.16345711511920769,0.22596124719096577,0.5071035878148729,0.390625,False,1.0,1.0,1.0,1.0,False
5,A,clean,0.27122694389009244,0.187438257817386,0.30009987737923366,0.890625,False,0.11263556882527846,0.08154062777297494,0.13505385429833858,0.8359375,False,0.3519954538266634,0.2773938803310697,0.3836340000759465,0.890625,False,0.30000000000000004,0.5900022379771391,1.0826004290986286,0.15625,False,0.09363183207501657,0.13508292227766172,0.29534359733626847,0.3203125,False,1.0,1.0,1.0,1.0,False
5,A,brightness_dark,0.249400749300816,0.15189932779222232,0.26014799751932954,0.9375,False,0.10446693840100842,0.0680100476527824,0.11356941973231549,0.8984375,False,0.3411720199181416,0.2522687982661631,0.38179357416997506,0.84375,False,0.3659309268970255,0.645272929330723,1.2125068312102594,0.109375,False,0.0583851294277401,0.14944472790624852,0.2915765836576369,0.1015625,False,1.0,1.0,1.0,1.0,False
5,A,contrast_low,0.2583784098486173,0.16255785555686622,0.27925749098969765,0.8984375,False,0.10781244786694234,0.0724812941906796,0.12304969690285321,0.8515625,False,0.3485311713584267,0.2617314846024772,0.3751141157637787,0.8984375,False,0.6579676756302358,0.584785516898019,1.2247238813343269,0.5859375,False,0.1512552891958976,0.12772778806976237,0.3205543962765161,0.59375,False,1.0,1.0,1.0,1.0,False
5,A,gaussian_noise,0.2630471608928145,0.16964590718172892,0.2605290239833805,0.953125,True,0.1166455975176591,0.07418115452460743,0.11995933004221285,0.9375,False,0.36830452334635927,0.2711559873125605,0.37671860341561686,0.9375,False,0.36635904035837596,0.5822492993200223,1.1677708147844157,0.203125,False,0.11566433657091246,0.12062283663669943,0.2968130538427294,0.4765625,False,1.0,1.0,1.0,1.0,False
5,A,gaussian_blur,0.2483407392559674,0.17035360330686722,0.27041304688178386,0.8828125,False,0.10472941245765183,0.06997691036969711,0.11748041594216962,0.8671875,False,0.3422561345271973,0.2755350076107409,0.3724636922112135,0.890625,False,0.3233913815565649,0.5946239746021056,1.2276995240692141,0.1640625,False,0.09417730800637192,0.11854586546538948,0.31557175020815953,0.3671875,False,1.0,1.0,1.0,1.0,False
5,B,clean,0.27122694389009244,0.17666277904378253,0.29681885904840843,0.9140625,False,0.11263556882527846,0.07634519837526532,0.13241863190867872,0.8515625,False,0.3519954538266634,0.2719404612191262,0.4016985945178088,0.8515625,False,0.30000000000000004,0.5760927554044808,1.2351394837408884,0.171875,False,0.09363183207501657,0.12083830581928118,0.3014930801509333,0.328125,False,1.0,1.0,1.0,1.0,False
5,B,brightness_dark,0.2523448327229533,0.17173113957666075,0.2671742221864076,0.9140625,False,0.10567146455933936,0.0743628673717984,0.11570405258044014,0.8515625,False,0.3456302951921429,0.26885507494661653,0.3826833192433468,0.890625,False,0.3691175387506603,0.6921830524521748,1.3011170073338008,0.0703125,False,0.05855519749525662,0.15776708950730112,0.34313144370466186,0.09375,False,1.0,1.0,1.0,1.0,False
5,B,contrast_low,0.25506437051525527,0.16231189641614502,0.2865497041825478,0.921875,False,0.1067011139909202,0.0730176145009635,0.12040566090359894,0.890625,False,0.3544933683088684,0.26544408322000324,0.36808012448503347,0.921875,False,0.5860608415486315,0.6533410580821264,1.3205826546061985,0.3828125,False,0.12891782645035488,0.14791522280515884,0.3553512685785557,0.3828125,False,1.0,1.0,1.0,1.0,False
5,B,gaussian_noise,0.26157830566388324,0.17213220899194584,0.2780548638409782,0.8984375,False,0.11633507009278457,0.07620772010321832,0.1293732574962807,0.8984375,False,0.3653427729881651,0.26258558220252015,0.38302833331821956,0.9140625,False,0.37772535668180884,0.5597099898645519,1.2821869310212426,0.2578125,False,0.11766920815442317,0.11291698779804854,0.3109165385786918,0.53125,False,1.0,1.0,1.0,1.0,False
5,B,gaussian_blur,0.24860856883165156,0.17562907520903373,0.28244419198644616,0.8671875,False,0.10505543824400106,0.07737200836960635,0.1254450135336464,0.828125,False,0.34535772942974324,0.2736764023578501,0.4096346651166021,0.828125,False,0.3270850042446173,0.6444894885069279,1.1537120338663565,0.140625,False,0.08618655118447394,0.1344076477047909,0.30142934634251983,0.25,False,1.0,1.0,1.0,1.0,False
6,A,clean,0.22710594943934403,0.1234181162833177,0.24954529743021664,0.9296875,False,0.10397796413394263,0.05375559592951978,0.11221001874302339,0.9296875,False,0.31884294122489654,0.21399096826301162,0.3250658425756071,0.9453125,False,0.6288622074623151,0.520390134622043,1.010802412496705,0.6015625,False,0.11420834885236353,0.0881472797275758,0.3246321894294393,0.578125,False,0.0,1.0,1.0,0.21875,False
6,A,brightness_dark,0.17727384203226357,0.12425330535224666,0.243597168232053,0.8125,False,0.08221784176314584,0.05391921608471867,0.10666343588771136,0.84375,False,0.2956741107789687,0.20211696342533178,0.31858551280452524,0.859375,False,0.4802463790067485,0.6861756186046493,1.1501846669635212,0.34375,False,0.07383578971583082,0.12382131773861593,0.37035558320497636,0.3359375,False,0.0,1.0,1.0,0.28125,False
6,A,contrast_low,0.2733330333808876,0.13437280575225294,0.2111743172511266,1.0,True,0.14164429247151705,0.058554326720928224,0.1035809998155699,1.0,True,0.35991613901270547,0.21377299005644337,0.2901731247546539,1.0,True,1.181783451270614,0.5760128924668861,1.01664668456243,0.9921875,True,0.2857498512065011,0.1047631430990763,0.30585309237259045,0.921875,False,0.0,1.0,1.0,0.3046875,False
6,A,gaussian_noise,0.1975650596919047,0.13317152922938985,0.2227544729223442,0.9140625,False,0.09314809438246457,0.05605493974853094,0.10292908789485206,0.90625,False,0.291774319522765,0.21460064675555152,0.30048431911967616,0.9296875,False,0.5330264050773837,0.5596636335243735,1.0431600109411847,0.453125,False,0.09660597188794084,0.1114472584526911,0.3424749099815126,0.453125,False,0.0,1.0,1.0,0.25,False
6,A,gaussian_blur,0.2476501286870382,0.13173013179074966,0.22778822040817634,0.984375,True,0.11617329580953953,0.056497168065891015,0.10494372321983142,0.9609375,True,0.32261624569669506,0.21769168938836506,0.29815297125722007,0.96875,True,0.689056236699473,0.509110796898961,1.0,0.65625,False,0.1322218920684639,0.09362836427944404,0.30370011513784284,0.6640625,False,0.0,1.0,1.0,0.296875,False
6,B,clean,0.22710594943934403,0.1267371395660512,0.21670529466707802,0.96875,True,0.10397796413394263,0.05667637313430929,0.10834579466422029,0.921875,False,0.31884294122489654,0.2173731186535019,0.30814503771844765,0.96875,True,0.6288622074623151,0.5845862441946268,1.0,0.5703125,False,0.11420834885236353,0.09990467608078923,0.333187611649138,0.5390625,False,0.0,1.0,1.0,0.234375,False
6,B,brightness_dark,0.17814685711767772,0.135141618527706,0.23128467552862775,0.8125,False,0.08167462446112682,0.05761321247710873,0.1060117923997312,0.796875,False,0.2953834502169168,0.2141235285870863,0.32315723457849654,0.921875,False,0.48269371441813785,0.6496523153534661,1.129685027546506,0.3359375,False,0.07424628754678397,0.11475850667007459,0.3597778664518053,0.328125,False,0.0,1.0,1.0,0.234375,False
6,B,contrast_low,0.2821176613522199,0.1377517870477816,0.24152303810236192,0.9921875,True,0.1456876678612056,0.061464964875098095,0.11528569943515442,1.0,True,0.37352405108546527,0.22307377464049835,0.2852580223036636,0.9921875,True,1.3032580175442816,0.6861119053681629,1.1424698205061121,0.984375,True,0.3118993762875819,0.1257514014224278,0.34583844772263655,0.90625,False,0.0,1.0,1.0,0.2421875,False
6,B,gaussian_noise,0.19928858826218088,0.13028106728449057,0.21717157649878355,0.90625,False,0.09427959979327574,0.05779685816043183,0.10044743830939384,0.8984375,False,0.2911921030992781,0.2130439714795357,0.3153774598657576,0.921875,False,0.5490065695243921,0.5832859802928734,1.0693808230434667,0.453125,False,0.10137500633730845,0.10123622283034028,0.3437029006323875,0.5,False,0.0,1.0,1.0,0.234375,False
6,B,gaussian_blur,0.25064142106133797,0.1328888318205269,0.2416175005388413,0.953125,True,0.11775364555848267,0.05673064110583284,0.10725844605302265,0.9609375,True,0.32607784125093064,0.21279382864014962,0.3289813264134672,0.9375,False,0.6890847030908405,0.5082081138321017,1.0,0.7109375,False,0.13215431065695848,0.08718507009506488,0.3061605934191788,0.734375,False,0.0,1.0,1.0,0.328125,False
7,A,clean,0.17346569934194916,0.15287091773254435,0.2432715899550876,0.6796875,False,0.07936159441725682,0.06600266381199585,0.11143110165774002,0.7109375,False,0.17849833350363156,0.1860424120520954,0.2791549639356466,0.421875,False,1.043470200392404,0.9015518928081059,1.8571555495144192,0.6015625,False,0.2482619349461781,0.20492596880353775,0.6261737994393964,0.6171875,False,1.0,1.0,1.0,1.0,False
7,A,brightness_dark,0.06671170494779019,0.13792456151163923,0.2376912307183286,0.015625,False,0.029893003298516463,0.05756571633608089,0.10703808699996484,0.0390625,False,0.09661294726200648,0.16935057462898548,0.2743569220582559,0.0625,False,1.872680991892623,1.0028103228522887,2.0,0.890625,False,0.5759052502876443,0.23070614645451964,0.6931471805599452,0.765625,False,0.0,1.0,1.0,0.4453125,False
7,A,contrast_low,0.1369127478647939,0.12105592184181543,0.23085884590252645,0.6171875,False,0.06070453485316072,0.055483806156335067,0.11321112263784727,0.609375,False,0.19031611658676478,0.1603914679300112,0.2633638115861136,0.7421875,False,1.317978691369208,1.0371382980792634,2.0,0.578125,False,0.3283149417029364,0.23496032007271872,0.6931471805599454,0.5859375,False,0.0,1.0,1.0,0.46875,False
7,A,gaussian_noise,0.16231839641059,0.1411084033083188,0.2321378634681844,0.625,False,0.07916093845599367,0.06074658737983517,0.10775122772253967,0.765625,False,0.16361054590328827,0.17564572235867407,0.2653072898383138,0.421875,False,0.9503209694205936,0.9234606804959035,1.9449227603046235,0.5390625,False,0.22432394648753584,0.19902905426577122,0.6557453364658157,0.5703125,False,1.0,1.0,1.0,1.0,False
7,A,gaussian_blur,0.14837909686805648,0.15613000941162664,0.24915834303213724,0.453125,False,0.07364144444589935,0.06648959693019918,0.10613513291501098,0.59375,False,0.1533512276794055,0.18500677314539987,0.2693889449035549,0.28125,False,0.5168863863014548,0.8268679651533983,1.80021043431666,0.21875,False,0.1280561402787075,0.17158593789128712,0.5822029674505104,0.34375,False,1.0,1.0,1.0,1.0,False
7,B,clean,0.17346569934194916,0.14146222178624387,0.21643901948790117,0.7265625,False,0.07936159441725682,0.060185250729626535,0.10379650020902452,0.7890625,False,0.17849833350363156,0.17534229911459334,0.2642754628770983,0.5234375,False,1.043470200392404,0.9001804344000637,1.8527821607734034,0.609375,False,0.2482619349461781,0.19500588403850522,0.6246151121331762,0.609375,False,1.0,1.0,1.0,1.0,False
7,B,brightness_dark,0.06648183904869634,0.13192491264539885,0.2158559708399278,0.0234375,False,0.03021068447064478,0.06035316831159293,0.09576106195286847,0.046875,False,0.09515242054271272,0.17209837455952867,0.2575392852024089,0.046875,False,1.903401051940922,1.061645814488414,1.9783944152356978,0.90625,False,0.5952836862573148,0.2348670778180471,0.6793736195310757,0.8125,False,0.0,1.0,1.0,0.4140625,False
7,B,contrast_low,0.12167129283631306,0.14037215816079707,0.23401895838519793,0.3515625,False,0.05691527807563132,0.06064134358481532,0.11055895736446178,0.4296875,False,0.18228705359697706,0.17697082809566855,0.2731655408930291,0.5546875,False,1.1818346242547635,1.1608606420615697,2.0,0.515625,False,0.28662269850144706,0.27394261878341364,0.6931471805599453,0.5234375,False,0.0,1.0,1.0,0.4921875,False
7,B,gaussian_noise,0.16007187367986747,0.14049717023722333,0.2461965434221466,0.6328125,False,0.07816385287259839,0.05982995395814736,0.11316669006938972,0.703125,False,0.1616863299527031,0.17584485157351215,0.2838999333374341,0.4140625,False,0.967986540307676,0.8805702757298515,1.9115569189858028,0.5390625,False,0.2287583505547569,0.18128861586616485,0.643336633105651,0.5859375,False,1.0,1.0,1.0,1.0,False
7,B,gaussian_blur,0.149757961093607,0.14075978435626174,0.23235478066799384,0.5703125,False,0.07463276004539235,0.06111319696479657,0.11162062835749241,0.671875,False,0.154683018741408,0.18687966456835542,0.26775932485138837,0.3359375,False,0.5284602588232203,0.8612778229097348,1.8745019245787113,0.2421875,False,0.13036164392314498,0.18741031654819135,0.6395248017145198,0.2890625,False,1.0,1.0,1.0,1.0,False
8,A,clean,0.11465556071339873,0.17078460382217733,0.2485376426381174,0.1015625,False,0.046325843075441415,0.0725506504329106,0.10736316871316558,0.109375,False,0.12591410253103757,0.21878732630883385,0.28760555447628217,0.015625,False,0.2766461299625084,0.43544926283001695,1.5273466321177234,0.25,False,0.05248660162956742,0.11126422299177496,0.3967967379142233,0.2421875,False,1.0,1.0,1.0,1.0,False
8,A,brightness_dark,0.10347526572428056,0.14376073883810614,0.24776419257354446,0.265625,False,0.037234281795597304,0.06168416948668522,0.10863036232094322,0.1484375,False,0.11694100481616938,0.18694183949274307,0.29590356018088204,0.0625,False,0.1804491670500516,0.5964311153978289,1.590636020874381,0.1015625,False,0.032789439280103694,0.13304112424916043,0.4714341060674403,0.109375,False,1.0,1.0,1.0,1.0,False
8,A,contrast_low,0.1261438308808064,0.14612444801476265,0.2569020349389747,0.3359375,False,0.06432777743530771,0.06550730159748269,0.10764726695802947,0.484375,False,0.14582543393783579,0.20118653822373794,0.29921466463457014,0.171875,False,1.7449533985783223,0.872691198783198,1.8031688165822075,0.9453125,False,0.5836791764738891,0.20122494119330758,0.5999460443473544,0.9453125,False,0.0,1.0,1.0,0.3046875,False
8,A,gaussian_noise,0.11871509087813603,0.16092544265259917,0.27020951664962634,0.1328125,False,0.0448285801189278,0.06948184871303026,0.12390889301591557,0.0859375,False,0.13828180612596067,0.2247928847736213,0.3416199492753927,0.0234375,False,0.4728409752391827,0.4960004380702082,1.4155413377900707,0.484375,False,0.09028558799687325,0.11265574973461201,0.3691814168500942,0.390625,False,1.0,1.0,1.0,1.0,False
8,A,gaussian_blur,0.12326921180077738,0.16680457353829548,0.27989103253808756,0.21875,False,0.05097394807164454,0.07217581959033456,0.11812602091770412,0.1875,False,0.14601835812282998,0.2239718661242293,0.32270217122879397,0.078125,False,0.6086037052653261,0.44225660123037636,1.3391122385239362,0.6484375,False,0.1192159820291313,0.11627505029090196,0.3366275434595124,0.515625,False,1.0,1.0,1.0,1.0,False
8,B,clean,0.11465556071339873,0.16562173491161253,0.2593126742238857,0.0859375,False,0.046325843075441415,0.07147724985224503,0.11766882357293205,0.0859375,False,0.12591410253103757,0.21434525562707035,0.30750572465679443,0.0234375,False,0.2766461299625084,0.4452616867920413,1.4514083831128022,0.2578125,False,0.05248660162956742,0.10751882149209835,0.38972099545927325,0.296875,False,1.0,1.0,1.0,1.0,False
8,B,brightness_dark,0.1042767885116527,0.14774483619750522,0.24611275223767404,0.140625,False,0.03761363681491084,0.06349679786778697,0.10117289135304491,0.09375,False,0.1186642126570436,0.20089328530591793,0.3168678140811067,0.0390625,False,0.17595871703052235,0.6613693615552174,1.4379615811596214,0.0703125,False,0.03194369947767661,0.14966568072199032,0.3793878294915317,0.0703125,False,1.0,1.0,1.0,1.0,False
8,B,contrast_low,0.13183056297058668,0.16148121974457702,0.2800818753128717,0.3359375,False,0.06645502928438903,0.07059163966190621,0.12593235034731073,0.4375,False,0.1515443517841116,0.2162902291489779,0.33951325479961614,0.1640625,False,1.7710923761825317,0.7015232700494785,1.9601479583702184,0.90625,False,0.5900579172581513,0.15995679795962492,0.6592414884891037,0.9140625,False,0.0,1.0,1.0,0.3046875,False
8,B,gaussian_noise,0.11533107067610018,0.15579322031010212,0.2582969647742778,0.1953125,False,0.043403358819399246,0.06845270067884146,0.11342198783995094,0.125,False,0.13607208103736623,0.21032454764567055,0.30429900461388615,0.0703125,False,0.46695523024915314,0.4892120741356456,1.2648069105373272,0.4765625,False,0.088976704271719,0.12375797223231078,0.3243360973323333,0.3671875,False,1.0,1.0,1.0,1.0,False
8,B,gaussian_blur,0.1246244304103263,0.1622251037570197,0.2577300003411425,0.2265625,False,0.051949900146893484,0.06903651236745344,0.11813178283331999,0.2109375,False,0.14753911192972105,0.21555114787072727,0.3192864727601162,0.140625,False,0.6216057512286775,0.5607732961537757,1.5151037532711864,0.5546875,False,0.1221314219222358,0.12798839032388987,0.38826969009924156,0.4609375,False,1.0,1.0,1.0,1.0,False
9,A,clean,0.20691276419213286,0.13942553497332116,0.23120760024737674,0.890625,False,0.08042925986548496,0.05907625414778006,0.09955422524292301,0.8203125,False,0.2293869071687012,0.19019422217383633,0.2824369420229003,0.7578125,False,0.49219128944668644,0.4982329821092229,1.0325663872587123,0.484375,False,0.09690432058422993,0.09650201156291316,0.24167304955996627,0.5078125,False,1.0,1.0,1.0,1.0,False
9,A,brightness_dark,0.2583067606278228,0.14458873117489746,0.2273424881304496,0.984375,True,0.10242677459837773,0.061121386450314785,0.09739132297849928,0.984375,True,0.28308356244105864,0.1919558796357161,0.2776311293966986,0.953125,True,0.9357012836500717,0.6514464154034111,1.293147530658454,0.8125,False,0.19845941590193283,0.13855836072482275,0.32044467044591124,0.7265625,False,1.0,1.0,1.0,1.0,False
9,A,contrast_low,0.18634193264047094,0.14106818735443744,0.2317806892442292,0.8515625,False,0.07322681499331037,0.05941041580423789,0.09823441008119117,0.6796875,False,0.1939480632919354,0.1868227962204113,0.284844088625144,0.546875,False,1.3513999325751331,0.845321975001263,1.5151417244325565,0.8515625,False,0.3734196017393512,0.18360000678373767,0.4507798060738695,0.8828125,False,0.0,1.0,1.0,0.375,False
9,A,gaussian_noise,0.1843708738125983,0.14794259814277705,0.24108043620627695,0.734375,False,0.07209081227213658,0.06206012841216578,0.10173600537128362,0.6875,False,0.20569522772760873,0.2013859815817972,0.275169811482872,0.53125,False,0.4898528559440589,0.4711887191124905,1.1222321991781234,0.5390625,False,0.09795320641767469,0.08876558879599777,0.27743079308113405,0.546875,False,1.0,1.0,1.0,1.0,False
9,A,gaussian_blur,0.1782198575963387,0.15748243003935294,0.2470666554010703,0.6640625,False,0.06992312344299921,0.0656904806120293,0.10771009942709885,0.5703125,False,0.215676473305926,0.2081787482131415,0.30972983756918165,0.5546875,False,0.5422368095700358,0.49091502669246423,1.106722029114767,0.5390625,False,0.10797218775661888,0.09511834802708602,0.28417614091972254,0.5703125,False,1.0,1.0,1.0,1.0,False
9,B,clean,0.20691276419213286,0.16432511892864923,0.2560794499955162,0.8046875,False,0.08042925986548496,0.06963054473207875,0.11018139777512356,0.6796875,False,0.2293869071687012,0.21303472674904209,0.3168152041473242,0.609375,False,0.49219128944668644,0.5551903268854066,1.1407748014274302,0.46875,False,0.09690432058422993,0.10518118070506821,0.27754306895977343,0.484375,False,1.0,1.0,1.0,1.0,False
9,B,brightness_dark,0.2607638727654317,0.13809343602376417,0.2404608581738548,0.9765625,True,0.1023882791268538,0.06042785644922477,0.09659528084856696,0.96875,True,0.2852947890497764,0.19139500980166035,0.2810929070551089,0.953125,True,0.9389733032462934,0.5282762524137019,1.168302411229306,0.8359375,False,0.19931906897189977,0.10393832461449237,0.2957902586692651,0.796875,False,1.0,1.0,1.0,1.0,False
9,B,contrast_low,0.1860338623654639,0.12955515030348924,0.2341474799321874,0.8125,False,0.07456944827236832,0.05697465015945011,0.1006111097956878,0.7265625,False,0.19181729799615094,0.18415161624352014,0.28797049635929056,0.5390625,False,1.3023616359647767,0.7735289393916838,1.5199535142359188,0.8671875,False,0.3596265377428385,0.17505904073501166,0.44591610257575515,0.8828125,False,1.0,1.0,1.0,1.0,False
9,B,gaussian_noise,0.18267221539561812,0.15403782971540303,0.23196381136083463,0.78125,False,0.07135528372905758,0.06242078768389862,0.10566095451039698,0.6171875,False,0.20389570102537213,0.20335328116387003,0.2980297554567395,0.5,False,0.48431023676830554,0.6038740515153278,1.1989870295515976,0.390625,False,0.09619220080628854,0.11710575454863198,0.3145471188432555,0.40625,False,1.0,1.0,1.0,1.0,False
9,B,gaussian_blur,0.178517113311315,0.15463064442676377,0.24058569046163797,0.6796875,False,0.07037429507438542,0.06412391008335988,0.1084914043501727,0.59375,False,0.216704367230822,0.2146295102087313,0.3103318002562952,0.5390625,False,0.5435997957573812,0.5485670042800556,1.0966918919193394,0.5,False,0.10858414663321847,0.1057256033645671,0.2818129887906946,0.5078125,False,1.0,1.0,1.0,1.0,False
10,A,clean,0.1962249976442204,0.14391851550314225,0.23400204363333252,0.84375,False,0.07899761509411612,0.05992174833804881,0.09926439631003856,0.828125,False,0.305151936804581,0.2280544041393585,0.330063084123522,0.8984375,False,0.9226676263912298,0.8363726966698576,1.7,0.5625,False,0.1930382138718616,0.1782300617650049,0.4802515380053573,0.53125,False,1.0,1.0,1.0,1.0,False
10,A,brightness_dark,0.1623088105488154,0.12946055863531516,0.24383120205416028,0.71875,False,0.06531938219964452,0.05458219397214535,0.10672084773273084,0.65625,False,0.2657497567081799,0.22315861591798586,0.3387185591732257,0.75,False,0.9891984066224714,0.7886702721593791,1.7,0.5625,False,0.24894052042295822,0.2020723324435716,0.4967449048768147,0.640625,False,1.0,1.0,1.0,1.0,False
10,A,contrast_low,0.151454248872441,0.12346415753415094,0.240801242505669,0.6796875,False,0.0611666513909384,0.05430572676492205,0.10973047472482936,0.609375,False,0.20542938533770255,0.22540150052348643,0.32227468147913724,0.28125,False,1.3999999999999997,0.838860937731067,1.7,0.671875,False,0.37072476707322544,0.20290961842520094,0.4982916185637196,0.7109375,False,0.0,1.0,1.0,0.4453125,False
10,A,gaussian_noise,0.22468359784389527,0.1346476151965924,0.2249070233211167,0.9453125,False,0.08870997997470449,0.05783756565353414,0.09863747202834415,0.921875,False,0.30426704420148254,0.22257755227253284,0.322266941144519,0.9375,False,1.0896220974774045,0.8505892620406716,1.7,0.6640625,False,0.25061345455414785,0.179309990773041,0.49194005761075904,0.6953125,False,0.0,1.0,1.0,0.4609375,False
10,A,gaussian_blur,0.20597503494568897,0.13591240106931418,0.2441074891643616,0.8671875,False,0.081303508867436,0.05849799891111525,0.10741242249854277,0.78125,False,0.3061294115146696,0.24085900813520844,0.3179764874276436,0.9296875,False,1.0497386591924327,0.9703410841303167,1.7,0.515625,False,0.19781496298885037,0.21570418621097387,0.505907218511427,0.4453125,False,0.0,0.0,1.0,0.53125,False
10,B,clean,0.1962249976442204,0.1375895980693129,0.22695573740591304,0.8125,False,0.07899761509411612,0.05777947605168822,0.10584973555471879,0.7890625,False,0.305151936804581,0.23022824301025435,0.3172589293778442,0.9296875,False,0.9226676263912298,0.9181204542741079,1.7,0.5078125,False,0.1930382138718616,0.1879950745033625,0.4871930346820851,0.5234375,False,1.0,1.0,1.0,1.0,False
10,B,brightness_dark,0.16208142372552048,0.1405613597104427,0.2703734990986521,0.6171875,False,0.0655992819486217,0.05990151240563402,0.11437508479018989,0.578125,False,0.2676271315182145,0.2468872448193541,0.3422088067111979,0.6640625,False,0.9507428793116832,0.8713559630148123,1.7,0.5546875,False,0.23662277407112464,0.20260141401385517,0.507234008247711,0.578125,False,1.0,1.0,1.0,1.0,False
10,B,contrast_low,0.14089689121531465,0.13689935629468825,0.23861910559954022,0.5234375,False,0.055779507672821735,0.061352540670730524,0.11071497810959155,0.4140625,False,0.20618111131370762,0.24079350865484694,0.3420304265940966,0.359375,False,1.4,1.0584778175679874,1.7,0.7109375,False,0.37499476638478524,0.23512669169286327,0.5094967718667448,0.7265625,False,0.0,0.0,1.0,0.5859375,False
10,B,gaussian_noise,0.2246954719276791,0.1384588376932745,0.2553454000656251,0.890625,False,0.08899783578482186,0.05769418193900501,0.12231918378866034,0.8046875,False,0.3034333079452912,0.2388593383782755,0.33806129766571374,0.8984375,False,1.0816134685199204,0.9273782714142509,1.7,0.59375,False,0.2517382235267971,0.20595608052655534,0.4931966286461016,0.5703125,False,0.0,1.0,1.0,0.4609375,False
10,B,gaussian_blur,0.20570014533864037,0.1387805818480743,0.23757359845092185,0.8828125,False,0.08102174605568353,0.06047534041272889,0.10301789684154089,0.8125,False,0.30815317961724553,0.24365800497783588,0.33834299878120444,0.8828125,False,1.0537669000783982,1.1457633483553593,1.7,0.4609375,False,0.1976501436406466,0.23668148837291275,0.5108540299312686,0.4140625,False,0.0,0.0,1.0,0.640625,False
11,A,clean,0.10813726493775405,0.16080300002326453,0.2535941791276409,0.171875,False,0.04791734260763861,0.06742966479338564,0.11914194106657601,0.2109375,False,0.19488547738108675,0.21827473046979806,0.32256336048063006,0.3203125,False,0.3680984546364261,0.42714487056667266,1.1372738608854882,0.4609375,False,0.07263427792710708,0.0771109235267794,0.3241669195013824,0.484375,False,1.0,1.0,1.0,1.0,False
11,A,brightness_dark,0.09584992989764252,0.15261074189916335,0.2605670005697455,0.1328125,False,0.04007184839003263,0.06485800064083297,0.12107184845470233,0.140625,False,0.1666245554499982,0.21132757925399204,0.34534848834496734,0.2109375,False,0.10928476578913698,0.5042560608797768,1.420206858023132,0.0546875,False,0.008772197988713204,0.09935290804955715,0.3940913615185974,0.046875,False,1.0,1.0,1.0,1.0,False
11,A,contrast_low,0.09410998775127775,0.14677320636369914,0.2875866950209392,0.1484375,False,0.04114447164886442,0.06522872056977738,0.13013837770171263,0.15625,False,0.17922342595886012,0.20155712939900872,0.3222174936324575,0.3359375,False,0.6251962203015455,0.48034990202157146,1.3057008958398557,0.671875,False,0.14269079369044124,0.08975280748217068,0.37869438065385497,0.703125,False,1.0,1.0,1.0,1.0,False
11,A,gaussian_noise,0.1066981751649316,0.17317552769943628,0.2642267929763253,0.125,False,0.05215270554037947,0.07930094675618424,0.1267365448933173,0.1796875,False,0.17120099946389872,0.22354167521500623,0.33169445429235567,0.140625,False,0.39100991651693234,0.47494024327150497,1.135104359439329,0.3984375,False,0.0719283335137122,0.09272307996175594,0.32139320611588995,0.4140625,False,1.0,0.5,1.0,1.0,False
11,A,gaussian_blur,0.09647717857781944,0.14083034746932954,0.26110428561635596,0.1640625,False,0.0432369398708091,0.06003036690947787,0.11686186740854598,0.1640625,False,0.18199709539163914,0.20521031977090462,0.31344014186308056,0.390625,False,0.4309157945181741,0.44708828032906267,1.0569963957161272,0.484375,False,0.08925067586565882,0.08532133908568784,0.2812959528879489,0.5234375,False,1.0,1.0,1.0,1.0,False
11,B,clean,0.10813726493775405,0.15947015907352424,0.25641676564502897,0.1875,False,0.04791734260763861,0.06816242711849582,0.11436656842201784,0.2109375,False,0.19488547738108675,0.2079870914569662,0.3162378495138935,0.390625,False,0.3680984546364261,0.44310533837585586,1.089808582008214,0.3828125,False,0.07263427792710708,0.07483083167795634,0.27504006042689566,0.4765625,False,1.0,1.0,1.0,1.0,False
11,B,brightness_dark,0.09627434612559793,0.14137218572089869,0.27586106062536864,0.1484375,False,0.04020088521410106,0.0624072812061065,0.11763806949325437,0.1328125,False,0.16852238596394564,0.1987494995183089,0.3332911093238044,0.3046875,False,0.10812397690843861,0.4980590367264288,1.2104003957036076,0.0703125,False,0.008496501293297487,0.09536972314789788,0.35181294294171606,0.09375,False,1.0,1.0,1.0,1.0,False
11,B,contrast_low,0.08703762087885436,0.14483985947293251,0.26994466054761507,0.1171875,False,0.03615571296147102,0.0636583628371942,0.12173238017464769,0.1171875,False,0.18406672388591636,0.20560344791288485,0.3246529556055146,0.3359375,False,0.6055439894467244,0.5339489917211441,1.270564902951879,0.5390625,False,0.13301389560770216,0.1041532163911214,0.35173392235150025,0.609375,False,1.0,1.0,1.0,1.0,False
11,B,gaussian_noise,0.10536152050366393,0.14930862638146505,0.27222032113802697,0.15625,False,0.05193271525585555,0.0647289282462219,0.1234257776997075,0.265625,False,0.17145109924187713,0.213006688090891,0.3282968879791595,0.28125,False,0.40356733178045534,0.45560462774896193,1.2249001969022557,0.4453125,False,0.07782270393065449,0.07807502666877775,0.3297784345865023,0.5,False,1.0,1.0,1.0,1.0,False
11,B,gaussian_blur,0.09492594313776302,0.16823438205058924,0.27282980600171447,0.1171875,False,0.042451492008823165,0.0740012788475459,0.12696826312796267,0.1328125,False,0.18182092856166238,0.2216631773612198,0.31563143603821414,0.2265625,False,0.43478612983086096,0.5058665113667815,1.1347613137908905,0.4296875,False,0.08989068765929431,0.09199727157078169,0.2672318340236351,0.4765625,False,1.0,1.0,1.0,1.0,False
12,A,clean,0.311297131399217,0.1416196040729199,0.2484028424321926,0.984375,True,0.14495300132257963,0.05835154251099254,0.11107893137304774,0.9921875,True,0.3236990212854951,0.1912987154417901,0.287443321432083,0.96875,True,0.30000000000000004,0.44786187287780954,1.136556301033106,0.328125,False,0.05502991936492499,0.08115857374855254,0.26565525795677003,0.328125,False,1.0,1.0,1.0,1.0,False
12,A,brightness_dark,0.2449999790885411,0.14867008151016853,0.243849879911541,0.953125,True,0.10320815901704135,0.06367195754066082,0.09861414452135309,0.9609375,True,0.25300446727174364,0.20658435077252724,0.28618863688385643,0.828125,False,0.24509933193896352,0.49523026122460945,1.317377736213825,0.15625,False,0.026755690601361293,0.09276187302645089,0.3086648782284395,0.1015625,False,1.0,1.0,1.0,1.0,False
12,A,contrast_low,0.2460576648275263,0.1382545482841741,0.2205085020534104,0.9765625,True,0.10279415211820499,0.058207353514817636,0.09168549421236191,0.9765625,True,0.24705434294199885,0.1813434706771239,0.27255948946961434,0.890625,False,0.6162771551467778,0.8623709597313599,1.8354865018328452,0.2578125,False,0.06522319794911069,0.1872735881785742,0.5603240004535214,0.1328125,False,1.0,1.0,1.0,1.0,False
12,A,gaussian_noise,0.2804998331195355,0.1500394849785649,0.2718852421237529,0.9609375,True,0.12920117985570623,0.061877600766029155,0.10864156025988873,0.9921875,True,0.29543700249927296,0.19170775629760378,0.3187855922081977,0.875,False,0.30000000000000004,0.5867852351155228,1.1860453220719798,0.265625,False,0.060326971808684016,0.10280034207520827,0.29215715039873524,0.2890625,False,1.0,1.0,1.0,1.0,False
12,A,gaussian_blur,0.30514662782118157,0.16241737151134603,0.28554829333635257,0.96875,True,0.14456466164459555,0.06838216838569283,0.11915394824409041,0.984375,True,0.3319868468131231,0.21084597552953246,0.3231359646615546,0.9609375,True,0.30000000000000004,0.43298892800267774,1.0585075397076347,0.3515625,False,0.05502991936492499,0.09351539808193546,0.22888955186366658,0.2578125,False,1.0,1.0,1.0,1.0,False
12,B,clean,0.311297131399217,0.15867044986973664,0.23190814131907747,0.9921875,True,0.14495300132257963,0.06480219709730646,0.10337226034948968,1.0,True,0.3236990212854951,0.2084927788816221,0.2926959807320196,0.9921875,True,0.30000000000000004,0.5341055812644537,1.1732619772664405,0.2890625,False,0.05502991936492499,0.10214164702454304,0.2746533371019379,0.25,False,1.0,1.0,1.0,1.0,False
12,B,brightness_dark,0.24910623072664922,0.1369867540815403,0.2431026312987647,0.9453125,True,0.1049236785065238,0.056782474512872216,0.09979031403985632,0.96875,True,0.2584710438027405,0.18284207174254932,0.29180599213558606,0.8828125,False,0.28056295093846173,0.49624497761021713,1.2387427235225132,0.1953125,False,0.04144749520390295,0.09158833743737177,0.3093571109148325,0.2109375,False,1.0,1.0,1.0,1.0,False
12,B,contrast_low,0.24842055789431028,0.13449079805507963,0.24550613552391518,0.953125,True,0.10465733140315732,0.05743228493272991,0.10880056099703633,0.9375,False,0.24941606574352382,0.17402093326058732,0.28624769924726046,0.8515625,False,0.5658617147300471,0.8439682369541008,1.9447843938184954,0.3046875,False,0.056237139653874,0.17700117697799178,0.6324508599209439,0.109375,False,1.0,1.0,1.0,1.0,False
12,B,gaussian_noise,0.2794326085262549,0.1424868834406096,0.22190272046527884,0.9921875,True,0.1291490505953387,0.0585301448567038,0.09518355762107099,0.9921875,True,0.2944633459230526,0.1870496464560245,0.27833562869223344,0.953125,True,0.30000000000000004,0.5189063178488327,1.2540752880331316,0.296875,False,0.062036116046883305,0.10451734746919689,0.28475083529756234,0.265625,False,1.0,1.0,1.0,1.0,False
12,B,gaussian_blur,0.30843790804926025,0.15869502075238265,0.2571494433647537,0.9921875,True,0.14607139886729412,0.06705391732648285,0.10983980232783143,0.9921875,True,0.3362276332135872,0.20426749767198712,0.3115567546377147,0.984375,True,0.30000000000000004,0.4694432959588745,1.0696612942646375,0.2578125,False,0.05502991936492499,0.11405941559934935,0.23707454491595775,0.2109375,False,1.0,1.0,1.0,1.0,False
13,A,clean,0.08123938984529591,0.14454250937321372,0.24823043701799635,0.09375,False,0.02893393994485097,0.06650687089143449,0.11756262291449998,0.0625,False,0.20168485192563163,0.21460047562586476,0.31846538617550635,0.3671875,False,0.20000000000000012,0.4082251783581358,0.9320013807222892,0.140625,False,0.044832123843687954,0.09521423480465174,0.23463180557702798,0.15625,False,1.0,1.0,1.0,1.0,False
13,A,brightness_dark,0.08847321984843526,0.13957357099572276,0.23926206747207893,0.15625,False,0.031450681637432955,0.06743808789411443,0.12262206708279656,0.0703125,False,0.16004244941717904,0.20728102111296304,0.32185633225524035,0.171875,False,0.24713363492567922,0.5049490655998317,1.3809076607863382,0.1484375,False,0.07551879494221148,0.130996858785684,0.3619530374715554,0.2265625,False,1.0,1.0,1.0,1.0,False
13,A,contrast_low,0.07687641625841857,0.14280604533329022,0.2821166480216989,0.0625,False,0.03142511474128821,0.06836470815292796,0.1491667552584009,0.0390625,False,0.20642138511557462,0.21513443563076753,0.3528044109123279,0.4765625,False,0.19999999999999998,0.4782745771723514,1.2707380888399604,0.0390625,False,0.04029783729396752,0.11381683343173604,0.33201255495388765,0.109375,False,1.0,1.0,1.0,1.0,False
13,A,gaussian_noise,0.06703175881368581,0.1539068635238362,0.30051291816142567,0.0234375,False,0.02400374044745689,0.06874579758912525,0.14705919615875013,0.0078125,False,0.19008949212670495,0.23197947302393934,0.3564748276906716,0.2421875,False,0.23768860125985444,0.44208287428435034,1.2986143295568755,0.1796875,False,0.04851639882672609,0.10459842277663095,0.33246443059895153,0.125,False,1.0,1.0,1.0,1.0,False
13,A,gaussian_blur,0.09901074644281062,0.14812698211607106,0.2701365746832139,0.15625,False,0.03610435336544052,0.06900595902909573,0.1294998661355148,0.0625,False,0.23331629443058768,0.2328863506918513,0.3503626155285228,0.5078125,False,0.2000000000000001,0.3922536105648943,1.082372727233256,0.078125,False,0.04328535766220609,0.09043650430352024,0.26955041395245705,0.140625,False,1.0,1.0,1.0,1.0,False
13,B,clean,0.08123938984529591,0.14099799935573926,0.23353739391614528,0.0625,False,0.02893393994485097,0.06333478611359472,0.10732498241345041,0.0390625,False,0.20168485192563163,0.2237075729395822,0.3195873770259302,0.3515625,False,0.20000000000000012,0.41511037526971445,1.0544726754502753,0.109375,False,0.044832123843687954,0.09777710612725687,0.24263050578873135,0.09375,False,1.0,1.0,1.0,1.0,False
13,B,brightness_dark,0.0889328475097538,0.1530742581812879,0.25472173608562637,0.1328125,False,0.03165693807270351,0.06898649002435844,0.13548155852241525,0.0625,False,0.1596215409670312,0.22115023462584416,0.3398234390844258,0.109375,False,0.2456067284770647,0.5,1.5416492994348823,0.078125,False,0.07476154515930022,0.12767402315163429,0.4148888768345071,0.265625,False,1.0,1.0,1.0,1.0,False
13,B,contrast_low,0.06796767944439565,0.14610385636044126,0.26599547734600126,0.0625,False,0.02684994325883306,0.06841954375003695,0.12848892953511457,0.046875,False,0.19310329102824259,0.21454460340632867,0.33544392653483274,0.34375,False,0.20388696191833078,0.42302870739487286,1.2431879436599842,0.15625,False,0.04119302595012164,0.09785749256272375,0.3022247072169545,0.1328125,False,1.0,1.0,1.0,1.0,False
13,B,gaussian_noise,0.06530606747573854,0.15399754433391655,0.2687091766143223,0.03125,False,0.023457629590892697,0.07084478415422563,0.13582369836781547,0.015625,False,0.18624204095470198,0.22763947199565593,0.34626039892598764,0.1796875,False,0.255188985345508,0.43519970478990433,1.1189670252999409,0.2421875,False,0.051702193425025134,0.09816182301394677,0.26396076724024,0.2265625,False,1.0,1.0,1.0,1.0,False
13,B,gaussian_blur,0.10067589786725913,0.1451007547222119,0.24987474526603878,0.2265625,False,0.036765126792896466,0.0639069807090588,0.12772805997107747,0.140625,False,0.23643669481934732,0.220161640474553,0.33448702940932623,0.59375,False,0.20000000000000007,0.40130546423957925,1.0562992923077406,0.1328125,False,0.04295625523506175,0.09157875872179655,0.25803202450867163,0.109375,False,1.0,1.0,1.0,1.0,False
14,A,clean,0.20640526104225293,0.15310185257083472,0.2803505994699665,0.8046875,False,0.08054544510075808,0.06433638134171542,0.12163163359921965,0.734375,False,0.21376760844064924,0.17330490822400885,0.3002378078870458,0.7109375,False,0.49228830681272273,0.29405922430375064,1.1226052672600568,0.6015625,False,0.10829319824303496,0.058585803456126684,0.25274668611444817,0.6484375,False,1.0,1.0,1.0,1.0,False
14,A,brightness_dark,0.19186067467160142,0.15224130400973226,0.2713588449152306,0.734375,False,0.07654623187685962,0.06845883572393838,0.11890073242919186,0.6484375,False,0.2107482981447646,0.17605991088078526,0.3012007210871368,0.671875,False,0.631955994528462,0.28980093218839365,1.3096021669702687,0.7890625,False,0.13771026385093343,0.05445445475239913,0.311526659347127,0.8046875,False,1.0,1.0,1.0,1.0,False
14,A,contrast_low,0.11473606672048106,0.14716284260386037,0.29039815658833334,0.1875,False,0.05383701723384556,0.06219245089503378,0.12239297027824236,0.296875,False,0.15156888965897555,0.17452240892470627,0.3210587709759443,0.2890625,False,0.286547411738766,0.5988522365721134,1.8370664212021128,0.3125,False,0.06818793008992324,0.1181581444092526,0.5506647837403148,0.3359375,False,1.0,1.0,1.0,1.0,False
14,A,gaussian_noise,0.1962447375549604,0.1538340712567772,0.27597092376059706,0.7734375,False,0.0785686921995339,0.06886519060699378,0.12185714643922599,0.6796875,False,0.2059971138044737,0.17792532001974884,0.28445881676517754,0.6640625,False,0.30244055522358065,0.38673500516846215,1.2576512101061514,0.421875,False,0.07116234414744665,0.07859413517424824,0.300923331140638,0.4453125,False,1.0,1.0,1.0,1.0,False
14,A,gaussian_blur,0.14871470655886057,0.17018798811873972,0.3026575185191087,0.3125,False,0.06051174704931889,0.07620902179900413,0.13589697741306808,0.3046875,False,0.15879391104894397,0.19582612600004828,0.31648749933986164,0.2578125,False,0.30956790651229443,0.45344255714950366,1.2079059354616137,0.390625,False,0.07250259816498322,0.09239827477355544,0.2836158583833844,0.4140625,False,1.0,1.0,1.0,1.0,False
14,B,clean,0.20640526104225293,0.16665275826988812,0.2823508217165521,0.7421875,False,0.08054544510075808,0.07043406452031194,0.11698537655658593,0.6796875,False,0.21376760844064924,0.18626437781876884,0.30543451168439056,0.65625,False,0.49228830681272273,0.3024222376211485,1.1013533011341212,0.703125,False,0.10829319824303496,0.062428770062478184,0.25399458594675783,0.7421875,False,1.0,1.0,1.0,1.0,False
14,B,brightness_dark,0.19283111750974763,0.1482076639640126,0.2680911980298185,0.71875,False,0.0771822806628693,0.0629841509612294,0.11310112129407938,0.7109375,False,0.21363255523968866,0.17343137073532397,0.2937864511874512,0.7109375,False,0.6246925793801928,0.34428928306463996,1.1367890748173293,0.734375,False,0.13613179639977468,0.07000255239877912,0.2581016501087053,0.75,False,1.0,1.0,1.0,1.0,False
14,B,contrast_low,0.1144248195329018,0.1469472032968263,0.278257034620522,0.2578125,False,0.05812192902829691,0.06561068655687298,0.12084426724608233,0.359375,False,0.15954258053759368,0.17670135800694278,0.30714469163436103,0.390625,False,0.3000297029448532,0.5702819045976733,1.6070854614814134,0.3203125,False,0.07070989388305926,0.11659123880964217,0.4310627850388801,0.34375,False,1.0,1.0,1.0,1.0,False
14,B,gaussian_noise,0.19534035529601187,0.152879011959043,0.24414831096114598,0.8203125,False,0.07833355222491022,0.06803231122081582,0.11477980410257818,0.65625,False,0.2053653619985855,0.18107061148205017,0.2736297344229253,0.671875,False,0.29692481100272977,0.3783543832375835,1.1613421460378346,0.40625,False,0.07012785606616923,0.0798146565562193,0.26408233277431914,0.4453125,False,1.0,1.0,1.0,1.0,False
14,B,gaussian_blur,0.14897827056400248,0.15759600958675157,0.28937339366464926,0.4609375,False,0.060595489580597885,0.06609800800001002,0.12556205778203558,0.3984375,False,0.1589040625797613,0.17943055369461286,0.31263616040243325,0.3828125,False,0.30799052731872667,0.3863394471300619,1.3241046877541822,0.3984375,False,0.0722056401274897,0.07819267826336124,0.3045655110542335,0.46875,False,1.0,1.0,1.0,1.0,False
15,A,clean,0.2947708744375553,0.15228766584364067,0.26331221976403796,0.9921875,True,0.14544849097110757,0.06153305598187151,0.10514208811366219,1.0,True,0.2947708744375553,0.15228766584364067,0.26331221976403796,0.9921875,True,1.8231177319073422,0.9266941339857049,2.0,0.8203125,False,0.5397730175404587,0.19606357125505508,0.6931471805599454,0.8203125,False,0.0,1.0,1.0,0.3203125,False
15,A,brightness_dark,0.19867585025045578,0.13195798524135116,0.24019309963423457,0.875,False,0.09605224025071789,0.057716113230805915,0.10764704701960244,0.921875,False,0.19867585025045578,0.13195798524135116,0.24019309963423457,0.875,False,1.8183122947494121,0.7278456423660362,2.0,0.8671875,False,0.5367722560561862,0.14653436477703924,0.6931471805599454,0.8671875,False,0.0,1.0,1.0,0.3046875,False
15,A,contrast_low,0.3149202558181083,0.13566213912944192,0.2319355635092862,1.0,True,0.1467669645409334,0.05921253226376115,0.10381925668745051,1.0,True,0.3149202558181083,0.13566213912944192,0.2319355635092862,1.0,True,2.0,1.4998863757182717,2.0,1.0,False,0.6931471805599452,0.38035634086653963,0.6931471805599454,0.7421875,False,0.0,0.0,1.0,0.5859375,False
15,A,gaussian_noise,0.2613582982757767,0.13204066122045793,0.2508678381141485,0.953125,True,0.12410378298774923,0.054044065590288,0.10808667246046674,0.9765625,True,0.2613582982757767,0.13204066122045793,0.2508678381141485,0.953125,True,1.9490045067168413,0.9909219420278713,2.0,0.84375,False,0.6334594152378534,0.2132893582285934,0.6931471805599454,0.84375,False,0.0,1.0,1.0,0.3828125,False
15,A,gaussian_blur,0.2778371585049908,0.1467139574361359,0.2516217859392243,0.96875,True,0.13805532312826968,0.06054641343968508,0.11201543139392711,1.0,True,0.2778371585049908,0.1467139574361359,0.2516217859392243,0.96875,True,2.0,1.385476851075383,2.0,1.0,False,0.6931471805599452,0.33672449348758576,0.6931471805599454,0.84375,False,0.0,0.0,1.0,0.5390625,False
15,B,clean,0.2947708744375553,0.14410868608361074,0.23985000501686388,0.96875,True,0.14544849097110757,0.06024497268379801,0.10911992676576969,1.0,True,0.2947708744375553,0.14410868608361074,0.23985000501686388,0.96875,True,1.8231177319073422,1.1214520441597027,2.0,0.796875,False,0.5397730175404587,0.2504248042654481,0.6931471805599453,0.796875,False,0.0,1.0,1.0,0.4296875,False
15,B,brightness_dark,0.19868312402552207,0.12474814103513227,0.23204193123605635,0.890625,False,0.09631853105066532,0.052464599365933506,0.09515642443274394,0.9453125,True,0.19868312402552207,0.12474814103513227,0.23204193123605635,0.890625,False,1.8203714766053647,0.8243605746561322,2.0,0.875,False,0.5380544988166647,0.16990957337650175,0.6931471805599453,0.875,False,0.0,1.0,1.0,0.3359375,False
15,B,contrast_low,0.3216267411625545,0.14085783528271262,0.2547406211697144,0.9921875,True,0.14971202926361582,0.06205842070480506,0.12201890839282756,0.9921875,True,0.3216267411625545,0.14085783528271262,0.2547406211697144,0.9921875,True,2.0,1.8242702140348273,2.0,1.0,False,0.6931471805599452,0.5410193937312315,0.6931471805599454,0.6484375,False,0.0,0.0,1.0,0.703125,False
15,B,gaussian_noise,0.2641648726475686,0.14069208670073086,0.2313882780106707,0.984375,True,0.12631854613560692,0.06017094328613984,0.09844193578234292,0.9921875,True,0.2641648726475686,0.14069208670073086,0.2313882780106707,0.984375,True,2.0,1.0659326363618777,2.0,0.9921875,False,0.6931471805599452,0.23425249922435532,0.6931471805599454,0.890625,False,0.0,1.0,1.0,0.40625,False
15,B,gaussian_blur,0.2790859419345275,0.14185282215701578,0.26089383192491034,0.9609375,True,0.13889211276256008,0.059095364839094805,0.11299227949999442,0.9921875,True,0.2790859419345275,0.14185282215701578,0.26089383192491034,0.9609375,True,2.0,1.4862913948710967,2.0,1.0,False,0.6931471805599452,0.3749534367489431,0.6931471805599454,0.8046875,False,0.0,0.0,1.0,0.6484375,False
16,A,clean,0.0974768372865443,0.13981426214399506,0.23839797243729877,0.1953125,False,0.03777876339443482,0.07102569195292699,0.12338501551796595,0.15625,False,0.30897745686961336,0.26986636990945445,0.4040482435449877,0.7109375,False,0.48303400700688653,0.4851927297657106,0.9829262932795354,0.4921875,False,0.11728965109320888,0.07506239095615885,0.22129333401609777,0.703125,False,0.0,1.0,1.0,0.3359375,False
16,A,brightness_dark,0.11079873338594855,0.1321692131918829,0.2466518537519148,0.3203125,False,0.044076757295508626,0.060725137896135394,0.12781246140353275,0.2734375,False,0.33018353173394877,0.2552599390655741,0.37494112137344693,0.8515625,False,0.7247375790647763,0.4808170238810068,0.9463445361660092,0.78125,False,0.1712132735402465,0.07963427068429307,0.22334650236767029,0.8828125,False,0.0,0.0,1.0,0.5390625,False
16,A,contrast_low,0.10164702594183431,0.12954153992774647,0.22929160022933764,0.3203125,False,0.04185248906718228,0.06109429883427341,0.10953451272383992,0.2734375,False,0.36002783900217705,0.27362648639506404,0.3719447241464566,0.9296875,False,0.28285285348945843,0.5251126475791055,1.0125127095490614,0.1328125,False,0.04647210637718313,0.08333692409296767,0.2669524897934839,0.1640625,False,1.0,1.0,1.0,1.0,False
16,A,gaussian_noise,0.12165662058390816,0.14721472323656193,0.2371934067654629,0.3671875,False,0.04283362490480921,0.06857290464051069,0.11411856837734453,0.15625,False,0.32328383677597905,0.2626948836662351,0.3856723675098944,0.8828125,False,0.5924527050804356,0.4735209388467849,0.9530333435432196,0.6796875,False,0.13609805218133397,0.07737465743197425,0.20736021976652994,0.8359375,False,0.0,1.0,1.0,0.359375,False
16,A,gaussian_blur,0.09991479691975402,0.14140954350501844,0.25644967712160016,0.1953125,False,0.035177779338516096,0.06438104296258905,0.1214370870458152,0.09375,False,0.32574980045296326,0.2625058691925398,0.36258410215719733,0.84375,False,0.542374880945264,0.49181507888555454,0.9645493688739724,0.5703125,False,0.1173290311826436,0.08404763934840975,0.25420953301340354,0.703125,False,0.0,1.0,1.0,0.3203125,False
16,B,clean,0.0974768372865443,0.13532338817875372,0.24518675754504968,0.171875,False,0.03777876339443482,0.06484684458709934,0.1307810066389626,0.1171875,False,0.30897745686961336,0.2618385225285319,0.37043391360184125,0.734375,False,0.48303400700688653,0.5145212069312366,0.9135798461942263,0.4453125,False,0.11728965109320888,0.07919953395417112,0.1933109729055046,0.71875,False,0.0,1.0,1.0,0.4609375,False
16,B,brightness_dark,0.11237507905206061,0.13540478636629405,0.23842631524638344,0.328125,False,0.04439527277216811,0.0639830654791922,0.11230368766034347,0.2421875,False,0.33314128430060713,0.2565459252910587,0.3655638840217335,0.859375,False,0.7152096820531557,0.4825273426568229,1.1010681903537807,0.75,False,0.16846275415537937,0.08384323752215683,0.2709213536433835,0.8203125,False,0.0,1.0,1.0,0.3984375,False
16,B,contrast_low,0.09991671334169792,0.12780589593653002,0.25750224885401746,0.3203125,False,0.04162404579495872,0.05868636926951745,0.13281832871720228,0.203125,False,0.3663128389487818,0.2646451999578271,0.4046030550643204,0.8828125,False,0.27900481909768,0.5920243990511297,1.1706041671827485,0.109375,False,0.04676279858340049,0.10186293591806173,0.2922411223832217,0.125,False,1.0,1.0,1.0,1.0,False
16,B,gaussian_noise,0.11952496414129007,0.11939235711123974,0.24296861870778835,0.5,False,0.042398542875278646,0.05634906603227356,0.11990414140794667,0.2890625,False,0.32223555862425013,0.2622316078975263,0.3627797838674468,0.8515625,False,0.5953958486279376,0.45088085184973975,0.9014758946570407,0.734375,False,0.13561101009403198,0.07264431092715407,0.20884486211826936,0.796875,False,0.0,1.0,1.0,0.2890625,False
16,B,gaussian_blur,0.10127426872555303,0.13962196519758696,0.2434273760104993,0.3046875,False,0.03562866222209981,0.06693037785563888,0.1191044272720084,0.1796875,False,0.32445617757367623,0.2659483864595654,0.3669678813953104,0.8046875,False,0.5541511740339515,0.46048653964218245,0.9370290003775593,0.65625,False,0.12018816613199301,0.07376060005363838,0.22402385875307054,0.7734375,False,0.0,1.0,1.0,0.3046875,False
17,A,clean,0.09514192457910564,0.15462386507684323,0.2427678153305909,0.171875,False,0.04312270194278749,0.07107030574087156,0.1282178742910532,0.1796875,False,0.2141793545852979,0.23422650352258112,0.32566252655439365,0.34375,False,0.96162199780959,0.5096541485322638,1.0010575231643593,0.921875,False,0.22716577771427282,0.09201398891979046,0.24949707233765617,0.90625,False,1.0,1.0,1.0,1.0,False
17,A,brightness_dark,0.09996221485271264,0.13839220729431445,0.25177565017578074,0.28125,False,0.050961271140211456,0.06239242104773182,0.12092502490620623,0.3359375,False,0.22488915511458574,0.21838033568042864,0.34422863945312165,0.546875,False,0.7984093506713774,0.5482849502926792,1.2288842404824072,0.765625,False,0.19703388067714322,0.10602883904213628,0.32541223213649706,0.7890625,False,0.0,1.0,1.0,0.375,False
17,A,contrast_low,0.09089789796781785,0.14390169059035307,0.2505175482376061,0.15625,False,0.04232965095129946,0.06585746443465769,0.1280545783210804,0.1875,False,0.23395337086272133,0.23783726542135344,0.3261862734970052,0.484375,False,0.6755752033747588,0.6337324957982278,1.1099155994213916,0.546875,False,0.14964288457391028,0.12924020836745093,0.3026929400184108,0.609375,False,1.0,1.0,1.0,1.0,False
17,A,gaussian_noise,0.10854786139143807,0.13802194794303874,0.27394490130203775,0.3359375,False,0.04782160356506569,0.0636817626140116,0.1433970803004751,0.3203125,False,0.23115921046367677,0.24282332599771758,0.37972280991482316,0.453125,False,1.012252134736471,0.5764337051931934,1.1466162898032806,0.921875,False,0.24117286252382986,0.11058911709918218,0.27959183052320874,0.90625,False,0.0,1.0,1.0,0.3125,False
17,A,gaussian_blur,0.07993113827102033,0.13979909233897847,0.23374119935721369,0.09375,False,0.03162806211107977,0.0648596309303015,0.11668696504372343,0.0859375,False,0.2065129627889202,0.23879932724204392,0.33590466779202727,0.296875,False,0.7555701391213893,0.5254226453170165,0.9341011158891729,0.8359375,False,0.17994354589249228,0.0931022722577885,0.26427903957716753,0.8359375,False,1.0,1.0,1.0,1.0,False
17,B,clean,0.09514192457910564,0.14784248868976724,0.2480219793883845,0.1484375,False,0.04312270194278749,0.06892972177065776,0.1327326090236932,0.1875,False,0.2141793545852979,0.22901510698564878,0.3507791129606623,0.390625,False,0.96162199780959,0.5621320234759238,0.9950189903685618,0.9375,False,0.22716577771427282,0.11106807872313507,0.2629975234578029,0.90625,False,1.0,1.0,1.0,1.0,False
17,B,brightness_dark,0.10035732964709454,0.13754280712310485,0.23695955717405542,0.1953125,False,0.05137263217809459,0.06385289608463714,0.12201243594357601,0.28125,False,0.2255914300449796,0.23082883963430412,0.34240679000718816,0.4765625,False,0.798241953552718,0.5885160197454024,1.0905917416072932,0.7265625,False,0.19657829528947923,0.11782734262740246,0.2762267990399021,0.765625,False,0.0,1.0,1.0,0.2265625,False
17,B,contrast_low,0.08353970758530985,0.13705813292661184,0.25399149027984286,0.1640625,False,0.03997603036766985,0.0646816647419152,0.12247761674640804,0.1875,False,0.23291569970320153,0.22850924686310273,0.3444867919580713,0.53125,False,0.6442284720327209,0.5188915511486523,1.1422331876228153,0.6328125,False,0.1440085236782408,0.09950436249288236,0.29119244213720225,0.65625,False,1.0,1.0,1.0,1.0,False
17,B,gaussian_noise,0.1076503384345926,0.14231048950018776,0.23514380315851205,0.2734375,False,0.04747788458915304,0.06760951335793455,0.12087099937504714,0.265625,False,0.23085402437037766,0.22031336042802258,0.33108341410018216,0.5703125,False,1.0090256614455457,0.5464383679595182,1.0324817453866295,0.9453125,False,0.2402652066536981,0.106206797619119,0.26183518823610613,0.9296875,False,1.0,1.0,1.0,1.0,False
17,B,gaussian_blur,0.07707126928087557,0.1490813720074679,0.25985298869473494,0.0859375,False,0.030330542756506776,0.07189747805694732,0.13364418074152887,0.0625,False,0.20545125929023678,0.23923679993248165,0.34383748336955067,0.2734375,False,0.7305398616941003,0.4961054411851493,0.910178377687562,0.8046875,False,0.1748107784402797,0.0931549780441675,0.2377574236801996,0.8515625,False,1.0,1.0,1.0,1.0,False
18,A,clean,0.12447304299632839,0.16201919123321828,0.27833651505732526,0.28125,False,0.050836894158972294,0.07207783009973007,0.12398938022500182,0.2578125,False,0.16750485866886408,0.22905317974734887,0.3375963655454312,0.1328125,False,0.16449850911337421,0.49604233849009843,1.108454197864053,0.109375,False,0.028128380638476114,0.09732129138589152,0.2601384765711891,0.1171875,False,1.0,1.0,1.0,1.0,False
18,A,brightness_dark,0.12031047082175393,0.16625080363097466,0.2872194160601217,0.171875,False,0.04946436826621263,0.07348621174570531,0.13431060053521773,0.125,False,0.1704024229618703,0.23613505683789376,0.3774592185386873,0.125,False,0.1240384626549419,0.4377204266441862,1.0568865254146989,0.078125,False,0.026646236531048473,0.09604595081155048,0.2444541412927373,0.140625,False,1.0,1.0,1.0,1.0,False
18,A,contrast_low,0.18685406851528108,0.16443357591494306,0.27962471814740064,0.65625,False,0.09488268923597484,0.07465258140358208,0.1288383579709705,0.75,False,0.2042924939598566,0.23634540646967916,0.36493360710511863,0.3046875,False,0.403211699545022,0.6253328888485179,1.3036799522736198,0.3046875,False,0.07688791332807599,0.15017608126703735,0.33873857579326155,0.296875,False,1.0,1.0,1.0,1.0,False
18,A,gaussian_noise,0.11309476934928728,0.17285574225504305,0.2838307738147876,0.109375,False,0.04531732882415696,0.0781097529567877,0.12230453297836057,0.078125,False,0.161740760713261,0.233203236283905,0.3702121945939391,0.078125,False,0.09999999999999996,0.5524859954128349,1.1471330796011063,0.0234375,False,0.02284149388251977,0.11397412207894686,0.2920036014137796,0.0546875,False,1.0,1.0,1.0,1.0,False
18,A,gaussian_blur,0.14998709599274385,0.16103839896433936,0.26030386845196696,0.4296875,False,0.06282065878733349,0.06930740392431778,0.12009321280339012,0.40625,False,0.1677128867155861,0.22855626151100616,0.32408418617499907,0.1171875,False,0.304096561942172,0.5355020662757436,1.07116719567758,0.2109375,False,0.05566909842912349,0.10886239984830848,0.24241829102941886,0.234375,False,1.0,1.0,1.0,1.0,False
18,B,clean,0.12447304299632839,0.16040417000955565,0.3047812151989502,0.21875,False,0.050836894158972294,0.07235545879129512,0.1379628568042636,0.1875,False,0.16750485866886408,0.2293706483605312,0.3668409883880808,0.109375,False,0.16449850911337421,0.57504598029263,1.3001955498567823,0.0859375,False,0.028128380638476114,0.11525952840917109,0.32742290391353673,0.0703125,False,1.0,1.0,1.0,1.0,False
18,B,brightness_dark,0.12088115303536356,0.16591066006257765,0.2803930875645547,0.1640625,False,0.04962508076772897,0.07534917655619679,0.12305739090956441,0.125,False,0.17331577753880273,0.2327986462056867,0.33339145506144396,0.125,False,0.11864380637248959,0.39408100650539635,0.9684270464829285,0.0703125,False,0.02571737359397841,0.07688693566338844,0.2195739646027957,0.1953125,False,1.0,1.0,1.0,1.0,False
18,B,contrast_low,0.19906011645262034,0.15742399500403473,0.2854410408131787,0.765625,False,0.10197491513660481,0.07048997955912317,0.1319633526061543,0.875,False,0.2179251586206921,0.22312861511891008,0.33221696156343145,0.46875,False,0.4387591341977297,0.5313975022798558,1.1731403690546307,0.34375,False,0.08162368360923045,0.11305570672028117,0.2965221924865129,0.3046875,False,1.0,1.0,1.0,1.0,False
18,B,gaussian_noise,0.11271925470720634,0.16266029152234524,0.26133245143649686,0.1796875,False,0.04506853468093746,0.07355292058458951,0.12072854425782978,0.140625,False,0.16144953646724294,0.23378627136867697,0.33840853473128785,0.140625,False,0.10982930100365959,0.49668772218297363,1.1077897628521869,0.015625,False,0.02531631404260337,0.103248910994723,0.2598605905313999,0.0390625,False,1.0,1.0,1.0,1.0,False
18,B,gaussian_blur,0.1531458101276154,0.1729124587272311,0.28671609983208496,0.359375,False,0.06477981621597374,0.07502098914689462,0.12788333141403294,0.3125,False,0.17110290253398389,0.23548993885345357,0.34639960072735393,0.1171875,False,0.3170635668283786,0.5619624734392483,1.249804176341369,0.1953125,False,0.05717738726814603,0.12615589310386627,0.3105945789854112,0.171875,False,1.0,1.0,1.0,1.0,False
19,A,clean,0.1971734347244331,0.15506178512339347,0.25714836543283837,0.734375,False,0.09455821633035866,0.06687140983279258,0.10967962902426232,0.8515625,False,0.2286302130313677,0.24965334436003817,0.34213497768971873,0.3203125,False,0.32886188258750315,0.4376430790356082,0.8737102202282425,0.3828125,False,0.0635840064793971,0.07544926920498074,0.21486544037442074,0.4296875,False,1.0,1.0,1.0,1.0,False
19,A,brightness_dark,0.1730661158696261,0.1590650166398968,0.24231520100440182,0.5859375,False,0.07610666748143444,0.06759372586321033,0.1081670487289014,0.65625,False,0.206635561465985,0.24617584835164635,0.3391705826761725,0.234375,False,0.4720374018596484,0.40790972723692676,0.9924590322587559,0.5859375,False,0.14457184257516886,0.07836246445184503,0.22377456373818427,0.796875,False,1.0,1.0,1.0,1.0,False
19,A,contrast_low,0.1939009661750988,0.15527308871303092,0.27374311282088554,0.734375,False,0.10631642697546567,0.06794344925377713,0.12277287074510748,0.875,False,0.25167762005173133,0.2500673555250591,0.38222870864971475,0.5078125,False,0.5293190445668259,0.5,1.3526734410644947,0.59375,False,0.11765212341311226,0.10917931899539435,0.33730189143223027,0.5390625,False,1.0,1.0,1.0,1.0,False
19,A,gaussian_noise,0.2195032515575883,0.1731805208590521,0.27793159978512183,0.8046875,False,0.10532721666016413,0.07457447418725169,0.11891046847124523,0.8671875,False,0.23596503552540435,0.25617294684826,0.33934320954109315,0.3515625,False,0.3577305109796436,0.45550396305153534,1.2984168740580009,0.375,False,0.06742848492035236,0.09120959681653729,0.3248965059490918,0.3984375,False,1.0,1.0,1.0,1.0,False
19,A,gaussian_blur,0.22145025172805233,0.16827484515866759,0.2929918840733762,0.7421875,False,0.10794555697483046,0.07209770898855405,0.12828094375880408,0.859375,False,0.25801617790158493,0.2679668884774009,0.35640283116682026,0.453125,False,0.42932568894422657,0.4509005221564787,1.034342699301314,0.46875,False,0.0708437609664978,0.08720034163409984,0.24326039533117763,0.421875,False,1.0,1.0,1.0,1.0,False
19,B,clean,0.1971734347244331,0.16467862213953843,0.27687014651974523,0.7109375,False,0.09455821633035866,0.07221735443809127,0.11907299832546707,0.7734375,False,0.2286302130313677,0.26057876953256476,0.370106365177557,0.359375,False,0.32886188258750315,0.4301995857605678,1.0822084276781694,0.34375,False,0.0635840064793971,0.0765713858248222,0.2571366858248355,0.4375,False,1.0,1.0,1.0,1.0,False
19,B,brightness_dark,0.17384982655330927,0.16447325223255244,0.26344576930291547,0.546875,False,0.07709334797043747,0.0722979139637222,0.10614306317202318,0.5703125,False,0.21052619151734742,0.25800476853988075,0.3578199049180561,0.25,False,0.4772431462402691,0.4662875598927951,1.1469050213037253,0.5234375,False,0.1478537851849807,0.09101445866000119,0.2798347862990698,0.734375,False,1.0,1.0,1.0,1.0,False
19,B,contrast_low,0.20320531642814002,0.16190457305976985,0.2603721949681158,0.7265625,False,0.11246512442691442,0.07201374580423459,0.11273691161988492,0.9453125,False,0.2674128802729281,0.24930715802906134,0.37266325548810975,0.6328125,False,0.5025677910114072,0.48800906066999516,1.119080826308265,0.640625,False,0.10166163226168579,0.09560258894703266,0.274452489703548,0.5234375,False,1.0,1.0,1.0,1.0,False
19,B,gaussian_noise,0.2187012091532416,0.15884312714683813,0.2814854308024676,0.8203125,False,0.10583626131184537,0.06670716875552601,0.13707188493688838,0.859375,False,0.23516446737115054,0.24964957536654042,0.3549289877418574,0.3984375,False,0.361123428218853,0.42101603883645067,1.0888872378297934,0.3984375,False,0.06554999508758574,0.08023502291138068,0.2657531577619704,0.40625,False,1.0,1.0,1.0,1.0,False
19,B,gaussian_blur,0.22242845224008517,0.17085798512047995,0.27976315670094914,0.8046875,False,0.10861210790721025,0.07154402117372072,0.11860819823572266,0.9140625,False,0.2589897258182948,0.2552475129320841,0.35960963436894217,0.5078125,False,0.41452617972803824,0.3990091020748825,1.137772127348611,0.5078125,False,0.06986232869321318,0.07534890466736582,0.26612524923561715,0.484375,False,1.0,1.0,1.0,1.0,False
20,A,clean,0.12927367601151357,0.1158471561560574,0.225820878608484,0.609375,False,0.05074861764462605,0.05464513212717727,0.1085295776281689,0.4296875,False,0.12927367601151357,0.1158471561560574,0.225820878608484,0.609375,False,0.05802740159197131,0.0,0.4534005142561595,0.609375,False,0.01016215960712992,0.0,0.08583674457488093,0.609375,False,1.0,1.0,1.0,1.0,False
20,A,brightness_dark,0.1013991363046847,0.12066493268615876,0.21489310544247558,0.3515625,False,0.04537896753419668,0.052401851857514475,0.11096676503223632,0.3671875,False,0.1013991363046847,0.12066493268615876,0.21489310544247558,0.3515625,False,0.12357692357580445,0.02209788368125898,0.6253806328169478,0.6484375,False,0.02190677279908282,0.003844616258235683,0.12296030714383951,0.6484375,False,1.0,1.0,1.0,1.0,False
20,A,contrast_low,0.11528959466376604,0.12422734029349755,0.21906972025993213,0.4453125,False,0.0470995262771805,0.05624700014783784,0.12080212834410987,0.3515625,False,0.11528959466376604,0.12422734029349755,0.21906972025993213,0.4453125,False,0.03006580297362872,0.09970228238792067,0.6402579510098283,0.3828125,False,0.005238469365210115,0.017595712930311563,0.12629417472988397,0.3828125,False,1.0,1.0,1.0,1.0,False
20,A,gaussian_noise,0.12191152813697335,0.11986876055550179,0.23734204774669168,0.53125,False,0.04698435988671417,0.05352293901314066,0.1226077821212121,0.40625,False,0.12191152813697335,0.11986876055550179,0.23734204774669168,0.53125,False,0.07039916068608228,0.0637619030125901,0.5676771225726094,0.515625,False,0.012356904300278693,0.011178435313711953,0.11016297678567094,0.515625,False,1.0,1.0,1.0,1.0,False
20,A,gaussian_blur,0.13314979136206878,0.11984125409399324,0.22382664245335995,0.609375,False,0.0511344031667211,0.05435796641606869,0.10391628245231256,0.4453125,False,0.13314979136206878,0.11984125409399324,0.22382664245335995,0.609375,False,0.06686781888793196,0.013069169970939987,0.5621370972700682,0.59375,False,0.011729420710381591,0.0022705730081150075,0.10896270574733442,0.59375,False,1.0,1.0,1.0,1.0,False
20,B,clean,0.12927367601151357,0.12269487632106074,0.2184979870114424,0.5390625,False,0.05074861764462605,0.05788280924788947,0.11086501731780628,0.4296875,False,0.12927367601151357,0.12269487632106074,0.2184979870114424,0.5390625,False,0.05802740159197131,0.05342922104924707,0.6084830611935017,0.5078125,False,0.01016215960712992,0.009349021242691685,0.11917316989636918,0.5078125,False,1.0,1.0,1.0,1.0,False
20,B,brightness_dark,0.10401622623203041,0.12307273453616527,0.23094177033389654,0.3515625,False,0.046560132491010486,0.05349782999484955,0.11036942144145669,0.375,False,0.10401622623203041,0.12307273453616527,0.23094177033389654,0.3515625,False,0.12673878876425546,0.02156297007129318,0.6009355240891754,0.6171875,False,0.02248063595601346,0.0037536912685907295,0.1174862861408452,0.6171875,False,1.0,1.0,1.0,1.0,False
20,B,contrast_low,0.11987144658705572,0.13789333665113127,0.21465478402024302,0.3828125,False,0.04930761946790797,0.06320545996078408,0.11139980833189107,0.234375,False,0.11987144658705572,0.13789333665113127,0.21465478402024302,0.3828125,False,0.029745361879344453,0.05495275893873508,0.6816552373642529,0.4609375,False,0.0051823354228950624,0.00961828553986636,0.13575255175601494,0.4609375,False,1.0,1.0,1.0,1.0,False
20,B,gaussian_noise,0.12241350675233362,0.10700535750097578,0.2337787292688662,0.609375,False,0.04722922906303712,0.04798013754034624,0.11752551188849475,0.484375,False,0.12241350675233362,0.10700535750097578,0.2337787292688662,0.609375,False,0.0696603665100714,0.03419676419517603,0.5762239392436267,0.5390625,False,0.012225560127836599,0.0059628673127598494,0.11203230297226674,0.5390625,False,1.0,1.0,1.0,1.0,False
20,B,gaussian_blur,0.1324577395661069,0.11598988380199732,0.23455918425377004,0.6640625,False,0.05111852825013849,0.05097940175390506,0.11607686071337109,0.5078125,False,0.1324577395661069,0.11598988380199732,0.23455918425377004,0.6640625,False,0.06983340283675572,0.017920027884964496,0.6308367286400127,0.609375,False,0.012256319614132441,0.0031155014300882373,0.12421299980747116,0.609375,False,1.0,1.0,1.0,1.0,False
21,A,clean,0.2278044792645238,0.15662965740725063,0.263285019257479,0.9140625,False,0.08996531261779432,0.06505134420896459,0.11331480060398716,0.84375,False,0.2278044792645238,0.15662965740725063,0.263285019257479,0.9140625,False,1.8431609801280975,1.1897950485835702,2.0,0.7734375,False,0.5526231146668183,0.2711741561736774,0.6931471805599454,0.7734375,False,0.0,1.0,1.0,0.484375,False
21,A,brightness_dark,0.2064640691141273,0.13496258504108288,0.23908718558541128,0.8828125,False,0.07831233967444738,0.060008614516370955,0.1006294433179967,0.78125,False,0.2064640691141273,0.13496258504108288,0.23908718558541128,0.8828125,False,1.329114989185864,0.9589801741475408,2.0,0.65625,False,0.3167976132370237,0.20464349134379306,0.6931471805599453,0.65625,False,0.0,1.0,1.0,0.3671875,False
21,A,contrast_low,0.1963420594363399,0.13898057568851427,0.2506659486089343,0.796875,False,0.08217499159087374,0.058570284556642815,0.11111001323160791,0.78125,False,0.1963420594363399,0.13898057568851427,0.2506659486089343,0.796875,False,1.9546931440038025,1.3413177185508758,2.0,0.71875,False,0.6387938340369356,0.3210480525615039,0.6931471805599454,0.71875,False,0.0,0.0,1.0,0.546875,False
21,A,gaussian_noise,0.2282363455255616,0.1385826212945439,0.22026048827601996,0.953125,True,0.09025779059985345,0.05931062979450241,0.10314752434429779,0.8828125,False,0.2282363455255616,0.1385826212945439,0.22026048827601996,0.953125,True,1.5826360644006359,1.1127503204622844,2.0,0.7578125,False,0.4151096766960097,0.24794935886660074,0.6931471805599453,0.7578125,False,0.0,1.0,1.0,0.4296875,False
21,A,gaussian_blur,0.22890692565028842,0.15128360097294846,0.23833490013444927,0.9375,False,0.08833707693289702,0.06459904857920643,0.10209352162391983,0.8203125,False,0.22890692565028842,0.15128360097294846,0.23833490013444927,0.9375,False,1.8930698131810475,1.2830574445107383,2.0,0.6953125,False,0.58742009825093,0.30117755506136246,0.6931471805599454,0.6953125,False,0.0,1.0,1.0,0.4921875,False
21,B,clean,0.2278044792645238,0.12757350599910303,0.2316717491411576,0.9375,False,0.08996531261779432,0.0541794219835879,0.1000477021779184,0.921875,False,0.2278044792645238,0.12757350599910303,0.2316717491411576,0.9375,False,1.8431609801280975,0.9967443991141565,1.9736430649695418,0.8984375,False,0.5526231146668183,0.214874064535107,0.6648270271510704,0.8984375,False,0.0,1.0,1.0,0.3046875,False
21,B,brightness_dark,0.20717733064428137,0.13428399188178122,0.22911476014056553,0.8828125,False,0.07847295887572446,0.055680279333624315,0.10152533703337999,0.796875,False,0.20717733064428137,0.13428399188178122,0.22911476014056553,0.8828125,False,1.328133421598312,1.2660475827427562,2.0,0.546875,False,0.31645872213204385,0.29561198635745756,0.6931471805599454,0.546875,False,0.0,1.0,1.0,0.484375,False
21,B,contrast_low,0.2044478954606595,0.1379432861521941,0.27125173150777254,0.859375,False,0.08336931249660931,0.06212668851737458,0.12155863672136087,0.78125,False,0.2044478954606595,0.1379432861521941,0.27125173150777254,0.859375,False,2.0,1.7255734239174996,2.0,0.984375,False,0.6931471805599453,0.4839678723677037,0.6931471805599454,0.8671875,False,0.0,0.0,1.0,0.65625,False
21,B,gaussian_noise,0.22494439159015245,0.13628017635598477,0.23288550840073563,0.9296875,False,0.08856053382063653,0.05992983148996117,0.10399543707307944,0.859375,False,0.22494439159015245,0.13628017635598477,0.23288550840073563,0.9296875,False,1.5311724171710517,1.0588087330980576,2.0,0.7109375,False,0.3931375360547488,0.2322100027616147,0.6931471805599453,0.7109375,False,0.0,1.0,1.0,0.390625,False
21,B,gaussian_blur,0.23102655696177363,0.14914621428321348,0.285108406728199,0.875,False,0.08913964147553585,0.06298046290099726,0.11822043829936,0.828125,False,0.23102655696177363,0.14914621428321348,0.285108406728199,0.875,False,1.8961816895380912,1.3823068022628373,2.0,0.71875,False,0.5897499340052857,0.3355921442606989,0.6931471805599454,0.71875,False,0.0,0.0,1.0,0.59375,False
22,A,clean,0.21853574016924748,0.15296239573225992,0.28526566658587477,0.828125,False,0.11356320085741836,0.0645941773255754,0.12353722891445043,0.8984375,False,0.31883364621047683,0.2127848221641846,0.3345763841937886,0.9140625,False,0.7167766417218558,0.4624888665461274,1.2070900355855856,0.75,False,0.15300865829074395,0.08499709320234677,0.3958070941874037,0.7578125,False,1.0,1.0,1.0,1.0,False
22,A,brightness_dark,0.2132184364809635,0.15599744307551605,0.2794796977013427,0.8203125,False,0.1109758299750769,0.07020387211153631,0.12690009010989928,0.90625,False,0.3289167839827097,0.2056515793458986,0.32394660002979475,0.953125,True,0.8928106375734423,0.34559237181675684,0.9926402969999581,0.921875,False,0.19258236472250956,0.06130020975618905,0.23475846844576867,0.8984375,False,1.0,1.0,1.0,1.0,False
22,A,contrast_low,0.12176242168263667,0.14275405418021908,0.25867683478518594,0.328125,False,0.05176174803487857,0.06538635963684346,0.11309394914138599,0.3515625,False,0.2327913656444171,0.20398789966017433,0.30172275497738404,0.640625,False,0.6018640275692573,0.5953117635007169,1.395460987782557,0.5,False,0.11912850742534364,0.11975700515155291,0.4531735696943073,0.4921875,False,1.0,0.0,1.0,1.0,False
22,A,gaussian_noise,0.23019140308472105,0.15385103124299568,0.25643578462118055,0.8671875,False,0.10809844841340534,0.0689754608890018,0.12346135406063452,0.875,False,0.33186365558194997,0.21603537013328294,0.3251113722718903,0.953125,True,0.6200501176689746,0.38878615657704085,1.196194131848138,0.703125,False,0.1312106811369036,0.07060137071841222,0.35151610792233456,0.7421875,False,1.0,1.0,1.0,1.0,False
22,A,gaussian_blur,0.20516436869062843,0.15905000024272115,0.25214564731510775,0.8046875,False,0.10436299637768523,0.07117502126945736,0.11315262787541501,0.8984375,False,0.30858147388551405,0.20758278178426268,0.3100505060392005,0.9453125,False,0.6400642745671619,0.4051573850153809,1.02695298095154,0.765625,False,0.13521348349004814,0.0737052587497482,0.24074203011518688,0.7734375,False,1.0,1.0,1.0,1.0,False
22,B,clean,0.21853574016924748,0.1403348812785653,0.26121143344495584,0.84375,False,0.11356320085741836,0.06323317230239925,0.11383227987489626,0.9453125,False,0.31883364621047683,0.1998606046662582,0.3235467637412524,0.9375,False,0.7167766417218558,0.31703332584732014,1.1482693396385677,0.8359375,False,0.15300865829074395,0.04690994976350654,0.293356612310809,0.84375,False,1.0,1.0,1.0,1.0,False
22,B,brightness_dark,0.2128885002201397,0.15764739377672993,0.25190638693050815,0.8359375,False,0.110870938550725,0.06892239665121448,0.11871801444259507,0.8984375,False,0.3310700592575977,0.20790124416148834,0.32096738867249974,0.9609375,True,0.88841544939533,0.41192622641506016,1.2762072462159981,0.828125,False,0.19104432388312165,0.07428537381715294,0.4061369915762112,0.8046875,False,1.0,1.0,1.0,1.0,False
22,B,contrast_low,0.12499012217462821,0.1494677195434589,0.265261848938782,0.3203125,False,0.054646164990009835,0.0681576767832286,0.1217775557872206,0.3359375,False,0.21508250617216035,0.20759286605177335,0.317926452808477,0.546875,False,0.6369629645946284,0.69796987383082,1.4460291740967512,0.484375,False,0.12719121377185194,0.14396050664845983,0.4556387295887998,0.46875,False,1.0,0.0,1.0,1.0,False
22,B,gaussian_noise,0.2302707129873476,0.16132517852712444,0.2701804335713552,0.875,False,0.10879834917555364,0.07046877509697153,0.12258428002377518,0.8984375,False,0.3336754279082699,0.22003512712120518,0.3239731693101388,0.953125,True,0.6280033609300479,0.5478515766103487,1.2,0.546875,False,0.1336383159002864,0.1058610752822482,0.341149297305929,0.5859375,False,1.0,1.0,1.0,1.0,False
22,B,gaussian_blur,0.20609933828590835,0.1582864608988268,0.2634696361469476,0.7890625,False,0.10654930100590167,0.07053653983375342,0.12699000681508066,0.8671875,False,0.310508741585003,0.20882095108899332,0.30920785110929927,0.9453125,True,0.6565235532885492,0.4360747803032957,1.1914623303475382,0.734375,False,0.1391782626987932,0.07613467939472257,0.32418309987987753,0.7265625,False,1.0,1.0,1.0,1.0,False
23,A,clean,0.2755534724290672,0.1575595277287194,0.2486989289216004,1.0,True,0.10373761654281397,0.06797045826315393,0.11376970935216064,0.8515625,False,0.40103062072642887,0.298934650149312,0.4175789304608139,0.9140625,False,1.0998063636955018,0.543071413155636,0.940580631743961,0.9921875,True,0.235427632357597,0.09246648410528857,0.20095070802877307,0.9765625,True,0.0,1.0,1.0,0.3359375,False
23,A,brightness_dark,0.2507740349051948,0.14904555660973204,0.2569783264805037,0.9296875,False,0.0961588453752436,0.06708448375140073,0.11501021649603317,0.8515625,False,0.3524900334740119,0.2831622024017656,0.39579160591351514,0.859375,False,1.0878115807762725,0.6139121035995238,1.0,0.9765625,True,0.245921086350954,0.11115016781922005,0.2375884020017433,0.96875,True,0.0,1.0,1.0,0.2890625,False
23,A,contrast_low,0.3569942632057878,0.15906655181479168,0.3004186844493142,0.984375,True,0.14204548353320592,0.07209917880641181,0.13640907827304982,0.9609375,True,0.4113682392227334,0.30811642487690927,0.4132256798797428,0.9453125,False,0.8554479386279051,0.6517658588820285,1.1506480928487317,0.7578125,False,0.18158806208836986,0.12510118168138623,0.2660925828784687,0.75,False,0.0,1.0,1.0,0.3359375,False
23,A,gaussian_noise,0.2750834063887527,0.15895965247622268,0.2800484907244145,0.9375,False,0.10587031845889797,0.07152356183302958,0.13077002845679758,0.828125,False,0.40408386661047224,0.30778777251241707,0.4227191259497565,0.921875,False,0.9778846362650888,0.5785764375685534,1.0609171398781998,0.9375,False,0.20127930624677548,0.10690989219200103,0.25667592431743486,0.8671875,False,0.0,1.0,1.0,0.3515625,False
23,A,gaussian_blur,0.33700778775377,0.15388788969770925,0.29873873679342805,0.9765625,True,0.1307907195431488,0.07037295322591156,0.12735751161942163,0.953125,True,0.435837358797533,0.31731204650095846,0.4395275498452931,0.9296875,False,1.0424294210778695,0.6357188465042304,1.0330837302010143,0.953125,True,0.2509186734801696,0.11509929979414868,0.25235282032141965,0.9453125,False,0.0,1.0,1.0,0.34375,False
23,B,clean,0.2755534724290672,0.14962326983096358,0.2506072700886221,0.96875,True,0.10373761654281397,0.06657733343549568,0.11568400648024442,0.90625,False,0.40103062072642887,0.30866335004521916,0.3943490143123522,0.953125,True,1.0998063636955018,0.5886467013432283,0.929760739833856,1.0,True,0.235427632357597,0.10673201149239064,0.21653881405217462,0.9765625,True,0.0,1.0,1.0,0.28125,False
23,B,brightness_dark,0.2533564245697508,0.13985555308109637,0.28969924926155766,0.9140625,False,0.0972331929736933,0.0643993175752991,0.11671960243331549,0.859375,False,0.35666379744470145,0.2904262334742579,0.4178993017684889,0.8359375,False,1.0824580712965644,0.646532592952384,1.008529084483706,0.953125,True,0.24472389405948114,0.12135998056572872,0.2552429301420236,0.8984375,False,0.0,1.0,1.0,0.328125,False
23,B,contrast_low,0.3422526557875924,0.15996144936448894,0.2747626387105359,0.984375,True,0.13815082075412505,0.07134264665211387,0.12976537258358067,0.96875,True,0.40489757932285625,0.29954327396241376,0.4391270274575323,0.8828125,False,0.7757160157830972,0.6996178174172031,1.1386134581859675,0.625,False,0.1702340750359077,0.11886790863657365,0.2624803120813775,0.75,False,0.0,1.0,1.0,0.359375,False
23,B,gaussian_noise,0.27660428370616597,0.1614609208734945,0.2585962456619611,0.9609375,True,0.10661215383466717,0.07003326673637185,0.12041025778729739,0.875,False,0.40352038520089506,0.30039729704889284,0.4135454182689074,0.9296875,False,0.9769700613849218,0.6685774989506166,0.9878178568216776,0.9453125,False,0.2019853366008113,0.11620017408662209,0.23698639278168804,0.890625,False,0.0,1.0,1.0,0.390625,False
23,B,gaussian_blur,0.3352151548750267,0.15100821880766763,0.2763081648868567,0.9921875,True,0.13054243837328677,0.06660878434749408,0.13649814807882865,0.9453125,False,0.4349685547216986,0.3082074081672988,0.41660726844297924,0.9609375,True,1.0458800500325462,0.5819486528981286,1.0238198525440279,0.9609375,True,0.25038229740592866,0.11160072460708159,0.256110048554898,0.9453125,False,0.0,1.0,1.0,0.2734375,False
24,A,clean,0.15505532595264845,0.14083773892114368,0.23303412580726598,0.5859375,False,0.0773788959905981,0.06248098764417205,0.11031499345412323,0.6875,False,0.22525638026386974,0.20266811691545453,0.301233327544953,0.625,False,1.7000000000000002,0.7631349629061243,1.7000000000000002,0.953125,False,0.5408608894123161,0.17151191471449906,0.5769199034595583,0.890625,False,0.0,1.0,1.0,0.2890625,False
24,A,brightness_dark,0.10749962481901294,0.13501221350453807,0.24112061345446717,0.34375,False,0.04935593569239271,0.059994703422432946,0.1146519299018703,0.328125,False,0.1805337356929738,0.19265405918009887,0.30487723821522367,0.3984375,False,1.4763798685985856,0.8265103239806342,1.9373412406274175,0.75,False,0.3654281491888691,0.18937747304662933,0.6514468513137883,0.703125,False,0.0,1.0,1.0,0.3671875,False
24,A,contrast_low,0.17410895036921908,0.1330307533514184,0.23945477083978298,0.6875,False,0.08052162868356326,0.061969818919224845,0.11979832460346129,0.6640625,False,0.2421530974468964,0.206735264725404,0.31761799956935644,0.6953125,False,1.7147445308051932,1.112845446838761,1.9800755162407382,0.84375,False,0.5917765738463259,0.27129775484724783,0.6835060540558676,0.8671875,False,0.0,1.0,1.0,0.4375,False
24,A,gaussian_noise,0.13548947706369513,0.13677800069091403,0.21912754274685123,0.4921875,False,0.06478656955459713,0.06032766096020531,0.10403638835488763,0.5859375,False,0.2098331416116938,0.20897606786603326,0.31124158197801266,0.5078125,False,1.5621405935091275,0.7386499186588272,1.7000000000000002,0.8828125,False,0.4237365949977169,0.17237632083687537,0.5747794725264471,0.875,False,0.0,1.0,1.0,0.3125,False
24,A,gaussian_blur,0.1534437459765272,0.14931841760722608,0.2439792874623757,0.546875,False,0.07566633558860525,0.06500843298049062,0.11351472176903286,0.6640625,False,0.22828426717212935,0.22125315178374222,0.2968409090304702,0.5390625,False,1.7,0.858697888087395,1.7386024859157636,0.8359375,False,0.5314206166653597,0.1947005354079424,0.5829534283952995,0.796875,False,0.0,1.0,1.0,0.4140625,False
24,B,clean,0.15505532595264845,0.13965280736361146,0.2559531036008554,0.578125,False,0.0773788959905981,0.06392855077575824,0.12694071120466857,0.65625,False,0.22525638026386974,0.2088872564603747,0.3316036739882883,0.5703125,False,1.7000000000000002,0.7687947158464496,1.7000000000000002,0.96875,False,0.5408608894123161,0.16192719134304945,0.5850307027015424,0.8984375,False,0.0,1.0,1.0,0.3359375,False
24,B,brightness_dark,0.10747984908789691,0.13514880963185905,0.22135677520857877,0.3203125,False,0.04955523885809484,0.05952905425204627,0.11088406591871668,0.328125,False,0.1827817490574038,0.2076615155390872,0.29087400764487514,0.328125,False,1.4731135180485588,0.8134428232882391,1.8709829376142029,0.7265625,False,0.36371154687304674,0.17987900271836044,0.6216161933120501,0.7109375,False,0.0,1.0,1.0,0.3671875,False
24,B,contrast_low,0.15758905665800044,0.12858888463516313,0.2685793606177941,0.6796875,False,0.07178342822699488,0.06043696213560918,0.12036136420191149,0.65625,False,0.22606913330137618,0.19809766886370983,0.30787763712276695,0.6484375,False,1.7000000000000002,0.9724410491180009,1.8213091570561986,0.8984375,False,0.5762490837759713,0.22963907531379218,0.614520573910378,0.8984375,False,0.0,1.0,1.0,0.3515625,False
24,B,gaussian_noise,0.13477921094318035,0.14463230255414838,0.24739322166851846,0.4609375,False,0.06421097728956981,0.06179003007851527,0.12038751895041612,0.53125,False,0.20833904313219023,0.20983059072417987,0.3220902574033184,0.484375,False,1.5548877007202238,0.8860038477459093,1.7263989486047377,0.84375,False,0.4191522723592648,0.19609355839092568,0.5729672960119176,0.84375,False,0.0,1.0,1.0,0.3828125,False
24,B,gaussian_blur,0.15090467799734192,0.13646205500459618,0.23933167322808338,0.625,False,0.07513970192549432,0.06034331602751918,0.11070664616440878,0.6953125,False,0.226449508931132,0.20976636628270434,0.30198762776572907,0.625,False,1.7000000000000002,0.7212420131743569,1.7168780190112984,0.9453125,False,0.531286743714172,0.16125008758321752,0.5873639952221225,0.859375,False,0.0,1.0,1.0,0.2734375,False
25,A,clean,0.13828964471427563,0.16484550164109082,0.28255056712336307,0.3046875,False,0.07481195688152814,0.07258581763725087,0.12376997405867315,0.5390625,False,0.4543585480758034,0.26349637047513164,0.37527728519056786,1.0,True,1.2063961587756658,0.9887557426733274,1.6361051582300141,0.7734375,False,0.27846406121334777,0.2825244578691991,0.4871258638071714,0.4921875,False,0.0,1.0,1.0,0.375,False
25,A,brightness_dark,0.10828962576880014,0.15413278413838138,0.24629345313653417,0.140625,False,0.04744716592181472,0.06702013920461938,0.1077771660302981,0.171875,False,0.46903153906602923,0.25360472444330817,0.348836017362044,1.0,True,0.6996464400897932,1.0178853988448715,1.6410852121508768,0.140625,False,0.12030208109536522,0.29950336075055595,0.5124695216978442,0.125,False,1.0,1.0,1.0,1.0,False
25,A,contrast_low,0.18777014933656705,0.15113178684606116,0.2784535492467152,0.75,False,0.08308552389288835,0.06834473809252548,0.12750531692023973,0.6953125,False,0.38162031915724204,0.24524469849617847,0.3582059986126359,0.9765625,True,1.174467883506452,1.1,1.6440317588876556,0.6171875,False,0.30301978899108417,0.3230773617004673,0.4930848913491273,0.3671875,False,0.0,1.0,1.0,0.484375,False
25,A,gaussian_noise,0.15689454597310792,0.15123256393836448,0.25144359830534935,0.5546875,False,0.07398279600269886,0.06629735700812558,0.11036176691804322,0.59375,False,0.4556267453824775,0.25157526328915314,0.36434204480469246,0.9921875,True,1.2794727125379899,1.0484329357701043,1.4914414604319646,0.7734375,False,0.33494149761408276,0.29794338823046396,0.44556562640661324,0.6484375,False,0.0,1.0,1.0,0.453125,False
25,A,gaussian_blur,0.16685369870064767,0.15549398429509304,0.284708808048975,0.5703125,False,0.0857110546583904,0.06908013810506695,0.1286171144307867,0.7265625,False,0.4307671964180016,0.26152312740913175,0.3715345522845652,0.9921875,True,1.320736381816944,1.0335033942552034,1.5073162382309477,0.8515625,False,0.33894780574981165,0.289949834598778,0.4294959696753928,0.6875,False,0.0,1.0,1.0,0.3984375,False
25,B,clean,0.13828964471427563,0.1634281908158063,0.27622540857837735,0.3671875,False,0.07481195688152814,0.07062050479421011,0.1313391213998252,0.5625,False,0.4543585480758034,0.2591691229587503,0.39150549722225725,1.0,True,1.2063961587756658,0.9492844004780656,1.5064657467463898,0.765625,False,0.27846406121334777,0.2866989354366315,0.44555267964792533,0.4609375,False,0.0,1.0,1.0,0.40625,False
25,B,brightness_dark,0.11088919754842969,0.1511111368183929,0.26649503086823906,0.2109375,False,0.04872842693358146,0.0666381286188696,0.11790905671471306,0.2109375,False,0.4723374853820084,0.25243735120870303,0.3569998261510688,1.0,True,0.7241661790678703,1.055470904757343,1.6393780607554809,0.140625,False,0.12647839033653274,0.3040641224498233,0.49000264650852743,0.0625,False,1.0,1.0,1.0,1.0,False
25,B,contrast_low,0.17826552912473215,0.14577074775436719,0.28726769937426766,0.6796875,False,0.07986816841415814,0.06526127952311124,0.12628039960396065,0.671875,False,0.3767879300697461,0.25083746836670273,0.3677574105595511,0.9609375,True,1.1695247719528705,1.0926961117407283,1.6916567075220286,0.6328125,False,0.30332301096430014,0.32095056620870627,0.5306246551320184,0.4453125,False,0.0,0.0,1.0,0.5078125,False
25,B,gaussian_noise,0.15520894569868685,0.15082972636007996,0.26557263028784167,0.5546875,False,0.07289601437652263,0.06617978380927644,0.11622597297591968,0.5859375,False,0.454143329500169,0.2476615493328964,0.34489249635271385,1.0,True,1.2814468791626958,1.0106459791940468,1.4925191724673341,0.875,False,0.33548411424071034,0.29265359654806244,0.4252510378539855,0.7578125,False,0.0,1.0,1.0,0.421875,False
25,B,gaussian_blur,0.16532541083905458,0.16376329141163767,0.2835395171165978,0.5078125,False,0.0856861474950628,0.07043054723521958,0.12678160132381525,0.671875,False,0.4304159103701784,0.2653700436268162,0.37741954994452825,0.9921875,True,1.3137080530376,1.038386896343329,1.4399103010208105,0.8203125,False,0.33724171615808896,0.29373417605995017,0.4191892087723085,0.6484375,False,0.0,1.0,1.0,0.4296875,False
26,A,clean,0.2195463020818712,0.12310159082909616,0.20938131271425364,0.96875,True,0.10677352637794874,0.05581642782415604,0.09795574181416775,0.9609375,True,0.22651446751574386,0.15385074792690828,0.24588159170065563,0.890625,False,0.7299672952664327,0.11158927005203875,0.5293691708222668,1.0,True,0.15957588017709667,0.026303941600374442,0.10733482627718763,1.0,True,1.0,1.0,1.0,1.0,False
26,A,brightness_dark,0.23126683579075347,0.12811933555422883,0.2346647620087522,0.9453125,False,0.1084090678814813,0.06134048500176953,0.10866757647991791,0.9453125,False,0.2312668357907534,0.16096929440063407,0.26362779351579896,0.8671875,False,0.7157501368283816,0.10000000000000006,0.6951423414462264,0.953125,True,0.14383243225557996,0.021053557046422235,0.1418124819289786,0.953125,True,1.0,1.0,1.0,1.0,False
26,A,contrast_low,0.24351537821318311,0.12254379182143672,0.2528276155771788,0.9375,False,0.10523806576592779,0.05856758767792099,0.1173151254859701,0.90625,False,0.24400995933283348,0.14940563060161655,0.2754589180064245,0.90625,False,0.8626377268545301,0.10005948108398642,0.7228347018416746,0.96875,True,0.19100638679068394,0.03183267979735813,0.14842208776051932,0.9765625,True,1.0,1.0,1.0,1.0,False
26,A,gaussian_noise,0.18072293662812786,0.11761074234651922,0.202267570255713,0.859375,False,0.08400808661592295,0.053141573395766764,0.10461367413514926,0.8671875,False,0.18417503297315568,0.13867040242702508,0.2443537062968537,0.7421875,False,0.6297647104515893,0.10000000000000005,0.5492310007669414,0.96875,True,0.1372334709025902,0.025578645867683242,0.11745879532628609,0.96875,True,1.0,1.0,1.0,1.0,False
26,A,gaussian_blur,0.16331760030344014,0.12806982475352524,0.22101003503008074,0.7265625,False,0.07892381438874024,0.055401284689904795,0.11246854904766673,0.75,False,0.16460406702049102,0.15093710582119113,0.24720614743094743,0.59375,False,0.581059244177683,0.1022297221777343,0.65123020392766,0.9140625,False,0.1267651587425832,0.02716798554864279,0.1270958537083495,0.9453125,False,1.0,1.0,1.0,1.0,False
26,B,clean,0.2195463020818712,0.11322730232161829,0.20553287320746214,0.9609375,True,0.10677352637794874,0.049766433074969,0.0953343403757779,0.96875,True,0.22651446751574386,0.1368984836661785,0.24403723900240293,0.921875,False,0.7299672952664327,0.10000000000000005,0.5624971924064763,0.9921875,True,0.15957588017709667,0.018956225820332823,0.12136214042828834,0.9921875,True,1.0,1.0,1.0,1.0,False
26,B,brightness_dark,0.23362258178973136,0.12335260327878692,0.230088201865629,0.953125,True,0.10967963748828911,0.05353779233752193,0.11784108869599061,0.90625,False,0.23362258178973133,0.1516289940468485,0.2678347867344774,0.8984375,False,0.6953525188311209,0.10009879845214473,0.676662181390681,0.9609375,True,0.13933212111998694,0.024598847521424647,0.14432727834778994,0.9375,False,1.0,1.0,1.0,1.0,False
26,B,contrast_low,0.24658352129642305,0.13096337995592655,0.25500487986827036,0.9375,False,0.10710840299856463,0.06144596678289198,0.12704441289558271,0.8984375,False,0.2465835212964231,0.15375700326316738,0.2897834285209183,0.90625,False,0.8531366567644766,0.16501507506432178,0.6931163998132917,0.984375,True,0.18867939689846802,0.04069296658661836,0.1512308237655396,0.984375,True,1.0,1.0,1.0,1.0,False
26,B,gaussian_noise,0.1773183582926514,0.1180726039569764,0.20600968620445045,0.859375,False,0.08261490842369008,0.053069264101449326,0.10123387051376694,0.8515625,False,0.18056394577921664,0.14562067605068202,0.2501480224567192,0.7734375,False,0.6300667717345285,0.12502073642754072,0.5526748375246294,0.9765625,True,0.13729916496597266,0.021208167398127503,0.1166205244917504,0.9765625,True,1.0,1.0,1.0,1.0,False
26,B,gaussian_blur,0.1616022291075065,0.13197744545221352,0.23108140463617613,0.7421875,False,0.07759784030110171,0.05907017076085663,0.1129529475542862,0.734375,False,0.16312691252434827,0.16158015180726937,0.24373962782242292,0.5078125,False,0.5703562282672714,0.15581494215817032,0.7211726389302391,0.8671875,False,0.12449723332317209,0.040165792959944685,0.14764290962512966,0.8828125,False,1.0,1.0,1.0,1.0,False
27,A,clean,0.19881255364413292,0.13744816426054335,0.2537541024153683,0.78125,False,0.11965147585284876,0.0674183077189496,0.14403853469677025,0.859375,False,0.19881255364413292,0.13744816426054335,0.2537541024153683,0.78125,False,0.5880767440728452,0.0807854149886916,0.58101399672738,0.953125,True,0.11463948782432892,0.014207289055029389,0.1130842049869857,0.953125,True,1.0,1.0,1.0,1.0,False
27,A,brightness_dark,0.17869223538705678,0.12609442254950623,0.25986842749882744,0.8046875,False,0.10151930300067386,0.06326263664759849,0.1298613012498754,0.8515625,False,0.17869223538705678,0.12609442254950623,0.25986842749882744,0.8046875,False,0.5415371851452108,0.08786643891381063,0.6324632668463173,0.8984375,False,0.1044844405232897,0.015473012402378056,0.1245355965286595,0.8984375,False,1.0,1.0,1.0,1.0,False
27,A,contrast_low,0.21018241542334926,0.1397513383722309,0.273957324761318,0.828125,False,0.12033356781530354,0.06352001392287861,0.14146823174045767,0.890625,False,0.21018241542334926,0.1397513383722309,0.273957324761318,0.828125,False,0.7343235101934977,0.0918740236343406,0.7850811364736695,0.9453125,False,0.14806621602748488,0.01619097634975912,0.16036239288803575,0.9453125,False,1.0,1.0,1.0,1.0,False
27,A,gaussian_noise,0.14924666746243953,0.1506482917566097,0.2531509476044246,0.484375,False,0.08622018653442592,0.0732750080856501,0.13678803633429443,0.640625,False,0.14924666746243953,0.1506482917566097,0.2531509476044246,0.484375,False,0.46156202860811807,0.07642483921860108,0.6655213242726982,0.890625,False,0.08752999599112726,0.013429540120804453,0.13209845834447617,0.890625,False,1.0,1.0,1.0,1.0,False
27,A,gaussian_blur,0.2529286803648699,0.13118377556526561,0.2397279440380365,0.9609375,True,0.14922045248839322,0.06366537735838607,0.12891560584260434,0.96875,True,0.2529286803648699,0.13118377556526561,0.2397279440380365,0.9609375,True,0.7994629124334822,0.084430092322339,0.5957090573815413,0.984375,True,0.16376491101068746,0.014858582121149079,0.11634036592745413,0.984375,True,1.0,1.0,1.0,1.0,False
27,B,clean,0.19881255364413292,0.14496094460807396,0.2864237503060309,0.7734375,False,0.11965147585284876,0.07403040924544971,0.1410661052815098,0.8828125,False,0.19881255364413292,0.14496094460807396,0.2864237503060309,0.7734375,False,0.5880767440728452,0.13226056908453943,0.673308673587728,0.921875,False,0.11463948782432892,0.02348461524748051,0.1338345979385144,0.921875,False,1.0,1.0,1.0,1.0,False
27,B,brightness_dark,0.18223852189816844,0.12593872814654777,0.2376017904853428,0.8515625,False,0.10339692705403297,0.06119871840995357,0.12657644627541895,0.890625,False,0.18223852189816844,0.12593872814654777,0.2376017904853428,0.8515625,False,0.5504854970539761,0.0595383683589452,0.5757419336420745,0.9453125,False,0.10642000606044094,0.01042969945085994,0.11217159825564178,0.9453125,False,1.0,1.0,1.0,1.0,False
27,B,contrast_low,0.20725679960996124,0.14191040015052842,0.2640804516054948,0.7890625,False,0.1185565314132505,0.06993585157989451,0.13947204134052138,0.84375,False,0.20725679960996124,0.14191040015052842,0.2640804516054948,0.7890625,False,0.6999370867103973,0.06812350728691853,0.718735922300394,0.9296875,False,0.13998846868497883,0.011952456222106257,0.1443878720560289,0.9296875,False,1.0,1.0,1.0,1.0,False
27,B,gaussian_noise,0.14753564548328724,0.13764593068042558,0.22954472133554596,0.6015625,False,0.08455468860722325,0.06770310045532792,0.12517481805460623,0.71875,False,0.14753564548328724,0.13764593068042558,0.22954472133554596,0.6015625,False,0.45871111594004055,0.08552991709319077,0.5598812323596861,0.875,False,0.08693672496120003,0.01505482406435718,0.10847320849363656,0.875,False,1.0,1.0,1.0,1.0,False
27,B,gaussian_blur,0.2534653402106125,0.13257839785267928,0.24472911434939806,0.953125,True,0.1497116155014299,0.06405084670079664,0.1319138198299521,0.9765625,True,0.2534653402106125,0.13257839785267928,0.24472911434939806,0.953125,True,0.7919828478664007,0.06717257554654676,0.5270269810709372,0.984375,True,0.16193489748500506,0.01178373632279519,0.10136511781320619,0.984375,True,1.0,1.0,1.0,1.0,False
28,A,clean,0.16404026210652084,0.1527420604480839,0.23334511082432852,0.578125,False,0.07880609433442959,0.06645483552847395,0.10363335802074558,0.734375,False,0.2616798035693659,0.31430563526291033,0.39434539629529375,0.1640625,False,0.5072378686773448,0.9197259233114402,1.7109365346899506,0.140625,False,0.13694999977968947,0.1864657357197267,0.49779810369466176,0.25,False,1.0,1.0,1.0,1.0,False
28,A,brightness_dark,0.16174116189487184,0.14743963263729237,0.22289426779343893,0.5859375,False,0.064940906690255,0.061695882886128726,0.10150828532943172,0.5390625,False,0.2460296502707015,0.2903455363995234,0.380999870148815,0.203125,False,0.4334588260052545,1.0964823782222535,1.7794599878022805,0.015625,False,0.06425406503801412,0.23286100344721516,0.5321092832044023,0.0078125,False,1.0,0.0,1.0,1.0,False
28,A,contrast_low,0.20139554813523172,0.13508674996097694,0.24509308333378,0.828125,False,0.08414946110979904,0.060054647483251136,0.10769427676095644,0.796875,False,0.3367584757392024,0.29228237440725224,0.3952806726682682,0.796875,False,1.173104521763726,0.9994680076594384,1.7282529335118904,0.6015625,False,0.2765073836841132,0.21406826804414297,0.5096818481488001,0.6484375,False,0.0,1.0,1.0,0.484375,False
28,A,gaussian_noise,0.17691322107568538,0.14585177059300158,0.23530648192795722,0.7421875,False,0.0894860812166155,0.06356189953332955,0.11533903600848945,0.8515625,False,0.2612278646302183,0.3049488262932145,0.386357678590774,0.203125,False,0.556136411904688,1.0716671675141702,1.7919137220074308,0.15625,False,0.16670560140893742,0.2212437683937205,0.5294171237285582,0.296875,False,1.0,0.0,1.0,1.0,False
28,A,gaussian_blur,0.15969135012615085,0.14981588834993637,0.24316552222094912,0.5859375,False,0.08408743761824293,0.06231594086344513,0.10087487097171041,0.8203125,False,0.28833841382471326,0.30647046513190734,0.3971401940955362,0.3671875,False,0.601179792583457,0.8725753413635657,1.7,0.234375,False,0.15428010008026116,0.20018196548790979,0.48973816001467796,0.265625,False,1.0,1.0,1.0,1.0,False
28,B,clean,0.16404026210652084,0.14350352666352506,0.22012487016144885,0.703125,False,0.07880609433442959,0.06140939776640192,0.10057110508237312,0.8046875,False,0.2616798035693659,0.30504732421109126,0.39562781604862995,0.203125,False,0.5072378686773448,0.8334198841314611,1.7000000000000002,0.171875,False,0.13694999977968947,0.18064736018199445,0.49382364868871603,0.234375,False,1.0,1.0,1.0,1.0,False
28,B,brightness_dark,0.1604722757681917,0.15303876229032468,0.2313970043804718,0.546875,False,0.06480574022294977,0.06456557579041841,0.10833657571910868,0.5,False,0.24635693768276282,0.30502679877210004,0.38659039004615814,0.1953125,False,0.44389869441585167,1.1748158698290165,1.7625848687682364,0.0234375,False,0.06551416890741024,0.2371262506076619,0.5372183638250634,0.0,False,1.0,0.0,1.0,1.0,False
28,B,contrast_low,0.186496347306314,0.13149391200568167,0.23276015472372932,0.8515625,False,0.07735634346405496,0.0575576093654199,0.10434845112775769,0.8046875,False,0.33099933587365304,0.2926903539799284,0.3935137183613546,0.7265625,False,0.9241928224203277,0.9585953580469911,1.7118821181899493,0.4921875,False,0.2136362490973167,0.2175179275401049,0.5005237550010097,0.484375,False,1.0,1.0,1.0,1.0,False
28,B,gaussian_noise,0.1778718980630324,0.1400754233136079,0.2553905006224605,0.7265625,False,0.09024761852202692,0.06391545599366907,0.11201262640025375,0.8359375,False,0.2575978392884051,0.2987007677622274,0.3917095264540068,0.203125,False,0.5712819572723218,0.9800976288557621,1.7250825272516797,0.1875,False,0.16953575745124083,0.20458343487342956,0.5235338694925821,0.34375,False,1.0,1.0,1.0,1.0,False
28,B,gaussian_blur,0.16116261919678165,0.15967349748711107,0.2373918395336713,0.5,False,0.0849348413516737,0.06792062939697224,0.11190846998353206,0.78125,False,0.29109372562540864,0.31348389827467693,0.40662375993699335,0.3671875,False,0.6180830135625879,0.8503169145619289,1.7102322161109993,0.2734375,False,0.1556590558027675,0.20249769246743926,0.4827549346479464,0.28125,False,1.0,1.0,1.0,1.0,False
29,A,clean,0.11895861110900487,0.13556261391592964,0.24106527797898833,0.3046875,False,0.04452213619456052,0.06768721007318529,0.13296455119870834,0.1953125,False,0.11895861110900487,0.13556261391592964,0.24106527797898833,0.3046875,False,0.0,0.03857209243155062,0.5840094773111861,0.453125,False,0.0,0.006731021218852391,0.1138901625278298,0.453125,False,1.0,1.0,1.0,1.0,False
29,A,brightness_dark,0.1351075561823875,0.1195787082432328,0.2573735190205692,0.578125,False,0.059254096487850495,0.06085076823670009,0.14130660118608027,0.484375,False,0.1351075561823875,0.1195787082432328,0.2573735190205692,0.578125,False,0.0,0.10938378783882718,0.6226386821247155,0.328125,False,0.0,0.019339331258516466,0.12233408925329922,0.328125,False,1.0,1.0,1.0,1.0,False
29,A,contrast_low,0.12410897710686189,0.15234093071556276,0.2752153054166469,0.3671875,False,0.05019740631505003,0.07252284757773647,0.1469422318391135,0.265625,False,0.12410897710686189,0.15234093071556276,0.2752153054166469,0.3671875,False,0.0,0.11315727966552813,0.6955879049723794,0.375,False,0.0,0.02002056439062206,0.13897928795354347,0.375,False,1.0,1.0,1.0,1.0,False
29,A,gaussian_noise,0.10718797186406023,0.13428585607679455,0.23865114609925167,0.3046875,False,0.04270096113946883,0.0660987262651127,0.12303754771882387,0.1953125,False,0.10718797186406023,0.13428585607679455,0.23865114609925167,0.3046875,False,0.03306716855109729,0.10032648103860321,0.6762191453464343,0.390625,False,0.005764558818027329,0.01770793050361684,0.13452566346662992,0.390625,False,1.0,1.0,1.0,1.0,False
29,A,gaussian_blur,0.1271468249278164,0.14213801914619417,0.25174758997250274,0.3984375,False,0.050584123055216576,0.07270367849662518,0.1325048171374211,0.265625,False,0.1271468249278164,0.14213801914619417,0.25174758997250274,0.3984375,False,0.0,0.15271463689845002,0.624998704700602,0.328125,False,0.0,0.02722141074704229,0.12285879392932739,0.328125,False,1.0,1.0,1.0,1.0,False
29,B,clean,0.11895861110900487,0.1275265188617253,0.2929104992644088,0.4453125,False,0.04452213619456052,0.06472927048090288,0.1543190039446555,0.3046875,False,0.11895861110900487,0.1275265188617253,0.2929104992644088,0.4453125,False,0.0,0.0699334307232859,0.7522730502386563,0.34375,False,0.0,0.01227486808121954,0.15233937625952493,0.34375,False,1.0,1.0,1.0,1.0,False
29,B,brightness_dark,0.13772513196301783,0.13598947453454918,0.23225045169985273,0.5234375,False,0.06057783475647894,0.06790774610947561,0.13141554739448924,0.375,False,0.13772513196301783,0.13598947453454918,0.23225045169985273,0.5234375,False,0.0,0.09992710061564625,0.7445748332385722,0.359375,False,0.0,0.017638388500354443,0.15050828495892424,0.359375,False,1.0,1.0,1.0,1.0,False
29,B,contrast_low,0.12373349855803495,0.12794021770288844,0.26976227777195655,0.4453125,False,0.05041068588962235,0.06296334101677808,0.1471733272699075,0.296875,False,0.12373349855803495,0.12794021770288844,0.26976227777195655,0.4453125,False,0.0,0.07443297092516554,0.6622660039773399,0.390625,False,0.0,0.013074678097553027,0.1312972994344886,0.390625,False,1.0,1.0,1.0,1.0,False
29,B,gaussian_noise,0.10663341452382992,0.13739083360472698,0.28094781864429624,0.2421875,False,0.04270901490356392,0.06695468494504614,0.14072764188816578,0.1640625,False,0.10663341452382992,0.13739083360472698,0.28094781864429624,0.2421875,False,0.034447877357347556,0.15785799166739434,0.7489949512142838,0.3125,False,0.006006767876945686,0.028165651584531243,0.15156130246190064,0.3125,False,1.0,1.0,1.0,1.0,False
29,B,gaussian_blur,0.12396638714335845,0.13133314016959086,0.23625297956037514,0.4140625,False,0.04936605334163343,0.0663699096339195,0.12890788890306815,0.265625,False,0.12396638714335845,0.13133314016959086,0.23625297956037514,0.4140625,False,0.0,0.07747061252490434,0.6441769013845962,0.328125,False,0.0,0.013616096065660187,0.12718374982216354,0.328125,False,1.0,1.0,1.0,1.0,False
30,A,clean,0.28840590712809255,0.16170449262174114,0.2726653814052868,0.9765625,True,0.15478529538115132,0.06803531075131583,0.11609353381480517,1.0,True,0.3176951543812625,0.24913063120791384,0.35339989903325814,0.8515625,False,1.1096288655710191,0.5088497777259177,1.1021348095451349,0.9609375,True,0.2584461503604698,0.07329370559835441,0.2820465973911459,0.921875,False,0.0,1.0,1.0,0.4921875,False
30,A,brightness_dark,0.28470096864848865,0.1555460322746568,0.26124295315786716,0.984375,True,0.14598546866315235,0.068141418797253,0.1134989991161706,0.9921875,True,0.3125113347276017,0.24450500535410763,0.3468834170199531,0.8359375,False,1.6446835266734368,0.8382768716649784,1.5764409067730871,0.96875,True,0.45559850997974216,0.15749287330173256,0.4188590551957573,0.9765625,True,0.0,0.0,1.0,0.6171875,False
30,A,contrast_low,0.2578917859015101,0.15009954731637398,0.2731163252443392,0.9296875,False,0.14104685030519212,0.06574647557100621,0.11687761646545192,0.984375,True,0.3229027071797326,0.23874734981654597,0.3652792772896721,0.875,False,1.1931250830506355,0.9180763061628264,1.7075523465879598,0.75,False,0.3980037112943823,0.203967996285348,0.5007420597766852,0.8125,False,0.0,0.0,1.0,0.7265625,False
30,A,gaussian_noise,0.285204826662809,0.15815024622113683,0.2669084420453627,0.96875,True,0.15414102284032563,0.06650709052596354,0.11524790891005615,1.0,True,0.3143113525148614,0.24602365807160909,0.3475810475657383,0.8515625,False,0.9722531166290872,0.5580850177489605,1.2362627836555793,0.84375,False,0.20852489844824196,0.08556124902243017,0.33128804207459206,0.828125,False,0.0,0.0,1.0,0.5625,False
30,A,gaussian_blur,0.294734175890462,0.16762283569762582,0.2570785892041432,0.9921875,True,0.16027082746042579,0.06987432566234819,0.11471727929244423,1.0,True,0.32199254088560714,0.2594984505406302,0.3534061688241622,0.8671875,False,1.5207193786701039,0.6164586275501733,1.187416181466464,0.984375,True,0.4704359697068732,0.10821131193965106,0.3430880628580701,0.9921875,True,0.0,0.0,1.0,0.5625,False
30,B,clean,0.28840590712809255,0.1634478139061789,0.257869233833212,0.9765625,True,0.15478529538115132,0.06800350165839739,0.12028844130564958,1.0,True,0.3176951543812625,0.25448144745447737,0.3576184421347879,0.859375,False,1.1096288655710191,0.5817507052390258,1.1800341663851996,0.9296875,False,0.2584461503604698,0.09245518120202106,0.3262712951564289,0.8828125,False,0.0,0.0,1.0,0.625,False
30,B,brightness_dark,0.28681691326953623,0.14345725999994752,0.26829368559593975,0.96875,True,0.1464495682665081,0.06228194668559666,0.10772011230967087,1.0,True,0.3155560835793515,0.23811064048466477,0.3486564193697812,0.8828125,False,1.616490701668098,0.7317044089584455,1.5957840190341228,0.953125,True,0.4454272135264502,0.13617974524747978,0.42530240187837415,0.9609375,True,0.0,0.0,1.0,0.6640625,False
30,B,contrast_low,0.25890308994367456,0.16138063317699336,0.270664320049779,0.9296875,False,0.14255293763001659,0.06876047140624864,0.11738374714244319,0.984375,True,0.3306706417748974,0.2517667598881817,0.3549602269264666,0.9296875,False,1.1723282355241307,0.9943905966637503,1.7412001348921011,0.765625,False,0.3941430868897269,0.24166740735767445,0.5089481256132843,0.84375,False,0.0,0.0,1.0,0.6796875,False
30,B,gaussian_noise,0.28362082072033495,0.15434186296491675,0.26839203525673844,0.9765625,True,0.1532366088538008,0.06673983997496995,0.11713947444602754,0.9921875,True,0.31155753697920613,0.2443710633899864,0.33967671489846135,0.828125,False,0.9663067038024886,0.6377353136603027,1.2520657558944783,0.828125,False,0.20665185465669944,0.11657126350638292,0.34923277330660474,0.7734375,False,0.0,0.0,1.0,0.53125,False
30,B,gaussian_blur,0.2987048942168539,0.15228965348303786,0.2800284953200726,0.9765625,True,0.1625529405121389,0.06465950342544449,0.12172214178939354,1.0,True,0.3264655130565183,0.25279638013691275,0.3613380426709118,0.84375,False,1.524474728852541,0.50669723802013,1.1,0.984375,True,0.4714307586516845,0.08725446201167841,0.2881323480665181,0.984375,True,0.0,0.0,1.0,0.546875,False
31,A,clean,0.11536922586055681,0.13075482308688674,0.2787547978010472,0.34375,False,0.04655202783266559,0.06306837833888779,0.13381381564720593,0.2578125,False,0.11536922586055681,0.13075482308688674,0.2787547978010472,0.34375,False,0.0,0.1977770707143086,0.7961579674574792,0.2265625,False,0.0,0.03556117974386015,0.16296134889229455,0.2265625,False,1.0,1.0,1.0,1.0,False
31,A,brightness_dark,0.1338525998808982,0.13009288576680555,0.22129082247159004,0.53125,False,0.05797081094558509,0.062120675631824544,0.1132876539931476,0.4453125,False,0.1338525998808982,0.13009288576680555,0.22129082247159004,0.53125,False,0.0,0.22961094202883714,0.9047541869321682,0.1796875,False,0.0,0.04153757075116178,0.19032928918331743,0.1796875,False,1.0,1.0,1.0,1.0,False
31,A,contrast_low,0.12942261202468047,0.12416315761195981,0.26146849767152747,0.5390625,False,0.052183104279391865,0.05894159070126197,0.11680722088450186,0.3984375,False,0.12942261202468047,0.12416315761195981,0.26146849767152747,0.5390625,False,0.0,0.18380804183917832,0.8701081655525318,0.2421875,False,0.0,0.0329586096289816,0.18141652785940382,0.2421875,False,1.0,1.0,1.0,1.0,False
31,A,gaussian_noise,0.14224182182030295,0.1460820681119643,0.24910355869787879,0.4609375,False,0.05836675804899884,0.06789310552049282,0.12611326124355154,0.3828125,False,0.14224182182030295,0.1460820681119643,0.24910355869787879,0.4609375,False,0.0,0.16617039842262105,0.7948760895996093,0.2890625,False,0.0,0.0297016588944006,0.16264281291592153,0.2890625,False,1.0,1.0,1.0,1.0,False
31,A,gaussian_blur,0.10784242900637915,0.13785474310876245,0.23603251884071935,0.3125,False,0.04250479579611758,0.062312792478368365,0.11751382529604892,0.2265625,False,0.10784242900637915,0.13785474310876245,0.23603251884071935,0.3125,False,0.0,0.184835731676538,0.6541351031518493,0.2578125,False,0.0,0.03314966549955932,0.1294423694067368,0.2578125,False,1.0,1.0,1.0,1.0,False
31,B,clean,0.11536922586055681,0.14560486055368693,0.2543064051732501,0.2890625,False,0.04655202783266559,0.07144351629012487,0.13019786666252417,0.234375,False,0.11536922586055681,0.14560486055368693,0.2543064051732501,0.2890625,False,0.0,0.17480581638111006,0.7269240209393495,0.3046875,False,0.0,0.03129258622458714,0.14631867801216725,0.3046875,False,1.0,1.0,1.0,1.0,False
31,B,brightness_dark,0.13732001667788477,0.13439099645871067,0.23841400976669871,0.5390625,False,0.05914657224384805,0.06346533102768478,0.11092654377792012,0.40625,False,0.13732001667788477,0.13439099645871067,0.23841400976669871,0.5390625,False,0.0,0.1797348882440697,0.8696769263159951,0.25,False,0.0,0.03220308837523991,0.18147815616894522,0.25,False,1.0,1.0,1.0,1.0,False
31,B,contrast_low,0.12653902338733836,0.13021962492840777,0.24463099979303846,0.4765625,False,0.05146451706188706,0.06268781127026667,0.11303166046661929,0.34375,False,0.12653902338733836,0.13021962492840777,0.24463099979303846,0.4765625,False,0.0,0.21240621340567545,0.86964978663592,0.2578125,False,0.0,0.038297006535494546,0.18133919432042472,0.2578125,False,1.0,1.0,1.0,1.0,False
31,B,gaussian_noise,0.14052606779572413,0.13431861008384008,0.270482736486362,0.5546875,False,0.05779777806936467,0.061600101040611144,0.12379698460982577,0.4609375,False,0.14052606779572413,0.13431861008384008,0.270482736486362,0.5546875,False,0.0,0.12538344204329677,0.8052322778838215,0.2421875,False,0.0,0.022234671462071413,0.16518317809039948,0.2421875,False,1.0,1.0,1.0,1.0,False
31,B,gaussian_blur,0.1083841123018426,0.14162959364598174,0.25703047820125635,0.2734375,False,0.04283696122215082,0.06388628809491717,0.13021618741972787,0.2265625,False,0.1083841123018426,0.14162959364598174,0.25703047820125635,0.2734375,False,0.0,0.22834083032336763,0.6828738297275689,0.2734375,False,0.0,0.041300367807930935,0.13604373660502603,0.2734375,False,1.0,1.0,1.0,1.0,False
32,A,clean,0.10794875222645853,0.1510138074202833,0.24586616158766678,0.171875,False,0.05324710313852291,0.0668683726740835,0.11118159016569971,0.265625,False,0.25739456187835613,0.3255946869420422,0.43152753380152564,0.1171875,False,0.7402132309359383,0.8653206761483047,1.2036833944005285,0.3359375,False,0.1672148262258264,0.1897225257847407,0.2977257834387781,0.390625,False,1.0,1.0,1.0,1.0,False
32,A,brightness_dark,0.1618345822293067,0.15309269994916475,0.27289330056860167,0.546875,False,0.08034706977736054,0.06727559113005885,0.11913442137755684,0.6328125,False,0.29004418208581617,0.3153685795999251,0.4317398752586655,0.359375,False,0.917342636660097,0.8617460607548665,1.2910703685006109,0.5859375,False,0.23734492419010533,0.18439184194778568,0.34047057061846475,0.7421875,False,1.0,1.0,1.0,1.0,False
32,A,contrast_low,0.11218533486463104,0.14775663817401508,0.2803463628725835,0.1796875,False,0.06177925817790153,0.06528938713026253,0.11822061983384011,0.4609375,False,0.222837929878991,0.32270606438112753,0.4305735724660244,0.03125,False,0.8880196966360121,0.9011391944894476,1.3,0.4453125,False,0.20262295202661895,0.208898229202228,0.32736754072358604,0.4765625,False,1.0,0.0,1.0,1.0,False
32,A,gaussian_noise,0.08440519030261578,0.16120295787928024,0.26861092918634893,0.0625,False,0.04525731317176389,0.07281467341023914,0.11784382288077423,0.1796875,False,0.2662656355544517,0.33320759708424347,0.46626061022338877,0.078125,False,0.747838004064865,0.8391097620153921,1.2275833001484955,0.34375,False,0.19255084122013622,0.17967773841017654,0.3233302735692409,0.5703125,False,1.0,1.0,1.0,1.0,False
32,A,gaussian_blur,0.11392527210810272,0.16184948755343334,0.27405849152035716,0.203125,False,0.05175372588536511,0.07047668182991057,0.12485326676301092,0.234375,False,0.2568589239960094,0.3306841899897496,0.44823821589394425,0.0703125,False,0.6313328920987106,0.9055985907481998,1.2447888993289808,0.1171875,False,0.1294806994379154,0.19760380371652686,0.33011474795149376,0.109375,False,1.0,0.0,1.0,1.0,False
32,B,clean,0.10794875222645853,0.15614731084144529,0.2621183191325217,0.1484375,False,0.05324710313852291,0.0677289521347068,0.11779355142263008,0.296875,False,0.25739456187835613,0.3269408294780921,0.41903565164365236,0.0703125,False,0.7402132309359383,0.872770202022504,1.217637510529749,0.296875,False,0.1672148262258264,0.18613477081033347,0.31407390282147674,0.40625,False,1.0,0.0,1.0,1.0,False
32,B,brightness_dark,0.16514409733831037,0.16507720403219756,0.2727885986642793,0.5,False,0.08247439662298552,0.07057383359944605,0.12514105498372508,0.6875,False,0.2926724544655678,0.3289986064706458,0.46434441572158464,0.2578125,False,0.9374865882962197,0.9029187840364378,1.2328066086837044,0.5703125,False,0.24178541211534665,0.19586598232551589,0.3349604495763581,0.6796875,False,1.0,1.0,1.0,1.0,False
32,B,contrast_low,0.1292221362631849,0.1500486844194,0.2639793302508339,0.3359375,False,0.06932663791928587,0.06438965614411907,0.115745853670179,0.5546875,False,0.23098907638304544,0.31927835692623735,0.4449257711003681,0.0625,False,1.0,0.9971481207824197,1.269597604623349,0.71875,False,0.2708381976183776,0.22518561054791775,0.3436762582213123,0.78125,False,1.0,0.0,1.0,1.0,False
32,B,gaussian_noise,0.08252419265786595,0.1633243731548546,0.261576587317071,0.0546875,False,0.04550460508094515,0.06799535436187558,0.11455599860863601,0.140625,False,0.2659237117207397,0.3329574380269238,0.42790904315418016,0.1328125,False,0.7538827010015302,0.8456268658215422,1.2085444116132078,0.390625,False,0.1929966685174993,0.1765980998524359,0.3114939529168678,0.5859375,False,1.0,0.5,1.0,1.0,False
32,B,gaussian_blur,0.11379977184952714,0.16756183037712896,0.2726571935020316,0.140625,False,0.051192674469101127,0.07242758142448338,0.11680375337853255,0.171875,False,0.2568097142191518,0.3413950447809527,0.447630768023804,0.0546875,False,0.6330482042720491,0.9242020875973427,1.2685195234532056,0.1171875,False,0.12789311586477337,0.21004632884611063,0.31904913624759423,0.125,False,1.0,0.0,1.0,1.0,False
33,A,clean,0.20435180008678597,0.14214562285895171,0.23751287571502358,0.8828125,False,0.0817931748926634,0.05990397226854747,0.10745449805501753,0.8515625,False,0.2790705531117681,0.1859206947201163,0.2725378922595866,0.9609375,True,1.899241767250817,0.827507825112618,1.8154204254115498,0.9765625,True,0.6366514199404394,0.1842847627613612,0.5963485380272069,0.984375,True,0.0,1.0,1.0,0.265625,False
33,A,brightness_dark,0.19701068832578425,0.13320511835119825,0.23116161735918178,0.8203125,False,0.08007161239174507,0.0587650740071409,0.10066242294288491,0.78125,False,0.27788460603480547,0.18306992734357458,0.308037885731633,0.921875,False,1.9596507185694216,0.9910904795106351,1.9777240436368115,0.9453125,False,0.662172747161364,0.2233685069713202,0.6732718687189869,0.9453125,False,0.0,1.0,1.0,0.453125,False
33,A,contrast_low,0.14087267829008648,0.1281938821941205,0.22698413775889112,0.5703125,False,0.0688398505648718,0.05838248750054946,0.09661623570283583,0.6875,False,0.24133543723668938,0.17679489952133165,0.26565393212267213,0.8671875,False,1.761113260809653,0.7797671311852472,1.8227536894111687,0.90625,False,0.6006334213377174,0.16745310080847353,0.6068742630884412,0.9453125,False,0.0,1.0,1.0,0.3203125,False
33,A,gaussian_noise,0.17770514118258232,0.14296657947733826,0.2251167627239515,0.765625,False,0.06725532925051339,0.06111635703267177,0.1062561933045612,0.6484375,False,0.2613899430796588,0.18781421571535495,0.2673070496868431,0.9296875,False,1.7025572296556932,0.9822744887254685,1.8997559845443093,0.890625,False,0.4789466730479375,0.21568011196659848,0.6189187221503308,0.84375,False,0.0,1.0,1.0,0.3359375,False
33,A,gaussian_blur,0.21035233952521054,0.15262838848772992,0.24441700586944634,0.8828125,False,0.08309117474147293,0.06591220781344373,0.11024478697299418,0.765625,False,0.28783750556502197,0.1956872417990182,0.3205909615088046,0.90625,False,1.9172047891826118,0.7655596575371377,1.7000000000000002,0.9921875,True,0.6431757986963382,0.17573437670861192,0.5432872020222609,0.9921875,True,0.0,1.0,1.0,0.2421875,False
33,B,clean,0.20435180008678597,0.14817352598914363,0.22516487122168116,0.890625,False,0.0817931748926634,0.06265844912691018,0.09832134631060575,0.7421875,False,0.2790705531117681,0.19129747489390403,0.2835335457379575,0.9375,False,1.899241767250817,0.8197916027607071,1.7,0.984375,True,0.6366514199404394,0.18515964437081,0.5194767667133847,0.984375,True,0.0,1.0,1.0,0.28125,False
33,B,brightness_dark,0.20286329862699712,0.15247539913098945,0.2359355490497839,0.84375,False,0.08219488140653657,0.06477495679753818,0.10807072444981328,0.84375,False,0.28502347157781693,0.19379791963516071,0.3006609067282031,0.9296875,False,1.9590207179446193,1.0573942959292886,2.0,0.90625,False,0.6618379715654149,0.2473944519083402,0.6931471805599453,0.90625,False,0.0,1.0,1.0,0.4609375,False
33,B,contrast_low,0.157399114388786,0.14744720171252307,0.25065682091615693,0.59375,False,0.07748121963616011,0.06758218631543013,0.10942765409568192,0.6953125,False,0.25711844501181447,0.1920922894367298,0.2922746286686369,0.8984375,False,1.7664308130674664,0.9456382282920602,1.8985253578732533,0.875,False,0.6017232258983296,0.2108655016855165,0.6364733489842467,0.875,False,0.0,1.0,1.0,0.390625,False
33,B,gaussian_noise,0.17615005044721826,0.15437295144698893,0.23494726078795383,0.6640625,False,0.06682729186988615,0.06412802819812533,0.10201875747647579,0.5546875,False,0.257956070512764,0.19486327712318718,0.26235805653151684,0.9375,False,1.7126314336713457,1.0266985367096364,1.8716797909928145,0.90625,False,0.48319364604941417,0.23276955398638666,0.604134021098836,0.84375,False,0.0,1.0,1.0,0.40625,False
33,B,gaussian_blur,0.21170787243438233,0.16017438525258043,0.2455943448119688,0.8671875,False,0.08369765645066528,0.06438834796630138,0.10584546726302317,0.7578125,False,0.2890368961887756,0.196335786655927,0.30184904398983,0.9296875,False,1.916280661942812,0.8162870013078511,1.7258982331028847,0.984375,True,0.642823064900459,0.18397850418493916,0.5829434829870473,0.984375,True,0.0,1.0,1.0,0.234375,False
34,A,clean,0.1380358390625376,0.14635503937245836,0.27554402776031095,0.4140625,False,0.0536693418633418,0.06369032432525568,0.11049466566368213,0.2890625,False,0.27726275137319356,0.23038736926427947,0.33547154323874717,0.78125,False,0.6503964679395592,0.8056907884116715,1.7000000000000002,0.3984375,False,0.12899191583475522,0.17594998078714846,0.5628036514732337,0.296875,False,1.0,1.0,1.0,1.0,False
34,A,brightness_dark,0.17485276390576732,0.14589202216325198,0.23749934939095801,0.734375,False,0.06842908119195146,0.06167379651643431,0.10607032503960653,0.609375,False,0.29864023726458666,0.21872064412227799,0.3058026709267885,0.9375,False,0.6617460915307865,1.0703984019090127,1.7988640567045096,0.2421875,False,0.10807807844826556,0.25340974989251036,0.6090591909601056,0.0859375,False,1.0,0.0,1.0,1.0,False
34,A,contrast_low,0.21331733428268004,0.13590309550086443,0.2197859068012641,0.9140625,False,0.08658801949177337,0.060307477359792264,0.09888259557838813,0.875,False,0.340302372718328,0.2172614627488183,0.2971713936195907,1.0,True,1.3947989599764377,0.7635540151121489,1.8004047755243024,0.7578125,False,0.3676944765708947,0.17595467886544153,0.6054038436201586,0.765625,False,1.0,1.0,1.0,1.0,False
34,A,gaussian_noise,0.09780173764041941,0.15191022895174588,0.2559925434578117,0.1328125,False,0.03891166854602598,0.06362829321739928,0.11134517586365539,0.1015625,False,0.2165734561476404,0.22590230473235437,0.34659020366764987,0.4375,False,0.5003534591766295,1.0441820404144893,1.8714160126298645,0.171875,False,0.08079307743233155,0.22729594584716373,0.6290591776063231,0.109375,False,1.0,1.0,1.0,1.0,False
34,A,gaussian_blur,0.15117440661009085,0.15625463830502434,0.25349566474423657,0.453125,False,0.06075406011892136,0.06475038331285768,0.1165548016854575,0.4296875,False,0.27126376785144923,0.23059767844877171,0.34119906947916967,0.75,False,0.8960293748907748,0.9079184816832689,1.7000000000000002,0.484375,False,0.18118176683945086,0.19507270782388553,0.5672500944439737,0.453125,False,1.0,1.0,1.0,1.0,False
34,B,clean,0.1380358390625376,0.14021701671012776,0.24354322090058117,0.484375,False,0.0536693418633418,0.059442266329264457,0.10568446914281314,0.3515625,False,0.27726275137319356,0.23014339227983752,0.3495341285205098,0.8125,False,0.6503964679395592,0.7733984565051677,1.7000156473107926,0.3984375,False,0.12899191583475522,0.16297480200115722,0.5481097177287089,0.34375,False,1.0,1.0,1.0,1.0,False
34,B,brightness_dark,0.17473556557609127,0.14314988388281086,0.23299061452966968,0.6875,False,0.06856826236801873,0.059098454399582286,0.10040562497169882,0.6328125,False,0.299050962178369,0.221892044734274,0.3118439724348723,0.921875,False,0.6508350811093234,0.9654412930081802,1.7308042440235112,0.2734375,False,0.10276730155186153,0.23251116477474992,0.5719306653900444,0.1484375,False,1.0,1.0,1.0,1.0,False
34,B,contrast_low,0.21648054785327187,0.138209125506578,0.22864920795551213,0.921875,False,0.08698353302384336,0.05922655095286525,0.10713458912219984,0.8125,False,0.3456781351182384,0.2181868902657414,0.3173484612601035,0.984375,True,1.3762970829490053,0.7476300874368993,1.7000000000000002,0.8359375,False,0.35907071172709637,0.17379094782008148,0.5463427167098629,0.8359375,False,1.0,1.0,1.0,1.0,False
34,B,gaussian_noise,0.0913937129749682,0.14153760485734845,0.24652550656873498,0.15625,False,0.03666360376730593,0.0579093330700861,0.11167372492335995,0.125,False,0.21294534069097587,0.21517388313130936,0.32439178366983523,0.4921875,False,0.45841602484128985,0.8907075043106322,1.7000000000000002,0.15625,False,0.07177374411200044,0.1899538246414293,0.5474800692676527,0.09375,False,1.0,1.0,1.0,1.0,False
34,B,gaussian_blur,0.15795090078262772,0.15735736303116446,0.26748273023729574,0.5,False,0.0634480939672475,0.06689272417699835,0.12327930734297951,0.421875,False,0.27552225351292525,0.24002115771120358,0.3280581858406441,0.7578125,False,0.9361823671554976,0.8066471689553338,1.727954150896027,0.578125,False,0.19635442939600645,0.17431386602999327,0.5634566289022538,0.546875,False,1.0,1.0,1.0,1.0,False
35,A,clean,0.20531493693727315,0.1387504763125404,0.2790786154492988,0.7578125,False,0.09482970887726638,0.064181503799701,0.1432070484333198,0.7578125,False,0.24176243973403705,0.19771811328727473,0.33679314417145895,0.6875,False,0.277409146910943,0.28645736654678833,0.8618779846955399,0.4921875,False,0.009665279770537105,0.02312941064669799,0.20053078956603396,0.3515625,False,0.0,1.0,1.0,0.3828125,False
35,A,brightness_dark,0.18781884407127633,0.1340188442994423,0.22348129767554256,0.78125,False,0.0825890786548831,0.0649844142764329,0.11202821492072353,0.6953125,False,0.23775701927197967,0.18543560534129896,0.3142447572209151,0.8203125,False,0.21752018060359884,0.34184703194045796,0.9834266600058301,0.3125,False,0.005926553434085435,0.03185088194782926,0.2342261077005424,0.234375,False,0.0,1.0,1.0,0.4296875,False
35,A,contrast_low,0.10954910924644606,0.13852826581902672,0.25099806748847553,0.2890625,False,0.05661168682410197,0.06297184578556471,0.11991245488111507,0.3515625,False,0.15010933120951478,0.20097862813039358,0.3203257281529026,0.234375,False,0.12755346062443867,0.377529437964656,0.9349439460953385,0.1015625,False,0.0020914092236714588,0.031965812724447706,0.23341439442588569,0.09375,False,1.0,1.0,1.0,1.0,False
35,A,gaussian_noise,0.1814950085942016,0.14368091602934252,0.2506345756441668,0.75,False,0.08550112440860874,0.0668413441768281,0.12598753645708696,0.6953125,False,0.21319675328574234,0.19840539990818562,0.30531610011422294,0.609375,False,0.2682512488927341,0.30964648806773365,0.8786411841005566,0.4453125,False,0.009032686275335489,0.029751822514259174,0.2170097455137317,0.28125,False,0.0,1.0,1.0,0.34375,False
35,A,gaussian_blur,0.15941155621502287,0.138657644294617,0.29089655343170107,0.59375,False,0.0838644995447752,0.0689633464299054,0.151689491391203,0.65625,False,0.21465578334823476,0.2075912484278545,0.31376040544888084,0.578125,False,0.33557892118884397,0.34614005866398956,0.9202280802309837,0.46875,False,0.014210340335395921,0.03873553936476615,0.21556476989639675,0.265625,False,0.0,1.0,1.0,0.46875,False
35,B,clean,0.20531493693727315,0.1474284695152488,0.23995453446181253,0.8359375,False,0.09482970887726638,0.06636700731058966,0.12860545513945107,0.7734375,False,0.24176243973403705,0.2038009299072185,0.3012950715147456,0.8046875,False,0.277409146910943,0.33194474387088824,0.7384668082604796,0.4375,False,0.009665279770537105,0.029881743567164,0.1617263788420348,0.3359375,False,0.0,1.0,1.0,0.3828125,False
35,B,brightness_dark,0.19083969273085433,0.12630215458205413,0.26971848145508365,0.75,False,0.08395097185071206,0.05999612763997008,0.1398996868826406,0.703125,False,0.24103262856027408,0.18714474937573725,0.30078552262552016,0.7734375,False,0.21900377497615597,0.32884118877919577,0.9049599459573269,0.3125,False,0.006007918766611886,0.03248324568297267,0.2295077500032217,0.2265625,False,0.0,0.5,1.0,0.5,False
35,B,contrast_low,0.12043676400451417,0.14021107085148943,0.24997083204090725,0.375,False,0.0566472235081962,0.06778421518455274,0.11921707340889369,0.3984375,False,0.14794722858295167,0.1992203937220362,0.29337954402228367,0.1875,False,0.07491926049594705,0.38099957712335697,0.8254959050984115,0.0859375,False,0.0007153080511502763,0.041891449261347635,0.15665574221280124,0.0859375,False,1.0,1.0,1.0,1.0,False
35,B,gaussian_noise,0.18208020839980826,0.13978789284138232,0.26145664324604206,0.734375,False,0.08518928398723244,0.06537900519185585,0.13029599759834398,0.6953125,False,0.21082990144798172,0.2009132727962234,0.3115946440720256,0.5546875,False,0.26505092736617825,0.3263244741735893,0.8603232896754338,0.4296875,False,0.008816852833206656,0.026305082059423113,0.19505809541335065,0.3125,False,0.0,1.0,1.0,0.421875,False
35,B,gaussian_blur,0.15770914946215425,0.12412713426444617,0.2591064257299529,0.640625,False,0.08381972151889006,0.057977569734802954,0.13422770688344862,0.703125,False,0.21472827621578475,0.20124640390954757,0.3078841131095475,0.578125,False,0.3367949244467103,0.27595127086251847,0.8892916403876509,0.609375,False,0.014315240627737258,0.026775944516899464,0.17754671198743907,0.4140625,False,0.0,1.0,1.0,0.4609375,False
36,A,clean,0.17463759135818882,0.14584535806040427,0.23780926060066881,0.671875,False,0.0714500115004254,0.06283566562407406,0.10131979867305227,0.6015625,False,0.30774583717807574,0.2703529948479787,0.3691490032460322,0.7578125,False,1.1112057635084316,0.5693273912723937,1.013698449619726,0.9765625,True,0.24814246206978163,0.11553782734854418,0.236300493510806,0.9765625,True,1.0,1.0,1.0,1.0,False
36,A,brightness_dark,0.15505939746518002,0.14948310389960462,0.23880248275274027,0.515625,False,0.06424982624986368,0.06180307065055088,0.10429646891491952,0.53125,False,0.3176008690882008,0.2727052071043484,0.348204019150375,0.84375,False,1.0046153505642006,0.5508257229091255,1.0478486881990605,0.921875,False,0.2088588143562915,0.11584130707522028,0.22824134223831433,0.8984375,False,1.0,1.0,1.0,1.0,False
36,A,contrast_low,0.11513211857800412,0.14001227789631998,0.24377773053533713,0.328125,False,0.050173902792889795,0.060867992969766305,0.11252228392458967,0.3203125,False,0.2521468234287269,0.2753953114324039,0.36833503314436805,0.3828125,False,1.2703525088235157,0.7542569476185338,1.2278323542126721,0.96875,True,0.29038135111008834,0.15442573844149077,0.2947839230069757,0.9453125,False,0.0,1.0,1.0,0.1796875,False
36,A,gaussian_noise,0.1700049049575604,0.1529803351592786,0.2293179990962647,0.6640625,False,0.06273006811649275,0.06345314468498489,0.09785079436218933,0.484375,False,0.2974267829457161,0.27993265876777573,0.3868467915817697,0.6328125,False,1.0841314262852444,0.5700268068918621,1.05042302659478,0.953125,True,0.24898159470045345,0.11476254163114141,0.23826029618646172,0.96875,True,1.0,1.0,1.0,1.0,False
36,A,gaussian_blur,0.16590411772262384,0.1698289960354743,0.28561269090238006,0.46875,False,0.066319198992569,0.07129781785054294,0.12201150363105688,0.4609375,False,0.2990873376011912,0.2883350486176732,0.4161655186755224,0.578125,False,1.1316699176449942,0.6206446495459452,1.1246746656083189,0.9453125,True,0.25796524730319614,0.1310941453138526,0.2584602478671772,0.9453125,False,1.0,1.0,1.0,1.0,False
36,B,clean,0.17463759135818882,0.152038899576166,0.25754398755661767,0.6796875,False,0.0714500115004254,0.06460895753886065,0.10293935030766713,0.6484375,False,0.30774583717807574,0.2716306790934244,0.3659398486339938,0.7734375,False,1.1112057635084316,0.5160672329843379,1.0845065802350748,0.953125,True,0.24814246206978163,0.10567536621874629,0.25298979523090176,0.9453125,False,1.0,1.0,1.0,1.0,False
36,B,brightness_dark,0.1577178268211267,0.1487678619530249,0.24139117974100985,0.5546875,False,0.06570850629392519,0.06393321483577119,0.10392182666542689,0.53125,False,0.3214142321786747,0.2710190485914641,0.3685438991237731,0.7734375,False,1.019999711551127,0.4997731215244586,1.1297649806604777,0.9140625,False,0.2135977962141895,0.10814809172704176,0.23391528834534403,0.890625,False,1.0,1.0,1.0,1.0,False
36,B,contrast_low,0.11865820613045167,0.1409296306054481,0.23250603646461235,0.3359375,False,0.05057343408982899,0.06280501424269491,0.10934633471205855,0.328125,False,0.251512650152225,0.2772841221196102,0.38154163806367,0.328125,False,1.2418891817266586,0.6956753708105463,1.2040523647552506,0.96875,True,0.2746735290571469,0.1472195332581927,0.28904505962951504,0.921875,False,1.0,1.0,1.0,1.0,False
36,B,gaussian_noise,0.16596364626251264,0.1580909486208743,0.23668019280584238,0.53125,False,0.0613466288129668,0.0648241156767922,0.10350909098686581,0.421875,False,0.2956401097247093,0.26505572984025294,0.34919178047358773,0.6484375,False,1.0961195432989996,0.4993670863129991,1.0085988934329757,0.984375,True,0.2520914549114679,0.10795298629758276,0.23148312743027818,0.984375,True,1.0,1.0,1.0,1.0,False
36,B,gaussian_blur,0.16765219738642095,0.15459853127778583,0.26514112931226397,0.5703125,False,0.06728907003806409,0.06634952633089465,0.1178834968897583,0.5078125,False,0.3006952246057623,0.28160360084160574,0.3860298308180197,0.5703125,False,1.1304427284062255,0.5541747765871314,1.1233671296952994,0.9453125,True,0.2572649062129295,0.12026297589258994,0.2349289219084604,0.96875,True,1.0,1.0,1.0,1.0,False
37,A,clean,0.14751160680153852,0.16251003326829458,0.26627847014740796,0.375,False,0.060975603183099115,0.07253333492361767,0.12475002963436228,0.3203125,False,0.18068926174778266,0.236977907423511,0.3528517942905937,0.125,False,0.6236651760578885,1.1314489833128447,1.8730431441116562,0.2109375,False,0.0957117069195077,0.253799770665815,0.6172131600577118,0.1015625,False,0.0,0.0,1.0,0.5625,False
37,A,brightness_dark,0.1358605111252429,0.15402290805486563,0.25262189593724416,0.3359375,False,0.05719406305258707,0.0654265559041696,0.11342933083702286,0.34375,False,0.19143319783406526,0.23795262507178339,0.34396642666367366,0.21875,False,1.0344015545496963,1.3737029123812752,1.9,0.2734375,False,0.22797791866174233,0.43181959131759895,0.6467331129124548,0.2265625,False,0.0,0.0,1.0,0.703125,False
37,A,contrast_low,0.18875433805950909,0.15460102323371316,0.24594810705543135,0.765625,False,0.07846434005099885,0.07118285266621988,0.11988788163657604,0.640625,False,0.22888967129108495,0.2288635083178663,0.32440771591822776,0.5078125,False,0.8491040942880554,1.4000000000000001,1.9928538860542702,0.171875,False,0.1609693464299462,0.4150108470239842,0.685042787879874,0.109375,False,0.0,0.0,1.0,0.71875,False
37,A,gaussian_noise,0.13343413095502818,0.16328124896499288,0.24709373379094096,0.359375,False,0.058054221160992125,0.0711641860982104,0.11346138269616164,0.34375,False,0.17704939054609953,0.23138375355598972,0.3243456510118744,0.1953125,False,0.8538676598539219,1.0759214791054323,1.9,0.34375,False,0.14854479915491692,0.2582757243046495,0.6473624627647353,0.2578125,False,0.0,0.0,1.0,0.5625,False
37,A,gaussian_blur,0.15842316725359562,0.16152482731511278,0.2682445149504195,0.4765625,False,0.06654472610679338,0.06877304146738158,0.12290202660759564,0.453125,False,0.1958707466507557,0.23333436144350153,0.36048104292822636,0.2734375,False,1.0514648492850849,1.0556949936348194,1.9,0.4921875,False,0.21670101264155905,0.246706630620521,0.6465480055402737,0.421875,False,0.0,0.0,1.0,0.5390625,False
37,B,clean,0.14751160680153852,0.15667902458215288,0.26909252126778727,0.390625,False,0.060975603183099115,0.06828241984826672,0.11990054826429648,0.3203125,False,0.18068926174778266,0.2397748909817926,0.3413621903659235,0.09375,False,0.6236651760578885,1.1003496347830903,1.8212551354332842,0.1484375,False,0.0957117069195077,0.26898345863605233,0.5664783526935069,0.1015625,False,0.0,0.0,1.0,0.5703125,False
37,B,brightness_dark,0.13610989522553815,0.15112281571018174,0.25853269809992924,0.359375,False,0.05730557930499288,0.0667409189212643,0.11550272180649733,0.328125,False,0.1937346993744553,0.23651203954288855,0.3363848048268195,0.1875,False,1.0331743693635365,1.4,1.9,0.2578125,False,0.22783682145230255,0.43112272191231893,0.6295637325542052,0.2421875,False,0.0,0.0,1.0,0.7265625,False
37,B,contrast_low,0.19087272113450918,0.13773743048961595,0.23315751410808475,0.8125,False,0.08000381552214329,0.0639666133700552,0.11313106370999651,0.7109375,False,0.22934908673686305,0.21320515140475726,0.3441897140860264,0.59375,False,1.0613932962285013,1.3688989419283408,1.9413031430306396,0.296875,False,0.22502499515720276,0.4114258358996947,0.6656971415199022,0.21875,False,0.0,0.0,1.0,0.671875,False
37,B,gaussian_noise,0.13125688635670685,0.14740497957535476,0.23204468894664296,0.3828125,False,0.05706290627138523,0.0657163686362556,0.10359646245628985,0.390625,False,0.17573915682967708,0.22518639627267406,0.3060709949112651,0.171875,False,0.8651019744273305,1.1821418095403382,1.9,0.2734375,False,0.1527475358383057,0.2950261440223838,0.6509968299917719,0.1953125,False,0.0,0.0,1.0,0.6484375,False
37,B,gaussian_blur,0.15967655787782697,0.14995006395280033,0.241093316351532,0.5859375,False,0.06699004269662016,0.061945036920381724,0.11627464147676195,0.59375,False,0.19700745597304767,0.22873977282143215,0.34560794656425176,0.28125,False,1.108350019242919,1.1409219603303928,1.9,0.4765625,False,0.24105925801966777,0.28198800957981685,0.6418712084353543,0.421875,False,0.0,0.0,1.0,0.5859375,False
38,A,clean,0.10130877494571716,0.14726550303939073,0.2239603141584686,0.1484375,False,0.03780594386171394,0.06938995510926478,0.11494953777192295,0.0546875,False,0.10130877494571716,0.14726550303939073,0.2239603141584686,0.1484375,False,0.031150344466845725,0.1636109696407605,0.6024520341868567,0.3359375,False,0.005428504921053727,0.029229586099689536,0.11784437834536551,0.3359375,False,1.0,1.0,1.0,1.0,False
38,A,brightness_dark,0.051367377519266004,0.133570057348961,0.2583512366452172,0.03125,False,0.0239540098630372,0.06423140629531193,0.12514327572206874,0.0390625,False,0.051367377519266004,0.133570057348961,0.2583512366452172,0.03125,False,0.0,0.26900726713142764,1.0225288857893995,0.140625,False,0.0,0.04904427644366137,0.22207894659553437,0.140625,False,1.0,1.0,1.0,1.0,False
38,A,contrast_low,0.15865521661399112,0.1300872765237938,0.23576672480259192,0.7421875,False,0.08210342422610775,0.06005914303354881,0.11100954634475715,0.7734375,False,0.15865521661399112,0.1300872765237938,0.23576672480259192,0.7421875,False,0.4107075853896005,0.1784811032025002,0.8516832101326738,0.7421875,False,0.077057530083737,0.031970797349922794,0.176748475327439,0.7421875,False,1.0,1.0,1.0,1.0,False
38,A,gaussian_noise,0.1336850663114879,0.13760256088162026,0.23914312706482233,0.453125,False,0.053090697950996,0.060727705726317485,0.11860222663133109,0.359375,False,0.1336850663114879,0.13760256088162026,0.23914312706482233,0.453125,False,0.1026292805864133,0.07641917839894607,0.6515241811665846,0.53125,False,0.01812215467764361,0.013428894443997925,0.12884945096305073,0.53125,False,1.0,1.0,1.0,1.0,False
38,A,gaussian_blur,0.1335059852841877,0.13836703554530028,0.2746697090026044,0.4765625,False,0.0585267615526405,0.06574798815264835,0.13633754226800615,0.40625,False,0.1335059852841877,0.13836703554530028,0.2746697090026044,0.4765625,False,0.16937475105280897,0.20496148477229992,0.749677478307102,0.4765625,False,0.03028684633978579,0.036901634722541085,0.15171891090785244,0.4765625,False,1.0,1.0,1.0,1.0,False
38,B,clean,0.10130877494571716,0.1471726557205298,0.26188154350548504,0.21875,False,0.03780594386171394,0.06929539934643428,0.1378854846494931,0.140625,False,0.10130877494571716,0.1471726557205298,0.26188154350548504,0.21875,False,0.031150344466845725,0.16965802706070265,0.8519933745468602,0.3359375,False,0.005428504921053727,0.03033928298837109,0.17682546094522356,0.3359375,False,1.0,1.0,1.0,1.0,False
38,B,brightness_dark,0.052893992435121565,0.12087930460104049,0.24738139039132062,0.03125,False,0.024605357485059428,0.05686618519927157,0.12665094427952064,0.0390625,False,0.052893992435121565,0.12087930460104049,0.24738139039132062,0.03125,False,0.0,0.2764430579409295,0.9074602937891342,0.109375,False,0.0,0.05047182771772721,0.1910610625583362,0.109375,False,1.0,1.0,1.0,1.0,False
38,B,contrast_low,0.1486040272198053,0.12597578610815519,0.24068163243570145,0.6328125,False,0.07769812877999815,0.05649574267788578,0.11987216771070369,0.71875,False,0.1486040272198053,0.12597578610815519,0.24068163243570145,0.6328125,False,0.3946589478955702,0.146596515286734,0.8216478118436902,0.7265625,False,0.07380019264562676,0.026104272539472693,0.16923559299739305,0.7265625,False,1.0,1.0,1.0,1.0,False
38,B,gaussian_noise,0.13316417086471805,0.1385301181469174,0.24357727414480973,0.453125,False,0.05337363360493365,0.0650855556284648,0.11811417659699636,0.3046875,False,0.13316417086471805,0.1385301181469174,0.24357727414480973,0.453125,False,0.10792658736833616,0.13002747674938198,0.7833250351150617,0.4453125,False,0.019076398818413928,0.023078247806211108,0.15982676367046594,0.4453125,False,1.0,1.0,1.0,1.0,False
38,B,gaussian_blur,0.1338187323499837,0.14719009782915576,0.25438868866718733,0.4140625,False,0.05945276122875068,0.07036840995577284,0.12009889641524195,0.359375,False,0.1338187323499837,0.14719009782915576,0.25438868866718733,0.4140625,False,0.17641861955645188,0.17118525934427353,0.6976234089017201,0.515625,False,0.03158886467660507,0.03062170258085513,0.1394510350224342,0.515625,False,1.0,1.0,1.0,1.0,False
39,A,clean,0.08950998752743711,0.1590673535141335,0.2866719431802208,0.0546875,False,0.036460273855511365,0.06698907471137502,0.13022306915026313,0.046875,False,0.08950998752743711,0.1590673535141335,0.2866719431802208,0.0546875,False,0.024925262214374744,0.30782212791600405,1.164173113725134,0.1328125,False,0.004338755319314561,0.05655318291054398,0.2633113770834092,0.1328125,False,1.0,1.0,1.0,1.0,False
39,A,brightness_dark,0.09067749381844338,0.1480380290207639,0.26034305689371573,0.0859375,False,0.03806273175273121,0.06435403835049866,0.11725653331678508,0.078125,False,0.09067749381844338,0.1480380290207639,0.26034305689371573,0.0859375,False,0.07632575346976767,0.19350058716169893,1.3253408983772073,0.2734375,False,0.013411848919540337,0.034761185976025816,0.3157910570872906,0.2734375,False,1.0,1.0,1.0,1.0,False
39,A,contrast_low,0.0825450435383742,0.1475298055331173,0.2645403578782156,0.1015625,False,0.032931188117029074,0.06334503239845576,0.11942052787070326,0.1015625,False,0.0825450435383742,0.1475298055331173,0.2645403578782156,0.1015625,False,0.12360437031304285,0.3539864019375657,1.5528357537988393,0.21875,False,0.02191175128911549,0.06564395083233601,0.4022498626408562,0.21875,False,1.0,1.0,1.0,1.0,False
39,A,gaussian_noise,0.08609196073798556,0.15801051302016805,0.2826324842932632,0.0703125,False,0.034007354229435065,0.06714929208006712,0.12584831927138382,0.0703125,False,0.08609196073798556,0.15801051302016805,0.2826324842932632,0.0703125,False,0.05998411654780319,0.30450734159208426,1.1030923139557245,0.1953125,False,0.010508612001781936,0.05590845314569229,0.24501423722000798,0.1953125,False,1.0,1.0,1.0,1.0,False
39,A,gaussian_blur,0.1021494026397429,0.15766963459615796,0.28743731594106264,0.1640625,False,0.04035128169916922,0.06841746715308591,0.1299972003721346,0.1328125,False,0.1021494026397429,0.15766963459615796,0.28743731594106264,0.1640625,False,0.10268150873520847,0.3348308236520243,1.043607130486805,0.2421875,False,0.01813155365684571,0.061854493858293585,0.22790070866253395,0.2421875,False,1.0,1.0,1.0,1.0,False
39,B,clean,0.08950998752743711,0.15329695320166256,0.30272541005120807,0.1015625,False,0.036460273855511365,0.06579910148036094,0.13049204472756318,0.1015625,False,0.08950998752743711,0.15329695320166256,0.30272541005120807,0.1015625,False,0.024925262214374744,0.3488166296709874,1.2343261564214678,0.1484375,False,0.004338755319314561,0.0646177982841142,0.2852443404165597,0.1484375,False,1.0,1.0,1.0,1.0,False
39,B,brightness_dark,0.09248811992243643,0.16930608117200224,0.29575296652850347,0.1015625,False,0.038068738520865536,0.07062217377600888,0.12489809165176968,0.09375,False,0.09248811992243643,0.16930608117200224,0.29575296652850347,0.1015625,False,0.0727269384431497,0.286351468932883,1.258559576093912,0.2734375,False,0.012770976312918653,0.05238367518046791,0.293112864028819,0.2734375,False,1.0,1.0,1.0,1.0,False
39,B,contrast_low,0.07933934834072616,0.1472959940587748,0.29422967438970177,0.0390625,False,0.032666178237831404,0.06665946246520903,0.13079427854531794,0.046875,False,0.07933934834072616,0.1472959940587748,0.29422967438970177,0.0390625,False,0.14001966658891574,0.4263318083250662,1.4188585062856385,0.2109375,False,0.024898595188904526,0.08025116694541004,0.3490065588179045,0.2109375,False,1.0,1.0,1.0,1.0,False
39,B,gaussian_noise,0.0856484263943893,0.15796103382884621,0.27582145765016847,0.0703125,False,0.034068432282114834,0.07036828312077724,0.12513439878130966,0.0546875,False,0.0856484263943893,0.15796103382884621,0.27582145765016847,0.0703125,False,0.06087821905558275,0.40260974069188604,1.5991842368301814,0.21875,False,0.0106670035113587,0.07541113768806315,0.4228165796235587,0.21875,False,1.0,1.0,1.0,1.0,False
39,B,gaussian_blur,0.10295861151609118,0.16599169798912558,0.3111316986667994,0.0703125,False,0.04053240450277401,0.07337146001915291,0.12969492629070337,0.0625,False,0.10295861151609118,0.16599169798912558,0.3111316986667994,0.0703125,False,0.11033570177876112,0.34619857834765483,0.9618109715117441,0.2421875,False,0.019511000712300636,0.06409812246907859,0.20541064836348072,0.2421875,False,1.0,1.0,1.0,1.0,False
40,A,clean,0.07368724597475597,0.14572447673030248,0.22364277222359316,0.0546875,False,0.03292798573471678,0.06551377651687479,0.11505470855952603,0.0546875,False,0.07368724597475597,0.14572447673030248,0.22364277222359316,0.0546875,False,1.2545694974947947,0.9565162267807708,2.0,0.6875,False,0.29179156057093014,0.20397439415719115,0.6931471805599453,0.6875,False,0.0,1.0,1.0,0.4140625,False
40,A,brightness_dark,0.08664184219242874,0.1315698345909927,0.244801941413993,0.1484375,False,0.04182647860546142,0.06079779738098998,0.11098232358948215,0.2421875,False,0.08664184219242874,0.1315698345909927,0.244801941413993,0.1484375,False,0.3755817294988495,1.3016263175869123,2.0,0.09375,False,0.06995707374086163,0.30740939001554585,0.6931471805599454,0.09375,False,1.0,0.0,1.0,1.0,False
40,A,contrast_low,0.09506829499105302,0.14589846545244806,0.2642628391947191,0.234375,False,0.041715928696939866,0.07306446846792206,0.12248404228495569,0.203125,False,0.09506829499105302,0.14589846545244806,0.2642628391947191,0.234375,False,1.5045538741416937,1.1362188234527542,2.0,0.6796875,False,0.3822321230069883,0.2548675406722111,0.6931471805599454,0.6796875,False,0.0,1.0,1.0,0.4765625,False
40,A,gaussian_noise,0.07801703695548545,0.14042602687333355,0.23905754243409919,0.09375,False,0.03096353678059487,0.0645486333416096,0.11525505798911012,0.0859375,False,0.07801703695548545,0.14042602687333355,0.23905754243409919,0.09375,False,1.35574805905952,0.9691246594270744,2.0,0.6328125,False,0.3260970965457659,0.20736493739037898,0.6931471805599453,0.6328125,False,0.0,1.0,1.0,0.4375,False
40,A,gaussian_blur,0.10817889583418536,0.13903120943298247,0.23565853085269184,0.28125,False,0.04849590056806375,0.06355871269967171,0.11602456337421144,0.2890625,False,0.10817889583418536,0.13903120943298247,0.23565853085269184,0.28125,False,0.985436746312043,1.0485929900388653,2.0,0.46875,False,0.21177927250075024,0.22933495921459335,0.6931471805599454,0.46875,False,1.0,1.0,1.0,1.0,False
40,B,clean,0.07368724597475597,0.14104939544380338,0.2599528244764749,0.0625,False,0.03292798573471678,0.06311410948849283,0.13214763508990388,0.0703125,False,0.07368724597475597,0.14104939544380338,0.2599528244764749,0.0625,False,1.2545694974947947,0.9161454423146286,2.0,0.6796875,False,0.29179156057093014,0.1933005273313747,0.6931471805599453,0.6796875,False,0.0,1.0,1.0,0.3828125,False
40,B,brightness_dark,0.08794906511727034,0.11848805468612322,0.23359774028657015,0.28125,False,0.042144786087174514,0.053340036669074165,0.10611180658236098,0.3203125,False,0.08794906511727034,0.11848805468612322,0.23359774028657015,0.28125,False,0.3747238876083172,1.1359623394175307,2.0,0.0703125,False,0.06978499100777313,0.25474860092628465,0.6931471805599454,0.0703125,False,1.0,1.0,1.0,1.0,False
40,B,contrast_low,0.08539586213823186,0.14220662593293704,0.24372069991057282,0.140625,False,0.040822797210350176,0.06889878196268498,0.1114645635086495,0.203125,False,0.08539586213823186,0.14220662593293704,0.24372069991057282,0.140625,False,1.5030343031444593,1.2554594606975704,2.0,0.6171875,False,0.38161839236127737,0.2920817268126364,0.6931471805599454,0.6171875,False,0.0,0.0,1.0,0.53125,False
40,B,gaussian_noise,0.07942686891571668,0.13366836465999993,0.2405289433129268,0.15625,False,0.03126834312165716,0.06126835761811471,0.12776513290882238,0.125,False,0.07942686891571668,0.13366836465999993,0.2405289433129268,0.15625,False,1.3739982827811947,0.9864792046048451,2.0,0.6484375,False,0.3325891313255024,0.2120642073529863,0.6931471805599453,0.6484375,False,0.0,1.0,1.0,0.4375,False
40,B,gaussian_blur,0.10752110861933781,0.1386874098314459,0.2541377856643963,0.2734375,False,0.04909637374505408,0.06339642635720806,0.1145044294284997,0.3203125,False,0.10752110861933781,0.1386874098314459,0.2541377856643963,0.2734375,False,0.961026879436881,0.9551401378364217,2.0,0.5078125,False,0.20518189512965657,0.20360560355539906,0.6931471805599454,0.5078125,False,1.0,1.0,1.0,1.0,False
41,A,clean,0.23458764902609397,0.14249512007366896,0.22467152841764834,0.953125,True,0.09811139357326497,0.059396513899574385,0.10167685503676574,0.9296875,False,0.38221875346772705,0.23095626629827098,0.3256860111807843,0.9921875,True,1.7000000000000002,1.0006158766542783,1.7851723161060042,0.9296875,False,0.5881800286207661,0.2354130687169208,0.5991847073152065,0.9375,False,0.0,1.0,1.0,0.3203125,False
41,A,brightness_dark,0.2124824590975296,0.14419318053804858,0.23309520185374671,0.9296875,False,0.09598140769750635,0.06107892758884291,0.10787926174930167,0.921875,False,0.3763442354797781,0.235696720156593,0.3549697291878649,0.9609375,True,1.6999999999999997,1.394156871393955,1.9,0.71875,False,0.5685870362575143,0.35857175351995674,0.6331072566355102,0.7578125,False,0.0,0.0,1.0,0.640625,False
41,A,contrast_low,0.1941541623668516,0.13977458711761098,0.25353844354486677,0.7734375,False,0.09933260469223022,0.06158685534163809,0.1218217582800745,0.8671875,False,0.32926667507869894,0.25192349030219596,0.34422789072493565,0.8671875,False,1.1406030384699155,1.1717978003958258,1.9,0.484375,False,0.27941002630486356,0.28014674060994155,0.6365557532249719,0.5,False,0.0,0.0,1.0,0.5234375,False
41,A,gaussian_noise,0.21315073603820678,0.1578344659159911,0.26163007448322084,0.859375,False,0.09171189142159414,0.07092120026801596,0.1150347820590815,0.7890625,False,0.34023227710601905,0.2455489606113137,0.34883321973597864,0.9296875,False,1.7,1.001720284822212,1.9,0.828125,False,0.5776562966762622,0.2379598394011268,0.6437421887242025,0.8671875,False,0.0,1.0,1.0,0.421875,False
41,A,gaussian_blur,0.1781573617405516,0.14710681331219796,0.24341676092476563,0.734375,False,0.07977976322141028,0.06189129459869787,0.1044631023964131,0.75,False,0.32862634474786423,0.2357641935037147,0.3322921984511271,0.921875,False,1.7000000000000002,1.009750498606059,1.8883387498287516,0.8984375,False,0.5839030880844367,0.2264019115882686,0.614601980236957,0.9296875,False,0.0,1.0,1.0,0.3828125,False
41,B,clean,0.23458764902609397,0.14522587435751727,0.2504269911612762,0.921875,False,0.09811139357326497,0.06279775503918247,0.11807956252391863,0.890625,False,0.38221875346772705,0.24168703359975066,0.3365068907576323,1.0,True,1.7000000000000002,1.148248724171874,1.8988380265554632,0.875,False,0.5881800286207661,0.26615362668770826,0.6244618766922496,0.9140625,False,0.0,1.0,1.0,0.4765625,False
41,B,brightness_dark,0.21270595179017196,0.1448460987963126,0.2411093039878145,0.8671875,False,0.09604106362371921,0.06390713508537244,0.10611430458704418,0.8984375,False,0.3783508891845562,0.23743272799195192,0.36174956297730004,0.96875,True,1.7,1.3265813770139827,1.9,0.703125,False,0.570990507986131,0.3323792170975012,0.6349823142483774,0.7421875,False,0.0,0.0,1.0,0.59375,False
41,B,contrast_low,0.2067162777212474,0.14995846291883153,0.25427024702592793,0.859375,False,0.10136374623717474,0.06271919546515672,0.1143227703977245,0.90625,False,0.34186414190298337,0.2518235647801268,0.3434138523067161,0.9453125,False,1.211319791828116,1.177695214421509,1.9,0.515625,False,0.2979528560551312,0.27974307391029807,0.6301699051574147,0.53125,False,0.0,0.0,1.0,0.5390625,False
41,B,gaussian_noise,0.20978865541586195,0.14444429116045326,0.23062679779312953,0.90625,False,0.09010567094806958,0.06343762561508542,0.10458845765079636,0.8671875,False,0.33460061022425813,0.2472041887524645,0.33747790570955,0.9375,False,1.7000000000000002,1.0903300427552183,1.7833723906977803,0.90625,False,0.5787010843776209,0.25483693848195854,0.5877839516989167,0.921875,False,0.0,1.0,1.0,0.4140625,False
41,B,gaussian_blur,0.1781385675875734,0.14592391538962302,0.23464498490891206,0.7109375,False,0.07905970512587154,0.06161243379291656,0.10669282318542925,0.7109375,False,0.32962752831696107,0.24275594395800826,0.32119945977466735,0.9609375,True,1.7,0.9746685161430482,1.8148576544002974,0.921875,False,0.5828193231031324,0.22741408254899287,0.5916352435182273,0.9453125,False,0.0,1.0,1.0,0.3203125,False
42,A,clean,0.2219757319387449,0.15516210208463566,0.24353017216693335,0.8828125,False,0.08929423286153187,0.06512947515892353,0.11743304331851581,0.8046875,False,0.2544024758860598,0.24807460946776705,0.36210646649743244,0.546875,False,0.7279983909420404,0.4152093960130284,1.2536687775847613,0.7734375,False,0.17395785305689526,0.07692859406749741,0.31521278801483027,0.828125,False,1.0,1.0,1.0,1.0,False
42,A,brightness_dark,0.24798777026483737,0.1533901358902598,0.31940792560198056,0.875,False,0.09561282088090056,0.0647772310289188,0.13868197006321417,0.7890625,False,0.29036635743662254,0.2528962493998069,0.3876686866297428,0.6875,False,0.4039349663966247,0.4878537745050144,1.2165514200185599,0.4140625,False,0.08198008262719503,0.09460663839328981,0.3184130425998461,0.453125,False,1.0,1.0,1.0,1.0,False
42,A,contrast_low,0.2015741614654723,0.1616181193747307,0.2739158720610561,0.7421875,False,0.09439359150658692,0.0741339425653054,0.12428293340458825,0.7578125,False,0.2766598789823782,0.24915075379145868,0.37210638566127013,0.6640625,False,1.3648763177926921,0.6130866505394501,1.5017010022381174,0.9296875,False,0.4621820904557412,0.12588780877346073,0.45965291193495655,0.953125,True,0.0,0.5,1.0,0.5,False
42,A,gaussian_noise,0.2124743367606189,0.15253735087195638,0.27037404376280133,0.8046875,False,0.09116213670586212,0.06920971623866123,0.12555782409389976,0.7421875,False,0.2646634707889169,0.2602996755374215,0.3713094818887123,0.5390625,False,0.8627459385823038,0.47241754219901805,0.9154986932986174,0.890625,False,0.20981836433172485,0.07654014521083868,0.23680705925683576,0.9140625,False,0.0,1.0,1.0,0.359375,False
42,A,gaussian_blur,0.23230062166049287,0.16340454535836135,0.26809346901862185,0.8359375,False,0.09545764454777028,0.07300487944586564,0.12206200926471496,0.7890625,False,0.25542807430862385,0.2543008321681818,0.3703594763193199,0.5078125,False,0.6721978002412954,0.48909457185984884,1.2015083609486246,0.7265625,False,0.16059869584213615,0.08330255210032877,0.29977386635153147,0.828125,False,1.0,1.0,1.0,1.0,False
42,B,clean,0.2219757319387449,0.17495564478995757,0.2809824991126122,0.765625,False,0.08929423286153187,0.07669227863451475,0.1285102321099569,0.703125,False,0.2544024758860598,0.2679767895959916,0.3740837412703989,0.40625,False,0.7279983909420404,0.3956623252107705,1.1965414626876076,0.8203125,False,0.17395785305689526,0.07605147346253927,0.29315131143931367,0.8359375,False,1.0,1.0,1.0,1.0,False
42,B,brightness_dark,0.24780806881397793,0.14810521222326933,0.26576052787649446,0.9140625,False,0.09536706721897593,0.06754486636630125,0.11973765073300825,0.8359375,False,0.2912753245739535,0.2448872716772057,0.3508092237424055,0.78125,False,0.40375908773034186,0.46314294632378544,1.2320045252101992,0.4453125,False,0.0804030647573144,0.08436293898751024,0.3390300891852451,0.4765625,False,1.0,1.0,1.0,1.0,False
42,B,contrast_low,0.1979483502536288,0.15992954057949305,0.29243194085614155,0.6953125,False,0.0907775429329586,0.07295039341709075,0.13947180435791054,0.6953125,False,0.26397261045500725,0.2520952115021549,0.3848880591816435,0.5546875,False,1.3688303892300984,0.700389575168423,1.3741566492214101,0.9453125,False,0.46291813741445353,0.1280880279720591,0.4392367355298256,0.9609375,True,0.0,0.0,1.0,0.5078125,False
42,B,gaussian_noise,0.21082051131708962,0.1600751360433659,0.2634279565588167,0.78125,False,0.0910799034409088,0.0712552460408595,0.11952613493957244,0.75,False,0.263185128941737,0.25242513958663043,0.35220407768659917,0.6171875,False,0.8264363500761784,0.44451814356054853,1.0830758634466564,0.859375,False,0.1999687115741,0.07639494930868584,0.27297466498999373,0.890625,False,0.0,1.0,1.0,0.328125,False
42,B,gaussian_blur,0.23262759525417934,0.16676763119835433,0.2786562702252592,0.828125,False,0.09543499331497539,0.07467408062077611,0.12884724611275888,0.7578125,False,0.2558304932744506,0.26418822489757177,0.380463557029362,0.484375,False,0.6663062393988979,0.5137167350983749,1.12604217480731,0.6484375,False,0.15928475063156178,0.09573545632953273,0.2899018724933038,0.7109375,False,1.0,1.0,1.0,1.0,False
43,A,clean,0.07673574799168453,0.17124086338703898,0.275643196694783,0.0234375,False,0.033181829414784654,0.07297399723738618,0.12097947676403129,0.0234375,False,0.20615632137815176,0.231382603188742,0.33372491930882514,0.359375,False,0.29304787828534745,1.0262026669817113,1.523615846056718,0.0078125,False,0.05410590313424646,0.3010108156385488,0.4430147114919876,0.0234375,False,1.0,1.0,1.0,1.0,False
43,A,brightness_dark,0.05864273747141841,0.15365519679827871,0.24890505246424768,0.0078125,False,0.0238317427000901,0.06855427273761008,0.11356095373410537,0.0078125,False,0.18632223353371744,0.20834695025819028,0.3311367056201362,0.3359375,False,0.34936649123937796,0.8653813415221923,1.569876896854069,0.0859375,False,0.07211112093109628,0.2780061623733661,0.45804161545610095,0.125,False,1.0,1.0,1.0,1.0,False
43,A,contrast_low,0.09893814955175011,0.16327670316783952,0.2921516047993132,0.1484375,False,0.03886042001747299,0.07289454928918401,0.12178257423051214,0.09375,False,0.21561858180295784,0.21450533247964484,0.3497821635863162,0.5234375,False,1.3574377079204694,1.0182303011844769,1.7257928521336916,0.7734375,False,0.39526990415843766,0.316006039912331,0.5161042557797747,0.78125,False,0.0,1.0,1.0,0.40625,False
43,A,gaussian_noise,0.061888764349560026,0.1674053858302279,0.27955415128188055,0.0,False,0.024574312218908077,0.0721561194817755,0.12274867552704116,0.0,False,0.19176504131881905,0.22344079823676283,0.3267855375181784,0.2265625,False,0.5191513031454499,0.8654272054479522,1.569107330333765,0.0703125,False,0.10257049198978252,0.2802880388959597,0.4577679565980582,0.078125,False,1.0,1.0,1.0,1.0,False
43,A,gaussian_blur,0.10467676306209145,0.16004400097135757,0.2794894819288684,0.1015625,False,0.04316168215005388,0.07035924014496414,0.1233090020466782,0.09375,False,0.20973037119598364,0.2175680819684379,0.3613178824664846,0.4296875,False,1.157060691799192,0.9189114459684407,1.624043138180372,0.765625,False,0.27536466331216314,0.28590378374745506,0.47677819091196183,0.421875,False,0.0,1.0,1.0,0.234375,False
43,B,clean,0.07673574799168453,0.1596345284510064,0.2627698889679663,0.0546875,False,0.033181829414784654,0.0680638255925552,0.1169666132798457,0.0703125,False,0.20615632137815176,0.2308874129454912,0.3334204772302421,0.3515625,False,0.29304787828534745,0.9986993968436173,1.4293470361856522,0.0078125,False,0.05410590313424646,0.2954967708957799,0.41492314418349785,0.0078125,False,1.0,1.0,1.0,1.0,False
43,B,brightness_dark,0.05960221541751094,0.1539059106618774,0.24336685778821882,0.0,False,0.0243142969796568,0.06524016097373377,0.10905036362080676,0.0,False,0.1872305595830482,0.2190282971936613,0.34632547505696426,0.2890625,False,0.32714534940609624,0.874438208472637,1.4699606442077164,0.0625,False,0.06650200181919541,0.28221928497136073,0.426648507802495,0.078125,False,1.0,1.0,1.0,1.0,False
43,B,contrast_low,0.10455515561168663,0.16193263174181421,0.3355414390823047,0.140625,False,0.04262150192145965,0.0695673269944225,0.14805442415497014,0.09375,False,0.2225782225532378,0.21871916720442622,0.3650712844656776,0.53125,False,1.422183293349455,0.976916989328217,1.6319221590505133,0.859375,False,0.41287800761008464,0.30735117590376115,0.4796433722625788,0.859375,False,0.0,1.0,1.0,0.328125,False
43,B,gaussian_noise,0.06011283589729694,0.15867891987120625,0.2776084237980224,0.0234375,False,0.023932030236655757,0.07006761197350932,0.11978090949206287,0.0234375,False,0.18967953556419132,0.22163883088837016,0.3320320802860315,0.2578125,False,0.5132405988477831,0.8881240354507314,1.6091865214431988,0.0859375,False,0.10095119630089822,0.2876292767228431,0.47153513099721667,0.0625,False,1.0,1.0,1.0,1.0,False
43,B,gaussian_blur,0.10809390243684945,0.16852322843070122,0.27079925457143517,0.1328125,False,0.04449927112457295,0.07355287435917168,0.12866641510555962,0.1171875,False,0.2118965177844157,0.2319904430914378,0.3256532580444821,0.3828125,False,1.2517706927971588,0.9126038217235268,1.4444921104636699,0.8125,False,0.3185601814786716,0.2936451976576965,0.41498715386077295,0.640625,False,0.0,1.0,1.0,0.2109375,False
44,A,clean,0.16287319126283137,0.1475556124783448,0.23300407601241377,0.609375,False,0.0885160569785928,0.06666263188241409,0.11604799882729736,0.765625,False,0.23207858194702966,0.2215578888033619,0.33040113440791785,0.5859375,False,1.0613515269903802,0.7618020417612201,1.2286593042603833,0.7109375,False,0.25457424454037514,0.13542706468125287,0.3932761433670683,0.703125,False,0.0,0.0,1.0,0.7109375,False
44,A,brightness_dark,0.16815210301652117,0.1353901802288412,0.22109268049989236,0.703125,False,0.07811757184275954,0.061167124691188623,0.1124217853839721,0.71875,False,0.22926868690029056,0.21554674935866427,0.3250051887772596,0.625,False,0.7443627885265665,0.8862186330007706,1.2983262772039355,0.40625,False,0.17117951642300566,0.1905500708786711,0.4184567705017973,0.4765625,False,0.0,0.0,1.0,0.78125,False
44,A,contrast_low,0.19254724031594073,0.13085538619183015,0.2437473571826103,0.796875,False,0.10378623833143232,0.062345724575284436,0.1182262176789203,0.8671875,False,0.24231857625019415,0.21969814322984782,0.3264118771717176,0.640625,False,1.1719884082287226,0.9769011831823069,1.4615957280505343,0.671875,False,0.33242194703125616,0.20959638591618057,0.43765564268323776,0.6875,False,0.0,0.0,1.0,0.8046875,False
44,A,gaussian_noise,0.14890505572535312,0.14682374171168977,0.2557367535865284,0.5078125,False,0.0787798290992021,0.06824386470640295,0.13032339155509393,0.6640625,False,0.2304398441407628,0.2330654979061182,0.3404334099908784,0.484375,False,1.1806974929513656,0.8801221041871533,1.2653276339488118,0.7421875,False,0.35238690370616754,0.17828759234553526,0.41204140496600833,0.8203125,False,0.0,0.0,1.0,0.7890625,False
44,A,gaussian_blur,0.1879954313142084,0.14223009709057258,0.2680638305359134,0.7109375,False,0.0986964194100397,0.06374624266511678,0.12967566068386108,0.796875,False,0.2496717660796426,0.23350034282723298,0.3454105893531412,0.609375,False,1.0849777088780361,0.7505914560316063,1.2627972300633103,0.6953125,False,0.313201067243136,0.14689873131460773,0.3809749662878076,0.765625,False,0.0,0.0,1.0,0.7109375,False
44,B,clean,0.16287319126283137,0.14751508115013984,0.257830146571387,0.6015625,False,0.0885160569785928,0.06449388928283736,0.12838047747400208,0.734375,False,0.23207858194702966,0.2362781750344341,0.35591563062839304,0.453125,False,1.0613515269903802,0.7305286916353817,1.4642057450579238,0.6875,False,0.25457424454037514,0.12449131369218713,0.40085407837780956,0.6875,False,0.0,0.0,1.0,0.7265625,False
44,B,brightness_dark,0.16910125419784988,0.12993637164139846,0.20677954176381666,0.71875,False,0.07801331747779498,0.059920841768407104,0.09843573159162064,0.7734375,False,0.2305456452871229,0.21754885049443168,0.3126566955478025,0.609375,False,0.7563456141275018,0.7822617429503333,1.3046533595606207,0.46875,False,0.17629247887749733,0.15075074813100542,0.42360161981362654,0.5390625,False,0.0,0.0,1.0,0.7265625,False
44,B,contrast_low,0.19582314000677192,0.1363578561710661,0.25070079389033195,0.8125,False,0.10511134202384768,0.06278808945601926,0.11726251666895357,0.90625,False,0.24696946491458793,0.22277143241999373,0.34193400717936107,0.6484375,False,1.2000000000000002,0.9140371083705636,1.438343642120997,0.8828125,False,0.3532396180247115,0.17978125978746273,0.4547849040917774,0.7578125,False,0.0,0.0,1.0,0.859375,False
44,B,gaussian_noise,0.14774826639078828,0.1405794818046111,0.24855225962688757,0.5390625,False,0.07868895869265419,0.06370997941306894,0.12407380375749173,0.640625,False,0.2273581846869474,0.23086024646948827,0.3282274947816706,0.4765625,False,1.1810228639713136,0.8015525668717909,1.2229715117371438,0.8203125,False,0.35159533670858845,0.14821831665085072,0.3627759004502889,0.9296875,False,0.0,0.0,1.0,0.75,False
44,B,gaussian_blur,0.18928296511368772,0.14525641372327505,0.2516403562999287,0.796875,False,0.09976748712871193,0.06116278767578404,0.11606215458853165,0.859375,False,0.2514045467201202,0.2284066476081847,0.35840882838695776,0.625,False,1.0852306950782165,0.7144363068402203,1.3220972209521018,0.7578125,False,0.31461089877989856,0.12575230621764544,0.3818833588087359,0.8046875,False,0.0,0.0,1.0,0.671875,False
45,A,clean,0.13061518149442763,0.1479232774994687,0.27064162232578143,0.375,False,0.06929917950140593,0.06577878863719275,0.11427722191822601,0.546875,False,0.23356148538693564,0.23878555961469378,0.34687797797643627,0.484375,False,0.7903309308795813,0.400743069244843,1.1161560676835074,0.828125,False,0.15311918349289821,0.10267456548803383,0.22256083014436737,0.78125,False,1.0,1.0,1.0,1.0,False
45,A,brightness_dark,0.11691025123469646,0.1538728478779896,0.2781245984157856,0.1875,False,0.060662208782935864,0.06463710789921778,0.11394979704421389,0.421875,False,0.22609971445100613,0.24218091790954976,0.3532595022349975,0.3515625,False,1.540255657495414,0.40908801411141116,1.134405369553813,0.9921875,True,0.3612860380307694,0.1136768522727189,0.2577156473662704,0.9921875,True,0.0,1.0,1.0,0.0546875,False
45,A,contrast_low,0.14210245222220044,0.15424029142811965,0.2893674611128941,0.375,False,0.07384455253448319,0.06782659870203334,0.12033661527294791,0.578125,False,0.2236764313868403,0.24854080668549533,0.35221798725758974,0.359375,False,0.5978409464154915,0.4,1.2392395233950488,0.6796875,False,0.17454354508133207,0.11625613145667729,0.292847192117444,0.7421875,False,1.0,1.0,1.0,1.0,False
45,A,gaussian_noise,0.12303603538419802,0.16535494176547885,0.2766060888548603,0.2421875,False,0.06445831246160871,0.0721189674736004,0.11919029836492245,0.4140625,False,0.23836518722984112,0.2504356643584712,0.36379825015610645,0.4140625,False,0.6911310569649965,0.39999999999999997,1.0831698002189474,0.8203125,False,0.13205322049556711,0.10753674976790967,0.2209699643715293,0.6640625,False,1.0,1.0,1.0,1.0,False
45,A,gaussian_blur,0.12921639119876877,0.15870482940609407,0.2562286046454955,0.2890625,False,0.06873647155933221,0.06606819593395788,0.11511257940899676,0.5390625,False,0.2374256141519251,0.23965624588344703,0.3602512693391952,0.484375,False,0.7218554514499194,0.39999999999999997,1.000653924195046,0.8515625,False,0.1582708300543776,0.11253497465680473,0.22409134259935692,0.8203125,False,1.0,1.0,1.0,1.0,False
45,B,clean,0.13061518149442763,0.15850106794300922,0.2445741049875129,0.328125,False,0.06929917950140593,0.06650622019553454,0.11279638696486717,0.5234375,False,0.23356148538693564,0.24488377017098262,0.36153488635503067,0.4140625,False,0.7903309308795813,0.39999999999999997,0.8873383348160869,0.90625,False,0.15311918349289821,0.10050961761601407,0.17539097952601163,0.8671875,False,1.0,1.0,1.0,1.0,False
45,B,brightness_dark,0.11747493891248595,0.16844239033433328,0.26823597795643506,0.203125,False,0.06128773839331831,0.07195048016384688,0.11791581254803969,0.34375,False,0.22805935609229933,0.2556304485871239,0.35473654905144797,0.3046875,False,1.5558840778876941,0.44274747513564583,1.2656167781935486,0.9765625,True,0.368307632359379,0.12001580755803759,0.2882480555980361,0.96875,True,0.0,1.0,1.0,0.109375,False
45,B,contrast_low,0.14287549988328285,0.15865096269843287,0.278532681625098,0.4296875,False,0.07474836706771584,0.06577323713301761,0.12847051133032283,0.59375,False,0.22949147952332347,0.2416536372595416,0.33891468636081107,0.40625,False,0.5731989568181992,0.39999999999999997,1.5661744061708331,0.6484375,False,0.16988204938368,0.11043467376341809,0.40422044575115434,0.7109375,False,1.0,1.0,1.0,1.0,False
45,B,gaussian_noise,0.12024903715936913,0.1584798241369102,0.2588305873468007,0.2578125,False,0.06354884588348544,0.06915807595517094,0.11363321490260983,0.4296875,False,0.23657372552529324,0.2413169111108158,0.3544929843691889,0.46875,False,0.6920420983994877,0.418654190106596,1.0726598159514062,0.7265625,False,0.13232551378941304,0.10780954406147797,0.24547165957673814,0.6484375,False,1.0,1.0,1.0,1.0,False
45,B,gaussian_blur,0.1311276602320787,0.15919282466236684,0.2674155475818869,0.328125,False,0.06947091185798467,0.06562557724631699,0.11113919214686979,0.5390625,False,0.23945937080155427,0.2603649912896011,0.36071563628536013,0.3671875,False,0.7310559073068953,0.4,1.107982770592102,0.875,False,0.16022113489325318,0.10582821161540162,0.24057105717895758,0.84375,False,1.0,1.0,1.0,1.0,False
46,A,clean,0.18284448311518525,0.16112908217112348,0.25848048050853256,0.6171875,False,0.07548152770625685,0.0718023005792411,0.11497619663841559,0.5625,False,0.23459783847392304,0.21344507406129798,0.318570793964724,0.6484375,False,0.2201575566245132,0.3679579460521899,1.1669257756673184,0.328125,False,0.033012643759131266,0.07516377163534532,0.2494269347201429,0.0703125,False,1.0,1.0,1.0,1.0,False
46,A,brightness_dark,0.15960900244614076,0.14588720464651445,0.25429597057698233,0.59375,False,0.06986164253478784,0.0639648244996382,0.11402813938768035,0.5546875,False,0.22622161827165174,0.2032579428186715,0.3214340950559029,0.6953125,False,0.8051376432060888,0.5555571739461493,1.1759673342034453,0.7578125,False,0.1060548386099972,0.11072790911293462,0.2490214388514348,0.46875,False,1.0,1.0,1.0,1.0,False
46,A,contrast_low,0.17281667962388633,0.14757290571408405,0.24734869305233909,0.734375,False,0.07554815101251311,0.06391970275881007,0.11568024707626687,0.7109375,False,0.2210233973076719,0.19890954426967872,0.3074710884040126,0.6796875,False,0.8279977144666198,0.6097360251942093,1.9,0.6484375,False,0.1370880009314197,0.12753587638939973,0.620996549539221,0.546875,False,1.0,1.0,1.0,1.0,False
46,A,gaussian_noise,0.16666214111206204,0.15608822460328306,0.2542715635084663,0.6328125,False,0.0720562296764803,0.06562664694696328,0.11327635890789182,0.6328125,False,0.22436143207161324,0.2033200685254118,0.3087254074782876,0.6796875,False,0.14160131157499534,0.42861975752742165,1.0296064025962928,0.046875,False,0.02495263960434324,0.08306856119690537,0.2251782173478279,0.0546875,False,1.0,1.0,1.0,1.0,False
46,A,gaussian_blur,0.1429702212592188,0.1599410677303838,0.303215308569962,0.375,False,0.062051438866425536,0.068330155844614,0.12603398585009223,0.390625,False,0.19900465367573508,0.2195846549508475,0.3532759481277603,0.328125,False,0.17309365861203674,0.4267589469735656,1.3170706690169074,0.03125,False,0.02795146214413935,0.08518455293480051,0.32258319112059036,0.03125,False,1.0,1.0,1.0,1.0,False
46,B,clean,0.18284448311518525,0.1598351396842565,0.2631224381338945,0.65625,False,0.07548152770625685,0.06759541831211537,0.11517568193528069,0.6328125,False,0.23459783847392304,0.207436439248756,0.29655905812716554,0.6484375,False,0.2201575566245132,0.2965795745361788,1.1605187092363138,0.390625,False,0.033012643759131266,0.0656903391140706,0.2591175671951223,0.109375,False,1.0,1.0,1.0,1.0,False
46,B,brightness_dark,0.15776517673772245,0.1473105930278693,0.23472285169926946,0.5703125,False,0.06891520685729835,0.06321303243175738,0.1141850339323128,0.59375,False,0.22704400146040402,0.20514651404170742,0.30287123049391684,0.65625,False,0.7545146010420702,0.46762990199439614,1.2124057522700942,0.734375,False,0.09364419035207194,0.0949151101016023,0.2623719046473035,0.5,False,1.0,1.0,1.0,1.0,False
46,B,contrast_low,0.17670404750661312,0.1403020558653409,0.28517288527608126,0.7109375,False,0.07807973352316509,0.06055288109861266,0.1264941957262999,0.703125,False,0.22626278950718365,0.20127812220556832,0.34109005049938684,0.625,False,0.9121863046824221,0.6831062276183275,1.9018604077207952,0.6484375,False,0.15613495268930266,0.13826469731110302,0.6529855049317496,0.546875,False,0.0,1.0,1.0,0.2734375,False
46,B,gaussian_noise,0.16361300631067374,0.14953843931939736,0.2592507106169891,0.6015625,False,0.07108403796502834,0.062034124569937135,0.10935398746409543,0.6484375,False,0.22076287000577616,0.20298564839715721,0.31026503901099955,0.609375,False,0.11541781923044059,0.3148651562819109,1.089628832158514,0.015625,False,0.022740802488346312,0.07580148517860855,0.20710544344270812,0.03125,False,1.0,1.0,1.0,1.0,False
46,B,gaussian_blur,0.14382860113397142,0.14858580338185595,0.24347564454606763,0.4453125,False,0.06279234866645696,0.06437939058412152,0.10710657631328267,0.4765625,False,0.20025545795843613,0.20507895885092137,0.2983499344077851,0.46875,False,0.18070635739999508,0.42720924266156846,1.3248602756044445,0.0859375,False,0.028725823870898393,0.09082294215022646,0.320276999399099,0.0546875,False,1.0,1.0,1.0,1.0,False
47,A,clean,0.14557726231751628,0.1551025533492078,0.26946335464107973,0.4296875,False,0.06618883030288306,0.06941243773077374,0.1265923601696035,0.4609375,False,0.23817950425485657,0.3072667477528476,0.40266221721659895,0.046875,False,0.8925761274609137,0.6172802841950521,1.068432111306906,0.859375,False,0.2038196948691373,0.11378203028877054,0.2761447266832002,0.875,False,1.0,1.0,1.0,1.0,False
47,A,brightness_dark,0.07809513298279377,0.1405905273004339,0.2513921237056321,0.09375,False,0.03432042858958972,0.06318627805932805,0.12092861785017307,0.0859375,False,0.18312019780810135,0.2959311322997769,0.39287654788459764,0.015625,False,0.8872119953182764,0.5929481360630348,1.0827050887214313,0.8359375,False,0.2706371420663152,0.10342963119048643,0.2622936732205095,0.953125,True,1.0,1.0,1.0,1.0,False
47,A,contrast_low,0.1322797849338403,0.1492955546068236,0.2555080087208696,0.40625,False,0.0564040030469382,0.06860794549286367,0.13015091488322236,0.359375,False,0.3183007624091547,0.30917806622941807,0.44015364753979175,0.5546875,False,0.9999999999999999,0.6054319840950351,1.089963675529352,0.8671875,False,0.30055387846753856,0.11019082608830699,0.2503617853209515,0.9921875,True,1.0,1.0,1.0,1.0,False
47,A,gaussian_noise,0.1446215365754966,0.14554823544737966,0.24323425750463026,0.4921875,False,0.06775958276567073,0.06500574240589385,0.12059516138238112,0.5625,False,0.27067224155507874,0.3047542282925207,0.4158718872498923,0.2734375,False,0.9188284293910921,0.5493347931661581,1.1109932934913063,0.875,False,0.21260672022628047,0.08909062543320978,0.2559831743729229,0.890625,False,1.0,1.0,1.0,1.0,False
47,A,gaussian_blur,0.13945174270400554,0.1453025919051816,0.23620319949538585,0.4609375,False,0.059908127602684096,0.06477836518172721,0.1110145780960096,0.453125,False,0.28666406424276214,0.29875014979201636,0.3998611390793471,0.4296875,False,0.8862953266914484,0.5514769190590805,1.0128441588363855,0.859375,False,0.19455026867874348,0.10352853734315137,0.21898148085227284,0.8984375,False,1.0,1.0,1.0,1.0,False
47,B,clean,0.14557726231751628,0.14723090100637465,0.2569609505683695,0.484375,False,0.06618883030288306,0.06405794317678762,0.12255308543172772,0.5234375,False,0.23817950425485657,0.3084886990500014,0.39564299987669027,0.1640625,False,0.8925761274609137,0.5587715547817533,0.9710852464829973,0.9140625,False,0.2038196948691373,0.09758561768811524,0.20869081504357875,0.9375,False,1.0,1.0,1.0,1.0,False
47,B,brightness_dark,0.07932431461004127,0.146330618151565,0.22670746841064918,0.109375,False,0.03489950995398085,0.06450708173405097,0.12133134696687477,0.125,False,0.1850478082577985,0.29406890117879736,0.3783579782566785,0.0078125,False,0.8901439571011458,0.5627356486517956,1.0811226684473854,0.875,False,0.27233090006788374,0.10772871707534926,0.2606429733558746,0.953125,True,1.0,1.0,1.0,1.0,False
47,B,contrast_low,0.14658157250321957,0.1526004345386518,0.2557680846823539,0.484375,False,0.05962344788891838,0.07015689271730835,0.12546408126712524,0.375,False,0.3188646794480223,0.3124144063665335,0.4185030168533682,0.578125,False,0.8474104589954039,0.6284174826510763,1.2024204141914032,0.7421875,False,0.20291875874949472,0.11430474778137167,0.28734814694931243,0.828125,False,1.0,1.0,1.0,1.0,False
47,B,gaussian_noise,0.14293532842440881,0.14962473871297818,0.255214113481401,0.4453125,False,0.06668100787236249,0.06695391402720346,0.12812016496171286,0.484375,False,0.2695703035312613,0.30843868969780225,0.403483670758311,0.2578125,False,0.9224927254477259,0.6147517189932605,1.029118702888363,0.8515625,False,0.21450762954196478,0.10438214257461476,0.2354389291122524,0.921875,False,1.0,1.0,1.0,1.0,False
47,B,gaussian_blur,0.13918334940978278,0.14933453579867806,0.2561248116584851,0.4453125,False,0.06017277161772925,0.06681914273431053,0.13020618367536488,0.4453125,False,0.2855033050264192,0.3179080033577256,0.39645448372981407,0.2890625,False,0.895093928045969,0.6125411838565926,1.1036773025515099,0.8671875,False,0.19978782124491135,0.11313489297340501,0.2508050449190726,0.8671875,False,1.0,1.0,1.0,1.0,False
48,A,clean,0.11331180340931206,0.14413020960929768,0.21664460113365747,0.265625,False,0.043144314054465054,0.05893074518796322,0.09507996138160017,0.1796875,False,0.2583522185028894,0.23336928935536674,0.30803538282391446,0.6328125,False,0.8826455384535878,1.0448755017717226,1.692550395459865,0.3828125,False,0.24634389418328495,0.26550857206077094,0.5315360666868579,0.4609375,False,1.0,0.5,1.0,1.0,False
48,A,brightness_dark,0.07056815859290518,0.13883028363292774,0.23745351043515317,0.03125,False,0.030243666538335715,0.05825726914516758,0.10227623541473331,0.046875,False,0.21400530734499063,0.2323234969145791,0.31696736043829093,0.390625,False,0.7999999999999999,1.3434220927572156,1.7259585623853735,0.1640625,False,0.26821405479675353,0.37893748942017835,0.583764883928175,0.3515625,False,1.0,0.0,1.0,1.0,False
48,A,contrast_low,0.0750411287179008,0.1466705588962431,0.24657366134735995,0.015625,False,0.036387744213204606,0.06435051303386091,0.11255184914949447,0.09375,False,0.24596583032897054,0.23709483924321334,0.3213801978255104,0.578125,False,1.417469869672737,1.2156989830456726,1.8418069266350612,0.6328125,False,0.41155690392690536,0.3232626228511901,0.6146443527892669,0.6875,False,0.0,0.0,1.0,0.59375,False
48,A,gaussian_noise,0.0979215857496257,0.1346709146471738,0.24729635082583065,0.1640625,False,0.03612529040964388,0.058777703563536565,0.10157266294985788,0.0703125,False,0.26147489872991975,0.2358188855301319,0.32586641918830894,0.6796875,False,0.7776119257248719,1.070832491380647,1.7,0.2578125,False,0.2009940672529975,0.2660562978210198,0.5366868219519151,0.296875,False,1.0,0.0,1.0,1.0,False
48,A,gaussian_blur,0.09036798304670302,0.14897102569424875,0.2458567131199783,0.125,False,0.03377500625997312,0.06121126302606171,0.10967329646568942,0.09375,False,0.2524633875730411,0.2428038649400055,0.34261934819996814,0.546875,False,0.8803371403819908,1.0275430813006132,1.7,0.3125,False,0.2915280980048067,0.2747267218646898,0.5365712481730334,0.5625,False,1.0,1.0,1.0,1.0,False
48,B,clean,0.11331180340931206,0.14057544994261922,0.2412907538769125,0.1796875,False,0.043144314054465054,0.05911921273886864,0.10540332920727076,0.1328125,False,0.2583522185028894,0.23772897574056218,0.3593329316962206,0.6328125,False,0.8826455384535878,1.012883462554452,1.7000000000000002,0.40625,False,0.24634389418328495,0.25557865737738406,0.5587624591901674,0.453125,False,1.0,1.0,1.0,1.0,False
48,B,brightness_dark,0.0713978497171112,0.1401384725000012,0.2651017569392084,0.03125,False,0.030503506048691776,0.05866361767623482,0.11627593838374799,0.03125,False,0.21598496419176044,0.2371359118511944,0.3389253655216587,0.34375,False,0.7999999999999999,1.4029566069393602,1.7337215578371545,0.078125,False,0.26742190625795526,0.3775373940941472,0.5923008951382629,0.1796875,False,1.0,0.0,1.0,1.0,False
48,B,contrast_low,0.08482021026356343,0.13899456714381497,0.29440549001234123,0.125,False,0.039874856527961126,0.06109321450407265,0.1256603053458331,0.171875,False,0.2519172300376971,0.22490604016895527,0.3822734264456796,0.625,False,1.3942353924858653,1.2354006840772922,1.9477493475340886,0.59375,False,0.40513713343259883,0.30744605830752647,0.6681530181476648,0.625,False,1.0,0.0,1.0,1.0,False
48,B,gaussian_noise,0.097308719858927,0.1510137233478916,0.23911594613134143,0.125,False,0.035921281633604016,0.06466696127456133,0.11412886855205001,0.0625,False,0.2609930749549423,0.23742781774935884,0.3272520089658951,0.6171875,False,0.7797727770941372,1.1877830666845224,1.7428312677387454,0.203125,False,0.20098541774038248,0.28442611432868703,0.578881883196167,0.265625,False,1.0,0.0,1.0,1.0,False
48,B,gaussian_blur,0.09300227869564684,0.14525671178624222,0.25186127917663914,0.0703125,False,0.03503724396989965,0.06431490673407561,0.11488841726641896,0.0390625,False,0.2539730180693943,0.233724405701189,0.36049242130222403,0.6328125,False,0.8849958591247116,1.0848630986181385,1.7,0.3125,False,0.29237770002106034,0.27416417297173135,0.5485274250466353,0.53125,False,1.0,1.0,1.0,1.0,False
49,A,clean,0.16800625250095136,0.14357561771313984,0.23940651394125642,0.6484375,False,0.06170053282114269,0.06366889691888944,0.11462578603215395,0.484375,False,0.19077401301558114,0.18492552926600808,0.2850985754973472,0.546875,False,1.13146827565138,0.9782502115424666,1.8866014454647284,0.5859375,False,0.28231294990118605,0.2217185136433364,0.6222255153743252,0.6328125,False,1.0,1.0,1.0,1.0,False
49,A,brightness_dark,0.12046181279417428,0.12411844204476505,0.21580754061246246,0.4375,False,0.04357458137944169,0.053261423802872354,0.09684729204771797,0.296875,False,0.14803069621731235,0.1627382963647141,0.2537567678272055,0.375,False,1.384505199252185,1.1505653844878263,2.0,0.578125,False,0.35794894678044153,0.27265928930155237,0.6931471805599453,0.59375,False,1.0,0.0,1.0,1.0,False
49,A,contrast_low,0.07342435236164821,0.14108559426862322,0.21723635042495099,0.0859375,False,0.029700490816077882,0.06162953839342509,0.10158712151991725,0.046875,False,0.08106109582718662,0.17089327366965557,0.27102012020019006,0.0234375,False,0.4668520794579138,1.5389507897051233,1.9999999999999998,0.1015625,False,0.13396215301621028,0.40899303724478464,0.6931471805599452,0.140625,False,1.0,0.0,1.0,1.0,False
49,A,gaussian_noise,0.14158182903124233,0.1491313888679762,0.2609276689617257,0.4453125,False,0.05665809225885782,0.064289666819598,0.11240596723219826,0.375,False,0.17727265295670017,0.18807396211267424,0.28376708775558784,0.421875,False,1.0788799280507502,1.0636600957791733,1.9318633812437278,0.515625,False,0.2683142951209173,0.25104723002025864,0.6439721273122526,0.5546875,False,1.0,1.0,1.0,1.0,False
49,A,gaussian_blur,0.17243812280977447,0.1409756019417598,0.2504683886754029,0.6796875,False,0.0655005643507214,0.06312793066975106,0.1127382153514823,0.5234375,False,0.18984875621620773,0.1881001386216127,0.2819317356206783,0.5078125,False,1.1185813762498154,1.0047572262402371,1.823610966477737,0.5390625,False,0.27883539544035807,0.23588255489733506,0.6146535620651511,0.5546875,False,1.0,1.0,1.0,1.0,False
49,B,clean,0.16800625250095136,0.15436214047917382,0.23748510355032937,0.578125,False,0.06170053282114269,0.0672393550177158,0.10898160728896479,0.421875,False,0.19077401301558114,0.19211231746616003,0.28100030679840793,0.484375,False,1.13146827565138,1.03120226765551,1.8057986007836775,0.5703125,False,0.28231294990118605,0.2264221019973609,0.610362041636769,0.59375,False,1.0,1.0,1.0,1.0,False
49,B,brightness_dark,0.12172815510120454,0.12889159122502974,0.22689360942394285,0.4453125,False,0.04398561389363213,0.055896840679635296,0.10069093395959779,0.2734375,False,0.1490308306861839,0.17676887927743412,0.28475482150900727,0.3046875,False,1.3318244755859932,1.265780179717237,1.9999999999999998,0.5546875,False,0.3408985882142923,0.3087982666965023,0.6931471805599452,0.5625,False,1.0,1.0,1.0,1.0,False
49,B,contrast_low,0.07178117108463064,0.12692672595986565,0.21133937767294456,0.0625,False,0.028819330507813535,0.057559776944383204,0.10352149596501893,0.0390625,False,0.07933996239626992,0.1731461704360724,0.2708313495727884,0.0,False,0.459797147413237,1.150626840314536,1.9729176477555763,0.1640625,False,0.13264830221844093,0.266375206016957,0.6703335713440018,0.265625,False,1.0,1.0,1.0,1.0,False
49,B,gaussian_noise,0.14122614059406155,0.14656121220102256,0.2169650836881884,0.4296875,False,0.056336926292672014,0.06533600826801716,0.10005718720234133,0.34375,False,0.17686185224600387,0.18177697570936385,0.2533100132109271,0.4375,False,1.083035384420903,1.0178696349651206,1.9757094053744284,0.5703125,False,0.26940222742614317,0.22419585452489027,0.671987149998498,0.6015625,False,1.0,1.0,1.0,1.0,False
49,B,gaussian_blur,0.17367202250786012,0.13518321012510942,0.22539200568550546,0.703125,False,0.06555923902697353,0.060332248411499714,0.10234616860835045,0.578125,False,0.19073360604180298,0.17091685986988212,0.26387039976022164,0.6171875,False,1.127364205909166,0.8633357078184937,1.9709313769551136,0.59375,False,0.28120205502832085,0.19209709202813624,0.6628622552884407,0.609375,False,1.0,1.0,1.0,1.0,False
50,A,clean,0.20802376831754932,0.16165772911095172,0.27214916459598704,0.75,False,0.10886904608918242,0.06678872234904612,0.11405226458206146,0.9140625,False,0.21701908134205605,0.21927791713267444,0.3210613431438929,0.4921875,False,1.5,0.4575391854723817,0.971834871281925,1.0,True,0.5122294791622215,0.08041909256706795,0.21682451084937332,1.0,True,0.0,1.0,1.0,0.0625,False
50,A,brightness_dark,0.22015546130566066,0.15419097612952937,0.2769453484693173,0.84375,False,0.10885609360418155,0.06467127041144469,0.12450413585168157,0.890625,False,0.24291179183356487,0.21637052446965538,0.32645530619058605,0.7109375,False,1.6123072394373146,0.5154388897633195,1.779764407914518,0.90625,False,0.5411025969747543,0.14030512250864946,0.5553216469986921,0.9453125,False,0.0,1.0,1.0,0.265625,False
50,A,contrast_low,0.1779768382051423,0.14497196232483778,0.2448150282663597,0.71875,False,0.07895256204416846,0.06225314399489949,0.10300114384725936,0.7265625,False,0.20449436535944165,0.19323687839417247,0.30419828923250997,0.5546875,False,1.3776508019663538,0.5,1.7122760372399197,0.8984375,False,0.37212924942952885,0.11109347532728359,0.5288595341322817,0.90625,False,0.0,1.0,1.0,0.203125,False
50,A,gaussian_noise,0.23021930993264736,0.16093716594756693,0.2669362864248589,0.84375,False,0.1141173722165184,0.07053489165786304,0.12457382898674363,0.921875,False,0.24486948541918244,0.21758580769445623,0.3152324141862196,0.6640625,False,1.5,0.4457999050474334,1.5000000000000002,0.9453125,False,0.4857530638828391,0.08231346466063516,0.4294491262575099,0.9765625,True,0.0,1.0,1.0,0.171875,False
50,A,gaussian_blur,0.18341331355416232,0.1685283710935793,0.2812187069924429,0.578125,False,0.0985321210650444,0.07351573139319717,0.12045007453622841,0.796875,False,0.19960408278557287,0.22812683286562924,0.3391052131700572,0.3671875,False,1.292088893891685,0.4863356777550233,1.0420867865780994,0.96875,True,0.31287599598695515,0.08919280130669241,0.268263968229827,0.953125,True,0.0,1.0,1.0,0.0859375,False
50,B,clean,0.20802376831754932,0.15549741337301376,0.2695649386182295,0.75,False,0.10886904608918242,0.07006952074233219,0.11302991046493652,0.890625,False,0.21701908134205605,0.21664002212058348,0.34181767154371434,0.5,False,1.5,0.4607869172816006,1.2706497132315813,0.9765625,True,0.5122294791622215,0.08180131495843396,0.33440819972832597,0.9921875,True,0.0,1.0,1.0,0.1484375,False
50,B,brightness_dark,0.22106485203429455,0.16010328473157304,0.26258160524381885,0.828125,False,0.10901069522202499,0.06787696112298129,0.11304791416478706,0.921875,False,0.24319646746618462,0.20756337709680883,0.321460106011286,0.71875,False,1.6050597075353807,0.5552199116817381,1.672051225905461,0.9375,False,0.5396110650778323,0.13759051689071455,0.5098305116585901,0.9609375,True,0.0,1.0,1.0,0.2109375,False
50,B,contrast_low,0.17826298569180846,0.16017423978189588,0.29026488551484564,0.6015625,False,0.07511661152636417,0.06980143496563403,0.13306726660872106,0.546875,False,0.2006899786425119,0.2103070534819173,0.3506912589377429,0.4140625,False,1.3913107421251794,0.6094081295851967,1.8605975427964145,0.8203125,False,0.376345417823286,0.16495272293345747,0.5791338883491385,0.828125,False,0.0,1.0,1.0,0.25,False
50,B,gaussian_noise,0.22729534085870484,0.16289529790182283,0.27554607042696233,0.8125,False,0.11261873358609266,0.06688714237143245,0.12364564676336608,0.8984375,False,0.24229769238431928,0.22593114643679657,0.33917136269477105,0.6484375,False,1.5,0.4737294692633966,1.135949222457172,0.96875,True,0.48601700784984003,0.08393835757889534,0.2726540397062951,0.9765625,True,0.0,1.0,1.0,0.140625,False
50,B,gaussian_blur,0.18327881861207151,0.16221168097361804,0.2687408012934223,0.640625,False,0.09826952430487491,0.07051468005323859,0.12119447532620932,0.8359375,False,0.20000956294325734,0.20803117944482552,0.3206897328226815,0.4296875,False,1.2661970734662864,0.4976037515532514,1.1702860206736965,0.953125,True,0.3022187247593695,0.08956927083003519,0.3080349371423245,0.9375,False,0.0,1.0,1.0,0.125,False
51,A,clean,0.06319669121593235,0.14711577426697697,0.25106805381859276,0.0390625,False,0.02467938718267714,0.06624696693259587,0.12335096216114003,0.03125,False,0.14064886898822973,0.1910688811870564,0.3013172784156127,0.1015625,False,0.28576763294548974,1.0332306186974267,2.0,0.078125,False,0.0715220684901059,0.2455622322219389,0.6931471805599453,0.0703125,False,1.0,1.0,1.0,1.0,False
51,A,brightness_dark,0.10450404197201808,0.12655688679973776,0.22108527019773347,0.296875,False,0.04592459669509032,0.05526924636191902,0.10422513866470577,0.3203125,False,0.17763403854133036,0.17746497864175328,0.2939610254220231,0.5,False,0.4191623163352023,1.0543277118334093,2.0,0.1171875,False,0.09369647019248173,0.24601331656590375,0.6931471805599454,0.0859375,False,1.0,1.0,1.0,1.0,False
51,A,contrast_low,0.12362700454787495,0.13467805144702583,0.2665530412694003,0.4296875,False,0.0451485709900068,0.0645832243637885,0.12320947048307013,0.21875,False,0.21025049387318495,0.19051646491200208,0.32730030089632717,0.6640625,False,0.9715372458634052,1.0044025141054505,2.0,0.4609375,False,0.2296554108609753,0.23673829293281967,0.6931471805599453,0.46875,False,1.0,1.0,1.0,1.0,False
51,A,gaussian_noise,0.05101366633981188,0.15068311370947382,0.2590505918224197,0.0234375,False,0.019523556545925032,0.0633711816102626,0.12308738211259752,0.015625,False,0.13981859149520875,0.19159527181850433,0.3206201456395521,0.15625,False,0.3912596567766349,0.8331595132317795,2.0,0.1171875,False,0.08942785052192348,0.19144842896988712,0.6931471805599452,0.109375,False,1.0,1.0,1.0,1.0,False
51,A,gaussian_blur,0.07725966552793428,0.1433626270311587,0.25216673668116435,0.109375,False,0.027030358928176516,0.06321640841246458,0.1196489484764822,0.0390625,False,0.15734692500626818,0.19964609932776672,0.30213871596867353,0.2734375,False,0.6091335921578873,0.792885869395936,2.0,0.28125,False,0.14678765386453974,0.18442865838976075,0.6931471805599454,0.328125,False,1.0,1.0,1.0,1.0,False
51,B,clean,0.06319669121593235,0.14255944183956454,0.23617291055780004,0.0390625,False,0.02467938718267714,0.06091842988749315,0.1054254891366891,0.03125,False,0.14064886898822973,0.19674902085525037,0.29235508993384873,0.1875,False,0.28576763294548974,0.8743692439257074,2.0,0.1171875,False,0.0715220684901059,0.2055558595755843,0.6931471805599453,0.0703125,False,1.0,1.0,1.0,1.0,False
51,B,brightness_dark,0.10843141262163555,0.1269928499193519,0.24067423121303036,0.34375,False,0.047743295010891876,0.05709623681247329,0.1096233678892424,0.3203125,False,0.182485245190933,0.1738417952180193,0.2855444685937724,0.5625,False,0.4243334181839732,1.089722237340078,2.0,0.109375,False,0.09485077340582793,0.25399714779037236,0.6931471805599454,0.09375,False,1.0,1.0,1.0,1.0,False
51,B,contrast_low,0.11221456224573809,0.12931840076967754,0.25943094035375036,0.3359375,False,0.04052928384191742,0.061353492257767844,0.13027324253259862,0.1640625,False,0.2010502617172046,0.17767907676701303,0.3017909003338757,0.609375,False,0.8914126425750939,1.1401993110166462,2.0,0.3515625,False,0.20987023032380125,0.26880402188793706,0.6931471805599454,0.3671875,False,1.0,1.0,1.0,1.0,False
51,B,gaussian_noise,0.05092040377746971,0.12842281685222046,0.23435369486463095,0.015625,False,0.01956545984710971,0.057798682069941806,0.11456476438191654,0.0,False,0.13958482815623532,0.18973984926643656,0.286053877335117,0.1484375,False,0.39060977615695724,0.7697969560632565,1.9180392383593636,0.125,False,0.09026779443187805,0.17461828990055145,0.6593151696306692,0.109375,False,1.0,1.0,1.0,1.0,False
51,B,gaussian_blur,0.07537039692228784,0.14982170938070372,0.2557265835774772,0.078125,False,0.02638511023266173,0.06888932961716283,0.13140911844454217,0.046875,False,0.15588129493712066,0.2087522033663557,0.318320883056756,0.1875,False,0.5912967833837712,0.8661828902888724,2.0,0.3125,False,0.14310091697959637,0.1973925497789623,0.6931471805599454,0.328125,False,1.0,1.0,1.0,1.0,False
52,A,clean,0.13091844715759415,0.16931316691771164,0.26926814028633256,0.25,False,0.05421497836827969,0.07161513853332938,0.12622942484362218,0.203125,False,0.14235767929064896,0.21052306678986113,0.3202764842798279,0.0625,False,0.016534796558761916,0.3123457087061843,1.1256365349282205,0.0234375,False,9.859865782296806e-05,0.0595966936719588,0.2606380714520653,0.0234375,False,1.0,1.0,1.0,1.0,False
52,A,brightness_dark,0.16355776942346514,0.15586090722604928,0.284995856014415,0.5546875,False,0.06604331617464654,0.06605986192910175,0.12495260192305795,0.5,False,0.18047740014379135,0.1974829579983115,0.32862692586082637,0.359375,False,0.019024144663151638,0.29190886744451533,1.271602874790364,0.015625,False,0.00013129705075626275,0.052501290080065655,0.2908853950578034,0.015625,False,1.0,1.0,1.0,1.0,False
52,A,contrast_low,0.09137717780116798,0.15974521653670432,0.3148000201087442,0.0703125,False,0.04083286872797758,0.07116322414535646,0.13274645206504712,0.109375,False,0.10121874822451483,0.21435479417288172,0.3418618986072445,0.0234375,False,0.018410123186439115,0.4204748578097707,1.3481484214772346,0.0078125,False,0.00012277825643364215,0.07241216771990541,0.32277671668778607,0.0078125,False,1.0,1.0,1.0,1.0,False
52,A,gaussian_noise,0.10869862572192684,0.16215285816274222,0.2752161413517821,0.1640625,False,0.04422323340138122,0.06879794915714033,0.12304225459752628,0.125,False,0.11640160810292952,0.20306928381292816,0.312921619525522,0.0078125,False,0.00415323200372561,0.2632779818866826,1.2865934277367104,0.0,False,5.934744640445633e-06,0.060023649818496616,0.29853694617745447,0.0,False,1.0,1.0,1.0,1.0,False
52,A,gaussian_blur,0.11361547974772766,0.16050726459737968,0.26740361790606587,0.2109375,False,0.0423696562557787,0.06879327217442428,0.12017223473769953,0.15625,False,0.11920930366238616,0.20272241688507361,0.3131672804995882,0.0390625,False,0.13109889304091604,0.28765552133393996,0.8868978953868321,0.1328125,False,0.025039524200012597,0.0509335255775947,0.19157058055562215,0.2265625,False,1.0,1.0,1.0,1.0,False
52,B,clean,0.13091844715759415,0.17285092930289903,0.2631592649367819,0.2734375,False,0.05421497836827969,0.07205191187518882,0.12480554353472482,0.2265625,False,0.14235767929064896,0.20729206306001288,0.3245055954160321,0.09375,False,0.016534796558761916,0.29941695024864723,0.9914642266037472,0.0078125,False,9.859865782296806e-05,0.05201264296795566,0.22245762839886177,0.0078125,False,1.0,1.0,1.0,1.0,False
52,B,brightness_dark,0.16410122692327223,0.17051005314112885,0.29962174105922035,0.4609375,False,0.0661112700703237,0.07331025896595186,0.13012169004463803,0.40625,False,0.1815969214320208,0.20668629724340903,0.34444982253287443,0.28125,False,0.017421258132781753,0.3567339697275389,1.0934941475493427,0.015625,False,0.00010968445991277331,0.0718643904684245,0.24843999314117607,0.0078125,False,1.0,1.0,1.0,1.0,False
52,B,contrast_low,0.10043153321593327,0.1595084688423486,0.30050849166667226,0.1796875,False,0.045199559281185187,0.07109603698379802,0.1309574556192347,0.171875,False,0.10850732131851043,0.20490842433163498,0.3419220765543354,0.03125,False,0.056494712153782906,0.3447420937555089,1.3297409584208437,0.0625,False,0.0012758344466369254,0.06331912428051217,0.32907032539403613,0.0625,False,1.0,1.0,1.0,1.0,False
52,B,gaussian_noise,0.10563196331475308,0.1510174391594853,0.28248611729478273,0.125,False,0.0428851939350969,0.06780398418238481,0.12270748330828173,0.09375,False,0.1132645336869466,0.19815912602943475,0.33506010534912306,0.015625,False,0.006779453552921283,0.24138704211888162,0.922202547151921,0.0,False,1.5722970116704982e-05,0.06214645068957997,0.1947484375236966,0.0,False,1.0,1.0,1.0,1.0,False
52,B,gaussian_blur,0.11750565302791323,0.1678129933703202,0.29172065885709,0.1796875,False,0.04397733666932347,0.0722507879474751,0.12440173421910806,0.1171875,False,0.12301560516450274,0.20264572970694472,0.33201784302542137,0.03125,False,0.13285912553899834,0.29596600720552657,1.0302989661964754,0.1015625,False,0.025041025589042698,0.05989836807127627,0.22780665672288916,0.2265625,False,1.0,1.0,1.0,1.0,False
53,A,clean,0.20708735509027693,0.15005641527053293,0.24763349828628964,0.84375,False,0.10191596261621585,0.06655783144207347,0.1127776436958098,0.9140625,False,0.2337306393897709,0.19714192473156084,0.29498260346561095,0.7265625,False,0.5466604826781812,0.42236000485025,0.9848208677190509,0.640625,False,0.06842113459178578,0.07528537408421054,0.25312584592481546,0.4453125,False,0.0,1.0,1.0,0.1171875,False
53,A,brightness_dark,0.2087440470532855,0.14327198881810538,0.22627454307247105,0.8984375,False,0.08459344167093119,0.06358924814018538,0.09796918554634544,0.84375,False,0.22312217716517319,0.19008210076748372,0.2752165343766998,0.734375,False,0.2165269787263014,0.46923577193267435,1.1213761477481587,0.21875,False,0.006424607380737912,0.08477717507648952,0.29468487880902844,0.1015625,False,1.0,1.0,1.0,1.0,False
53,A,contrast_low,0.2426999932456046,0.12945551744010653,0.2437301292186119,0.9453125,False,0.1253304108202632,0.05679517109100267,0.11148452092249392,0.96875,True,0.26835411038849444,0.19085356246607516,0.2915947505451022,0.890625,False,1.4,0.6981306161718184,1.419296055719399,0.9375,False,0.4259902157877655,0.1366813742195886,0.4187235335526901,0.953125,True,0.0,1.0,1.0,0.328125,False
53,A,gaussian_noise,0.2101058186816673,0.1535603955364474,0.2568194892723535,0.8515625,False,0.0993826689526027,0.06736381459354866,0.11345561845113152,0.875,False,0.23660718614427872,0.20122187392802193,0.30134581112396724,0.7265625,False,0.6900958918717534,0.43036957895618216,0.9974287507577196,0.78125,False,0.10304647283041102,0.0760826173466102,0.23762813304994143,0.640625,False,0.0,1.0,1.0,0.1171875,False
53,A,gaussian_blur,0.24084907972805328,0.1633385370120991,0.2454023378087227,0.9453125,False,0.10787585743138113,0.06917707059620518,0.11210273619082663,0.921875,False,0.25197994455969064,0.20170227778647706,0.31345861112520396,0.7265625,False,0.46490201802700126,0.3861157868668171,1.0108096920943788,0.6015625,False,0.04918380887096818,0.06389907428591723,0.24718309019755397,0.40625,False,1.0,1.0,1.0,1.0,False
53,B,clean,0.20708735509027693,0.1462840483771576,0.24668005645783003,0.875,False,0.10191596261621585,0.06278057218162608,0.10483394944045926,0.90625,False,0.2337306393897709,0.1910398635523096,0.298327073966399,0.7421875,False,0.5466604826781812,0.3699796957782694,1.0443417878224968,0.734375,False,0.06842113459178578,0.06342249933161354,0.2624293481424682,0.5390625,False,0.0,1.0,1.0,0.1015625,False
53,B,brightness_dark,0.2083759762048804,0.1466966588036101,0.22732547142993587,0.8671875,False,0.08463555147539455,0.06367004653188801,0.10747892584713843,0.796875,False,0.22292597035078082,0.1860259336252554,0.2740299605133136,0.7421875,False,0.2154202813752129,0.4828020189539567,1.2759793565726538,0.1953125,False,0.006361183289429917,0.08999035978894604,0.3315831748483863,0.1015625,False,1.0,1.0,1.0,1.0,False
53,B,contrast_low,0.24622878205174753,0.13456309852543896,0.23855065264188083,0.953125,True,0.12786450563578333,0.06122194455911302,0.11082063840027362,0.9609375,True,0.2687694542357284,0.18351880796227968,0.3066373085709111,0.875,False,1.361427071834289,0.6383073468415374,1.3818445191364244,0.9296875,False,0.3796830659892112,0.1273652322598342,0.3976518697501361,0.9375,False,0.0,1.0,1.0,0.296875,False
53,B,gaussian_noise,0.2078249094404146,0.1531471586032901,0.22976464690718265,0.890625,False,0.09799348005033631,0.06588446906399695,0.10283040398359831,0.90625,False,0.23329359194694602,0.2079824744844539,0.2909461511939591,0.71875,False,0.6892430606147437,0.4333822283531739,1.102837464667205,0.7734375,False,0.10312662547152573,0.07742605329462221,0.2841174093670062,0.6171875,False,0.0,1.0,1.0,0.1015625,False
53,B,gaussian_blur,0.24301170872389163,0.15593872699125155,0.2500111673035768,0.9375,False,0.10874315971086826,0.06774468449236484,0.11572787748121897,0.9375,False,0.2528576366332875,0.2157321368325781,0.30172178339552963,0.8203125,False,0.4331987221580316,0.34512794091508636,0.9797277654640446,0.5703125,False,0.041989478196028496,0.061801312612808135,0.26295809312988455,0.421875,False,1.0,1.0,1.0,1.0,False
54,A,clean,0.13033900246260952,0.15776790183429384,0.2838160312812951,0.234375,False,0.049504262947903735,0.06692300099348972,0.11791450857575154,0.15625,False,0.15384939525140093,0.2281711465249947,0.329882417520899,0.0546875,False,0.29844260820338486,0.5330542640321362,1.1891897385900732,0.1328125,False,0.014159683660943667,0.10849497316386697,0.2885715506918354,0.0,False,1.0,1.0,1.0,1.0,False
54,A,brightness_dark,0.13816084666614642,0.14358543091474912,0.26086785181597977,0.46875,False,0.054577101164194786,0.061481777144567235,0.10860783436797786,0.3828125,False,0.19118327198665536,0.23310891083675273,0.3277515327304309,0.28125,False,0.3999999999999999,0.5771507839777057,1.336138850984621,0.3671875,False,0.1269100999404198,0.10822670462766254,0.34095366670428656,0.578125,False,1.0,1.0,1.0,1.0,False
54,A,contrast_low,0.15657087568847244,0.13132542969901334,0.2573602173383777,0.6953125,False,0.07328215090222713,0.055659148890641795,0.10410793611797166,0.7421875,False,0.17358554534873483,0.1975200126548997,0.3214483684621698,0.28125,False,0.7067338396874256,0.8725177480516841,1.745765859559735,0.3515625,False,0.10678889737599828,0.18303383940019868,0.543850754420903,0.171875,False,1.0,1.0,1.0,1.0,False
54,A,gaussian_noise,0.16654995135427061,0.15116929550027913,0.23710308024219567,0.6015625,False,0.06695177616624287,0.06358467814461297,0.10150464526314786,0.5703125,False,0.1882264042994128,0.2160270316365519,0.30866831549798274,0.1953125,False,1.0579997946819941,0.5687103941759256,1.2286655222358016,0.8984375,False,0.26391017044399945,0.10675181859164351,0.28356616011648117,0.90625,False,0.0,1.0,1.0,0.15625,False
54,A,gaussian_blur,0.17050834797935693,0.15849952936666217,0.26844399209953096,0.6328125,False,0.0709658673131636,0.06843812141430651,0.1147532029225067,0.59375,False,0.19847061573344144,0.2238779006824554,0.31849617428498994,0.2421875,False,0.3153719074234526,0.5353819682588516,1.2219226477259002,0.1875,False,0.015712950855768293,0.11049641206970601,0.30184779315081467,0.0234375,False,1.0,1.0,1.0,1.0,False
54,B,clean,0.13033900246260952,0.1468617662843282,0.2484923375961315,0.34375,False,0.049504262947903735,0.06003648104300313,0.10518996072677725,0.2890625,False,0.15384939525140093,0.23057832546212298,0.3206830193434868,0.1015625,False,0.29844260820338486,0.5337703030233862,1.1880535690237042,0.1328125,False,0.014159683660943667,0.10278508725591656,0.2947073525592098,0.015625,False,1.0,1.0,1.0,1.0,False
54,B,brightness_dark,0.14123132547087114,0.1548906090757356,0.2792696742393321,0.4140625,False,0.05599949730233946,0.06474818301101239,0.11921366062796035,0.34375,False,0.19540712091592416,0.23232913326549903,0.3397441492430788,0.2890625,False,0.3999999999999999,0.5224469517396171,1.4488734744316862,0.375,False,0.12183173969252192,0.11486417314398167,0.3724891140244045,0.515625,False,1.0,1.0,1.0,1.0,False
54,B,contrast_low,0.16214546481514575,0.13581216520328437,0.2514452731426801,0.671875,False,0.07405515088942989,0.05930105386501752,0.11205955212017088,0.703125,False,0.17568080692490656,0.20760319715888678,0.3230171271881846,0.2421875,False,0.6868013475197298,0.8613636829525955,1.8933155736136404,0.3125,False,0.10518456647425478,0.17767962577241264,0.6315319183704046,0.2109375,False,1.0,1.0,1.0,1.0,False
54,B,gaussian_noise,0.16357295034817365,0.15034291347212334,0.2328336328226574,0.6328125,False,0.06632492498342567,0.062311239735182405,0.10552146078632517,0.59375,False,0.18458863756223814,0.22126725751651835,0.3157351440625098,0.25,False,1.0691068381615314,0.561057448832917,1.3167294021291718,0.8359375,False,0.26725631520592386,0.10889386665309231,0.31610026738759456,0.859375,False,0.0,1.0,1.0,0.140625,False
54,B,gaussian_blur,0.17334531242146214,0.1528486047643945,0.2609527187295224,0.671875,False,0.07250290345587644,0.06250281687072351,0.11411382716489199,0.6640625,False,0.20240419496332054,0.2330392347520363,0.3318184153762115,0.3046875,False,0.3088125537605133,0.49196907767193065,1.1835201972616267,0.2421875,False,0.015108010240902692,0.09668786063520493,0.2694861985088262,0.0390625,False,1.0,1.0,1.0,1.0,False
55,A,clean,0.10963312153286932,0.14249197397249388,0.2646081914004909,0.2421875,False,0.03980280216491193,0.06854206789752461,0.12502198888472807,0.1484375,False,0.1591357323311159,0.18141256073098788,0.2818560714047888,0.375,False,0.19064507117916007,0.15165106067322148,0.709658175843953,0.5546875,False,0.035181875935595686,0.03445739273260057,0.10792208741712872,0.5,False,1.0,1.0,1.0,1.0,False
55,A,brightness_dark,0.09117051011226558,0.12354130282010758,0.23499530037704927,0.2265625,False,0.03896900091371234,0.05593520454814714,0.11329008822150909,0.1875,False,0.15133107277223234,0.14980812755654999,0.2566813194135643,0.515625,False,0.22233199068608916,0.16879365107297706,0.8573856579066734,0.546875,False,0.05636461975444562,0.034562030250768885,0.1504165004421881,0.6875,False,1.0,1.0,1.0,1.0,False
55,A,contrast_low,0.11509475430635739,0.126784622885139,0.2635128461515855,0.390625,False,0.05604584939940435,0.0617443857752442,0.1250575775726589,0.4375,False,0.12119289091937303,0.16362437827593473,0.28488383004655154,0.1875,False,0.21667065575522731,0.19024042244932488,0.8931502555444945,0.546875,False,0.05533686795316639,0.038016490496230945,0.17290168873345385,0.609375,False,1.0,1.0,1.0,1.0,False
55,A,gaussian_noise,0.09357356244574994,0.1439426336905298,0.23138785791973124,0.21875,False,0.03942284431963917,0.0666620016907592,0.11957082356606336,0.1796875,False,0.15446855923042435,0.1698113316158248,0.26077458839655554,0.390625,False,0.2142270287027888,0.14443416969496492,0.6791292427718719,0.6171875,False,0.04332535867436815,0.0294647984345269,0.12906692257776928,0.59375,False,1.0,1.0,1.0,1.0,False
55,A,gaussian_blur,0.09051283436614142,0.15253728386676163,0.2717952337560543,0.109375,False,0.032721449448697336,0.07173655839590229,0.12779062382159673,0.0390625,False,0.1416868461187645,0.17893055309890898,0.29089810090502904,0.234375,False,0.18615227871272672,0.15778030453945524,0.7993010927473698,0.53125,False,0.04324718246875242,0.03274770039296504,0.15673548563852766,0.5703125,False,1.0,1.0,1.0,1.0,False
55,B,clean,0.10963312153286932,0.1353689112122479,0.2320975863827731,0.296875,False,0.03980280216491193,0.06345903434052381,0.1153004594519952,0.1796875,False,0.1591357323311159,0.16798856089989836,0.2752068762052917,0.4375,False,0.19064507117916007,0.14127938834615622,0.6596671680022829,0.5390625,False,0.035181875935595686,0.028256171892449777,0.12103084845339712,0.546875,False,1.0,1.0,1.0,1.0,False
55,B,brightness_dark,0.09079201874734152,0.145485315117741,0.24367891953410775,0.203125,False,0.038549908933134126,0.0657320244265919,0.1272785579785514,0.1640625,False,0.15180483427307648,0.17083957281090656,0.27723618259638033,0.375,False,0.21930009388689908,0.1816037008497865,0.864168476499959,0.5546875,False,0.055813924013230654,0.03714353841279261,0.163606740176867,0.671875,False,1.0,1.0,1.0,1.0,False
55,B,contrast_low,0.1164163707295049,0.1416693033500142,0.24465724840410136,0.34375,False,0.05839188756793764,0.0667002289874527,0.11790097221934726,0.3671875,False,0.12620052677841487,0.1722044868892814,0.265282046879455,0.1640625,False,0.24181937458232822,0.22943744440833685,0.789994133525769,0.515625,False,0.059920208170544,0.0451026335698414,0.16365600538205105,0.5859375,False,1.0,1.0,1.0,1.0,False
55,B,gaussian_noise,0.09523231598219624,0.14411018459970593,0.2475961576665672,0.109375,False,0.04016805995528753,0.06725172628345394,0.12685950782990843,0.125,False,0.15639329825485654,0.1865213640536217,0.2717430684522715,0.3203125,False,0.22091668092406846,0.15683390372728018,0.7490542914890089,0.5703125,False,0.04831078530295879,0.03659962762473956,0.13594017102173805,0.625,False,1.0,1.0,1.0,1.0,False
55,B,gaussian_blur,0.09119031465995445,0.12507557032710975,0.25322634437448865,0.203125,False,0.033014666968537706,0.05883146049538065,0.1293153284708309,0.1171875,False,0.1424463698637845,0.15810392621091934,0.2820090503839573,0.3515625,False,0.19189755608050926,0.15012200955567262,0.8092397146260458,0.578125,False,0.04762500068262565,0.03337198782104922,0.13812391215705788,0.671875,False,1.0,1.0,1.0,1.0,False
56,A,clean,0.26868992311410755,0.1456895025934985,0.24134394355907365,0.984375,True,0.09875000156525403,0.06315015652685696,0.11438856510889923,0.875,False,0.36509565352028106,0.26077239790553675,0.35260251663712466,0.96875,True,1.1775428756995743,0.9759765398933146,1.5706276491094675,0.671875,False,0.28388281683943384,0.23057687605274957,0.4943646154701277,0.640625,False,0.0,1.0,1.0,0.4609375,False
56,A,brightness_dark,0.21499577517341706,0.12925099747752672,0.2245305641573202,0.9375,False,0.09399822241924732,0.05701589995840045,0.10106920638288218,0.9375,False,0.3427205192152811,0.2257875090814629,0.3576382609226325,0.921875,False,1.2690802460351522,1.0202986875142357,1.7021208193545403,0.625,False,0.32951215692172897,0.266659751059244,0.5873076660921676,0.6328125,False,0.0,0.0,1.0,0.5390625,False
56,A,contrast_low,0.21568487563709024,0.1371665990171028,0.2446494780721952,0.8984375,False,0.09482552230395215,0.06571187090398836,0.1137968545705729,0.8515625,False,0.2685063220250106,0.25798876602461995,0.3473558342745945,0.5546875,False,0.8899942637849931,0.9749762424420969,1.7061436778845502,0.4375,False,0.18799991821335182,0.2310039766832806,0.5788463517253982,0.4375,False,1.0,1.0,1.0,1.0,False
56,A,gaussian_noise,0.2754857799715644,0.15353061984163868,0.2432329025645172,0.9921875,True,0.10058527758092886,0.06817189404763882,0.11105240849374907,0.890625,False,0.34142398793240025,0.2561320263781417,0.35015258571458907,0.9140625,False,1.06967729995691,0.9600582576015653,1.7000000000000002,0.546875,False,0.27049106803013,0.2240600483410019,0.5643750632643586,0.6015625,False,1.0,1.0,1.0,1.0,False
56,A,gaussian_blur,0.28613588301902004,0.1406911518482541,0.2575654063296366,0.9765625,True,0.10645915656849236,0.06211799477569309,0.11822916320142586,0.921875,False,0.3694933801800713,0.24785933684316683,0.3529055010251489,0.9609375,True,1.122894213428249,0.9101088635877381,1.7000000000000002,0.6015625,False,0.25875285162564365,0.2298632502426775,0.5567045038717824,0.6171875,False,1.0,1.0,1.0,1.0,False
56,B,clean,0.26868992311410755,0.13447982147282472,0.24907036738030167,0.9765625,True,0.09875000156525403,0.05996708372357964,0.11914612484837814,0.90625,False,0.36509565352028106,0.24507002789885235,0.3527866837047174,0.9609375,True,1.1775428756995743,0.7766031083439513,1.7000000000000002,0.7265625,False,0.28388281683943384,0.18177384513813388,0.547560821804715,0.6796875,False,0.0,1.0,1.0,0.359375,False
56,B,brightness_dark,0.21479448180075164,0.14161907622795045,0.22603457814675,0.9140625,False,0.09388140176204031,0.06381324755152541,0.10905111119775217,0.8984375,False,0.34625080067869707,0.254427359758036,0.37248254406631504,0.9296875,False,1.270976103500218,1.0743686664139767,1.7071863489019476,0.625,False,0.3302308883179559,0.2626906441833242,0.575670125180478,0.6015625,False,0.0,0.0,1.0,0.5703125,False
56,B,contrast_low,0.21722844331581107,0.13909111080961817,0.2432570816043534,0.8984375,False,0.0973522357811259,0.06293738163485581,0.12064346409484804,0.8515625,False,0.27831821575547094,0.26281059760961306,0.372447312189116,0.6171875,False,0.8688410445992889,1.0616709645972888,1.8570782734532774,0.328125,False,0.17813786990129565,0.26592295802336274,0.6138972508295493,0.3046875,False,1.0,0.0,1.0,1.0,False
56,B,gaussian_noise,0.27180034898255406,0.14455210907798371,0.23997740070218154,0.9609375,True,0.09891454560252443,0.06208451438539435,0.11529466145758965,0.875,False,0.3375574375867644,0.2585218029750912,0.35493994740904045,0.8984375,False,1.0707479121566412,0.9236236109180846,1.7,0.5703125,False,0.27251367899221823,0.21213024707949446,0.5404616237229978,0.6015625,False,1.0,1.0,1.0,1.0,False
56,B,gaussian_blur,0.287773186824894,0.14588762665351707,0.25451827096482865,0.9765625,True,0.10805832663919727,0.06394530933361671,0.11467146851748736,0.9140625,False,0.3719823793784484,0.2589658702603508,0.35732182674800855,0.96875,True,1.0986867446291866,1.0017852918500494,1.7000000000000002,0.578125,False,0.24864582571602867,0.22793756796016373,0.5797636513089695,0.5390625,False,1.0,1.0,1.0,1.0,False
57,A,clean,0.08809501353439321,0.1463424736395794,0.22827907637579986,0.078125,False,0.03429344925104739,0.06446383400042033,0.10325528284101045,0.0390625,False,0.23843451746281952,0.28451309846124784,0.3625956880370269,0.1171875,False,0.761101092644522,0.915804363507737,1.5533720888299005,0.3671875,False,0.16346906300549957,0.21518615003705854,0.4844065700378092,0.34375,False,1.0,0.0,1.0,1.0,False
57,A,brightness_dark,0.14180962954330775,0.1457818741855187,0.24397700951911683,0.4765625,False,0.05911912568637752,0.06329912546454186,0.10355690189200076,0.4609375,False,0.24392124489087857,0.2761348183063017,0.3712273547077092,0.2578125,False,1.7017205516483513,1.0079616740359365,1.747404168641211,0.9296875,False,0.5250438622467843,0.2752790631949902,0.5419123988822179,0.9140625,False,0.0,0.0,1.0,0.7109375,False
57,A,contrast_low,0.09984981413788724,0.15039156755933614,0.2587590431782117,0.1484375,False,0.03610553401113,0.06637628015207234,0.12257786463653808,0.0546875,False,0.24936020151576294,0.2895264618677108,0.4051201040599132,0.2578125,False,1.0616823639744077,1.191462125962469,1.5812702646968022,0.40625,False,0.23385222186575017,0.3158552371383192,0.4903627929506313,0.3203125,False,0.0,0.0,1.0,0.8046875,False
57,A,gaussian_noise,0.09582313186115285,0.13630455666755953,0.2382667932192848,0.125,False,0.03856281821222337,0.062271754410609025,0.11099518240392546,0.1171875,False,0.25086457304140536,0.27889509546679414,0.3827480071822374,0.2578125,False,0.8226138548814891,0.950546450979445,1.6335086159716998,0.3828125,False,0.19853852338083477,0.23721634793654967,0.4923436315914319,0.4609375,False,1.0,0.0,1.0,1.0,False
57,A,gaussian_blur,0.09815938127216138,0.15278286537636449,0.2570230013585211,0.1328125,False,0.040175658758581145,0.06513411621502266,0.1218532314358816,0.140625,False,0.236136859514696,0.2955199808130296,0.40921609593363145,0.1328125,False,0.7814530554690988,0.9520500752334866,1.6130724040630133,0.375,False,0.19707640076210597,0.2251191334124787,0.4706807506427127,0.4453125,False,1.0,0.0,1.0,1.0,False
57,B,clean,0.08809501353439321,0.15130662246332965,0.25173916980167904,0.09375,False,0.03429344925104739,0.06494191025999355,0.11200363862816066,0.0625,False,0.23843451746281952,0.29695764035283795,0.39122989649036327,0.15625,False,0.761101092644522,0.8895253814685926,1.484079315583669,0.40625,False,0.16346906300549957,0.19285077151219132,0.4590950563368811,0.375,False,1.0,0.0,1.0,1.0,False
57,B,brightness_dark,0.14570808088962175,0.14224209232427137,0.2284915266389845,0.5234375,False,0.06117169123423274,0.060548088030384396,0.10192558205277769,0.5078125,False,0.24894875737625816,0.2802386337082592,0.39043519869970045,0.203125,False,1.7502841900129265,1.0,1.6943001028798608,0.953125,True,0.5427245626421144,0.25203203779003336,0.5186143227824073,0.953125,True,0.0,0.0,1.0,0.6875,False
57,B,contrast_low,0.10856018039460713,0.14963022675394563,0.24657625134416714,0.21875,False,0.0404160815699707,0.06888078865301397,0.1197169409890379,0.1171875,False,0.26223230518101603,0.3013243678139511,0.41913584890336625,0.265625,False,1.3821898322437542,1.2,1.6870994363998795,0.75,False,0.34685285253191944,0.329299195078428,0.5200582475608524,0.5625,False,0.0,0.0,1.0,0.7421875,False
57,B,gaussian_noise,0.09474056492539129,0.1445794967758476,0.22696092198871534,0.140625,False,0.037895076294298564,0.06374188871342204,0.10217629348005272,0.1328125,False,0.24817408464152121,0.2865474766256664,0.37586833765842936,0.1953125,False,0.8024897946029647,1.019776144273529,1.6200314008615209,0.375,False,0.18852590785230694,0.2681495204049863,0.4729718121480366,0.3828125,False,1.0,0.0,1.0,1.0,False
57,B,gaussian_blur,0.09852836827495606,0.14220000160389695,0.22874278607246884,0.1640625,False,0.04008512096172337,0.06470946743889672,0.1070001663088417,0.1328125,False,0.23564506754159859,0.29945849835660976,0.3837410247709613,0.125,False,0.7734314973725056,0.9987724894953107,1.5173706566930174,0.3203125,False,0.1942789763884265,0.24649423310178908,0.47755682895151363,0.4140625,False,1.0,0.0,1.0,1.0,False
58,A,clean,0.27304657773854857,0.151409782342332,0.27963977335172097,0.9453125,False,0.15353153750928353,0.06724561441123772,0.13220818211839502,0.9921875,True,0.28357567016632185,0.19604780818260853,0.3056946986771914,0.90625,False,2.0,1.0327376271106026,1.914470141976642,1.0,True,0.6931471805599454,0.23407375757793508,0.6435966426528494,1.0,True,0.0,1.0,1.0,0.4296875,False
58,A,brightness_dark,0.24060554944284984,0.15107957713765705,0.27301061682105193,0.8984375,False,0.11902903231558969,0.06625111358315425,0.12637117652913016,0.90625,False,0.24820036662972367,0.18942307430841493,0.30671585474358226,0.8515625,False,2.0,1.2529751612777364,2.0,1.0,False,0.6931471805599453,0.3029404946246821,0.6931471805599454,0.921875,False,0.0,0.0,1.0,0.546875,False
58,A,contrast_low,0.33946728055571507,0.15252882016621538,0.24828331697353972,1.0,True,0.1895876686714056,0.07096301151831887,0.11882609819403239,1.0,True,0.3702053486221141,0.18956571418681706,0.2912530615503064,1.0,True,2.0,1.1015070498798925,2.0,1.0,False,0.6931471805599454,0.24511395928813084,0.6931471805599452,1.0,True,0.0,1.0,1.0,0.484375,False
58,A,gaussian_noise,0.2523243560818842,0.1487337888002545,0.24094380414391584,0.953125,True,0.14249960536603337,0.06422811499179158,0.11768994066919478,0.96875,True,0.26524249258336297,0.19060568384415333,0.3091121729131812,0.90625,False,2.0,0.8432618041224254,2.0,1.0,False,0.6931471805599453,0.18805175442151195,0.6931471805599452,0.9765625,True,0.0,1.0,1.0,0.3359375,False
58,A,gaussian_blur,0.2714205635481138,0.13954902509336517,0.23048413541021878,0.9765625,True,0.1535357566077203,0.062422519746022836,0.11497759697607798,0.9921875,True,0.2861251787876474,0.1904942033845051,0.2764397897517878,0.96875,True,2.0,0.8653791420420303,2.0,1.0,False,0.6931471805599454,0.18851941927460408,0.6931471805599453,0.9921875,True,0.0,1.0,1.0,0.34375,False
58,B,clean,0.27304657773854857,0.1500408632015869,0.26134053536601876,0.9609375,True,0.15353153750928353,0.06628077652647912,0.11841331898797237,1.0,True,0.28357567016632185,0.183044506023772,0.2972429295943208,0.921875,False,2.0,0.9202677438514775,1.992898836683552,1.0,True,0.6931471805599454,0.1973087161194227,0.6837446712682617,1.0,True,0.0,1.0,1.0,0.34375,False
58,B,brightness_dark,0.24135614457102683,0.13289148161697945,0.2406201301046204,0.9453125,True,0.11884940727299102,0.05942796159447607,0.11031365042198514,0.9609375,True,0.24879238785141894,0.17084650003278734,0.28072620493808353,0.90625,False,1.9960641507007018,1.1422502853121428,2.0,0.9296875,False,0.6882884076794339,0.2663671843162761,0.6931471805599453,0.9296875,False,0.0,1.0,1.0,0.484375,False
58,B,contrast_low,0.3470520920883246,0.12524319835002554,0.2959798244058152,0.9609375,True,0.19325613254997234,0.06298926381590024,0.15638099002718633,0.9921875,True,0.38175793212727716,0.17730066209263956,0.3598059629244653,0.9609375,True,2.0,1.127646528343098,2.0,1.0,False,0.6931471805599453,0.25891659922796406,0.6931471805599454,0.9375,False,0.0,0.5,1.0,0.5,False
58,B,gaussian_noise,0.24588016117503525,0.1404554047643632,0.26300112511555573,0.9296875,False,0.13806704006619608,0.0616345125368987,0.11954987541706258,1.0,True,0.25835371427300846,0.17768383051115744,0.30616844570405594,0.8828125,False,2.0,0.925173691282325,1.971086449645721,1.0,True,0.6931471805599454,0.19513513251249637,0.6717702027003768,1.0,True,0.0,1.0,1.0,0.3203125,False
58,B,gaussian_blur,0.27750768865983433,0.14292301648617683,0.24142422293741553,0.9921875,True,0.15653347574666582,0.06651682900289019,0.11351150130974864,1.0,True,0.29251826370127065,0.18694314384867017,0.29537256363085723,0.9453125,False,2.0,0.9898904688494006,1.9142473077077111,1.0,True,0.6931471805599453,0.22370900215747774,0.6446746413756359,0.9921875,True,0.0,1.0,1.0,0.3828125,False
59,A,clean,0.1730482403202196,0.1611968379552413,0.25478333470951947,0.5859375,False,0.07395759989677542,0.07110107551655487,0.11741630770411034,0.53125,False,0.2220927636065114,0.31314905844524465,0.41503758229490617,0.0546875,False,0.6648265373201739,0.6598743180897054,1.1790960709163405,0.5234375,False,0.13340413497645787,0.1294323632332931,0.3259901914341238,0.5078125,False,1.0,1.0,1.0,1.0,False
59,A,brightness_dark,0.15830269881014705,0.14785441096891344,0.25829832574992345,0.5859375,False,0.07011596363891473,0.06606303478860101,0.11978955930019712,0.546875,False,0.205750482393062,0.2953798201802533,0.43186003397982037,0.0234375,False,0.6724488200125098,0.6703974162300428,1.2556096589527197,0.5,False,0.1311777292007137,0.1478047999892559,0.36426777699238544,0.421875,False,1.0,1.0,1.0,1.0,False
59,A,contrast_low,0.10616872282059589,0.14702185085846253,0.2693315444479167,0.25,False,0.051165180229157683,0.06334929648439108,0.12523754883317115,0.3203125,False,0.254078545722187,0.3039706656616338,0.45005759529638056,0.171875,False,0.3601236572716381,0.7097696154375546,1.1676234235620948,0.0625,False,0.05300908993477971,0.14778968400226378,0.3210146588899441,0.046875,False,1.0,1.0,1.0,1.0,False
59,A,gaussian_noise,0.152084276635588,0.1643429558831993,0.26169497871810915,0.4375,False,0.06178539990571592,0.07042676228107957,0.12870416080918695,0.421875,False,0.21293216141292526,0.29685496604951245,0.43570029328977006,0.0546875,False,0.6452072570116968,0.6893644046675654,1.1983526077769684,0.421875,False,0.13341231885979266,0.13742147409165872,0.33563325427823043,0.4765625,False,1.0,1.0,1.0,1.0,False
59,A,gaussian_blur,0.16179418287377717,0.14914046132019018,0.24280545362749553,0.59375,False,0.07234123539986832,0.066466895325015,0.11602578901174927,0.59375,False,0.23403309849483028,0.31226559333913373,0.4257911291406558,0.1015625,False,0.6308655156591203,0.6340628537416844,1.1767454780157052,0.5,False,0.12067622640400799,0.1319962073650538,0.3002919124028299,0.4453125,False,1.0,1.0,1.0,1.0,False
59,B,clean,0.1730482403202196,0.15628143618390916,0.25648640870457834,0.640625,False,0.07395759989677542,0.06638786943910362,0.12117587860387063,0.5703125,False,0.2220927636065114,0.30334318664839144,0.4170673416293197,0.0703125,False,0.6648265373201739,0.646106571806022,1.1931748375021223,0.5234375,False,0.13340413497645787,0.1392430830903284,0.32436386147959523,0.46875,False,1.0,1.0,1.0,1.0,False
59,B,brightness_dark,0.16060243701314283,0.14577214510490424,0.25080180263114715,0.6328125,False,0.0706543305336029,0.06537893287697012,0.11123693770167449,0.640625,False,0.20728762145417534,0.29445136105371084,0.41280978281450925,0.0390625,False,0.6731752720178974,0.6701844767432031,1.3797492855201248,0.5078125,False,0.13160016844470745,0.14208260729353483,0.37538454681105216,0.453125,False,1.0,1.0,1.0,1.0,False
59,B,contrast_low,0.09145927853654692,0.15550615075672772,0.2648641046188304,0.15625,False,0.04554604420915248,0.07362081147017113,0.13308567777632113,0.203125,False,0.26334402537672347,0.3086615976871402,0.4306202524530742,0.25,False,0.393365915809769,0.7496801865679007,1.2452012797860406,0.0703125,False,0.0603818781134291,0.1648714080073761,0.3655483321364229,0.0390625,False,1.0,1.0,1.0,1.0,False
59,B,gaussian_noise,0.15116219807084375,0.15641923424793203,0.2481339107689992,0.4765625,False,0.06141486694225544,0.06781757917953743,0.11350718246918921,0.359375,False,0.20822142584001657,0.2940588425589967,0.41664331605663163,0.0390625,False,0.6495904509602654,0.6556003123441287,1.2406589623034794,0.4921875,False,0.13540308875060947,0.13307234959561676,0.32725462869736416,0.5,False,1.0,1.0,1.0,1.0,False
59,B,gaussian_blur,0.16281839351360705,0.15541993924250358,0.252769752652307,0.546875,False,0.07289962002975765,0.07103241788640657,0.11213968612487848,0.515625,False,0.23592981994124063,0.31439217330408825,0.4220720421595819,0.0859375,False,0.6351327406383556,0.7350564253817666,1.12409895375048,0.40625,False,0.12136454760010662,0.1542553193046633,0.3107000844602293,0.3359375,False,1.0,1.0,1.0,1.0,False
60,A,clean,0.1977915997650895,0.15903719340663477,0.3025249350848114,0.6953125,False,0.08894915572563303,0.07274973359795296,0.13590173621145607,0.6484375,False,0.1977915997650895,0.15903719340663477,0.3025249350848114,0.6953125,False,0.7793691613479246,0.3799994021893005,1.0931799406318146,0.8515625,False,0.15886525159577558,0.07084432267551982,0.24211150363412334,0.8515625,False,1.0,1.0,1.0,1.0,False
60,A,brightness_dark,0.22787518883837718,0.15366714093009168,0.28146935450305033,0.8125,False,0.10833255103116775,0.07019687318086626,0.1283255515756766,0.8671875,False,0.22787518883837718,0.15366714093009168,0.28146935450305033,0.8125,False,0.9834719656286712,0.3434793849443407,1.0034913492503967,0.9375,False,0.21124467783944967,0.0635600880535768,0.21672612583907694,0.9375,False,1.0,1.0,1.0,1.0,False
60,A,contrast_low,0.19511714568270916,0.1696655221777511,0.3014848755448306,0.640625,False,0.0951357448223898,0.07359393336432782,0.13743465700128332,0.734375,False,0.19511714568270916,0.1696655221777511,0.3014848755448306,0.640625,False,1.2021690776240348,0.502873875223394,1.446932916986689,0.8828125,False,0.27503832929230576,0.09621175137272667,0.35958451131453734,0.8828125,False,0.0,1.0,1.0,0.1484375,False
60,A,gaussian_noise,0.20780362124518129,0.16611836924786458,0.29455027549596074,0.75,False,0.09280517453354298,0.07360972941487703,0.12894904760061976,0.734375,False,0.20780362124518129,0.16611836924786458,0.29455027549596074,0.75,False,0.8202245022044329,0.37734169514159116,1.0895272994353375,0.84375,False,0.1688826231049806,0.0703104689502932,0.24104917225049616,0.84375,False,1.0,1.0,1.0,1.0,False
60,A,gaussian_blur,0.21663458996452115,0.1650521955371378,0.30126824311944234,0.7890625,False,0.0966769359149511,0.07382878947983497,0.13951983932364592,0.765625,False,0.21663458996452115,0.1650521955371378,0.30126824311944234,0.7890625,False,0.9052262122064029,0.4119785478464566,1.0819950029078367,0.8984375,False,0.190450149704243,0.07731787309555585,0.23904946975694652,0.8984375,False,1.0,1.0,1.0,1.0,False
60,B,clean,0.1977915997650895,0.15926763399235364,0.29244002291266297,0.7265625,False,0.08894915572563303,0.07045404373072733,0.1251414365574361,0.7109375,False,0.1977915997650895,0.15926763399235364,0.29244002291266297,0.7265625,False,0.7793691613479246,0.2694844212556303,0.8562856190320502,0.9140625,False,0.15886525159577558,0.04913358835382099,0.17791105936126397,0.9140625,False,1.0,1.0,1.0,1.0,False
60,B,brightness_dark,0.22770577365244934,0.1604472648806861,0.27187063313128756,0.875,False,0.10749128226221798,0.07268843871133082,0.11934269509171624,0.8828125,False,0.22770577365244934,0.1604472648806861,0.27187063313128756,0.875,False,0.9725595442947339,0.34539331692414654,0.8945501618694883,0.96875,True,0.20828694301901718,0.06393854749136314,0.18768542992341047,0.96875,True,1.0,1.0,1.0,1.0,False
60,B,contrast_low,0.19257298476120585,0.1615893446859895,0.2884907823415076,0.6484375,False,0.09294770664927823,0.07287301667491562,0.1317825820041482,0.6796875,False,0.19257298476120585,0.1615893446859895,0.2884907823415076,0.6484375,False,1.2164981607376184,0.5106034372658408,1.3275002863903402,0.8828125,False,0.27955618950046346,0.09785404926278815,0.3162402880625593,0.8828125,False,0.0,1.0,1.0,0.125,False
60,B,gaussian_noise,0.20438679406850396,0.17058950821621904,0.2906878585000998,0.6640625,False,0.09113207157054047,0.07947400854346746,0.12737607250138364,0.65625,False,0.20438679406850396,0.17058950821621904,0.2906878585000998,0.6640625,False,0.8154895263291555,0.38160351284136995,1.0556663812974212,0.84375,False,0.16771044838687865,0.07116713938412106,0.23134804746999105,0.84375,False,1.0,1.0,1.0,1.0,False
60,B,gaussian_blur,0.21859814802323088,0.16767463170201394,0.30546778692593857,0.84375,False,0.09721564185131402,0.07620127235710816,0.1394227795283526,0.8359375,False,0.21859814802323088,0.16767463170201394,0.30546778692593857,0.84375,False,0.9159082474223399,0.39407510151515285,1.1240452929493514,0.875,False,0.19323371141624757,0.07368257442865624,0.25144847729188996,0.875,False,1.0,1.0,1.0,1.0,False
61,A,clean,0.10734056635087488,0.16295074182121522,0.24404297786007514,0.1484375,False,0.04548562880765835,0.07007696510511943,0.10882061659915795,0.1875,False,0.293782807464881,0.2656432661201565,0.3713666750158421,0.7109375,False,0.6943701860204858,0.5261968635338841,1.2500033516874707,0.6640625,False,0.19110452780377374,0.13346292209174326,0.29509906241162237,0.8046875,False,1.0,1.0,1.0,1.0,False
61,A,brightness_dark,0.08967881762263973,0.1420350306934856,0.23716325343321004,0.0859375,False,0.03844941048136234,0.05881716778596919,0.1005212164779353,0.09375,False,0.27630023661499403,0.2460120067353006,0.3326028359286487,0.7109375,False,0.6491882247310234,0.5,1.1370291384543216,0.6171875,False,0.20011550218909835,0.13732172059117387,0.2513110186248966,0.796875,False,1.0,1.0,1.0,1.0,False
61,A,contrast_low,0.09869665743984948,0.13963727322201247,0.26873270982685726,0.1953125,False,0.04235192545431528,0.06226705298719628,0.11177328662440326,0.171875,False,0.23437075439225716,0.2504278065892329,0.3537649551404504,0.3984375,False,0.9052716878275865,0.8538695807109542,1.710494455854324,0.5390625,False,0.22587316874662,0.19745172171241487,0.4997710809134853,0.59375,False,1.0,1.0,1.0,1.0,False
61,A,gaussian_noise,0.11336723628182213,0.14834434234819605,0.2557979948026707,0.21875,False,0.04654511019994316,0.06165484600197654,0.10620834154057163,0.2421875,False,0.31043636799436203,0.25112272610362574,0.33018268853625427,0.890625,False,0.7508039721044957,0.5573367922717409,1.1521697726412532,0.7578125,False,0.21961183880567825,0.13342399009490213,0.26632235074435595,0.890625,False,1.0,1.0,1.0,1.0,False
61,A,gaussian_blur,0.09979183698082499,0.15576531565015694,0.2651379819098276,0.1015625,False,0.041672499422207666,0.06585466591146354,0.11261307709114528,0.140625,False,0.2596294433231197,0.2663862456259727,0.37470968097951984,0.453125,False,0.6081186801117338,0.5466318699551348,1.1192807385222636,0.59375,False,0.19252773122010258,0.13619467503412952,0.2739857594351395,0.7890625,False,1.0,1.0,1.0,1.0,False
61,B,clean,0.10734056635087488,0.15740717634082602,0.27114738203427624,0.15625,False,0.04548562880765835,0.0658816646842918,0.10842796653392056,0.203125,False,0.293782807464881,0.26279662014125277,0.3574061507974634,0.7109375,False,0.6943701860204858,0.5394316242571525,1.134994288408132,0.6875,False,0.19110452780377374,0.13258587390716325,0.28477374086999363,0.7890625,False,1.0,1.0,1.0,1.0,False
61,B,brightness_dark,0.08986827409627288,0.14149867011610212,0.22619663792056047,0.1328125,False,0.03880176295508654,0.05849299618429245,0.09855016123921902,0.15625,False,0.27763273722305803,0.24794693805621487,0.33710845703107856,0.6953125,False,0.6424666347574086,0.5,1.174051315219454,0.6484375,False,0.19886261099190494,0.11680220855261758,0.25828998518424656,0.828125,False,1.0,1.0,1.0,1.0,False
61,B,contrast_low,0.09508425165669744,0.14837923091484423,0.2680047015798273,0.171875,False,0.0411557563312565,0.06507083008792912,0.11984186452496566,0.171875,False,0.2351374851954561,0.24731720967245152,0.35528902049226146,0.390625,False,0.9491049780250271,0.9073575829205307,1.6578240530391875,0.546875,False,0.26104601483384804,0.19674055657538042,0.4857895525691022,0.7265625,False,1.0,1.0,1.0,1.0,False
61,B,gaussian_noise,0.11000310944225142,0.14976504930379675,0.2513183148851987,0.1953125,False,0.04533158095031938,0.06214204732697555,0.10376633876102118,0.21875,False,0.3055618645716434,0.24385968490132998,0.35757579443890297,0.7734375,False,0.7322560453393978,0.5356818747877627,1.2292526258812633,0.65625,False,0.2159727974697031,0.1341427833679491,0.2835016270582044,0.84375,False,1.0,1.0,1.0,1.0,False
61,B,gaussian_blur,0.10027384146922068,0.15637073468479948,0.2453471146879892,0.1015625,False,0.041869342587798654,0.0647249488776448,0.10001728944340291,0.140625,False,0.26283160150909574,0.2694685003082375,0.35590159704155966,0.46875,False,0.6024795485888574,0.531164694312166,1.1665740558683362,0.59375,False,0.19149830446972904,0.12694465656149506,0.26088642384011845,0.8125,False,1.0,1.0,1.0,1.0,False
62,A,clean,0.15105264136011884,0.15299059666358475,0.26377546694750575,0.46875,False,0.07032239731577287,0.06606862333879882,0.10999232840560304,0.5625,False,0.2527135312224524,0.2828851959379723,0.3914944627650564,0.2578125,False,0.9158237896636094,1.0119683199432454,1.6285777916337458,0.3671875,False,0.2728098166532653,0.2699651534436577,0.5146258069347741,0.5078125,False,0.0,0.0,1.0,0.7578125,False
62,A,brightness_dark,0.1298776747946696,0.15051194085287067,0.25247045355028297,0.3359375,False,0.05283938621584647,0.06550784198239995,0.11305720542291968,0.2734375,False,0.2623078654703428,0.2769663191259999,0.3880095894483369,0.359375,False,0.9414388346135134,1.0398326597096534,1.6109939311795933,0.4375,False,0.24792347274681514,0.28163882264011497,0.5089734335468356,0.3828125,False,0.0,0.0,1.0,0.7890625,False
62,A,contrast_low,0.0626364812450405,0.14638947515526743,0.2514672504725226,0.0390625,False,0.02498037274210744,0.06590373275150696,0.11528546193511344,0.0546875,False,0.21446138613487487,0.29988464272285303,0.39180965026641595,0.0625,False,0.8774789377811518,1.1081251756561306,1.5662099652009325,0.2421875,False,0.2525604912956261,0.3215474401861258,0.5002251366512681,0.2890625,False,0.0,0.0,1.0,0.8359375,False
62,A,gaussian_noise,0.16216165783273456,0.1457715469168681,0.2677029922584506,0.59375,False,0.07650395522610803,0.0639777709825334,0.11177462842254017,0.6171875,False,0.24585378205804717,0.2856383848061247,0.393165774516828,0.2421875,False,1.1831385678411082,0.920213258733383,1.4745758503798199,0.71875,False,0.3358945808608682,0.2476617205474403,0.4379985417170222,0.7734375,False,0.0,0.0,1.0,0.6875,False
62,A,gaussian_blur,0.154658459643304,0.15232418073542195,0.24184214138374482,0.515625,False,0.07569714819687859,0.06733328143352496,0.101342353454018,0.6328125,False,0.2531208778303927,0.29218705640799036,0.3898126521985121,0.21875,False,0.9811162978211967,1.010360996638225,1.465458853999728,0.453125,False,0.30570453124195884,0.2837726215424703,0.45210035935661813,0.6171875,False,0.0,0.0,1.0,0.78125,False
62,B,clean,0.15105264136011884,0.1579496614243386,0.2529554306513935,0.4609375,False,0.07032239731577287,0.06843445582316646,0.1122734106825503,0.53125,False,0.2527135312224524,0.2853236776722303,0.39674384173509036,0.2421875,False,0.9158237896636094,0.9234070926506559,1.449947020911532,0.484375,False,0.2728098166532653,0.24008044413785112,0.4235103983136411,0.578125,False,0.0,0.0,1.0,0.6796875,False
62,B,brightness_dark,0.13199138033905475,0.14510615977353317,0.2400774404069423,0.390625,False,0.053688510842507725,0.06368748041063929,0.11144742673431338,0.328125,False,0.2648213494672898,0.28413392843106655,0.3765565708689515,0.34375,False,0.9425536477504424,1.0499617941542403,1.565631552217111,0.3828125,False,0.2473441619707335,0.2786371300951048,0.48535976910884643,0.40625,False,0.0,0.0,1.0,0.78125,False
62,B,contrast_low,0.06944148267361236,0.14253173689159215,0.2802689638326102,0.0390625,False,0.027457425833751062,0.065130679740912,0.12349174565337008,0.03125,False,0.21219109860289745,0.29653299250454,0.39390334939350924,0.0625,False,0.9490129725532943,1.0698874207019928,1.674205885100846,0.3828125,False,0.2643739850598201,0.2868842295741908,0.5384324896216411,0.3984375,False,0.0,0.0,1.0,0.828125,False
62,B,gaussian_noise,0.16105948065667716,0.14673773178872307,0.2369865393940197,0.609375,False,0.07610035838350758,0.062357787340203266,0.10216906722140562,0.6953125,False,0.24419059424336836,0.28060157393854823,0.3691036853546129,0.203125,False,1.1809633623948779,0.9631715011829048,1.5972085683285413,0.6640625,False,0.336114966806357,0.2557139271352089,0.5303064997787452,0.703125,False,0.0,0.0,1.0,0.7734375,False
62,B,gaussian_blur,0.1539859900991409,0.13771041102624415,0.23341869257582742,0.59375,False,0.0757420924473721,0.060222616306560575,0.11061876663538492,0.6875,False,0.25301677131401323,0.2868863455667527,0.37790303673373743,0.2734375,False,0.9794575361487492,0.9043656417798229,1.4924028538467409,0.5703125,False,0.30541703573309764,0.23955442981195751,0.4439706129966515,0.6875,False,0.0,0.0,1.0,0.75,False
63,A,clean,0.10105056133686215,0.13669207893737337,0.21858268535865957,0.2265625,False,0.0396950804185854,0.060156885720042644,0.11689705503733153,0.1953125,False,0.2280194310250278,0.21082257983568933,0.3041816893326588,0.6640625,False,0.7060702631361071,0.6563895214216768,1.1162165172185168,0.5234375,False,0.12331980286574507,0.1214581858346746,0.32263106891470356,0.5078125,False,1.0,1.0,1.0,1.0,False
63,A,brightness_dark,0.09743635738897954,0.13558210109290192,0.24449970477148497,0.171875,False,0.03576408033767615,0.061362034625632875,0.1147398767876102,0.1171875,False,0.166901286996056,0.21815610364572716,0.3258491139991793,0.1796875,False,0.8999999999999999,0.9,1.1573365231590442,0.4765625,False,0.27568451008554673,0.21345367609012383,0.3323994432699418,0.734375,False,1.0,1.0,1.0,1.0,False
63,A,contrast_low,0.13265768133684652,0.12935989468151973,0.209712199849576,0.515625,False,0.054988023136585004,0.05834165988930903,0.0943495151588937,0.4765625,False,0.18205520467033187,0.21326371039296937,0.3160848884119254,0.265625,False,0.9,0.6892214771132723,1.2144862044459528,0.7265625,False,0.22797395659141229,0.12269127045306544,0.35663421602727136,0.7265625,False,1.0,1.0,1.0,1.0,False
63,A,gaussian_noise,0.10650115119515136,0.12681391189705093,0.22488321762062868,0.359375,False,0.041889432185215104,0.05568208004693851,0.10883282283807216,0.265625,False,0.21274642934419907,0.20323424110628407,0.3101829229598007,0.5625,False,0.7597845081122623,0.7079986646656709,1.0009189406569532,0.53125,False,0.14055999614663128,0.14360697998418132,0.32789818745344723,0.4921875,False,1.0,1.0,1.0,1.0,False
63,A,gaussian_blur,0.0968214438000124,0.1260128300876473,0.2354132410956058,0.296875,False,0.03735813250156611,0.05547767125991265,0.10659477548142586,0.203125,False,0.18784933203093027,0.21163138497535366,0.3169345003308787,0.34375,False,0.7081831845563791,0.5354146131179671,1.0,0.6640625,False,0.12055025235948058,0.0870627184252073,0.29955928806968896,0.640625,False,1.0,1.0,1.0,1.0,False
63,B,clean,0.10105056133686215,0.12388171642955448,0.2187439670241426,0.3515625,False,0.0396950804185854,0.052142565064881324,0.10564893754893663,0.25,False,0.2280194310250278,0.21063594056119728,0.2961048172831868,0.625,False,0.7060702631361071,0.5831490207567586,1.0042103070874289,0.640625,False,0.12331980286574507,0.10413325434604315,0.3295133419475581,0.5625,False,1.0,1.0,1.0,1.0,False
63,B,brightness_dark,0.098147751632878,0.14152355711280462,0.2846855335692008,0.203125,False,0.03615505545829071,0.06252860030841385,0.12601821987389403,0.140625,False,0.16568460301295945,0.22490578456634497,0.3266099877542741,0.1484375,False,0.8977641452753249,0.9367619500015306,1.329906630155048,0.375,False,0.27484727337019366,0.24438026668259866,0.37224774698876073,0.671875,False,1.0,1.0,1.0,1.0,False
63,B,contrast_low,0.12166046894240691,0.1326898621663007,0.25118060513896934,0.4296875,False,0.04873303386232144,0.058173331806308334,0.1244065165974019,0.3828125,False,0.1731353117929582,0.2192003130653023,0.31519075891823206,0.1796875,False,0.9,0.7423487723458561,1.105176620343591,0.65625,False,0.23301375487049492,0.13554274598629729,0.3256315029939864,0.7265625,False,1.0,1.0,1.0,1.0,False
63,B,gaussian_noise,0.10634469012936304,0.12177563236501246,0.20999501445191243,0.296875,False,0.04178883144392294,0.05398524426443871,0.10645935756368818,0.234375,False,0.21089972131306933,0.20396367547682986,0.29497296767008374,0.5390625,False,0.744848944930268,0.7689488867454157,1.0833016295630988,0.4453125,False,0.13340081560673123,0.17949331767079935,0.34671450109248036,0.421875,False,1.0,1.0,1.0,1.0,False
63,B,gaussian_blur,0.0977933727145552,0.13763155947639966,0.23079066130206952,0.203125,False,0.03751567112944338,0.060079679778105716,0.10662879777133248,0.1328125,False,0.18889886618986323,0.21873379756959158,0.28144592376222666,0.21875,False,0.7149008926774191,0.5945958494351267,1.0,0.625,False,0.12351864328036877,0.09871622791887869,0.29567424023803096,0.59375,False,1.0,1.0,1.0,1.0,False
64,A,clean,0.16786783919809303,0.14833323717605662,0.23970114787295346,0.6640625,False,0.07755301499113777,0.06469712428324206,0.10307255042476783,0.75,False,0.31241475880603176,0.2675408292545466,0.3607530739781966,0.7578125,False,1.42877612360053,0.8170345149057849,1.6,0.8046875,False,0.3429343504373159,0.16172165309734066,0.4684826487926516,0.8203125,False,0.0,1.0,1.0,0.375,False
64,A,brightness_dark,0.17322090535629495,0.14439472197700426,0.2299850068468675,0.7109375,False,0.07472437128951576,0.061484528210680595,0.10666739599013375,0.734375,False,0.29850335356825974,0.25903690695567033,0.3593334972701611,0.7734375,False,1.666721880721862,1.024106595781097,1.6828666923884763,0.9296875,False,0.5033336373490451,0.21054804618776723,0.49632404940843045,0.96875,True,0.0,0.0,1.0,0.515625,False
64,A,contrast_low,0.24954928402928245,0.14370063446429304,0.24243596609034387,0.9765625,True,0.10251811694162442,0.06337259525746769,0.10429303487658516,0.921875,False,0.38447725781259184,0.27789913369730246,0.35324260325233914,0.9765625,True,1.8,1.0616626246766936,1.7,1.0,True,0.54688479491799,0.2472179242931286,0.49082346077602534,0.984375,True,0.0,0.0,1.0,0.53125,False
64,A,gaussian_noise,0.17407939548944623,0.15102083426664764,0.23396652447392305,0.6796875,False,0.07751514160450852,0.06376729529830041,0.11122645121063922,0.6640625,False,0.30737315880537047,0.27528982365306764,0.36268022795275334,0.71875,False,1.352751997520671,0.9033591880042651,1.6141230862013292,0.7421875,False,0.3149066894767871,0.1859064893181389,0.48231476513373156,0.7578125,False,0.0,1.0,1.0,0.4609375,False
64,A,gaussian_blur,0.18175861162047505,0.14287039597475953,0.243293525328718,0.765625,False,0.0850656624538588,0.060571522232788805,0.11592996858603548,0.7734375,False,0.3253699857091906,0.26976341380132973,0.3677564144256713,0.8515625,False,1.5925506660883086,0.781989223022617,1.6003162674883782,0.9140625,False,0.45492976122562223,0.15497218525163414,0.45668005877072904,0.9375,False,0.0,1.0,1.0,0.4140625,False
64,B,clean,0.16786783919809303,0.1608747645211604,0.27169450098373327,0.5625,False,0.07755301499113777,0.06618598971050524,0.11783390495406917,0.6484375,False,0.31241475880603176,0.27682330348503936,0.38918612156072047,0.75,False,1.42877612360053,0.7566527378076235,1.6,0.8359375,False,0.3429343504373159,0.14154146155337433,0.4568478617364249,0.8359375,False,0.0,1.0,1.0,0.375,False
64,B,brightness_dark,0.17207749721574603,0.14408050223315702,0.2431730466727514,0.7109375,False,0.07463961937671822,0.0613443609136374,0.10533901751356886,0.71875,False,0.3000603164646476,0.26619080015411667,0.3566769813641434,0.7421875,False,1.6828902836040178,1.0489920859062916,1.6963463982910478,0.9375,False,0.5077744988779955,0.22323732152061804,0.4984946336015729,0.9609375,True,0.0,0.0,1.0,0.5546875,False
64,B,contrast_low,0.2663539767603261,0.13798024433597042,0.24212096382241763,0.9765625,True,0.10962116373458937,0.06107281801246013,0.11205073459707461,0.9296875,False,0.39895840649051717,0.2701385595418827,0.37901417143703453,0.984375,True,1.8000000000000003,0.9227038417807598,1.653683900354073,1.0,True,0.5453871200182501,0.18973289206682153,0.47325695171965093,0.9921875,True,0.0,1.0,1.0,0.4609375,False
64,B,gaussian_noise,0.17042338568635917,0.14150666150728897,0.23715158653132243,0.75,False,0.0760541192140758,0.06057168697511526,0.10502820820604193,0.7421875,False,0.30436334883785066,0.2620684356677814,0.3869048773515661,0.7578125,False,1.379893705581365,0.8485532605867948,1.6080650175725408,0.8125,False,0.32538544192526264,0.18230556781650242,0.445886164815678,0.8125,False,0.0,1.0,1.0,0.4453125,False
64,B,gaussian_blur,0.18403895222311167,0.15413576416602204,0.25655005965004696,0.7265625,False,0.08560594155260401,0.06772984768851753,0.10844793605029719,0.71875,False,0.32627526816579283,0.27655262761823146,0.37797677752690045,0.765625,False,1.5941123336692449,0.8600945549596257,1.69753213299591,0.9140625,False,0.45603422610096755,0.16591158299042896,0.47548622082968145,0.9296875,False,0.0,1.0,1.0,0.421875,False
65,A,clean,0.14038415844069357,0.16030963431523387,0.25513292547284055,0.390625,False,0.06576897682150745,0.07017152455999266,0.11816045643274765,0.4140625,False,0.14038415844069357,0.16030963431523387,0.25513292547284055,0.390625,False,1.1023118166169579,0.3236099751232645,1.1253424567180457,0.9375,False,0.2447761305386824,0.05964277512552643,0.2515993966782871,0.9375,False,1.0,1.0,1.0,1.0,False
65,A,brightness_dark,0.1031519387356084,0.13345202202966464,0.23712526212012816,0.2265625,False,0.041920768853472415,0.05716326159999084,0.11472490492316785,0.1875,False,0.1031519387356084,0.13345202202966464,0.23712526212012816,0.2265625,False,0.4554956039407249,0.38231771146506577,1.2469155925473205,0.5859375,False,0.08626847467357834,0.07131060213842466,0.28936200864971146,0.5859375,False,1.0,1.0,1.0,1.0,False
65,A,contrast_low,0.1579015308029778,0.14512674162500033,0.2325744524138107,0.640625,False,0.0674479787199932,0.06162136053262486,0.1055123103690338,0.6171875,False,0.1579015308029778,0.14512674162500033,0.2325744524138107,0.640625,False,1.2098901499706067,0.441500641699217,1.473385375554957,0.8984375,False,0.27746694704323727,0.08337099301649739,0.36993715544276323,0.8984375,False,1.0,1.0,1.0,1.0,False
65,A,gaussian_noise,0.16056279685625596,0.15006600999569458,0.2611172137861442,0.578125,False,0.07092662212658024,0.06619497922419773,0.12447675432711118,0.578125,False,0.16056279685625596,0.15006600999569458,0.2611172137861442,0.578125,False,0.9978790994160325,0.2847299055740522,0.9641890739061394,0.9609375,True,0.21517941697635745,0.052070666052525014,0.20603191622349123,0.9609375,True,1.0,1.0,1.0,1.0,False
65,A,gaussian_blur,0.1610499803240681,0.15097765293760598,0.24909937617780148,0.5390625,False,0.07974997841808265,0.06757638018537804,0.11432741236921044,0.6796875,False,0.1610499803240681,0.15097765293760598,0.24909937617780148,0.5390625,False,1.2670573533230738,0.2602737070186638,1.0709013191226144,0.984375,True,0.2958809492061534,0.04736851369899664,0.23568631145365787,0.984375,True,1.0,1.0,1.0,1.0,False
65,B,clean,0.14038415844069357,0.1491204672117998,0.2476719574165357,0.4296875,False,0.06576897682150745,0.0659169233755702,0.10750177892357168,0.5,False,0.14038415844069357,0.1491204672117998,0.2476719574165357,0.4296875,False,1.1023118166169579,0.2251115865913964,0.9769919394812342,0.9765625,True,0.2447761305386824,0.04068924798613642,0.20948607186101634,0.9765625,True,1.0,1.0,1.0,1.0,False
65,B,brightness_dark,0.10498557032254861,0.1415562681211537,0.25742106274355675,0.1953125,False,0.04284897104068593,0.0631783450845051,0.11374577335461489,0.203125,False,0.10498557032254861,0.1415562681211537,0.25742106274355675,0.1953125,False,0.46211024656262345,0.3567842350072564,1.2309936331957867,0.5859375,False,0.08764416491648358,0.0662005912433668,0.28535400035914843,0.5859375,False,1.0,1.0,1.0,1.0,False
65,B,contrast_low,0.16109524761818897,0.136342737639274,0.25130391298853255,0.6640625,False,0.06951674449690133,0.05855873459888285,0.11224187365988807,0.6328125,False,0.16109524761818897,0.136342737639274,0.25130391298853255,0.6640625,False,1.2849496989861344,0.5041694377843206,1.7894676718944116,0.8671875,False,0.3018082024769124,0.09648805644359473,0.5219560494923341,0.8671875,False,1.0,1.0,1.0,1.0,False
65,B,gaussian_noise,0.15930709973308063,0.13913589723551031,0.2569679591264942,0.609375,False,0.07071088850456131,0.06275503042145819,0.11724309190289227,0.609375,False,0.15930709973308063,0.13913589723551031,0.2569679591264942,0.609375,False,1.0054828022715314,0.2494816308792522,0.8797088111632994,0.9765625,True,0.2172699340427966,0.04530784264928535,0.18387514025274956,0.9765625,True,1.0,1.0,1.0,1.0,False
65,B,gaussian_blur,0.16455456526878165,0.16925220792861445,0.25108635589685296,0.46875,False,0.08071875322336591,0.07318555922311762,0.11603327329865269,0.6484375,False,0.16455456526878165,0.16925220792861445,0.25108635589685296,0.46875,False,1.2400417550041087,0.3239305823547337,1.0743068858363563,0.9609375,True,0.2870820638695386,0.05970722856631852,0.23668209212174926,0.9609375,True,1.0,1.0,1.0,1.0,False
66,A,clean,0.2148047824717383,0.14387978318837052,0.24117688563652498,0.875,False,0.0848601521001915,0.06249435193405626,0.12022037690166475,0.7734375,False,0.26337686971208213,0.18671834664688966,0.29662572449841046,0.859375,False,1.5058192278241618,0.7284469009004761,1.8388351203217248,0.8828125,False,0.36438283145663986,0.14256523274963523,0.5846834396755669,0.875,False,0.0,1.0,1.0,0.2265625,False
66,A,brightness_dark,0.1744044367722562,0.13457916746422022,0.24987860731579697,0.765625,False,0.06810087191468236,0.061377440992512404,0.11727443110712168,0.609375,False,0.23864887560290002,0.18172859616753367,0.29781010413606424,0.875,False,1.820983077074961,0.7674671456645157,1.9,0.8828125,False,0.600591336050271,0.1501874990365326,0.6404307367822029,0.890625,False,0.0,1.0,1.0,0.34375,False
66,A,contrast_low,0.1381116910289027,0.12919895124022512,0.27078557029329037,0.5703125,False,0.06075055856774919,0.06114018631541457,0.12212181360165726,0.5,False,0.1824304878070292,0.17857865993719862,0.31523015522547354,0.5390625,False,1.100889297293283,0.826730436297934,1.9,0.6484375,False,0.22731166655407542,0.16923020122181054,0.6511151523198864,0.625,False,1.0,1.0,1.0,1.0,False
66,A,gaussian_noise,0.19898505901434943,0.14259112920928202,0.23615996464199177,0.859375,False,0.0818264083332932,0.06487065223163999,0.11663781879960841,0.7265625,False,0.24975941829185477,0.19326124168535996,0.30138296153074856,0.8046875,False,1.429602762271676,0.7404873233264649,1.8750726671252396,0.8203125,False,0.33303248246810324,0.1508076546170401,0.5887758594662441,0.8125,False,0.0,1.0,1.0,0.3125,False
66,A,gaussian_blur,0.20896096844383952,0.13387843826522022,0.23783228121940034,0.828125,False,0.08699322966762014,0.060409271888614405,0.1186241621591083,0.7578125,False,0.2574023396907394,0.1926807536672781,0.3235375289774264,0.8359375,False,1.6405439039148937,0.8534579183124733,1.9,0.828125,False,0.4270146839264528,0.16778289726764262,0.643182010704803,0.8203125,False,0.0,1.0,1.0,0.328125,False
66,B,clean,0.2148047824717383,0.12499110849057979,0.23859626288686528,0.8828125,False,0.0848601521001915,0.057173828215139666,0.11440665987658498,0.8125,False,0.26337686971208213,0.17608872446641116,0.29896557410178126,0.8984375,False,1.5058192278241618,0.7490005802837603,1.7318210232738027,0.9375,False,0.36438283145663986,0.14478797423841178,0.5024797048371397,0.9296875,False,0.0,1.0,1.0,0.234375,False
66,B,brightness_dark,0.17661752644828427,0.13106860094037576,0.25752484208577353,0.796875,False,0.06895421341644832,0.05711338475729344,0.11578502605936396,0.640625,False,0.24091131782612626,0.1813997416568934,0.30823660242059336,0.8359375,False,1.8202642777024107,1.0169506141754876,1.9174059136186468,0.8515625,False,0.6004151327778738,0.20295504471092235,0.661244693434222,0.8671875,False,0.0,1.0,1.0,0.4296875,False
66,B,contrast_low,0.13668060695781756,0.1324977581364657,0.2378112531678687,0.5625,False,0.05906146375012793,0.06266304865511521,0.11061832927212675,0.4453125,False,0.18531775383113389,0.1876582440449429,0.29227886135831016,0.46875,False,1.2160758844575525,1.0417984925632042,1.9,0.5859375,False,0.263409067256027,0.22203331524180425,0.647284107562149,0.578125,False,0.0,1.0,1.0,0.4296875,False
66,B,gaussian_noise,0.19807888252127606,0.1274995916515626,0.24423389681258847,0.875,False,0.08159816022664808,0.05545530480895182,0.11324441666934243,0.75,False,0.24789080072724384,0.18117065725039933,0.30669117727923445,0.859375,False,1.410889984367531,0.7883593277286145,1.9,0.8359375,False,0.32547685587473685,0.15357523387993927,0.6342463038053932,0.8203125,False,0.0,1.0,1.0,0.3046875,False
66,B,gaussian_blur,0.2091160497221276,0.14288945650900975,0.23903184772218228,0.875,False,0.08645288470490464,0.065837847571624,0.12039859852985871,0.8046875,False,0.2578197899570109,0.19569322973919112,0.3111808995468803,0.8046875,False,1.649614596821062,0.7771206273714992,1.9,0.8671875,False,0.4322334224998715,0.1314141002438477,0.6279983259182831,0.859375,False,0.0,1.0,1.0,0.3203125,False
67,A,clean,0.10441461154213916,0.1558361114396032,0.27292264921243004,0.1015625,False,0.03976738199489562,0.0657629538773457,0.11553540031306594,0.0546875,False,0.2685460738183956,0.3069808544225707,0.4150789306818387,0.203125,False,0.5276645350153351,0.6191682982470945,1.3035620258917817,0.3125,False,0.07053986478340768,0.12061583919877888,0.3017334615051877,0.21875,False,1.0,1.0,1.0,1.0,False
67,A,brightness_dark,0.095753852291139,0.13177727002907869,0.22553238235487433,0.15625,False,0.03864668412875707,0.05618996732649301,0.09741621983291288,0.140625,False,0.2334116899305717,0.27493242351104796,0.38484622242974126,0.203125,False,0.7985538953263889,0.6461948226290557,1.158204187194106,0.7109375,False,0.18587637824011938,0.13807134496822737,0.2857306557937666,0.75,False,1.0,1.0,1.0,1.0,False
67,A,contrast_low,0.06814199080099802,0.1381529162720806,0.2593636526281937,0.03125,False,0.02801342369097576,0.060093358892359824,0.1147734111470356,0.0234375,False,0.16882812818447263,0.28692780375725335,0.4121067212834891,0.0,False,0.6858607690514853,0.8154989436888427,1.5092047661410262,0.359375,False,0.11993241959569345,0.17917030222004138,0.4219605232832102,0.2421875,False,1.0,1.0,1.0,1.0,False
67,A,gaussian_noise,0.11342445011719321,0.1631253501649913,0.26814943749192843,0.1640625,False,0.045909339814450036,0.06771605106225084,0.11355202419681562,0.1640625,False,0.2565279405537663,0.3015326461481151,0.40334274354854155,0.15625,False,0.4567168121567852,0.6892420965564927,1.1990053434201309,0.171875,False,0.04837751224921405,0.1486557174869021,0.31146117861545414,0.0703125,False,1.0,1.0,1.0,1.0,False
67,A,gaussian_blur,0.11631605664927988,0.15575094089249625,0.28079354066163453,0.1328125,False,0.04306885248502821,0.06688726735557374,0.11547233516255258,0.1015625,False,0.2874350561558768,0.29991018165940975,0.41387806990439385,0.4296875,False,0.4989515085119901,0.5968738147458348,1.1715596220706972,0.2734375,False,0.06707872211142996,0.12044871381501854,0.306321250722799,0.203125,False,1.0,1.0,1.0,1.0,False
67,B,clean,0.10441461154213916,0.16153971725914312,0.2665797335726369,0.1484375,False,0.03976738199489562,0.06747444246721934,0.11260426351083311,0.078125,False,0.2685460738183956,0.3014385556246515,0.40728583646186767,0.28125,False,0.5276645350153351,0.6367374573741309,1.1237724023958247,0.28125,False,0.07053986478340768,0.13475479790099754,0.27147679788799195,0.1796875,False,1.0,1.0,1.0,1.0,False
67,B,brightness_dark,0.09791725769770887,0.15523059152737223,0.24981289954688468,0.09375,False,0.039536975843151245,0.06584114101064506,0.1077234197585099,0.09375,False,0.2366509379167451,0.2960532884419228,0.38559158181507575,0.1484375,False,0.7978704362917286,0.7447557627694383,1.2074647544119381,0.59375,False,0.18577336234631447,0.16299534820677009,0.3111732304922403,0.625,False,1.0,1.0,1.0,1.0,False
67,B,contrast_low,0.060781944624580586,0.14752611238684682,0.24463561861935088,0.0078125,False,0.023644204741623716,0.06467771326822505,0.11377991066822397,0.0078125,False,0.16329155000718565,0.29180746879275943,0.38808091368727493,0.015625,False,0.7175657983035364,0.808068902178122,1.388803053425452,0.390625,False,0.15344369871923513,0.1805042955310796,0.3834883242122533,0.3984375,False,1.0,1.0,1.0,1.0,False
67,B,gaussian_noise,0.11547644571832238,0.15091692887530284,0.27574948320949455,0.2265625,False,0.046091677542833866,0.0671470331923957,0.12079325309744066,0.234375,False,0.2581465576862649,0.2945599958038938,0.41669487599800215,0.234375,False,0.46467164003990835,0.662846615035507,1.1698910926921082,0.1484375,False,0.049494628899673376,0.1411699770411059,0.3023501613301707,0.0859375,False,1.0,1.0,1.0,1.0,False
67,B,gaussian_blur,0.1158602815372394,0.17014323080184984,0.26017900526728566,0.1796875,False,0.04279906319328761,0.0704252565121368,0.11104904776763562,0.09375,False,0.2883417423116654,0.3085738655837939,0.42438856725019525,0.3359375,False,0.501546408291696,0.6131352345238399,1.1828172290477494,0.2421875,False,0.0675095600612956,0.13344636650210873,0.2827911700121172,0.1796875,False,1.0,1.0,1.0,1.0,False
68,A,clean,0.1137466350323886,0.14118968705753315,0.25061353156835453,0.28125,False,0.044595974560680866,0.06405861537465238,0.12262512904350617,0.203125,False,0.19559895113825762,0.2380704961089503,0.3470790281375963,0.21875,False,0.9394375216636333,0.7959650461101435,1.229789107067778,0.703125,False,0.1751550566071718,0.17224341721444625,0.30176537265451286,0.5078125,False,0.0,0.0,1.0,0.6953125,False
68,A,brightness_dark,0.13299121437490272,0.12994770086573318,0.2411071094957237,0.5234375,False,0.057081876959606016,0.06052802342462703,0.10752156809769492,0.4453125,False,0.20873109074340512,0.23275966329373388,0.3292889759806445,0.296875,False,0.9,0.8999999999999999,1.2931636775875077,0.5390625,False,0.2119467589045595,0.19464568050403486,0.33069525205681427,0.609375,False,0.0,0.0,1.0,0.6953125,False
68,A,contrast_low,0.1726235361056798,0.14145459131683347,0.2614806398881038,0.65625,False,0.07295670347741212,0.06446977243980043,0.1304567701644962,0.609375,False,0.22118289045110062,0.24978102881189673,0.3657184711530064,0.3125,False,0.7828136889266772,0.9315778187743529,1.3,0.359375,False,0.17141650727236146,0.2126348184753688,0.34970629615827176,0.3359375,False,1.0,0.0,1.0,1.0,False
68,A,gaussian_noise,0.09813136255498933,0.14698089599630879,0.2581160240421388,0.140625,False,0.03350709007706612,0.06420295798550427,0.1324355941227816,0.0703125,False,0.19708590840194085,0.24673861912858935,0.3635821099304868,0.140625,False,0.42204742357992353,0.7517495500045787,1.1850102260205746,0.1640625,False,0.04118453454739446,0.1559509751470899,0.3322951888647806,0.09375,False,0.0,0.0,1.0,0.578125,False
68,A,gaussian_blur,0.08236528572030402,0.14127176192143692,0.2594668253986296,0.1015625,False,0.03217783372122829,0.06408826424155681,0.13454349477108568,0.0625,False,0.17068829124698418,0.23515526053582053,0.36232795068623536,0.0703125,False,0.4153381909424455,0.8999999999999999,1.1812778004076834,0.1484375,False,0.040921419149422045,0.19196763017793467,0.2936652095381578,0.0859375,False,0.0,0.0,1.0,0.7109375,False
68,B,clean,0.1137466350323886,0.13743729498066537,0.25404810601918343,0.28125,False,0.044595974560680866,0.0606227539824722,0.12931730079629572,0.2421875,False,0.19559895113825762,0.23791435920294018,0.37458050527335185,0.15625,False,0.9394375216636333,0.8331252197897568,1.1604246505788565,0.7421875,False,0.1751550566071718,0.16351286828651201,0.2868421375419162,0.515625,False,0.0,0.0,1.0,0.6796875,False
68,B,brightness_dark,0.13458966438808279,0.12802115543664838,0.21241133688555397,0.5703125,False,0.05756350846821842,0.057781162818877865,0.10375748912282406,0.4921875,False,0.2113323693304951,0.2311732600775529,0.33645314131991005,0.3125,False,0.9007631972232375,0.9,1.2014795640738405,0.625,False,0.2130331910214227,0.1940998164043124,0.30375575365977614,0.640625,False,0.0,0.0,1.0,0.640625,False
68,B,contrast_low,0.16604920560631886,0.1272174597183188,0.2621655171517446,0.6953125,False,0.07013391258970919,0.062473665910876955,0.1265489095104922,0.6015625,False,0.22603742051535358,0.23740542564948638,0.3520927871834876,0.421875,False,0.6817246739321319,0.9231316350886516,1.3,0.28125,False,0.18706867728399978,0.2039780820322784,0.35244411487815874,0.4453125,False,1.0,0.0,1.0,1.0,False
68,B,gaussian_noise,0.09672286345188562,0.15073641250180297,0.26289920273449735,0.140625,False,0.03298705215868309,0.0652387073596179,0.12858877126658125,0.0625,False,0.1948985576152553,0.25540728092316617,0.3524370471763334,0.1640625,False,0.4071228896273931,0.9,1.2702264513137913,0.09375,False,0.040091254061517034,0.19763694908822543,0.3257367196304492,0.0546875,False,0.0,0.0,1.0,0.71875,False
68,B,gaussian_blur,0.08303509927383565,0.14430902873078838,0.28484051162070495,0.03125,False,0.0319526840967556,0.06480943053100993,0.14771877656644627,0.03125,False,0.17121619364980212,0.2562422602076845,0.390779103829847,0.0390625,False,0.43052924765228506,0.8990001452182449,1.220770125423452,0.1640625,False,0.04235066255546771,0.19770052407601385,0.3264367887991016,0.1015625,False,0.0,0.0,1.0,0.7265625,False
69,A,clean,0.2408122636918014,0.15845665345445595,0.26172325938816193,0.8828125,False,0.10411617682575786,0.06845528872001791,0.11132326086614867,0.90625,False,0.29103015264266024,0.24688406472651012,0.32274177888738076,0.78125,False,0.5918767562620022,0.5302649804019091,1.1665585750214555,0.5859375,False,0.09756504722467363,0.10008613018704354,0.28772752576468413,0.5,False,1.0,1.0,1.0,1.0,False
69,A,brightness_dark,0.25081232531323955,0.13992320881445708,0.2584869780205051,0.9375,False,0.11579393737018369,0.058925106517428105,0.10473519119888865,0.984375,True,0.3648312666519564,0.23639284610015054,0.319873070445312,0.9921875,True,1.616223714064021,0.6000000000000001,1.1923499479656625,1.0,True,0.43601185098024575,0.11727693677854412,0.2682211155364408,1.0,True,0.0,1.0,1.0,0.2109375,False
69,A,contrast_low,0.22448007301659728,0.13537419311413884,0.24980739901095705,0.9296875,False,0.09674129921867247,0.05643302109938321,0.10455150348277426,0.9140625,False,0.29617636335513337,0.2126854705819428,0.2929545762919643,0.953125,True,1.3676510035754395,0.7453030023292273,1.5835513579133942,0.84375,False,0.366431111448865,0.1691744952279659,0.45607968890990164,0.859375,False,0.0,1.0,1.0,0.3828125,False
69,A,gaussian_noise,0.27082091051598284,0.15378508784292982,0.2371232064325894,0.9921875,True,0.11782088943306195,0.06587564002751746,0.09937226711648063,0.984375,True,0.3162199291579336,0.23282759768106304,0.32333988567198724,0.9375,False,0.7201145476155059,0.5990335114417551,1.1290307238142185,0.6875,False,0.12805649663437468,0.1066194558193424,0.26000778889094267,0.6328125,False,1.0,1.0,1.0,1.0,False
69,A,gaussian_blur,0.31239339246062137,0.157456566405489,0.2575378081716798,0.984375,True,0.13804071244327312,0.06656660058618993,0.11445995279158588,0.9921875,True,0.3590059197960015,0.253841146606151,0.35802763964535084,0.9453125,True,0.7496210333245323,0.5291292454366715,1.1237442756132898,0.8125,False,0.13287205225522358,0.08515852570873,0.23398430010724475,0.703125,False,1.0,1.0,1.0,1.0,False
69,B,clean,0.2408122636918014,0.1549101393605774,0.26005046644878943,0.890625,False,0.10411617682575786,0.06411065297826128,0.1095379273930675,0.921875,False,0.29103015264266024,0.23927798561682218,0.33929400617133715,0.78125,False,0.5918767562620022,0.5007208942199969,1.1482556969385527,0.6328125,False,0.09756504722467363,0.07905005586761316,0.25053714131585103,0.6015625,False,1.0,1.0,1.0,1.0,False
69,B,brightness_dark,0.2527308214138336,0.1397998552819895,0.22918047607331085,0.9765625,True,0.11600027078486141,0.05965150346573718,0.09121499873802161,0.9765625,True,0.36796830420295723,0.22895306201006216,0.30869655442272137,1.0,True,1.6170305325991121,0.5455676414244106,1.082395178264306,0.9921875,True,0.4357952288396334,0.10359638475631822,0.27477591463727086,0.9921875,True,0.0,1.0,1.0,0.1484375,False
69,B,contrast_low,0.2438019386552989,0.14298185234869792,0.2721195635818034,0.9140625,False,0.10456576130758521,0.06239853331586174,0.1171163295198536,0.90625,False,0.3182311883168376,0.22607589788419097,0.35349254234992084,0.9140625,False,1.4314718082670643,0.6583216188688137,1.5,0.921875,False,0.37944570614686146,0.15510297211528817,0.4618207802131002,0.921875,False,0.0,1.0,1.0,0.3671875,False
69,B,gaussian_noise,0.2655162217496248,0.15283240446199886,0.25656600806255725,0.96875,True,0.1153988850668087,0.06396152924838691,0.10843679689823678,0.9765625,True,0.30924238411773375,0.23344236915292343,0.337896786967444,0.921875,False,0.7244931596182129,0.6000000000000001,1.2723827986559078,0.625,False,0.12687688293193244,0.11975396255389664,0.3422667129519281,0.53125,False,1.0,1.0,1.0,1.0,False
69,B,gaussian_blur,0.3207335639618038,0.15720776903399886,0.266097998965979,0.9765625,True,0.14256673800875966,0.06555888912249097,0.11741357032656882,0.984375,True,0.3685927273756367,0.24769773815864538,0.34656257787511463,0.9609375,True,0.7708771543307112,0.5606458202175899,0.9294759448083676,0.84375,False,0.1372957819107845,0.09649648930946458,0.23897629119356115,0.6640625,False,1.0,1.0,1.0,1.0,False
70,A,clean,0.0656486003619377,0.14142847688203522,0.23252557058274306,0.03125,False,0.02852416982820856,0.06631952703706528,0.12081160634182618,0.03125,False,0.100089048123852,0.20143157940785006,0.28883113194932253,0.0078125,False,0.29571527935840536,0.39999999999999997,0.578369436796568,0.3125,False,0.01593964876022458,0.07488176162235427,0.12367958766976385,0.140625,False,1.0,1.0,1.0,1.0,False
70,A,brightness_dark,0.058953676161922985,0.1410690538001467,0.2449061119839091,0.0390625,False,0.024133167772491946,0.06421565051433076,0.11464963499924136,0.03125,False,0.12390456035436263,0.1945797611059378,0.2929862093460175,0.1171875,False,0.2804966535095034,0.39999999999999997,0.8437948193677846,0.3515625,False,0.023058334970724292,0.05300339029524498,0.16967869591686988,0.2890625,False,1.0,1.0,1.0,1.0,False
70,A,contrast_low,0.08529888703651901,0.1317886426368052,0.23826753456086497,0.125,False,0.041255254412985845,0.061259931494626024,0.1118611527566017,0.1875,False,0.13704954504420866,0.19725403810451694,0.30146032333411354,0.1328125,False,0.2564654295884296,0.39999999999999997,0.7883503758581322,0.2265625,False,0.010657400178788135,0.07488176162235427,0.15012786926655505,0.1171875,False,1.0,1.0,1.0,1.0,False
70,A,gaussian_noise,0.10183000135915765,0.1410153026899338,0.26340471507333435,0.21875,False,0.03984986388277621,0.06617307325274704,0.13540527615815998,0.140625,False,0.12050708961656181,0.19209204996736934,0.31495126111037247,0.0390625,False,0.3810001097640651,0.39999999999999997,0.7836559285054796,0.46875,False,0.02209894433977777,0.0518214043715618,0.16713505492686329,0.296875,False,1.0,1.0,1.0,1.0,False
70,A,gaussian_blur,0.09121722001970484,0.13599744376120015,0.279080932345672,0.078125,False,0.04038082052083325,0.06021504279696499,0.1270214014467841,0.0859375,False,0.14889534428457712,0.2103074602378479,0.3193807101062508,0.109375,False,0.2672393572005242,0.3962562345369388,0.9628962257090443,0.2578125,False,0.01150250918581397,0.06998435258937288,0.1671490250785224,0.125,False,1.0,1.0,1.0,1.0,False
70,B,clean,0.0656486003619377,0.13961204512463604,0.24609857343988858,0.0234375,False,0.02852416982820856,0.06472799473900068,0.12261104075515539,0.03125,False,0.100089048123852,0.20028445163798986,0.3046540186101328,0.015625,False,0.29571527935840536,0.39999999999999997,0.7861307409148505,0.3359375,False,0.01593964876022458,0.05965925064969546,0.15514087962598327,0.2109375,False,1.0,1.0,1.0,1.0,False
70,B,brightness_dark,0.06060346637041092,0.15232347816753272,0.23993853332644366,0.0390625,False,0.024870445972220406,0.069123046692791,0.11349514301460119,0.03125,False,0.12542462501370438,0.20481356102133474,0.29761445387921226,0.0546875,False,0.28276882204886106,0.39999999999999997,0.8846325428618025,0.2578125,False,0.022600251386558634,0.07488176162235427,0.16069460906195307,0.203125,False,1.0,1.0,1.0,1.0,False
70,B,contrast_low,0.08757996415204969,0.1375416410038664,0.23723033155751524,0.171875,False,0.03952801556086937,0.06248561296711044,0.11245296151143007,0.171875,False,0.13432189124372526,0.18956712363565587,0.28120031297290166,0.140625,False,0.18300935163397786,0.39999999999999997,0.9949188796802524,0.1171875,False,0.005672375414600972,0.07488176162235427,0.17135822532556885,0.1015625,False,1.0,1.0,1.0,1.0,False
70,B,gaussian_noise,0.10037907142622135,0.14374475860581687,0.266715696224539,0.203125,False,0.03901192609969507,0.06645818224845193,0.1310462256802243,0.140625,False,0.11885216199797555,0.20898575453976098,0.31349011793232834,0.046875,False,0.37525540643091676,0.39069819513926907,0.8877628161101987,0.4609375,False,0.02149255549581275,0.06522096290853105,0.1785716962588392,0.21875,False,1.0,1.0,1.0,1.0,False
70,B,gaussian_blur,0.09118085569620353,0.14456077581909935,0.25603392161466204,0.15625,False,0.04037107351201362,0.06543204691274213,0.12231803272951847,0.171875,False,0.14863731245303433,0.20156735472060744,0.30372916203484784,0.1484375,False,0.26784646529997275,0.39999999999999997,0.8050426165656944,0.234375,False,0.011550972305312102,0.07488176162235427,0.16659247635997462,0.125,False,1.0,1.0,1.0,1.0,False
71,A,clean,0.2327570014178686,0.15099841289531415,0.2367078483758595,0.9453125,False,0.09455734833205742,0.06485289233119018,0.10170029050977407,0.8984375,False,0.26727168700531617,0.23234053905303576,0.3343033418874517,0.71875,False,0.8135763316107812,1.1042514792460787,1.829145034433039,0.2890625,False,0.17171588665213577,0.2581626712231154,0.6086152574250419,0.2578125,False,1.0,0.0,1.0,1.0,False
71,A,brightness_dark,0.18995654568582102,0.14047093239346758,0.2443423283655662,0.796875,False,0.0774093179785066,0.0610299119167743,0.1039788596597929,0.734375,False,0.23141002901487234,0.21770745520554666,0.32873393835546344,0.6015625,False,0.3,1.179681032536155,1.998168944506813,0.0234375,False,0.07137703721589495,0.2825973409266056,0.6908319313528952,0.046875,False,1.0,0.0,1.0,1.0,False
71,A,contrast_low,0.17366225772617838,0.14189788329081932,0.24111267855119517,0.7421875,False,0.07658568511685782,0.06104569847735969,0.10531671541162502,0.6953125,False,0.21419153837128968,0.22019121749949516,0.30773277832154805,0.4765625,False,1.9805477979987207,1.54211934925303,1.9575706811674316,0.9609375,True,0.6767223079988158,0.4835359430014955,0.6634233710385884,0.96875,True,0.0,0.0,1.0,0.671875,False
71,A,gaussian_noise,0.2368434385949626,0.14659312689421852,0.23546599199107465,0.953125,True,0.09906978241597798,0.0626499385887386,0.10535774015650275,0.9296875,False,0.28074738559232165,0.21377217576197927,0.3159999488595222,0.859375,False,0.9910843218029886,1.1019994388814398,1.7574343159144103,0.453125,False,0.20813727139562999,0.25046552346702877,0.594357801872648,0.390625,False,1.0,0.0,1.0,1.0,False
71,A,gaussian_blur,0.22877447984482985,0.15129790070837812,0.2450771864519572,0.921875,False,0.09648967563607808,0.06245920565031106,0.10686689629085672,0.890625,False,0.2671681825821282,0.2334504772964865,0.3306498263546489,0.6875,False,1.2557577876626402,1.2982173243162518,1.8366321822465803,0.453125,False,0.2898936076222356,0.3355768411302952,0.61074781542064,0.421875,False,0.0,0.0,1.0,0.59375,False
71,B,clean,0.2327570014178686,0.15034561936894936,0.23868697522953528,0.9296875,False,0.09455734833205742,0.06417170116046447,0.099801454134722,0.921875,False,0.26727168700531617,0.22892848685256767,0.3381975169426821,0.8046875,False,0.8135763316107812,1.0668678785984644,1.7999999999999998,0.296875,False,0.17171588665213577,0.24721065694339972,0.5873030575008148,0.296875,False,1.0,0.0,1.0,1.0,False
71,B,brightness_dark,0.19011064090298624,0.1343091221305126,0.22728691408962332,0.8203125,False,0.07779203819558721,0.05758477183351944,0.09746650604206163,0.796875,False,0.2308718599971049,0.21227414475271184,0.3340557324736431,0.6328125,False,0.30000000000000004,1.2072296849132966,1.9500134439816743,0.0234375,False,0.07727697206723805,0.27871913629290046,0.6573098707278493,0.0546875,False,1.0,0.0,1.0,1.0,False
71,B,contrast_low,0.18405272537408707,0.13707200270519476,0.28183563985655974,0.7421875,False,0.08115631105014506,0.06133639640634127,0.12639741771504995,0.7109375,False,0.21920346752680572,0.22511053238287954,0.33298860831871385,0.4609375,False,1.9999999999999998,1.6546145093325255,2.0,0.9375,False,0.6931471805599451,0.5240296584058657,0.6931471805599452,0.90625,False,0.0,0.0,1.0,0.75,False
71,B,gaussian_noise,0.23326945803114615,0.140299282316787,0.22158393760326112,0.96875,True,0.09794206452811158,0.06134569423082345,0.10016422465770443,0.9296875,False,0.277162576263369,0.2149304832527234,0.3053665651425747,0.8359375,False,1.0157862323832245,1.117445410116106,1.7643949278419502,0.40625,False,0.2137457146819337,0.2735645003821788,0.5629243252931886,0.390625,False,1.0,0.0,1.0,1.0,False
71,B,gaussian_blur,0.23246645251189635,0.14549606563383932,0.26494871538045517,0.890625,False,0.09776830207317402,0.0628695488218668,0.1111026975963542,0.859375,False,0.26992279642899786,0.23051548567584537,0.3391320898060307,0.7109375,False,1.3098592741916857,1.2639382093731562,1.8358773188482953,0.5234375,False,0.3076340033598275,0.3308633086085371,0.615077854607027,0.4765625,False,0.0,0.0,1.0,0.59375,False
72,A,clean,0.24978652190919842,0.15266664159548549,0.26571696688082386,0.9375,False,0.10245527370786758,0.0657353938425316,0.11707490006012979,0.90625,False,0.3103964083120286,0.26539448995772913,0.3474559616080517,0.75,False,1.250343401163218,0.507517533131254,1.1312229272188303,0.96875,True,0.3218546628103005,0.09742908795860483,0.3084621413083278,0.9609375,True,0.0,0.0,1.0,0.5859375,False
72,A,brightness_dark,0.1351799233299118,0.15334853336330195,0.2379230857444571,0.375,False,0.055134493397300546,0.06595379100135793,0.10642373180655992,0.359375,False,0.20523248485370832,0.2582371214441067,0.3328978345741082,0.1953125,False,0.9993336476961767,0.7067455075809798,1.2800776293092808,0.78125,False,0.23228549029387113,0.13816567715126649,0.35356951584394364,0.796875,False,0.0,0.0,1.0,0.7265625,False
72,A,contrast_low,0.16840167530810907,0.1413366893956527,0.2443384085123627,0.6640625,False,0.07568416807999269,0.06394274602348424,0.1120754054015779,0.65625,False,0.25000421030599673,0.2655400884876904,0.34632212098994164,0.40625,False,1.1084129041608035,0.958210410248828,1.4000000000000001,0.6328125,False,0.29684184251322887,0.23233810363987994,0.43651272299235955,0.6328125,False,0.0,0.0,1.0,0.8125,False
72,A,gaussian_noise,0.251831400206842,0.16726821633686384,0.2814221323502883,0.875,False,0.1054715607115718,0.07293974729021328,0.11830725473191159,0.859375,False,0.31289888443987807,0.2732288913157268,0.4008095445346246,0.7265625,False,1.3908544935712917,0.6034592079079382,1.1979724843561974,0.984375,True,0.4132414475114701,0.11553962119021444,0.31638865684028944,0.9921875,True,0.0,0.0,1.0,0.6328125,False
72,A,gaussian_blur,0.2538470300770729,0.15822488407097077,0.25013261922787255,0.953125,True,0.10667843491909197,0.06553230642101344,0.12375032304565729,0.90625,False,0.3101516612996912,0.2640293916507763,0.36016117654727353,0.7734375,False,1.3535490232093526,0.5839954976918822,1.1770363801073305,0.9921875,True,0.3847094408025038,0.10923737309634252,0.32188911788892305,0.984375,True,0.0,0.0,1.0,0.65625,False
72,B,clean,0.24978652190919842,0.16789030093405766,0.24492201719379372,0.953125,True,0.10245527370786758,0.07135312965134588,0.10411129819783284,0.9296875,False,0.3103964083120286,0.2630558386677099,0.3670279055825891,0.8125,False,1.250343401163218,0.5342625881567427,1.2043202650111664,0.9609375,True,0.3218546628103005,0.09679601462575838,0.3269023390647643,0.9375,False,0.0,0.0,1.0,0.609375,False
72,B,brightness_dark,0.13806453148029935,0.1487193501641615,0.27011994157730773,0.390625,False,0.056308333411006446,0.06534361627231107,0.11430623191007987,0.3828125,False,0.207955905286956,0.25981956885233015,0.3624508563745411,0.234375,False,1.0053432361985082,0.6944004642166931,1.258300258278505,0.7578125,False,0.2382898623980363,0.14646269878152618,0.34137863799307483,0.78125,False,0.0,0.0,1.0,0.7109375,False
72,B,contrast_low,0.15664981654851182,0.14891075258695938,0.24013979935847243,0.578125,False,0.0714360111920815,0.06532039697159726,0.11713664587991725,0.609375,False,0.2440507881466567,0.2508762737530277,0.36630679815032774,0.4453125,False,1.0850012103904634,0.8926885680629597,1.4970108589013686,0.640625,False,0.28631170182414767,0.18935892614044403,0.459916974007469,0.6328125,False,0.0,0.0,1.0,0.8203125,False
72,B,gaussian_noise,0.25099475786745523,0.16244404995001016,0.2538719394900209,0.9453125,False,0.10544144117907854,0.07008814272352429,0.10950072378217947,0.9296875,False,0.3127950968171914,0.27062307219109527,0.3833226922232389,0.8359375,False,1.3974563293145472,0.5353309896604428,1.1003455735292724,1.0,True,0.42143313634614676,0.10009580717338495,0.25407869034910074,1.0,True,0.0,0.0,1.0,0.6171875,False
72,B,gaussian_blur,0.2516973427752888,0.1621295851845696,0.30435407065083425,0.8984375,False,0.10575529290987887,0.07145215508183346,0.12667573475152724,0.875,False,0.30745519284360356,0.26728957778110685,0.38937030771802456,0.734375,False,1.341916897443761,0.5786094538198844,1.2682005739985818,0.9609375,True,0.37543758963462914,0.10738368206798077,0.3326763583474938,0.9609375,True,0.0,0.0,1.0,0.6171875,False
73,A,clean,0.12963950790649864,0.15985359772902713,0.2511066145352628,0.28125,False,0.05466610094708906,0.06447092404339987,0.1070063393626691,0.296875,False,0.27502171875019993,0.2482817499913026,0.3377333104237584,0.703125,False,0.6029070088014687,0.6726291870282564,1.2028756936542222,0.4140625,False,0.04902592215881829,0.1307999346900044,0.33720378497401127,0.1640625,False,0.0,0.5,1.0,0.5,False
73,A,brightness_dark,0.11166670700966656,0.14976129632137972,0.24176851528190865,0.28125,False,0.045139949198143736,0.06411801718512433,0.10756999899834492,0.25,False,0.2253729991384399,0.23014225552069661,0.33630500399827074,0.4375,False,0.44604257195906255,0.7,1.1260158930119064,0.25,False,0.05427774359103843,0.1372919303297932,0.3074538738887463,0.1796875,False,0.0,1.0,1.0,0.4609375,False
73,A,contrast_low,0.13153506205662457,0.1412286367084558,0.22747879751359415,0.421875,False,0.054573955662105135,0.06137721998927783,0.11003626942948386,0.390625,False,0.30333911656551815,0.22891568155708306,0.31988066393482895,0.8828125,False,1.1,0.9245753767337388,1.6036676609227727,0.671875,False,0.25174334262052456,0.2075153791715666,0.4853858780192037,0.609375,False,0.0,0.0,1.0,0.7265625,False
73,A,gaussian_noise,0.12857114941428402,0.14611531761423407,0.22156734630652974,0.375,False,0.053863382426929854,0.0640658548565657,0.09965820558267076,0.375,False,0.25566094223465174,0.24593234112237608,0.33144238720589836,0.5546875,False,0.7607962148499543,0.64884203564373,1.3234096468114775,0.6796875,False,0.07772163247377029,0.0972481938742994,0.3368730164391412,0.3828125,False,0.0,1.0,1.0,0.4765625,False
73,A,gaussian_blur,0.13779300879417714,0.15793415410985429,0.24263102148807092,0.296875,False,0.05796929442803838,0.06734394845582975,0.10639735854414294,0.28125,False,0.3118778039565144,0.2641708022166043,0.3422360984867462,0.859375,False,0.5917249466441875,0.7176719487974628,1.2092722997702676,0.359375,False,0.06765911104807654,0.12614456713333744,0.30615046633093557,0.2109375,False,0.0,1.0,1.0,0.4765625,False
73,B,clean,0.12963950790649864,0.145470744608389,0.23120523639037227,0.3828125,False,0.05466610094708906,0.06165042877546015,0.09888792114176514,0.3828125,False,0.27502171875019993,0.23715177970480678,0.3262028669659061,0.765625,False,0.6029070088014687,0.6923324044936612,1.2087655584078414,0.421875,False,0.04902592215881829,0.12140004052059561,0.3255518749884971,0.1796875,False,0.0,1.0,1.0,0.4609375,False
73,B,brightness_dark,0.11208849753616595,0.14059651904701742,0.24717001030827845,0.265625,False,0.04503840614351438,0.0586252483596358,0.10533173626979173,0.2578125,False,0.22557607685575892,0.2368356602393818,0.3311724190679625,0.4140625,False,0.42936177443691603,0.609197921752892,1.152994474481112,0.2265625,False,0.05741185551022587,0.11076992711937683,0.2905468324557501,0.265625,False,0.0,1.0,1.0,0.4296875,False
73,B,contrast_low,0.1273685747771231,0.13345319222606755,0.2671551570917192,0.4609375,False,0.05193031036857094,0.06111085386621319,0.11666574649754279,0.375,False,0.30007491329418157,0.23215770336133795,0.3575482707837244,0.8515625,False,1.1,0.9291071987393015,1.724053175024637,0.6796875,False,0.2491902091364011,0.20725110549761294,0.5284268535559095,0.625,False,0.0,0.0,1.0,0.7265625,False
73,B,gaussian_noise,0.1256292191306932,0.14525981404890642,0.23651287680936992,0.3671875,False,0.05340133758410866,0.060744725728856225,0.09891681904707762,0.3828125,False,0.24863559846497915,0.23155251741471167,0.3287298976817781,0.640625,False,0.7497342563139167,0.6241874155678342,1.13576101551422,0.6875,False,0.0750742286465843,0.11575960618977443,0.2932476489981991,0.296875,False,0.0,1.0,1.0,0.4921875,False
73,B,gaussian_blur,0.13739540298815978,0.15766042125846352,0.2658713373897939,0.3671875,False,0.05782882591741504,0.06571972726823919,0.11637146062272954,0.375,False,0.31170270604402484,0.24789787395939925,0.3475484180394476,0.84375,False,0.583482901491913,0.7136346414614858,1.2945331485310752,0.296875,False,0.06662962203315081,0.15212223527410473,0.33510231914253885,0.1875,False,0.0,1.0,1.0,0.4375,False
74,A,clean,0.2717292676329007,0.11741117287230077,0.21107159253741428,0.984375,True,0.14432947897449824,0.05201366347176453,0.10400098671521654,0.984375,True,0.2717292676329007,0.11741117287230077,0.21107159253741428,0.984375,True,0.0,0.02997543780934841,0.5491059327869178,0.4296875,False,0.0,0.005222645226871679,0.10626109773333842,0.4296875,False,1.0,1.0,1.0,1.0,False
74,A,brightness_dark,0.2624860803968724,0.12851592959856561,0.24030063222301748,0.9765625,True,0.13663504671781337,0.05700909384785704,0.12713339730215995,0.9765625,True,0.2624860803968724,0.12851592959856561,0.24030063222301748,0.9765625,True,0.0,0.09217556470578447,0.830480449019853,0.328125,False,0.0,0.016245851767246113,0.1714320030050591,0.328125,False,1.0,1.0,1.0,1.0,False
74,A,contrast_low,0.14922469174210812,0.1314418772957935,0.21697154410906508,0.6484375,False,0.07005509770254806,0.059357906282448164,0.10310149101400512,0.671875,False,0.14922469174210812,0.1314418772957935,0.21697154410906508,0.6484375,False,0.0,0.04528289629323545,0.5755868534758062,0.4296875,False,0.0,0.007912152072450888,0.11189251928371599,0.4296875,False,1.0,1.0,1.0,1.0,False
74,A,gaussian_noise,0.29526867926633743,0.1275116592985961,0.2265807947936826,0.9921875,True,0.1600108372370348,0.055883193284363364,0.110959689119772,0.9921875,True,0.29526867926633743,0.1275116592985961,0.2265807947936826,0.9921875,True,0.0,0.06798628849131827,0.563932826573832,0.359375,False,0.0,0.011928072563212565,0.10934413933295187,0.359375,False,1.0,1.0,1.0,1.0,False
74,A,gaussian_blur,0.24022277679711798,0.1215993604972493,0.21377160540450144,0.9765625,True,0.12890920842268921,0.0512013229351137,0.1076117564849336,0.9765625,True,0.24022277679711798,0.1215993604972493,0.21377160540450144,0.9765625,True,0.0,0.06781099274459491,0.6849274245523808,0.3671875,False,0.0,0.011897003964617806,0.13650789623477777,0.3671875,False,1.0,1.0,1.0,1.0,False
74,B,clean,0.2717292676329007,0.11694446495148833,0.22100783160789292,0.9921875,True,0.14432947897449824,0.05142683634080894,0.11102428072299382,0.9921875,True,0.2717292676329007,0.11694446495148833,0.22100783160789292,0.9921875,True,0.0,0.023431200128653407,0.5193803392807521,0.4375,False,0.0,0.004077576101613096,0.09972740829249957,0.4375,False,1.0,1.0,1.0,1.0,False
74,B,brightness_dark,0.26433804503627367,0.13276848884263098,0.2252120393726823,0.9921875,True,0.13816596246925836,0.05825924242471797,0.11397802986341367,0.9921875,True,0.26433804503627367,0.13276848884263098,0.2252120393726823,0.9921875,True,0.0,0.07692795398817719,0.7220668524205109,0.4140625,False,0.0,0.013519329738412203,0.14518331066569443,0.4140625,False,1.0,1.0,1.0,1.0,False
74,B,contrast_low,0.1613665067890181,0.13315978155868255,0.23721001903988628,0.703125,False,0.07553361810914457,0.0608100400501244,0.11834060946938608,0.6953125,False,0.1613665067890181,0.13315978155868255,0.23721001903988628,0.703125,False,0.0,0.08143484995730377,0.6594313300591329,0.390625,False,0.0,0.014324267057781774,0.13070152657633322,0.390625,False,1.0,1.0,1.0,1.0,False
74,B,gaussian_noise,0.29155813636147443,0.11447656225474637,0.2365303185518039,0.9921875,True,0.15805943625131022,0.051686067991416326,0.12628646157141885,1.0,True,0.29155813636147443,0.11447656225474637,0.2365303185518039,0.9921875,True,0.0,0.031314240960440554,0.6482271810960426,0.4375,False,0.0,0.0054574286687549475,0.1280991513160604,0.4375,False,1.0,1.0,1.0,1.0,False
74,B,gaussian_blur,0.241164517321689,0.12171190328844739,0.2524290123617234,0.9375,False,0.12930664416591825,0.05437951366913087,0.12142776903314867,0.96875,True,0.241164517321689,0.12171190328844739,0.2524290123617234,0.9375,False,0.0,0.08246473707391441,0.6734626358300272,0.390625,False,0.0,0.014507554728774165,0.13387948411459957,0.390625,False,1.0,1.0,1.0,1.0,False
75,A,clean,0.19028963700064866,0.15721664209044264,0.2455363830810736,0.6796875,False,0.07543247411306643,0.07129325008656041,0.11779151567125216,0.578125,False,0.23845274355658724,0.2490270147890578,0.3613220504662372,0.40625,False,0.892497044045905,1.0083997890948337,1.5823279180016663,0.3671875,False,0.19385700921933458,0.2486288334970117,0.4931016354656274,0.3359375,False,1.0,0.0,1.0,1.0,False
75,A,brightness_dark,0.19594950815982864,0.15179546943373917,0.25719786414471113,0.8046875,False,0.0812111392239983,0.06815566297736697,0.11213903207782663,0.703125,False,0.230746645674699,0.24681369992314578,0.3389678092830027,0.390625,False,1.029547338374792,1.2618000555499722,1.9522163595757374,0.2890625,False,0.29164552454962545,0.3677233723353933,0.6515264032703272,0.3125,False,1.0,0.0,1.0,1.0,False
75,A,contrast_low,0.21262629916112186,0.1424433733859654,0.2577702726486375,0.859375,False,0.0781315966737608,0.06372518912344927,0.12439882297843094,0.6953125,False,0.23926900377127058,0.2458531273545146,0.33813263062954063,0.4140625,False,1.1479864428149078,1.2194153502700464,1.7104956579225956,0.40625,False,0.3250460259411343,0.3590200129248806,0.5550432635258635,0.40625,False,1.0,0.0,1.0,1.0,False
75,A,gaussian_noise,0.18544802108762892,0.1590227473545765,0.2497384614236474,0.71875,False,0.07525459040659979,0.06990399890882334,0.11118777460247226,0.6015625,False,0.23307679546182342,0.24363025094953356,0.3386223064673925,0.3984375,False,1.4445614871238208,1.0783612275710188,1.7267066882533173,0.8515625,False,0.40623462550312506,0.2869072030986026,0.5407944053420966,0.7265625,False,0.0,0.0,1.0,0.765625,False
75,A,gaussian_blur,0.1972737149531312,0.15641565071629346,0.24139181348044772,0.7734375,False,0.0754682042558822,0.06810473560830099,0.11371178896598007,0.59375,False,0.24721411979429198,0.26108824010915993,0.3498671042673275,0.3828125,False,1.4148146609070325,1.0437771583499766,1.5999999999999999,0.890625,False,0.3932812220751738,0.27054074084340496,0.5211779171606369,0.75,False,0.0,0.0,1.0,0.71875,False
75,B,clean,0.19028963700064866,0.15463304268308295,0.24451665059564182,0.703125,False,0.07543247411306643,0.06825704817164346,0.11435116081964262,0.578125,False,0.23845274355658724,0.25233943823183447,0.35554506768435135,0.3828125,False,0.892497044045905,1.00102369256612,1.6211250565072,0.4296875,False,0.19385700921933458,0.2480876296879866,0.4932824310594098,0.40625,False,1.0,0.0,1.0,1.0,False
75,B,brightness_dark,0.19834328458521422,0.1479946123031466,0.24468445721373547,0.828125,False,0.08203933193821233,0.06396575181637312,0.10705869849601626,0.75,False,0.23270106542859958,0.24826475114236135,0.3451499866926124,0.421875,False,0.9838414621074696,1.3177400552879932,2.0,0.2890625,False,0.28070733920363167,0.3678732641046736,0.693147180559945,0.3046875,False,1.0,0.0,1.0,1.0,False
75,B,contrast_low,0.20923774090559438,0.1475551915836631,0.2459774693959853,0.8203125,False,0.07738546070204917,0.0681760510022667,0.1234508821506416,0.6328125,False,0.2374043240447975,0.25836238884694607,0.36314081556028377,0.3828125,False,1.461277568888065,1.22164145505862,1.8231920437954083,0.8125,False,0.41266319623127345,0.3680832789046524,0.598553375913572,0.6953125,False,0.0,0.0,1.0,0.7890625,False
75,B,gaussian_noise,0.1845672718944694,0.1611861888279032,0.24947479140691492,0.703125,False,0.07469729726537534,0.06712738632579515,0.11705168536291342,0.6015625,False,0.23129445339871674,0.2557366877014248,0.348554372248868,0.359375,False,1.4562637116934924,1.1128774100691396,1.7667199216970912,0.796875,False,0.41618582040228524,0.33535497627057576,0.5551246242821704,0.75,False,0.0,0.0,1.0,0.7578125,False
75,B,gaussian_blur,0.19725402849796841,0.16218305040546024,0.2583485350202681,0.7578125,False,0.07551564882579578,0.06749905745643035,0.12618721624904594,0.5625,False,0.24765663399293875,0.26047111401192424,0.3699817236638097,0.359375,False,1.4551699531849296,1.1292765843357746,1.6614835673768724,0.8203125,False,0.4229722345105831,0.3235688837305273,0.5419610049266381,0.75,False,0.0,0.0,1.0,0.78125,False
76,A,clean,0.2359403678310393,0.14876759223245384,0.24081909773532728,0.9296875,False,0.09988209451671361,0.06463789570667311,0.1100236026893002,0.9296875,False,0.26234528735787876,0.22311626447838684,0.3075417690804355,0.8046875,False,0.5523190288194244,0.49065202833065047,1.0155582181052512,0.546875,False,0.12888012590877485,0.07521429653988204,0.24330860622530842,0.7109375,False,1.0,0.0,1.0,1.0,False
76,A,brightness_dark,0.19220062180123193,0.1336321838539345,0.24303632132006567,0.8359375,False,0.08413515123895915,0.059297005188494525,0.11441254277039195,0.8046875,False,0.22191286000746824,0.20784746753409933,0.30897283725109087,0.59375,False,0.699286923152773,0.4778971131927884,1.08474016869772,0.7265625,False,0.15520586169714568,0.07335595071835366,0.2662877409016137,0.78125,False,1.0,0.0,1.0,1.0,False
76,A,contrast_low,0.179520172185636,0.1311718358250651,0.225346281221938,0.8203125,False,0.07465278557436857,0.056047542292066724,0.10376523398760452,0.734375,False,0.24629268157405199,0.20730941985168944,0.31454728744052535,0.703125,False,0.8936423304664975,0.7097992208631798,1.268477392940658,0.7265625,False,0.20239451765177585,0.1412970535155107,0.361002837466441,0.7109375,False,0.0,0.0,1.0,0.8203125,False
76,A,gaussian_noise,0.23918147743280335,0.13466051692746128,0.2354093754617932,0.953125,True,0.09514946141362109,0.05600562283914648,0.10909647141932856,0.875,False,0.272943619457629,0.21275208341256063,0.30583198363891984,0.8203125,False,0.5195340188115976,0.524027310846003,0.9879299901373821,0.484375,False,0.12088134421710284,0.08555139885351803,0.23104691652863055,0.625,False,1.0,0.0,1.0,1.0,False
76,A,gaussian_blur,0.23047990278583017,0.13243054650957883,0.23363160329349913,0.9453125,False,0.09650831872536608,0.05731222542729468,0.10076046824617702,0.9375,False,0.2555136242988318,0.22351746534445147,0.29626798556486084,0.734375,False,0.6118396535036074,0.43725034632661536,0.9420488184587361,0.6875,False,0.14209594198146958,0.061299996769603515,0.22840684531612293,0.7734375,False,1.0,0.0,1.0,1.0,False
76,B,clean,0.2359403678310393,0.14123841153755873,0.2245514817154825,0.953125,True,0.09988209451671361,0.06121249308824832,0.09536343495415285,0.953125,True,0.26234528735787876,0.21452228416881552,0.30249480779133664,0.859375,False,0.5523190288194244,0.4298539334802227,1.0296532469027906,0.6328125,False,0.12888012590877485,0.07197817128271566,0.23961670492700887,0.7265625,False,1.0,0.0,1.0,1.0,False
76,B,brightness_dark,0.19326388399840722,0.12710478298111727,0.22079919035998793,0.8828125,False,0.0845872093472883,0.05493834603930816,0.10140295096477467,0.875,False,0.22274132088286533,0.21028530465617956,0.30131060886676625,0.59375,False,0.7021395300094028,0.48450775283018777,0.946702365618994,0.71875,False,0.15588864321543539,0.07713098234940585,0.23399200772532386,0.7578125,False,1.0,0.0,1.0,1.0,False
76,B,contrast_low,0.17706930786300382,0.1318012553114486,0.2382757945352047,0.78125,False,0.07402184294335018,0.0601246153233904,0.11270770370077947,0.7265625,False,0.2501775959637025,0.22438650710863012,0.3121471158080343,0.7109375,False,0.9102711675564289,0.6916626933978376,1.3748184377439063,0.640625,False,0.20517156315345875,0.14404214177228447,0.4219141646574684,0.6484375,False,0.0,0.0,1.0,0.78125,False
76,B,gaussian_noise,0.23796385389498645,0.1429091283544803,0.22582408421727168,0.9765625,True,0.09501228323725931,0.06066252489512727,0.09875976973192892,0.9140625,False,0.2694220530314199,0.2164639899616777,0.30664052288691884,0.84375,False,0.5218131616093162,0.5058384983887153,1.0734584406317134,0.515625,False,0.12153171479305502,0.08593821382262651,0.27387642658172995,0.65625,False,1.0,0.0,1.0,1.0,False
76,B,gaussian_blur,0.23064271689044893,0.1417083738433631,0.24544871447081545,0.9140625,False,0.09639645563395996,0.061089415028314276,0.10694237625269408,0.8984375,False,0.2558503789224751,0.23173244135297516,0.32745710271962813,0.7265625,False,0.6120638128895445,0.43336274979299927,1.0066821896429075,0.6875,False,0.14185890349919794,0.0741490534566061,0.2562472915515672,0.8046875,False,1.0,0.0,1.0,1.0,False
77,A,clean,0.19041816942907772,0.16858447660323095,0.30872184641871847,0.625,False,0.08222692598620727,0.07465729693315798,0.13823126470087305,0.6171875,False,0.2295468628136006,0.23706222165663,0.35452844806744116,0.4375,False,0.4396828458240016,0.4315531365448941,1.0075308628079163,0.515625,False,0.06769706146936938,0.06543982183916347,0.27103714165768317,0.5078125,False,0.0,1.0,1.0,0.3515625,False
77,A,brightness_dark,0.19277534940125743,0.16464047046663255,0.27608649918307837,0.6640625,False,0.081381939033236,0.07229896732482469,0.12513271275515941,0.6015625,False,0.21900820669750865,0.2386881837427111,0.3526933545255288,0.40625,False,0.3404313210382465,0.43366497788431585,1.0329773068271386,0.3828125,False,0.05038269220300606,0.07134918911660998,0.29239112387495203,0.40625,False,0.0,1.0,1.0,0.3125,False
77,A,contrast_low,0.19172970121313515,0.15394515861585234,0.2742619460276982,0.703125,False,0.08443834328546938,0.0694430035945216,0.11569740081812874,0.6796875,False,0.24109968151660527,0.21379820811437988,0.3506395712974328,0.640625,False,0.3998242840383683,0.5024415973324399,1.0058294350726582,0.390625,False,0.07317902566457724,0.09069917182258291,0.27154929288092133,0.4453125,False,0.0,1.0,1.0,0.3359375,False
77,A,gaussian_noise,0.19437235771495892,0.16273952916321632,0.27702692769663645,0.6640625,False,0.08449753283260944,0.076393808585236,0.12164616435283697,0.625,False,0.23330651514234085,0.23691287300450065,0.33966158824726583,0.4765625,False,0.5177185017916974,0.42180849776260954,1.0965856861256353,0.671875,False,0.08007248285133761,0.057804815303791,0.2927338896895934,0.609375,False,0.0,1.0,1.0,0.2890625,False
77,A,gaussian_blur,0.1757542253284073,0.17348749532357285,0.30164718646720967,0.5078125,False,0.07999288486318325,0.07730470436674189,0.1323894085750784,0.5234375,False,0.23168546086885794,0.24710833664731546,0.35286713986257,0.421875,False,0.4451518623056248,0.4138512880872176,0.9924112058306485,0.515625,False,0.07153513083568863,0.06846461994072844,0.25033661414176145,0.5078125,False,0.0,1.0,1.0,0.3359375,False
77,B,clean,0.19041816942907772,0.1651384674293097,0.28398621992279055,0.640625,False,0.08222692598620727,0.07270738127652036,0.12522946895763107,0.6328125,False,0.2295468628136006,0.22575760869507933,0.3381694915417911,0.515625,False,0.4396828458240016,0.41887637225556607,0.9400449739640308,0.515625,False,0.06769706146936938,0.06495205412621557,0.2190876305606718,0.515625,False,0.0,1.0,1.0,0.2890625,False
77,B,brightness_dark,0.19413566156404305,0.1603089369771696,0.2709427625536957,0.734375,False,0.08208440843643681,0.06867438789931049,0.11689493598598058,0.6796875,False,0.22082211017480777,0.22808218824455329,0.3231535355741791,0.4609375,False,0.3382165360728234,0.31572151456491315,0.903315241854315,0.53125,False,0.050060077807494,0.044299454079834544,0.22865299810767004,0.546875,False,0.0,1.0,1.0,0.1796875,False
77,B,contrast_low,0.18070308818300326,0.14804235378819713,0.29573780124241694,0.65625,False,0.08104100757622247,0.06397381160713367,0.13291139006494088,0.6640625,False,0.23460244965384694,0.21907683759487617,0.36240922130338593,0.578125,False,0.354669223507198,0.4493104356733012,0.9828738389549839,0.3671875,False,0.06337323053952326,0.07275864719657069,0.2752762689029974,0.453125,False,1.0,1.0,1.0,1.0,False
77,B,gaussian_noise,0.19521231147992327,0.17441612692736974,0.27165550993582444,0.6328125,False,0.08516253417800344,0.07496811850042384,0.13206128333990855,0.625,False,0.2325814993841491,0.22513793777698937,0.3706300083392891,0.578125,False,0.5236566391326771,0.3767273361422184,1.128766467222283,0.640625,False,0.08181592262317705,0.05066025438950078,0.3168154239001143,0.609375,False,0.0,1.0,1.0,0.296875,False
77,B,gaussian_blur,0.17684489514600799,0.16071824267191215,0.26576044573003543,0.59375,False,0.08113588226389425,0.06875079025766016,0.12055903544596351,0.65625,False,0.23356645636761497,0.22776810687124457,0.3758948130598072,0.53125,False,0.4478370714919863,0.4304860576716809,1.0633371243270497,0.515625,False,0.07273324903907241,0.07119275986569196,0.26229344753340583,0.53125,False,0.0,1.0,1.0,0.2890625,False
78,A,clean,0.0916984812227718,0.15267496011125914,0.2665217457882803,0.0625,False,0.04200830836314628,0.06743492903317536,0.12744674465584205,0.1171875,False,0.14925988109084995,0.22491965844044354,0.3487938783958737,0.0234375,False,0.7579790238914437,0.6606225226351109,1.788522335322075,0.609375,False,0.2210295925495891,0.18668289800571597,0.5518265821527845,0.625,False,1.0,1.0,1.0,1.0,False
78,A,brightness_dark,0.06753130476535174,0.15032549133675588,0.24051810535669463,0.046875,False,0.033416724941994616,0.06380271075835475,0.10958758353966937,0.078125,False,0.13522458050872213,0.21427605740630756,0.32634168865594587,0.03125,False,0.7537595203882765,0.6797786252432519,1.4121287238241078,0.5703125,False,0.21770826803961385,0.1761852292345134,0.3806292267666149,0.65625,False,1.0,1.0,1.0,1.0,False
78,A,contrast_low,0.09012086618837595,0.14308272428575916,0.23309600786674683,0.109375,False,0.042141835936416586,0.06359358235710805,0.11050320268307003,0.1328125,False,0.1855165240552861,0.21967341747585628,0.3130172593024965,0.25,False,0.8372238684608849,0.877515286313936,2.0,0.484375,False,0.223399110842876,0.2275237163530181,0.6931471805599452,0.4921875,False,1.0,1.0,1.0,1.0,False
78,A,gaussian_noise,0.09986389260153834,0.15152217042421792,0.24420707990011817,0.0859375,False,0.045618663272526665,0.06677026188609494,0.10458743586443445,0.1328125,False,0.14701366425838802,0.2302424631398556,0.3188368395087063,0.015625,False,0.756382491688594,0.628378454352424,1.4202038234259728,0.6015625,False,0.22071363723601478,0.1761204244115458,0.3796998592281169,0.7109375,False,1.0,1.0,1.0,1.0,False
78,A,gaussian_blur,0.10488927998642283,0.15493189517423736,0.24875274861675375,0.1640625,False,0.04643768487137241,0.06596869213554002,0.11450258340120638,0.1875,False,0.15341938195818847,0.23071934336250094,0.3105220611437815,0.0625,False,0.7755371520599552,0.5470897460452395,1.3380600768898578,0.671875,False,0.22452299610328974,0.17197555331699932,0.3549727185949329,0.734375,False,1.0,1.0,1.0,1.0,False
78,B,clean,0.0916984812227718,0.14898600606694357,0.23398485082856463,0.078125,False,0.04200830836314628,0.06482549131128315,0.1099668320149654,0.125,False,0.14925988109084995,0.2277565041637964,0.3193437036421526,0.03125,False,0.7579790238914437,0.5314814081837471,1.4324768926504146,0.671875,False,0.2210295925495891,0.16196566176905441,0.38125326713314406,0.71875,False,1.0,1.0,1.0,1.0,False
78,B,brightness_dark,0.06849349511924582,0.1383409719750221,0.24501112738191172,0.0234375,False,0.033723407824992405,0.0585476830824047,0.10602692491404471,0.078125,False,0.13601978766825099,0.21867070219839974,0.3214052595416119,0.0078125,False,0.7505386460238349,0.6161523447714201,1.601754571017681,0.5859375,False,0.2157336653755929,0.17772047256361834,0.45392800723190974,0.65625,False,1.0,1.0,1.0,1.0,False
78,B,contrast_low,0.10114694616481072,0.15317472611515448,0.2619150019322287,0.1953125,False,0.04263988039422287,0.06863754866917489,0.11817714681882134,0.171875,False,0.18651580165847434,0.22375002969647156,0.32935502804214933,0.2578125,False,0.9134164615006249,0.9497372618945221,1.9349237879074066,0.453125,False,0.24008610184028534,0.25186141257504424,0.6516759758839701,0.4609375,False,1.0,1.0,1.0,1.0,False
78,B,gaussian_noise,0.09824848846808651,0.14441379480038682,0.22650258486740996,0.1328125,False,0.04431102140457214,0.06221070106361844,0.09673192605553345,0.171875,False,0.1434651232212894,0.218988109474968,0.32395668231975266,0.015625,False,0.749331632379598,0.5,1.3905821765749373,0.75,False,0.21932160862478167,0.14633281188010305,0.38224376613816713,0.8125,False,1.0,1.0,1.0,1.0,False
78,B,gaussian_blur,0.10479934874497823,0.16348558194502527,0.27346686656791613,0.1484375,False,0.04643612084627565,0.06726284939831101,0.11875385913318406,0.1953125,False,0.15404853758709747,0.2482784727106238,0.3524833201945683,0.046875,False,0.7754434979091065,0.5853157993700754,1.6233343411754544,0.609375,False,0.22450427117385197,0.16905015433115206,0.4569062346089192,0.671875,False,1.0,1.0,1.0,1.0,False
79,A,clean,0.12305480876358062,0.15794475015640747,0.2664022125365014,0.3046875,False,0.044558090146999366,0.06668248762709128,0.10942410817950042,0.2109375,False,0.24444143271511637,0.222516802141186,0.32215141094215505,0.65625,False,0.6452119117416399,0.4442112887794205,1.3132253551390491,0.6875,False,0.16411666586685658,0.0996151820938963,0.3089464498256629,0.7421875,False,1.0,1.0,1.0,1.0,False
79,A,brightness_dark,0.11261312131275301,0.15429362577740857,0.25258642589923347,0.2421875,False,0.04220879463441257,0.06464828334526268,0.11080803944230068,0.171875,False,0.266079352414504,0.21787398181926035,0.34204332610735727,0.75,False,0.4572304245067654,0.49686993337986285,1.5490102919318631,0.421875,False,0.132277419299752,0.13507292875096544,0.4207885464379001,0.484375,False,1.0,1.0,1.0,1.0,False
79,A,contrast_low,0.16260954117943227,0.14674440690900237,0.2567531959541734,0.5859375,False,0.07820925304128531,0.06733040473859622,0.11417472449154643,0.7109375,False,0.2162598023564885,0.21689914832109386,0.3395335019577406,0.4765625,False,1.8695476090947198,0.5502712637778334,1.7902420281199996,0.984375,True,0.5984922519129763,0.1205114856212054,0.5547636537920053,0.96875,True,0.0,1.0,1.0,0.2578125,False
79,A,gaussian_noise,0.12506357272391067,0.151805354713968,0.26770298404909276,0.34375,False,0.04457618810338142,0.06519499485218837,0.11832844046937564,0.2109375,False,0.21308060335863252,0.22812709350964833,0.3135168884000916,0.3828125,False,0.855226692335515,0.49479084581685817,1.4710704602797273,0.7734375,False,0.2088805333910193,0.11154338782427281,0.38327552634788303,0.8359375,False,1.0,1.0,1.0,1.0,False
79,A,gaussian_blur,0.12050813856778841,0.166937022461005,0.267293325923951,0.1953125,False,0.04492771603611424,0.07104553417684144,0.12267183626900646,0.1328125,False,0.21992971357445992,0.24115420759318607,0.35836832510619443,0.34375,False,1.0300977311597086,0.5376482039508538,1.5571828987088614,0.828125,False,0.2511097544329782,0.12171199906253816,0.41073344107816256,0.859375,False,0.0,1.0,1.0,0.1640625,False
79,B,clean,0.12305480876358062,0.15496306775752353,0.268262858081084,0.2578125,False,0.044558090146999366,0.06667812832672139,0.11902125289107927,0.1328125,False,0.24444143271511637,0.2282270036966953,0.32719980115801445,0.6015625,False,0.6452119117416399,0.42316077769148114,1.2419931816285006,0.7109375,False,0.16411666586685658,0.09057775029848425,0.29333763454336403,0.8125,False,1.0,1.0,1.0,1.0,False
79,B,brightness_dark,0.11382000555175605,0.1575091614796787,0.27607581338919107,0.1875,False,0.0423368759356889,0.06596991162642257,0.1141066270561424,0.1015625,False,0.2694099973631333,0.2223617959808353,0.3345352312813728,0.7578125,False,0.4794595049844808,0.5044385237716286,1.53090816890832,0.453125,False,0.1363689467056255,0.13022604094048967,0.4107680428113208,0.5625,False,1.0,1.0,1.0,1.0,False
79,B,contrast_low,0.16696999320044376,0.15075960823597323,0.2583035580645911,0.6484375,False,0.07727080111672498,0.06379743467333734,0.1172131942183519,0.6953125,False,0.21283915458262626,0.2187904719556663,0.33423496281688053,0.453125,False,1.6554579021312876,0.5672798858059592,1.6861988313237146,0.9375,False,0.4554747687476023,0.14723286490643378,0.5496443901844051,0.890625,False,0.0,1.0,1.0,0.2734375,False
79,B,gaussian_noise,0.12175023801729443,0.17060829060176522,0.27829339674029396,0.1953125,False,0.043285670222651444,0.0746768441172096,0.12034133030983653,0.0859375,False,0.2073665598208686,0.23138353138137022,0.3680075213885734,0.3125,False,0.8833702078119856,0.5676341227776347,1.3775049335197003,0.6875,False,0.21581060496191196,0.12400938864427219,0.3519705042501384,0.7421875,False,1.0,1.0,1.0,1.0,False
79,B,gaussian_blur,0.11991669487776752,0.1719030702667294,0.28686926786162065,0.2421875,False,0.04491815694567937,0.07057530057680383,0.13049465966141024,0.15625,False,0.22003570704517045,0.23891006121606767,0.3403602085891731,0.3984375,False,1.016555663505305,0.4670343420481802,1.1961008892975549,0.890625,False,0.2475521777465447,0.10995396359760279,0.28143808348856497,0.90625,False,0.0,1.0,1.0,0.1171875,False
80,A,clean,0.12281580144527304,0.12212488742069566,0.22716188606512674,0.515625,False,0.05485751295677836,0.054040468503929566,0.10748406826740892,0.53125,False,0.14931476403685728,0.1546937590821163,0.2613527671187828,0.4453125,False,0.160443286053724,0.2,0.7300599151404241,0.0546875,False,0.01553336721481699,0.06242492387221232,0.15895213852824355,0.046875,False,1.0,1.0,1.0,1.0,False
80,A,brightness_dark,0.12216202346404738,0.12381924023074808,0.21384959389450292,0.484375,False,0.05005580522471587,0.05494692067275202,0.10325470357062605,0.421875,False,0.1590599101306831,0.16152864029463604,0.25701186247024854,0.4921875,False,0.07589547021019957,0.2,0.796868350919264,0.0234375,False,0.004493560411918507,0.06339766402878066,0.18769470505678923,0.015625,False,1.0,1.0,1.0,1.0,False
80,A,contrast_low,0.08124360747049325,0.13171798961038472,0.2202074033456133,0.15625,False,0.039876202039592044,0.0603838242784222,0.11289448344653948,0.21875,False,0.13800847253069082,0.16945443632805182,0.28130203598339926,0.296875,False,0.19999999999999998,0.20277558594223058,0.9184569052190378,0.453125,False,0.0645681607802095,0.06873492433751574,0.21305537111233763,0.46875,False,1.0,1.0,1.0,1.0,False
80,A,gaussian_noise,0.12206469279107633,0.11675728714798056,0.2201658606639807,0.5390625,False,0.04786440147825706,0.052159147401150865,0.11768896158410928,0.421875,False,0.15056774623555924,0.1566078738354606,0.2717081151187167,0.4375,False,0.19999999999999998,0.19999999999999998,0.8222259480942532,0.5234375,False,0.06258854485521975,0.06240313852641863,0.18775542275676718,0.5,False,1.0,1.0,1.0,1.0,False
80,A,gaussian_blur,0.10996190870653402,0.11317675610247274,0.2005610483717265,0.4609375,False,0.04762223870095231,0.0506769343868793,0.09323543106107049,0.4375,False,0.14686746753536564,0.1549646383437575,0.23226119245225546,0.4140625,False,0.09264761187018158,0.19999999999999998,0.6226365480695436,0.0546875,False,0.013192282415118495,0.058288000962462255,0.14961335417514274,0.0546875,False,1.0,1.0,1.0,1.0,False
80,B,clean,0.12281580144527304,0.12548639037201606,0.2231547943998136,0.453125,False,0.05485751295677836,0.05477420190113927,0.10931677487807893,0.5,False,0.14931476403685728,0.1598995396606036,0.267347605776338,0.3984375,False,0.160443286053724,0.19999999999999998,0.715871991776383,0.09375,False,0.01553336721481699,0.05648242312761692,0.1559578000409974,0.0625,False,1.0,1.0,1.0,1.0,False
80,B,brightness_dark,0.12234524977996539,0.1242298475870586,0.2579065345739804,0.484375,False,0.04989499354107188,0.05240220797307549,0.1305395665557855,0.453125,False,0.1598176096659376,0.16352270380688844,0.29361454460590647,0.46875,False,0.06283043773343217,0.19999999999999998,0.7398975960464693,0.0,False,0.0016068477535812198,0.05131632777514242,0.17484708320388095,0.0,False,1.0,1.0,1.0,1.0,False
80,B,contrast_low,0.08475906924291109,0.13991620701664223,0.24474083442662714,0.1171875,False,0.04052630465588593,0.06538894649055658,0.13217915178309977,0.1640625,False,0.14928107809051266,0.17283904652489912,0.28228177901675405,0.2890625,False,0.19999999999999998,0.2196452065620202,1.0265084338121293,0.46875,False,0.06279490376724084,0.07013972706444876,0.23608179237351387,0.4296875,False,1.0,1.0,1.0,1.0,False
80,B,gaussian_noise,0.11852332280840588,0.1134972297371618,0.23106995587111806,0.5546875,False,0.046524306862014066,0.04830015359501387,0.11564688911400023,0.4375,False,0.14755057306144193,0.15275495238170161,0.2656392740913912,0.4609375,False,0.19999999999999998,0.2,0.7910363118848653,0.484375,False,0.06222780125429772,0.060156444953033544,0.17720136299800818,0.515625,False,1.0,1.0,1.0,1.0,False
80,B,gaussian_blur,0.11293880937080604,0.12584195740333365,0.21069847455876134,0.375,False,0.04935897198370532,0.05544605959759165,0.10193474571660929,0.40625,False,0.14978584293836572,0.1618245880617759,0.2433356160892785,0.390625,False,0.09312683076260407,0.19999999999999998,0.7321196954229404,0.0234375,False,0.013223964932875865,0.06210959896685597,0.16552091890081033,0.0390625,False,1.0,1.0,1.0,1.0,False
81,A,clean,0.12886788954103578,0.15718841956192675,0.2217880024887908,0.2734375,False,0.05407950584906842,0.06575607090253746,0.10019225870706824,0.2890625,False,0.16846317260187846,0.18552563891705437,0.2589498889808435,0.3828125,False,0.8950669234099069,0.38110708409340094,1.0400504978071656,0.859375,False,0.1935131377129682,0.08457437609079921,0.23297856611809947,0.875,False,1.0,1.0,1.0,1.0,False
81,A,brightness_dark,0.09535092586037874,0.14006134007372287,0.24611299132521133,0.1484375,False,0.041800210415441776,0.05888020502783772,0.10158205496672248,0.171875,False,0.118256725222881,0.16892227457685471,0.27551004533531737,0.140625,False,0.74791593916064,0.35752822996921124,1.010327889727061,0.859375,False,0.1513326783478237,0.08120245712299382,0.22887301744724234,0.8515625,False,1.0,1.0,1.0,1.0,False
81,A,contrast_low,0.06776903530862168,0.13309068770452215,0.2398583220659087,0.0390625,False,0.0246426534872,0.05591078665182148,0.11611381971703509,0.015625,False,0.09600501968225444,0.16002847610150048,0.26097155275935063,0.0546875,False,0.6651097679254767,0.6431821062430603,1.5198222235538799,0.5234375,False,0.14498698916110708,0.14016095341415913,0.3939968199200717,0.5234375,False,1.0,1.0,1.0,1.0,False
81,A,gaussian_noise,0.09633738291267092,0.1439719424812456,0.25820024087009147,0.1328125,False,0.04362712841309502,0.05982861058050288,0.10187435129042319,0.1953125,False,0.13209016930189715,0.17530753966578028,0.2864301869539003,0.21875,False,0.7234138937989989,0.45541252109850056,1.0162114127380493,0.7890625,False,0.15807980972064928,0.09252757542740664,0.23045569583883838,0.8046875,False,1.0,1.0,1.0,1.0,False
81,A,gaussian_blur,0.13586204220647485,0.15396768220258988,0.26842686839862434,0.375,False,0.057116913734529984,0.06469111199251265,0.11180172837212864,0.4140625,False,0.16169649353135757,0.18019344513387908,0.30188882184117966,0.3828125,False,0.9066700855285738,0.37053364918349524,1.082264193367039,0.875,False,0.20195509796544353,0.08092411144013387,0.2320163644865743,0.8828125,False,1.0,1.0,1.0,1.0,False
81,B,clean,0.12886788954103578,0.1503390728650566,0.2522188981314668,0.296875,False,0.05407950584906842,0.06358204628147499,0.10546789843058739,0.3125,False,0.16846317260187846,0.17982367565548626,0.27897141502018447,0.4375,False,0.8950669234099069,0.4050995574648662,1.0555767713572222,0.8828125,False,0.1935131377129682,0.09070081675118502,0.2412391100422527,0.8828125,False,1.0,1.0,1.0,1.0,False
81,B,brightness_dark,0.09551102319018134,0.14730103611323087,0.25952063150230675,0.1171875,False,0.04202672878192018,0.062150895646797974,0.10636191859361804,0.140625,False,0.1184032202833332,0.17524580177768204,0.26950850465218357,0.140625,False,0.7371961378863803,0.3305887564632402,1.0619211844835967,0.8046875,False,0.14876015507940954,0.07333219923213691,0.23853225718332977,0.8046875,False,1.0,1.0,1.0,1.0,False
81,B,contrast_low,0.06746764776125291,0.1326750976515798,0.23657943481430607,0.0546875,False,0.0249261515516784,0.058945838994282455,0.11325458226184434,0.0390625,False,0.1041276085305587,0.17132214153182868,0.2603352807323643,0.0703125,False,0.6849746341576115,0.6833052507982451,1.4420863730249835,0.5078125,False,0.14940467240400113,0.14185152715889643,0.3640307081330751,0.5234375,False,1.0,1.0,1.0,1.0,False
81,B,gaussian_noise,0.09599911146865175,0.15220725419375297,0.23854586270239506,0.1015625,False,0.04376458337579265,0.06312707116018286,0.10180583655338908,0.1875,False,0.13241273408870186,0.18070912007528617,0.2690117834440741,0.1953125,False,0.7199689399359825,0.41243739187674205,1.0204675228926225,0.78125,False,0.15729538370795015,0.08851794600562726,0.23159595297637597,0.7890625,False,1.0,1.0,1.0,1.0,False
81,B,gaussian_blur,0.1381497013563465,0.15011714824869388,0.24987912522926542,0.359375,False,0.05799927594548232,0.06204025549010299,0.10860354698255233,0.4140625,False,0.16407551389475822,0.18333264743394106,0.28214395986395585,0.359375,False,0.9037793656849671,0.4154626383894482,0.9524276571906519,0.921875,False,0.20122785042617464,0.09207025953185888,0.2136315915350681,0.921875,False,1.0,1.0,1.0,1.0,False
82,A,clean,0.1151925484159945,0.15251806934496154,0.23951879731865408,0.234375,False,0.04755639358482883,0.06428058767317443,0.10733989423439683,0.2421875,False,0.14842667292271272,0.18677914223351694,0.27694286493558673,0.3125,False,0.44232203853530744,0.4330756488640313,1.1844888024996867,0.5,False,0.09822057862791295,0.08786284000135483,0.2728343611301333,0.53125,False,1.0,1.0,1.0,1.0,False
82,A,brightness_dark,0.17205481976962297,0.1386026757103146,0.2300527819174713,0.75,False,0.07014033496190693,0.05605696204529316,0.09971045432953297,0.703125,False,0.188104501146329,0.1670923331233683,0.26479992944999653,0.6640625,False,0.2126324047995569,0.40665169211503366,1.2138104275518926,0.2578125,False,0.05460518571115841,0.09035548829258291,0.28718437161711763,0.2734375,False,1.0,1.0,1.0,1.0,False
82,A,contrast_low,0.12234731402926256,0.12839687210138073,0.24131455756660322,0.453125,False,0.05952468288696437,0.05360572270031505,0.11031481199157006,0.5859375,False,0.13153476185939977,0.15173917430485934,0.2485978863377717,0.3359375,False,0.6366652431749139,0.7508299307413302,1.689430064957378,0.40625,False,0.1387366586619826,0.15347655538998328,0.45779759075712884,0.4296875,False,1.0,1.0,1.0,1.0,False
82,A,gaussian_noise,0.13101763639280045,0.15068668110233846,0.248465136055859,0.3515625,False,0.05313797253896176,0.062023292985964526,0.10323940826086829,0.328125,False,0.1516335671106055,0.17909016995815563,0.273971811650648,0.3203125,False,0.6135118554765374,0.4644494505846378,1.0691237429194376,0.6328125,False,0.13371288733550063,0.0971620131974576,0.21718828200181325,0.65625,False,1.0,1.0,1.0,1.0,False
82,A,gaussian_blur,0.13143991359165796,0.1482482018343707,0.23837774676952414,0.3203125,False,0.054065511590367765,0.06297699024015699,0.09670226415708998,0.3046875,False,0.14538428194726216,0.17520327803313876,0.2563183577727379,0.2109375,False,0.5182772703339358,0.3884556815519161,1.042938618008957,0.6875,False,0.11362284325009647,0.08068693734993407,0.23536830636283046,0.734375,False,1.0,1.0,1.0,1.0,False
82,B,clean,0.1151925484159945,0.15759742401519905,0.23892556675763463,0.1640625,False,0.04755639358482883,0.0648115715745243,0.10241610689519826,0.171875,False,0.14842667292271272,0.1866376819010131,0.2715977554098279,0.2421875,False,0.44232203853530744,0.5008265302814225,1.019740822646063,0.453125,False,0.09822057862791295,0.10049219565076728,0.22590534298171155,0.4765625,False,1.0,1.0,1.0,1.0,False
82,B,brightness_dark,0.17570173381819595,0.1409777509037282,0.23737258017934268,0.703125,False,0.07203984269546071,0.05842457276669908,0.1077142445245849,0.6875,False,0.1914163451481367,0.1653330792437177,0.27256529938038904,0.65625,False,0.2095767674297579,0.41919121005812743,1.2354809074728,0.234375,False,0.054052322505513895,0.09152942347979015,0.2815697883887755,0.25,False,1.0,1.0,1.0,1.0,False
82,B,contrast_low,0.1355143723825843,0.13948441074501688,0.23387351270359188,0.484375,False,0.06927078199947506,0.05953604544076117,0.11751094907289965,0.6796875,False,0.14496635919958378,0.16540063605219707,0.28341565260258955,0.390625,False,0.7402186661669747,0.7176774810174837,1.5515940756662434,0.515625,False,0.16192633335982554,0.14143327446158277,0.3961756538418507,0.5546875,False,1.0,1.0,1.0,1.0,False
82,B,gaussian_noise,0.1312856717511537,0.14981465636336788,0.25270850556879626,0.34375,False,0.05260448219690006,0.06305385090701726,0.11210850911029202,0.328125,False,0.15006472893757353,0.18280265448493563,0.27639954555319096,0.2578125,False,0.620415578424067,0.4831370636939303,1.2510371318458486,0.6015625,False,0.13520493418968105,0.09948275973458792,0.294609264424109,0.6171875,False,1.0,1.0,1.0,1.0,False
82,B,gaussian_blur,0.13045935761691163,0.1654238471245008,0.26834448115429554,0.296875,False,0.053630621992248856,0.07009163370364854,0.1192414918253291,0.2890625,False,0.1446645134696287,0.18943931006722592,0.2958904312223759,0.21875,False,0.5039625288016761,0.48385221760547953,1.0808679423205374,0.53125,False,0.11067945184289585,0.10317859766751908,0.2424181183575008,0.5703125,False,1.0,1.0,1.0,1.0,False
83,A,clean,0.19220495177872182,0.14103157115252818,0.25523745521911445,0.8125,False,0.06919718383768937,0.06083919260787658,0.11223582173095087,0.625,False,0.22879605074288117,0.19524952631095882,0.2934793439159869,0.6875,False,0.9847386841289218,0.43924451212740434,0.9965528471302968,0.9375,False,0.2564383933381481,0.13046632796229796,0.23465461832996568,0.953125,True,1.0,1.0,1.0,1.0,False
83,A,brightness_dark,0.15356391502682012,0.124566050869695,0.21865963956024492,0.6875,False,0.060029806535249065,0.05442770612595042,0.0953520801884149,0.6015625,False,0.19351142578913244,0.19148274575432483,0.29341994198109006,0.5078125,False,0.8003697783316233,0.46221574592192394,1.0423896706036262,0.8046875,False,0.17630138456781874,0.12739478887480477,0.26684059855397324,0.7109375,False,1.0,1.0,1.0,1.0,False
83,A,contrast_low,0.1986857048567961,0.13774643998553984,0.24052401064299195,0.8515625,False,0.09468782167149835,0.0652276747407638,0.11713178406398268,0.8671875,False,0.25740325017546584,0.19466105842009065,0.30236839014068323,0.8828125,False,1.1160366027233364,0.5842180610651785,1.3259774901363526,0.875,False,0.28887980887399634,0.16186898883624218,0.3477243113107882,0.8828125,False,1.0,1.0,1.0,1.0,False
83,A,gaussian_noise,0.1754256302077696,0.1401122255202666,0.23629135593981695,0.6875,False,0.0640359808821902,0.061935819330342375,0.11841496506497727,0.53125,False,0.21108833391799875,0.20391432093875558,0.2962998223231889,0.5390625,False,0.9464103742965746,0.4193910089049619,0.9435309916039134,0.953125,True,0.24748042208186827,0.11926546088032958,0.24114802498722127,0.953125,True,1.0,1.0,1.0,1.0,False
83,A,gaussian_blur,0.20541151112869907,0.14391989619255893,0.25121878860011077,0.84375,False,0.0843924076942458,0.06304436393577513,0.11203881204902714,0.7890625,False,0.2515093066333253,0.21524524970952358,0.3168959223652855,0.7265625,False,1.0329834726429898,0.4571802454812113,1.0149480589840454,0.953125,True,0.2680301974321786,0.11902841937772818,0.238317899123534,0.9765625,True,1.0,1.0,1.0,1.0,False
83,B,clean,0.19220495177872182,0.13966194747038813,0.2601449879321537,0.8046875,False,0.06919718383768937,0.06148530112613787,0.12222458270326135,0.5859375,False,0.22879605074288117,0.21582873585158216,0.30264890331859484,0.59375,False,0.9847386841289218,0.41990781227186286,1.0708465674107335,0.9296875,False,0.2564383933381481,0.12004871250731397,0.2727567627355162,0.9375,False,1.0,1.0,1.0,1.0,False
83,B,brightness_dark,0.1547713766540375,0.13832530219125425,0.25310172187713686,0.6171875,False,0.060420163016697,0.06167632750893813,0.1221377575225069,0.4609375,False,0.1950965991640632,0.20572504030096062,0.3201950465964779,0.4140625,False,0.7966753106139932,0.5501152579199033,1.2166717718438558,0.7578125,False,0.17563264910786835,0.13724204241642618,0.3158580523948535,0.703125,False,1.0,1.0,1.0,1.0,False
83,B,contrast_low,0.21601388408049038,0.13118065506505677,0.23642988187717592,0.90625,False,0.0998044765753124,0.05849625404497799,0.12232114115340335,0.8828125,False,0.26869625605820724,0.19023245322269466,0.30458418591336667,0.8984375,False,1.306059842004918,0.6464437133352684,1.443193654536178,0.9140625,False,0.3416145232051959,0.170213231246916,0.3852938411500612,0.9140625,False,0.0,1.0,1.0,0.109375,False
83,B,gaussian_noise,0.1730832628322676,0.15275166480287566,0.2477612735616864,0.640625,False,0.06320334936588193,0.06843376652269897,0.11621211986484806,0.46875,False,0.20956136129148084,0.22066552063727524,0.3125729660317018,0.3984375,False,0.9489804855034482,0.4278500786849706,0.9595012274972575,0.9375,False,0.24807440468044062,0.11920272574942814,0.22661950363509614,0.9609375,True,1.0,1.0,1.0,1.0,False
83,B,gaussian_blur,0.20671311959427557,0.14052271164714178,0.2788988653043909,0.828125,False,0.08559973630584362,0.06378042123120292,0.12809780751344807,0.7734375,False,0.25177030829078,0.20054177070257428,0.3205800151257297,0.7421875,False,1.0371832149134699,0.49753726365408213,1.187021999450084,0.9140625,False,0.2690566566620337,0.1270974829333767,0.28268391194368797,0.9453125,False,1.0,1.0,1.0,1.0,False
84,A,clean,0.09449296890840249,0.1368489152296419,0.25768795700931335,0.15625,False,0.037634907112415336,0.05974606055036276,0.11380621009759634,0.109375,False,0.1487032480442701,0.24290514755416415,0.3391652639809578,0.0078125,False,0.30258274167818205,0.6078366829544064,1.1,0.0859375,False,0.014917029417486072,0.11604068785655708,0.3469508114071587,0.03125,False,0.0,1.0,1.0,0.3515625,False
84,A,brightness_dark,0.1815204233702139,0.13373017846592988,0.24782345215707718,0.75,False,0.08183954125972147,0.057892166038941394,0.11723807371260778,0.7421875,False,0.2292845090630658,0.2443320286583509,0.3450524509530767,0.40625,False,1.686384912097575,0.8408750463703772,1.2741446395239906,1.0,True,0.5197848655825976,0.2069160823117452,0.4098720310911503,1.0,True,0.0,1.0,1.0,0.40625,False
84,A,contrast_low,0.10489229548653273,0.14059609808037934,0.2559569620919744,0.234375,False,0.04867319752289192,0.06212569532444889,0.11825869677174483,0.296875,False,0.14333987511817256,0.24184539723864124,0.3491767042947819,0.0234375,False,0.5865926794835068,0.7542971131073735,1.4223723807632478,0.3515625,False,0.07393683966006637,0.14211710666427102,0.43311202488610706,0.1796875,False,0.0,1.0,1.0,0.375,False
84,A,gaussian_noise,0.0929277234011248,0.12946173241918255,0.2254424642198657,0.171875,False,0.03783705980163319,0.05740235941614755,0.11028011846061259,0.15625,False,0.1532465612773778,0.2366837273067564,0.3410458224927556,0.03125,False,0.28041985569215455,0.6401404842012762,1.1113901998286202,0.0625,False,0.048644430903356684,0.13417347670833435,0.36713238937545173,0.125,False,1.0,1.0,1.0,1.0,False
84,A,gaussian_blur,0.09644636108153631,0.1465739288960498,0.23871861003364794,0.1640625,False,0.04059352968523469,0.06374007652784033,0.11708910371663192,0.171875,False,0.1601480274594971,0.2460072092521599,0.3404522400615499,0.03125,False,0.2343227193133794,0.579571972669386,1.1,0.0703125,False,0.010756830665991757,0.10700787545514767,0.3110542411094341,0.0625,False,0.0,1.0,1.0,0.296875,False
84,B,clean,0.09449296890840249,0.1463024823585925,0.24952502654734549,0.125,False,0.037634907112415336,0.06437972183545697,0.11141898970299159,0.109375,False,0.1487032480442701,0.24651269663733225,0.33855909497318454,0.0078125,False,0.30258274167818205,0.5940336122488451,1.203073999435293,0.03125,False,0.014917029417486072,0.11513958108362965,0.3887065275338483,0.015625,False,0.0,1.0,1.0,0.3671875,False
84,B,brightness_dark,0.1864400459925019,0.13877076448946726,0.253066081741342,0.7265625,False,0.08427015473836133,0.06010403655564813,0.1247804824491492,0.7578125,False,0.23320195843028652,0.23791659120977848,0.3776672014018806,0.484375,False,1.7018656594953847,0.8970195517473754,1.3657873366425224,1.0,True,0.525094316025746,0.22213453709481645,0.4313948934583848,1.0,True,0.0,1.0,1.0,0.421875,False
84,B,contrast_low,0.10279323858191239,0.1257080797480254,0.2412723605717032,0.234375,False,0.04738845842019185,0.05662544678342425,0.11590968213096532,0.3046875,False,0.14543310287056327,0.2519558201760984,0.3661488164893005,0.0234375,False,0.5274022315480833,0.7034731291564633,1.5853413785690174,0.359375,False,0.056068287623996405,0.14271532818958527,0.45869294543711125,0.171875,False,0.0,1.0,1.0,0.4296875,False
84,B,gaussian_noise,0.0899570729729859,0.13591551673287633,0.24731951886687342,0.203125,False,0.03673849765678104,0.059219214673209813,0.11449746208079889,0.1953125,False,0.15123078614356836,0.2359626648448231,0.3529148082638607,0.0703125,False,0.26272278753095524,0.6616039092153909,1.1010937396854332,0.0625,False,0.0398959936063783,0.13016210128108896,0.33058289945391445,0.0859375,False,1.0,1.0,1.0,1.0,False
84,B,gaussian_blur,0.09810510950448578,0.14327193825107215,0.2500300650426823,0.1484375,False,0.04130176589848459,0.06275930317745801,0.11662860961125543,0.171875,False,0.16358799221465056,0.2408458557116298,0.35609613162977527,0.03125,False,0.23995213967578766,0.5728690226857279,1.0980333337133685,0.0625,False,0.01149592964431978,0.1110122560663877,0.2676309767800554,0.03125,False,0.0,1.0,1.0,0.3828125,False
85,A,clean,0.06008161849085353,0.13844616537362142,0.2380799259546417,0.0,False,0.029086168507220508,0.06264111176986599,0.10462070581221611,0.015625,False,0.1322338462102126,0.19454532731418522,0.28177941249056637,0.09375,False,0.1506413798064733,0.37936076099006927,1.2631714142782489,0.15625,False,0.007320667898237376,0.04013327799039079,0.3815026835911477,0.171875,False,1.0,1.0,1.0,1.0,False
85,A,brightness_dark,0.06329102223663247,0.13502396533555028,0.22326513657047037,0.0234375,False,0.02504443707906744,0.06022998774829885,0.10813226297506737,0.0234375,False,0.14988167592340232,0.18855301047818507,0.282816201040499,0.234375,False,0.03614841108082811,0.4511858346988975,1.051359346969793,0.046875,False,0.006316813812922928,0.06344609474169455,0.25526735315181776,0.1640625,False,1.0,1.0,1.0,1.0,False
85,A,contrast_low,0.1243438774654716,0.13640923801220112,0.251731216369393,0.421875,False,0.06354154117521912,0.05760091179806519,0.12124231462118391,0.5546875,False,0.17959405487212715,0.1934304275848429,0.2959239460029928,0.34375,False,0.21459814451918247,0.7,1.6031756504974088,0.125,False,0.04020316402585866,0.11576567392142129,0.4925088978832527,0.21875,False,1.0,0.0,1.0,1.0,False
85,A,gaussian_noise,0.08141687514744882,0.13340865575023642,0.23546623620634335,0.1328125,False,0.038163390793744645,0.05857757355418869,0.10781383938429921,0.2109375,False,0.1462411919399214,0.18762758511084113,0.27356166007389504,0.2265625,False,0.18712621009945307,0.44367209192331936,1.3,0.1640625,False,0.008564983543977944,0.06230965351964246,0.4206214061895788,0.1328125,False,1.0,1.0,1.0,1.0,False
85,A,gaussian_blur,0.0710919057425621,0.14959473954359315,0.22095001462968641,0.046875,False,0.033024942392075936,0.06921486958288836,0.1012197723376226,0.0625,False,0.127997557769425,0.20627080802014208,0.2855298956399574,0.0625,False,0.2082118461494454,0.47871015711617276,1.260668085726979,0.1328125,False,0.012866587204582558,0.06390773024679136,0.34132143159514805,0.140625,False,1.0,1.0,1.0,1.0,False
85,B,clean,0.06008161849085353,0.14540722110543552,0.24500213857715336,0.0234375,False,0.029086168507220508,0.06345259400701198,0.11931808162874653,0.0390625,False,0.1322338462102126,0.196169119724762,0.29553225491617785,0.0546875,False,0.1506413798064733,0.408498110812896,1.1878790151194036,0.125,False,0.007320667898237376,0.0489327655362336,0.28295453154903955,0.1015625,False,1.0,1.0,1.0,1.0,False
85,B,brightness_dark,0.06261829399577759,0.1339861321496708,0.22205845937328392,0.03125,False,0.02501138307057975,0.05824502188463086,0.10234914238788852,0.0234375,False,0.1501449598718807,0.18579671758542823,0.2747642935204927,0.2265625,False,0.035161844384688334,0.5010014841393706,1.0109226170171939,0.015625,False,0.006137262553195577,0.06814336259009068,0.23608249714947427,0.1328125,False,1.0,1.0,1.0,1.0,False
85,B,contrast_low,0.13143280766768112,0.14598919364244128,0.2140647000716358,0.40625,False,0.06944240853433863,0.06375753697076782,0.1010758346672906,0.5859375,False,0.1833513102730435,0.19028844714711546,0.26828159467999196,0.4375,False,0.22603064163196707,0.8119892799455899,1.541945263430212,0.078125,False,0.043181199587454255,0.15966489673242523,0.4888117705006998,0.15625,False,1.0,0.0,1.0,1.0,False
85,B,gaussian_noise,0.08033569165089824,0.13017057752750444,0.24584431692019607,0.078125,False,0.037742108951768626,0.05734034462434874,0.10858094415823914,0.1015625,False,0.1477628162804444,0.18397115845425976,0.2858035669519777,0.2109375,False,0.18216446235157968,0.43297115406585523,1.283850469032129,0.1953125,False,0.007982059009932096,0.05514810150295374,0.3412431238226897,0.1171875,False,1.0,1.0,1.0,1.0,False
85,B,gaussian_blur,0.07192782864059397,0.14898235623062844,0.24986039170954172,0.0390625,False,0.03337569509769609,0.0657645029292902,0.11241901797844418,0.078125,False,0.12812007027074404,0.20323610158083522,0.3108233655281298,0.046875,False,0.21246160446336376,0.5447255719023916,1.35993249249403,0.1484375,False,0.013364060908093278,0.09557278705586969,0.4067514951190382,0.140625,False,1.0,1.0,1.0,1.0,False
86,A,clean,0.19155568497573336,0.14619791073595306,0.2576710377851792,0.828125,False,0.07788550036694215,0.06005904108105272,0.1041877311551068,0.7890625,False,0.31958406680998536,0.2628598775639847,0.3503137167764415,0.875,False,1.3783129567924775,0.7749774600727748,1.514650244268996,0.9140625,False,0.3872367663655427,0.15045688759087394,0.3955262986998978,0.9453125,False,0.0,0.0,1.0,0.5390625,False
86,A,brightness_dark,0.15527958260097838,0.1427988732110607,0.23611970386390463,0.6328125,False,0.05569877791978882,0.059856039844683864,0.09799951560323386,0.4375,False,0.31303528251189067,0.2584457609414683,0.34110065017807856,0.8828125,False,1.5145417812551294,0.7509496169981369,1.378102050961707,0.96875,True,0.4199877527157403,0.1407589506150928,0.36178961985789737,0.9765625,True,0.0,1.0,1.0,0.40625,False
86,A,contrast_low,0.19434505271085217,0.13703394146452574,0.22567365485578955,0.8515625,False,0.07552626610178406,0.05916264221553238,0.10575758783061087,0.734375,False,0.34858140311225166,0.24688478755495535,0.35785154978876066,0.9375,False,1.438892883884589,0.894649876125915,1.7000000000000002,0.8125,False,0.42820114999033687,0.2083729678456986,0.49508409522027713,0.8828125,False,0.0,0.0,1.0,0.515625,False
86,A,gaussian_noise,0.18600457735015616,0.13975666025420913,0.22960989798268833,0.7734375,False,0.07800359302211538,0.06050590491952539,0.10748606890694971,0.765625,False,0.28798194310889774,0.2572252676652635,0.37458599456368086,0.6875,False,1.4362887346880548,0.6920658928638079,1.3581932294268677,0.9765625,True,0.39646801274779486,0.12086749572187244,0.3472743439502506,0.9765625,True,0.0,1.0,1.0,0.4375,False
86,A,gaussian_blur,0.20472935001413323,0.16034522910862675,0.26299215711837465,0.7890625,False,0.09089707144203041,0.06601842970737459,0.11735416954925329,0.828125,False,0.34939527179402663,0.2651503355802652,0.36152807048670893,0.90625,False,1.3511066547270356,0.8358465503279828,1.5056688717105868,0.9140625,False,0.38469900743509866,0.15838311768948965,0.4034061993142468,0.9375,False,0.0,0.0,1.0,0.59375,False
86,B,clean,0.19155568497573336,0.1440845500484399,0.26354129512487434,0.8359375,False,0.07788550036694215,0.061629825750792566,0.10974897375294636,0.7734375,False,0.31958406680998536,0.26131849767927096,0.3550958206575334,0.875,False,1.3783129567924775,0.6934923363515657,1.4226821932539966,0.9296875,False,0.3872367663655427,0.12626774133141816,0.39217769054563584,0.9453125,False,0.0,0.0,1.0,0.53125,False
86,B,brightness_dark,0.1554655027478102,0.13665874988123894,0.22697619223113943,0.6328125,False,0.05599424137211064,0.058523496038978495,0.09401414457659459,0.46875,False,0.3150166461911353,0.2513375297003135,0.3301217813294741,0.875,False,1.5243158714122078,0.7026515183626276,1.4464120321525111,0.953125,True,0.4226126181844345,0.14350365086153294,0.35980489034134666,0.984375,True,0.0,1.0,1.0,0.421875,False
86,B,contrast_low,0.20419438585144972,0.13460964607186549,0.2406811080118033,0.8828125,False,0.08058112798584212,0.057808640050551904,0.10667109504927667,0.7734375,False,0.3701845005486665,0.2562032672413751,0.364566804728961,0.953125,True,1.5087902678064418,0.8,1.644998085495642,0.9296875,False,0.4584629994094995,0.18480189237072586,0.4559799628075853,0.953125,True,0.0,1.0,1.0,0.3515625,False
86,B,gaussian_noise,0.1843844187389373,0.15097095541941918,0.24703354250344378,0.75,False,0.07878764886555249,0.06481098552394554,0.11539191053337404,0.7265625,False,0.2857177751219438,0.26134054740162443,0.35951679468301134,0.6796875,False,1.4272282160308154,0.7510206445516772,1.3732766277622674,0.96875,True,0.3944270684800235,0.13272853815855934,0.360634922589535,0.96875,True,0.0,0.0,1.0,0.5390625,False
86,B,gaussian_blur,0.20892566741991875,0.1456568776692285,0.24576301133262024,0.8671875,False,0.09314650215230687,0.06287162253985727,0.11067228629679882,0.859375,False,0.356601706274611,0.26303183843325484,0.3877862584622979,0.8984375,False,1.3517552785301605,0.8509774890512953,1.5677822098859622,0.8828125,False,0.3850806495057362,0.16265101560130013,0.42754594774716276,0.921875,False,0.0,0.0,1.0,0.59375,False
87,A,clean,0.17885225611831448,0.14521557717641015,0.2398774854330395,0.6953125,False,0.0904916173110095,0.06309562533808238,0.1050821011283088,0.828125,False,0.2004830891634069,0.1873487815971227,0.2709956636354613,0.609375,False,1.8,0.8015119081469658,1.8,0.9609375,False,0.5658239397139568,0.13793658789245122,0.5372494209898729,0.984375,True,0.0,1.0,1.0,0.3671875,False
87,A,brightness_dark,0.200537238095625,0.12834104062954071,0.23838144909936412,0.8671875,False,0.09274873298036296,0.05683543187742978,0.10648231504844731,0.8671875,False,0.23826032539532915,0.1736225234142808,0.26589934885849403,0.8828125,False,1.7999999999999998,1.205311676088559,1.8,0.796875,False,0.5706701290191355,0.24272354151702752,0.5570177014862379,0.9765625,True,0.0,0.0,1.0,0.578125,False
87,A,contrast_low,0.1291606233639765,0.1287643755243678,0.22584572246985674,0.515625,False,0.05832749184381695,0.05642802883604531,0.10655957086966171,0.5234375,False,0.17533298231629785,0.16853190312458685,0.2810618430102496,0.578125,False,1.6936594562168688,0.7325569650775734,1.8,0.8359375,False,0.46315112014772275,0.1594216868837432,0.5337630037763513,0.8515625,False,0.0,1.0,1.0,0.3828125,False
87,A,gaussian_noise,0.13589465072322865,0.13812592552588004,0.24813192132707634,0.484375,False,0.07401045296007012,0.059971373362122285,0.11040340266006746,0.6328125,False,0.163049926063259,0.17569500988835923,0.3033051941591616,0.3828125,False,1.8,0.900168249887602,1.8,0.9765625,False,0.56047520101405,0.17338847035915578,0.5402803232249465,0.9921875,True,0.0,1.0,1.0,0.4375,False
87,A,gaussian_blur,0.16065530262268043,0.14636390448393288,0.23960171275033315,0.6015625,False,0.08306015226905587,0.06584688010073037,0.112735752217786,0.8046875,False,0.19281274101935014,0.1830863627660141,0.2729789883811071,0.546875,False,1.8,0.7451331113547615,1.7450718981707456,0.9765625,True,0.5663901863207915,0.13265433662596215,0.47889521487275477,1.0,True,0.0,1.0,1.0,0.3359375,False
87,B,clean,0.17885225611831448,0.1361112216248284,0.24668107771109074,0.78125,False,0.0904916173110095,0.058417990513159296,0.10884274290987313,0.8828125,False,0.2004830891634069,0.1780490399899417,0.30373427468677766,0.703125,False,1.8,0.7315545290932541,1.8,1.0,False,0.5658239397139568,0.12359489301296445,0.5296195215522533,1.0,True,0.0,1.0,1.0,0.3515625,False
87,B,brightness_dark,0.20273301152175927,0.14331667025137335,0.25106743350447375,0.8515625,False,0.09362751686694246,0.06063686769346194,0.11893004350013046,0.8828125,False,0.24109265409097885,0.17361205235224808,0.2860839068786783,0.8359375,False,1.7999999999999998,1.1085508461291496,1.8,0.75,False,0.5678603192288186,0.22421553875319222,0.5573682536477101,0.96875,True,0.0,0.5,1.0,0.5,False
87,B,contrast_low,0.12959977057945832,0.1316300476121422,0.26618614497961623,0.4921875,False,0.05552764298419599,0.06064408965950224,0.13014697731121794,0.4375,False,0.1714255568316138,0.17081085355925135,0.30185074472867107,0.515625,False,1.4660063216465546,0.804154007852236,1.8,0.78125,False,0.346732965128291,0.1457891249033848,0.5429685790707752,0.78125,False,0.0,1.0,1.0,0.3828125,False
87,B,gaussian_noise,0.1346833565659257,0.14229124897883044,0.25092433984140217,0.4375,False,0.07288704605224694,0.06281198172906981,0.10792478275201381,0.6796875,False,0.1614369187986394,0.17811870687986348,0.26947806449694833,0.3515625,False,1.8000000000000003,0.8448829965628859,1.8,1.0,True,0.5604367604173458,0.15371286885868535,0.5293489406860832,1.0,True,0.0,1.0,1.0,0.3671875,False
87,B,gaussian_blur,0.16038239462679663,0.14385239576688275,0.23542308433744322,0.6015625,False,0.08260100033153303,0.06344213727043307,0.10454746123808982,0.796875,False,0.19300444151990528,0.18618669884092287,0.2939001178225606,0.5859375,False,1.7948279378108125,0.5777029842995117,1.5661310040343863,0.9765625,True,0.5578553946890719,0.1115502441678009,0.37959870142089164,1.0,True,0.0,1.0,1.0,0.234375,False
88,A,clean,0.1546898732017992,0.13556815187257737,0.2516773763327152,0.6640625,False,0.07269379087958901,0.05898262085939071,0.11762515586212859,0.7421875,False,0.2894970347435197,0.2467143211951966,0.3394149850267006,0.75,False,0.6691054941004012,0.6754213921418459,0.9967592930535597,0.46875,False,0.19024412765161758,0.17054948466452674,0.28041679552683585,0.625,False,1.0,1.0,1.0,1.0,False
88,A,brightness_dark,0.2228073397132435,0.11784149744321318,0.2480625086376151,0.921875,False,0.09411612299741726,0.052090121533960296,0.10713507726619641,0.8828125,False,0.29755089411461183,0.23298887931197343,0.35256000709599983,0.828125,False,0.8,0.7864343425501366,1.0957053703880888,0.765625,False,0.23230335252348255,0.19175248753106433,0.3044194061293432,0.6796875,False,1.0,1.0,1.0,1.0,False
88,A,contrast_low,0.16849573002350463,0.1326174852267547,0.22440800355490426,0.7265625,False,0.06989245967168552,0.05922530779673835,0.10743287868738668,0.6171875,False,0.276894746064724,0.24977826758541044,0.3453058623378934,0.6953125,False,0.7622894002932021,0.7839669093026369,1.242877971609028,0.484375,False,0.1781386006106408,0.19172238401558972,0.3317374790439021,0.390625,False,1.0,1.0,1.0,1.0,False
88,A,gaussian_noise,0.15203054132861277,0.1305646550804602,0.222557595672994,0.6171875,False,0.0665223945356076,0.059539986336617695,0.10364489340682757,0.609375,False,0.3001135703196636,0.2383302375754253,0.330658570418326,0.828125,False,0.7124898300547639,0.7674515513131664,0.9080247724500374,0.390625,False,0.19747388099184915,0.18908398302105317,0.28328606412097956,0.5390625,False,1.0,1.0,1.0,1.0,False
88,A,gaussian_blur,0.1325804543869162,0.13305843223206437,0.22536889567933255,0.484375,False,0.05359154457908908,0.05792350325884634,0.10653081173933701,0.390625,False,0.2462052358453775,0.24240164480345722,0.348353073605413,0.515625,False,0.7287577354538068,0.7181038047759223,0.9142983070830405,0.5078125,False,0.1843227784262207,0.18211636213194848,0.26080807611117485,0.515625,False,1.0,1.0,1.0,1.0,False
88,B,clean,0.1546898732017992,0.12894062420892138,0.19931016894400422,0.7109375,False,0.07269379087958901,0.058440752800797885,0.09490030939640007,0.7421875,False,0.2894970347435197,0.23271631226164763,0.30960270279375984,0.875,False,0.6691054941004012,0.6772873784070899,0.8969414130925787,0.4765625,False,0.19024412765161758,0.16450067360684517,0.2682056083530849,0.609375,False,1.0,1.0,1.0,1.0,False
88,B,brightness_dark,0.22484804740278502,0.12341457309636346,0.21751015789349595,0.9609375,True,0.09417805759668639,0.05433552099795021,0.10242625486676106,0.9140625,False,0.297961218887364,0.2443093230003066,0.35656561081624394,0.828125,False,0.8,0.8,1.0674508568051406,0.7578125,False,0.23194490213166274,0.2084390533251243,0.2914210126456371,0.7109375,False,1.0,1.0,1.0,1.0,False
88,B,contrast_low,0.16219795356486874,0.1296134977728707,0.23133515259081136,0.765625,False,0.07090777933020734,0.05901718628506371,0.10484861731331072,0.6875,False,0.259462950611808,0.25678627491166406,0.34821317719719924,0.53125,False,0.8,0.7999999999999999,1.259564283855256,0.71875,False,0.19864854993680248,0.19306407059576636,0.31560268426278,0.5234375,False,1.0,1.0,1.0,1.0,False
88,B,gaussian_noise,0.1471125773064474,0.1257379870646041,0.1964506372641154,0.6796875,False,0.06409468291024512,0.05244313085217807,0.093878547696927,0.6875,False,0.2944082717163153,0.24001098805275145,0.32068503230085954,0.8984375,False,0.6956366747481318,0.6740835247859029,0.937569265444115,0.5234375,False,0.1877762017842728,0.17592552458905408,0.2755633717336131,0.6015625,False,1.0,1.0,1.0,1.0,False
88,B,gaussian_blur,0.13210603887565117,0.13265212394827514,0.22247691389463628,0.4921875,False,0.05325538757506323,0.05886021418901269,0.1071362205229508,0.3984375,False,0.24615307961532357,0.24363727657504405,0.3312771637646228,0.53125,False,0.7280023372712157,0.7134399170237545,0.925659788338654,0.515625,False,0.18444751187402508,0.18237164753356583,0.26372435123774257,0.53125,False,1.0,1.0,1.0,1.0,False
89,A,clean,0.1320970043392176,0.14619139893764835,0.23094092203154395,0.3515625,False,0.04944788709606587,0.0629417086204897,0.10112858475197582,0.28125,False,0.17027087455387388,0.201999171463424,0.29114037300651413,0.25,False,1.398514740667812,0.8075927506042385,1.61220790082067,0.75,False,0.38663471331776655,0.1645760882566492,0.5041505243796458,0.7578125,False,0.0,0.0,1.0,0.53125,False
89,A,brightness_dark,0.11341171066947726,0.14133488148924078,0.26516199891099396,0.25,False,0.04401223746133024,0.0584864108845286,0.10918613177672706,0.1875,False,0.1570248610810282,0.1921536424604786,0.30184957080366254,0.25,False,1.3786224979488189,0.736801894697626,1.648662420172964,0.8125,False,0.35335356651641114,0.16583593230184956,0.5187232342146961,0.8046875,False,0.0,1.0,1.0,0.4140625,False
89,A,contrast_low,0.12366770747919713,0.14979643848025892,0.22953641212893017,0.359375,False,0.04991039376779589,0.06598329502269448,0.10541821746236082,0.3125,False,0.1410964002307224,0.20408579905936233,0.2991559512994404,0.109375,False,0.47707921579456003,0.9743521901881733,1.9050172267951027,0.125,False,0.09494744622491358,0.2166244736520354,0.6190358899144156,0.1484375,False,1.0,0.5,1.0,1.0,False
89,A,gaussian_noise,0.12839094753667488,0.143227734501889,0.2284725254959965,0.375,False,0.04760366070525806,0.059887932394984356,0.095829665850142,0.265625,False,0.16058733069733952,0.1992221012299133,0.2928445363659309,0.2109375,False,1.4179537235195183,0.8257737201005946,1.8196191611586232,0.859375,False,0.3917871365042087,0.16038704242142898,0.5450926416517462,0.8203125,False,0.0,0.0,1.0,0.515625,False
89,A,gaussian_blur,0.13410758462644098,0.15280618348229003,0.25953896155323347,0.3203125,False,0.05290143331202547,0.06592885271136434,0.1138219288582856,0.2578125,False,0.17798072222830885,0.21188747086446036,0.324806152488647,0.25,False,1.344526121023193,1.0495160860409773,1.8449321462474122,0.65625,False,0.39714160081520977,0.25184252404341156,0.5973136427395825,0.6953125,False,0.0,0.0,1.0,0.578125,False
89,B,clean,0.1320970043392176,0.15101142766796435,0.2460356349117818,0.3828125,False,0.04944788709606587,0.0649318084129323,0.10680128598649519,0.3125,False,0.17027087455387388,0.20019461359041169,0.3190054782515903,0.2109375,False,1.398514740667812,0.9425200623855581,1.4970294628333154,0.7578125,False,0.38663471331776655,0.20392779996761146,0.4894887872423858,0.765625,False,0.0,0.0,1.0,0.546875,False
89,B,brightness_dark,0.11337821678630258,0.1357976241907814,0.21874276062845333,0.3359375,False,0.04375137524716418,0.05685203466082177,0.09532889100279487,0.2890625,False,0.1580127629710953,0.18726849850523716,0.2657923458475029,0.3046875,False,1.3858141520299962,0.7250780991276848,1.8462487620830124,0.78125,False,0.36025924185719704,0.14971292009047332,0.5978219966885381,0.796875,False,0.0,1.0,1.0,0.4140625,False
89,B,contrast_low,0.12399855253194031,0.14050757347652376,0.23792649538839059,0.3515625,False,0.05097013714865572,0.060837138750058854,0.11502985827601245,0.3515625,False,0.1441125678264351,0.19913857679352373,0.3189673318113742,0.1328125,False,0.5271623974609418,1.0289751792799935,1.9577387064398721,0.15625,False,0.10534812586398834,0.26495618938430526,0.6562481202373883,0.171875,False,1.0,0.0,1.0,1.0,False
89,B,gaussian_noise,0.12360377362451162,0.147558650915937,0.23202501054732497,0.3359375,False,0.046379603877832756,0.061671474119692496,0.09970449082423843,0.21875,False,0.1565952621656787,0.2047985304744471,0.27821498173818643,0.1875,False,1.4203877271493406,0.7358594457771012,1.5357162537078646,0.921875,False,0.39504051955945707,0.16426059387581604,0.4815757771449644,0.84375,False,0.0,1.0,1.0,0.4296875,False
89,B,gaussian_blur,0.1359060744758215,0.15738741938032083,0.2651716938258766,0.3359375,False,0.05357446693970041,0.06906101399327844,0.11459056556617697,0.234375,False,0.17943217146664592,0.21671188152086124,0.33796402708258255,0.1796875,False,1.3827124264329598,1.1631954691304915,1.6768615017363435,0.59375,False,0.4181591946877641,0.29328781402615167,0.5438572095732791,0.6875,False,0.0,0.0,1.0,0.671875,False
90,A,clean,0.24609415774064683,0.15709509394779908,0.28075265921534726,0.9140625,False,0.09865694679224511,0.07320711343050187,0.11880540142178315,0.8125,False,0.3918754199008243,0.28483477152075093,0.4053034645685874,0.9140625,False,1.1,0.8999999999999999,1.1170681574065555,0.9375,False,0.2740332284229101,0.21568332732963957,0.31725812831824957,0.796875,False,1.0,1.0,1.0,1.0,False
90,A,brightness_dark,0.27113181519934315,0.13892443800961196,0.2333740369836465,0.984375,True,0.10985020493828501,0.060671900848907896,0.10714467841656906,0.953125,True,0.3529308094301874,0.2728105639379865,0.3598981266563027,0.9296875,False,1.0999999999999999,0.913866123804173,1.3188091706649407,0.734375,False,0.32310551507669527,0.2407079316259143,0.38453132637004667,0.84375,False,1.0,1.0,1.0,1.0,False
90,A,contrast_low,0.19747247559923561,0.15179466784863369,0.2782246294804354,0.7734375,False,0.07792959718582766,0.06542814274767611,0.12556679435205959,0.65625,False,0.31006927043414995,0.28683462713456676,0.4002263928667569,0.65625,False,0.8877249960530139,1.0319557742117993,1.4,0.359375,False,0.171386813663029,0.24626572373170585,0.3760487825549242,0.1953125,False,1.0,1.0,1.0,1.0,False
90,A,gaussian_noise,0.23341966259465208,0.15411367106695661,0.25587835732287945,0.90625,False,0.09202947580909983,0.06700881392421862,0.1100903959337442,0.875,False,0.36068890260878317,0.28454068973465296,0.3882376193845141,0.890625,False,1.0999999999999999,0.8859013036820853,1.350369396684334,0.8046875,False,0.27831960117210786,0.2282075298584788,0.3647006324623205,0.734375,False,1.0,1.0,1.0,1.0,False
90,A,gaussian_blur,0.20345342193471785,0.1450156261153235,0.25769664234101963,0.8125,False,0.08293628026263006,0.06300322509982972,0.11590379988006742,0.7578125,False,0.3461435718749099,0.2952422129017876,0.4134982278243425,0.828125,False,1.0999999999999999,0.8719196502238173,1.1644850233705786,0.7890625,False,0.2638288946853192,0.211248593009967,0.34931962303240616,0.6875,False,1.0,1.0,1.0,1.0,False
90,B,clean,0.24609415774064683,0.15141821521298182,0.24289546581029908,0.953125,True,0.09865694679224511,0.06513345301606556,0.11054393845586924,0.8515625,False,0.3918754199008243,0.2959180478714796,0.3772030656452163,0.9765625,True,1.1,0.8559508334768539,1.2627650527606542,0.9140625,False,0.2740332284229101,0.2149288975773177,0.3379509111056831,0.765625,False,1.0,1.0,1.0,1.0,False
90,B,brightness_dark,0.27444264050912465,0.1297010882073712,0.25256859806042753,0.9609375,True,0.11185101872519339,0.05796501803327872,0.1078890757734265,0.9609375,True,0.35924978726107626,0.2730816116548149,0.3799430438293049,0.921875,False,1.1,0.8935950092654568,1.4234984267334039,0.8515625,False,0.32355934143993204,0.21831670699094174,0.3957039025219389,0.8203125,False,1.0,1.0,1.0,1.0,False
90,B,contrast_low,0.2002504643772171,0.14983089707195274,0.2421896625573834,0.8046875,False,0.07884183202028194,0.06281371479814837,0.11098632180837957,0.71875,False,0.3150076881259838,0.274348006461069,0.3572139508262075,0.7109375,False,0.5455618225857176,0.8980062851427437,1.3348502490313505,0.1171875,False,0.13321816481333837,0.22254170594052214,0.353520620324579,0.1640625,False,1.0,1.0,1.0,1.0,False
90,B,gaussian_noise,0.2319902305818385,0.14961482765674433,0.24304340263454538,0.9453125,False,0.09145892219576186,0.06390981121315462,0.10168939148809325,0.8671875,False,0.35937351296335807,0.28600116598940706,0.3626165837166334,0.9453125,False,1.0999999999999999,0.9520608587766829,1.2276969695476472,0.7890625,False,0.2785147051240927,0.22718640562908032,0.3504685694038926,0.6953125,False,1.0,1.0,1.0,1.0,False
90,B,gaussian_blur,0.20372960111395108,0.16097367073430854,0.26637309176728136,0.765625,False,0.08302906858373107,0.06939583334312127,0.12325426415535973,0.703125,False,0.34597629912482064,0.2991640813460309,0.40023915797682763,0.8046875,False,1.1,0.8984379993187073,1.3253743932244522,0.90625,False,0.2640529395372957,0.22318223873880338,0.35827114427781903,0.71875,False,1.0,1.0,1.0,1.0,False
91,A,clean,0.18530404261691813,0.133123921900254,0.24904125116208164,0.7421875,False,0.08607035580760933,0.0591406750318082,0.12312807966068214,0.796875,False,0.23485450148592144,0.2000862352860306,0.3074453292583015,0.71875,False,0.5093095110858421,0.726582511157373,1.8535845565898414,0.3125,False,0.09077448843557989,0.15525224177944236,0.6233499361972362,0.2109375,False,1.0,1.0,1.0,1.0,False
91,A,brightness_dark,0.15471023986256754,0.13769366072750028,0.2735973400583561,0.625,False,0.06324100110962941,0.060330339308702144,0.12678611805676213,0.546875,False,0.18659510624621878,0.19905371607139621,0.3148403236082514,0.4453125,False,0.5367741397865979,1.0410952320319757,1.888409157771635,0.2421875,False,0.12129310841100649,0.24217625591339131,0.6381174093428054,0.25,False,1.0,1.0,1.0,1.0,False
91,A,contrast_low,0.17205433247232393,0.14384670129313576,0.30441899005720424,0.6484375,False,0.0858876812861758,0.06678574701876089,0.14025522673855978,0.7265625,False,0.21546615383324572,0.20891567754711843,0.347458255447353,0.5390625,False,0.90282614378199,0.966782269572691,2.0,0.4453125,False,0.1821752161215281,0.23892399290947913,0.6931471805599454,0.3828125,False,1.0,1.0,1.0,1.0,False
91,A,gaussian_noise,0.19654008179763333,0.14755699520253954,0.2417740064804858,0.7734375,False,0.09550721674532821,0.06596466589646617,0.11678956709463853,0.8515625,False,0.25444500975712936,0.20714983861417763,0.30711022127844456,0.8359375,False,0.7356849200424251,0.9544383422004854,1.8000000000000003,0.3515625,False,0.12957299127240807,0.2089116164089313,0.6103707235584486,0.2109375,False,1.0,1.0,1.0,1.0,False
91,A,gaussian_blur,0.17506910608348747,0.1532697769716282,0.25288988416089736,0.671875,False,0.07358421476075405,0.06903043617239622,0.12239569680735427,0.59375,False,0.21471671982943785,0.22107190694837275,0.3359679751624229,0.46875,False,0.5165019441705401,0.7284816420990892,1.8086853477544762,0.2734375,False,0.10179172274298276,0.16739326324549564,0.6226489600742499,0.2578125,False,1.0,1.0,1.0,1.0,False
91,B,clean,0.18530404261691813,0.14580697694569603,0.23303639994222805,0.6953125,False,0.08607035580760933,0.06342290906638465,0.11615360622869703,0.7265625,False,0.23485450148592144,0.20443891903674644,0.320242194230419,0.65625,False,0.5093095110858421,0.7085987335017387,1.8948311686738082,0.3515625,False,0.09077448843557989,0.15881384469571697,0.6411483065994007,0.2890625,False,1.0,1.0,1.0,1.0,False
91,B,brightness_dark,0.1586829555316711,0.13645615980021508,0.2292888180958435,0.640625,False,0.06516598735324575,0.06287621140257142,0.11091053770764062,0.546875,False,0.19063927012442056,0.20180659797553607,0.30568864219157327,0.375,False,0.5530017108350532,1.073509553041463,1.9875709613990002,0.2421875,False,0.12511824074538513,0.2314705445592865,0.6809738614163737,0.2421875,False,1.0,1.0,1.0,1.0,False
91,B,contrast_low,0.17837537674079407,0.13771897485002993,0.2610827378132302,0.6875,False,0.08744374269324603,0.06534837028791148,0.12403027226267566,0.6796875,False,0.2147791483363951,0.2020542358462869,0.348300358642958,0.5546875,False,0.8892228955890084,0.8652031063981569,1.8924493521441101,0.5234375,False,0.1804773890728827,0.20023274378267963,0.6414212327499391,0.46875,False,1.0,1.0,1.0,1.0,False
91,B,gaussian_noise,0.19348611672506041,0.1517081061015389,0.2639437506874036,0.7890625,False,0.0940443373117272,0.06710242798516527,0.12170520785339838,0.8203125,False,0.2525752259829062,0.20079388143409993,0.31995848293771856,0.7265625,False,0.7428950484920835,0.8219093451472081,1.843398922355215,0.4375,False,0.13073488911841946,0.1834819759628556,0.629286687099414,0.3125,False,1.0,1.0,1.0,1.0,False
91,B,gaussian_blur,0.1738841541408548,0.14858787590508876,0.2569527211358844,0.640625,False,0.07325750086846347,0.06288211555687058,0.1220983603490421,0.5703125,False,0.21395897563628416,0.20738759716621608,0.32028800195250107,0.5703125,False,0.5021041447544861,0.8123422572447432,1.8108005029354113,0.2734375,False,0.09980803431569674,0.17149985363584092,0.6244555773556125,0.2109375,False,1.0,1.0,1.0,1.0,False
92,A,clean,0.13354253748769895,0.14281208710032445,0.24713735443456847,0.3984375,False,0.06979147822774649,0.06540811042469935,0.13098368805273125,0.5625,False,0.2539398630900871,0.2221896182532736,0.3129507856302172,0.6953125,False,0.2756969488109166,0.40415463136117136,0.8358411398872005,0.3125,False,0.025139162703715412,0.064397772868029,0.20527666186725643,0.140625,False,1.0,1.0,1.0,1.0,False
92,A,brightness_dark,0.1620079162153249,0.13300934157537248,0.22212431373775585,0.765625,False,0.08026538341640475,0.062280082722588476,0.12030083444312178,0.7421875,False,0.22113744124142465,0.20447601623110423,0.323691761524479,0.6171875,False,0.325295244101393,0.4476681618788455,1.0987281817686578,0.3203125,False,0.02987805285501799,0.07256712075634081,0.25760559795502214,0.1796875,False,1.0,1.0,1.0,1.0,False
92,A,contrast_low,0.12274439039845683,0.14099282029092824,0.2646784642250953,0.328125,False,0.06574855997420535,0.06773622954300214,0.1342019477110966,0.4765625,False,0.26169514357210993,0.2272086524158427,0.3293887356207537,0.7109375,False,0.36988509109512535,0.527021778592331,1.0241334650150877,0.2890625,False,0.03550714165257163,0.09171676486352859,0.23936550694115216,0.1875,False,1.0,1.0,1.0,1.0,False
92,A,gaussian_noise,0.14205206023897024,0.14520291917744615,0.26370387495601394,0.484375,False,0.06933275218483752,0.06654294103408134,0.12975275759101695,0.5234375,False,0.29614052898712284,0.22143204574110498,0.3232480642010468,0.8828125,False,0.2784396297215066,0.4164301641929261,1.0482032900591225,0.25,False,0.025364408609955702,0.06359900000135871,0.23925944375947403,0.125,False,1.0,1.0,1.0,1.0,False
92,A,gaussian_blur,0.1447740684976708,0.13825379625029355,0.24521906207325186,0.515625,False,0.07012035329950667,0.06545154368433097,0.12845172937135377,0.5546875,False,0.29058896502435877,0.21037750271265726,0.3229012588232303,0.875,False,0.27925761835729607,0.3703566072658802,0.7804373194976585,0.3125,False,0.025432372753653953,0.061773790023376574,0.18527995089660432,0.1328125,False,1.0,1.0,1.0,1.0,False
92,B,clean,0.13354253748769895,0.14543881630650207,0.2645776359060979,0.4140625,False,0.06979147822774649,0.06996221259007465,0.14097236421144174,0.5,False,0.2539398630900871,0.22664327113917865,0.3539214045855468,0.671875,False,0.2756969488109166,0.4265428726497861,0.8587820938361598,0.2578125,False,0.025139162703715412,0.08030105935344051,0.18891232513315392,0.15625,False,1.0,1.0,1.0,1.0,False
92,B,brightness_dark,0.16241568029836756,0.13935169602002564,0.24027590198778292,0.6328125,False,0.07955504267586753,0.06839083187668485,0.11707604054636025,0.6796875,False,0.2223624160435348,0.21210992497305525,0.3054998890453809,0.578125,False,0.31773686193329737,0.4832366778314746,0.9813330969898066,0.25,False,0.029060045635566634,0.08594456578834431,0.25496730046495664,0.109375,False,1.0,1.0,1.0,1.0,False
92,B,contrast_low,0.11521149748778362,0.14648180232298005,0.2573298311024903,0.265625,False,0.06316359502704821,0.07292300760353786,0.13471785458745783,0.359375,False,0.2479670589091075,0.21915281374753903,0.32670778712514453,0.640625,False,0.3532766807279787,0.5968209165837002,1.0832851574616114,0.2578125,False,0.03324092594432271,0.10012455252866748,0.23953406435183108,0.1875,False,1.0,1.0,1.0,1.0,False
92,B,gaussian_noise,0.14291909871262165,0.14377066381317435,0.24648316503470194,0.4921875,False,0.06947269235881569,0.07126168729653518,0.12546144385397018,0.4921875,False,0.29561215246750905,0.22279147989076323,0.34221241705151767,0.90625,False,0.2793208215616457,0.43274658986379305,0.879453064313969,0.21875,False,0.02543763920606401,0.06626977567620318,0.19614323811792653,0.109375,False,1.0,1.0,1.0,1.0,False
92,B,gaussian_blur,0.14490411855895027,0.14363101341960302,0.25897441286786227,0.515625,False,0.07038920466574548,0.06953688678160704,0.13581038625906955,0.5078125,False,0.29019463205902374,0.22616190533672462,0.3297156308286984,0.84375,False,0.27757391174922397,0.42390143627726684,1.0557938638958524,0.234375,False,0.02529287297147942,0.07184046127109558,0.2447232018007946,0.125,False,1.0,1.0,1.0,1.0,False
93,A,clean,0.17831392099289559,0.1491820406624612,0.2590559164506976,0.703125,False,0.0768741426541825,0.06199704668734563,0.11026669207892692,0.6953125,False,0.17831392099289559,0.1491820406624612,0.2590559164506976,0.703125,False,1.6106474387141583,1.043584901573611,2.0,0.78125,False,0.42760970027274015,0.227893727074998,0.6931471805599454,0.78125,False,0.0,1.0,1.0,0.3984375,False
93,A,brightness_dark,0.1552413031366171,0.1338266369991297,0.23276049249328054,0.6015625,False,0.07102296092155326,0.05631562547714073,0.10428130837511013,0.6953125,False,0.1552413031366171,0.1338266369991297,0.23276049249328054,0.6015625,False,0.3177918396653245,1.0906838542746191,2.0,0.1171875,False,0.058501764018073055,0.24140541439348306,0.6931471805599454,0.1171875,False,1.0,1.0,1.0,1.0,False
93,A,contrast_low,0.12081073234703124,0.14451383224472925,0.25486808462179694,0.3515625,False,0.06411592412684705,0.06354096268221615,0.11715205801713541,0.5078125,False,0.12081073234703124,0.14451383224472925,0.25486808462179694,0.3515625,False,1.2062712243940465,1.5435876474477686,2.0,0.4375,False,0.2763269620945161,0.3983361623776328,0.6931471805599454,0.4375,False,1.0,0.0,1.0,1.0,False
93,A,gaussian_noise,0.18754346609800188,0.14131974216834553,0.2444537133854241,0.7734375,False,0.08226347595801754,0.056703657495336075,0.11066903944482859,0.796875,False,0.18754346609800188,0.14131974216834553,0.2444537133854241,0.7734375,False,1.4004646866558934,1.1405379700147398,2.0,0.625,False,0.34218486944017057,0.25612746031302513,0.6931471805599453,0.625,False,0.0,1.0,1.0,0.4375,False
93,A,gaussian_blur,0.1787008167859221,0.14036462977439862,0.2674092733033178,0.6953125,False,0.07775690426865553,0.05684616599690673,0.11496556131314238,0.7421875,False,0.1787008167859221,0.14036462977439862,0.2674092733033178,0.6953125,False,2.0,1.407796900822449,2.0,1.0,False,0.6931471805599451,0.3449279417799318,0.6931471805599454,0.7578125,False,0.0,0.0,1.0,0.5703125,False
93,B,clean,0.17831392099289559,0.14212061403207504,0.2688038293471006,0.6796875,False,0.0768741426541825,0.057861951286406726,0.11965661639998003,0.71875,False,0.17831392099289559,0.14212061403207504,0.2688038293471006,0.6796875,False,1.6106474387141583,1.1388693681203508,2.0,0.734375,False,0.42760970027274015,0.2556199194504004,0.6931471805599453,0.734375,False,0.0,1.0,1.0,0.4375,False
93,B,brightness_dark,0.15584143045334165,0.1412462490809429,0.21802039161301157,0.5859375,False,0.07121370827556155,0.05901225462479007,0.08927904535712351,0.671875,False,0.15584143045334165,0.1412462490809429,0.21802039161301157,0.5859375,False,0.34166863588171886,1.0425030178960104,2.0,0.1171875,False,0.06320123544786932,0.2275887015228074,0.6931471805599454,0.1171875,False,1.0,1.0,1.0,1.0,False
93,B,contrast_low,0.11145205550680909,0.12279282905927835,0.22214370329632557,0.3828125,False,0.061341460784529796,0.05553926897052526,0.10165414044803553,0.578125,False,0.11145205550680909,0.12279282905927835,0.22214370329632557,0.3828125,False,0.9120481615639272,1.349385013531424,2.0,0.3203125,False,0.19222587968199578,0.32386956095200525,0.6931471805599454,0.3203125,False,1.0,0.0,1.0,1.0,False
93,B,gaussian_noise,0.1868599393892342,0.13516506112414942,0.2302899297887127,0.796875,False,0.08180316823618092,0.057335239683124414,0.09824468417241537,0.8203125,False,0.1868599393892342,0.13516506112414942,0.2302899297887127,0.796875,False,1.5217135244894378,0.9905440434715681,2.0,0.7890625,False,0.38922827939277926,0.213183545702201,0.6931471805599453,0.7890625,False,0.0,1.0,1.0,0.328125,False
93,B,gaussian_blur,0.18061721334593056,0.1490521948068997,0.27472373571068665,0.703125,False,0.07877794847807053,0.062196661311132016,0.1163000649450745,0.7109375,False,0.18061721334593056,0.1490521948068997,0.27472373571068665,0.703125,False,2.0,1.5871168246343559,2.0,0.9921875,False,0.6931471805599455,0.4170848563957454,0.6931471805599454,0.9921875,True,0.0,0.0,1.0,0.71875,False
94,A,clean,0.11423499028966415,0.16756761190911607,0.28690670068241664,0.109375,False,0.049659241285073985,0.07354595247474532,0.12393869839448654,0.140625,False,0.16999028045536846,0.1874088342892858,0.297916398531359,0.359375,False,0.17959986642466405,0.31263793403589946,0.9836036782490694,0.3515625,False,0.0327821126335327,0.06294593417023156,0.21676815046305337,0.28125,False,1.0,1.0,1.0,1.0,False
94,A,brightness_dark,0.2003288778404674,0.13523625975007814,0.2417246774900544,0.8828125,False,0.1089065834785212,0.05948841935370675,0.1118100765746318,0.9375,False,0.2782366012307161,0.15295979294737533,0.2587185305205643,0.9609375,True,0.844350248132218,0.447741305335308,1.3317634434003134,0.796875,False,0.17536448119584203,0.09180615949288598,0.32565975588046636,0.7890625,False,1.0,1.0,1.0,1.0,False
94,A,contrast_low,0.21058811961627114,0.14668764386533634,0.24405149584140534,0.90625,False,0.11329681631271613,0.06641465078021071,0.11463015302670505,0.9375,False,0.24481388761816064,0.17703199194968805,0.30774937446791134,0.8828125,False,1.1812529240184535,0.4696372194953195,1.4659017924108242,0.90625,False,0.27729141263020085,0.08008739739326956,0.37296893435356004,0.90625,False,1.0,1.0,1.0,1.0,False
94,A,gaussian_noise,0.11620950612207671,0.1583112006643952,0.2497391978103302,0.28125,False,0.0502270792829757,0.06722031193929451,0.11610824079546794,0.25,False,0.1548908395072206,0.180952579912487,0.27545103415876426,0.3203125,False,0.2759644524053397,0.33485028690634333,1.2636089073110575,0.4375,False,0.0640927400355748,0.05844364901798743,0.30079131250443625,0.53125,False,1.0,1.0,1.0,1.0,False
94,A,gaussian_blur,0.11116501494005575,0.14944664632199628,0.26236020661218973,0.2265625,False,0.04959573758698449,0.06698176796279753,0.11166534523491659,0.25,False,0.16470515506654582,0.1745055825361163,0.2852892557481434,0.4609375,False,0.27897403984849045,0.35216894775559093,1.0605718400482769,0.4296875,False,0.050964776144258594,0.06672513442730765,0.21584162329867285,0.3828125,False,1.0,1.0,1.0,1.0,False
94,B,clean,0.11423499028966415,0.15722751529947682,0.28038585787970804,0.1875,False,0.049659241285073985,0.06829976026020548,0.13309333744591623,0.1875,False,0.16999028045536846,0.18058534839352167,0.3214559746095979,0.4453125,False,0.17959986642466405,0.2958016925168712,1.21218205929985,0.359375,False,0.0327821126335327,0.05976840400474731,0.27452093786068565,0.3515625,False,1.0,1.0,1.0,1.0,False
94,B,brightness_dark,0.20272130856389453,0.13096573131608297,0.22793020469396633,0.859375,False,0.11012025736312092,0.05690923964754582,0.11124205465007368,0.9453125,False,0.2801783881149065,0.15731120046001595,0.2675323400478993,0.9765625,True,0.839914661237033,0.40115919506968706,1.1761983175854673,0.8984375,False,0.1749953679952111,0.07451331986054543,0.2760440978506514,0.890625,False,1.0,1.0,1.0,1.0,False
94,B,contrast_low,0.22092499299350735,0.13914586712520058,0.2537743856971946,0.8828125,False,0.12138742548566511,0.06553179938334709,0.11171334820631328,0.96875,True,0.2578739631803876,0.1674344850676541,0.2920044239775105,0.8671875,False,1.3295613814945662,0.5333320298603497,1.9140333995853533,0.8828125,False,0.32434085270073576,0.10149685748704229,0.623274928614148,0.8828125,False,0.0,1.0,1.0,0.125,False
94,B,gaussian_noise,0.11320548938345298,0.14211824850992827,0.24529934891444657,0.2734375,False,0.04881763752586086,0.06357255472328144,0.10637867605988649,0.296875,False,0.1514371430103871,0.16931408688566052,0.27339509510314053,0.3984375,False,0.249819431023106,0.32565321304396155,1.1897580102665073,0.375,False,0.0589749334594426,0.07134591046537214,0.2694740294927891,0.4453125,False,1.0,1.0,1.0,1.0,False
94,B,gaussian_blur,0.11215218120164673,0.1508552241186647,0.2534816083854714,0.2421875,False,0.05034716058020778,0.06565058329715147,0.11385594173745167,0.2265625,False,0.165436881252222,0.1802027943145245,0.26867290913242514,0.390625,False,0.28786220854910266,0.34178303717081493,1.331783357977618,0.40625,False,0.05268688950764655,0.06976718470651219,0.31824387475199656,0.359375,False,1.0,1.0,1.0,1.0,False
95,A,clean,0.11942393237499242,0.1489501571818374,0.267564814899419,0.2890625,False,0.05329407323236228,0.07042326058286022,0.14455043820365368,0.3203125,False,0.16243385348526088,0.21544502321975945,0.3581581300589831,0.1640625,False,0.10000000000000002,0.33059237549207565,1.0657561177703643,0.09375,False,0.01765710608754234,0.05635888348322632,0.25008066308390353,0.15625,False,1.0,1.0,1.0,1.0,False
95,A,brightness_dark,0.16285144321835343,0.14656316101648892,0.2715586511255127,0.609375,False,0.07666951797448424,0.06948125417802235,0.14070228513647756,0.625,False,0.23985009721365316,0.20803087130989423,0.33978884621562916,0.6953125,False,0.1755462077445909,0.46162546148773514,1.5880509015005468,0.125,False,0.019528875853142003,0.08371622830131115,0.4310914816575856,0.140625,False,1.0,1.0,1.0,1.0,False
95,A,contrast_low,0.19496120262001795,0.139925350672088,0.2525730957752657,0.7734375,False,0.10920495525530205,0.06793234499529782,0.12949264380098902,0.890625,False,0.26523793600382434,0.2135685213202153,0.3184067041394732,0.828125,False,0.36802976966701006,0.4,1.2951512907375586,0.421875,False,0.04004475298101168,0.07674480885152604,0.3270747565023582,0.328125,False,1.0,1.0,1.0,1.0,False
95,A,gaussian_noise,0.11720223274205525,0.14572746550694515,0.2618717508426191,0.28125,False,0.05530443541028959,0.06905294660837999,0.12494590091422203,0.328125,False,0.16093564845941322,0.20922221222162612,0.33179406718375437,0.1328125,False,0.10206513868152407,0.38564061165968794,1.023168147489893,0.078125,False,0.017749195862089562,0.07697660492122793,0.23142600624131215,0.125,False,1.0,1.0,1.0,1.0,False
95,A,gaussian_blur,0.16535745223771034,0.14945343098273603,0.27038154326425456,0.6015625,False,0.07655574067351227,0.06848312129576736,0.13145491487097904,0.59375,False,0.1985895492200838,0.21518754584269753,0.33010185902434025,0.359375,False,0.14360867890500956,0.38282371740658394,1.0815907738719543,0.1484375,False,0.018463468821056872,0.0647579851663585,0.24139580595561735,0.1875,False,1.0,1.0,1.0,1.0,False
95,B,clean,0.11942393237499242,0.14842864871178002,0.26676014035579876,0.2421875,False,0.05329407323236228,0.07241142891130692,0.1336703102698533,0.28125,False,0.16243385348526088,0.21104823268993855,0.3257095293847969,0.171875,False,0.10000000000000002,0.2933012507458815,0.9937801063289636,0.0859375,False,0.01765710608754234,0.05358352585577092,0.23582501424077734,0.1953125,False,1.0,1.0,1.0,1.0,False
95,B,brightness_dark,0.16710333005452938,0.13564340074954612,0.2492862764086885,0.7109375,False,0.07863778911191523,0.05906851032006734,0.12668559730571008,0.703125,False,0.2454708193982893,0.20085205153845095,0.3197158313955304,0.75,False,0.1778005524190045,0.4,1.2800527300124824,0.1953125,False,0.019622530675599048,0.08717137969192584,0.3214270900729092,0.21875,False,1.0,1.0,1.0,1.0,False
95,B,contrast_low,0.20013299043024876,0.1389369705496647,0.28472506696259225,0.734375,False,0.11206524497726886,0.06680574224199315,0.1450896155635386,0.796875,False,0.27584862752524836,0.2227355905630375,0.3506520634604713,0.796875,False,0.37532751886323495,0.4742070189375782,1.4072690880055327,0.328125,False,0.041553048845311746,0.0921938776370835,0.3614274693472414,0.234375,False,1.0,1.0,1.0,1.0,False
95,B,gaussian_noise,0.11731384522286768,0.16098859540533397,0.25731801639327184,0.25,False,0.05595571846361448,0.07231684933907447,0.12922912196031452,0.3046875,False,0.1607212528331415,0.2122475891487173,0.3203551055408082,0.1640625,False,0.10127475438016022,0.3528580922740769,1.107371525100172,0.09375,False,0.017742408944820487,0.07244253176576393,0.25044627922040463,0.1484375,False,1.0,1.0,1.0,1.0,False
95,B,gaussian_blur,0.16573502868226606,0.16914309001848432,0.2975243109692173,0.4765625,False,0.07657539335389763,0.07943593762609746,0.15161466004404256,0.4765625,False,0.19994722781161245,0.23341921488070017,0.3498319215512645,0.296875,False,0.14475098414732113,0.40097873620362046,1.1643389594768672,0.1171875,False,0.018493473450894693,0.09134043524341784,0.2689567857276474,0.1484375,False,1.0,1.0,1.0,1.0,False
96,A,clean,0.1044191579316916,0.13815166631372186,0.2589371053221424,0.265625,False,0.04273581860722609,0.06383105325690662,0.1267096911959162,0.2265625,False,0.13267884308036904,0.1640430707235416,0.286254125116694,0.2265625,False,0.6381867662653473,0.7927315079201853,1.9,0.40625,False,0.13906878468782524,0.1570867769017037,0.6333724263827695,0.4375,False,1.0,1.0,1.0,1.0,False
96,A,brightness_dark,0.1432336537310882,0.12975770268775738,0.2489637043549435,0.625,False,0.06309385635414834,0.060314755156167306,0.11193223911194768,0.5703125,False,0.16130752168912413,0.1505618820254118,0.2708993382021217,0.59375,False,1.5066687303191069,0.9758148928482699,1.9972058131451158,0.6953125,False,0.38872715499764776,0.20945626640491882,0.6906556725212931,0.6953125,False,0.0,1.0,1.0,0.4296875,False
96,A,contrast_low,0.1449659929859015,0.14292043394437862,0.28703456822959866,0.515625,False,0.07454339163342143,0.06804103959230934,0.1300602913960176,0.5703125,False,0.16371078938824704,0.16390953549640236,0.2991025962914995,0.5,False,1.9085655149958969,0.92422069426309,2.0,0.84375,False,0.6003944110477069,0.20568804418865244,0.6931471805599453,0.7890625,False,0.0,1.0,1.0,0.375,False
96,A,gaussian_noise,0.09293801308168018,0.14066561975591593,0.23240429466915613,0.15625,False,0.03857562912805871,0.06427865820103823,0.123750595988539,0.1484375,False,0.1284949858850391,0.16644811488289518,0.27521655835971837,0.2421875,False,0.5759774718243826,0.866910708306021,1.9,0.2578125,False,0.12568691888196404,0.1791895071434661,0.6553121250230601,0.296875,False,1.0,1.0,1.0,1.0,False
96,A,gaussian_blur,0.12080602365728024,0.15346096819759592,0.2636137097025288,0.3203125,False,0.04435170357645317,0.06779901276613474,0.1317655719494738,0.171875,False,0.14365414967982348,0.17647077771203318,0.29000814435697136,0.2734375,False,0.8580743624323721,1.039409010357594,1.9112060817579584,0.3984375,False,0.18988719306639568,0.2277654895562624,0.6605260862188623,0.4375,False,1.0,1.0,1.0,1.0,False
96,B,clean,0.1044191579316916,0.14106837437295702,0.2572917310492718,0.2421875,False,0.04273581860722609,0.06606281968837356,0.11826179197336982,0.171875,False,0.13267884308036904,0.1674833489289816,0.27405635595298555,0.265625,False,0.6381867662653473,0.9289721853488123,1.9452975533074437,0.3046875,False,0.13906878468782524,0.1867627232807093,0.6680912634420176,0.3203125,False,1.0,1.0,1.0,1.0,False
96,B,brightness_dark,0.1472428765780878,0.12962827589282416,0.2474386182984562,0.609375,False,0.06474699199878983,0.05754816661612039,0.12071200779444591,0.546875,False,0.1654670862013069,0.16193356914620247,0.2709026825705579,0.5390625,False,1.528136034297599,1.0728787533905262,2.0,0.75,False,0.3972971306595152,0.2332352677139205,0.6931471805599452,0.7578125,False,0.0,1.0,1.0,0.484375,False
96,B,contrast_low,0.13619162891254175,0.14285463712196184,0.2811305612140958,0.4375,False,0.06856352271025103,0.06992143969270898,0.12836710715238492,0.484375,False,0.15587820210764658,0.1591419745538413,0.3156133611519134,0.4609375,False,1.7434092636506668,1.121333695568234,2.0,0.703125,False,0.49641899707399195,0.25099039918243077,0.6931471805599453,0.703125,False,0.0,1.0,1.0,0.4765625,False
96,B,gaussian_noise,0.09193487785746453,0.14117092840885254,0.24248400693674807,0.1484375,False,0.03779055035796053,0.06289999524093559,0.11264697547811235,0.109375,False,0.1268671311287829,0.17301562073591714,0.2702349135100732,0.21875,False,0.6014976126977516,0.880468600035337,1.9,0.3046875,False,0.13112817026452134,0.1905861359691735,0.6478881699367353,0.3515625,False,1.0,1.0,1.0,1.0,False
96,B,gaussian_blur,0.11926804546110628,0.13902716772068824,0.2325344454911855,0.359375,False,0.04360020935094754,0.06175953645763159,0.11837053344214761,0.1640625,False,0.1428191311929816,0.1681043674388915,0.26309889588157204,0.3046875,False,0.8453211858969811,0.9350861557257202,1.90839821517048,0.4375,False,0.18677444660671616,0.1912772950753157,0.655860901160709,0.4921875,False,1.0,1.0,1.0,1.0,False
97,A,clean,0.18849068546236544,0.16523513531792805,0.2589660283929938,0.6640625,False,0.08685070695498745,0.07029926262556249,0.11336184031119091,0.7421875,False,0.3176349862457452,0.23612628434802607,0.3470483015858063,0.8984375,False,0.5,0.7672916890059106,1.5918070868353276,0.25,False,0.1190853499765856,0.20704531013313537,0.4427156066326379,0.0703125,False,1.0,1.0,1.0,1.0,False
97,A,brightness_dark,0.21524261987990098,0.16071104654074853,0.289262777512138,0.828125,False,0.09924051158894225,0.06811860290713298,0.12794107758386916,0.859375,False,0.36378577723254996,0.22474133471763785,0.35606522969745696,0.9609375,True,0.5,0.7476513972064467,1.743392873661848,0.2890625,False,0.12137670105156673,0.21064689909972434,0.5105268460177967,0.140625,False,1.0,1.0,1.0,1.0,False
97,A,contrast_low,0.1820141052622434,0.15595240634637747,0.28658902088011345,0.6015625,False,0.08143978151828472,0.07055111613666039,0.1284273308730049,0.6640625,False,0.30238147584279607,0.23047993348397358,0.36973610629199577,0.828125,False,0.5,0.9570810848069525,2.0,0.203125,False,0.11967571853955927,0.24989256697914886,0.6931471805599452,0.0859375,False,1.0,1.0,1.0,1.0,False
97,A,gaussian_noise,0.19740755510088603,0.16139899596593812,0.2730732475909291,0.671875,False,0.09250325372980536,0.0650144647447253,0.12095191509396837,0.734375,False,0.334805745064554,0.2398271972199909,0.3483236509907343,0.9296875,False,0.5,0.792807024977195,1.4552342002047773,0.1953125,False,0.11737923277408463,0.2085536225086307,0.39682732737310245,0.0859375,False,1.0,1.0,1.0,1.0,False
97,A,gaussian_blur,0.166477183374144,0.15866332236224306,0.2564651817945531,0.5546875,False,0.07830416329739268,0.06833760501253301,0.10838581879303404,0.6640625,False,0.2930059569167933,0.2321319773924318,0.31646712606596517,0.90625,False,0.5,0.8009140021102373,1.5878419021878245,0.2109375,False,0.12286774716709037,0.2279072801664216,0.4237135731240903,0.09375,False,1.0,1.0,1.0,1.0,False
97,B,clean,0.18849068546236544,0.17020092636909845,0.2726544867670192,0.671875,False,0.08685070695498745,0.07045317159298943,0.12251503035011634,0.7109375,False,0.3176349862457452,0.23165487081018954,0.3523540017276833,0.84375,False,0.5,0.7222575670110283,1.674279564337874,0.234375,False,0.1190853499765856,0.19783970503150505,0.48661971988584296,0.0859375,False,1.0,1.0,1.0,1.0,False
97,B,brightness_dark,0.21464602212602943,0.1547721876916056,0.28080573060642894,0.78125,False,0.09902328086678225,0.06596337199243181,0.12677440906535414,0.8203125,False,0.36590230698484766,0.23439401983628105,0.3623837958716008,0.96875,True,0.5,0.7066531024816307,1.7531505392321576,0.2578125,False,0.12170302948495304,0.20246457683967084,0.5156818268994989,0.140625,False,1.0,1.0,1.0,1.0,False
97,B,contrast_low,0.19143196029676715,0.15104624503415137,0.2807710777955508,0.7265625,False,0.08446459292340083,0.06782388429929329,0.12486671478170981,0.671875,False,0.3038438116516112,0.22404101538185495,0.3313336015926371,0.84375,False,0.5,0.9006579989673003,1.9067026315883748,0.15625,False,0.11821432878244059,0.24643726282760453,0.6348779772141985,0.015625,False,1.0,1.0,1.0,1.0,False
97,B,gaussian_noise,0.19040364097533904,0.15487153382508956,0.25837097924839014,0.6875,False,0.08924309114050663,0.06599690890584053,0.11625604032835248,0.7578125,False,0.3285662282201337,0.22663551010633926,0.35028776552481566,0.9140625,False,0.5,0.7818190905635503,1.545128218850397,0.2109375,False,0.11867076880496097,0.21804057039223074,0.4261618858454837,0.078125,False,1.0,1.0,1.0,1.0,False
97,B,gaussian_blur,0.17050608503100667,0.15923658796790907,0.2854635326135868,0.578125,False,0.0800787250171539,0.07207826031911022,0.13283511788081884,0.6328125,False,0.29584643624657697,0.23698628157594476,0.35530777405254454,0.7734375,False,0.5,0.7818365629783243,1.5826196510904642,0.2109375,False,0.12203876574314798,0.21426696273393264,0.44221213271693977,0.0546875,False,1.0,1.0,1.0,1.0,False
98,A,clean,0.1430357971066396,0.16299762089128805,0.25400141461934983,0.375,False,0.06305231917215147,0.07009384006509109,0.11445409427278494,0.3984375,False,0.195119404871615,0.24570599522420994,0.3523819433456385,0.2578125,False,0.21883863027677275,0.6000000000000001,1.4192676783587048,0.015625,False,0.06372300338207793,0.1638612809685056,0.36385257634325496,0.0625,False,1.0,1.0,1.0,1.0,False
98,A,brightness_dark,0.19460360351017994,0.1410403955309532,0.23969898127359904,0.7734375,False,0.0832082202785372,0.05910358096009568,0.10764769982719447,0.7421875,False,0.26069655993849705,0.22015194363462112,0.31450357175905247,0.78125,False,0.3866638588195207,0.675587103940601,1.467303712936929,0.09375,False,0.10295906070866656,0.1705396817773046,0.3889887801196259,0.1796875,False,1.0,1.0,1.0,1.0,False
98,A,contrast_low,0.2390235301889926,0.13966675240510917,0.23341375384058755,0.9765625,True,0.12396637136912932,0.05976388710801944,0.10954458193246461,0.984375,True,0.2705206935806856,0.20649773390589832,0.31080746711481166,0.8203125,False,0.7272031112242057,0.8383840895778096,1.6556220869482268,0.40625,False,0.23074378707596432,0.20706885066406033,0.5171054128701763,0.5703125,False,1.0,1.0,1.0,1.0,False
98,A,gaussian_noise,0.13808982963350813,0.14542076634166046,0.24049992444417134,0.421875,False,0.06428375293662293,0.06207803241328881,0.10651156249483486,0.5546875,False,0.20252019551232472,0.22636494350323882,0.33479528433116357,0.3515625,False,0.24478384775529297,0.6068206334488104,1.426299814373066,0.015625,False,0.06268642619831122,0.16530351232872675,0.3726362364691288,0.078125,False,1.0,1.0,1.0,1.0,False
98,A,gaussian_blur,0.14976808361470798,0.16328908074343773,0.2759138119719841,0.3984375,False,0.07572599475493501,0.07193991779688158,0.12590450669189945,0.578125,False,0.20521768674918794,0.2387270549210733,0.32799000550604207,0.3125,False,0.2195952165119787,0.6784107977545313,1.5284341831595818,0.0078125,False,0.06736704640180302,0.17239065227134298,0.42584163476843745,0.0546875,False,1.0,1.0,1.0,1.0,False
98,B,clean,0.1430357971066396,0.15996650075778607,0.26082385653649426,0.4140625,False,0.06305231917215147,0.06960676803028551,0.11790419826496601,0.4296875,False,0.195119404871615,0.2377525558933361,0.3225337804056443,0.2734375,False,0.21883863027677275,0.6000000000000001,1.3236855536440753,0.015625,False,0.06372300338207793,0.15248127692263452,0.3387280932308483,0.0703125,False,1.0,1.0,1.0,1.0,False
98,B,brightness_dark,0.19518447520935345,0.13945788885418736,0.23176288098150397,0.8203125,False,0.0841032618642562,0.06103052433772832,0.10202917480073723,0.8046875,False,0.2626308186826923,0.22503830215035098,0.31794820265947604,0.78125,False,0.39149225993968345,0.6485434790411746,1.4015875208350208,0.0625,False,0.10385896814291895,0.1746503232660812,0.33984375647076737,0.1484375,False,1.0,1.0,1.0,1.0,False
98,B,contrast_low,0.25297100521170285,0.13557819005734253,0.27200713891550415,0.9375,False,0.13309884170776876,0.06038533670225337,0.13002748702120698,0.96875,True,0.28517079905501563,0.2386655651825463,0.35732573176659754,0.8046875,False,0.7455470467653846,0.8366218111191399,1.77262110865383,0.375,False,0.2341636022205449,0.21351515192398746,0.5601982973590321,0.5546875,False,1.0,1.0,1.0,1.0,False
98,B,gaussian_noise,0.1352834911265773,0.15418610176907588,0.2707656938817696,0.375,False,0.06429453135274532,0.06896132666465793,0.11862509395160384,0.4140625,False,0.2017924186965095,0.23313139264863197,0.34589522990598653,0.28125,False,0.2560116838531741,0.6000000000000001,1.5972271062771632,0.0546875,False,0.0648852478367744,0.16417776390789762,0.44206972738458905,0.1484375,False,1.0,1.0,1.0,1.0,False
98,B,gaussian_blur,0.15286459202532376,0.1531290944320936,0.2507541790754642,0.5,False,0.07731493623871058,0.06669747462304415,0.10812438823123102,0.6484375,False,0.20461330330864777,0.23455282492690446,0.324997960261515,0.3046875,False,0.2318530861151738,0.6018476103445488,1.4717877286564498,0.0078125,False,0.06682105940361938,0.16393579266476244,0.38897388226498636,0.0390625,False,1.0,1.0,1.0,1.0,False
99,A,clean,0.14042279385442005,0.15384909680027317,0.25223429744865866,0.375,False,0.05350315849510106,0.06530147888358878,0.1082108042860872,0.28125,False,0.36588886345307114,0.34425159829697494,0.4343116730284725,0.6640625,False,0.7562289229469032,1.0414867703287074,1.5473647602035583,0.15625,False,0.1705979164628335,0.26859054991417597,0.44688765743923137,0.1796875,False,1.0,0.5,1.0,1.0,False
99,A,brightness_dark,0.14732912270655318,0.13458052935205572,0.23351677737647927,0.5625,False,0.05723197781335103,0.05736402824256394,0.10906391002659596,0.4921875,False,0.3825978875743684,0.32522461129700303,0.41298331691424434,0.859375,False,0.9756154541609425,0.9965683057491987,1.6,0.4609375,False,0.20693700836968176,0.2514487304768548,0.4752384168446814,0.28125,False,1.0,0.0,1.0,1.0,False
99,A,contrast_low,0.18287781339076173,0.15055065945731322,0.24283835470770554,0.71875,False,0.07034898051387516,0.06267214709597246,0.10912801443043474,0.5625,False,0.33899670139057164,0.3360096104913226,0.4391921250242528,0.5078125,False,1.0939515769410424,1.1488519130652346,1.7436288517518164,0.34375,False,0.279984193766293,0.31341781137066327,0.5288445865310065,0.359375,False,0.0,0.0,1.0,0.5625,False
99,A,gaussian_noise,0.14799286540972273,0.1463807046142791,0.2494786374536863,0.5078125,False,0.05948439415058766,0.06365839386250184,0.10813797791063667,0.4140625,False,0.35117851625384255,0.35096550277881366,0.451033812506105,0.5,False,0.9,1.0401607707129428,1.456647939317647,0.2578125,False,0.20662073130291225,0.2804286071020805,0.4121358611519483,0.2734375,False,1.0,1.0,1.0,1.0,False
99,A,gaussian_blur,0.15871412365991924,0.15846506942001953,0.25902609205780974,0.5078125,False,0.05938973576764096,0.06586747422542547,0.11916014075803749,0.359375,False,0.4043667839613639,0.3480901873408184,0.45636942019915916,0.8515625,False,0.9,1.0504961637042323,1.5995077613386357,0.25,False,0.1978950426334436,0.2683809898803763,0.48130261695134846,0.171875,False,1.0,1.0,1.0,1.0,False
99,B,clean,0.14042279385442005,0.15940443736594254,0.23520024485388005,0.359375,False,0.05350315849510106,0.0661188747886016,0.1070923246354863,0.3203125,False,0.36588886345307114,0.3434277548999104,0.4207912895540489,0.671875,False,0.7562289229469032,1.0504514221893144,1.551380154649054,0.1484375,False,0.1705979164628335,0.26523490117915005,0.45836632378632314,0.1484375,False,1.0,0.0,1.0,1.0,False
99,B,brightness_dark,0.1508040730722015,0.14615229297251128,0.2474321744689016,0.546875,False,0.058549238257935066,0.05942303370782427,0.10895784470748728,0.484375,False,0.38294853249982713,0.3316760101924604,0.420074206286091,0.8359375,False,0.9645180643062653,1.0524416075539538,1.5999999999999999,0.3359375,False,0.20523143781539677,0.26773334455528275,0.4947619045358063,0.28125,False,1.0,0.0,1.0,1.0,False
99,B,contrast_low,0.18139006971841493,0.13770713068669826,0.2574402133491543,0.7265625,False,0.07021733150299936,0.06091332247452359,0.11580555285196097,0.640625,False,0.3300764552857723,0.33682115700810966,0.4619385510433603,0.4453125,False,0.9709446559193485,1.0999999999999999,1.8,0.3359375,False,0.2479312933191391,0.3000513155570299,0.5577972743249717,0.3203125,False,0.0,0.0,1.0,0.578125,False
99,B,gaussian_noise,0.14489611373832437,0.1555306509826923,0.23292002174216017,0.4140625,False,0.05897555420426257,0.06689445733118315,0.10266226538796806,0.375,False,0.34994765429311214,0.3349310739496213,0.4309520039373646,0.5859375,False,0.9,1.0438819080256172,1.5537412633363263,0.28125,False,0.20682885466541778,0.2623865707524352,0.4248531873830609,0.2265625,False,1.0,1.0,1.0,1.0,False
99,B,gaussian_blur,0.16005735451399908,0.16776969899952887,0.2738186374838726,0.453125,False,0.060014322244411764,0.07085416235753245,0.11820641896872179,0.3671875,False,0.40815996579951264,0.35953193742624145,0.4453011227817544,0.84375,False,0.9,1.0626778307541709,1.5840621657475717,0.2578125,False,0.19848290697855275,0.27993123077561743,0.4790070784691395,0.203125,False,1.0,0.0,1.0,1.0,False
