[autodl] run_id=20260913-123506-ttfl-pfl-data
[autodl] started_at=2026-09-13T12:35:13+08:00
Client data size does not meet the minimum requirement 40. Try allocating again for the 2-th time.
Client data size does not meet the minimum requirement 40. Try allocating again for the 3-th time.
Client data size does not meet the minimum requirement 40. Try allocating again for the 4-th time.
Client data size does not meet the minimum requirement 40. Try allocating again for the 5-th time.
Client data size does not meet the minimum requirement 40. Try allocating again for the 6-th time.
Client data size does not meet the minimum requirement 40. Try allocating again for the 7-th time.
Client data size does not meet the minimum requirement 40. Try allocating again for the 8-th time.
Client data size does not meet the minimum requirement 40. Try allocating again for the 9-th time.
Client data size does not meet the minimum requirement 40. Try allocating again for the 10-th time.
Client data size does not meet the minimum requirement 40. Try allocating again for the 11-th time.
Client data size does not meet the minimum requirement 40. Try allocating again for the 12-th time.
Client data size does not meet the minimum requirement 40. Try allocating again for the 13-th time.
Client data size does not meet the minimum requirement 40. Try allocating again for the 14-th time.
Client data size does not meet the minimum requirement 40. Try allocating again for the 15-th time.
Client data size does not meet the minimum requirement 40. Try allocating again for the 16-th time.
Client data size does not meet the minimum requirement 40. Try allocating again for the 17-th time.
Client data size does not meet the minimum requirement 40. Try allocating again for the 18-th time.
Client data size does not meet the minimum requirement 40. Try allocating again for the 19-th time.
Client data size does not meet the minimum requirement 40. Try allocating again for the 20-th time.
Client data size does not meet the minimum requirement 40. Try allocating again for the 21-th time.
Client data size does not meet the minimum requirement 40. Try allocating again for the 22-th time.
Client data size does not meet the minimum requirement 40. Try allocating again for the 23-th time.
Client data size does not meet the minimum requirement 40. Try allocating again for the 24-th time.
Client data size does not meet the minimum requirement 40. Try allocating again for the 25-th time.
Client data size does not meet the minimum requirement 40. Try allocating again for the 26-th time.
Client data size does not meet the minimum requirement 40. Try allocating again for the 27-th time.
Client data size does not meet the minimum requirement 40. Try allocating again for the 28-th time.
Client data size does not meet the minimum requirement 40. Try allocating again for the 29-th time.
Client data size does not meet the minimum requirement 40. Try allocating again for the 30-th time.
Client data size does not meet the minimum requirement 40. Try allocating again for the 31-th time.
Client data size does not meet the minimum requirement 40. Try allocating again for the 32-th time.
Client data size does not meet the minimum requirement 40. Try allocating again for the 33-th time.
Client data size does not meet the minimum requirement 40. Try allocating again for the 34-th time.
Client data size does not meet the minimum requirement 40. Try allocating again for the 35-th time.
Client data size does not meet the minimum requirement 40. Try allocating again for the 36-th time.
Client data size does not meet the minimum requirement 40. Try allocating again for the 37-th time.
Client data size does not meet the minimum requirement 40. Try allocating again for the 38-th time.
Client data size does not meet the minimum requirement 40. Try allocating again for the 39-th time.
Client data size does not meet the minimum requirement 40. Try allocating again for the 40-th time.
Client data size does not meet the minimum requirement 40. Try allocating again for the 41-th time.
Client data size does not meet the minimum requirement 40. Try allocating again for the 42-th time.
Client data size does not meet the minimum requirement 40. Try allocating again for the 43-th time.
Client data size does not meet the minimum requirement 40. Try allocating again for the 44-th time.
Client data size does not meet the minimum requirement 40. Try allocating again for the 45-th time.
Client data size does not meet the minimum requirement 40. Try allocating again for the 46-th time.
Client data size does not meet the minimum requirement 40. Try allocating again for the 47-th time.
Client data size does not meet the minimum requirement 40. Try allocating again for the 48-th time.
Client data size does not meet the minimum requirement 40. Try allocating again for the 49-th time.
Client data size does not meet the minimum requirement 40. Try allocating again for the 50-th time.
Client data size does not meet the minimum requirement 40. Try allocating again for the 51-th time.
Client data size does not meet the minimum requirement 40. Try allocating again for the 52-th time.
Client data size does not meet the minimum requirement 40. Try allocating again for the 53-th time.
Client data size does not meet the minimum requirement 40. Try allocating again for the 54-th time.
Client data size does not meet the minimum requirement 40. Try allocating again for the 55-th time.
Client data size does not meet the minimum requirement 40. Try allocating again for the 56-th time.
Client data size does not meet the minimum requirement 40. Try allocating again for the 57-th time.
Client data size does not meet the minimum requirement 40. Try allocating again for the 58-th time.
Client data size does not meet the minimum requirement 40. Try allocating again for the 59-th time.
Client data size does not meet the minimum requirement 40. Try allocating again for the 60-th time.
Client data size does not meet the minimum requirement 40. Try allocating again for the 61-th time.
Client data size does not meet the minimum requirement 40. Try allocating again for the 62-th time.
Client data size does not meet the minimum requirement 40. Try allocating again for the 63-th time.
Client data size does not meet the minimum requirement 40. Try allocating again for the 64-th time.
Client data size does not meet the minimum requirement 40. Try allocating again for the 65-th time.
Client data size does not meet the minimum requirement 40. Try allocating again for the 66-th time.
Client data size does not meet the minimum requirement 40. Try allocating again for the 67-th time.
Client data size does not meet the minimum requirement 40. Try allocating again for the 68-th time.
Client data size does not meet the minimum requirement 40. Try allocating again for the 69-th time.
Client data size does not meet the minimum requirement 40. Try allocating again for the 70-th time.
Client data size does not meet the minimum requirement 40. Try allocating again for the 71-th time.
Client data size does not meet the minimum requirement 40. Try allocating again for the 72-th time.
Client data size does not meet the minimum requirement 40. Try allocating again for the 73-th time.
Client data size does not meet the minimum requirement 40. Try allocating again for the 74-th time.
Client data size does not meet the minimum requirement 40. Try allocating again for the 75-th time.
Client data size does not meet the minimum requirement 40. Try allocating again for the 76-th time.
Client data size does not meet the minimum requirement 40. Try allocating again for the 77-th time.
Client data size does not meet the minimum requirement 40. Try allocating again for the 78-th time.
Client data size does not meet the minimum requirement 40. Try allocating again for the 79-th time.
Client data size does not meet the minimum requirement 40. Try allocating again for the 80-th time.
Client data size does not meet the minimum requirement 40. Try allocating again for the 81-th time.
Client data size does not meet the minimum requirement 40. Try allocating again for the 82-th time.
Client data size does not meet the minimum requirement 40. Try allocating again for the 83-th time.
Client data size does not meet the minimum requirement 40. Try allocating again for the 84-th time.
Client data size does not meet the minimum requirement 40. Try allocating again for the 85-th time.
Client data size does not meet the minimum requirement 40. Try allocating again for the 86-th time.
Client 0	 Size of data: 226	 Labels:  [0 1 2 4 6 9]
		 Samples of labels:  [(0, 7), (1, 5), (2, 1), (4, 90), (6, 3), (9, 120)]
--------------------------------------------------
Client 1	 Size of data: 489	 Labels:  [0 6 8]
		 Samples of labels:  [(0, 308), (6, 42), (8, 139)]
--------------------------------------------------
Client 2	 Size of data: 1076	 Labels:  [0 4 5 6 7 8]
		 Samples of labels:  [(0, 6), (4, 116), (5, 6), (6, 4), (7, 380), (8, 564)]
--------------------------------------------------
Client 3	 Size of data: 982	 Labels:  [3 4]
		 Samples of labels:  [(3, 86), (4, 896)]
--------------------------------------------------
Client 4	 Size of data: 374	 Labels:  [0 1 5 7 8]
		 Samples of labels:  [(0, 26), (1, 6), (5, 27), (7, 11), (8, 304)]
--------------------------------------------------
Client 5	 Size of data: 188	 Labels:  [3 4 7 9]
		 Samples of labels:  [(3, 100), (4, 67), (7, 10), (9, 11)]
--------------------------------------------------
Client 6	 Size of data: 749	 Labels:  [0 1 2 3 4 6 7 8]
		 Samples of labels:  [(0, 420), (1, 19), (2, 40), (3, 1), (4, 59), (6, 1), (7, 1), (8, 208)]
--------------------------------------------------
Client 7	 Size of data: 631	 Labels:  [0 2 4 6 7 9]
		 Samples of labels:  [(0, 554), (2, 7), (4, 1), (6, 56), (7, 1), (9, 12)]
--------------------------------------------------
Client 8	 Size of data: 468	 Labels:  [0 1 2 5 6 9]
		 Samples of labels:  [(0, 17), (1, 74), (2, 2), (5, 13), (6, 2), (9, 360)]
--------------------------------------------------
Client 9	 Size of data: 636	 Labels:  [0 2 3 4 5 6 7]
		 Samples of labels:  [(0, 250), (2, 4), (3, 55), (4, 1), (5, 307), (6, 15), (7, 4)]
--------------------------------------------------
Client 10	 Size of data: 821	 Labels:  [0 1 6 7 8]
		 Samples of labels:  [(0, 100), (1, 226), (6, 334), (7, 37), (8, 124)]
--------------------------------------------------
Client 11	 Size of data: 745	 Labels:  [0 1]
		 Samples of labels:  [(0, 2), (1, 743)]
--------------------------------------------------
Client 12	 Size of data: 2272	 Labels:  [0 2]
		 Samples of labels:  [(0, 9), (2, 2263)]
--------------------------------------------------
Client 13	 Size of data: 245	 Labels:  [0 1 3 5 7 9]
		 Samples of labels:  [(0, 2), (1, 68), (3, 103), (5, 69), (7, 2), (9, 1)]
--------------------------------------------------
Client 14	 Size of data: 265	 Labels:  [0 4 8]
		 Samples of labels:  [(0, 4), (4, 114), (8, 147)]
--------------------------------------------------
Client 15	 Size of data: 817	 Labels:  [2]
		 Samples of labels:  [(2, 817)]
--------------------------------------------------
Client 16	 Size of data: 1001	 Labels:  [0 1 2 3]
		 Samples of labels:  [(0, 1), (1, 89), (2, 1), (3, 910)]
--------------------------------------------------
Client 17	 Size of data: 112	 Labels:  [1 4 6 8]
		 Samples of labels:  [(1, 19), (4, 4), (6, 70), (8, 19)]
--------------------------------------------------
Client 18	 Size of data: 339	 Labels:  [0 1 8 9]
		 Samples of labels:  [(0, 79), (1, 156), (8, 101), (9, 3)]
--------------------------------------------------
Client 19	 Size of data: 76	 Labels:  [6 9]
		 Samples of labels:  [(6, 10), (9, 66)]
--------------------------------------------------
Client 20	 Size of data: 525	 Labels:  [0 1 2 3 6 7 8]
		 Samples of labels:  [(0, 465), (1, 3), (2, 1), (3, 5), (6, 3), (7, 1), (8, 47)]
--------------------------------------------------
Client 21	 Size of data: 317	 Labels:  [1 7 9]
		 Samples of labels:  [(1, 78), (7, 1), (9, 238)]
--------------------------------------------------
Client 22	 Size of data: 446	 Labels:  [2 8 9]
		 Samples of labels:  [(2, 23), (8, 407), (9, 16)]
--------------------------------------------------
Client 23	 Size of data: 1355	 Labels:  [0 4 9]
		 Samples of labels:  [(0, 4), (4, 198), (9, 1153)]
--------------------------------------------------
Client 24	 Size of data: 397	 Labels:  [0 1 2 5 6 7 9]
		 Samples of labels:  [(0, 24), (1, 149), (2, 1), (5, 177), (6, 15), (7, 10), (9, 21)]
--------------------------------------------------
Client 25	 Size of data: 1283	 Labels:  [1 2 3 4]
		 Samples of labels:  [(1, 106), (2, 76), (3, 7), (4, 1094)]
--------------------------------------------------
Client 26	 Size of data: 484	 Labels:  [0 1 2 4 5 6 7 8 9]
		 Samples of labels:  [(0, 1), (1, 5), (2, 22), (4, 1), (5, 21), (6, 9), (7, 160), (8, 205), (9, 60)]
--------------------------------------------------
Client 27	 Size of data: 1839	 Labels:  [0 1 2 4 5 7 8 9]
		 Samples of labels:  [(0, 1), (1, 2), (2, 123), (4, 32), (5, 25), (7, 45), (8, 171), (9, 1440)]
--------------------------------------------------
Client 28	 Size of data: 852	 Labels:  [0 1]
		 Samples of labels:  [(0, 1), (1, 851)]
--------------------------------------------------
Client 29	 Size of data: 454	 Labels:  [2 3 4 6 7 8 9]
		 Samples of labels:  [(2, 9), (3, 1), (4, 12), (6, 45), (7, 1), (8, 215), (9, 171)]
--------------------------------------------------
Client 30	 Size of data: 914	 Labels:  [0 1]
		 Samples of labels:  [(0, 84), (1, 830)]
--------------------------------------------------
Client 31	 Size of data: 550	 Labels:  [0 1 2 4 8 9]
		 Samples of labels:  [(0, 116), (1, 279), (2, 120), (4, 3), (8, 30), (9, 2)]
--------------------------------------------------
Client 32	 Size of data: 174	 Labels:  [0 4 5 8]
		 Samples of labels:  [(0, 77), (4, 73), (5, 18), (8, 6)]
--------------------------------------------------
Client 33	 Size of data: 1334	 Labels:  [0 3]
		 Samples of labels:  [(0, 4), (3, 1330)]
--------------------------------------------------
Client 34	 Size of data: 1919	 Labels:  [1 3 5 6 7 9]
		 Samples of labels:  [(1, 277), (3, 10), (5, 14), (6, 22), (7, 13), (9, 1583)]
--------------------------------------------------
Client 35	 Size of data: 413	 Labels:  [0 1 4 6 7 8]
		 Samples of labels:  [(0, 25), (1, 65), (4, 1), (6, 309), (7, 7), (8, 6)]
--------------------------------------------------
Client 36	 Size of data: 325	 Labels:  [1 2 3 5 7]
		 Samples of labels:  [(1, 188), (2, 7), (3, 4), (5, 119), (7, 7)]
--------------------------------------------------
Client 37	 Size of data: 317	 Labels:  [1 3 4 6]
		 Samples of labels:  [(1, 256), (3, 35), (4, 11), (6, 15)]
--------------------------------------------------
Client 38	 Size of data: 521	 Labels:  [0 2]
		 Samples of labels:  [(0, 3), (2, 518)]
--------------------------------------------------
Client 39	 Size of data: 248	 Labels:  [4 5 6 8 9]
		 Samples of labels:  [(4, 11), (5, 40), (6, 89), (8, 6), (9, 102)]
--------------------------------------------------
Client 40	 Size of data: 624	 Labels:  [2 3 5 6 7 9]
		 Samples of labels:  [(2, 1), (3, 65), (5, 5), (6, 2), (7, 550), (9, 1)]
--------------------------------------------------
Client 41	 Size of data: 585	 Labels:  [0 6 7 8]
		 Samples of labels:  [(0, 71), (6, 94), (7, 321), (8, 99)]
--------------------------------------------------
Client 42	 Size of data: 1224	 Labels:  [0 5]
		 Samples of labels:  [(0, 274), (5, 950)]
--------------------------------------------------
Client 43	 Size of data: 1034	 Labels:  [0 2 3]
		 Samples of labels:  [(0, 331), (2, 17), (3, 686)]
--------------------------------------------------
Client 44	 Size of data: 82	 Labels:  [4 5 7 8]
		 Samples of labels:  [(4, 1), (5, 8), (7, 57), (8, 16)]
--------------------------------------------------
Client 45	 Size of data: 493	 Labels:  [0 1 7 8 9]
		 Samples of labels:  [(0, 181), (1, 143), (7, 148), (8, 20), (9, 1)]
--------------------------------------------------
Client 46	 Size of data: 690	 Labels:  [0 1 3 5 6 7]
		 Samples of labels:  [(0, 29), (1, 1), (3, 9), (5, 77), (6, 113), (7, 461)]
--------------------------------------------------
Client 47	 Size of data: 1640	 Labels:  [0 2 5]
		 Samples of labels:  [(0, 5), (2, 682), (5, 953)]
--------------------------------------------------
Client 48	 Size of data: 321	 Labels:  [0 1 3 4 5 8]
		 Samples of labels:  [(0, 39), (1, 161), (3, 29), (4, 1), (5, 84), (8, 7)]
--------------------------------------------------
Client 49	 Size of data: 717	 Labels:  [1 3 4 6 7 9]
		 Samples of labels:  [(1, 3), (3, 3), (4, 281), (6, 1), (7, 1), (9, 428)]
--------------------------------------------------
Client 50	 Size of data: 1271	 Labels:  [0]
		 Samples of labels:  [(0, 1271)]
--------------------------------------------------
Client 51	 Size of data: 698	 Labels:  [3 6 7 9]
		 Samples of labels:  [(3, 686), (6, 2), (7, 1), (9, 9)]
--------------------------------------------------
Client 52	 Size of data: 1170	 Labels:  [1 3 4 5 6]
		 Samples of labels:  [(1, 44), (3, 25), (4, 190), (5, 3), (6, 908)]
--------------------------------------------------
Client 53	 Size of data: 881	 Labels:  [0 2 3 5]
		 Samples of labels:  [(0, 125), (2, 96), (3, 240), (5, 420)]
--------------------------------------------------
Client 54	 Size of data: 442	 Labels:  [0 1 3 4 6 8 9]
		 Samples of labels:  [(0, 1), (1, 249), (3, 5), (4, 57), (6, 17), (8, 112), (9, 1)]
--------------------------------------------------
Client 55	 Size of data: 72	 Labels:  [1 2 5 7 9]
		 Samples of labels:  [(1, 6), (2, 1), (5, 63), (7, 1), (9, 1)]
--------------------------------------------------
Client 56	 Size of data: 73	 Labels:  [1 2 3 7]
		 Samples of labels:  [(1, 1), (2, 70), (3, 1), (7, 1)]
--------------------------------------------------
Client 57	 Size of data: 1129	 Labels:  [4 5 6 7]
		 Samples of labels:  [(4, 42), (5, 158), (6, 6), (7, 923)]
--------------------------------------------------
Client 58	 Size of data: 937	 Labels:  [0 1 2 5 6 8]
		 Samples of labels:  [(0, 32), (1, 2), (2, 1), (5, 31), (6, 1), (8, 870)]
--------------------------------------------------
Client 59	 Size of data: 238	 Labels:  [0 1 3 6 8 9]
		 Samples of labels:  [(0, 1), (1, 2), (3, 128), (6, 21), (8, 85), (9, 1)]
--------------------------------------------------
Client 60	 Size of data: 982	 Labels:  [1]
		 Samples of labels:  [(1, 982)]
--------------------------------------------------
Client 61	 Size of data: 914	 Labels:  [1 4]
		 Samples of labels:  [(1, 55), (4, 859)]
--------------------------------------------------
Client 62	 Size of data: 729	 Labels:  [0 1 2 5 7]
		 Samples of labels:  [(0, 439), (1, 7), (2, 3), (5, 204), (7, 76)]
--------------------------------------------------
Client 63	 Size of data: 188	 Labels:  [6 8]
		 Samples of labels:  [(6, 1), (8, 187)]
--------------------------------------------------
Client 64	 Size of data: 759	 Labels:  [1]
		 Samples of labels:  [(1, 759)]
--------------------------------------------------
Client 65	 Size of data: 1026	 Labels:  [2 3]
		 Samples of labels:  [(2, 87), (3, 939)]
--------------------------------------------------
Client 66	 Size of data: 228	 Labels:  [0 4 5 6 7 8 9]
		 Samples of labels:  [(0, 62), (4, 85), (5, 39), (6, 7), (7, 15), (8, 2), (9, 18)]
--------------------------------------------------
Client 67	 Size of data: 157	 Labels:  [6 7 9]
		 Samples of labels:  [(6, 47), (7, 25), (9, 85)]
--------------------------------------------------
Client 68	 Size of data: 791	 Labels:  [1 2 5 7]
		 Samples of labels:  [(1, 1), (2, 1), (5, 162), (7, 627)]
--------------------------------------------------
Client 69	 Size of data: 1527	 Labels:  [4 5 6 7 8]
		 Samples of labels:  [(4, 10), (5, 111), (6, 1), (7, 2), (8, 1403)]
--------------------------------------------------
Client 70	 Size of data: 94	 Labels:  [0 2 3 5 9]
		 Samples of labels:  [(0, 2), (2, 3), (3, 80), (5, 7), (9, 2)]
--------------------------------------------------
Client 71	 Size of data: 229	 Labels:  [1 2 5 7 8]
		 Samples of labels:  [(1, 34), (2, 48), (5, 1), (7, 140), (8, 6)]
--------------------------------------------------
Client 72	 Size of data: 848	 Labels:  [1 2]
		 Samples of labels:  [(1, 3), (2, 845)]
--------------------------------------------------
Client 73	 Size of data: 614	 Labels:  [2 3 4 7 8]
		 Samples of labels:  [(2, 61), (3, 101), (4, 13), (7, 405), (8, 34)]
--------------------------------------------------
Client 74	 Size of data: 130	 Labels:  [1 3 4 6 7]
		 Samples of labels:  [(1, 9), (3, 111), (4, 2), (6, 5), (7, 3)]
--------------------------------------------------
Client 75	 Size of data: 80	 Labels:  [0 3 4 8]
		 Samples of labels:  [(0, 71), (3, 1), (4, 7), (8, 1)]
--------------------------------------------------
Client 76	 Size of data: 724	 Labels:  [0 1 2 3 4 7]
		 Samples of labels:  [(0, 23), (1, 240), (2, 329), (3, 5), (4, 31), (7, 96)]
--------------------------------------------------
Client 77	 Size of data: 1145	 Labels:  [0 4 7]
		 Samples of labels:  [(0, 1), (4, 1), (7, 1143)]
--------------------------------------------------
Client 78	 Size of data: 1006	 Labels:  [3 4 6 8 9]
		 Samples of labels:  [(3, 333), (4, 16), (6, 85), (8, 185), (9, 387)]
--------------------------------------------------
Client 79	 Size of data: 2057	 Labels:  [0 1 2 3 6]
		 Samples of labels:  [(0, 3), (1, 6), (2, 84), (3, 433), (6, 1531)]
--------------------------------------------------
Client 80	 Size of data: 633	 Labels:  [1 4 5]
		 Samples of labels:  [(1, 184), (4, 123), (5, 326)]
--------------------------------------------------
Client 81	 Size of data: 1037	 Labels:  [0 2 3 4 5 6]
		 Samples of labels:  [(0, 1), (2, 4), (3, 20), (4, 5), (5, 22), (6, 985)]
--------------------------------------------------
Client 82	 Size of data: 235	 Labels:  [0 1 4 8]
		 Samples of labels:  [(0, 5), (1, 50), (4, 179), (8, 1)]
--------------------------------------------------
Client 83	 Size of data: 595	 Labels:  [6 7 9]
		 Samples of labels:  [(6, 5), (7, 583), (9, 7)]
--------------------------------------------------
Client 84	 Size of data: 1212	 Labels:  [2 3 4 5]
		 Samples of labels:  [(2, 1), (3, 2), (4, 12), (5, 1197)]
--------------------------------------------------
Client 85	 Size of data: 1643	 Labels:  [1 4 5 6]
		 Samples of labels:  [(1, 8), (4, 172), (5, 31), (6, 1432)]
--------------------------------------------------
Client 86	 Size of data: 46	 Labels:  [1 2 5 9]
		 Samples of labels:  [(1, 3), (2, 12), (5, 27), (9, 4)]
--------------------------------------------------
Client 87	 Size of data: 88	 Labels:  [0 1 2 3 4 5 6 7 8 9]
		 Samples of labels:  [(0, 1), (1, 8), (2, 31), (3, 16), (4, 5), (5, 2), (6, 2), (7, 21), (8, 1), (9, 1)]
--------------------------------------------------
Client 88	 Size of data: 772	 Labels:  [0 3 4 5 7 8]
		 Samples of labels:  [(0, 49), (3, 3), (4, 422), (5, 11), (7, 23), (8, 264)]
--------------------------------------------------
Client 89	 Size of data: 139	 Labels:  [0 2 5 6 9]
		 Samples of labels:  [(0, 7), (2, 1), (5, 50), (6, 65), (9, 16)]
--------------------------------------------------
Client 90	 Size of data: 1046	 Labels:  [0 2 3 4 7]
		 Samples of labels:  [(0, 3), (2, 31), (3, 99), (4, 56), (7, 857)]
--------------------------------------------------
Client 91	 Size of data: 660	 Labels:  [0 3 4 6 7 8 9]
		 Samples of labels:  [(0, 3), (3, 1), (4, 130), (6, 258), (7, 40), (8, 155), (9, 73)]
--------------------------------------------------
Client 92	 Size of data: 1111	 Labels:  [1 2 3 5 6 8]
		 Samples of labels:  [(1, 2), (2, 228), (3, 1), (5, 21), (6, 224), (8, 635)]
--------------------------------------------------
Client 93	 Size of data: 848	 Labels:  [0]
		 Samples of labels:  [(0, 848)]
--------------------------------------------------
Client 94	 Size of data: 752	 Labels:  [2 3 5]
		 Samples of labels:  [(2, 308), (3, 7), (5, 437)]
--------------------------------------------------
Client 95	 Size of data: 1162	 Labels:  [1 2 4]
		 Samples of labels:  [(1, 320), (2, 2), (4, 840)]
--------------------------------------------------
Client 96	 Size of data: 662	 Labels:  [0 2 3 4 5 6 7 9]
		 Samples of labels:  [(0, 352), (2, 3), (3, 124), (4, 14), (5, 75), (6, 18), (7, 75), (9, 1)]
--------------------------------------------------
Client 97	 Size of data: 639	 Labels:  [0 1 5 9]
		 Samples of labels:  [(0, 62), (1, 14), (5, 1), (9, 562)]
--------------------------------------------------
Client 98	 Size of data: 747	 Labels:  [0 2 3 4]
		 Samples of labels:  [(0, 7), (2, 5), (3, 340), (4, 395)]
--------------------------------------------------
Client 99	 Size of data: 245	 Labels:  [0 1 3 4 5 6 7 8 9]
		 Samples of labels:  [(0, 14), (1, 86), (3, 1), (4, 91), (5, 1), (6, 1), (7, 7), (8, 43), (9, 1)]
--------------------------------------------------
Total number of samples: 70000
The number of train samples: [169, 366, 807, 736, 280, 141, 561, 473, 351, 477, 615, 558, 1704, 183, 198, 612, 750, 84, 254, 57, 393, 237, 334, 1016, 297, 962, 363, 1379, 639, 340, 685, 412, 130, 1000, 1439, 309, 243, 237, 390, 186, 468, 438, 918, 775, 61, 369, 517, 1230, 240, 537, 953, 523, 877, 660, 331, 54, 54, 846, 702, 178, 736, 685, 546, 141, 569, 769, 171, 117, 593, 1145, 70, 171, 636, 460, 97, 60, 543, 858, 754, 1542, 474, 777, 176, 446, 909, 1232, 34, 66, 579, 104, 784, 495, 833, 636, 564, 871, 496, 479, 560, 183]
The number of test samples: [57, 123, 269, 246, 94, 47, 188, 158, 117, 159, 206, 187, 568, 62, 67, 205, 251, 28, 85, 19, 132, 80, 112, 339, 100, 321, 121, 460, 213, 114, 229, 138, 44, 334, 480, 104, 82, 80, 131, 62, 156, 147, 306, 259, 21, 124, 173, 410, 81, 180, 318, 175, 293, 221, 111, 18, 19, 283, 235, 60, 246, 229, 183, 47, 190, 257, 57, 40, 198, 382, 24, 58, 212, 154, 33, 20, 181, 287, 252, 515, 159, 260, 59, 149, 303, 411, 12, 22, 193, 35, 262, 165, 278, 212, 188, 291, 166, 160, 187, 62]

MNIST train 0 169
MNIST train 1 366
MNIST train 2 807
MNIST train 3 736
MNIST train 4 280
MNIST train 5 141
MNIST train 6 561
MNIST train 7 473
MNIST train 8 351
MNIST train 9 477
MNIST train 10 615
MNIST train 11 558
MNIST train 12 1704
MNIST train 13 183
MNIST train 14 198
MNIST train 15 612
MNIST train 16 750
MNIST train 17 84
MNIST train 18 254
MNIST train 19 57
MNIST train 20 393
MNIST train 21 237
MNIST train 22 334
MNIST train 23 1016
MNIST train 24 297
MNIST train 25 962
MNIST train 26 363
MNIST train 27 1379
MNIST train 28 639
MNIST train 29 340
MNIST train 30 685
MNIST train 31 412
MNIST train 32 130
MNIST train 33 1000
MNIST train 34 1439
MNIST train 35 309
MNIST train 36 243
MNIST train 37 237
MNIST train 38 390
MNIST train 39 186
MNIST train 40 468
MNIST train 41 438
MNIST train 42 918
MNIST train 43 775
MNIST train 44 61
MNIST train 45 369
MNIST train 46 517
MNIST train 47 1230
MNIST train 48 240
MNIST train 49 537
MNIST train 50 953
MNIST train 51 523
MNIST train 52 877
MNIST train 53 660
MNIST train 54 331
MNIST train 55 54
MNIST train 56 54
MNIST train 57 846
MNIST train 58 702
MNIST train 59 178
MNIST train 60 736
MNIST train 61 685
MNIST train 62 546
MNIST train 63 141
MNIST train 64 569
MNIST train 65 769
MNIST train 66 171
MNIST train 67 117
MNIST train 68 593
MNIST train 69 1145
MNIST train 70 70
MNIST train 71 171
MNIST train 72 636
MNIST train 73 460
MNIST train 74 97
MNIST train 75 60
MNIST train 76 543
MNIST train 77 858
MNIST train 78 754
MNIST train 79 1542
MNIST train 80 474
MNIST train 81 777
MNIST train 82 176
MNIST train 83 446
MNIST train 84 909
MNIST train 85 1232
MNIST train 86 34
MNIST train 87 66
MNIST train 88 579
MNIST train 89 104
MNIST train 90 784
MNIST train 91 495
MNIST train 92 833
MNIST train 93 636
MNIST train 94 564
MNIST train 95 871
MNIST train 96 496
MNIST train 97 479
MNIST train 98 560
MNIST train 99 183
MNIST test 0 57
MNIST test 1 123
MNIST test 2 269
MNIST test 3 246
MNIST test 4 94
MNIST test 5 47
MNIST test 6 188
MNIST test 7 158
MNIST test 8 117
MNIST test 9 159
MNIST test 10 206
MNIST test 11 187
MNIST test 12 568
MNIST test 13 62
MNIST test 14 67
MNIST test 15 205
MNIST test 16 251
MNIST test 17 28
MNIST test 18 85
MNIST test 19 19
MNIST test 20 132
MNIST test 21 80
MNIST test 22 112
MNIST test 23 339
MNIST test 24 100
MNIST test 25 321
MNIST test 26 121
MNIST test 27 460
MNIST test 28 213
MNIST test 29 114
MNIST test 30 229
MNIST test 31 138
MNIST test 32 44
MNIST test 33 334
MNIST test 34 480
MNIST test 35 104
MNIST test 36 82
MNIST test 37 80
MNIST test 38 131
MNIST test 39 62
MNIST test 40 156
MNIST test 41 147
MNIST test 42 306
MNIST test 43 259
MNIST test 44 21
MNIST test 45 124
MNIST test 46 173
MNIST test 47 410
MNIST test 48 81
MNIST test 49 180
MNIST test 50 318
MNIST test 51 175
MNIST test 52 293
MNIST test 53 221
MNIST test 54 111
MNIST test 55 18
MNIST test 56 19
MNIST test 57 283
MNIST test 58 235
MNIST test 59 60
MNIST test 60 246
MNIST test 61 229
MNIST test 62 183
MNIST test 63 47
MNIST test 64 190
MNIST test 65 257
MNIST test 66 57
MNIST test 67 40
MNIST test 68 198
MNIST test 69 382
MNIST test 70 24
MNIST test 71 58
MNIST test 72 212
MNIST test 73 154
MNIST test 74 33
MNIST test 75 20
MNIST test 76 181
MNIST test 77 287
MNIST test 78 252
MNIST test 79 515
MNIST test 80 159
MNIST test 81 260
MNIST test 82 59
MNIST test 83 149
MNIST test 84 303
MNIST test 85 411
MNIST test 86 12
MNIST test 87 22
MNIST test 88 193
MNIST test 89 35
MNIST test 90 262
MNIST test 91 165
MNIST test 92 278
MNIST test 93 212
MNIST test 94 188
MNIST test 95 291
MNIST test 96 166
MNIST test 97 160
MNIST test 98 187
MNIST test 99 62
Using downloaded and verified file: /media/wenchang/F/wjq/TTFL/raw/cifar-10-python.tar.gz
Extracting /media/wenchang/F/wjq/TTFL/raw/cifar-10-python.tar.gz to /media/wenchang/F/wjq/TTFL/raw
Files already downloaded and verified
Client data size does not meet the minimum requirement 40. Try allocating again for the 2-th time.
Client data size does not meet the minimum requirement 40. Try allocating again for the 3-th time.
Client data size does not meet the minimum requirement 40. Try allocating again for the 4-th time.
Client data size does not meet the minimum requirement 40. Try allocating again for the 5-th time.
Client data size does not meet the minimum requirement 40. Try allocating again for the 6-th time.
Client data size does not meet the minimum requirement 40. Try allocating again for the 7-th time.
Client data size does not meet the minimum requirement 40. Try allocating again for the 8-th time.
Client data size does not meet the minimum requirement 40. Try allocating again for the 9-th time.
Client data size does not meet the minimum requirement 40. Try allocating again for the 10-th time.
Client data size does not meet the minimum requirement 40. Try allocating again for the 11-th time.
Client data size does not meet the minimum requirement 40. Try allocating again for the 12-th time.
Client data size does not meet the minimum requirement 40. Try allocating again for the 13-th time.
Client data size does not meet the minimum requirement 40. Try allocating again for the 14-th time.
Client data size does not meet the minimum requirement 40. Try allocating again for the 15-th time.
Client data size does not meet the minimum requirement 40. Try allocating again for the 16-th time.
Client data size does not meet the minimum requirement 40. Try allocating again for the 17-th time.
Client data size does not meet the minimum requirement 40. Try allocating again for the 18-th time.
Client data size does not meet the minimum requirement 40. Try allocating again for the 19-th time.
Client data size does not meet the minimum requirement 40. Try allocating again for the 20-th time.
Client data size does not meet the minimum requirement 40. Try allocating again for the 21-th time.
Client data size does not meet the minimum requirement 40. Try allocating again for the 22-th time.
Client data size does not meet the minimum requirement 40. Try allocating again for the 23-th time.
Client data size does not meet the minimum requirement 40. Try allocating again for the 24-th time.
Client data size does not meet the minimum requirement 40. Try allocating again for the 25-th time.
Client data size does not meet the minimum requirement 40. Try allocating again for the 26-th time.
Client data size does not meet the minimum requirement 40. Try allocating again for the 27-th time.
Client data size does not meet the minimum requirement 40. Try allocating again for the 28-th time.
Client data size does not meet the minimum requirement 40. Try allocating again for the 29-th time.
Client data size does not meet the minimum requirement 40. Try allocating again for the 30-th time.
Client data size does not meet the minimum requirement 40. Try allocating again for the 31-th time.
Client data size does not meet the minimum requirement 40. Try allocating again for the 32-th time.
Client data size does not meet the minimum requirement 40. Try allocating again for the 33-th time.
Client data size does not meet the minimum requirement 40. Try allocating again for the 34-th time.
Client data size does not meet the minimum requirement 40. Try allocating again for the 35-th time.
Client data size does not meet the minimum requirement 40. Try allocating again for the 36-th time.
Client data size does not meet the minimum requirement 40. Try allocating again for the 37-th time.
Client data size does not meet the minimum requirement 40. Try allocating again for the 38-th time.
Client data size does not meet the minimum requirement 40. Try allocating again for the 39-th time.
Client data size does not meet the minimum requirement 40. Try allocating again for the 40-th time.
Client data size does not meet the minimum requirement 40. Try allocating again for the 41-th time.
Client data size does not meet the minimum requirement 40. Try allocating again for the 42-th time.
Client data size does not meet the minimum requirement 40. Try allocating again for the 43-th time.
Client data size does not meet the minimum requirement 40. Try allocating again for the 44-th time.
Client data size does not meet the minimum requirement 40. Try allocating again for the 45-th time.
Client data size does not meet the minimum requirement 40. Try allocating again for the 46-th time.
Client data size does not meet the minimum requirement 40. Try allocating again for the 47-th time.
Client data size does not meet the minimum requirement 40. Try allocating again for the 48-th time.
Client data size does not meet the minimum requirement 40. Try allocating again for the 49-th time.
Client data size does not meet the minimum requirement 40. Try allocating again for the 50-th time.
Client data size does not meet the minimum requirement 40. Try allocating again for the 51-th time.
Client data size does not meet the minimum requirement 40. Try allocating again for the 52-th time.
Client data size does not meet the minimum requirement 40. Try allocating again for the 53-th time.
Client data size does not meet the minimum requirement 40. Try allocating again for the 54-th time.
Client data size does not meet the minimum requirement 40. Try allocating again for the 55-th time.
Client data size does not meet the minimum requirement 40. Try allocating again for the 56-th time.
Client data size does not meet the minimum requirement 40. Try allocating again for the 57-th time.
Client data size does not meet the minimum requirement 40. Try allocating again for the 58-th time.
Client data size does not meet the minimum requirement 40. Try allocating again for the 59-th time.
Client data size does not meet the minimum requirement 40. Try allocating again for the 60-th time.
Client data size does not meet the minimum requirement 40. Try allocating again for the 61-th time.
Client data size does not meet the minimum requirement 40. Try allocating again for the 62-th time.
Client data size does not meet the minimum requirement 40. Try allocating again for the 63-th time.
Client data size does not meet the minimum requirement 40. Try allocating again for the 64-th time.
Client data size does not meet the minimum requirement 40. Try allocating again for the 65-th time.
Client data size does not meet the minimum requirement 40. Try allocating again for the 66-th time.
Client data size does not meet the minimum requirement 40. Try allocating again for the 67-th time.
Client data size does not meet the minimum requirement 40. Try allocating again for the 68-th time.
Client data size does not meet the minimum requirement 40. Try allocating again for the 69-th time.
Client data size does not meet the minimum requirement 40. Try allocating again for the 70-th time.
Client data size does not meet the minimum requirement 40. Try allocating again for the 71-th time.
Client data size does not meet the minimum requirement 40. Try allocating again for the 72-th time.
Client data size does not meet the minimum requirement 40. Try allocating again for the 73-th time.
Client data size does not meet the minimum requirement 40. Try allocating again for the 74-th time.
Client data size does not meet the minimum requirement 40. Try allocating again for the 75-th time.
Client data size does not meet the minimum requirement 40. Try allocating again for the 76-th time.
Client data size does not meet the minimum requirement 40. Try allocating again for the 77-th time.
Client data size does not meet the minimum requirement 40. Try allocating again for the 78-th time.
Client data size does not meet the minimum requirement 40. Try allocating again for the 79-th time.
Client data size does not meet the minimum requirement 40. Try allocating again for the 80-th time.
Client data size does not meet the minimum requirement 40. Try allocating again for the 81-th time.
Client data size does not meet the minimum requirement 40. Try allocating again for the 82-th time.
Client data size does not meet the minimum requirement 40. Try allocating again for the 83-th time.
Client data size does not meet the minimum requirement 40. Try allocating again for the 84-th time.
Client data size does not meet the minimum requirement 40. Try allocating again for the 85-th time.
Client data size does not meet the minimum requirement 40. Try allocating again for the 86-th time.
Client data size does not meet the minimum requirement 40. Try allocating again for the 87-th time.
Client data size does not meet the minimum requirement 40. Try allocating again for the 88-th time.
Client data size does not meet the minimum requirement 40. Try allocating again for the 89-th time.
Client data size does not meet the minimum requirement 40. Try allocating again for the 90-th time.
Client data size does not meet the minimum requirement 40. Try allocating again for the 91-th time.
Client data size does not meet the minimum requirement 40. Try allocating again for the 92-th time.
Client data size does not meet the minimum requirement 40. Try allocating again for the 93-th time.
Client data size does not meet the minimum requirement 40. Try allocating again for the 94-th time.
Client data size does not meet the minimum requirement 40. Try allocating again for the 95-th time.
Client data size does not meet the minimum requirement 40. Try allocating again for the 96-th time.
Client data size does not meet the minimum requirement 40. Try allocating again for the 97-th time.
Client data size does not meet the minimum requirement 40. Try allocating again for the 98-th time.
Client data size does not meet the minimum requirement 40. Try allocating again for the 99-th time.
Client data size does not meet the minimum requirement 40. Try allocating again for the 100-th time.
Client data size does not meet the minimum requirement 40. Try allocating again for the 101-th time.
Client data size does not meet the minimum requirement 40. Try allocating again for the 102-th time.
Client data size does not meet the minimum requirement 40. Try allocating again for the 103-th time.
Client data size does not meet the minimum requirement 40. Try allocating again for the 104-th time.
Client data size does not meet the minimum requirement 40. Try allocating again for the 105-th time.
Client data size does not meet the minimum requirement 40. Try allocating again for the 106-th time.
Client data size does not meet the minimum requirement 40. Try allocating again for the 107-th time.
Client data size does not meet the minimum requirement 40. Try allocating again for the 108-th time.
Client data size does not meet the minimum requirement 40. Try allocating again for the 109-th time.
Client data size does not meet the minimum requirement 40. Try allocating again for the 110-th time.
Client data size does not meet the minimum requirement 40. Try allocating again for the 111-th time.
Client data size does not meet the minimum requirement 40. Try allocating again for the 112-th time.
Client data size does not meet the minimum requirement 40. Try allocating again for the 113-th time.
Client data size does not meet the minimum requirement 40. Try allocating again for the 114-th time.
Client data size does not meet the minimum requirement 40. Try allocating again for the 115-th time.
Client data size does not meet the minimum requirement 40. Try allocating again for the 116-th time.
Client data size does not meet the minimum requirement 40. Try allocating again for the 117-th time.
Client data size does not meet the minimum requirement 40. Try allocating again for the 118-th time.
Client data size does not meet the minimum requirement 40. Try allocating again for the 119-th time.
Client data size does not meet the minimum requirement 40. Try allocating again for the 120-th time.
Client data size does not meet the minimum requirement 40. Try allocating again for the 121-th time.
Client data size does not meet the minimum requirement 40. Try allocating again for the 122-th time.
Client data size does not meet the minimum requirement 40. Try allocating again for the 123-th time.
Client data size does not meet the minimum requirement 40. Try allocating again for the 124-th time.
Client data size does not meet the minimum requirement 40. Try allocating again for the 125-th time.
Client data size does not meet the minimum requirement 40. Try allocating again for the 126-th time.
Client data size does not meet the minimum requirement 40. Try allocating again for the 127-th time.
Client data size does not meet the minimum requirement 40. Try allocating again for the 128-th time.
Client data size does not meet the minimum requirement 40. Try allocating again for the 129-th time.
Client data size does not meet the minimum requirement 40. Try allocating again for the 130-th time.
Client data size does not meet the minimum requirement 40. Try allocating again for the 131-th time.
Client data size does not meet the minimum requirement 40. Try allocating again for the 132-th time.
Client data size does not meet the minimum requirement 40. Try allocating again for the 133-th time.
Client data size does not meet the minimum requirement 40. Try allocating again for the 134-th time.
Client data size does not meet the minimum requirement 40. Try allocating again for the 135-th time.
Client data size does not meet the minimum requirement 40. Try allocating again for the 136-th time.
Client data size does not meet the minimum requirement 40. Try allocating again for the 137-th time.
Client data size does not meet the minimum requirement 40. Try allocating again for the 138-th time.
Client data size does not meet the minimum requirement 40. Try allocating again for the 139-th time.
Client data size does not meet the minimum requirement 40. Try allocating again for the 140-th time.
Client data size does not meet the minimum requirement 40. Try allocating again for the 141-th time.
Client data size does not meet the minimum requirement 40. Try allocating again for the 142-th time.
Client data size does not meet the minimum requirement 40. Try allocating again for the 143-th time.
Client data size does not meet the minimum requirement 40. Try allocating again for the 144-th time.
Client data size does not meet the minimum requirement 40. Try allocating again for the 145-th time.
Client data size does not meet the minimum requirement 40. Try allocating again for the 146-th time.
Client data size does not meet the minimum requirement 40. Try allocating again for the 147-th time.
Client data size does not meet the minimum requirement 40. Try allocating again for the 148-th time.
Client data size does not meet the minimum requirement 40. Try allocating again for the 149-th time.
Client data size does not meet the minimum requirement 40. Try allocating again for the 150-th time.
Client data size does not meet the minimum requirement 40. Try allocating again for the 151-th time.
Client data size does not meet the minimum requirement 40. Try allocating again for the 152-th time.
Client data size does not meet the minimum requirement 40. Try allocating again for the 153-th time.
Client data size does not meet the minimum requirement 40. Try allocating again for the 154-th time.
Client data size does not meet the minimum requirement 40. Try allocating again for the 155-th time.
Client data size does not meet the minimum requirement 40. Try allocating again for the 156-th time.
Client data size does not meet the minimum requirement 40. Try allocating again for the 157-th time.
Client data size does not meet the minimum requirement 40. Try allocating again for the 158-th time.
Client data size does not meet the minimum requirement 40. Try allocating again for the 159-th time.
Client data size does not meet the minimum requirement 40. Try allocating again for the 160-th time.
Client data size does not meet the minimum requirement 40. Try allocating again for the 161-th time.
Client data size does not meet the minimum requirement 40. Try allocating again for the 162-th time.
Client data size does not meet the minimum requirement 40. Try allocating again for the 163-th time.
Client data size does not meet the minimum requirement 40. Try allocating again for the 164-th time.
Client data size does not meet the minimum requirement 40. Try allocating again for the 165-th time.
Client data size does not meet the minimum requirement 40. Try allocating again for the 166-th time.
Client data size does not meet the minimum requirement 40. Try allocating again for the 167-th time.
Client data size does not meet the minimum requirement 40. Try allocating again for the 168-th time.
Client data size does not meet the minimum requirement 40. Try allocating again for the 169-th time.
Client data size does not meet the minimum requirement 40. Try allocating again for the 170-th time.
Client data size does not meet the minimum requirement 40. Try allocating again for the 171-th time.
Client data size does not meet the minimum requirement 40. Try allocating again for the 172-th time.
Client data size does not meet the minimum requirement 40. Try allocating again for the 173-th time.
Client data size does not meet the minimum requirement 40. Try allocating again for the 174-th time.
Client data size does not meet the minimum requirement 40. Try allocating again for the 175-th time.
Client data size does not meet the minimum requirement 40. Try allocating again for the 176-th time.
Client data size does not meet the minimum requirement 40. Try allocating again for the 177-th time.
Client data size does not meet the minimum requirement 40. Try allocating again for the 178-th time.
Client data size does not meet the minimum requirement 40. Try allocating again for the 179-th time.
Client data size does not meet the minimum requirement 40. Try allocating again for the 180-th time.
Client data size does not meet the minimum requirement 40. Try allocating again for the 181-th time.
Client data size does not meet the minimum requirement 40. Try allocating again for the 182-th time.
Client data size does not meet the minimum requirement 40. Try allocating again for the 183-th time.
Client data size does not meet the minimum requirement 40. Try allocating again for the 184-th time.
Client data size does not meet the minimum requirement 40. Try allocating again for the 185-th time.
Client data size does not meet the minimum requirement 40. Try allocating again for the 186-th time.
Client data size does not meet the minimum requirement 40. Try allocating again for the 187-th time.
Client data size does not meet the minimum requirement 40. Try allocating again for the 188-th time.
Client data size does not meet the minimum requirement 40. Try allocating again for the 189-th time.
Client data size does not meet the minimum requirement 40. Try allocating again for the 190-th time.
Client data size does not meet the minimum requirement 40. Try allocating again for the 191-th time.
Client data size does not meet the minimum requirement 40. Try allocating again for the 192-th time.
Client data size does not meet the minimum requirement 40. Try allocating again for the 193-th time.
Client data size does not meet the minimum requirement 40. Try allocating again for the 194-th time.
Client data size does not meet the minimum requirement 40. Try allocating again for the 195-th time.
Client data size does not meet the minimum requirement 40. Try allocating again for the 196-th time.
Client data size does not meet the minimum requirement 40. Try allocating again for the 197-th time.
Client data size does not meet the minimum requirement 40. Try allocating again for the 198-th time.
Client data size does not meet the minimum requirement 40. Try allocating again for the 199-th time.
Client data size does not meet the minimum requirement 40. Try allocating again for the 200-th time.
Client data size does not meet the minimum requirement 40. Try allocating again for the 201-th time.
Client data size does not meet the minimum requirement 40. Try allocating again for the 202-th time.
Client data size does not meet the minimum requirement 40. Try allocating again for the 203-th time.
Client data size does not meet the minimum requirement 40. Try allocating again for the 204-th time.
Client data size does not meet the minimum requirement 40. Try allocating again for the 205-th time.
Client data size does not meet the minimum requirement 40. Try allocating again for the 206-th time.
Client data size does not meet the minimum requirement 40. Try allocating again for the 207-th time.
Client data size does not meet the minimum requirement 40. Try allocating again for the 208-th time.
Client data size does not meet the minimum requirement 40. Try allocating again for the 209-th time.
Client data size does not meet the minimum requirement 40. Try allocating again for the 210-th time.
Client data size does not meet the minimum requirement 40. Try allocating again for the 211-th time.
Client data size does not meet the minimum requirement 40. Try allocating again for the 212-th time.
Client 0	 Size of data: 711	 Labels:  [1 4 5 6 7]
		 Samples of labels:  [(1, 97), (4, 5), (5, 1), (6, 43), (7, 565)]
--------------------------------------------------
Client 1	 Size of data: 393	 Labels:  [1 5 7 9]
		 Samples of labels:  [(1, 25), (5, 20), (7, 346), (9, 2)]
--------------------------------------------------
Client 2	 Size of data: 557	 Labels:  [3 4 7 9]
		 Samples of labels:  [(3, 39), (4, 10), (7, 12), (9, 496)]
--------------------------------------------------
Client 3	 Size of data: 863	 Labels:  [0]
		 Samples of labels:  [(0, 863)]
--------------------------------------------------
Client 4	 Size of data: 417	 Labels:  [3 4 5 8 9]
		 Samples of labels:  [(3, 3), (4, 8), (5, 160), (8, 4), (9, 242)]
--------------------------------------------------
Client 5	 Size of data: 629	 Labels:  [0 2 5]
		 Samples of labels:  [(0, 320), (2, 169), (5, 140)]
--------------------------------------------------
Client 6	 Size of data: 1043	 Labels:  [0 2 3 6]
		 Samples of labels:  [(0, 32), (2, 1), (3, 465), (6, 545)]
--------------------------------------------------
Client 7	 Size of data: 788	 Labels:  [0 1 3]
		 Samples of labels:  [(0, 3), (1, 141), (3, 644)]
--------------------------------------------------
Client 8	 Size of data: 769	 Labels:  [0 1 4 5]
		 Samples of labels:  [(0, 118), (1, 3), (4, 20), (5, 628)]
--------------------------------------------------
Client 9	 Size of data: 701	 Labels:  [0 1 3 4 5 7 8]
		 Samples of labels:  [(0, 1), (1, 10), (3, 17), (4, 2), (5, 1), (7, 566), (8, 104)]
--------------------------------------------------
Client 10	 Size of data: 1127	 Labels:  [1 2 3 4]
		 Samples of labels:  [(1, 47), (2, 246), (3, 210), (4, 624)]
--------------------------------------------------
Client 11	 Size of data: 719	 Labels:  [2 6 8]
		 Samples of labels:  [(2, 399), (6, 1), (8, 319)]
--------------------------------------------------
Client 12	 Size of data: 656	 Labels:  [0 1 2 6 7]
		 Samples of labels:  [(0, 8), (1, 8), (2, 74), (6, 33), (7, 533)]
--------------------------------------------------
Client 13	 Size of data: 317	 Labels:  [1 3 4 5 8]
		 Samples of labels:  [(1, 246), (3, 34), (4, 3), (5, 33), (8, 1)]
--------------------------------------------------
Client 14	 Size of data: 283	 Labels:  [1 2]
		 Samples of labels:  [(1, 12), (2, 271)]
--------------------------------------------------
Client 15	 Size of data: 943	 Labels:  [3 4]
		 Samples of labels:  [(3, 2), (4, 941)]
--------------------------------------------------
Client 16	 Size of data: 82	 Labels:  [0 1 4 6 8 9]
		 Samples of labels:  [(0, 1), (1, 17), (4, 3), (6, 8), (8, 52), (9, 1)]
--------------------------------------------------
Client 17	 Size of data: 346	 Labels:  [1 4 5 8]
		 Samples of labels:  [(1, 96), (4, 5), (5, 2), (8, 243)]
--------------------------------------------------
Client 18	 Size of data: 40	 Labels:  [0 3 6]
		 Samples of labels:  [(0, 29), (3, 4), (6, 7)]
--------------------------------------------------
Client 19	 Size of data: 362	 Labels:  [0 2 5 7]
		 Samples of labels:  [(0, 79), (2, 217), (5, 21), (7, 45)]
--------------------------------------------------
Client 20	 Size of data: 607	 Labels:  [6]
		 Samples of labels:  [(6, 607)]
--------------------------------------------------
Client 21	 Size of data: 967	 Labels:  [3 4]
		 Samples of labels:  [(3, 6), (4, 961)]
--------------------------------------------------
Client 22	 Size of data: 697	 Labels:  [1 2]
		 Samples of labels:  [(1, 348), (2, 349)]
--------------------------------------------------
Client 23	 Size of data: 558	 Labels:  [0 2 5 8 9]
		 Samples of labels:  [(0, 298), (2, 95), (5, 13), (8, 148), (9, 4)]
--------------------------------------------------
Client 24	 Size of data: 713	 Labels:  [0 1 3 5 6 7 9]
		 Samples of labels:  [(0, 2), (1, 2), (3, 10), (5, 12), (6, 25), (7, 134), (9, 528)]
--------------------------------------------------
Client 25	 Size of data: 141	 Labels:  [0 1 2 3 4 5]
		 Samples of labels:  [(0, 36), (1, 41), (2, 6), (3, 1), (4, 51), (5, 6)]
--------------------------------------------------
Client 26	 Size of data: 1135	 Labels:  [1 4 5 6]
		 Samples of labels:  [(1, 39), (4, 1), (5, 13), (6, 1082)]
--------------------------------------------------
Client 27	 Size of data: 777	 Labels:  [0 1]
		 Samples of labels:  [(0, 20), (1, 757)]
--------------------------------------------------
Client 28	 Size of data: 104	 Labels:  [0 2 3 4 5 8]
		 Samples of labels:  [(0, 8), (2, 1), (3, 50), (4, 31), (5, 12), (8, 2)]
--------------------------------------------------
Client 29	 Size of data: 1528	 Labels:  [1]
		 Samples of labels:  [(1, 1528)]
--------------------------------------------------
Client 30	 Size of data: 1097	 Labels:  [0 2 4 5]
		 Samples of labels:  [(0, 3), (2, 495), (4, 4), (5, 595)]
--------------------------------------------------
Client 31	 Size of data: 805	 Labels:  [0 1 2 8]
		 Samples of labels:  [(0, 1), (1, 3), (2, 4), (8, 797)]
--------------------------------------------------
Client 32	 Size of data: 789	 Labels:  [0 2 4 5 6 8]
		 Samples of labels:  [(0, 196), (2, 53), (4, 233), (5, 80), (6, 1), (8, 226)]
--------------------------------------------------
Client 33	 Size of data: 1053	 Labels:  [0 3]
		 Samples of labels:  [(0, 474), (3, 579)]
--------------------------------------------------
Client 34	 Size of data: 408	 Labels:  [1 2 3 6 7 8]
		 Samples of labels:  [(1, 1), (2, 66), (3, 308), (6, 19), (7, 5), (8, 9)]
--------------------------------------------------
Client 35	 Size of data: 700	 Labels:  [1 2 8]
		 Samples of labels:  [(1, 192), (2, 6), (8, 502)]
--------------------------------------------------
Client 36	 Size of data: 72	 Labels:  [0 1 2 6 7 9]
		 Samples of labels:  [(0, 2), (1, 14), (2, 1), (6, 2), (7, 42), (9, 11)]
--------------------------------------------------
Client 37	 Size of data: 319	 Labels:  [1 2 5 6 8 9]
		 Samples of labels:  [(1, 1), (2, 125), (5, 7), (6, 10), (8, 4), (9, 172)]
--------------------------------------------------
Client 38	 Size of data: 98	 Labels:  [2 8 9]
		 Samples of labels:  [(2, 1), (8, 93), (9, 4)]
--------------------------------------------------
Client 39	 Size of data: 637	 Labels:  [2]
		 Samples of labels:  [(2, 637)]
--------------------------------------------------
Client 40	 Size of data: 998	 Labels:  [3 5 7 9]
		 Samples of labels:  [(3, 32), (5, 1), (7, 7), (9, 958)]
--------------------------------------------------
Client 41	 Size of data: 397	 Labels:  [0 1 3 7 8 9]
		 Samples of labels:  [(0, 29), (1, 12), (3, 311), (7, 1), (8, 12), (9, 32)]
--------------------------------------------------
Client 42	 Size of data: 1279	 Labels:  [0 1 2]
		 Samples of labels:  [(0, 108), (1, 462), (2, 709)]
--------------------------------------------------
Client 43	 Size of data: 792	 Labels:  [0 1 4]
		 Samples of labels:  [(0, 329), (1, 3), (4, 460)]
--------------------------------------------------
Client 44	 Size of data: 293	 Labels:  [0 6 8 9]
		 Samples of labels:  [(0, 22), (6, 5), (8, 91), (9, 175)]
--------------------------------------------------
Client 45	 Size of data: 51	 Labels:  [2 4 5 8]
		 Samples of labels:  [(2, 37), (4, 6), (5, 2), (8, 6)]
--------------------------------------------------
Client 46	 Size of data: 315	 Labels:  [2 4 5 7]
		 Samples of labels:  [(2, 2), (4, 41), (5, 270), (7, 2)]
--------------------------------------------------
Client 47	 Size of data: 126	 Labels:  [0 1 2 3 4 8]
		 Samples of labels:  [(0, 7), (1, 38), (2, 11), (3, 1), (4, 2), (8, 67)]
--------------------------------------------------
Client 48	 Size of data: 643	 Labels:  [0 3 4 7 9]
		 Samples of labels:  [(0, 25), (3, 2), (4, 406), (7, 95), (9, 115)]
--------------------------------------------------
Client 49	 Size of data: 808	 Labels:  [1 3]
		 Samples of labels:  [(1, 114), (3, 694)]
--------------------------------------------------
Client 50	 Size of data: 481	 Labels:  [0 1 2 4 5 6 8]
		 Samples of labels:  [(0, 3), (1, 19), (2, 318), (4, 1), (5, 119), (6, 1), (8, 20)]
--------------------------------------------------
Client 51	 Size of data: 48	 Labels:  [3 4 9]
		 Samples of labels:  [(3, 2), (4, 2), (9, 44)]
--------------------------------------------------
Client 52	 Size of data: 95	 Labels:  [0 1 2 7]
		 Samples of labels:  [(0, 15), (1, 2), (2, 77), (7, 1)]
--------------------------------------------------
Client 53	 Size of data: 484	 Labels:  [1 3 4 7]
		 Samples of labels:  [(1, 113), (3, 7), (4, 24), (7, 340)]
--------------------------------------------------
Client 54	 Size of data: 946	 Labels:  [0 2 6 7]
		 Samples of labels:  [(0, 9), (2, 110), (6, 155), (7, 672)]
--------------------------------------------------
Client 55	 Size of data: 838	 Labels:  [0 1 2 4 7 8]
		 Samples of labels:  [(0, 38), (1, 3), (2, 2), (4, 1), (7, 2), (8, 792)]
--------------------------------------------------
Client 56	 Size of data: 470	 Labels:  [1 2 3 4 6 9]
		 Samples of labels:  [(1, 1), (2, 66), (3, 61), (4, 39), (6, 41), (9, 262)]
--------------------------------------------------
Client 57	 Size of data: 465	 Labels:  [0 1 3 4 5 6 9]
		 Samples of labels:  [(0, 3), (1, 99), (3, 213), (4, 59), (5, 9), (6, 80), (9, 2)]
--------------------------------------------------
Client 58	 Size of data: 109	 Labels:  [0 1 9]
		 Samples of labels:  [(0, 16), (1, 1), (9, 92)]
--------------------------------------------------
Client 59	 Size of data: 373	 Labels:  [0 1 3 5 6]
		 Samples of labels:  [(0, 106), (1, 141), (3, 2), (5, 56), (6, 68)]
--------------------------------------------------
Client 60	 Size of data: 1900	 Labels:  [0]
		 Samples of labels:  [(0, 1900)]
--------------------------------------------------
Client 61	 Size of data: 58	 Labels:  [0 4 5 7]
		 Samples of labels:  [(0, 9), (4, 5), (5, 8), (7, 36)]
--------------------------------------------------
Client 62	 Size of data: 297	 Labels:  [0 2 5 6 9]
		 Samples of labels:  [(0, 54), (2, 2), (5, 30), (6, 65), (9, 146)]
--------------------------------------------------
Client 63	 Size of data: 857	 Labels:  [2 3 4 5 6]
		 Samples of labels:  [(2, 5), (3, 419), (4, 79), (5, 6), (6, 348)]
--------------------------------------------------
Client 64	 Size of data: 508	 Labels:  [1 2 3 4 5 6 8 9]
		 Samples of labels:  [(1, 1), (2, 1), (3, 298), (4, 1), (5, 108), (6, 15), (8, 51), (9, 33)]
--------------------------------------------------
Client 65	 Size of data: 606	 Labels:  [5]
		 Samples of labels:  [(5, 606)]
--------------------------------------------------
Client 66	 Size of data: 776	 Labels:  [4 5 6 7 8 9]
		 Samples of labels:  [(4, 45), (5, 1), (6, 16), (7, 51), (8, 3), (9, 660)]
--------------------------------------------------
Client 67	 Size of data: 327	 Labels:  [1 2 5 7 8 9]
		 Samples of labels:  [(1, 27), (2, 13), (5, 53), (7, 189), (8, 44), (9, 1)]
--------------------------------------------------
Client 68	 Size of data: 915	 Labels:  [1 3 4 7 9]
		 Samples of labels:  [(1, 302), (3, 9), (4, 4), (7, 107), (9, 493)]
--------------------------------------------------
Client 69	 Size of data: 568	 Labels:  [0 1 2 3 5 7 9]
		 Samples of labels:  [(0, 2), (1, 15), (2, 71), (3, 14), (5, 1), (7, 463), (9, 2)]
--------------------------------------------------
Client 70	 Size of data: 308	 Labels:  [0 1 2 5 6 7 8]
		 Samples of labels:  [(0, 55), (1, 9), (2, 2), (5, 1), (6, 1), (7, 1), (8, 239)]
--------------------------------------------------
Client 71	 Size of data: 144	 Labels:  [4 5 8]
		 Samples of labels:  [(4, 124), (5, 4), (8, 16)]
--------------------------------------------------
Client 72	 Size of data: 643	 Labels:  [0 3 4 5 8]
		 Samples of labels:  [(0, 109), (3, 19), (4, 4), (5, 166), (8, 345)]
--------------------------------------------------
Client 73	 Size of data: 909	 Labels:  [1 2 3 4 5 6 7]
		 Samples of labels:  [(1, 5), (2, 1), (3, 1), (4, 1), (5, 328), (6, 203), (7, 370)]
--------------------------------------------------
Client 74	 Size of data: 655	 Labels:  [1 2 3 5 6]
		 Samples of labels:  [(1, 15), (2, 6), (3, 50), (5, 1), (6, 583)]
--------------------------------------------------
Client 75	 Size of data: 800	 Labels:  [0 1 3]
		 Samples of labels:  [(0, 128), (1, 346), (3, 326)]
--------------------------------------------------
Client 76	 Size of data: 666	 Labels:  [1 2 5 6 7]
		 Samples of labels:  [(1, 75), (2, 1), (5, 7), (6, 324), (7, 259)]
--------------------------------------------------
Client 77	 Size of data: 686	 Labels:  [0 2]
		 Samples of labels:  [(0, 336), (2, 350)]
--------------------------------------------------
Client 78	 Size of data: 390	 Labels:  [1 4 5 8]
		 Samples of labels:  [(1, 1), (4, 109), (5, 255), (8, 25)]
--------------------------------------------------
Client 79	 Size of data: 72	 Labels:  [1 2 5]
		 Samples of labels:  [(1, 3), (2, 59), (5, 10)]
--------------------------------------------------
Client 80	 Size of data: 320	 Labels:  [5 6 7 8]
		 Samples of labels:  [(5, 3), (6, 265), (7, 39), (8, 13)]
--------------------------------------------------
Client 81	 Size of data: 66	 Labels:  [0 1 7 9]
		 Samples of labels:  [(0, 1), (1, 1), (7, 63), (9, 1)]
--------------------------------------------------
Client 82	 Size of data: 652	 Labels:  [3 5 7]
		 Samples of labels:  [(3, 59), (5, 67), (7, 526)]
--------------------------------------------------
Client 83	 Size of data: 2033	 Labels:  [1 3 4 7 8]
		 Samples of labels:  [(1, 4), (3, 18), (4, 75), (7, 365), (8, 1571)]
--------------------------------------------------
Client 84	 Size of data: 1015	 Labels:  [2 3 5 6]
		 Samples of labels:  [(2, 289), (3, 29), (5, 2), (6, 695)]
--------------------------------------------------
Client 85	 Size of data: 887	 Labels:  [5 6]
		 Samples of labels:  [(5, 364), (6, 523)]
--------------------------------------------------
Client 86	 Size of data: 159	 Labels:  [2 4 5 6]
		 Samples of labels:  [(2, 10), (4, 73), (5, 70), (6, 6)]
--------------------------------------------------
Client 87	 Size of data: 600	 Labels:  [2 3 5 8 9]
		 Samples of labels:  [(2, 1), (3, 471), (5, 33), (8, 92), (9, 3)]
--------------------------------------------------
Client 88	 Size of data: 306	 Labels:  [1 3 4 6 7 9]
		 Samples of labels:  [(1, 5), (3, 61), (4, 46), (6, 166), (7, 1), (9, 27)]
--------------------------------------------------
Client 89	 Size of data: 617	 Labels:  [0 1 4 5 6 7 8]
		 Samples of labels:  [(0, 1), (1, 2), (4, 353), (5, 146), (6, 24), (7, 47), (8, 44)]
--------------------------------------------------
Client 90	 Size of data: 617	 Labels:  [1 2 3 4 5 9]
		 Samples of labels:  [(1, 1), (2, 86), (3, 242), (4, 65), (5, 182), (9, 41)]
--------------------------------------------------
Client 91	 Size of data: 730	 Labels:  [3 7 9]
		 Samples of labels:  [(3, 83), (7, 57), (9, 590)]
--------------------------------------------------
Client 92	 Size of data: 382	 Labels:  [1 3 8]
		 Samples of labels:  [(1, 282), (3, 37), (8, 63)]
--------------------------------------------------
Client 93	 Size of data: 870	 Labels:  [0 1 4]
		 Samples of labels:  [(0, 73), (1, 32), (4, 765)]
--------------------------------------------------
Client 94	 Size of data: 1172	 Labels:  [1 2 3 4 5]
		 Samples of labels:  [(1, 138), (2, 4), (3, 3), (4, 1), (5, 1026)]
--------------------------------------------------
Client 95	 Size of data: 151	 Labels:  [0 1 3 4 5 6]
		 Samples of labels:  [(0, 23), (1, 97), (3, 1), (4, 3), (5, 22), (6, 5)]
--------------------------------------------------
Client 96	 Size of data: 858	 Labels:  [0 1 3 4 6 7 9]
		 Samples of labels:  [(0, 7), (1, 2), (3, 127), (4, 50), (6, 3), (7, 11), (9, 658)]
--------------------------------------------------
Client 97	 Size of data: 678	 Labels:  [2 3 5 6 9]
		 Samples of labels:  [(2, 550), (3, 2), (5, 2), (6, 1), (9, 123)]
--------------------------------------------------
Client 98	 Size of data: 262	 Labels:  [4 5 6 7 8 9]
		 Samples of labels:  [(4, 8), (5, 159), (6, 23), (7, 35), (8, 1), (9, 36)]
--------------------------------------------------
Client 99	 Size of data: 578	 Labels:  [0 1 2 3 4 5 6 7 8 9]
		 Samples of labels:  [(0, 98), (1, 1), (2, 1), (3, 34), (4, 246), (5, 138), (6, 1), (7, 12), (8, 1), (9, 46)]
--------------------------------------------------
Total number of samples: 60000
The number of train samples: [533, 294, 417, 647, 312, 471, 782, 591, 576, 525, 845, 539, 492, 237, 212, 707, 61, 259, 30, 271, 455, 725, 522, 418, 534, 105, 851, 582, 78, 1146, 822, 603, 591, 789, 306, 525, 54, 239, 73, 477, 748, 297, 959, 594, 219, 38, 236, 94, 482, 606, 360, 36, 71, 363, 709, 628, 352, 348, 81, 279, 1425, 43, 222, 642, 381, 454, 582, 245, 686, 426, 231, 108, 482, 681, 491, 600, 499, 514, 292, 54, 240, 49, 489, 1524, 761, 665, 119, 450, 229, 462, 462, 547, 286, 652, 879, 113, 643, 508, 196, 433]
The number of test samples: [178, 99, 140, 216, 105, 158, 261, 197, 193, 176, 282, 180, 164, 80, 71, 236, 21, 87, 10, 91, 152, 242, 175, 140, 179, 36, 284, 195, 26, 382, 275, 202, 198, 264, 102, 175, 18, 80, 25, 160, 250, 100, 320, 198, 74, 13, 79, 32, 161, 202, 121, 12, 24, 121, 237, 210, 118, 117, 28, 94, 475, 15, 75, 215, 127, 152, 194, 82, 229, 142, 77, 36, 161, 228, 164, 200, 167, 172, 98, 18, 80, 17, 163, 509, 254, 222, 40, 150, 77, 155, 155, 183, 96, 218, 293, 38, 215, 170, 66, 145]

Cifar10 train 0 533
Cifar10 train 1 294
Cifar10 train 2 417
Cifar10 train 3 647
Cifar10 train 4 312
Cifar10 train 5 471
Cifar10 train 6 782
Cifar10 train 7 591
Cifar10 train 8 576
Cifar10 train 9 525
Cifar10 train 10 845
Cifar10 train 11 539
Cifar10 train 12 492
Cifar10 train 13 237
Cifar10 train 14 212
Cifar10 train 15 707
Cifar10 train 16 61
Cifar10 train 17 259
Cifar10 train 18 30
Cifar10 train 19 271
Cifar10 train 20 455
Cifar10 train 21 725
Cifar10 train 22 522
Cifar10 train 23 418
Cifar10 train 24 534
Cifar10 train 25 105
Cifar10 train 26 851
Cifar10 train 27 582
Cifar10 train 28 78
Cifar10 train 29 1146
Cifar10 train 30 822
Cifar10 train 31 603
Cifar10 train 32 591
Cifar10 train 33 789
Cifar10 train 34 306
Cifar10 train 35 525
Cifar10 train 36 54
Cifar10 train 37 239
Cifar10 train 38 73
Cifar10 train 39 477
Cifar10 train 40 748
Cifar10 train 41 297
Cifar10 train 42 959
Cifar10 train 43 594
Cifar10 train 44 219
Cifar10 train 45 38
Cifar10 train 46 236
Cifar10 train 47 94
Cifar10 train 48 482
Cifar10 train 49 606
Cifar10 train 50 360
Cifar10 train 51 36
Cifar10 train 52 71
Cifar10 train 53 363
Cifar10 train 54 709
Cifar10 train 55 628
Cifar10 train 56 352
Cifar10 train 57 348
Cifar10 train 58 81
Cifar10 train 59 279
Cifar10 train 60 1425
Cifar10 train 61 43
Cifar10 train 62 222
Cifar10 train 63 642
Cifar10 train 64 381
Cifar10 train 65 454
Cifar10 train 66 582
Cifar10 train 67 245
Cifar10 train 68 686
Cifar10 train 69 426
Cifar10 train 70 231
Cifar10 train 71 108
Cifar10 train 72 482
Cifar10 train 73 681
Cifar10 train 74 491
Cifar10 train 75 600
Cifar10 train 76 499
Cifar10 train 77 514
Cifar10 train 78 292
Cifar10 train 79 54
Cifar10 train 80 240
Cifar10 train 81 49
Cifar10 train 82 489
Cifar10 train 83 1524
Cifar10 train 84 761
Cifar10 train 85 665
Cifar10 train 86 119
Cifar10 train 87 450
Cifar10 train 88 229
Cifar10 train 89 462
Cifar10 train 90 462
Cifar10 train 91 547
Cifar10 train 92 286
Cifar10 train 93 652
Cifar10 train 94 879
Cifar10 train 95 113
Cifar10 train 96 643
Cifar10 train 97 508
Cifar10 train 98 196
Cifar10 train 99 433
Cifar10 test 0 178
Cifar10 test 1 99
Cifar10 test 2 140
Cifar10 test 3 216
Cifar10 test 4 105
Cifar10 test 5 158
Cifar10 test 6 261
Cifar10 test 7 197
Cifar10 test 8 193
Cifar10 test 9 176
Cifar10 test 10 282
Cifar10 test 11 180
Cifar10 test 12 164
Cifar10 test 13 80
Cifar10 test 14 71
Cifar10 test 15 236
Cifar10 test 16 21
Cifar10 test 17 87
Cifar10 test 18 10
Cifar10 test 19 91
Cifar10 test 20 152
Cifar10 test 21 242
Cifar10 test 22 175
Cifar10 test 23 140
Cifar10 test 24 179
Cifar10 test 25 36
Cifar10 test 26 284
Cifar10 test 27 195
Cifar10 test 28 26
Cifar10 test 29 382
Cifar10 test 30 275
Cifar10 test 31 202
Cifar10 test 32 198
Cifar10 test 33 264
Cifar10 test 34 102
Cifar10 test 35 175
Cifar10 test 36 18
Cifar10 test 37 80
Cifar10 test 38 25
Cifar10 test 39 160
Cifar10 test 40 250
Cifar10 test 41 100
Cifar10 test 42 320
Cifar10 test 43 198
Cifar10 test 44 74
Cifar10 test 45 13
Cifar10 test 46 79
Cifar10 test 47 32
Cifar10 test 48 161
Cifar10 test 49 202
Cifar10 test 50 121
Cifar10 test 51 12
Cifar10 test 52 24
Cifar10 test 53 121
Cifar10 test 54 237
Cifar10 test 55 210
Cifar10 test 56 118
Cifar10 test 57 117
Cifar10 test 58 28
Cifar10 test 59 94
Cifar10 test 60 475
Cifar10 test 61 15
Cifar10 test 62 75
Cifar10 test 63 215
Cifar10 test 64 127
Cifar10 test 65 152
Cifar10 test 66 194
Cifar10 test 67 82
Cifar10 test 68 229
Cifar10 test 69 142
Cifar10 test 70 77
Cifar10 test 71 36
Cifar10 test 72 161
Cifar10 test 73 228
Cifar10 test 74 164
Cifar10 test 75 200
Cifar10 test 76 167
Cifar10 test 77 172
Cifar10 test 78 98
Cifar10 test 79 18
Cifar10 test 80 80
Cifar10 test 81 17
Cifar10 test 82 163
Cifar10 test 83 509
Cifar10 test 84 254
Cifar10 test 85 222
Cifar10 test 86 40
Cifar10 test 87 150
Cifar10 test 88 77
Cifar10 test 89 155
Cifar10 test 90 155
Cifar10 test 91 183
Cifar10 test 92 96
Cifar10 test 93 218
Cifar10 test 94 293
Cifar10 test 95 38
Cifar10 test 96 215
Cifar10 test 97 170
Cifar10 test 98 66
Cifar10 test 99 145
Using downloaded and verified file: /media/wenchang/F/wjq/TTFL/raw/cifar-100-python.tar.gz
Extracting /media/wenchang/F/wjq/TTFL/raw/cifar-100-python.tar.gz to /media/wenchang/F/wjq/TTFL/raw
Files already downloaded and verified
Client 0	 Size of data: 607	 Labels:  [ 4  5  6  7 11 14 22 28 32 33 34 36 37 50 51 66 67 72 75 76 83 85 91 92]
		 Samples of labels:  [(4, 28), (5, 59), (6, 2), (7, 8), (11, 3), (14, 2), (22, 1), (28, 49), (32, 4), (33, 49), (34, 4), (36, 1), (37, 2), (50, 3), (51, 194), (66, 17), (67, 3), (72, 5), (75, 4), (76, 59), (83, 30), (85, 14), (91, 1), (92, 65)]
--------------------------------------------------
Client 1	 Size of data: 620	 Labels:  [ 0  1  6  7  8  9 10 12 14 17 20 21 22 25 28 30 32 34 38 39 43 49 57 58
 59 62 63 65 71 72 74 75 76]
		 Samples of labels:  [(0, 4), (1, 9), (6, 4), (7, 62), (8, 7), (9, 1), (10, 1), (12, 3), (14, 14), (17, 3), (20, 10), (21, 1), (22, 1), (25, 15), (28, 2), (30, 182), (32, 73), (34, 7), (38, 32), (39, 9), (43, 2), (49, 72), (57, 4), (58, 9), (59, 9), (62, 1), (63, 2), (65, 1), (71, 13), (72, 1), (74, 2), (75, 6), (76, 58)]
--------------------------------------------------
Client 2	 Size of data: 658	 Labels:  [ 1  2  5 12 14 17 20 23 26 31 33 37 38 39 40 41 44 46 52 58 59 65 68 77
 78 79]
		 Samples of labels:  [(1, 3), (2, 6), (5, 1), (12, 22), (14, 18), (17, 5), (20, 1), (23, 5), (26, 39), (31, 2), (33, 10), (37, 13), (38, 12), (39, 1), (40, 1), (41, 51), (44, 51), (46, 84), (52, 45), (58, 6), (59, 14), (65, 3), (68, 1), (77, 3), (78, 2), (79, 259)]
--------------------------------------------------
Client 3	 Size of data: 600	 Labels:  [ 0  1  5  6  7  8 10 14 19 24 26 31 32 37 39 41 43 44 48 54 59]
		 Samples of labels:  [(0, 9), (1, 29), (5, 14), (6, 56), (7, 2), (8, 15), (10, 14), (14, 1), (19, 10), (24, 6), (26, 2), (31, 1), (32, 1), (37, 376), (39, 5), (41, 30), (43, 1), (44, 12), (48, 8), (54, 1), (59, 7)]
--------------------------------------------------
Client 4	 Size of data: 360	 Labels:  [ 2  3  4  6 22 27 28 33 39 44 47 50 52 53 54 67 76 78 81 83 84 91 92 99]
		 Samples of labels:  [(2, 12), (3, 4), (4, 33), (6, 1), (22, 3), (27, 13), (28, 4), (33, 5), (39, 3), (44, 6), (47, 6), (50, 11), (52, 3), (53, 86), (54, 3), (67, 7), (76, 44), (78, 5), (81, 44), (83, 4), (84, 1), (91, 5), (92, 3), (99, 54)]
--------------------------------------------------
Client 5	 Size of data: 619	 Labels:  [ 0  1  3  4  5  6  9 12 13 15 16 20 25 28 29 32 38 40 41 42 46 47 50 51
 55 58 59 60 61 63 65 71 76 83 85]
		 Samples of labels:  [(0, 2), (1, 1), (3, 4), (4, 2), (5, 4), (6, 5), (9, 34), (12, 1), (13, 15), (15, 1), (16, 1), (20, 4), (25, 1), (28, 109), (29, 1), (32, 1), (38, 89), (40, 9), (41, 41), (42, 1), (46, 1), (47, 33), (50, 1), (51, 74), (55, 11), (58, 16), (59, 4), (60, 59), (61, 7), (63, 2), (65, 5), (71, 5), (76, 8), (83, 34), (85, 33)]
--------------------------------------------------
Client 6	 Size of data: 557	 Labels:  [ 2  8  9 11 13 18 20 22 24 25 30 36 37 42 45 47 49 53 55 57 60 62 65 68
 69 72 74 75 76 82 84 87 89 90 92 93 98 99]
		 Samples of labels:  [(2, 1), (8, 1), (9, 2), (11, 1), (13, 7), (18, 6), (20, 6), (22, 3), (24, 7), (25, 3), (30, 1), (36, 28), (37, 1), (42, 25), (45, 155), (47, 1), (49, 27), (53, 11), (55, 1), (57, 1), (60, 4), (62, 5), (65, 15), (68, 4), (69, 20), (72, 5), (74, 1), (75, 10), (76, 5), (82, 2), (84, 3), (87, 2), (89, 58), (90, 123), (92, 8), (93, 1), (98, 2), (99, 1)]
--------------------------------------------------
Client 7	 Size of data: 600	 Labels:  [ 0  3  6  8 11 12 14 16 20 25 26 28 31 36 38 39 40 42 47 52 57 61 65 70
 72 73 76 83 85 89 91 92 95 97]
		 Samples of labels:  [(0, 43), (3, 36), (6, 6), (8, 2), (11, 7), (12, 4), (14, 8), (16, 18), (20, 1), (25, 1), (26, 1), (28, 2), (31, 19), (36, 18), (38, 2), (39, 10), (40, 1), (42, 47), (47, 2), (52, 76), (57, 5), (61, 29), (65, 1), (70, 67), (72, 44), (73, 41), (76, 5), (83, 5), (85, 33), (89, 22), (91, 28), (92, 1), (95, 10), (97, 5)]
--------------------------------------------------
Client 8	 Size of data: 634	 Labels:  [ 1  2  4  5  8 13 15 22 23 25 28 29 32 33 34 35 36 40 46 48 49 50 53 56
 60 61 62 67 73 74 75 77 80 83 84 86 87 89 92 93 95 97]
		 Samples of labels:  [(1, 3), (2, 1), (4, 5), (5, 7), (8, 10), (13, 2), (15, 72), (22, 3), (23, 1), (25, 1), (28, 1), (29, 1), (32, 3), (33, 16), (34, 14), (35, 55), (36, 1), (40, 8), (46, 1), (48, 2), (49, 7), (50, 24), (53, 14), (56, 1), (60, 1), (61, 10), (62, 1), (67, 32), (73, 64), (74, 12), (75, 35), (77, 3), (80, 3), (83, 9), (84, 1), (86, 1), (87, 1), (89, 1), (92, 27), (93, 13), (95, 107), (97, 60)]
--------------------------------------------------
Client 9	 Size of data: 700	 Labels:  [ 1  3  8  9 13 14 15 16 18 19 20 21 26 30 31 41 43 44 45 46 51 52 55 56
 58 61 64 65 70]
		 Samples of labels:  [(1, 66), (3, 28), (8, 14), (9, 32), (13, 2), (14, 6), (15, 1), (16, 13), (18, 3), (19, 3), (20, 2), (21, 8), (26, 54), (30, 1), (31, 1), (41, 1), (43, 8), (44, 3), (45, 6), (46, 9), (51, 2), (52, 8), (55, 101), (56, 1), (58, 3), (61, 7), (64, 7), (65, 46), (70, 264)]
--------------------------------------------------
Client 10	 Size of data: 462	 Labels:  [ 2  6  7  8 11 12 15 17 18 25 26 27 30 37 38 39 42 43 48 49 50 60 64 65
 68 69 75 77 79 81 82 86 92 93 94 97 98 99]
		 Samples of labels:  [(2, 4), (6, 21), (7, 3), (8, 39), (11, 28), (12, 1), (15, 64), (17, 3), (18, 11), (25, 1), (26, 1), (27, 2), (30, 16), (37, 2), (38, 5), (39, 3), (42, 14), (43, 52), (48, 47), (49, 1), (50, 2), (60, 10), (64, 17), (65, 1), (68, 1), (69, 1), (75, 6), (77, 10), (79, 5), (81, 2), (82, 25), (86, 1), (92, 3), (93, 1), (94, 21), (97, 2), (98, 19), (99, 17)]
--------------------------------------------------
Client 11	 Size of data: 676	 Labels:  [ 0  4  5  6 12 13 15 18 19 20 22 26 27 32 33 35 36 45 48 49 50 52 59 60
 61 63 65 66 70 72 74 75 76 77 78 80 85 89 91 92 96 97]
		 Samples of labels:  [(0, 1), (4, 1), (5, 1), (6, 7), (12, 29), (13, 22), (15, 1), (18, 1), (19, 35), (20, 1), (22, 22), (26, 5), (27, 70), (32, 2), (33, 5), (35, 15), (36, 1), (45, 4), (48, 4), (49, 6), (50, 2), (52, 8), (59, 54), (60, 1), (61, 1), (63, 6), (65, 2), (66, 1), (70, 1), (72, 23), (74, 3), (75, 3), (76, 48), (77, 1), (78, 48), (80, 2), (85, 1), (89, 1), (91, 1), (92, 12), (96, 4), (97, 220)]
--------------------------------------------------
Client 12	 Size of data: 827	 Labels:  [ 5  8 11 14 18 20 21 22 24 28 31 32 33 36 39 40 43 47 53 54 55 60 61 67
 71 73 77 80 81 82 88 90 92]
		 Samples of labels:  [(5, 2), (8, 22), (11, 5), (14, 3), (18, 1), (20, 3), (21, 2), (22, 3), (24, 1), (28, 3), (31, 106), (32, 3), (33, 31), (36, 64), (39, 33), (40, 15), (43, 6), (47, 74), (53, 17), (54, 4), (55, 6), (60, 44), (61, 7), (67, 3), (71, 21), (73, 1), (77, 11), (80, 1), (81, 3), (82, 32), (88, 17), (90, 9), (92, 274)]
--------------------------------------------------
Client 13	 Size of data: 592	 Labels:  [ 0  2  3  4  5  6  7 12 13 15 18 23 28 31 35 36 38 39 42 43 46 50 53 56
 59 62 63 64 65 68 71 73 75 76 78 80 83 85 86 87 88 94 95 96 99]
		 Samples of labels:  [(0, 12), (2, 1), (3, 12), (4, 15), (5, 9), (6, 9), (7, 1), (12, 6), (13, 2), (15, 39), (18, 1), (23, 15), (28, 5), (31, 28), (35, 3), (36, 16), (38, 11), (39, 57), (42, 30), (43, 12), (46, 7), (50, 3), (53, 32), (56, 1), (59, 1), (62, 10), (63, 10), (64, 12), (65, 1), (68, 1), (71, 1), (73, 1), (75, 1), (76, 4), (78, 1), (80, 128), (83, 2), (85, 1), (86, 1), (87, 40), (88, 19), (94, 13), (95, 1), (96, 5), (99, 12)]
--------------------------------------------------
Client 14	 Size of data: 382	 Labels:  [ 1  3  8  9 13 15 16 18 22 24 29 32 35 36 38 39 42 46 48 59 61 64 68 73
 77 79 81 83 84 91 92 93 98]
		 Samples of labels:  [(1, 1), (3, 9), (8, 2), (9, 21), (13, 1), (15, 1), (16, 40), (18, 2), (22, 11), (24, 4), (29, 15), (32, 1), (35, 7), (36, 2), (38, 5), (39, 2), (42, 1), (46, 2), (48, 1), (59, 17), (61, 4), (64, 25), (68, 28), (73, 15), (77, 6), (79, 18), (81, 2), (83, 4), (84, 63), (91, 1), (92, 15), (93, 1), (98, 55)]
--------------------------------------------------
Client 15	 Size of data: 604	 Labels:  [ 3  4  7  8 10 12 13 15 19 21 23 26 29 32 39 44 45 46 49 50 51 52 54 56
 59 60 69 70 73 76 77 80 83 85]
		 Samples of labels:  [(3, 1), (4, 1), (7, 1), (8, 1), (10, 1), (12, 2), (13, 12), (15, 4), (19, 22), (21, 2), (23, 34), (26, 24), (29, 3), (32, 1), (39, 35), (44, 2), (45, 1), (46, 117), (49, 3), (50, 34), (51, 1), (52, 6), (54, 70), (56, 6), (59, 71), (60, 7), (69, 32), (70, 6), (73, 40), (76, 1), (77, 1), (80, 41), (83, 3), (85, 18)]
--------------------------------------------------
Client 16	 Size of data: 630	 Labels:  [ 0  1  7  8  9 11 13 15 20 21 25 26 28 30 35 36 38 39 41 42 43 45 48 51
 52 53 59 60 63 65 66 69 70 73 75]
		 Samples of labels:  [(0, 1), (1, 36), (7, 10), (8, 9), (9, 2), (11, 55), (13, 7), (15, 4), (20, 12), (21, 17), (25, 66), (26, 42), (28, 3), (30, 1), (35, 1), (36, 11), (38, 10), (39, 18), (41, 19), (42, 1), (43, 30), (45, 15), (48, 25), (51, 2), (52, 1), (53, 1), (59, 10), (60, 5), (63, 1), (65, 51), (66, 1), (69, 22), (70, 2), (73, 3), (75, 136)]
--------------------------------------------------
Client 17	 Size of data: 522	 Labels:  [ 2  3  6 10 16 19 20 21 33 34 36 37 38 40 42 43 44 45 48 49 55 56 57 58
 59 60 62 66 67 69 74 77 79 81 85 86 87 89 90 91 93 95 98]
		 Samples of labels:  [(2, 25), (3, 1), (6, 16), (10, 1), (16, 1), (19, 1), (20, 38), (21, 9), (33, 57), (34, 3), (36, 4), (37, 11), (38, 18), (40, 1), (42, 1), (43, 3), (44, 1), (45, 1), (48, 3), (49, 6), (55, 3), (56, 16), (57, 6), (58, 5), (59, 1), (60, 16), (62, 3), (66, 6), (67, 1), (69, 7), (74, 4), (77, 8), (79, 41), (81, 8), (85, 1), (86, 2), (87, 51), (89, 8), (90, 9), (91, 29), (93, 33), (95, 16), (98, 47)]
--------------------------------------------------
Client 18	 Size of data: 414	 Labels:  [ 2  3  5  6  7 12 16 18 24 25 29 37 39 41 45 47 49 54 55 56 57 65 66 68
 72 73 75 80 81 85 86 87 93 98]
		 Samples of labels:  [(2, 1), (3, 4), (5, 12), (6, 3), (7, 2), (12, 19), (16, 15), (18, 33), (24, 2), (25, 5), (29, 83), (37, 1), (39, 68), (41, 3), (45, 9), (47, 1), (49, 5), (54, 2), (55, 3), (56, 5), (57, 3), (65, 9), (66, 14), (68, 3), (72, 8), (73, 8), (75, 10), (80, 1), (81, 4), (85, 22), (86, 41), (87, 1), (93, 13), (98, 1)]
--------------------------------------------------
Client 19	 Size of data: 633	 Labels:  [ 2  4  7 10 12 15 17 21 22 26 27 30 31 34 35 38 42 47 51 56 58 62 63 67
 68 70 72 73 76 77 79 81 84]
		 Samples of labels:  [(2, 1), (4, 3), (7, 2), (10, 7), (12, 45), (15, 4), (17, 2), (21, 46), (22, 10), (26, 7), (27, 5), (30, 1), (31, 1), (34, 1), (35, 2), (38, 1), (42, 114), (47, 8), (51, 4), (56, 21), (58, 71), (62, 30), (63, 61), (67, 12), (68, 94), (70, 1), (72, 1), (73, 4), (76, 5), (77, 1), (79, 12), (81, 2), (84, 54)]
--------------------------------------------------
Client 20	 Size of data: 667	 Labels:  [ 0  2  7 10 11 15 23 25 27 30 35 36 37 39 40 41 42 45 46 48 49 51 58 59
 61 62 69 74 77]
		 Samples of labels:  [(0, 36), (2, 10), (7, 45), (10, 156), (11, 2), (15, 6), (23, 2), (25, 1), (27, 26), (30, 2), (35, 16), (36, 1), (37, 1), (39, 32), (40, 9), (41, 18), (42, 5), (45, 1), (46, 1), (48, 28), (49, 4), (51, 25), (58, 2), (59, 9), (61, 1), (62, 41), (69, 39), (74, 6), (77, 142)]
--------------------------------------------------
Client 21	 Size of data: 507	 Labels:  [ 0  2  3  6  7  9 11 12 16 17 18 19 21 22 25 28 30 36 38 44 45 47 48 49
 51 54 56 57 59 66 71 74 80 82 87 89 91 96 99]
		 Samples of labels:  [(0, 5), (2, 6), (3, 6), (6, 2), (7, 6), (9, 4), (11, 29), (12, 5), (16, 1), (17, 2), (18, 1), (19, 5), (21, 2), (22, 1), (25, 1), (28, 37), (30, 3), (36, 7), (38, 17), (44, 40), (45, 1), (47, 31), (48, 1), (49, 6), (51, 2), (54, 38), (56, 16), (57, 3), (59, 1), (66, 6), (71, 10), (74, 9), (80, 2), (82, 4), (87, 19), (89, 5), (91, 1), (96, 59), (99, 113)]
--------------------------------------------------
Client 22	 Size of data: 606	 Labels:  [ 0  9 11 12 14 15 16 17 20 21 22 24 27 29 30 36 39 40 41 48 50 51 54 55
 58 59 61 62 63 64 66 68 70 73]
		 Samples of labels:  [(0, 1), (9, 6), (11, 1), (12, 12), (14, 15), (15, 1), (16, 9), (17, 47), (20, 8), (21, 1), (22, 2), (24, 33), (27, 16), (29, 71), (30, 2), (36, 17), (39, 3), (40, 57), (41, 2), (48, 4), (50, 1), (51, 7), (54, 53), (55, 1), (58, 4), (59, 1), (61, 74), (62, 8), (63, 3), (64, 47), (66, 28), (68, 14), (70, 4), (73, 53)]
--------------------------------------------------
Client 23	 Size of data: 701	 Labels:  [ 5  7  8 12 14 15 20 21 26 27 33 35 36 38 43 45 46 47 48 50 51 57 58 61
 66 67 68 71 73 75 78 81 84]
		 Samples of labels:  [(5, 15), (7, 5), (8, 1), (12, 1), (14, 12), (15, 3), (20, 10), (21, 50), (26, 1), (27, 42), (33, 45), (35, 36), (36, 43), (38, 4), (43, 1), (45, 1), (46, 5), (47, 2), (48, 12), (50, 1), (51, 30), (57, 10), (58, 1), (61, 9), (66, 76), (67, 15), (68, 34), (71, 1), (73, 30), (75, 27), (78, 36), (81, 7), (84, 135)]
--------------------------------------------------
Client 24	 Size of data: 562	 Labels:  [ 2  4  5  8 10 11 13 14 15 17 18 20 22 23 24 26 30 33 38 42 43 50 52 53
 56 57 58 60 62 63 64 69 71 75 79 80 83 91 93 94 95]
		 Samples of labels:  [(2, 1), (4, 3), (5, 2), (8, 5), (10, 3), (11, 2), (13, 11), (14, 33), (15, 2), (17, 69), (18, 20), (20, 62), (22, 2), (23, 22), (24, 54), (26, 23), (30, 7), (33, 6), (38, 18), (42, 1), (43, 9), (50, 7), (52, 8), (53, 55), (56, 1), (57, 16), (58, 6), (60, 6), (62, 1), (63, 5), (64, 3), (69, 4), (71, 3), (75, 59), (79, 1), (80, 1), (83, 1), (91, 4), (93, 1), (94, 7), (95, 18)]
--------------------------------------------------
Client 25	 Size of data: 463	 Labels:  [ 3  8  9 16 17 29 30 31 34 36 39 40 41 44 49 51 58 59 60 61 62 63 64 65
 68 71 72 73 77 87 88 91 96 97 98 99]
		 Samples of labels:  [(3, 42), (8, 80), (9, 1), (16, 44), (17, 10), (29, 1), (30, 4), (31, 16), (34, 3), (36, 2), (39, 10), (40, 2), (41, 6), (44, 27), (49, 25), (51, 2), (58, 1), (59, 15), (60, 17), (61, 1), (62, 4), (63, 6), (64, 4), (65, 1), (68, 25), (71, 7), (72, 1), (73, 10), (77, 1), (87, 1), (88, 3), (91, 19), (96, 3), (97, 4), (98, 59), (99, 6)]
--------------------------------------------------
Client 26	 Size of data: 603	 Labels:  [ 0  1  3  5  7  9 11 12 15 17 20 21 23 24 28 30 31 33 43 44 48 49 50 53
 54 55 56 57 59 60 61 64 65 66 68 69]
		 Samples of labels:  [(0, 8), (1, 1), (3, 9), (5, 7), (7, 30), (9, 42), (11, 4), (12, 1), (15, 10), (17, 30), (20, 101), (21, 1), (23, 39), (24, 2), (28, 34), (30, 1), (31, 2), (33, 12), (43, 1), (44, 5), (48, 159), (49, 7), (50, 1), (53, 1), (54, 28), (55, 3), (56, 3), (57, 3), (59, 4), (60, 5), (61, 11), (64, 3), (65, 7), (66, 2), (68, 13), (69, 13)]
--------------------------------------------------
Client 27	 Size of data: 671	 Labels:  [ 3  4  6  8  9 14 15 16 19 20 21 24 25 26 29 31 32 33 34 35 36 38 39 41
 47 50 51 52 55 57 58 65 67 70 74 75 77 78 80 81]
		 Samples of labels:  [(3, 2), (4, 7), (6, 1), (8, 18), (9, 48), (14, 1), (15, 142), (16, 1), (19, 65), (20, 3), (21, 3), (24, 1), (25, 5), (26, 1), (29, 44), (31, 12), (32, 1), (33, 4), (34, 33), (35, 7), (36, 21), (38, 13), (39, 1), (41, 9), (47, 10), (50, 9), (51, 8), (52, 21), (55, 1), (57, 24), (58, 1), (65, 23), (67, 1), (70, 4), (74, 1), (75, 1), (77, 2), (78, 43), (80, 1), (81, 78)]
--------------------------------------------------
Client 28	 Size of data: 649	 Labels:  [ 0  1  3  7  8  9 11 14 15 18 19 23 26 27 34 36 37 41 45 50 51 52 54 57
 58 59 63 65 67 73 78 79 81 82 83 84 85 91 92 93]
		 Samples of labels:  [(0, 6), (1, 1), (3, 4), (7, 3), (8, 1), (9, 14), (11, 26), (14, 32), (15, 2), (18, 2), (19, 8), (23, 1), (26, 12), (27, 3), (34, 17), (36, 19), (37, 1), (41, 16), (45, 2), (50, 1), (51, 1), (52, 5), (54, 4), (57, 2), (58, 8), (59, 18), (63, 9), (65, 6), (67, 3), (73, 7), (78, 35), (79, 3), (81, 2), (82, 176), (83, 12), (84, 3), (85, 1), (91, 53), (92, 14), (93, 116)]
--------------------------------------------------
Client 29	 Size of data: 604	 Labels:  [ 0  1  5  7  9 12 15 21 24 25 26 27 29 32 33 35 45 51 53 57 58 59 67]
		 Samples of labels:  [(0, 6), (1, 16), (5, 96), (7, 1), (9, 1), (12, 30), (15, 2), (21, 2), (24, 26), (25, 47), (26, 113), (27, 21), (29, 22), (32, 6), (33, 17), (35, 2), (45, 3), (51, 9), (53, 5), (57, 9), (58, 57), (59, 1), (67, 112)]
--------------------------------------------------
Client 30	 Size of data: 602	 Labels:  [ 0  3  5  6  7  8 19 26 27 28 30 32 33 34 35 36 40 44 47 48 49 61 63 64
 65 71 78 79 81 83 85 86 88 92 93]
		 Samples of labels:  [(0, 68), (3, 2), (5, 1), (6, 2), (7, 1), (8, 24), (19, 1), (26, 23), (27, 14), (28, 1), (30, 28), (32, 10), (33, 5), (34, 1), (35, 1), (36, 1), (40, 3), (44, 17), (47, 1), (48, 108), (49, 5), (61, 17), (63, 17), (64, 61), (65, 41), (71, 1), (78, 76), (79, 3), (81, 1), (83, 10), (85, 3), (86, 3), (88, 7), (92, 25), (93, 20)]
--------------------------------------------------
Client 31	 Size of data: 631	 Labels:  [ 3  5 10 12 14 15 17 18 21 23 25 26 28 37 38 40 41 42 45 46 49 50 51 58
 59 62 64 65 66 67 71 77 78 79 80 83 86 88 89 90]
		 Samples of labels:  [(3, 2), (5, 12), (10, 12), (12, 3), (14, 1), (15, 2), (17, 18), (18, 8), (21, 2), (23, 5), (25, 1), (26, 1), (28, 17), (37, 17), (38, 2), (40, 40), (41, 39), (42, 85), (45, 18), (46, 21), (49, 8), (50, 4), (51, 17), (58, 12), (59, 28), (62, 3), (64, 2), (65, 1), (66, 1), (67, 1), (71, 1), (77, 12), (78, 7), (79, 53), (80, 10), (83, 13), (86, 1), (88, 102), (89, 13), (90, 36)]
--------------------------------------------------
Client 32	 Size of data: 548	 Labels:  [ 0  1  4  7 11 12 13 15 18 22 24 25 29 30 33 44 46 47 49 50 52 61 63 70
 71 73 86]
		 Samples of labels:  [(0, 24), (1, 7), (4, 7), (7, 8), (11, 1), (12, 57), (13, 2), (15, 16), (18, 4), (22, 20), (24, 41), (25, 4), (29, 1), (30, 20), (33, 4), (44, 6), (46, 1), (47, 1), (49, 69), (50, 26), (52, 51), (61, 97), (63, 1), (70, 12), (71, 28), (73, 5), (86, 35)]
--------------------------------------------------
Client 33	 Size of data: 586	 Labels:  [ 3  6  8  9 11 13 14 16 22 23 24 25 27 30 31 35 38 41 43 45 52 53 54 55
 59 62 72 73 74 76 78 80 81 82 88 90 93]
		 Samples of labels:  [(3, 2), (6, 1), (8, 8), (9, 21), (11, 5), (13, 28), (14, 2), (16, 2), (22, 1), (23, 39), (24, 1), (25, 2), (27, 3), (30, 15), (31, 4), (35, 22), (38, 1), (41, 12), (43, 36), (45, 75), (52, 5), (53, 6), (54, 1), (55, 35), (59, 2), (62, 70), (72, 44), (73, 14), (74, 3), (76, 4), (78, 9), (80, 3), (81, 46), (82, 6), (88, 47), (90, 9), (93, 2)]
--------------------------------------------------
Client 34	 Size of data: 600	 Labels:  [ 2  5  7 10 11 13 15 17 21 22 27 29 31 35 36 37 43 46 47 48 50 51 52 53
 54 55]
		 Samples of labels:  [(2, 3), (5, 5), (7, 20), (10, 5), (11, 1), (13, 1), (15, 1), (17, 2), (21, 68), (22, 78), (27, 6), (29, 4), (31, 1), (35, 12), (36, 3), (37, 13), (43, 178), (46, 17), (47, 1), (48, 2), (50, 5), (51, 55), (52, 66), (53, 8), (54, 8), (55, 37)]
--------------------------------------------------
Client 35	 Size of data: 559	 Labels:  [ 0  6  9 11 13 14 16 17 19 22 25 26 31 34 35 40 43 45 52 53 55 58 62 67
 68 70 75 78 80 87 92 93]
		 Samples of labels:  [(0, 31), (6, 4), (9, 21), (11, 16), (13, 4), (14, 2), (16, 36), (17, 2), (19, 1), (22, 1), (25, 1), (26, 7), (31, 1), (34, 13), (35, 6), (40, 3), (43, 4), (45, 25), (52, 1), (53, 1), (55, 112), (58, 4), (62, 3), (67, 133), (68, 25), (70, 4), (75, 18), (78, 8), (80, 61), (87, 6), (92, 4), (93, 1)]
--------------------------------------------------
Client 36	 Size of data: 610	 Labels:  [ 0  4  6  8 11 13 14 20 23 24 25 26 27 29 31 36 38 40 42 48 49 51 53 58
 63 64 66 73 76 78 80 82 87 89 91]
		 Samples of labels:  [(0, 1), (4, 5), (6, 14), (8, 1), (11, 1), (13, 3), (14, 1), (20, 40), (23, 31), (24, 3), (25, 1), (26, 2), (27, 1), (29, 1), (31, 28), (36, 2), (38, 11), (40, 24), (42, 1), (48, 2), (49, 1), (51, 1), (53, 11), (58, 65), (63, 100), (64, 54), (66, 51), (73, 61), (76, 48), (78, 1), (80, 7), (82, 23), (87, 1), (89, 1), (91, 12)]
--------------------------------------------------
Client 37	 Size of data: 641	 Labels:  [ 1  5 13 14 15 16 22 25 28 31 32 38 40 42 45 48 52 55 61 65 67 71 73 76
 80 81 84 85 89 90]
		 Samples of labels:  [(1, 2), (5, 86), (13, 1), (14, 1), (15, 64), (16, 2), (22, 4), (25, 12), (28, 4), (31, 11), (32, 8), (38, 7), (40, 3), (42, 12), (45, 1), (48, 2), (52, 2), (55, 28), (61, 10), (65, 1), (67, 1), (71, 1), (73, 7), (76, 130), (80, 6), (81, 62), (84, 5), (85, 11), (89, 3), (90, 154)]
--------------------------------------------------
Client 38	 Size of data: 643	 Labels:  [ 2  7 10 19 21 23 24 27 30 32 33 39 41 43 46 48 49 52 58 60 63 64 70 74
 77 78 79 80 81 84 86 89 92 93]
		 Samples of labels:  [(2, 1), (7, 5), (10, 18), (19, 5), (21, 1), (23, 1), (24, 19), (27, 19), (30, 47), (32, 8), (33, 1), (39, 1), (41, 113), (43, 1), (46, 6), (48, 1), (49, 7), (52, 8), (58, 6), (60, 7), (63, 10), (64, 7), (70, 12), (74, 1), (77, 10), (78, 23), (79, 3), (80, 1), (81, 2), (84, 14), (86, 195), (89, 6), (92, 1), (93, 83)]
--------------------------------------------------
Client 39	 Size of data: 642	 Labels:  [ 0  3  9 10 11 12 16 17 18 19 21 23 26 30 31 34 37 39 41 43 48 49 50 53
 56 58 61 62 67 71 76 78 80 81 86 87 89]
		 Samples of labels:  [(0, 7), (3, 118), (9, 1), (10, 2), (11, 1), (12, 2), (16, 2), (17, 14), (18, 16), (19, 125), (21, 15), (23, 6), (26, 1), (30, 8), (31, 34), (34, 93), (37, 1), (39, 2), (41, 17), (43, 9), (48, 8), (49, 1), (50, 54), (53, 5), (56, 4), (58, 1), (61, 5), (62, 1), (67, 1), (71, 7), (76, 1), (78, 2), (80, 2), (81, 3), (86, 10), (87, 5), (89, 58)]
--------------------------------------------------
Client 40	 Size of data: 667	 Labels:  [ 2  5  6  8 10 11 12 13 14 15 19 23 31 32 34 38 39 43 47 52 54 59 61 70
 71 72 75 77 78 79 82 83 86 89]
		 Samples of labels:  [(2, 3), (5, 42), (6, 3), (8, 54), (10, 90), (11, 4), (12, 1), (13, 75), (14, 12), (15, 51), (19, 8), (23, 7), (31, 3), (32, 1), (34, 1), (38, 1), (39, 11), (43, 18), (47, 31), (52, 17), (54, 19), (59, 1), (61, 2), (70, 3), (71, 1), (72, 1), (75, 1), (77, 4), (78, 49), (79, 22), (82, 47), (83, 3), (86, 1), (89, 80)]
--------------------------------------------------
Client 41	 Size of data: 578	 Labels:  [ 1  5  6 13 14 18 20 22 23 26 27 34 35 40 42 47 51 54 56 58 61 62 63 64
 65 69 71 72 83 85 87 88 90 92 94 95 98 99]
		 Samples of labels:  [(1, 4), (5, 4), (6, 1), (13, 1), (14, 1), (18, 7), (20, 1), (22, 1), (23, 6), (26, 6), (27, 19), (34, 1), (35, 7), (40, 148), (42, 5), (47, 31), (51, 9), (54, 1), (56, 17), (58, 4), (61, 7), (62, 4), (63, 1), (64, 17), (65, 8), (69, 1), (71, 2), (72, 24), (83, 4), (85, 30), (87, 16), (88, 87), (90, 2), (92, 1), (94, 27), (95, 1), (98, 19), (99, 53)]
--------------------------------------------------
Client 42	 Size of data: 602	 Labels:  [ 1  5  7  8 10 11 15 16 21 24 25 29 30 32 33 34 35 37 38 45 46 47 52 53
 56 60 61 64 66]
		 Samples of labels:  [(1, 19), (5, 34), (7, 8), (8, 2), (10, 1), (11, 6), (15, 1), (16, 38), (21, 26), (24, 1), (25, 1), (29, 55), (30, 4), (32, 12), (33, 4), (34, 19), (35, 87), (37, 1), (38, 1), (45, 2), (46, 29), (47, 1), (52, 1), (53, 9), (56, 15), (60, 1), (61, 52), (64, 162), (66, 10)]
--------------------------------------------------
Client 43	 Size of data: 277	 Labels:  [ 4  9 10 16 22 26 31 33 35 37 39 42 48 57 58 60 63 67 69 72 76 83 84 92
 93 95 96 98]
		 Samples of labels:  [(4, 8), (9, 15), (10, 10), (16, 79), (22, 1), (26, 2), (31, 3), (33, 5), (35, 3), (37, 30), (39, 7), (42, 1), (48, 5), (57, 12), (58, 1), (60, 29), (63, 5), (67, 1), (69, 14), (72, 1), (76, 3), (83, 1), (84, 23), (92, 1), (93, 2), (95, 9), (96, 3), (98, 3)]
--------------------------------------------------
Client 44	 Size of data: 391	 Labels:  [ 1  8 14 21 24 33 34 35 36 39 45 48 52 56 58 59 60 61 63 64 66 67 71 72
 79 80 83 85 86 87 91 95 97 98 99]
		 Samples of labels:  [(1, 1), (8, 3), (14, 1), (21, 1), (24, 19), (33, 13), (34, 1), (35, 11), (36, 2), (39, 9), (45, 3), (48, 1), (52, 13), (56, 24), (58, 20), (59, 29), (60, 57), (61, 2), (63, 11), (64, 10), (66, 22), (67, 1), (71, 1), (72, 9), (79, 3), (80, 29), (83, 1), (85, 1), (86, 1), (87, 27), (91, 1), (95, 1), (97, 35), (98, 4), (99, 24)]
--------------------------------------------------
Client 45	 Size of data: 616	 Labels:  [ 1  2  3  6 11 13 15 16 18 21 22 24 25 26 28 30 32 35 36 37 38 44 45 49
 50 54 57 58 59]
		 Samples of labels:  [(1, 68), (2, 3), (3, 9), (6, 11), (11, 2), (13, 19), (15, 2), (16, 1), (18, 22), (21, 1), (22, 27), (24, 1), (25, 1), (26, 23), (28, 1), (30, 2), (32, 2), (35, 3), (36, 105), (37, 1), (38, 4), (44, 66), (45, 24), (49, 47), (50, 24), (54, 75), (57, 12), (58, 7), (59, 53)]
--------------------------------------------------
Client 46	 Size of data: 291	 Labels:  [ 5  8 11 13 17 20 24 25 27 28 31 42 47 48 49 51 53 54 55 57 58 65 67 68
 72 74 77 85 87 88 90 93 94 99]
		 Samples of labels:  [(5, 2), (8, 8), (11, 1), (13, 9), (17, 2), (20, 3), (24, 1), (25, 8), (27, 2), (28, 3), (31, 1), (42, 6), (47, 23), (48, 6), (49, 5), (51, 5), (53, 3), (54, 1), (55, 15), (57, 1), (58, 43), (65, 1), (67, 3), (68, 2), (72, 3), (74, 49), (77, 12), (85, 17), (87, 14), (88, 23), (90, 12), (93, 1), (94, 3), (99, 3)]
--------------------------------------------------
Client 47	 Size of data: 643	 Labels:  [ 0  2  3  8  9 11 13 14 17 18 19 23 30 31 32 36 38 39 43 44 48 50 56 58
 60 61 63 64 67 68 71 73 81 83 89 91 93 95 96 97 98 99]
		 Samples of labels:  [(0, 1), (2, 3), (3, 42), (8, 6), (9, 12), (11, 1), (13, 8), (14, 21), (17, 1), (18, 6), (19, 1), (23, 5), (30, 26), (31, 16), (32, 7), (36, 16), (38, 1), (39, 14), (43, 11), (44, 7), (48, 12), (50, 1), (56, 1), (58, 8), (60, 12), (61, 2), (63, 1), (64, 4), (67, 1), (68, 1), (71, 45), (73, 6), (81, 35), (83, 10), (89, 104), (91, 32), (93, 1), (95, 7), (96, 72), (97, 37), (98, 1), (99, 45)]
--------------------------------------------------
Client 48	 Size of data: 607	 Labels:  [ 3 10 13 14 16 17 19 22 24 25 28 31 34 35 36 37 40 42 45 46 47 48 49 50
 56 58 61 63 65 68 71 72 74]
		 Samples of labels:  [(3, 1), (10, 3), (13, 1), (14, 13), (16, 95), (17, 2), (19, 8), (22, 1), (24, 29), (25, 18), (28, 45), (31, 6), (34, 25), (35, 14), (36, 2), (37, 25), (40, 38), (42, 13), (45, 14), (46, 3), (47, 1), (48, 2), (49, 3), (50, 22), (56, 55), (58, 2), (61, 1), (63, 75), (65, 56), (68, 4), (71, 7), (72, 10), (74, 13)]
--------------------------------------------------
Client 49	 Size of data: 626	 Labels:  [ 2  3  7 14 16 24 25 26 33 36 38 41 46 48 50 52 53 56 57 63 64 75 76 77
 78 79 82 83 85 86 89 90 94 95 96 98 99]
		 Samples of labels:  [(2, 4), (3, 3), (7, 40), (14, 3), (16, 3), (24, 109), (25, 1), (26, 18), (33, 1), (36, 1), (38, 2), (41, 23), (46, 11), (48, 1), (50, 1), (52, 7), (53, 14), (56, 14), (57, 6), (63, 16), (64, 1), (75, 1), (76, 2), (77, 1), (78, 3), (79, 2), (82, 1), (83, 49), (85, 42), (86, 7), (89, 1), (90, 14), (94, 1), (95, 10), (96, 63), (98, 10), (99, 140)]
--------------------------------------------------
Client 50	 Size of data: 641	 Labels:  [ 2  3  8 10 14 18 19 21 24 25 31 33 36 42 61 63 65 66 67 68 70 71 72 74
 75 79 83 85 88 90 91 93 95 96]
		 Samples of labels:  [(2, 16), (3, 6), (8, 2), (10, 4), (14, 34), (18, 1), (19, 29), (21, 1), (24, 8), (25, 135), (31, 1), (33, 9), (36, 11), (42, 3), (61, 1), (63, 8), (65, 42), (66, 13), (67, 5), (68, 1), (70, 7), (71, 2), (72, 1), (74, 6), (75, 1), (79, 16), (83, 10), (85, 5), (88, 3), (90, 34), (91, 34), (93, 14), (95, 1), (96, 177)]
--------------------------------------------------
Client 51	 Size of data: 816	 Labels:  [ 1  2 12 14 17 23 24 26 28 30 35 36 42 43 44 48 49 52 53 55 57 58 62 70
 82 85 86 94 97 98]
		 Samples of labels:  [(1, 6), (2, 2), (12, 63), (14, 99), (17, 5), (23, 12), (24, 1), (26, 2), (28, 2), (30, 39), (35, 16), (36, 74), (42, 16), (43, 4), (44, 6), (48, 9), (49, 1), (52, 8), (53, 6), (55, 1), (57, 15), (58, 14), (62, 26), (70, 15), (82, 7), (85, 17), (86, 63), (94, 16), (97, 49), (98, 222)]
--------------------------------------------------
Client 52	 Size of data: 488	 Labels:  [ 2  5 12 14 17 18 19 23 25 27 29 34 38 45 49 51 54 55 57 70 72 73 89 94
 96 97]
		 Samples of labels:  [(2, 21), (5, 12), (12, 12), (14, 13), (17, 6), (18, 12), (19, 7), (23, 11), (25, 3), (27, 4), (29, 4), (34, 8), (38, 1), (45, 1), (49, 62), (51, 45), (54, 16), (55, 60), (57, 34), (70, 1), (72, 1), (73, 26), (89, 3), (94, 9), (96, 113), (97, 3)]
--------------------------------------------------
Client 53	 Size of data: 600	 Labels:  [ 0  4  6 12 13 16 18 19 23 26 28 29 32 36 37 39 42 43 44 45 48 56 61 63
 66 73 74 78 83 86 89 92 93 95 98]
		 Samples of labels:  [(0, 11), (4, 1), (6, 6), (12, 5), (13, 24), (16, 23), (18, 14), (19, 8), (23, 1), (26, 2), (28, 4), (29, 5), (32, 7), (36, 1), (37, 4), (39, 1), (42, 56), (43, 2), (44, 5), (45, 2), (48, 7), (56, 73), (61, 49), (63, 2), (66, 2), (73, 1), (74, 108), (78, 1), (83, 2), (86, 4), (89, 62), (92, 32), (93, 66), (95, 8), (98, 1)]
--------------------------------------------------
Client 54	 Size of data: 601	 Labels:  [ 1  4  6  7  8 10 13 16 17 18 20 24 26 27 31 34 37 40 43 52 53 55 61 62
 64 65 71 74 76 78 86 88 90 91 93]
		 Samples of labels:  [(1, 29), (4, 4), (6, 2), (7, 56), (8, 2), (10, 2), (13, 1), (16, 1), (17, 1), (18, 56), (20, 11), (24, 30), (26, 1), (27, 29), (31, 26), (34, 1), (37, 7), (40, 4), (43, 2), (52, 7), (53, 7), (55, 63), (61, 6), (62, 52), (64, 1), (65, 3), (71, 28), (74, 16), (76, 3), (78, 36), (86, 1), (88, 26), (90, 8), (91, 73), (93, 6)]
--------------------------------------------------
Client 55	 Size of data: 649	 Labels:  [ 3  5 11 13 14 22 23 27 28 29 31 32 36 41 45 46 47 50 53 54 57 59 60 63
 69 71 72 74 75 77 79 80 87 88]
		 Samples of labels:  [(3, 2), (5, 1), (11, 5), (13, 6), (14, 6), (22, 3), (23, 13), (27, 7), (28, 5), (29, 1), (31, 1), (32, 1), (36, 13), (41, 2), (45, 1), (46, 56), (47, 4), (50, 1), (53, 13), (54, 2), (57, 1), (59, 66), (60, 50), (63, 17), (69, 3), (71, 44), (72, 1), (74, 3), (75, 123), (77, 6), (79, 4), (80, 89), (87, 1), (88, 98)]
--------------------------------------------------
Client 56	 Size of data: 650	 Labels:  [ 0  1  4  8 12 14 16 18 27 28 32 34 39 41 47 50 52 54 57 62 64 68 69 75
 76 79 80 81 83 85 87 88 89]
		 Samples of labels:  [(0, 3), (1, 10), (4, 90), (8, 29), (12, 30), (14, 30), (16, 5), (18, 182), (27, 10), (28, 4), (32, 6), (34, 2), (39, 16), (41, 1), (47, 1), (50, 5), (52, 4), (54, 1), (57, 2), (62, 2), (64, 1), (68, 14), (69, 20), (75, 57), (76, 6), (79, 7), (80, 1), (81, 1), (83, 1), (85, 1), (87, 45), (88, 9), (89, 54)]
--------------------------------------------------
Client 57	 Size of data: 671	 Labels:  [ 0  1  3  7  9 10 11 13 14 15 22 24 27 30 34 39 40 43 46 47 48 49 54 57
 60 62 63 66 68 69 72 73 78 79 81 82 85 87 89 92 97]
		 Samples of labels:  [(0, 9), (1, 1), (3, 1), (7, 4), (9, 2), (10, 12), (11, 24), (13, 13), (14, 3), (15, 6), (22, 54), (24, 9), (27, 52), (30, 2), (34, 3), (39, 5), (40, 8), (43, 2), (46, 2), (47, 13), (48, 3), (49, 5), (54, 43), (57, 3), (60, 40), (62, 5), (63, 15), (66, 1), (68, 1), (69, 7), (72, 2), (73, 18), (78, 14), (79, 78), (81, 1), (82, 20), (85, 3), (87, 1), (89, 5), (92, 5), (97, 176)]
--------------------------------------------------
Client 58	 Size of data: 585	 Labels:  [ 2  3  9 10 14 17 20 24 25 27 30 33 34 36 44 46 48 49 55 56 58 60 63 67
 68 69 72 74 75 77 79 80 82 84 85 88 89 95 96 99]
		 Samples of labels:  [(2, 4), (3, 1), (9, 1), (10, 24), (14, 4), (17, 11), (20, 15), (24, 1), (25, 2), (27, 44), (30, 2), (33, 2), (34, 2), (36, 6), (44, 43), (46, 1), (48, 50), (49, 2), (55, 2), (56, 14), (58, 6), (60, 1), (63, 32), (67, 38), (68, 107), (69, 19), (72, 8), (74, 2), (75, 9), (77, 7), (79, 1), (80, 11), (82, 1), (84, 1), (85, 1), (88, 15), (89, 2), (95, 1), (96, 1), (99, 91)]
--------------------------------------------------
Client 59	 Size of data: 748	 Labels:  [ 0  1  2  5  8 14 16 19 20 22 27 28 32 34 40 43 45 56 57 60 66 69 71 75
 76 77 85 86 89 90 92 94 95]
		 Samples of labels:  [(0, 32), (1, 18), (2, 4), (5, 23), (8, 16), (14, 2), (16, 4), (19, 5), (20, 60), (22, 1), (27, 54), (28, 5), (32, 2), (34, 2), (40, 1), (43, 1), (45, 1), (56, 3), (57, 1), (60, 8), (66, 123), (69, 3), (71, 2), (75, 1), (76, 1), (77, 1), (85, 3), (86, 32), (89, 2), (90, 32), (92, 1), (94, 42), (95, 262)]
--------------------------------------------------
Client 60	 Size of data: 559	 Labels:  [ 1  2  4  5  8 10 16 17 18 20 21 22 27 29 30 33 35 44 45 46 53 55 61 65
 68 71 75 76 77 80 82 84 92 93 95 96]
		 Samples of labels:  [(1, 6), (2, 3), (4, 2), (5, 3), (8, 20), (10, 1), (16, 1), (17, 2), (18, 1), (20, 1), (21, 105), (22, 1), (27, 3), (29, 155), (30, 1), (33, 35), (35, 2), (44, 42), (45, 2), (46, 15), (53, 22), (55, 30), (61, 22), (65, 7), (68, 2), (71, 1), (75, 1), (76, 3), (77, 16), (80, 1), (82, 5), (84, 1), (92, 11), (93, 1), (95, 26), (96, 9)]
--------------------------------------------------
Client 61	 Size of data: 611	 Labels:  [ 3  4  6 10 13 14 15 17 18 19 21 22 23 25 27 30 31 48 51 53 56 57 60 67
 68 70 72 74 77 80 81 82 85 88 90 95 96]
		 Samples of labels:  [(3, 6), (4, 3), (6, 4), (10, 7), (13, 1), (14, 18), (15, 5), (17, 1), (18, 1), (19, 1), (21, 7), (22, 41), (23, 12), (25, 7), (27, 50), (30, 1), (31, 5), (48, 5), (51, 2), (53, 32), (56, 11), (57, 2), (60, 35), (67, 1), (68, 29), (70, 56), (72, 7), (74, 29), (77, 1), (80, 9), (81, 117), (82, 21), (85, 11), (88, 1), (90, 1), (95, 2), (96, 69)]
--------------------------------------------------
Client 62	 Size of data: 574	 Labels:  [ 0  1  6  7  9 25 27 28 30 32 35 36 37 41 42 46 47 56 60 61 64 69 70 71
 72 73 74 75 83 84 85 90 91 92 93 94 95 98 99]
		 Samples of labels:  [(0, 1), (1, 1), (6, 51), (7, 54), (9, 49), (25, 49), (27, 7), (28, 3), (30, 17), (32, 6), (35, 1), (36, 21), (37, 2), (41, 2), (42, 29), (46, 4), (47, 24), (56, 3), (60, 14), (61, 2), (64, 9), (69, 42), (70, 5), (71, 3), (72, 37), (73, 7), (74, 1), (75, 4), (83, 2), (84, 7), (85, 1), (90, 7), (91, 63), (92, 2), (93, 3), (94, 2), (95, 1), (98, 14), (99, 24)]
--------------------------------------------------
Client 63	 Size of data: 612	 Labels:  [ 1  2  3  4  5  7  8 11 18 19 21 22 23 28 29 32 33 34 37 39 40 41 45 46
 50 51 52 55 58 59 62]
		 Samples of labels:  [(1, 2), (2, 77), (3, 2), (4, 4), (5, 53), (7, 7), (8, 1), (11, 1), (18, 1), (19, 10), (21, 4), (22, 20), (23, 157), (28, 37), (29, 1), (32, 2), (33, 1), (34, 26), (37, 3), (39, 16), (40, 1), (41, 37), (45, 7), (46, 2), (50, 7), (51, 3), (52, 2), (55, 6), (58, 7), (59, 2), (62, 113)]
--------------------------------------------------
Client 64	 Size of data: 735	 Labels:  [ 1  4  6  9 10 12 14 15 19 21 23 24 28 32 33 37 41 43 44 47 53 54 56 60
 63 65 66 69 70 71 74 76 77 79 82 84]
		 Samples of labels:  [(1, 4), (4, 3), (6, 3), (9, 9), (10, 3), (12, 1), (14, 6), (15, 20), (19, 5), (21, 6), (23, 1), (24, 11), (28, 13), (32, 9), (33, 52), (37, 7), (41, 60), (43, 1), (44, 7), (47, 8), (53, 1), (54, 10), (56, 23), (60, 6), (63, 1), (65, 18), (66, 74), (69, 86), (70, 9), (71, 42), (74, 1), (76, 26), (77, 1), (79, 2), (82, 1), (84, 205)]
--------------------------------------------------
Client 65	 Size of data: 634	 Labels:  [ 0  1  2  3  4  5  8 10 17 21 22]
		 Samples of labels:  [(0, 88), (1, 45), (2, 79), (3, 11), (4, 151), (5, 1), (8, 5), (10, 21), (17, 20), (21, 2), (22, 211)]
--------------------------------------------------
Client 66	 Size of data: 596	 Labels:  [ 3  4  9 10 13 15 16 17 18 19 25 26 28 29 32 35 41 44 47 49 51 55 61 62
 64 65 74 75 76 78 84 85 88 90 94 96]
		 Samples of labels:  [(3, 5), (4, 42), (9, 12), (10, 1), (13, 13), (15, 11), (16, 17), (17, 4), (18, 13), (19, 21), (25, 3), (26, 14), (28, 21), (29, 17), (32, 3), (35, 27), (41, 14), (44, 46), (47, 16), (49, 1), (51, 30), (55, 5), (61, 1), (62, 1), (64, 9), (65, 10), (74, 29), (75, 1), (76, 10), (78, 6), (84, 46), (85, 13), (88, 52), (90, 40), (94, 40), (96, 2)]
--------------------------------------------------
Client 67	 Size of data: 629	 Labels:  [ 7  8 11 13 14 15 16 18 25 26 29 30 31 32 38 39 42 45 46 49 50 52 54 56
 58 61 63 64 66 68 71 73 74 77 80 82 89 91 93 94]
		 Samples of labels:  [(7, 2), (8, 2), (11, 39), (13, 10), (14, 11), (15, 1), (16, 2), (18, 27), (25, 12), (26, 1), (29, 17), (30, 2), (31, 21), (32, 1), (38, 2), (39, 5), (42, 1), (45, 12), (46, 41), (49, 97), (50, 88), (52, 4), (54, 2), (56, 41), (58, 1), (61, 3), (63, 1), (64, 6), (66, 74), (68, 1), (71, 2), (73, 1), (74, 1), (77, 2), (80, 16), (82, 14), (89, 1), (91, 17), (93, 3), (94, 45)]
--------------------------------------------------
Client 68	 Size of data: 505	 Labels:  [ 1  6 10 11 14 26 27 28 29 32 37 39 41 45 47 50 51 55 56 63 69 70 71 72
 73 74 78 87 88 89 93 95 98 99]
		 Samples of labels:  [(1, 2), (6, 1), (10, 2), (11, 133), (14, 11), (26, 3), (27, 1), (28, 19), (29, 13), (32, 14), (37, 13), (39, 16), (41, 1), (45, 7), (47, 31), (50, 5), (51, 1), (55, 1), (56, 20), (63, 13), (69, 2), (70, 1), (71, 2), (72, 1), (73, 4), (74, 7), (78, 2), (87, 7), (88, 1), (89, 12), (93, 8), (95, 13), (98, 123), (99, 15)]
--------------------------------------------------
Client 69	 Size of data: 609	 Labels:  [10 16 17 19 20 22 27 34 35 38 40 41 45 48 52 54 56 57 59 61 64 67 69 73
 75 81 85 86 88]
		 Samples of labels:  [(10, 6), (16, 1), (17, 66), (19, 13), (20, 26), (22, 7), (27, 3), (34, 9), (35, 9), (38, 44), (40, 15), (41, 36), (45, 1), (48, 14), (52, 5), (54, 23), (56, 15), (57, 5), (59, 7), (61, 1), (64, 12), (67, 159), (69, 4), (73, 5), (75, 1), (81, 50), (85, 3), (86, 14), (88, 55)]
--------------------------------------------------
Client 70	 Size of data: 634	 Labels:  [ 2  7  8  9 12 14 16 22 23 25 28 30 31 32 34 36 38 39 40 47 48 50 52 56
 57 59 60 62 63 66 70 71 73 78 88 91 95]
		 Samples of labels:  [(2, 2), (7, 1), (8, 15), (9, 8), (12, 4), (14, 1), (16, 22), (22, 1), (23, 1), (25, 1), (28, 1), (30, 14), (31, 101), (32, 1), (34, 33), (36, 19), (38, 4), (39, 28), (40, 8), (47, 1), (48, 1), (50, 23), (52, 63), (56, 38), (57, 3), (59, 4), (60, 21), (62, 19), (63, 5), (66, 23), (70, 1), (71, 3), (73, 19), (78, 67), (88, 4), (91, 2), (95, 72)]
--------------------------------------------------
Client 71	 Size of data: 626	 Labels:  [ 0  1  3  4  6  7  8 11 12 18 19 20 21 24 26 31 35 38 41 43 51 58 59 60
 61 63 70 71 72 76 77 78]
		 Samples of labels:  [(0, 7), (1, 2), (3, 1), (4, 124), (6, 3), (7, 42), (8, 5), (11, 2), (12, 1), (18, 6), (19, 11), (20, 2), (21, 55), (24, 6), (26, 30), (31, 1), (35, 16), (38, 12), (41, 6), (43, 2), (51, 1), (58, 2), (59, 4), (60, 11), (61, 130), (63, 11), (70, 19), (71, 36), (72, 30), (76, 1), (77, 1), (78, 46)]
--------------------------------------------------
Client 72	 Size of data: 615	 Labels:  [ 0  1  2  4  6 11 13 14 16 19 21 23 24 25 27 30 31 33 34 38]
		 Samples of labels:  [(0, 2), (1, 8), (2, 16), (4, 17), (6, 12), (11, 5), (13, 4), (14, 4), (16, 5), (19, 89), (21, 13), (23, 4), (24, 30), (25, 67), (27, 1), (30, 42), (31, 1), (33, 8), (34, 96), (38, 191)]
--------------------------------------------------
Client 73	 Size of data: 758	 Labels:  [ 0  1  2  4  7  9 12 13 15 16 18 19 21 24 27 28 34 43 44 47 49 52 56 58
 59 60 67 72 75 76 77 79 80 81 82 83]
		 Samples of labels:  [(0, 25), (1, 12), (2, 13), (4, 2), (7, 7), (9, 1), (12, 18), (13, 1), (15, 9), (16, 4), (18, 2), (19, 1), (21, 9), (24, 34), (27, 1), (28, 1), (34, 2), (43, 1), (44, 2), (47, 25), (49, 48), (52, 6), (56, 18), (58, 17), (59, 62), (60, 1), (67, 1), (72, 24), (75, 68), (76, 7), (77, 2), (79, 1), (80, 63), (81, 6), (82, 29), (83, 235)]
--------------------------------------------------
Client 74	 Size of data: 628	 Labels:  [ 0  1  3  4  5  9 10 12 14 20 22 23 24 29 30 35 36 37 41 46 47 50 52 53
 54 55 62 65 66 68 69]
		 Samples of labels:  [(0, 7), (1, 1), (3, 7), (4, 3), (5, 3), (9, 1), (10, 4), (12, 83), (14, 5), (20, 1), (22, 1), (23, 70), (24, 7), (29, 1), (30, 68), (35, 2), (36, 3), (37, 4), (41, 4), (46, 4), (47, 14), (50, 1), (52, 12), (53, 5), (54, 93), (55, 1), (62, 3), (65, 34), (66, 1), (68, 6), (69, 179)]
--------------------------------------------------
Client 75	 Size of data: 610	 Labels:  [ 1  3  6  7  8  9 10 11 12 18 19 23 26 28 29 30 32 33 34 38 40 42 44 45
 46 47 49 53 60 61 63 65 68]
		 Samples of labels:  [(1, 11), (3, 1), (6, 2), (7, 5), (8, 24), (9, 8), (10, 37), (11, 47), (12, 40), (18, 2), (19, 1), (23, 1), (26, 3), (28, 27), (29, 6), (30, 1), (32, 32), (33, 2), (34, 17), (38, 1), (40, 1), (42, 1), (44, 1), (45, 38), (46, 3), (47, 114), (49, 3), (53, 71), (60, 1), (61, 1), (63, 42), (65, 29), (68, 37)]
--------------------------------------------------
Client 76	 Size of data: 589	 Labels:  [ 1  3  5  6  7  8  9 10 12 19 22 24 28 30 32 34 35 36 38 39 40 43 47 50
 51 53 55 57 59 60 62 65 67 68 69 70 78 80 81 84 86 90 92 96]
		 Samples of labels:  [(1, 1), (3, 10), (5, 12), (6, 13), (7, 32), (8, 1), (9, 1), (10, 4), (12, 1), (19, 9), (22, 4), (24, 4), (28, 10), (30, 33), (32, 2), (34, 9), (35, 3), (36, 1), (38, 33), (39, 6), (40, 11), (43, 18), (47, 3), (50, 7), (51, 12), (53, 2), (55, 55), (57, 2), (59, 37), (60, 3), (62, 23), (65, 70), (67, 14), (68, 69), (69, 19), (70, 1), (78, 4), (80, 29), (81, 2), (84, 2), (86, 2), (90, 3), (92, 4), (96, 8)]
--------------------------------------------------
Client 77	 Size of data: 482	 Labels:  [ 1  2  4  7  8 12 17 20 23 25 31 32 35 36 41 42 44 45 48 49 50 51 55 57
 59 60 61 62 66 69 84 85 87 93 94]
		 Samples of labels:  [(1, 4), (2, 147), (4, 2), (7, 3), (8, 4), (12, 1), (17, 5), (20, 5), (23, 5), (25, 58), (31, 16), (32, 33), (35, 1), (36, 3), (41, 10), (42, 2), (44, 1), (45, 3), (48, 6), (49, 7), (50, 1), (51, 1), (55, 5), (57, 13), (59, 10), (60, 1), (61, 1), (62, 27), (66, 18), (69, 2), (84, 9), (85, 1), (87, 55), (93, 18), (94, 4)]
--------------------------------------------------
Client 78	 Size of data: 701	 Labels:  [ 3 14 15 17 19 22 23 25 27 30 33 35 39 43 44 46 47 49 50 53 58 61 67 71
 73 77 81 91 93 94]
		 Samples of labels:  [(3, 1), (14, 39), (15, 9), (17, 112), (19, 6), (22, 3), (23, 12), (25, 1), (27, 1), (30, 2), (33, 4), (35, 1), (39, 61), (43, 2), (44, 1), (46, 3), (47, 3), (49, 2), (50, 5), (53, 1), (58, 5), (61, 5), (67, 18), (71, 8), (73, 4), (77, 26), (81, 50), (91, 1), (93, 9), (94, 306)]
--------------------------------------------------
Client 79	 Size of data: 609	 Labels:  [ 1  2  3  4  5 11 12 16 17 27 29 37 38 39 40 42 43 44 46 50 51 59 65 70
 72 74 85]
		 Samples of labels:  [(1, 4), (2, 1), (3, 64), (4, 5), (5, 1), (11, 15), (12, 10), (16, 7), (17, 4), (27, 1), (29, 21), (37, 6), (38, 1), (39, 3), (40, 29), (42, 3), (43, 16), (44, 23), (46, 93), (50, 9), (51, 14), (59, 1), (65, 1), (70, 1), (72, 56), (74, 1), (85, 219)]
--------------------------------------------------
Client 80	 Size of data: 757	 Labels:  [ 7  8 10 11 16 21 22 24 25 26 27 34 36 37 39 42 44 45 47 50 53 54 55 56
 58 59 60 63 70 71 72 74]
		 Samples of labels:  [(7, 7), (8, 7), (10, 1), (11, 15), (16, 36), (21, 35), (22, 1), (24, 44), (25, 17), (26, 1), (27, 20), (34, 1), (36, 1), (37, 4), (39, 13), (42, 3), (44, 4), (45, 8), (47, 9), (50, 1), (53, 99), (54, 2), (55, 2), (56, 84), (58, 7), (59, 1), (60, 4), (63, 106), (70, 11), (71, 20), (72, 1), (74, 192)]
--------------------------------------------------
Client 81	 Size of data: 659	 Labels:  [ 1  4  7 13 16 17 18 21 30 31 35 36 39 45 49 51 52 53 54 58 59 69 73 76
 78 79 81 82 86 87]
		 Samples of labels:  [(1, 12), (4, 2), (7, 4), (13, 19), (16, 22), (17, 1), (18, 1), (21, 1), (30, 1), (31, 1), (35, 145), (36, 14), (39, 1), (45, 2), (49, 4), (51, 2), (52, 4), (53, 5), (54, 8), (58, 57), (59, 4), (69, 6), (73, 1), (76, 1), (78, 52), (79, 12), (81, 51), (82, 56), (86, 1), (87, 169)]
--------------------------------------------------
Client 82	 Size of data: 609	 Labels:  [ 6  9 10 14 16 17 18 23 32 33 34 38 40 44 48 52 58 59 65 67 70 73 82 83
 84 86 88 89 90]
		 Samples of labels:  [(6, 53), (9, 14), (10, 81), (14, 1), (16, 1), (17, 1), (18, 98), (23, 1), (32, 8), (33, 28), (34, 124), (38, 4), (40, 2), (44, 9), (48, 2), (52, 2), (58, 4), (59, 3), (65, 15), (67, 11), (70, 5), (73, 9), (82, 4), (83, 62), (84, 21), (86, 16), (88, 1), (89, 17), (90, 12)]
--------------------------------------------------
Client 83	 Size of data: 644	 Labels:  [ 3  6  7  8  9 10 12 13 15 16 17 18 19 24 28 31 32 33 35 37 39 45 48 50
 57]
		 Samples of labels:  [(3, 3), (6, 1), (7, 39), (8, 2), (9, 76), (10, 15), (12, 10), (13, 114), (15, 9), (16, 1), (17, 67), (18, 2), (19, 4), (24, 12), (28, 1), (31, 3), (32, 11), (33, 17), (35, 12), (37, 25), (39, 78), (45, 53), (48, 2), (50, 36), (57, 51)]
--------------------------------------------------
Client 84	 Size of data: 602	 Labels:  [ 6  8  9 13 15 18 21 24 31 33 36 37 39 40 42 43 44 46 48 56 57 59 61 62
 68 69 70 73 76 77 78]
		 Samples of labels:  [(6, 4), (8, 3), (9, 4), (13, 1), (15, 7), (18, 6), (21, 4), (24, 1), (31, 35), (33, 2), (36, 1), (37, 2), (39, 1), (40, 7), (42, 65), (43, 1), (44, 73), (46, 2), (48, 4), (56, 10), (57, 159), (59, 10), (61, 16), (62, 1), (68, 12), (69, 14), (70, 11), (73, 107), (76, 6), (77, 22), (78, 11)]
--------------------------------------------------
Client 85	 Size of data: 681	 Labels:  [ 0  1  2 14 20 22 25 28 35 38 41 42 44 45 47 52 54 56 58 64 70 71 75 76
 81 82 85 86 89 91]
		 Samples of labels:  [(0, 42), (1, 1), (2, 1), (14, 4), (20, 1), (22, 1), (25, 33), (28, 1), (35, 3), (38, 1), (41, 1), (42, 12), (44, 1), (45, 18), (47, 7), (52, 77), (54, 6), (56, 2), (58, 58), (64, 5), (70, 1), (71, 1), (75, 1), (76, 85), (81, 1), (82, 2), (85, 49), (86, 56), (89, 29), (91, 181)]
--------------------------------------------------
Client 86	 Size of data: 715	 Labels:  [ 3  8 11 12 14 15 18 19 22 28 32 43 45 47 48 51 53 55 56 57 60 62 63 64
 65 66 68 71]
		 Samples of labels:  [(3, 39), (8, 93), (11, 17), (12, 32), (14, 12), (15, 6), (18, 1), (19, 5), (22, 6), (28, 1), (32, 22), (43, 73), (45, 18), (47, 1), (48, 33), (51, 24), (53, 1), (55, 6), (56, 1), (57, 2), (60, 91), (62, 1), (63, 1), (64, 66), (65, 12), (66, 11), (68, 15), (71, 125)]
--------------------------------------------------
Client 87	 Size of data: 490	 Labels:  [ 2  4  6  8  9 11 15 17 19 23 28 35 38 44 47 53 55 59 61 68 69 72 73 76
 77 82 87 88 89 92 96]
		 Samples of labels:  [(2, 28), (4, 3), (6, 27), (8, 1), (9, 18), (11, 30), (15, 10), (17, 2), (19, 9), (23, 28), (28, 1), (35, 12), (38, 4), (44, 1), (47, 13), (53, 1), (55, 5), (59, 1), (61, 2), (68, 10), (69, 12), (72, 10), (73, 1), (76, 7), (77, 100), (82, 113), (87, 1), (88, 1), (89, 23), (92, 5), (96, 11)]
--------------------------------------------------
Client 88	 Size of data: 616	 Labels:  [ 0  1  2  3  4  5  7  8 11 19 23 33 34 35 38 41 44 45 46 47 49 50 52 53
 58 62 64 68 70 72 76 77 78 79 80 84 86 87 90 91 93 94]
		 Samples of labels:  [(0, 80), (1, 20), (2, 13), (3, 1), (4, 1), (5, 2), (7, 13), (8, 6), (11, 2), (19, 2), (23, 26), (33, 5), (34, 3), (35, 32), (38, 10), (41, 3), (44, 28), (45, 24), (46, 1), (47, 2), (49, 14), (50, 38), (52, 4), (53, 33), (58, 1), (62, 1), (64, 1), (68, 13), (70, 1), (72, 14), (76, 10), (77, 48), (78, 6), (79, 48), (80, 2), (84, 1), (86, 30), (87, 24), (90, 3), (91, 9), (93, 9), (94, 32)]
--------------------------------------------------
Client 89	 Size of data: 521	 Labels:  [ 1  5  8 10 14 16 19 21 23 24 26 30 32 33 35 36 38 39 44 48 56 58 59 62
 67 68 70 74 77 79 80 81 83 84 85 91 92 95 98 99]
		 Samples of labels:  [(1, 1), (5, 10), (8, 15), (10, 23), (14, 13), (16, 25), (19, 8), (21, 3), (23, 15), (24, 1), (26, 25), (30, 1), (32, 1), (33, 57), (35, 7), (36, 2), (38, 3), (39, 1), (44, 41), (48, 13), (56, 4), (58, 8), (59, 1), (62, 2), (67, 1), (68, 23), (70, 27), (74, 75), (77, 17), (79, 2), (80, 12), (81, 7), (83, 26), (84, 3), (85, 6), (91, 32), (92, 1), (95, 1), (98, 7), (99, 1)]
--------------------------------------------------
Client 90	 Size of data: 370	 Labels:  [ 2 12 18 22 23 24 27 36 39 40 43 44 47 52 54 56 57 58 60 62 65 72 73 77
 80 81 82 85 90 95 97]
		 Samples of labels:  [(2, 11), (12, 30), (18, 1), (22, 32), (23, 5), (24, 6), (27, 2), (36, 9), (39, 2), (40, 48), (43, 2), (44, 10), (47, 31), (52, 2), (54, 1), (56, 1), (57, 28), (58, 12), (60, 8), (62, 76), (65, 1), (72, 3), (73, 1), (77, 35), (80, 1), (81, 4), (82, 1), (85, 2), (90, 2), (95, 2), (97, 1)]
--------------------------------------------------
Client 91	 Size of data: 643	 Labels:  [ 0  2  3  6  9 14 19 20 22 24 27 28 29 30 33 42 43 47 48 53 54 56 57 58
 65 67 74 76 77 80 86 92 93]
		 Samples of labels:  [(0, 4), (2, 51), (3, 59), (6, 1), (9, 41), (14, 27), (19, 4), (20, 4), (22, 7), (24, 1), (27, 2), (28, 12), (29, 9), (30, 2), (33, 8), (42, 2), (43, 6), (47, 1), (48, 2), (53, 3), (54, 3), (56, 23), (57, 79), (58, 1), (65, 41), (67, 15), (74, 5), (76, 6), (77, 3), (80, 23), (86, 69), (92, 84), (93, 45)]
--------------------------------------------------
Client 92	 Size of data: 632	 Labels:  [ 3  5  6  7 16 17 18 27 31 33 39 40 49 50 51 52]
		 Samples of labels:  [(3, 1), (5, 12), (6, 194), (7, 4), (16, 6), (17, 2), (18, 1), (27, 45), (31, 7), (33, 48), (39, 1), (40, 101), (49, 37), (50, 134), (51, 3), (52, 36)]
--------------------------------------------------
Client 93	 Size of data: 638	 Labels:  [ 3  4  5  6  8 11 14 17 18 20 21 25 31 32 33 36 37 39 43 45 53 54 57 58
 61 64 66 68 71 72 73 75 77 82 84 87 88 89 93]
		 Samples of labels:  [(3, 17), (4, 13), (5, 9), (6, 51), (8, 8), (11, 14), (14, 3), (17, 20), (18, 1), (20, 1), (21, 6), (25, 10), (31, 25), (32, 79), (33, 2), (36, 26), (37, 16), (39, 1), (43, 48), (45, 38), (53, 17), (54, 2), (57, 7), (58, 25), (61, 3), (64, 7), (66, 3), (68, 9), (71, 3), (72, 4), (73, 23), (75, 2), (77, 1), (82, 1), (84, 1), (87, 10), (88, 18), (89, 24), (93, 90)]
--------------------------------------------------
Client 94	 Size of data: 586	 Labels:  [ 1  4  5  9 10 11 13 14 15 16 19 21 22 24 26 29 31 33 36 42 43 46 51 54
 60 65 72 73 74 76 78 85 86 90 94 97]
		 Samples of labels:  [(1, 121), (4, 2), (5, 1), (9, 8), (10, 13), (11, 47), (13, 4), (14, 50), (15, 4), (16, 1), (19, 1), (21, 54), (22, 5), (24, 14), (26, 23), (29, 3), (31, 13), (33, 8), (36, 5), (42, 1), (43, 33), (46, 4), (51, 12), (54, 30), (60, 20), (65, 22), (72, 2), (73, 2), (74, 11), (76, 2), (78, 1), (85, 36), (86, 1), (90, 19), (94, 6), (97, 7)]
--------------------------------------------------
Client 95	 Size of data: 467	 Labels:  [ 0  3  4  5  7 10 11 15 16 18 19 22 23 26 32 33 34 36 38 40 41 42 43 44
 46 50 59 64 65 66 69 70 74 75 78 86 89 93 94 95 97 98 99]
		 Samples of labels:  [(0, 18), (3, 2), (4, 7), (5, 2), (7, 12), (10, 1), (11, 1), (15, 1), (16, 11), (18, 20), (19, 49), (22, 2), (23, 1), (26, 61), (32, 50), (33, 21), (34, 24), (36, 1), (38, 8), (40, 1), (41, 4), (42, 1), (43, 3), (44, 1), (46, 42), (50, 1), (59, 1), (64, 1), (65, 4), (66, 14), (69, 2), (70, 44), (74, 2), (75, 12), (78, 3), (86, 1), (89, 1), (93, 1), (94, 20), (95, 1), (97, 1), (98, 13), (99, 1)]
--------------------------------------------------
Client 96	 Size of data: 600	 Labels:  [ 0  1  5  7  9 12 13 15 17 18 21 22 23 25 26 32 41 42 45 46 48 53 57 63
 69 72 74 77 78 80 83 86 88 89 90 92 93 94 95]
		 Samples of labels:  [(0, 4), (1, 8), (5, 4), (7, 9), (9, 63), (12, 14), (13, 4), (15, 3), (17, 45), (18, 6), (21, 16), (22, 2), (23, 2), (25, 4), (26, 9), (32, 12), (41, 4), (42, 6), (45, 1), (46, 1), (48, 4), (53, 1), (57, 5), (63, 3), (69, 4), (72, 98), (74, 6), (77, 82), (78, 2), (80, 14), (83, 66), (86, 10), (88, 10), (89, 3), (90, 1), (92, 1), (93, 37), (94, 6), (95, 30)]
--------------------------------------------------
Client 97	 Size of data: 658	 Labels:  [ 2  3  5  8 10 15 16 17 20 21 23 24 28 31 32 37 39 41 42 47 52 54 56 57
 59 60 69 70 71]
		 Samples of labels:  [(2, 24), (3, 9), (5, 31), (8, 1), (10, 13), (15, 2), (16, 1), (17, 12), (20, 147), (21, 10), (23, 1), (24, 5), (28, 1), (31, 17), (32, 19), (37, 10), (39, 5), (41, 13), (42, 27), (47, 17), (52, 4), (54, 43), (56, 14), (57, 51), (59, 35), (60, 3), (69, 22), (70, 3), (71, 118)]
--------------------------------------------------
Client 98	 Size of data: 648	 Labels:  [ 1  5  6  7  9 16 19 20 21 28 29 31 32 34 36 37 39 42 44 45 46 49 51 52
 54 57 58 62 66 71 72]
		 Samples of labels:  [(1, 2), (5, 4), (6, 2), (7, 33), (9, 5), (16, 2), (19, 3), (20, 19), (21, 3), (28, 110), (29, 44), (31, 24), (32, 134), (34, 1), (36, 1), (37, 1), (39, 3), (42, 8), (44, 6), (45, 1), (46, 10), (49, 1), (51, 1), (52, 7), (54, 6), (57, 19), (58, 6), (62, 62), (66, 7), (71, 4), (72, 119)]
--------------------------------------------------
Client 99	 Size of data: 609	 Labels:  [ 0  1  2  3  4  5  6  7  8  9 10 11 12 13 14 15 16 17 18 19 20 21 22 23
 24 25 26 27 28 29 30 31 32 33 34 35 38 39 40 41 42 43 44 45 46 47 48 49
 50 51 52 53 54 55 56 57 58 59 60 61 62 63 64 65 66 67 68 69 70 71 72 73
 74 75 76 77 78 79 80 81 82 83 84 85 86 87 88 89 90 91 93 96]
		 Samples of labels:  [(0, 1), (1, 1), (2, 1), (3, 10), (4, 1), (5, 1), (6, 1), (7, 3), (8, 5), (9, 1), (10, 1), (11, 1), (12, 1), (13, 152), (14, 1), (15, 1), (16, 1), (17, 1), (18, 1), (19, 1), (20, 1), (21, 8), (22, 1), (23, 2), (24, 15), (25, 1), (26, 17), (27, 1), (28, 1), (29, 1), (30, 1), (31, 6), (32, 1), (33, 1), (34, 1), (35, 1), (38, 14), (39, 3), (40, 1), (41, 2), (42, 1), (43, 1), (44, 6), (45, 1), (46, 1), (47, 4), (48, 1), (49, 1), (50, 1), (51, 1), (52, 1), (53, 1), (54, 1), (55, 1), (56, 1), (57, 1), (58, 6), (59, 1), (60, 1), (61, 1), (62, 1), (63, 1), (64, 46), (65, 11), (66, 1), (67, 6), (68, 1), (69, 1), (70, 1), (71, 1), (72, 1), (73, 1), (74, 1), (75, 1), (76, 1), (77, 1), (78, 1), (79, 4), (80, 30), (81, 9), (82, 9), (83, 1), (84, 1), (85, 1), (86, 1), (87, 103), (88, 1), (89, 1), (90, 70), (91, 1), (93, 1), (96, 1)]
--------------------------------------------------
Total number of samples: 60000
The number of train samples: [455, 465, 493, 450, 270, 464, 417, 450, 475, 525, 346, 507, 620, 444, 286, 453, 472, 391, 310, 474, 500, 380, 454, 525, 421, 347, 452, 503, 486, 453, 451, 473, 411, 439, 450, 419, 457, 480, 482, 481, 500, 433, 451, 207, 293, 462, 218, 482, 455, 469, 480, 612, 366, 450, 450, 486, 487, 503, 438, 561, 419, 458, 430, 459, 551, 475, 447, 471, 378, 456, 475, 469, 461, 568, 471, 457, 441, 361, 525, 456, 567, 494, 456, 483, 451, 510, 536, 367, 462, 390, 277, 482, 474, 478, 439, 350, 450, 493, 486, 456]
The number of test samples: [152, 155, 165, 150, 90, 155, 140, 150, 159, 175, 116, 169, 207, 148, 96, 151, 158, 131, 104, 159, 167, 127, 152, 176, 141, 116, 151, 168, 163, 151, 151, 158, 137, 147, 150, 140, 153, 161, 161, 161, 167, 145, 151, 70, 98, 154, 73, 161, 152, 157, 161, 204, 122, 150, 151, 163, 163, 168, 147, 187, 140, 153, 144, 153, 184, 159, 149, 158, 127, 153, 159, 157, 154, 190, 157, 153, 148, 121, 176, 153, 190, 165, 153, 161, 151, 171, 179, 123, 154, 131, 93, 161, 158, 160, 147, 117, 150, 165, 162, 153]

Cifar100 train 0 455
Cifar100 train 1 465
Cifar100 train 2 493
Cifar100 train 3 450
Cifar100 train 4 270
Cifar100 train 5 464
Cifar100 train 6 417
Cifar100 train 7 450
Cifar100 train 8 475
Cifar100 train 9 525
Cifar100 train 10 346
Cifar100 train 11 507
Cifar100 train 12 620
Cifar100 train 13 444
Cifar100 train 14 286
Cifar100 train 15 453
Cifar100 train 16 472
Cifar100 train 17 391
Cifar100 train 18 310
Cifar100 train 19 474
Cifar100 train 20 500
Cifar100 train 21 380
Cifar100 train 22 454
Cifar100 train 23 525
Cifar100 train 24 421
Cifar100 train 25 347
Cifar100 train 26 452
Cifar100 train 27 503
Cifar100 train 28 486
Cifar100 train 29 453
Cifar100 train 30 451
Cifar100 train 31 473
Cifar100 train 32 411
Cifar100 train 33 439
Cifar100 train 34 450
Cifar100 train 35 419
Cifar100 train 36 457
Cifar100 train 37 480
Cifar100 train 38 482
Cifar100 train 39 481
Cifar100 train 40 500
Cifar100 train 41 433
Cifar100 train 42 451
Cifar100 train 43 207
Cifar100 train 44 293
Cifar100 train 45 462
Cifar100 train 46 218
Cifar100 train 47 482
Cifar100 train 48 455
Cifar100 train 49 469
Cifar100 train 50 480
Cifar100 train 51 612
Cifar100 train 52 366
Cifar100 train 53 450
Cifar100 train 54 450
Cifar100 train 55 486
Cifar100 train 56 487
Cifar100 train 57 503
Cifar100 train 58 438
Cifar100 train 59 561
Cifar100 train 60 419
Cifar100 train 61 458
Cifar100 train 62 430
Cifar100 train 63 459
Cifar100 train 64 551
Cifar100 train 65 475
Cifar100 train 66 447
Cifar100 train 67 471
Cifar100 train 68 378
Cifar100 train 69 456
Cifar100 train 70 475
Cifar100 train 71 469
Cifar100 train 72 461
Cifar100 train 73 568
Cifar100 train 74 471
Cifar100 train 75 457
Cifar100 train 76 441
Cifar100 train 77 361
Cifar100 train 78 525
Cifar100 train 79 456
Cifar100 train 80 567
Cifar100 train 81 494
Cifar100 train 82 456
Cifar100 train 83 483
Cifar100 train 84 451
Cifar100 train 85 510
Cifar100 train 86 536
Cifar100 train 87 367
Cifar100 train 88 462
Cifar100 train 89 390
Cifar100 train 90 277
Cifar100 train 91 482
Cifar100 train 92 474
Cifar100 train 93 478
Cifar100 train 94 439
Cifar100 train 95 350
Cifar100 train 96 450
Cifar100 train 97 493
Cifar100 train 98 486
Cifar100 train 99 456
Cifar100 test 0 152
Cifar100 test 1 155
Cifar100 test 2 165
Cifar100 test 3 150
Cifar100 test 4 90
Cifar100 test 5 155
Cifar100 test 6 140
Cifar100 test 7 150
Cifar100 test 8 159
Cifar100 test 9 175
Cifar100 test 10 116
Cifar100 test 11 169
Cifar100 test 12 207
Cifar100 test 13 148
Cifar100 test 14 96
Cifar100 test 15 151
Cifar100 test 16 158
Cifar100 test 17 131
Cifar100 test 18 104
Cifar100 test 19 159
Cifar100 test 20 167
Cifar100 test 21 127
Cifar100 test 22 152
Cifar100 test 23 176
Cifar100 test 24 141
Cifar100 test 25 116
Cifar100 test 26 151
Cifar100 test 27 168
Cifar100 test 28 163
Cifar100 test 29 151
Cifar100 test 30 151
Cifar100 test 31 158
Cifar100 test 32 137
Cifar100 test 33 147
Cifar100 test 34 150
Cifar100 test 35 140
Cifar100 test 36 153
Cifar100 test 37 161
Cifar100 test 38 161
Cifar100 test 39 161
Cifar100 test 40 167
Cifar100 test 41 145
Cifar100 test 42 151
Cifar100 test 43 70
Cifar100 test 44 98
Cifar100 test 45 154
Cifar100 test 46 73
Cifar100 test 47 161
Cifar100 test 48 152
Cifar100 test 49 157
Cifar100 test 50 161
Cifar100 test 51 204
Cifar100 test 52 122
Cifar100 test 53 150
Cifar100 test 54 151
Cifar100 test 55 163
Cifar100 test 56 163
Cifar100 test 57 168
Cifar100 test 58 147
Cifar100 test 59 187
Cifar100 test 60 140
Cifar100 test 61 153
Cifar100 test 62 144
Cifar100 test 63 153
Cifar100 test 64 184
Cifar100 test 65 159
Cifar100 test 66 149
Cifar100 test 67 158
Cifar100 test 68 127
Cifar100 test 69 153
Cifar100 test 70 159
Cifar100 test 71 157
Cifar100 test 72 154
Cifar100 test 73 190
Cifar100 test 74 157
Cifar100 test 75 153
Cifar100 test 76 148
Cifar100 test 77 121
Cifar100 test 78 176
Cifar100 test 79 153
Cifar100 test 80 190
Cifar100 test 81 165
Cifar100 test 82 153
Cifar100 test 83 161
Cifar100 test 84 151
Cifar100 test 85 171
Cifar100 test 86 179
Cifar100 test 87 123
Cifar100 test 88 154
Cifar100 test 89 131
Cifar100 test 90 93
Cifar100 test 91 161
Cifar100 test 92 158
Cifar100 test 93 160
Cifar100 test 94 147
Cifar100 test 95 117
Cifar100 test 96 150
Cifar100 test 97 165
Cifar100 test 98 162
Cifar100 test 99 153
Traceback (most recent call last):
  File "/home/wenchang/asdasdsad/wjq/TTFL/releases/20260913-123501-ttfl-pfl-suite/scripts/prepare_pfllib.py", line 89, in <module>
    main()
  File "/home/wenchang/asdasdsad/wjq/TTFL/releases/20260913-123501-ttfl-pfl-suite/scripts/prepare_pfllib.py", line 50, in main
    with zipfile.ZipFile(raw/'tiny-imagenet-200.zip') as z:
         ^^^^^^^^^^^^^^^^^^^^^^^^^^^^^^^^^^^^^^^^^^^^
  File "/home/wenchang/anaconda3/envs/python3.12-tk2-2.3/lib/python3.12/zipfile/__init__.py", line 1370, in __init__
    self._RealGetContents()
  File "/home/wenchang/anaconda3/envs/python3.12-tk2-2.3/lib/python3.12/zipfile/__init__.py", line 1437, in _RealGetContents
    raise BadZipFile("File is not a zip file")
zipfile.BadZipFile: File is not a zip file
