[autodl] run_id=20260913-123833-ttfl-pfl-tinydata
[autodl] started_at=2026-09-13T12:38:40+08:00
Client 0	 Size of data: 1030	 Labels:  [  3   6  12  16  21  22  23  24  29  39  40  41  43  45  52  63  69  72
  74  78  85  86  97 103 106 113 114 115 127 134 138 139 143 148 151 152
 153 161 168 169 170 183 185 188 189 190 192 193 199]
		 Samples of labels:  [(3, 2), (6, 23), (12, 1), (16, 2), (21, 5), (22, 55), (23, 1), (24, 27), (29, 12), (39, 11), (40, 1), (41, 42), (43, 2), (45, 120), (52, 19), (63, 6), (69, 34), (72, 78), (74, 4), (78, 3), (85, 45), (86, 7), (97, 21), (103, 1), (106, 3), (113, 9), (114, 2), (115, 12), (127, 1), (134, 9), (138, 10), (139, 19), (143, 24), (148, 6), (151, 1), (152, 19), (153, 96), (161, 11), (168, 5), (169, 76), (170, 7), (183, 89), (185, 19), (188, 24), (189, 1), (190, 57), (192, 1), (193, 2), (199, 5)]
--------------------------------------------------
Client 1	 Size of data: 1176	 Labels:  [  1   4   8  10  12  16  17  19  21  22  23  24  25  30  31  33  40  41
  43  45  53  54  58  59  64  69  70  74  75  78  82  86  93  98 100 102
 107 110 115 118 121 124 126 127 129 131 132 133 137 139 143 144 150 151
 153 154 159 168 171 177 179 183 184 186]
		 Samples of labels:  [(1, 2), (4, 11), (8, 40), (10, 26), (12, 1), (16, 12), (17, 1), (19, 2), (21, 1), (22, 5), (23, 4), (24, 6), (25, 6), (30, 9), (31, 2), (33, 3), (40, 1), (41, 2), (43, 2), (45, 2), (53, 3), (54, 6), (58, 88), (59, 53), (64, 3), (69, 11), (70, 5), (74, 1), (75, 140), (78, 25), (82, 3), (86, 1), (93, 34), (98, 7), (100, 1), (102, 2), (107, 15), (110, 6), (115, 1), (118, 52), (121, 45), (124, 35), (126, 1), (127, 1), (129, 2), (131, 1), (132, 1), (133, 2), (137, 84), (139, 1), (143, 2), (144, 1), (150, 2), (151, 28), (153, 7), (154, 10), (159, 55), (168, 20), (171, 3), (177, 114), (179, 24), (183, 34), (184, 6), (186, 102)]
--------------------------------------------------
Client 2	 Size of data: 1100	 Labels:  [  0   1   5  11  12  17  23  24  25  27  32  34  35  37  38  40  44  47
  50  53  54  57  58  59  65  66  69  72  75  76  78  79  81  82  83  85
  86  93  98  99 103 107 108 111 115 117 119 120 122 124 126 131 133 134
 135 138 143 145 147 148 150 152 156 160 161]
		 Samples of labels:  [(0, 62), (1, 6), (5, 17), (11, 1), (12, 1), (17, 2), (23, 141), (24, 1), (25, 14), (27, 6), (32, 15), (34, 97), (35, 7), (37, 12), (38, 6), (40, 10), (44, 46), (47, 5), (50, 7), (53, 25), (54, 2), (57, 69), (58, 4), (59, 4), (65, 1), (66, 11), (69, 8), (72, 3), (75, 33), (76, 18), (78, 4), (79, 1), (81, 14), (82, 7), (83, 19), (85, 74), (86, 6), (93, 46), (98, 8), (99, 1), (103, 3), (107, 15), (108, 18), (111, 2), (115, 1), (117, 1), (119, 2), (120, 17), (122, 1), (124, 20), (126, 12), (131, 79), (133, 11), (134, 3), (135, 18), (138, 32), (143, 1), (145, 6), (147, 1), (148, 6), (150, 14), (152, 1), (156, 1), (160, 18), (161, 3)]
--------------------------------------------------
Client 3	 Size of data: 1102	 Labels:  [  0   1   2   4   5   6   7  21  23  27  33  36  37  40  44  48  49  50
  52  53  54  56  64  66  67  71  73  74  77  78  81  86  87  89  93  97
 100 101 102 105 108 111 113 116 118 123 125 126 127 128 129 131 132 134
 136 143 145 147 148 149 155 157 163 164 171 173 174 175 176 177 178 179]
		 Samples of labels:  [(0, 2), (1, 8), (2, 38), (4, 12), (5, 2), (6, 15), (7, 2), (21, 38), (23, 52), (27, 44), (33, 1), (36, 1), (37, 51), (40, 5), (44, 29), (48, 68), (49, 54), (50, 13), (52, 1), (53, 11), (54, 1), (56, 1), (64, 20), (66, 21), (67, 1), (71, 2), (73, 5), (74, 5), (77, 28), (78, 10), (81, 17), (86, 35), (87, 2), (89, 4), (93, 7), (97, 11), (100, 28), (101, 15), (102, 14), (105, 6), (108, 6), (111, 2), (113, 30), (116, 5), (118, 1), (123, 9), (125, 14), (126, 17), (127, 1), (128, 6), (129, 6), (131, 29), (132, 1), (134, 3), (136, 48), (143, 4), (145, 1), (147, 8), (148, 29), (149, 45), (155, 12), (157, 12), (163, 1), (164, 1), (171, 5), (173, 59), (174, 21), (175, 7), (176, 3), (177, 10), (178, 1), (179, 25)]
--------------------------------------------------
Client 4	 Size of data: 1135	 Labels:  [  1   2   5   7   9  10  14  20  21  24  26  31  33  35  37  38  40  45
  47  51  52  58  59  60  63  66  69  70  73  74  75  76  80  81  82  83
  85  86  87  88  93  95  97  98 100 103 105 108 109 113 118 119 121 125
 126 130 140 141 142 146 149 151]
		 Samples of labels:  [(1, 2), (2, 69), (5, 3), (7, 31), (9, 10), (10, 4), (14, 44), (20, 2), (21, 2), (24, 1), (26, 1), (31, 45), (33, 10), (35, 22), (37, 1), (38, 1), (40, 53), (45, 19), (47, 1), (51, 17), (52, 12), (58, 105), (59, 1), (60, 101), (63, 9), (66, 1), (69, 8), (70, 1), (73, 1), (74, 111), (75, 5), (76, 1), (80, 1), (81, 1), (82, 1), (83, 6), (85, 19), (86, 12), (87, 15), (88, 1), (93, 2), (95, 1), (97, 2), (98, 3), (100, 3), (103, 5), (105, 2), (108, 51), (109, 12), (113, 5), (118, 2), (119, 21), (121, 1), (125, 1), (126, 84), (130, 2), (140, 63), (141, 1), (142, 8), (146, 24), (149, 1), (151, 91)]
--------------------------------------------------
Client 5	 Size of data: 1047	 Labels:  [  0   4   5  16  17  18  19  21  22  24  32  35  41  42  44  45  54  61
  63  64  67  68  71  75  76  77  78  79  81  82  92  95  96  97  98 107
 108 110 113 117 119 120 124 126 128 131 132 138 142 146 151 154 156 163
 166 168 169 170 171 172 174 175 181 182 193 196 198]
		 Samples of labels:  [(0, 1), (4, 1), (5, 3), (16, 5), (17, 38), (18, 17), (19, 2), (21, 2), (22, 1), (24, 3), (32, 5), (35, 2), (41, 5), (42, 1), (44, 37), (45, 31), (54, 1), (61, 9), (63, 21), (64, 22), (67, 13), (68, 2), (71, 1), (75, 2), (76, 1), (77, 22), (78, 9), (79, 10), (81, 76), (82, 2), (92, 1), (95, 15), (96, 21), (97, 3), (98, 5), (107, 19), (108, 2), (110, 1), (113, 64), (117, 10), (119, 1), (120, 38), (124, 3), (126, 24), (128, 18), (131, 10), (132, 1), (138, 20), (142, 4), (146, 12), (151, 19), (154, 1), (156, 1), (163, 66), (166, 9), (168, 1), (169, 9), (170, 18), (171, 117), (172, 31), (174, 78), (175, 2), (181, 39), (182, 9), (193, 14), (196, 13), (198, 3)]
--------------------------------------------------
Client 6	 Size of data: 870	 Labels:  [  0   8   9  10  11  15  17  23  25  28  29  30  31  32  35  36  37  38
  45  48  50  56  59  65  70  74  77  85  87  88  90  96  99 101 105 109
 111 112 114 115 116 119 120 122 124 126 137 140 141 143 144 148 150 155
 158 164 165 169 170 171 173 174 176 178 179 183 185 186 188 191 195 196
 197 198 199]
		 Samples of labels:  [(0, 1), (8, 3), (9, 13), (10, 40), (11, 3), (15, 22), (17, 6), (23, 1), (25, 1), (28, 21), (29, 2), (30, 71), (31, 2), (32, 3), (35, 11), (36, 26), (37, 5), (38, 8), (45, 3), (48, 2), (50, 3), (56, 2), (59, 5), (65, 2), (70, 1), (74, 1), (77, 1), (85, 4), (87, 1), (88, 11), (90, 1), (96, 13), (99, 23), (101, 4), (105, 5), (109, 3), (111, 1), (112, 19), (114, 7), (115, 3), (116, 1), (119, 3), (120, 24), (122, 2), (124, 24), (126, 19), (137, 1), (140, 4), (141, 22), (143, 15), (144, 16), (148, 16), (150, 17), (155, 1), (158, 7), (164, 19), (165, 62), (169, 4), (170, 4), (171, 85), (173, 5), (174, 3), (176, 2), (178, 2), (179, 1), (183, 51), (185, 53), (186, 1), (188, 1), (191, 1), (195, 15), (196, 3), (197, 27), (198, 2), (199, 3)]
--------------------------------------------------
Client 7	 Size of data: 1174	 Labels:  [  0   3   5   6   7  10  13  14  16  19  22  27  29  31  33  38  39  41
  42  46  47  48  49  55  57  58  65  66  74  75  82  83  85  86  92  93
  95  98  99 100 105 107 108 111 113 118 119 124 126 127 129 130 134 135
 145 146 152 153 165 167 168 169 175 178 181 182 183 184 186 188 192 193]
		 Samples of labels:  [(0, 2), (3, 9), (5, 4), (6, 18), (7, 25), (10, 1), (13, 26), (14, 1), (16, 18), (19, 1), (22, 7), (27, 3), (29, 64), (31, 1), (33, 5), (38, 1), (39, 1), (41, 3), (42, 2), (46, 15), (47, 3), (48, 1), (49, 18), (55, 27), (57, 1), (58, 14), (65, 5), (66, 1), (74, 48), (75, 31), (82, 3), (83, 9), (85, 1), (86, 7), (92, 8), (93, 2), (95, 18), (98, 15), (99, 1), (100, 9), (105, 1), (107, 8), (108, 10), (111, 16), (113, 1), (118, 2), (119, 3), (124, 47), (126, 50), (127, 5), (129, 2), (130, 1), (134, 12), (135, 1), (145, 2), (146, 40), (152, 51), (153, 2), (165, 3), (167, 85), (168, 35), (169, 1), (175, 17), (178, 85), (181, 67), (182, 2), (183, 6), (184, 5), (186, 9), (188, 43), (192, 1), (193, 132)]
--------------------------------------------------
Client 8	 Size of data: 1101	 Labels:  [  0   2   3   4   5   8   9  10  17  18  23  27  28  32  34  38  41  42
  43  47  50  54  55  60  64  65  67  70  71  72  73  74  75  78  80  83
  84  89  93  94  97 101 109 110 117 119 120 126 128 135 137 142 147 149
 150 151 155 158 160 162 163 167 169 170 171 173 174 175 176 182 183 184
 186]
		 Samples of labels:  [(0, 26), (2, 9), (3, 12), (4, 10), (5, 16), (8, 1), (9, 6), (10, 3), (17, 1), (18, 96), (23, 3), (27, 11), (28, 12), (32, 10), (34, 1), (38, 4), (41, 11), (42, 2), (43, 1), (47, 3), (50, 10), (54, 6), (55, 1), (60, 3), (64, 80), (65, 2), (67, 43), (70, 39), (71, 24), (72, 1), (73, 1), (74, 1), (75, 1), (78, 1), (80, 7), (83, 17), (84, 7), (89, 3), (93, 2), (94, 128), (97, 5), (101, 86), (109, 32), (110, 5), (117, 45), (119, 2), (120, 10), (126, 2), (128, 8), (135, 1), (137, 2), (142, 4), (147, 67), (149, 6), (150, 2), (151, 6), (155, 51), (158, 3), (160, 4), (162, 12), (163, 29), (167, 1), (169, 7), (170, 8), (171, 1), (173, 3), (174, 1), (175, 19), (176, 21), (182, 6), (183, 33), (184, 1), (186, 3)]
--------------------------------------------------
Client 9	 Size of data: 1139	 Labels:  [ 1  3  4  5  9 13 15 17 18 19 23 24 26 32 33 38 39 41 46 47 48 50 51 52
 53 56 58 59 60 63 64 66 67 69 71 78 82 86 88 90 92]
		 Samples of labels:  [(1, 18), (3, 54), (4, 5), (5, 21), (9, 203), (13, 2), (15, 8), (17, 18), (18, 22), (19, 1), (23, 14), (24, 1), (26, 10), (32, 1), (33, 2), (38, 1), (39, 4), (41, 4), (46, 124), (47, 2), (48, 6), (50, 1), (51, 8), (52, 172), (53, 3), (56, 43), (58, 2), (59, 46), (60, 11), (63, 1), (64, 65), (66, 52), (67, 26), (69, 15), (71, 5), (78, 17), (82, 2), (86, 1), (88, 1), (90, 78), (92, 69)]
--------------------------------------------------
Client 10	 Size of data: 1116	 Labels:  [  0   2   5   7   8  11  12  13  15  19  22  24  28  36  40  41  42  45
  47  50  53  54  55  56  57  58  59  60  62  66  67  70  72  75  76  79
  81  84  85  86  91  99 104 106 113 117 118 119 120 123 124 125 126 132
 133 134 136 137 140 141 143 144 147 152 154 155 158 160 161 165 171 173
 175 176 178 181 182 183 186 187 188 189 190 191 192 197]
		 Samples of labels:  [(0, 17), (2, 6), (5, 1), (7, 2), (8, 11), (11, 2), (12, 5), (13, 101), (15, 1), (19, 32), (22, 1), (24, 4), (28, 4), (36, 2), (40, 3), (41, 43), (42, 70), (45, 5), (47, 2), (50, 38), (53, 1), (54, 29), (55, 5), (56, 4), (57, 11), (58, 5), (59, 54), (60, 3), (62, 7), (66, 1), (67, 9), (70, 29), (72, 1), (75, 13), (76, 6), (79, 1), (81, 2), (84, 2), (85, 134), (86, 13), (91, 1), (99, 6), (104, 2), (106, 2), (113, 9), (117, 11), (118, 1), (119, 13), (120, 1), (123, 31), (124, 9), (125, 1), (126, 6), (132, 22), (133, 2), (134, 22), (136, 5), (137, 61), (140, 32), (141, 14), (143, 6), (144, 10), (147, 2), (152, 1), (154, 6), (155, 1), (158, 1), (160, 11), (161, 1), (165, 11), (171, 1), (173, 3), (175, 7), (176, 11), (178, 2), (181, 1), (182, 6), (183, 1), (186, 1), (187, 1), (188, 2), (189, 11), (190, 10), (191, 9), (192, 12), (197, 57)]
--------------------------------------------------
Client 11	 Size of data: 1107	 Labels:  [  4   6  11  15  16  22  23  25  26  28  31  33  35  36  38  40  42  46
  56  57  59  74  77  81  83  86  87  93  94  95 101 103 107 109 112 113
 114 116 118 130 132 133 135 139 141 142 143 148 150 152 155 158 159 161
 165 166 168 177 187 189 190 192 194 196]
		 Samples of labels:  [(4, 21), (6, 1), (11, 3), (15, 60), (16, 2), (22, 12), (23, 11), (25, 33), (26, 2), (28, 3), (31, 3), (33, 2), (35, 7), (36, 6), (38, 91), (40, 42), (42, 17), (46, 5), (56, 27), (57, 11), (59, 3), (74, 9), (77, 2), (81, 56), (83, 73), (86, 1), (87, 6), (93, 6), (94, 1), (95, 1), (101, 74), (103, 2), (107, 4), (109, 1), (112, 3), (113, 29), (114, 1), (116, 62), (118, 2), (130, 30), (132, 9), (133, 55), (135, 1), (139, 22), (141, 29), (142, 6), (143, 2), (148, 16), (150, 6), (152, 2), (155, 1), (158, 1), (159, 1), (161, 5), (165, 2), (166, 72), (168, 5), (177, 1), (187, 2), (189, 1), (190, 44), (192, 2), (194, 48), (196, 49)]
--------------------------------------------------
Client 12	 Size of data: 1123	 Labels:  [  1   2   5   7   8  11  12  13  17  18  20  21  24  25  28  34  36  37
  39  41  42  49  51  52  53  54  58  59  60  61  67  68  70  72  74  83
  84  86  87  88  89  90  94 100 102 103 105 107 108 110 112 114 124 129
 131 133 136 138 144 148 151 153 155 157 158 160 162 164 166 167 170 173
 175]
		 Samples of labels:  [(1, 1), (2, 1), (5, 8), (7, 69), (8, 46), (11, 2), (12, 24), (13, 1), (17, 11), (18, 2), (20, 4), (21, 5), (24, 2), (25, 32), (28, 36), (34, 30), (36, 3), (37, 10), (39, 30), (41, 1), (42, 1), (49, 2), (51, 2), (52, 3), (53, 18), (54, 1), (58, 1), (59, 8), (60, 2), (61, 8), (67, 1), (68, 1), (70, 1), (72, 43), (74, 1), (83, 35), (84, 73), (86, 13), (87, 14), (88, 14), (89, 7), (90, 11), (94, 78), (100, 18), (102, 3), (103, 2), (105, 1), (107, 14), (108, 2), (110, 2), (112, 1), (114, 1), (124, 9), (129, 1), (131, 6), (133, 14), (136, 1), (138, 10), (144, 89), (148, 1), (151, 10), (153, 18), (155, 1), (157, 2), (158, 14), (160, 89), (162, 1), (164, 41), (166, 47), (167, 3), (170, 15), (173, 2), (175, 49)]
--------------------------------------------------
Client 13	 Size of data: 1105	 Labels:  [  2   8   9  13  14  18  20  22  23  24  25  27  34  36  37  38  41  42
  45  49  54  56  57  58  60  62  64  65  71  73  74  75  77  81  83  84
  85  86  87  89  99 102 103 105 107 108 110 115 121 122 126 127 132 135
 136 137 142 143 144 146 147 151 154 159 162 165 166 168 172 177 181 182]
		 Samples of labels:  [(2, 18), (8, 2), (9, 11), (13, 9), (14, 17), (18, 53), (20, 1), (22, 3), (23, 1), (24, 1), (25, 17), (27, 60), (34, 1), (36, 1), (37, 4), (38, 1), (41, 44), (42, 17), (45, 14), (49, 29), (54, 27), (56, 23), (57, 14), (58, 1), (60, 1), (62, 12), (64, 3), (65, 2), (71, 89), (73, 14), (74, 4), (75, 1), (77, 1), (81, 10), (83, 13), (84, 51), (85, 5), (86, 15), (87, 2), (89, 1), (99, 2), (102, 25), (103, 29), (105, 44), (107, 1), (108, 9), (110, 12), (115, 41), (121, 1), (122, 3), (126, 2), (127, 7), (132, 36), (135, 31), (136, 14), (137, 3), (142, 10), (143, 5), (144, 3), (146, 117), (147, 9), (151, 14), (154, 45), (159, 1), (162, 1), (165, 4), (166, 5), (168, 6), (172, 17), (177, 2), (181, 3), (182, 10)]
--------------------------------------------------
Client 14	 Size of data: 1006	 Labels:  [  0   1   5   6   7   8  11  14  16  17  20  21  25  27  32  33  35  37
  38  40  41  42  45  47  51  52  54  57  59  61  63  64  67  68  70  77
  82  83  84  88  91  92  93  94  98 102 105 106 109 114 116 121 122 125
 128 130 134 137 138 139 140 142 143 147 148 150 152 153 156 160 169 171
 177 178 179 181 182 185 186 190 191 198 199]
		 Samples of labels:  [(0, 11), (1, 2), (5, 2), (6, 1), (7, 2), (8, 17), (11, 3), (14, 8), (16, 64), (17, 1), (20, 3), (21, 6), (25, 6), (27, 1), (32, 2), (33, 1), (35, 12), (37, 1), (38, 8), (40, 1), (41, 51), (42, 2), (45, 8), (47, 1), (51, 3), (52, 32), (54, 1), (57, 22), (59, 1), (61, 8), (63, 3), (64, 3), (67, 2), (68, 1), (70, 2), (77, 3), (82, 57), (83, 26), (84, 4), (88, 1), (91, 1), (92, 29), (93, 1), (94, 1), (98, 1), (102, 8), (105, 6), (106, 6), (109, 1), (114, 1), (116, 11), (121, 3), (122, 1), (125, 6), (128, 3), (130, 39), (134, 2), (137, 2), (138, 124), (139, 10), (140, 2), (142, 1), (143, 3), (147, 1), (148, 10), (150, 45), (152, 6), (153, 10), (156, 44), (160, 1), (169, 4), (171, 4), (177, 18), (178, 37), (179, 23), (181, 18), (182, 2), (185, 17), (186, 58), (190, 11), (191, 2), (198, 4), (199, 46)]
--------------------------------------------------
Client 15	 Size of data: 1032	 Labels:  [  1   4   7   8  16  20  22  24  29  33  35  39  41  42  43  46  47  48
  51  52  53  61  64  67  73  75  79  80  83  85  86  90  96  98 104 105
 112 113 115 119 123 124 126 129 130 132 134 135 136 141 145 150 155 157
 158 163 165 168 170 173 175 176 179 180 182 184 192 193 196 198 199]
		 Samples of labels:  [(1, 17), (4, 87), (7, 1), (8, 17), (16, 1), (20, 1), (22, 2), (24, 1), (29, 4), (33, 110), (35, 1), (39, 25), (41, 26), (42, 1), (43, 1), (46, 4), (47, 55), (48, 4), (51, 14), (52, 5), (53, 11), (61, 30), (64, 1), (67, 83), (73, 1), (75, 27), (79, 8), (80, 2), (83, 2), (85, 2), (86, 17), (90, 68), (96, 1), (98, 7), (104, 15), (105, 8), (112, 2), (113, 45), (115, 1), (119, 3), (123, 8), (124, 1), (126, 3), (129, 1), (130, 1), (132, 1), (134, 24), (135, 36), (136, 3), (141, 1), (145, 39), (150, 4), (155, 8), (157, 10), (158, 11), (163, 4), (165, 1), (168, 31), (170, 2), (173, 8), (175, 2), (176, 3), (179, 9), (180, 1), (182, 5), (184, 5), (192, 14), (193, 1), (196, 6), (198, 41), (199, 37)]
--------------------------------------------------
Client 16	 Size of data: 1159	 Labels:  [  0   2   7   8  14  20  22  29  32  33  34  36  38  40  44  49  54  58
  60  62  64  77  78  79  81  83  88  89  91  92  94  98  99 102 103 104
 105 107 108 110 112 117 118 119 120 125 126 128 129 135 137 140 141 143
 144 149 150 151 152 154 155 156 164 165 171 172 173 174 175]
		 Samples of labels:  [(0, 6), (2, 1), (7, 91), (8, 16), (14, 3), (20, 3), (22, 12), (29, 24), (32, 4), (33, 67), (34, 30), (36, 1), (38, 4), (40, 1), (44, 18), (49, 12), (54, 2), (58, 34), (60, 5), (62, 2), (64, 8), (77, 6), (78, 8), (79, 10), (81, 1), (83, 4), (88, 1), (89, 1), (91, 18), (92, 79), (94, 3), (98, 4), (99, 3), (102, 18), (103, 1), (104, 1), (105, 21), (107, 11), (108, 45), (110, 1), (112, 1), (117, 26), (118, 21), (119, 89), (120, 51), (125, 2), (126, 1), (128, 1), (129, 41), (135, 23), (137, 1), (140, 1), (141, 46), (143, 2), (144, 1), (149, 1), (150, 1), (151, 22), (152, 11), (154, 40), (155, 17), (156, 3), (164, 20), (165, 3), (171, 27), (172, 18), (173, 1), (174, 2), (175, 106)]
--------------------------------------------------
Client 17	 Size of data: 945	 Labels:  [  2   7   9  11  13  14  16  17  30  32  33  37  38  39  40  42  46  49
  52  56  57  62  65  72  74  81  83  84  86  98 100 104 107 110 113 114
 119 120 122 124 125 129 136 137 142 145 147 149 151 157 159 160 165 166
 169 174 175 181 185 187 190 192 197 198]
		 Samples of labels:  [(2, 3), (7, 2), (9, 11), (11, 14), (13, 9), (14, 2), (16, 33), (17, 9), (30, 23), (32, 1), (33, 1), (37, 6), (38, 66), (39, 80), (40, 1), (42, 1), (46, 10), (49, 4), (52, 37), (56, 24), (57, 3), (62, 99), (65, 1), (72, 8), (74, 2), (81, 5), (83, 1), (84, 4), (86, 1), (98, 15), (100, 15), (104, 17), (107, 19), (110, 2), (113, 15), (114, 25), (119, 15), (120, 2), (122, 7), (124, 2), (125, 1), (129, 4), (136, 112), (137, 1), (142, 1), (145, 1), (147, 3), (149, 3), (151, 5), (157, 9), (159, 3), (160, 9), (165, 28), (166, 1), (169, 5), (174, 3), (175, 2), (181, 23), (185, 125), (187, 1), (190, 3), (192, 3), (197, 3), (198, 1)]
--------------------------------------------------
Client 18	 Size of data: 857	 Labels:  [  6   8  12  15  17  20  23  27  29  35  36  38  40  42  44  47  56  57
  63  68  77  79  82  84  85  86  87  94  95 103 105 109 112 118 122 123
 124 133 134 136 138 142 144 145 150 152 158 165 166 167 170 173 175 177
 178 181 183 187 193 196 197]
		 Samples of labels:  [(6, 15), (8, 8), (12, 1), (15, 3), (17, 1), (20, 3), (23, 24), (27, 51), (29, 15), (35, 21), (36, 12), (38, 5), (40, 53), (42, 12), (44, 3), (47, 71), (56, 4), (57, 8), (63, 1), (68, 1), (77, 1), (79, 1), (82, 10), (84, 4), (85, 1), (86, 8), (87, 1), (94, 5), (95, 6), (103, 2), (105, 7), (109, 6), (112, 1), (118, 3), (122, 15), (123, 1), (124, 3), (133, 1), (134, 6), (136, 1), (138, 3), (142, 1), (144, 1), (145, 3), (150, 3), (152, 3), (158, 1), (165, 33), (166, 17), (167, 74), (170, 1), (173, 25), (175, 12), (177, 26), (178, 68), (181, 1), (183, 80), (187, 65), (193, 6), (196, 35), (197, 4)]
--------------------------------------------------
Client 19	 Size of data: 974	 Labels:  [  2   3   5  10  11  13  14  21  22  24  25  27  28  29  37  38  39  41
  58  61  64  65  71  73  78  79  88  91  94  95  97  98 100 101 103 107
 109 114 116 117 121 122 123 127 130 138 146 148 150 151 163 165 167 172
 173 174 175 177 182 184 188 190 196 198]
		 Samples of labels:  [(2, 1), (3, 1), (5, 23), (10, 10), (11, 4), (13, 12), (14, 25), (21, 1), (22, 19), (24, 49), (25, 1), (27, 1), (28, 5), (29, 38), (37, 37), (38, 24), (39, 2), (41, 24), (58, 4), (61, 1), (64, 1), (65, 9), (71, 1), (73, 7), (78, 1), (79, 11), (88, 1), (91, 3), (94, 37), (95, 32), (97, 3), (98, 2), (100, 1), (101, 1), (103, 1), (107, 2), (109, 17), (114, 64), (116, 6), (117, 1), (121, 1), (122, 101), (123, 1), (127, 2), (130, 2), (138, 2), (146, 11), (148, 5), (150, 4), (151, 80), (163, 1), (165, 2), (167, 2), (172, 80), (173, 6), (174, 4), (175, 1), (177, 79), (182, 1), (184, 36), (188, 14), (190, 49), (196, 1), (198, 6)]
--------------------------------------------------
Client 20	 Size of data: 1126	 Labels:  [  0   6   7  10  11  16  18  19  20  23  25  32  34  35  39  41  43  44
  47  49  53  55  56  58  60  66  70  71  75  76  77  78  80  82  83  87
  88  91  92  95 101 103 105 106 109 113 114 115 118 119 122 126 128 130
 138 143 145 148 151 153 154 155 162 165]
		 Samples of labels:  [(0, 23), (6, 3), (7, 1), (10, 17), (11, 1), (16, 3), (18, 17), (19, 1), (20, 1), (23, 22), (25, 2), (32, 15), (34, 1), (35, 1), (39, 5), (41, 51), (43, 31), (44, 16), (47, 107), (49, 15), (53, 1), (55, 1), (56, 84), (58, 3), (60, 3), (66, 7), (70, 5), (71, 31), (75, 1), (76, 1), (77, 15), (78, 1), (80, 27), (82, 23), (83, 61), (87, 22), (88, 19), (91, 1), (92, 4), (95, 1), (101, 19), (103, 12), (105, 15), (106, 1), (109, 1), (113, 12), (114, 51), (115, 9), (118, 3), (119, 6), (122, 11), (126, 12), (128, 68), (130, 37), (138, 80), (143, 6), (145, 4), (148, 19), (151, 1), (153, 1), (154, 34), (155, 2), (162, 32), (165, 46)]
--------------------------------------------------
Client 21	 Size of data: 948	 Labels:  [  0   1   6   8  10  14  15  23  25  27  31  35  37  47  53  54  56  58
  62  69  72  74  75  81  85  95  96  97  98 100 106 110 112 113 114 117
 119 122 126 127 131 132 136 137 138 142 143 146 148 150 152 153 159 160
 161 163 166 168 169 175 176 178 181 184 187 188 193 195 197 198]
		 Samples of labels:  [(0, 34), (1, 44), (6, 8), (8, 23), (10, 26), (14, 3), (15, 16), (23, 2), (25, 2), (27, 15), (31, 2), (35, 2), (37, 5), (47, 3), (53, 31), (54, 24), (56, 15), (58, 15), (62, 3), (69, 12), (72, 26), (74, 33), (75, 2), (81, 5), (85, 1), (95, 3), (96, 4), (97, 13), (98, 1), (100, 9), (106, 6), (110, 6), (112, 22), (113, 2), (114, 31), (117, 38), (119, 15), (122, 1), (126, 10), (127, 1), (131, 2), (132, 21), (136, 2), (137, 19), (138, 32), (142, 1), (143, 34), (146, 3), (148, 21), (150, 5), (152, 15), (153, 48), (159, 3), (160, 3), (161, 2), (163, 13), (166, 1), (168, 1), (169, 40), (175, 3), (176, 7), (178, 1), (181, 1), (184, 55), (187, 2), (188, 1), (193, 39), (195, 29), (197, 16), (198, 14)]
--------------------------------------------------
Client 22	 Size of data: 1105	 Labels:  [  0   1   3   4   5   8  10  12  13  16  17  18  20  22  26  28  32  33
  36  40  43  44  47  52  57  58  60  65  66  69  74  76  78  82  84  90
  91  95  99 100 102 103 104 106 107 108 109 115 116 117 118 120 123 124
 125 135 141 145 146 151 155 157 161 164 167 168 170 173 174 175 176 179
 180 181 183 184 186 189 190]
		 Samples of labels:  [(0, 48), (1, 6), (3, 51), (4, 1), (5, 8), (8, 74), (10, 11), (12, 39), (13, 1), (16, 9), (17, 4), (18, 3), (20, 11), (22, 1), (26, 2), (28, 8), (32, 2), (33, 1), (36, 40), (40, 7), (43, 1), (44, 3), (47, 9), (52, 1), (57, 18), (58, 4), (60, 41), (65, 13), (66, 20), (69, 8), (74, 15), (76, 11), (78, 11), (82, 3), (84, 1), (90, 1), (91, 8), (95, 2), (99, 1), (100, 2), (102, 74), (103, 12), (104, 3), (106, 1), (107, 32), (108, 6), (109, 1), (115, 50), (116, 3), (117, 8), (118, 1), (120, 6), (123, 9), (124, 5), (125, 16), (135, 14), (141, 7), (145, 131), (146, 1), (151, 1), (155, 16), (157, 23), (161, 3), (164, 1), (167, 2), (168, 9), (170, 7), (173, 4), (174, 55), (175, 11), (176, 1), (179, 1), (180, 1), (181, 6), (183, 40), (184, 3), (186, 21), (189, 3), (190, 17)]
--------------------------------------------------
Client 23	 Size of data: 1108	 Labels:  [  0   1   2   5   7  12  13  14  17  18  20  22  25  32  33  37  39  40
  45  46  47  48  50  51  52  54  56  62  67  69  70  71  74  75  78  81
  84  85  86  88  94  96  98  99 103 106 107 108 110 111 119 121 122 124
 125]
		 Samples of labels:  [(0, 22), (1, 16), (2, 9), (5, 44), (7, 16), (12, 134), (13, 75), (14, 15), (17, 1), (18, 9), (20, 14), (22, 1), (25, 2), (32, 10), (33, 4), (37, 1), (39, 8), (40, 4), (45, 45), (46, 6), (47, 3), (48, 18), (50, 6), (51, 1), (52, 44), (54, 1), (56, 1), (62, 3), (67, 18), (69, 1), (70, 47), (71, 70), (74, 1), (75, 5), (78, 1), (81, 1), (84, 57), (85, 16), (86, 8), (88, 14), (94, 1), (96, 2), (98, 4), (99, 49), (103, 69), (106, 4), (107, 1), (108, 87), (110, 71), (111, 1), (119, 30), (121, 6), (122, 20), (124, 2), (125, 9)]
--------------------------------------------------
Client 24	 Size of data: 1103	 Labels:  [  3   6   9  14  15  23  26  28  29  32  34  36  40  42  43  47  51  52
  56  57  58  60  65  66  67  69  70  71  73  76  80  82  83  87  88  90
  91  92  97  98 102 103 106 107 109 110 112 114 115 116 118 119 125 128
 137 144 146 147 148 149 150 151 153 154 155 158 162 165 166 168 170 171
 172 176]
		 Samples of labels:  [(3, 2), (6, 24), (9, 1), (14, 7), (15, 1), (23, 5), (26, 17), (28, 1), (29, 3), (32, 3), (34, 30), (36, 1), (40, 1), (42, 12), (43, 5), (47, 15), (51, 52), (52, 13), (56, 5), (57, 31), (58, 21), (60, 1), (65, 31), (66, 6), (67, 18), (69, 1), (70, 12), (71, 22), (73, 1), (76, 3), (80, 1), (82, 9), (83, 9), (87, 23), (88, 74), (90, 2), (91, 31), (92, 13), (97, 1), (98, 2), (102, 2), (103, 66), (106, 9), (107, 2), (109, 36), (110, 1), (112, 1), (114, 1), (115, 35), (116, 6), (118, 1), (119, 5), (125, 51), (128, 19), (137, 2), (144, 12), (146, 42), (147, 10), (148, 1), (149, 38), (150, 12), (151, 4), (153, 1), (154, 61), (155, 36), (158, 4), (162, 1), (165, 15), (166, 51), (168, 1), (170, 4), (171, 29), (172, 28), (176, 6)]
--------------------------------------------------
Client 25	 Size of data: 1135	 Labels:  [  0   6   8  13  29  31  33  41  44  45  48  52  54  56  63  64  66  67
  71  73  74  78  81  82  86  90  96  98  99 100 112 113 118 120 123 127
 131 135 141 143 146 151 153 154 156 157 161 162 165 168 169 171 176 180
 181 182 183 184 185]
		 Samples of labels:  [(0, 42), (6, 4), (8, 3), (13, 4), (29, 19), (31, 6), (33, 34), (41, 4), (44, 5), (45, 30), (48, 1), (52, 17), (54, 4), (56, 13), (63, 35), (64, 8), (66, 4), (67, 1), (71, 17), (73, 10), (74, 18), (78, 5), (81, 17), (82, 49), (86, 3), (90, 1), (96, 36), (98, 10), (99, 10), (100, 3), (112, 5), (113, 1), (118, 3), (120, 7), (123, 15), (127, 3), (131, 60), (135, 2), (141, 5), (143, 1), (146, 12), (151, 2), (153, 26), (154, 14), (156, 114), (157, 2), (161, 2), (162, 5), (165, 5), (168, 131), (169, 1), (171, 67), (176, 13), (180, 1), (181, 21), (182, 135), (183, 1), (184, 1), (185, 67)]
--------------------------------------------------
Client 26	 Size of data: 1128	 Labels:  [  3   4  11  12  14  16  17  21  23  24  26  27  29  30  31  34  35  36
  37  39  42  43  46  52  54  55  57  59  61  70  73  75  77  78  79  80
  83  84  88  93  95 100 102 103 105 107 108 109 110 112 114 115 117 122
 123 126 131 134 137 146 149 154 155 162 164 168 170 175]
		 Samples of labels:  [(3, 4), (4, 68), (11, 2), (12, 1), (14, 1), (16, 1), (17, 2), (21, 9), (23, 2), (24, 7), (26, 7), (27, 30), (29, 13), (30, 13), (31, 1), (34, 46), (35, 10), (36, 61), (37, 2), (39, 1), (42, 5), (43, 4), (46, 4), (52, 1), (54, 90), (55, 55), (57, 49), (59, 33), (61, 1), (70, 8), (73, 3), (75, 1), (77, 6), (78, 6), (79, 1), (80, 13), (83, 4), (84, 12), (88, 10), (93, 1), (95, 15), (100, 1), (102, 15), (103, 3), (105, 42), (107, 15), (108, 24), (109, 3), (110, 1), (112, 50), (114, 2), (115, 5), (117, 1), (122, 9), (123, 14), (126, 8), (131, 56), (134, 50), (137, 22), (146, 2), (149, 5), (154, 29), (155, 1), (162, 17), (164, 19), (168, 1), (170, 21), (175, 109)]
--------------------------------------------------
Client 27	 Size of data: 1137	 Labels:  [  0   1   3   7  11  12  13  17  18  19  22  26  32  34  44  45  52  55
  59  60  61  62  63  64  65  75  76  77  79  81  82  87  88  91  92  95
  96  97  98  99 100 101 105 107 109 113 116 117 120 124 127 128 130 131
 133 138 141 143 145 148 153 158 160 161 164 171 172 174 176 178 180]
		 Samples of labels:  [(0, 19), (1, 12), (3, 27), (7, 70), (11, 2), (12, 5), (13, 1), (17, 13), (18, 1), (19, 3), (22, 1), (26, 83), (32, 1), (34, 18), (44, 8), (45, 1), (52, 8), (55, 18), (59, 14), (60, 1), (61, 5), (62, 15), (63, 1), (64, 64), (65, 1), (75, 7), (76, 12), (77, 1), (79, 74), (81, 4), (82, 1), (87, 1), (88, 41), (91, 20), (92, 72), (95, 1), (96, 5), (97, 118), (98, 21), (99, 2), (100, 1), (101, 2), (105, 3), (107, 4), (109, 11), (113, 1), (116, 5), (117, 18), (120, 4), (124, 10), (127, 4), (128, 1), (130, 7), (131, 2), (133, 1), (138, 52), (141, 2), (143, 7), (145, 3), (148, 2), (153, 5), (158, 21), (160, 3), (161, 9), (164, 1), (171, 30), (172, 2), (174, 28), (176, 3), (178, 69), (180, 54)]
--------------------------------------------------
Client 28	 Size of data: 1102	 Labels:  [  2   5   6   8  11  12  15  16  18  19  20  22  23  28  30  31  33  37
  38  39  41  44  45  50  52  54  57  59  65  68  69  72  74  80  82  84
  85  86  87  88  89  92  94  96  97  98 101 102 108 109 114 115 118 123
 124 126 127 129 130 147 148 151 158 160 162 163 165 167]
		 Samples of labels:  [(2, 46), (5, 12), (6, 7), (8, 6), (11, 10), (12, 1), (15, 107), (16, 12), (18, 3), (19, 2), (20, 1), (22, 11), (23, 6), (28, 14), (30, 37), (31, 2), (33, 45), (37, 3), (38, 7), (39, 4), (41, 48), (44, 14), (45, 3), (50, 69), (52, 9), (54, 1), (57, 23), (59, 5), (65, 11), (68, 1), (69, 1), (72, 29), (74, 7), (80, 3), (82, 4), (84, 1), (85, 3), (86, 6), (87, 22), (88, 1), (89, 19), (92, 2), (94, 1), (96, 5), (97, 5), (98, 28), (101, 7), (102, 4), (108, 1), (109, 1), (114, 36), (115, 1), (118, 55), (123, 8), (124, 2), (126, 27), (127, 2), (129, 1), (130, 90), (147, 11), (148, 1), (151, 23), (158, 112), (160, 3), (162, 3), (163, 8), (165, 43), (167, 6)]
--------------------------------------------------
Client 29	 Size of data: 1221	 Labels:  [  8   9  21  28  29  30  37  38  41  42  44  48  49  50  53  54  58  59
  63  67  72  74  75  76  77  78  80  88  90  91  96  99 101 102 110 111
 112 113 115 116 117 118 120 126 128 129 132 135 140 143 144 148 149 150
 151 152 154 156 163]
		 Samples of labels:  [(8, 1), (9, 16), (21, 1), (28, 1), (29, 3), (30, 4), (37, 14), (38, 47), (41, 55), (42, 18), (44, 1), (48, 1), (49, 11), (50, 39), (53, 3), (54, 5), (58, 41), (59, 1), (63, 11), (67, 14), (72, 42), (74, 7), (75, 45), (76, 9), (77, 26), (78, 1), (80, 7), (88, 24), (90, 3), (91, 13), (96, 4), (99, 7), (101, 22), (102, 3), (110, 39), (111, 1), (112, 3), (113, 6), (115, 30), (116, 9), (117, 89), (118, 1), (120, 25), (126, 17), (128, 3), (129, 40), (132, 1), (135, 3), (140, 1), (143, 8), (144, 1), (148, 1), (149, 58), (150, 2), (151, 5), (152, 27), (154, 31), (156, 64), (163, 256)]
--------------------------------------------------
Client 30	 Size of data: 1117	 Labels:  [  0   1   2   7   9  12  18  19  23  24  25  29  31  35  38  40  43  47
  49  51  53  55  56  57  58  59  63  66  67  68  71  72  73  76  80  82
  83  84  85  89  90  92  94  97 100 104 106 108 110 111 112 117 118 122
 123 127 129 130 131 134 137 140 143 147 149 154 162 165 169 170]
		 Samples of labels:  [(0, 1), (1, 1), (2, 3), (7, 2), (9, 9), (12, 47), (18, 25), (19, 36), (23, 2), (24, 1), (25, 1), (29, 5), (31, 1), (35, 6), (38, 1), (40, 8), (43, 1), (47, 1), (49, 1), (51, 5), (53, 22), (55, 84), (56, 1), (57, 1), (58, 1), (59, 1), (63, 5), (66, 2), (67, 27), (68, 20), (71, 5), (72, 4), (73, 1), (76, 53), (80, 1), (82, 13), (83, 1), (84, 6), (85, 1), (89, 23), (90, 9), (92, 12), (94, 7), (97, 8), (100, 1), (104, 4), (106, 1), (108, 5), (110, 21), (111, 1), (112, 1), (117, 1), (118, 25), (122, 1), (123, 1), (127, 28), (129, 13), (130, 72), (131, 4), (134, 8), (137, 22), (140, 2), (143, 1), (147, 26), (149, 7), (154, 38), (162, 12), (165, 6), (169, 193), (170, 158)]
--------------------------------------------------
Client 31	 Size of data: 1190	 Labels:  [  2  11  26  30  38  42  43  44  49  52  55  56  59  61  62  63  67  69
  71  74  78  79  81  86  89  90  91  92  93  94  99 103 106 110 111 112
 114 116 118 122 123 128 132 138 144 150 152 153 155 158 162 164 167 171
 173 175 183 184 190 192 194 197]
		 Samples of labels:  [(2, 1), (11, 22), (26, 36), (30, 7), (38, 34), (42, 8), (43, 79), (44, 36), (49, 1), (52, 4), (55, 16), (56, 1), (59, 5), (61, 36), (62, 4), (63, 30), (67, 2), (69, 19), (71, 8), (74, 1), (78, 3), (79, 3), (81, 10), (86, 7), (89, 1), (90, 46), (91, 1), (92, 1), (93, 1), (94, 1), (99, 20), (103, 15), (106, 1), (110, 44), (111, 7), (112, 4), (114, 40), (116, 3), (118, 4), (122, 17), (123, 2), (128, 6), (132, 2), (138, 28), (144, 19), (150, 31), (152, 28), (153, 6), (155, 40), (158, 1), (162, 16), (164, 3), (167, 10), (171, 9), (173, 15), (175, 6), (183, 1), (184, 112), (190, 8), (192, 2), (194, 33), (197, 233)]
--------------------------------------------------
Client 32	 Size of data: 1103	 Labels:  [  2   3   4   9  11  13  14  16  19  25  29  32  37  40  46  52  53  59
  61  62  67  69  71  73  75  78  80  82  91  95  99 102 103 106 109 128
 133 139 144 148 151 153 154 155 156 157 159 167 174 176 178 180]
		 Samples of labels:  [(2, 59), (3, 2), (4, 6), (9, 1), (11, 61), (13, 1), (14, 11), (16, 2), (19, 2), (25, 37), (29, 1), (32, 25), (37, 6), (40, 4), (46, 6), (52, 4), (53, 2), (59, 43), (61, 1), (62, 2), (67, 1), (69, 1), (71, 36), (73, 1), (75, 1), (78, 1), (80, 111), (82, 1), (91, 23), (95, 1), (99, 1), (102, 39), (103, 12), (106, 4), (109, 12), (128, 9), (133, 117), (139, 2), (144, 1), (148, 3), (151, 1), (153, 102), (154, 1), (155, 98), (156, 5), (157, 1), (159, 7), (167, 34), (174, 33), (176, 36), (178, 6), (180, 126)]
--------------------------------------------------
Client 33	 Size of data: 1237	 Labels:  [  1   3   4   5   7  13  14  20  21  22  23  26  32  35  37  38  44  45
  46  48  49  51  53  55  61  62  65  69  79  86  87  88  90  92  96  97
  99 101 102 103 107 111 113 114 115 117 124 126 128 131 132 133 134 135
 137 138 139 142]
		 Samples of labels:  [(1, 4), (3, 7), (4, 47), (5, 2), (7, 5), (13, 32), (14, 1), (20, 8), (21, 143), (22, 71), (23, 4), (26, 3), (32, 27), (35, 86), (37, 56), (38, 2), (44, 10), (45, 35), (46, 65), (48, 15), (49, 3), (51, 1), (53, 3), (55, 4), (61, 8), (62, 4), (65, 5), (69, 1), (79, 10), (86, 1), (87, 25), (88, 2), (90, 1), (92, 2), (96, 36), (97, 4), (99, 2), (101, 1), (102, 6), (103, 12), (107, 40), (111, 15), (113, 1), (114, 3), (115, 1), (117, 13), (124, 8), (126, 2), (128, 11), (131, 3), (132, 1), (133, 151), (134, 1), (135, 24), (137, 1), (138, 13), (139, 41), (142, 154)]
--------------------------------------------------
Client 34	 Size of data: 1335	 Labels:  [  4  12  17  21  22  24  27  28  29  30  33  34  38  41  42  43  45  46
  49  51  55  56  69  70  75  77  83  86  87  88  90  96  99 100 101 104
 105 111 112 113 116 120 122 124 126 128 132 133 134 139 142 146 148 150
 153 155 157 161 164 165 170 171 172 173 174 176 179 180 181 185 189 190
 191]
		 Samples of labels:  [(4, 11), (12, 14), (17, 8), (21, 1), (22, 1), (24, 5), (27, 8), (28, 11), (29, 18), (30, 3), (33, 2), (34, 7), (38, 20), (41, 1), (42, 17), (43, 7), (45, 44), (46, 8), (49, 14), (51, 2), (55, 24), (56, 35), (69, 1), (70, 24), (75, 11), (77, 14), (83, 3), (86, 3), (87, 89), (88, 11), (90, 1), (96, 7), (99, 9), (100, 1), (101, 16), (104, 6), (105, 1), (111, 3), (112, 2), (113, 3), (116, 4), (120, 24), (122, 2), (124, 1), (126, 2), (128, 26), (132, 1), (133, 1), (134, 2), (139, 232), (142, 50), (146, 5), (148, 5), (150, 1), (153, 1), (155, 1), (157, 2), (161, 6), (164, 13), (165, 13), (170, 1), (171, 22), (172, 1), (173, 16), (174, 4), (176, 21), (179, 4), (180, 1), (181, 128), (185, 1), (189, 8), (190, 30), (191, 240)]
--------------------------------------------------
Client 35	 Size of data: 1053	 Labels:  [  1   3   6   7   9  11  12  13  16  17  23  35  36  39  42  46  47  50
  52  53  59  63  64  65  67  70  73  75  80  82  83  88  90  92  99 100
 101 104 105 106 107 108 109 113 116 117 123 124 127 128 131 138 140 145
 147 149 156 160 163 164 166 168 169 172 179 180 181 183 185 189 194 195]
		 Samples of labels:  [(1, 3), (3, 25), (6, 5), (7, 19), (9, 1), (11, 12), (12, 16), (13, 1), (16, 5), (17, 24), (23, 1), (35, 25), (36, 23), (39, 24), (42, 1), (46, 7), (47, 7), (50, 2), (52, 1), (53, 14), (59, 11), (63, 1), (64, 5), (65, 10), (67, 5), (70, 20), (73, 1), (75, 5), (80, 12), (82, 2), (83, 3), (88, 2), (90, 3), (92, 6), (99, 206), (100, 6), (101, 1), (104, 1), (105, 1), (106, 39), (107, 77), (108, 1), (109, 9), (113, 14), (116, 5), (117, 2), (123, 10), (124, 4), (127, 11), (128, 9), (131, 1), (138, 10), (140, 15), (145, 4), (147, 3), (149, 1), (156, 1), (160, 36), (163, 1), (164, 1), (166, 1), (168, 1), (169, 16), (172, 3), (179, 33), (180, 134), (181, 3), (183, 8), (185, 4), (189, 5), (194, 64), (195, 10)]
--------------------------------------------------
Client 36	 Size of data: 1119	 Labels:  [  0   8  10  11  15  18  21  24  27  31  33  39  43  45  47  49  51  54
  60  61  62  65  67  68  69  70  72  73  75  76  77  81  84  87  88  90
  91  92  96  98 100 102 104 105 109 111 117 119 120 121 122 125 126 129
 130 132 135 137 140 141 144 145 146 147 159 160 161 162 164 168 172 174
 183]
		 Samples of labels:  [(0, 2), (8, 2), (10, 4), (11, 2), (15, 34), (18, 65), (21, 6), (24, 3), (27, 1), (31, 45), (33, 9), (39, 5), (43, 48), (45, 1), (47, 1), (49, 5), (51, 1), (54, 1), (60, 11), (61, 7), (62, 65), (65, 15), (67, 20), (68, 3), (69, 7), (70, 49), (72, 1), (73, 8), (75, 6), (76, 40), (77, 65), (81, 1), (84, 1), (87, 2), (88, 23), (90, 2), (91, 33), (92, 27), (96, 1), (98, 7), (100, 1), (102, 16), (104, 2), (105, 1), (109, 1), (111, 1), (117, 1), (119, 38), (120, 25), (121, 1), (122, 8), (125, 2), (126, 4), (129, 2), (130, 62), (132, 1), (135, 12), (137, 13), (140, 1), (141, 1), (144, 21), (145, 4), (146, 2), (147, 2), (159, 1), (160, 32), (161, 80), (162, 1), (164, 13), (168, 15), (172, 17), (174, 2), (183, 107)]
--------------------------------------------------
Client 37	 Size of data: 1107	 Labels:  [  0   3   4   5   7   8   9  13  21  25  27  28  29  30  32  38  40  46
  50  54  57  60  66  67  71  72  82  83  84  88  89  92  93  96  99 100
 103 104 105 107 108 109 116 117 118 119 121 124 125 127 132 134 139 140
 142 144 146 147 148 152 156 159 161 162 171 174 177 178 179]
		 Samples of labels:  [(0, 1), (3, 1), (4, 1), (5, 1), (7, 7), (8, 24), (9, 9), (13, 8), (21, 1), (25, 1), (27, 4), (28, 1), (29, 17), (30, 19), (32, 1), (38, 21), (40, 37), (46, 8), (50, 2), (54, 22), (57, 2), (60, 1), (66, 3), (67, 1), (71, 1), (72, 22), (82, 20), (83, 5), (84, 3), (88, 7), (89, 4), (92, 1), (93, 5), (96, 1), (99, 11), (100, 70), (103, 33), (104, 3), (105, 1), (107, 8), (108, 26), (109, 106), (116, 28), (117, 21), (118, 18), (119, 1), (121, 6), (124, 3), (125, 3), (127, 1), (132, 1), (134, 10), (139, 4), (140, 11), (142, 84), (144, 9), (146, 43), (147, 1), (148, 6), (152, 24), (156, 38), (159, 207), (161, 1), (162, 26), (171, 1), (174, 2), (177, 12), (178, 9), (179, 17)]
--------------------------------------------------
Client 38	 Size of data: 1132	 Labels:  [  2   3   8  10  13  15  17  19  23  24  25  32  33  35  38  41  42  44
  53  54  56  61  63  64  66  68  71  76  77  80  81  83  84  88  90  91
  95  97  99 102 103 104 106 107 114 119 120 130 131 137 138 140 142 147
 150 151 156 159 161 166 167 172 174 178 179 181 183 186 193]
		 Samples of labels:  [(2, 4), (3, 51), (8, 7), (10, 75), (13, 1), (15, 13), (17, 12), (19, 5), (23, 51), (24, 1), (25, 23), (32, 1), (33, 5), (35, 17), (38, 4), (41, 1), (42, 6), (44, 104), (53, 23), (54, 2), (56, 7), (61, 2), (63, 2), (64, 46), (66, 2), (68, 1), (71, 1), (76, 1), (77, 23), (80, 8), (81, 32), (83, 2), (84, 3), (88, 2), (90, 1), (91, 1), (95, 2), (97, 4), (99, 2), (102, 1), (103, 1), (104, 28), (106, 2), (107, 1), (114, 1), (119, 6), (120, 7), (130, 1), (131, 5), (137, 35), (138, 15), (140, 2), (142, 1), (147, 72), (150, 1), (151, 10), (156, 3), (159, 14), (161, 4), (166, 19), (167, 5), (172, 32), (174, 2), (178, 8), (179, 168), (181, 8), (183, 4), (186, 75), (193, 53)]
--------------------------------------------------
Client 39	 Size of data: 964	 Labels:  [  2   3   4   5   6   8  16  21  22  28  33  34  38  39  40  43  44  46
  47  54  55  59  66  70  71  73  75  77  81  83  86  87  88  91  98 101
 106 107 115 116 122 123 128 130 134 136 141 143 144 155 156 165 167 170
 171 173 174 177 181 183 187 190 191 192 194 198]
		 Samples of labels:  [(2, 47), (3, 24), (4, 2), (5, 8), (6, 1), (8, 37), (16, 12), (21, 17), (22, 1), (28, 20), (33, 3), (34, 1), (38, 1), (39, 2), (40, 1), (43, 11), (44, 15), (46, 2), (47, 1), (54, 106), (55, 1), (59, 5), (66, 5), (70, 1), (71, 55), (73, 6), (75, 4), (77, 2), (81, 26), (83, 8), (86, 31), (87, 9), (88, 33), (91, 1), (98, 11), (101, 3), (106, 20), (107, 1), (115, 7), (116, 1), (122, 22), (123, 3), (128, 17), (130, 6), (134, 3), (136, 1), (141, 1), (143, 2), (144, 121), (155, 18), (156, 16), (165, 4), (167, 1), (170, 1), (171, 2), (173, 47), (174, 29), (177, 4), (181, 13), (183, 2), (187, 1), (190, 1), (191, 6), (192, 5), (194, 9), (198, 87)]
--------------------------------------------------
Client 40	 Size of data: 1143	 Labels:  [  0   1   3   6   8   9  11  13  14  16  18  20  22  25  31  35  36  40
  42  43  45  47  53  54  57  58  59  60  61  63  65  66  67  68  69  75
  77  78  79  80  82  83  84  90  91  92  93  94  95 103 108 109 110 111
 112 117 118 119 120 121 124 126 129 134 137 142 143 145 153 154 156 157
 163 165 167 171 172]
		 Samples of labels:  [(0, 5), (1, 117), (3, 12), (6, 56), (8, 3), (9, 8), (11, 16), (13, 2), (14, 2), (16, 1), (18, 6), (20, 138), (22, 2), (25, 16), (31, 25), (35, 2), (36, 7), (40, 2), (42, 89), (43, 23), (45, 2), (47, 2), (53, 1), (54, 6), (57, 2), (58, 18), (59, 5), (60, 5), (61, 51), (63, 1), (65, 1), (66, 29), (67, 4), (68, 18), (69, 4), (75, 11), (77, 1), (78, 2), (79, 22), (80, 57), (82, 1), (83, 4), (84, 1), (90, 1), (91, 1), (92, 1), (93, 1), (94, 33), (95, 3), (103, 16), (108, 7), (109, 8), (110, 5), (111, 5), (112, 8), (117, 11), (118, 1), (119, 22), (120, 1), (121, 7), (124, 7), (126, 1), (129, 3), (134, 5), (137, 37), (142, 7), (143, 62), (145, 22), (153, 10), (154, 12), (156, 1), (157, 7), (163, 2), (165, 1), (167, 2), (171, 8), (172, 45)]
--------------------------------------------------
Client 41	 Size of data: 1150	 Labels:  [  2   7  10  11  12  13  14  15  16  17  18  25  26  28  33  38  41  42
  43  46  47  49  50  51  53  55  56  58  62  65  66  69  72  76  81  83
  85  86  87  89  91  93 100 104 105 106 115 116 120 125 127 130 131 133
 134 136 138 140 141 142 145 146 148 149 159 166 167 169 175 176 178 180]
		 Samples of labels:  [(2, 2), (7, 38), (10, 7), (11, 1), (12, 17), (13, 3), (14, 33), (15, 6), (16, 2), (17, 11), (18, 3), (25, 31), (26, 59), (28, 2), (33, 55), (38, 1), (41, 1), (42, 23), (43, 1), (46, 3), (47, 2), (49, 1), (50, 29), (51, 1), (53, 16), (55, 2), (56, 1), (58, 1), (62, 17), (65, 3), (66, 19), (69, 1), (72, 2), (76, 2), (81, 2), (83, 1), (85, 2), (86, 1), (87, 13), (89, 2), (91, 14), (93, 24), (100, 2), (104, 4), (105, 6), (106, 20), (115, 1), (116, 6), (120, 21), (125, 23), (127, 127), (130, 3), (131, 2), (133, 12), (134, 29), (136, 79), (138, 1), (140, 6), (141, 27), (142, 14), (145, 9), (146, 1), (148, 1), (149, 67), (159, 4), (166, 82), (167, 2), (169, 21), (175, 2), (176, 5), (178, 9), (180, 109)]
--------------------------------------------------
Client 42	 Size of data: 1194	 Labels:  [  2  11  12  13  17  18  21  23  26  28  29  30  31  32  33  40  46  54
  61  62  63  66  67  70  75  76  77  79  80  82  85  88  90  93  96  98
 105 108 116 117 120 125 127 138 142 145 150 151 152 153 158 166 169 172
 176 180 184 185 187 188 191 194 195 196 197]
		 Samples of labels:  [(2, 20), (11, 2), (12, 29), (13, 7), (17, 27), (18, 10), (21, 1), (23, 1), (26, 53), (28, 4), (29, 2), (30, 18), (31, 17), (32, 6), (33, 1), (40, 1), (46, 1), (54, 8), (61, 3), (62, 14), (63, 2), (66, 4), (67, 5), (70, 10), (75, 2), (76, 3), (77, 12), (79, 1), (80, 1), (82, 49), (85, 9), (88, 42), (90, 10), (93, 93), (96, 1), (98, 6), (105, 1), (108, 1), (116, 9), (117, 2), (120, 13), (125, 1), (127, 3), (138, 4), (142, 3), (145, 85), (150, 16), (151, 2), (152, 13), (153, 3), (158, 1), (166, 7), (169, 34), (172, 2), (176, 1), (180, 3), (184, 30), (185, 19), (187, 193), (188, 110), (191, 53), (194, 5), (195, 2), (196, 4), (197, 99)]
--------------------------------------------------
Client 43	 Size of data: 1179	 Labels:  [  2   5   7  10  12  14  15  18  19  20  22  28  30  32  37  40  46  48
  49  55  56  63  72  73  74  77  81  82  85  89  91  92  97 101 102 112
 114 115 116 118 119 121 131 132 140 141 143 144 146 149 150 151 157 158
 159 161 162 163 169 170 172 173 177 185 188 190 192 196]
		 Samples of labels:  [(2, 12), (5, 38), (7, 1), (10, 7), (12, 3), (14, 5), (15, 11), (18, 1), (19, 4), (20, 1), (22, 1), (28, 57), (30, 6), (32, 7), (37, 1), (40, 2), (46, 4), (48, 3), (49, 22), (55, 17), (56, 15), (63, 3), (72, 6), (73, 1), (74, 3), (77, 1), (81, 10), (82, 4), (85, 28), (89, 3), (91, 2), (92, 2), (97, 65), (101, 11), (102, 1), (112, 235), (114, 57), (115, 10), (116, 14), (118, 70), (119, 3), (121, 2), (131, 22), (132, 1), (140, 32), (141, 9), (143, 6), (144, 1), (146, 9), (149, 1), (150, 1), (151, 4), (157, 1), (158, 4), (159, 16), (161, 7), (162, 1), (163, 14), (169, 2), (170, 11), (172, 2), (173, 1), (177, 1), (185, 11), (188, 1), (190, 66), (192, 1), (196, 205)]
--------------------------------------------------
Client 44	 Size of data: 1180	 Labels:  [  2   3   5   6   9  10  14  16  18  19  26  27  33  34  36  39  41  42
  51  53  55  56  58  59  60  62  65  68  71  72  74  82  88  91  92  96
 101 102 104 107 112 113 116 120 123 133 136 137 141 143 148 149 150 151
 157 161 162 164 166 171 174 175 179 182 183 185 186 188 193 194 195 196
 198]
		 Samples of labels:  [(2, 2), (3, 2), (5, 9), (6, 1), (9, 1), (10, 20), (14, 4), (16, 3), (18, 1), (19, 12), (26, 1), (27, 1), (33, 3), (34, 6), (36, 5), (39, 7), (41, 18), (42, 2), (51, 2), (53, 1), (55, 17), (56, 4), (58, 1), (59, 38), (60, 21), (62, 1), (65, 1), (68, 1), (71, 26), (72, 27), (74, 21), (82, 1), (88, 15), (91, 6), (92, 20), (96, 109), (101, 4), (102, 3), (104, 45), (107, 3), (112, 6), (113, 1), (116, 72), (120, 18), (123, 32), (133, 8), (136, 3), (137, 1), (141, 1), (143, 3), (148, 8), (149, 15), (150, 6), (151, 4), (157, 7), (161, 2), (162, 61), (164, 2), (166, 8), (171, 6), (174, 67), (175, 82), (179, 7), (182, 3), (183, 1), (185, 6), (186, 6), (188, 3), (193, 119), (194, 27), (195, 1), (196, 45), (198, 84)]
--------------------------------------------------
Client 45	 Size of data: 934	 Labels:  [  0   2   8  17  19  20  24  28  30  34  39  41  43  46  50  51  55  56
  57  59  61  64  68  72  74  84  85  95  97  99 102 106 108 111 112 115
 123 125 129 131 136 143 145 146 149 151 154 157 160 162 163 164 165 168
 172 173 174 175 177 178 183 184 185 187 188 189 191 193 194 195 196 197
 199]
		 Samples of labels:  [(0, 1), (2, 24), (8, 3), (17, 8), (19, 5), (20, 31), (24, 1), (28, 1), (30, 58), (34, 5), (39, 1), (41, 1), (43, 1), (46, 2), (50, 1), (51, 1), (55, 4), (56, 6), (57, 15), (59, 1), (61, 1), (64, 8), (68, 6), (72, 2), (74, 1), (84, 3), (85, 27), (95, 23), (97, 3), (99, 3), (102, 36), (106, 7), (108, 16), (111, 15), (112, 20), (115, 1), (123, 1), (125, 26), (129, 48), (131, 7), (136, 1), (143, 10), (145, 1), (146, 2), (149, 2), (151, 1), (154, 7), (157, 5), (160, 3), (162, 45), (163, 21), (164, 21), (165, 3), (168, 28), (172, 37), (173, 1), (174, 1), (175, 12), (177, 15), (178, 2), (183, 2), (184, 6), (185, 64), (187, 92), (188, 23), (189, 80), (191, 1), (193, 2), (194, 12), (195, 3), (196, 5), (197, 1), (199, 1)]
--------------------------------------------------
Client 46	 Size of data: 1116	 Labels:  [  5  10  13  22  24  27  30  32  38  39  49  50  53  63  67  68  69  70
  73  79  80  81  82  84  86  89  90  91  93  97 104 105 106 107 108 110
 113 115 118 120 123 125 126 131 132 133 141 143 145 151 152 153 155 157
 159 161]
		 Samples of labels:  [(5, 1), (10, 1), (13, 3), (22, 3), (24, 1), (27, 1), (30, 13), (32, 34), (38, 6), (39, 1), (49, 2), (50, 1), (53, 19), (63, 93), (67, 12), (68, 10), (69, 4), (70, 9), (73, 1), (79, 5), (80, 92), (81, 1), (82, 13), (84, 206), (86, 136), (89, 1), (90, 6), (91, 2), (93, 44), (97, 1), (104, 1), (105, 6), (106, 1), (107, 59), (108, 7), (110, 104), (113, 17), (115, 3), (118, 22), (120, 1), (123, 1), (125, 3), (126, 1), (131, 4), (132, 1), (133, 1), (141, 51), (143, 4), (145, 11), (151, 3), (152, 17), (153, 2), (155, 26), (157, 7), (159, 22), (161, 19)]
--------------------------------------------------
Client 47	 Size of data: 1102	 Labels:  [  1   2   9  10  13  14  16  17  18  20  21  22  24  25  31  36  37  38
  45  49  51  52  55  57  61  63  65  68  69  72  73  82  83  84  86  88
  89  91  92  94  97  98 100 102 103 107 110 112 113 115 116 120 121 123
 131 138 140 142 147 148 152 155 156 157 160 161 168 169 170 172 174 176]
		 Samples of labels:  [(1, 4), (2, 1), (9, 27), (10, 4), (13, 9), (14, 1), (16, 2), (17, 35), (18, 1), (20, 2), (21, 6), (22, 4), (24, 61), (25, 3), (31, 1), (36, 36), (37, 4), (38, 6), (45, 1), (49, 4), (51, 11), (52, 34), (55, 1), (57, 3), (61, 1), (63, 67), (65, 14), (68, 8), (69, 1), (72, 1), (73, 35), (82, 3), (83, 33), (84, 9), (86, 8), (88, 7), (89, 7), (91, 5), (92, 1), (94, 17), (97, 7), (98, 17), (100, 1), (102, 16), (103, 79), (107, 1), (110, 1), (112, 7), (113, 16), (115, 26), (116, 1), (120, 5), (121, 1), (123, 2), (131, 65), (138, 1), (140, 7), (142, 2), (147, 3), (148, 13), (152, 1), (155, 8), (156, 3), (157, 5), (160, 113), (161, 138), (168, 5), (169, 3), (170, 6), (172, 16), (174, 32), (176, 23)]
--------------------------------------------------
Client 48	 Size of data: 1128	 Labels:  [  8  10  11  12  14  17  21  27  28  29  32  33  48  50  51  54  56  59
  60  61  62  64  65  66  69  75  76  78  80  81  82  85  89  92 100 101
 106 108 109 111 113 115 117 118 119 125 132 143 145 146 148 154 156 158
 168 171 172 173 177 178 181 183 185 188 191 193 194 195 196]
		 Samples of labels:  [(8, 1), (10, 1), (11, 78), (12, 14), (14, 85), (17, 23), (21, 1), (27, 41), (28, 11), (29, 3), (32, 1), (33, 1), (48, 8), (50, 15), (51, 1), (54, 1), (56, 21), (59, 5), (60, 1), (61, 1), (62, 2), (64, 10), (65, 1), (66, 6), (69, 1), (75, 2), (76, 49), (78, 9), (80, 7), (81, 3), (82, 5), (85, 7), (89, 5), (92, 6), (100, 63), (101, 8), (106, 1), (108, 3), (109, 54), (111, 9), (113, 53), (115, 21), (117, 3), (118, 1), (119, 1), (125, 11), (132, 29), (143, 19), (145, 1), (146, 2), (148, 54), (154, 7), (156, 2), (158, 3), (168, 57), (171, 1), (172, 40), (173, 29), (177, 4), (178, 1), (181, 4), (183, 16), (185, 1), (188, 4), (191, 52), (193, 84), (194, 23), (195, 1), (196, 40)]
--------------------------------------------------
Client 49	 Size of data: 847	 Labels:  [  6  12  14  19  23  24  30  32  35  44  46  47  48  50  52  54  55  58
  59  62  69  71  74  81  82  84  89  90  92  93  94  96 108 111 113 124
 125 127 128 129 130 135 137 141 144 145 148 150 157 167 168 171 176 180
 181 187 188 189 190 191 192 196]
		 Samples of labels:  [(6, 11), (12, 47), (14, 2), (19, 4), (23, 17), (24, 40), (30, 1), (32, 2), (35, 23), (44, 21), (46, 3), (47, 2), (48, 8), (50, 38), (52, 9), (54, 42), (55, 81), (58, 12), (59, 1), (62, 1), (69, 6), (71, 1), (74, 1), (81, 1), (82, 14), (84, 5), (89, 4), (90, 3), (92, 14), (93, 2), (94, 3), (96, 5), (108, 37), (111, 13), (113, 11), (124, 1), (125, 22), (127, 3), (128, 1), (129, 8), (130, 2), (135, 31), (137, 33), (141, 1), (144, 46), (145, 6), (148, 3), (150, 3), (157, 1), (167, 1), (168, 18), (171, 2), (176, 1), (180, 1), (181, 3), (187, 17), (188, 22), (189, 1), (190, 48), (191, 3), (192, 77), (196, 7)]
--------------------------------------------------
Client 50	 Size of data: 1172	 Labels:  [  2   8  11  12  16  18  19  23  29  31  32  35  39  52  54  57  60  63
  64  69  70  74  77  80  85  86  87  90  91  92  94  96  98  99 100 105
 107 108 112 115 120 121 124 126 127 128 129 130 131 132 134 137]
		 Samples of labels:  [(2, 4), (8, 8), (11, 25), (12, 2), (16, 1), (18, 10), (19, 2), (23, 1), (29, 27), (31, 2), (32, 36), (35, 1), (39, 12), (52, 2), (54, 2), (57, 7), (60, 13), (63, 123), (64, 1), (69, 76), (70, 1), (74, 9), (77, 33), (80, 25), (85, 5), (86, 3), (87, 2), (90, 2), (91, 1), (92, 3), (94, 19), (96, 7), (98, 19), (99, 8), (100, 12), (105, 5), (107, 37), (108, 4), (112, 2), (115, 1), (120, 2), (121, 201), (124, 25), (126, 1), (127, 76), (128, 185), (129, 8), (130, 4), (131, 1), (132, 4), (134, 1), (137, 111)]
--------------------------------------------------
Client 51	 Size of data: 1129	 Labels:  [  1   2   5   8  10  11  15  20  26  27  28  29  31  33  34  37  39  43
  46  50  52  54  62  63  65  68  70  71  72  73  75  76  78  79  80  84
  93  96  99 100 101 102 105 110 111 115 121 122 124 125 128 129 131 132
 134 135 136 137 142 143 146 147 149 151 153 155 161 163 166 168 171 172
 173 175 178 182 183 185 186 188 189 191 192 195]
		 Samples of labels:  [(1, 4), (2, 3), (5, 7), (8, 1), (10, 1), (11, 1), (15, 2), (20, 26), (26, 44), (27, 1), (28, 5), (29, 7), (31, 5), (33, 2), (34, 24), (37, 2), (39, 2), (43, 14), (46, 2), (50, 2), (52, 13), (54, 1), (62, 1), (63, 1), (65, 1), (68, 1), (70, 28), (71, 1), (72, 8), (73, 3), (75, 2), (76, 39), (78, 2), (79, 1), (80, 1), (84, 1), (93, 1), (96, 8), (99, 10), (100, 1), (101, 2), (102, 1), (105, 15), (110, 11), (111, 24), (115, 2), (121, 12), (122, 10), (124, 1), (125, 1), (128, 1), (129, 38), (131, 15), (132, 105), (134, 6), (135, 1), (136, 1), (137, 1), (142, 21), (143, 5), (146, 10), (147, 25), (149, 9), (151, 71), (153, 42), (155, 6), (161, 18), (163, 1), (166, 6), (168, 30), (171, 12), (172, 1), (173, 7), (175, 1), (178, 110), (182, 5), (183, 1), (185, 2), (186, 4), (188, 14), (189, 3), (191, 9), (192, 12), (195, 178)]
--------------------------------------------------
Client 52	 Size of data: 1173	 Labels:  [  0   4   9  10  13  18  26  28  29  32  36  37  40  47  53  54  56  61
  62  64  67  69  72  73  78  82  87  88  89  90  97 105 106 115 117 119
 122 123 126 130 132 135 136 140 143 144 146 147 148 149 150 164 165 168
 170 174 175 176 186 188 190 192 194]
		 Samples of labels:  [(0, 1), (4, 4), (9, 1), (10, 44), (13, 29), (18, 2), (26, 1), (28, 1), (29, 8), (32, 166), (36, 5), (37, 1), (40, 23), (47, 2), (53, 100), (54, 3), (56, 2), (61, 4), (62, 7), (64, 1), (67, 1), (69, 7), (72, 4), (73, 115), (78, 1), (82, 7), (87, 1), (88, 1), (89, 1), (90, 18), (97, 35), (105, 1), (106, 5), (115, 1), (117, 6), (119, 9), (122, 77), (123, 1), (126, 16), (130, 2), (132, 11), (135, 9), (136, 1), (140, 2), (143, 2), (144, 7), (146, 25), (147, 51), (148, 30), (149, 1), (150, 29), (164, 7), (165, 1), (168, 1), (170, 4), (174, 5), (175, 1), (176, 54), (186, 13), (188, 56), (190, 1), (192, 20), (194, 128)]
--------------------------------------------------
Client 53	 Size of data: 1198	 Labels:  [  1   2   4   7  10  11  13  14  16  21  27  29  34  36  38  39  40  50
  51  54  55  56  57  58  59  61  64  65  67  69  77  79  81  85  87  88
  90  92  94  95  97  99 100 101 121 125 130 131 132 133 138 139 144 146
 149 151 152 153 156 158 160 166 167 168 173 179 182 185]
		 Samples of labels:  [(1, 1), (2, 22), (4, 1), (7, 1), (10, 9), (11, 2), (13, 37), (14, 22), (16, 1), (21, 41), (27, 1), (29, 48), (34, 34), (36, 2), (38, 1), (39, 53), (40, 39), (50, 1), (51, 1), (54, 5), (55, 11), (56, 6), (57, 99), (58, 5), (59, 49), (61, 1), (64, 2), (65, 11), (67, 18), (69, 50), (77, 7), (79, 1), (81, 2), (85, 8), (87, 1), (88, 1), (90, 71), (92, 2), (94, 3), (95, 65), (97, 6), (99, 19), (100, 4), (101, 5), (121, 18), (125, 35), (130, 36), (131, 1), (132, 7), (133, 1), (138, 1), (139, 2), (144, 6), (146, 22), (149, 54), (151, 1), (152, 68), (153, 10), (156, 2), (158, 2), (160, 6), (166, 3), (167, 1), (168, 1), (173, 9), (179, 16), (182, 3), (185, 124)]
--------------------------------------------------
Client 54	 Size of data: 1101	 Labels:  [  1   4   5   9  14  16  17  22  27  29  31  35  36  39  43  45  47  51
  52  55  60  61  63  64  66  67  70  72  75  77  79  81  82  87  89  91
  92  93  96  98 100 104 106 107 109 110 111 115 117 118 121 126 129 135
 139 140 142 143 145 150 152 153 155 157 159 161 162 164 166 170 172 178
 181 182 186 187 192 193 194 199]
		 Samples of labels:  [(1, 1), (4, 1), (5, 47), (9, 12), (14, 9), (16, 3), (17, 1), (22, 1), (27, 6), (29, 40), (31, 1), (35, 1), (36, 20), (39, 13), (43, 1), (45, 29), (47, 6), (51, 1), (52, 1), (55, 3), (60, 1), (61, 3), (63, 21), (64, 1), (66, 2), (67, 2), (70, 16), (72, 32), (75, 6), (77, 5), (79, 2), (81, 1), (82, 5), (87, 2), (89, 12), (91, 7), (92, 19), (93, 8), (96, 1), (98, 39), (100, 11), (104, 185), (106, 3), (107, 19), (109, 1), (110, 7), (111, 14), (115, 6), (117, 1), (118, 1), (121, 1), (126, 13), (129, 2), (135, 60), (139, 1), (140, 36), (142, 1), (143, 1), (145, 31), (150, 1), (152, 1), (153, 12), (155, 1), (157, 14), (159, 1), (161, 3), (162, 3), (164, 19), (166, 4), (170, 2), (172, 2), (178, 10), (181, 1), (182, 13), (186, 1), (187, 22), (192, 140), (193, 25), (194, 36), (199, 14)]
--------------------------------------------------
Client 55	 Size of data: 1101	 Labels:  [  4   5   7  14  16  17  18  21  22  23  29  30  31  35  39  40  44  47
  49  61  69  70  72  73  74  76  78  80  84  85  86  88  89  90  95  96
 102 104 105 111 116 117 123 125 127 128 130 133 134 138 139 141 143 146
 148]
		 Samples of labels:  [(4, 1), (5, 55), (7, 1), (14, 10), (16, 6), (17, 17), (18, 1), (21, 80), (22, 12), (23, 43), (29, 50), (30, 15), (31, 1), (35, 5), (39, 14), (40, 49), (44, 3), (47, 25), (49, 87), (61, 2), (69, 1), (70, 3), (72, 2), (73, 17), (74, 90), (76, 5), (78, 65), (80, 1), (84, 3), (85, 1), (86, 1), (88, 3), (89, 46), (90, 90), (95, 1), (96, 1), (102, 2), (104, 1), (105, 1), (111, 56), (116, 2), (117, 8), (123, 1), (125, 1), (127, 73), (128, 3), (130, 1), (133, 23), (134, 40), (138, 9), (139, 1), (141, 64), (143, 2), (146, 1), (148, 5)]
--------------------------------------------------
Client 56	 Size of data: 978	 Labels:  [  4   6   9  10  11  13  14  15  16  17  18  19  20  24  26  29  34  35
  36  38  50  51  54  57  60  63  72  73  77  80  82  93  98 102 103 104
 107 109 111 112 113 119 123 127 128 129 130 131 140 141 143 147 150 152
 159 163 166 170 174 178 179 180 181 187 194 195 197 198 199]
		 Samples of labels:  [(4, 1), (6, 1), (9, 1), (10, 12), (11, 6), (13, 19), (14, 1), (15, 1), (16, 1), (17, 14), (18, 2), (19, 10), (20, 59), (24, 5), (26, 4), (29, 3), (34, 2), (35, 5), (36, 1), (38, 2), (50, 14), (51, 23), (54, 1), (57, 1), (60, 70), (63, 62), (72, 58), (73, 42), (77, 24), (80, 3), (82, 15), (93, 3), (98, 32), (102, 63), (103, 1), (104, 5), (107, 41), (109, 1), (111, 1), (112, 1), (113, 29), (119, 1), (123, 9), (127, 15), (128, 1), (129, 4), (130, 8), (131, 1), (140, 38), (141, 6), (143, 111), (147, 1), (150, 7), (152, 9), (159, 12), (163, 11), (166, 20), (170, 6), (174, 1), (178, 1), (179, 59), (180, 6), (181, 1), (187, 1), (194, 3), (195, 1), (197, 1), (198, 2), (199, 2)]
--------------------------------------------------
Client 57	 Size of data: 987	 Labels:  [  2   3   4   5   7  15  20  21  22  25  27  28  29  30  34  36  40  42
  53  55  58  59  66  68  69  71  72  74  76  77  78  79  90  93  96  99
 100 101 104 107 109 118 121 126 128 134 135 136 140 141 148 151 153 155
 156 157 162 165 171 172 182 183 185 187 189 190 192 195 199]
		 Samples of labels:  [(2, 28), (3, 1), (4, 3), (5, 3), (7, 37), (15, 7), (20, 6), (21, 1), (22, 1), (25, 35), (27, 1), (28, 2), (29, 46), (30, 1), (34, 1), (36, 1), (40, 26), (42, 1), (53, 2), (55, 116), (58, 9), (59, 4), (66, 1), (68, 17), (69, 15), (71, 1), (72, 29), (74, 1), (76, 126), (77, 11), (78, 2), (79, 32), (90, 2), (93, 8), (96, 4), (99, 61), (100, 3), (101, 1), (104, 5), (107, 3), (109, 15), (118, 1), (121, 1), (126, 3), (128, 3), (134, 36), (135, 1), (136, 59), (140, 1), (141, 7), (148, 1), (151, 29), (153, 39), (155, 2), (156, 5), (157, 1), (162, 5), (165, 17), (171, 1), (172, 5), (182, 2), (183, 5), (185, 10), (187, 3), (189, 20), (190, 56), (192, 1), (195, 1), (199, 3)]
--------------------------------------------------
Client 58	 Size of data: 1104	 Labels:  [  1   2   6  11  13  18  20  23  24  29  30  35  40  45  49  50  54  62
  64  65  66  69  72  73  74  76  77  80  84  85  87  88  92  93  95  99
 103 104 105 106 117 118 119 121 122 124 125 135 137 138 140 145 146 147
 151 152 156 157 160 161 162 164 166 168 172 173 174 175 177 179]
		 Samples of labels:  [(1, 17), (2, 4), (6, 1), (11, 28), (13, 32), (18, 28), (20, 14), (23, 5), (24, 4), (29, 6), (30, 99), (35, 31), (40, 1), (45, 3), (49, 1), (50, 3), (54, 20), (62, 2), (64, 6), (65, 3), (66, 3), (69, 101), (72, 17), (73, 30), (74, 11), (76, 33), (77, 1), (80, 6), (84, 6), (85, 53), (87, 75), (88, 2), (92, 1), (93, 2), (95, 2), (99, 3), (103, 18), (104, 28), (105, 2), (106, 10), (117, 13), (118, 1), (119, 1), (121, 48), (122, 37), (124, 3), (125, 15), (135, 1), (137, 1), (138, 1), (140, 10), (145, 1), (146, 2), (147, 20), (151, 8), (152, 1), (156, 7), (157, 14), (160, 17), (161, 3), (162, 34), (164, 81), (166, 2), (168, 4), (172, 17), (173, 1), (174, 3), (175, 14), (177, 2), (179, 30)]
--------------------------------------------------
Client 59	 Size of data: 1101	 Labels:  [  1   2   5   8   9  10  11  16  19  20  23  24  25  26  30  33  43  45
  46  49  51  53  55  57  63  65  70  73  75  76  79  81  83  85  86  88
  91  93  99 100 101 102 106 110 111 112 115 118 119 120 121 123 124 129
 131 137 138 141 143 146 149 151 152 157 158 162 163 165 166 170 173 175
 176 177 180 181 182 184]
		 Samples of labels:  [(1, 1), (2, 41), (5, 1), (8, 1), (9, 18), (10, 5), (11, 28), (16, 14), (19, 29), (20, 1), (23, 10), (24, 3), (25, 5), (26, 11), (30, 51), (33, 45), (43, 13), (45, 90), (46, 6), (49, 32), (51, 1), (53, 1), (55, 1), (57, 2), (63, 1), (65, 4), (70, 7), (73, 16), (75, 1), (76, 6), (79, 1), (81, 2), (83, 1), (85, 4), (86, 33), (88, 1), (91, 1), (93, 16), (99, 1), (100, 1), (101, 4), (102, 52), (106, 1), (110, 1), (111, 16), (112, 1), (115, 66), (118, 26), (119, 6), (120, 2), (121, 1), (123, 65), (124, 12), (129, 5), (131, 1), (137, 13), (138, 10), (141, 2), (143, 3), (146, 1), (149, 6), (151, 9), (152, 6), (157, 1), (158, 31), (162, 12), (163, 8), (165, 18), (166, 55), (170, 1), (173, 1), (175, 6), (176, 1), (177, 11), (180, 9), (181, 73), (182, 2), (184, 57)]
--------------------------------------------------
Client 60	 Size of data: 1139	 Labels:  [  1   2   4   7  11  16  19  21  26  27  28  30  32  33  36  38  42  43
  45  46  47  53  61  62  63  65  68  69  70  74  75  77  78  85  86  88
  90  93  96 100 101 105 106 114 116 117 118 120 123 124 125 134 138 149
 150 152 153 156 159 162 164 165 166 168 170 172 173]
		 Samples of labels:  [(1, 11), (2, 35), (4, 116), (7, 1), (11, 1), (16, 37), (19, 6), (21, 21), (26, 2), (27, 16), (28, 8), (30, 2), (32, 2), (33, 1), (36, 1), (38, 3), (42, 24), (43, 8), (45, 1), (46, 37), (47, 30), (53, 14), (61, 39), (62, 1), (63, 11), (65, 11), (68, 22), (69, 5), (70, 3), (74, 2), (75, 7), (77, 2), (78, 3), (85, 1), (86, 26), (88, 22), (90, 27), (93, 4), (96, 9), (100, 6), (101, 14), (105, 5), (106, 7), (114, 2), (116, 55), (117, 101), (118, 6), (120, 1), (123, 2), (124, 79), (125, 31), (134, 2), (138, 6), (149, 7), (150, 3), (152, 8), (153, 4), (156, 21), (159, 14), (162, 1), (164, 76), (165, 14), (166, 6), (168, 3), (170, 1), (172, 17), (173, 75)]
--------------------------------------------------
Client 61	 Size of data: 1109	 Labels:  [  0   1   3   5   7   8   9  14  16  18  21  22  23  25  27  31  32  35
  39  41  43  50  52  54  56  60  67  69  71  74  77  81  84  85  87  94
  96  99 102 112 114 117 121 122 125 126 127 129 130 132 133 134 139 140
 141 144 150 151 153 158 162 163 164 165 168 173 175 176 177 179 181 182
 185 186]
		 Samples of labels:  [(0, 43), (1, 14), (3, 20), (5, 28), (7, 1), (8, 77), (9, 14), (14, 28), (16, 8), (18, 3), (21, 23), (22, 15), (23, 11), (25, 1), (27, 157), (31, 3), (32, 14), (35, 34), (39, 5), (41, 1), (43, 20), (50, 6), (52, 3), (54, 5), (56, 20), (60, 1), (67, 4), (69, 2), (71, 1), (74, 1), (77, 2), (81, 1), (84, 2), (85, 4), (87, 47), (94, 1), (96, 14), (99, 1), (102, 1), (112, 5), (114, 1), (117, 24), (121, 1), (122, 1), (125, 34), (126, 1), (127, 31), (129, 4), (130, 15), (132, 1), (133, 3), (134, 1), (139, 37), (140, 14), (141, 6), (144, 1), (150, 5), (151, 1), (153, 3), (158, 4), (162, 2), (163, 1), (164, 80), (165, 3), (168, 1), (173, 22), (175, 7), (176, 34), (177, 2), (179, 100), (181, 1), (182, 14), (185, 1), (186, 12)]
--------------------------------------------------
Client 62	 Size of data: 1132	 Labels:  [  3   5   8   9  11  12  13  14  22  24  26  31  34  42  43  44  46  51
  52  55  57  58  59  65  66  68  72  74  77  81  83  89  90  91  95  96
  98 100 105 108 109 111 113 115 119 122 128 132 134 136 137 138 139 142
 143 147 151 154 158 159 164 165 170 172 173 176 178 180 187 189 191 192
 196 197]
		 Samples of labels:  [(3, 5), (5, 5), (8, 30), (9, 23), (11, 1), (12, 11), (13, 8), (14, 1), (22, 2), (24, 3), (26, 5), (31, 13), (34, 1), (42, 2), (43, 4), (44, 2), (46, 5), (51, 1), (52, 24), (55, 6), (57, 1), (58, 2), (59, 1), (65, 13), (66, 3), (68, 2), (72, 17), (74, 1), (77, 39), (81, 21), (83, 1), (89, 1), (90, 14), (91, 45), (95, 47), (96, 12), (98, 34), (100, 11), (105, 6), (108, 7), (109, 5), (111, 8), (113, 28), (115, 51), (119, 86), (122, 19), (128, 8), (132, 21), (134, 43), (136, 28), (137, 1), (138, 1), (139, 2), (142, 3), (143, 4), (147, 22), (151, 17), (154, 1), (158, 2), (159, 3), (164, 44), (165, 17), (170, 56), (172, 51), (173, 1), (176, 4), (178, 2), (180, 1), (187, 81), (189, 4), (191, 4), (192, 35), (196, 12), (197, 37)]
--------------------------------------------------
Client 63	 Size of data: 1102	 Labels:  [  0   1   4   5   7   9  10  11  14  15  16  32  36  41  43  44  46  55
  56  63  64  67  68  69  70  71  72  76  78  88  90  91  96  97 100 101
 102 104 110 115 116 119 124 129 131 133 139 140 141 143 144 146 147 150
 153 155 156 157 160 161 162 165 169 170 171 174]
		 Samples of labels:  [(0, 12), (1, 107), (4, 1), (5, 7), (7, 1), (9, 1), (10, 30), (11, 2), (14, 6), (15, 5), (16, 22), (32, 1), (36, 1), (41, 33), (43, 4), (44, 34), (46, 8), (55, 4), (56, 5), (63, 3), (64, 37), (67, 2), (68, 4), (69, 34), (70, 11), (71, 16), (72, 1), (76, 14), (78, 45), (88, 23), (90, 2), (91, 2), (96, 5), (97, 1), (100, 4), (101, 46), (102, 15), (104, 18), (110, 2), (115, 18), (116, 7), (119, 5), (124, 23), (129, 8), (131, 95), (133, 23), (139, 5), (140, 4), (141, 1), (143, 1), (144, 2), (146, 36), (147, 7), (150, 1), (153, 2), (155, 98), (156, 7), (157, 4), (160, 2), (161, 1), (162, 28), (165, 42), (169, 24), (170, 3), (171, 5), (174, 81)]
--------------------------------------------------
Client 64	 Size of data: 1136	 Labels:  [  2   3   6   9  17  20  21  22  26  28  29  30  36  37  40  44  47  51
  54  56  59  62  65  66  67  68  69  70  74  76  79  83  86  89  90  91
  93  94  95  98 100 112 114 115 116 117 119 121 123 127 130 133 137 138
 139]
		 Samples of labels:  [(2, 4), (3, 60), (6, 2), (9, 12), (17, 77), (20, 1), (21, 1), (22, 1), (26, 30), (28, 41), (29, 1), (30, 1), (36, 5), (37, 52), (40, 1), (44, 55), (47, 3), (51, 17), (54, 8), (56, 6), (59, 3), (62, 26), (65, 8), (66, 1), (67, 59), (68, 38), (69, 1), (70, 1), (74, 1), (76, 1), (79, 1), (83, 22), (86, 6), (89, 18), (90, 2), (91, 15), (93, 6), (94, 55), (95, 6), (98, 33), (100, 108), (112, 3), (114, 130), (115, 5), (116, 1), (117, 1), (119, 2), (121, 3), (123, 79), (127, 3), (130, 7), (133, 3), (137, 1), (138, 7), (139, 102)]
--------------------------------------------------
Client 65	 Size of data: 1133	 Labels:  [  5   9  10  14  17  19  21  23  26  27  29  33  34  36  42  47  48  50
  51  60  61  62  78  80  81  83  85  89  90  91  92  97  99 102 105 106
 107 108 114 123 124 126 129 130 131 132 135 138 140 141 142 151 156 157
 159 161 163 167 170]
		 Samples of labels:  [(5, 5), (9, 1), (10, 11), (14, 16), (17, 2), (19, 3), (21, 9), (23, 5), (26, 17), (27, 1), (29, 3), (33, 1), (34, 27), (36, 1), (42, 5), (47, 34), (48, 3), (50, 12), (51, 57), (60, 69), (61, 2), (62, 2), (78, 1), (80, 1), (81, 4), (83, 4), (85, 1), (89, 8), (90, 5), (91, 70), (92, 1), (97, 7), (99, 12), (102, 6), (105, 101), (106, 81), (107, 40), (108, 38), (114, 3), (123, 5), (124, 1), (126, 71), (129, 22), (130, 7), (131, 1), (132, 9), (135, 1), (138, 2), (140, 3), (141, 52), (142, 23), (151, 34), (156, 1), (157, 30), (159, 64), (161, 44), (163, 2), (167, 41), (170, 51)]
--------------------------------------------------
Client 66	 Size of data: 1114	 Labels:  [  0   1   2   6   7   9  16  19  23  24  39  44  46  48  49  51  53  55
  57  58  61  64  65  72  76  79  80  82  84  85  86  91  95  97  99 102
 103 104 106 108 111 113 115 116 117 119 121 123 125 133 134 136 141 142
 144 147 148 152 154 156 157 158]
		 Samples of labels:  [(0, 99), (1, 1), (2, 6), (6, 33), (7, 3), (9, 22), (16, 3), (19, 1), (23, 7), (24, 3), (39, 54), (44, 13), (46, 21), (48, 2), (49, 1), (51, 60), (53, 19), (55, 1), (57, 6), (58, 3), (61, 1), (64, 8), (65, 1), (72, 1), (76, 1), (79, 37), (80, 4), (82, 57), (84, 11), (85, 1), (86, 1), (91, 2), (95, 125), (97, 77), (99, 1), (102, 6), (103, 57), (104, 6), (106, 3), (108, 1), (111, 6), (113, 39), (115, 3), (116, 2), (117, 21), (119, 1), (121, 22), (123, 1), (125, 3), (133, 4), (134, 3), (136, 57), (141, 1), (142, 22), (144, 53), (147, 2), (148, 36), (152, 8), (154, 7), (156, 10), (157, 13), (158, 41)]
--------------------------------------------------
Client 67	 Size of data: 1123	 Labels:  [  3   5   6   8  26  28  31  34  37  38  40  46  56  58  60  69  70  71
  75  78  80  81  82  84  87  93  94  96  98 100 103 105 109 113 115 117
 118 120 121 122 125 129 131 133 134 137 149 152 153 154 156 157 158 160
 162 165 166 171 172 173 174 180 182 183 186 187 191 192]
		 Samples of labels:  [(3, 6), (5, 1), (6, 2), (8, 10), (26, 2), (28, 1), (31, 34), (34, 9), (37, 2), (38, 14), (40, 3), (46, 2), (56, 3), (58, 68), (60, 1), (69, 10), (70, 58), (71, 14), (75, 97), (78, 2), (80, 1), (81, 36), (82, 2), (84, 3), (87, 8), (93, 1), (94, 1), (96, 11), (98, 9), (100, 42), (103, 1), (105, 15), (109, 7), (113, 5), (115, 2), (117, 11), (118, 8), (120, 2), (121, 6), (122, 2), (125, 5), (129, 15), (131, 1), (133, 2), (134, 1), (137, 17), (149, 2), (152, 25), (153, 1), (154, 3), (156, 1), (157, 90), (158, 2), (160, 2), (162, 70), (165, 1), (166, 15), (171, 4), (172, 3), (173, 54), (174, 20), (180, 59), (182, 2), (183, 45), (186, 15), (187, 46), (191, 31), (192, 79)]
--------------------------------------------------
Client 68	 Size of data: 1014	 Labels:  [  0   7   8   9  10  13  17  18  22  23  26  36  39  42  44  47  53  55
  59  63  72  73  85  87  88  90  91  95  97  99 101 105 106 112 114 115
 123 124 126 127 131 132 135 138 139 145 148 149 152 153 155 156 157 159
 161 162 163 166 167 171 172 174 176 178 180 182 184 194 198]
		 Samples of labels:  [(0, 1), (7, 29), (8, 6), (9, 4), (10, 5), (13, 2), (17, 36), (18, 3), (22, 1), (23, 31), (26, 1), (36, 11), (39, 6), (42, 20), (44, 1), (47, 6), (53, 2), (55, 11), (59, 1), (63, 1), (72, 3), (73, 31), (85, 9), (87, 10), (88, 9), (90, 9), (91, 14), (95, 4), (97, 8), (99, 1), (101, 3), (105, 8), (106, 46), (112, 80), (114, 6), (115, 80), (123, 3), (124, 79), (126, 1), (127, 3), (131, 16), (132, 8), (135, 1), (138, 1), (139, 4), (145, 3), (148, 63), (149, 38), (152, 47), (153, 1), (155, 46), (156, 1), (157, 3), (159, 33), (161, 9), (162, 4), (163, 15), (166, 1), (167, 2), (171, 1), (172, 2), (174, 13), (176, 17), (178, 5), (180, 3), (182, 63), (184, 16), (194, 5), (198, 8)]
--------------------------------------------------
Client 69	 Size of data: 1010	 Labels:  [  4   9  10  12  14  17  18  19  29  31  34  37  43  44  47  49  51  54
  55  56  59  62  67  68  69  70  71  72  81  89  90  93  94  96  97  98
  99 102 105 109 110 111 112 114 117 120 122 135 140 141 143 154 157 158
 161 163 166 169 171 175 176 178 180 181 182 186 188 190 191 192 194 195
 198 199]
		 Samples of labels:  [(4, 1), (9, 4), (10, 7), (12, 42), (14, 1), (17, 2), (18, 4), (19, 1), (29, 2), (31, 86), (34, 1), (37, 11), (43, 20), (44, 33), (47, 3), (49, 4), (51, 1), (54, 1), (55, 4), (56, 15), (59, 4), (62, 46), (67, 3), (68, 2), (69, 1), (70, 2), (71, 5), (72, 3), (81, 2), (89, 3), (90, 3), (93, 15), (94, 6), (96, 17), (97, 6), (98, 5), (99, 1), (102, 45), (105, 30), (109, 1), (110, 2), (111, 36), (112, 4), (114, 5), (117, 9), (120, 32), (122, 1), (135, 9), (140, 18), (141, 53), (143, 20), (154, 19), (157, 5), (158, 140), (161, 1), (163, 18), (166, 3), (169, 30), (171, 15), (175, 1), (176, 25), (178, 9), (180, 4), (181, 4), (182, 1), (186, 2), (188, 19), (190, 1), (191, 1), (192, 5), (194, 1), (195, 13), (198, 1), (199, 60)]
--------------------------------------------------
Client 70	 Size of data: 1135	 Labels:  [  2   3   6  12  15  19  22  23  26  28  32  33  42  43  47  51  61  65
  66  68  69  70  71  72  76  78  79  82  84  85  86  87  93 102 103 108
 110 111 113 119 120 125 128 129 130 134 135 136 137 141 143]
		 Samples of labels:  [(2, 1), (3, 5), (6, 106), (12, 3), (15, 4), (19, 9), (22, 2), (23, 7), (26, 80), (28, 8), (32, 1), (33, 4), (42, 2), (43, 4), (47, 1), (51, 5), (61, 49), (65, 26), (66, 21), (68, 21), (69, 1), (70, 4), (71, 1), (72, 2), (76, 50), (78, 151), (79, 1), (82, 11), (84, 3), (85, 1), (86, 33), (87, 1), (93, 30), (102, 4), (103, 26), (108, 4), (110, 33), (111, 21), (113, 22), (119, 23), (120, 53), (125, 49), (128, 3), (129, 2), (130, 62), (134, 36), (135, 2), (136, 40), (137, 21), (141, 42), (143, 44)]
--------------------------------------------------
Client 71	 Size of data: 1113	 Labels:  [  1   4   7   9  13  19  20  23  24  30  32  37  38  39  43  44  45  47
  48  50  52  54  56  61  62  64  68  76  77  78  79  80  81  86  87  89
  92  93  96  98  99 101 105 106 109 110 112 113 120 121 125 127 132 135
 136 137 138 140 144 147 152 153 155 158 159 163]
		 Samples of labels:  [(1, 4), (4, 72), (7, 4), (9, 1), (13, 16), (19, 11), (20, 3), (23, 22), (24, 31), (30, 20), (32, 2), (37, 1), (38, 27), (39, 7), (43, 49), (44, 6), (45, 2), (47, 5), (48, 168), (50, 4), (52, 24), (54, 1), (56, 8), (61, 1), (62, 16), (64, 29), (68, 4), (76, 1), (77, 29), (78, 42), (79, 13), (80, 3), (81, 1), (86, 14), (87, 1), (89, 48), (92, 10), (93, 1), (96, 23), (98, 1), (99, 29), (101, 3), (105, 7), (106, 81), (109, 5), (110, 2), (112, 28), (113, 1), (120, 1), (121, 1), (125, 14), (127, 1), (132, 6), (135, 2), (136, 1), (137, 1), (138, 14), (140, 1), (144, 3), (147, 94), (152, 51), (153, 1), (155, 6), (158, 8), (159, 12), (163, 15)]
--------------------------------------------------
Client 72	 Size of data: 1006	 Labels:  [  2   3   5   8   9  11  12  13  15  22  24  25  28  32  33  34  36  37
  38  47  48  50  51  68  69  76  81  82  85  88  93  94  95  96 104 107
 108 111 112 113 115 118 120 121 130 131 137 139 141 142 146 147 149 150
 154 158 163 164 168 169 170 174 176 177 179 183 188 191 192 193 195 197
 199]
		 Samples of labels:  [(2, 2), (3, 1), (5, 1), (8, 2), (9, 2), (11, 2), (12, 49), (13, 2), (15, 1), (22, 4), (24, 97), (25, 1), (28, 46), (32, 3), (33, 2), (34, 1), (36, 2), (37, 10), (38, 35), (47, 24), (48, 24), (50, 3), (51, 5), (68, 2), (69, 2), (76, 1), (81, 2), (82, 8), (85, 10), (88, 2), (93, 61), (94, 79), (95, 58), (96, 2), (104, 1), (107, 2), (108, 36), (111, 27), (112, 1), (113, 1), (115, 17), (118, 8), (120, 11), (121, 2), (130, 7), (131, 1), (137, 3), (139, 3), (141, 2), (142, 9), (146, 44), (147, 1), (149, 2), (150, 7), (154, 1), (158, 5), (163, 1), (164, 5), (168, 12), (169, 1), (170, 1), (174, 17), (176, 6), (177, 140), (179, 1), (183, 3), (188, 21), (191, 3), (192, 15), (193, 2), (195, 2), (197, 20), (199, 19)]
--------------------------------------------------
Client 73	 Size of data: 1261	 Labels:  [  0   1   5   6   8  11  17  19  22  23  25  26  32  34  37  39  40  43
  45  46  48  50  51  52  54  56  57  58  64  66  67  68  70  71  72  79
  82  83  87  88  90  92  94  95  98 100 102 104 105 107 112 113 114 116
 118 120 123 124 134 135 138 144 145 149 150]
		 Samples of labels:  [(0, 3), (1, 5), (5, 9), (6, 15), (8, 1), (11, 2), (17, 1), (19, 4), (22, 65), (23, 16), (25, 3), (26, 3), (32, 2), (34, 73), (37, 38), (39, 1), (40, 12), (43, 2), (45, 23), (46, 1), (48, 2), (50, 9), (51, 98), (52, 2), (54, 19), (56, 8), (57, 1), (58, 6), (64, 2), (66, 22), (67, 33), (68, 81), (70, 16), (71, 18), (72, 8), (79, 3), (82, 9), (83, 14), (87, 18), (88, 54), (90, 2), (92, 10), (94, 26), (95, 5), (98, 31), (100, 39), (102, 29), (104, 1), (105, 23), (107, 5), (112, 1), (113, 4), (114, 33), (116, 3), (118, 27), (120, 1), (123, 2), (124, 3), (134, 1), (135, 1), (138, 39), (144, 87), (145, 4), (149, 2), (150, 180)]
--------------------------------------------------
Client 74	 Size of data: 955	 Labels:  [  0   4   6  14  16  17  18  19  21  25  26  31  33  36  37  39  40  43
  44  46  47  52  55  64  75  80  81  84  88  89  90  91  96  98 101 111
 113 119 120 121 125 127 132 134 140 143 148 149 151 154 157 158 159 161
 162 163 169 170 173 181 183 184 186 188 190 193 194 195 199]
		 Samples of labels:  [(0, 12), (4, 2), (6, 2), (14, 14), (16, 1), (17, 1), (18, 1), (19, 3), (21, 2), (25, 1), (26, 2), (31, 1), (33, 4), (36, 12), (37, 65), (39, 4), (40, 2), (43, 1), (44, 3), (46, 6), (47, 5), (52, 1), (55, 5), (64, 6), (75, 2), (80, 14), (81, 4), (84, 2), (88, 2), (89, 11), (90, 1), (91, 1), (96, 26), (98, 1), (101, 23), (111, 1), (113, 1), (119, 1), (120, 41), (121, 51), (125, 2), (127, 5), (132, 58), (134, 16), (140, 54), (143, 42), (148, 1), (149, 23), (151, 1), (154, 16), (157, 12), (158, 46), (159, 27), (161, 8), (162, 1), (163, 1), (169, 2), (170, 7), (173, 1), (181, 92), (183, 1), (184, 85), (186, 1), (188, 26), (190, 22), (193, 9), (194, 4), (195, 52), (199, 2)]
--------------------------------------------------
Client 75	 Size of data: 1134	 Labels:  [  0   1   8  13  14  15  16  19  21  28  29  32  34  35  36  40  41  46
  47  49  50  51  55  56  59  60  62  63  65  68  69  71  72  77  78  80
  82  83  86  87  98 100 101 103 105 109 110 111 112 113 116 117 127 134
 136 137 139 143 145 148 150 151 153 154 155 157 164 165 167 172 174 176
 178 181 183 184]
		 Samples of labels:  [(0, 1), (1, 3), (8, 1), (13, 1), (14, 12), (15, 1), (16, 12), (19, 54), (21, 5), (28, 5), (29, 2), (32, 6), (34, 12), (35, 1), (36, 1), (40, 22), (41, 48), (46, 1), (47, 4), (49, 2), (50, 22), (51, 6), (55, 7), (56, 18), (59, 2), (60, 1), (62, 47), (63, 1), (65, 1), (68, 16), (69, 29), (71, 31), (72, 17), (77, 1), (78, 8), (80, 1), (82, 24), (83, 1), (86, 10), (87, 8), (98, 1), (100, 7), (101, 19), (103, 2), (105, 11), (109, 6), (110, 1), (111, 13), (112, 1), (113, 1), (116, 79), (117, 32), (127, 6), (134, 1), (136, 4), (137, 1), (139, 12), (143, 8), (145, 99), (148, 73), (150, 34), (151, 6), (153, 1), (154, 67), (155, 1), (157, 37), (164, 22), (165, 3), (167, 5), (172, 11), (174, 2), (176, 17), (178, 1), (181, 16), (183, 11), (184, 78)]
--------------------------------------------------
Client 76	 Size of data: 1192	 Labels:  [  1   4   6   9  21  22  24  29  31  32  35  37  41  50  51  52  53  54
  56  57  58  59  63  64  69  71  74  76  78  79  80  81  82  91  92  95
  99 104 105 108 110 116 117 120 121 123 124 126 127 134 143 144 145 146
 151 152 160 162 163 165 166 167 172 177 183 184 188 190 194 197 198 199]
		 Samples of labels:  [(1, 2), (4, 8), (6, 1), (9, 60), (21, 7), (22, 2), (24, 9), (29, 17), (31, 7), (32, 4), (35, 1), (37, 2), (41, 10), (50, 9), (51, 8), (52, 1), (53, 1), (54, 1), (56, 2), (57, 4), (58, 4), (59, 44), (63, 1), (64, 76), (69, 1), (71, 11), (74, 3), (76, 27), (78, 2), (79, 2), (80, 1), (81, 19), (82, 2), (91, 4), (92, 6), (95, 20), (99, 24), (104, 12), (105, 2), (108, 7), (110, 11), (116, 16), (117, 1), (120, 11), (121, 16), (123, 29), (124, 70), (126, 26), (127, 25), (134, 4), (143, 1), (144, 5), (145, 1), (146, 1), (151, 5), (152, 37), (160, 1), (162, 40), (163, 4), (165, 52), (166, 2), (167, 144), (172, 2), (177, 3), (183, 3), (184, 9), (188, 20), (190, 82), (194, 18), (197, 13), (198, 3), (199, 113)]
--------------------------------------------------
Client 77	 Size of data: 1100	 Labels:  [  0   5   7   9  10  11  12  16  17  18  19  21  24  25  27  33  34  35
  44  50  56  58  59  65  66  67  68  69  76  84  86  87  92  93  95  97
 104 106 109 114 118 121 123 126 128 129 131 134 137 139 140 142 144 146
 148 155 157 158 159 161 166 167 169 170 172 173]
		 Samples of labels:  [(0, 20), (5, 1), (7, 1), (9, 15), (10, 2), (11, 8), (12, 2), (16, 2), (17, 2), (18, 2), (19, 2), (21, 6), (24, 36), (25, 11), (27, 26), (33, 15), (34, 35), (35, 3), (44, 10), (50, 1), (56, 7), (58, 3), (59, 35), (65, 2), (66, 15), (67, 31), (68, 26), (69, 13), (76, 1), (84, 2), (86, 6), (87, 7), (92, 4), (93, 22), (95, 5), (97, 1), (104, 35), (106, 5), (109, 3), (114, 1), (118, 29), (121, 2), (123, 113), (126, 3), (128, 36), (129, 3), (131, 2), (134, 126), (137, 5), (139, 6), (140, 4), (142, 37), (144, 14), (146, 7), (148, 10), (155, 15), (157, 13), (158, 2), (159, 7), (161, 2), (166, 4), (167, 73), (169, 2), (170, 119), (172, 10), (173, 32)]
--------------------------------------------------
Client 78	 Size of data: 1152	 Labels:  [  4   5  10  11  15  16  20  21  22  23  24  26  35  38  43  49  51  52
  56  66  68  70  72  73  76  84  89  91  92  93  96  98 100 106 109 110
 113 114 115 118 122 123 124 125 127 129 135 140 143 144 146 149 152 153
 154 159 160 162 170 173]
		 Samples of labels:  [(4, 28), (5, 4), (10, 29), (11, 1), (15, 1), (16, 124), (20, 18), (21, 8), (22, 93), (23, 2), (24, 1), (26, 10), (35, 1), (38, 3), (43, 2), (49, 15), (51, 1), (52, 23), (56, 11), (66, 148), (68, 1), (70, 89), (72, 11), (73, 2), (76, 1), (84, 3), (89, 17), (91, 2), (92, 5), (93, 14), (96, 45), (98, 1), (100, 1), (106, 46), (109, 18), (110, 2), (113, 2), (114, 1), (115, 3), (118, 1), (122, 2), (123, 3), (124, 1), (125, 1), (127, 27), (129, 40), (135, 33), (140, 4), (143, 5), (144, 8), (146, 1), (149, 12), (152, 2), (153, 2), (154, 1), (159, 1), (160, 95), (162, 60), (170, 6), (173, 60)]
--------------------------------------------------
Client 79	 Size of data: 1069	 Labels:  [  2   4  13  26  31  34  36  42  43  52  53  54  56  60  64  67  68  71
  73  79  83  84  89  90  91  92  93  94  95  96 101 102 103 110 114 116
 125 126 132 134 139 140 141 144 146 147 155 156 157 159 161 164 166 167
 170 171 177 178 182 188 189 195 196]
		 Samples of labels:  [(2, 13), (4, 1), (13, 8), (26, 9), (31, 19), (34, 1), (36, 14), (42, 29), (43, 77), (52, 1), (53, 13), (54, 36), (56, 8), (60, 4), (64, 1), (67, 4), (68, 1), (71, 5), (73, 1), (79, 15), (83, 6), (84, 4), (89, 3), (90, 23), (91, 15), (92, 15), (93, 44), (94, 4), (95, 24), (96, 16), (101, 1), (102, 1), (103, 9), (110, 146), (114, 2), (116, 7), (125, 5), (126, 1), (132, 1), (134, 6), (139, 7), (140, 3), (141, 9), (144, 1), (146, 2), (147, 16), (155, 9), (156, 11), (157, 6), (159, 6), (161, 5), (164, 1), (166, 8), (167, 53), (170, 3), (171, 83), (177, 29), (178, 15), (182, 2), (188, 2), (189, 103), (195, 7), (196, 95)]
--------------------------------------------------
Client 80	 Size of data: 1125	 Labels:  [  3   4   5   6   8  12  13  14  22  24  27  28  31  36  37  38  40  42
  47  49  53  55  57  59  66  67  71  72  73  75  78  79  88  89  91  93
  96  97  99 114 119 121 126 132 135 136 137 142 143 144 149 152 155 157
 158 160 162 163 165 168 169 173 174]
		 Samples of labels:  [(3, 95), (4, 1), (5, 2), (6, 18), (8, 18), (12, 10), (13, 1), (14, 5), (22, 83), (24, 1), (27, 42), (28, 15), (31, 9), (36, 17), (37, 7), (38, 9), (40, 1), (42, 6), (47, 4), (49, 1), (53, 1), (55, 9), (57, 1), (59, 3), (66, 76), (67, 12), (71, 1), (72, 1), (73, 2), (75, 18), (78, 17), (79, 16), (88, 22), (89, 113), (91, 13), (93, 3), (96, 69), (97, 16), (99, 5), (114, 9), (119, 39), (121, 1), (126, 4), (132, 1), (135, 24), (136, 14), (137, 1), (142, 12), (143, 2), (144, 7), (149, 48), (152, 4), (155, 1), (157, 1), (158, 52), (160, 41), (162, 11), (163, 8), (165, 21), (168, 1), (169, 48), (173, 3), (174, 29)]
--------------------------------------------------
Client 81	 Size of data: 1106	 Labels:  [  1   3   6   7  14  15  18  19  20  21  26  27  30  31  32  39  40  42
  45  48  50  51  54  56  57  68  73  79  80  81  83  85  88  90  91  94
  95  96  97 100 103 105 106 111 115 122 123 124 128 129 135 136 141 143
 146 147 150 151 153 154 156 157 160 165 168 169 171 181 184 191 195 198
 199]
		 Samples of labels:  [(1, 3), (3, 4), (6, 6), (7, 8), (14, 1), (15, 33), (18, 1), (19, 12), (20, 52), (21, 2), (26, 6), (27, 1), (30, 57), (31, 2), (32, 26), (39, 58), (40, 1), (42, 23), (45, 18), (48, 9), (50, 4), (51, 1), (54, 16), (56, 9), (57, 1), (68, 20), (73, 5), (79, 3), (80, 15), (81, 1), (83, 100), (85, 6), (88, 8), (90, 3), (91, 1), (94, 1), (95, 4), (96, 4), (97, 1), (100, 3), (103, 12), (105, 2), (106, 6), (111, 1), (115, 34), (122, 1), (123, 5), (124, 30), (128, 54), (129, 23), (135, 153), (136, 4), (141, 7), (143, 9), (146, 2), (147, 1), (150, 1), (151, 15), (153, 12), (154, 49), (156, 4), (157, 5), (160, 38), (165, 7), (168, 7), (169, 10), (171, 5), (181, 7), (184, 16), (191, 39), (195, 1), (198, 2), (199, 15)]
--------------------------------------------------
Client 82	 Size of data: 714	 Labels:  [  2   4   7  15  25  28  30  31  33  34  38  40  43  51  56  58  62  72
  77  78  79  80  84  89  94 103 110 112 113 117 119 124 125 127 130 149
 152 153 154 156 157 158 159 161 162 168 169 172 173 174 180 182 184 190
 191 192 193 197 199]
		 Samples of labels:  [(2, 6), (4, 9), (7, 2), (15, 31), (25, 2), (28, 1), (30, 2), (31, 16), (33, 2), (34, 2), (38, 13), (40, 9), (43, 3), (51, 10), (56, 2), (58, 15), (62, 1), (72, 3), (77, 12), (78, 9), (79, 18), (80, 54), (84, 1), (89, 3), (94, 1), (103, 5), (110, 2), (112, 3), (113, 4), (117, 4), (119, 10), (124, 15), (125, 75), (127, 1), (130, 1), (149, 2), (152, 6), (153, 3), (154, 1), (156, 7), (157, 3), (158, 28), (159, 19), (161, 27), (162, 1), (168, 31), (169, 8), (172, 2), (173, 1), (174, 3), (180, 28), (182, 168), (184, 3), (190, 2), (191, 3), (192, 1), (193, 14), (197, 1), (199, 5)]
--------------------------------------------------
Client 83	 Size of data: 1104	 Labels:  [  2   9  11  20  22  27  32  34  39  40  43  46  51  53  54  55  56  57
  61  63  65  67  68  69  74  76  79  82  86  87  88  91  92  93  94  99
 100 104 106 107 108 110 117 121 122 123 128 130 132 140 141 142 144 151
 154 155 156]
		 Samples of labels:  [(2, 2), (9, 1), (11, 4), (20, 4), (22, 9), (27, 1), (32, 18), (34, 8), (39, 1), (40, 79), (43, 1), (46, 26), (51, 1), (53, 15), (54, 9), (55, 2), (56, 55), (57, 1), (61, 7), (63, 4), (65, 120), (67, 11), (68, 38), (69, 3), (74, 11), (76, 23), (79, 1), (82, 15), (86, 15), (87, 6), (88, 16), (91, 127), (92, 5), (93, 2), (94, 1), (99, 8), (100, 28), (104, 26), (106, 33), (107, 17), (108, 3), (110, 6), (117, 1), (121, 1), (122, 5), (123, 8), (128, 16), (130, 1), (132, 44), (140, 40), (141, 69), (142, 6), (144, 1), (151, 7), (154, 3), (155, 14), (156, 125)]
--------------------------------------------------
Client 84	 Size of data: 1126	 Labels:  [  1   5   7  12  13  17  22  24  30  32  35  36  38  39  43  45  46  48
  49  50  51  53  54  60  61  62  63  65  66  71  72  76  81  84  89  91
  92  93  94  96  97 101 105 106 109]
		 Samples of labels:  [(1, 1), (5, 34), (7, 4), (12, 1), (13, 1), (17, 9), (22, 41), (24, 1), (30, 1), (32, 13), (35, 1), (36, 1), (38, 27), (39, 44), (43, 17), (45, 2), (46, 127), (48, 60), (49, 1), (50, 1), (51, 41), (53, 1), (54, 10), (60, 5), (61, 50), (62, 131), (63, 1), (65, 31), (66, 10), (71, 1), (72, 5), (76, 1), (81, 1), (84, 1), (89, 121), (91, 10), (92, 1), (93, 1), (94, 7), (96, 17), (97, 34), (101, 102), (105, 108), (106, 15), (109, 34)]
--------------------------------------------------
Client 85	 Size of data: 1117	 Labels:  [ 1  2  3  6  9 10 12 13 16 17 19 26 28 31 33 37 42 46 50 51 52 55 56 60
 61 64 66 67 68 69 70 72 77 78 84 86 88 90 91 92 94 95 97 98]
		 Samples of labels:  [(1, 82), (2, 1), (3, 2), (6, 53), (9, 27), (10, 7), (12, 2), (13, 1), (16, 1), (17, 50), (19, 13), (26, 33), (28, 137), (31, 95), (33, 22), (37, 1), (42, 7), (46, 3), (50, 95), (51, 56), (52, 2), (55, 2), (56, 6), (60, 28), (61, 62), (64, 16), (66, 1), (67, 1), (68, 7), (69, 4), (70, 1), (72, 1), (77, 88), (78, 40), (84, 4), (86, 10), (88, 3), (90, 8), (91, 29), (92, 3), (94, 1), (95, 1), (97, 14), (98, 97)]
--------------------------------------------------
Client 86	 Size of data: 1300	 Labels:  [  3   4   7  10  18  19  21  23  25  27  29  34  35  36  40  43  45  47
  48  49  50  52  56  57  58  62  63  65  67  72  73  74  75  81  83  89
  94  95  98 102 105 111 112 117 122 123 127 128 129 132 135 139 140 143
 144 145 150 152 153 155 159 164 165 170 172 175 176 177 180 183 184 186
 187 188 189 193 196 198]
		 Samples of labels:  [(3, 3), (4, 1), (7, 9), (10, 27), (18, 1), (19, 33), (21, 77), (23, 1), (25, 24), (27, 1), (29, 2), (34, 2), (35, 20), (36, 120), (40, 1), (43, 2), (45, 6), (47, 92), (48, 1), (49, 19), (50, 16), (52, 3), (56, 1), (57, 9), (58, 6), (62, 2), (63, 1), (65, 80), (67, 2), (72, 1), (73, 1), (74, 3), (75, 3), (81, 4), (83, 11), (89, 1), (94, 2), (95, 37), (98, 12), (102, 1), (105, 4), (111, 8), (112, 1), (117, 1), (122, 6), (123, 12), (127, 17), (128, 10), (129, 2), (132, 46), (135, 12), (139, 4), (140, 104), (143, 3), (144, 1), (145, 2), (150, 2), (152, 19), (153, 3), (155, 1), (159, 12), (164, 1), (165, 1), (170, 1), (172, 4), (175, 2), (176, 4), (177, 67), (180, 1), (183, 1), (184, 1), (186, 7), (187, 21), (188, 4), (189, 13), (193, 3), (196, 1), (198, 260)]
--------------------------------------------------
Client 87	 Size of data: 1115	 Labels:  [  0   6   8  15  17  19  23  28  29  31  34  36  37  40  43  45  49  51
  52  53  55  57  58  60  67  76  77  78  84  87  91  93  94  95  99 103
 104 106 109 112 119 122 123 126 127 129 131 133 135 136 137 138 139 144
 145 146 148 149 150 153 154 157 163 170 173 176 184 185 186]
		 Samples of labels:  [(0, 1), (6, 11), (8, 14), (15, 6), (17, 1), (19, 149), (23, 5), (28, 27), (29, 2), (31, 4), (34, 6), (36, 11), (37, 38), (40, 14), (43, 70), (45, 1), (49, 42), (51, 13), (52, 17), (53, 1), (55, 1), (57, 5), (58, 6), (60, 1), (67, 8), (76, 1), (77, 2), (78, 6), (84, 30), (87, 72), (91, 3), (93, 8), (94, 1), (95, 3), (99, 2), (103, 11), (104, 8), (106, 18), (109, 103), (112, 22), (119, 1), (122, 17), (123, 2), (126, 75), (127, 16), (129, 20), (131, 1), (133, 30), (135, 1), (136, 6), (137, 9), (138, 1), (139, 1), (144, 1), (145, 1), (146, 9), (148, 1), (149, 9), (150, 65), (153, 8), (154, 16), (157, 22), (163, 14), (170, 8), (173, 1), (176, 1), (184, 7), (185, 7), (186, 21)]
--------------------------------------------------
Client 88	 Size of data: 1154	 Labels:  [  1   4   5  11  12  13  17  18  19  20  23  24  25  26  28  29  31  34
  35  39  41  43  44  47  48  50  52  53  56  57  61  65  67  70  74  78
  81  82  88  92  93  98  99 100 102 103 107 109 111 113 114 116 118 119
 122 125]
		 Samples of labels:  [(1, 4), (4, 4), (5, 30), (11, 4), (12, 2), (13, 79), (17, 59), (18, 2), (19, 42), (20, 2), (23, 6), (24, 15), (25, 128), (26, 4), (28, 3), (29, 42), (31, 9), (34, 5), (35, 1), (39, 5), (41, 11), (43, 5), (44, 3), (47, 1), (48, 105), (50, 8), (52, 2), (53, 43), (56, 4), (57, 95), (61, 2), (65, 1), (67, 1), (70, 2), (74, 61), (78, 1), (81, 2), (82, 33), (88, 2), (92, 18), (93, 11), (98, 5), (99, 1), (100, 1), (102, 30), (103, 1), (107, 21), (109, 34), (111, 49), (113, 12), (114, 2), (116, 1), (118, 3), (119, 3), (122, 61), (125, 73)]
--------------------------------------------------
Client 89	 Size of data: 1105	 Labels:  [  6   9  11  13  14  16  18  25  28  30  31  32  37  38  40  41  46  53
  54  56  58  60  61  65  68  71  73  76  77  81  83  84  85  86  87  91
  92  93  97  98 101 102 103 104 108 114 119 122 123 124 126 128 134 135
 136 142 147 156 157 160 161 164 165 166 170 171 172 173 174 175 177 183
 193]
		 Samples of labels:  [(6, 31), (9, 2), (11, 14), (13, 1), (14, 21), (16, 1), (18, 42), (25, 3), (28, 1), (30, 1), (31, 2), (32, 44), (37, 46), (38, 1), (40, 11), (41, 8), (46, 7), (53, 37), (54, 1), (56, 13), (58, 22), (60, 11), (61, 1), (65, 100), (68, 4), (71, 4), (73, 17), (76, 5), (77, 14), (81, 90), (83, 15), (84, 8), (85, 64), (86, 49), (87, 28), (91, 2), (92, 4), (93, 13), (97, 27), (98, 17), (101, 16), (102, 1), (103, 2), (104, 7), (108, 74), (114, 18), (119, 2), (122, 1), (123, 10), (124, 2), (126, 6), (128, 12), (134, 2), (135, 1), (136, 1), (142, 1), (147, 3), (156, 6), (157, 10), (160, 18), (161, 4), (164, 1), (165, 47), (166, 5), (170, 1), (171, 1), (172, 1), (173, 40), (174, 1), (175, 1), (177, 1), (183, 1), (193, 26)]
--------------------------------------------------
Client 90	 Size of data: 1115	 Labels:  [  5   7  11  12  15  17  24  30  31  32  33  38  39  45  46  50  51  57
  59  60  61  69  72  73  74  79  80  82 100 101 102 105 106 107 116 118
 121 122 124 132 133 138 146 147 149 152 154 157 159 161 163 165 169 170
 176 178]
		 Samples of labels:  [(5, 5), (7, 10), (11, 63), (12, 2), (15, 27), (17, 1), (24, 24), (30, 4), (31, 32), (32, 7), (33, 1), (38, 25), (39, 1), (45, 7), (46, 13), (50, 3), (51, 1), (57, 16), (59, 1), (60, 4), (61, 100), (69, 32), (72, 1), (73, 1), (74, 6), (79, 144), (80, 5), (82, 1), (100, 2), (101, 26), (102, 3), (105, 1), (106, 1), (107, 1), (116, 108), (118, 114), (121, 1), (122, 49), (124, 3), (132, 61), (133, 76), (138, 2), (146, 32), (147, 1), (149, 18), (152, 1), (154, 29), (157, 2), (159, 2), (161, 15), (163, 1), (165, 2), (169, 1), (170, 2), (176, 8), (178, 16)]
--------------------------------------------------
Client 91	 Size of data: 1115	 Labels:  [  5  14  18  20  24  27  30  33  35  36  40  43  48  49  50  51  53  54
  55  57  58  66  68  71  73  75  76  81  82  84  87  90  97 104 105 107
 113 114 122 126 129 130 132 134 136 141 143 148]
		 Samples of labels:  [(5, 5), (14, 131), (18, 61), (20, 76), (24, 18), (27, 1), (30, 13), (33, 1), (35, 81), (36, 85), (40, 17), (43, 1), (48, 34), (49, 5), (50, 6), (51, 4), (53, 28), (54, 7), (55, 7), (57, 4), (58, 1), (66, 41), (68, 8), (71, 41), (73, 131), (75, 57), (76, 1), (81, 13), (82, 1), (84, 1), (87, 2), (90, 3), (97, 7), (104, 3), (105, 18), (107, 2), (113, 1), (114, 3), (122, 1), (126, 1), (129, 57), (130, 42), (132, 4), (134, 1), (136, 50), (141, 1), (143, 7), (148, 32)]
--------------------------------------------------
Client 92	 Size of data: 1125	 Labels:  [  1   3   5   6   7   8  11  14  16  18  21  25  33  42  43  45  49  56
  59  60  63  69  72  74  77  81  82  89  90  92  97 100 102 103 105 107
 111 112 114 116 117 119 123 124 126 127 128 131 132 134 135 136 138 139
 140 141 142 145 146 150 152 156 157 159 164 168 170 175 176 181 182 183
 187 188 193 194]
		 Samples of labels:  [(1, 2), (3, 3), (5, 7), (6, 29), (7, 1), (8, 32), (11, 94), (14, 1), (16, 2), (18, 8), (21, 7), (25, 9), (33, 49), (42, 1), (43, 2), (45, 3), (49, 3), (56, 2), (59, 1), (60, 36), (63, 5), (69, 9), (72, 23), (74, 32), (77, 1), (81, 14), (82, 2), (89, 1), (90, 2), (92, 4), (97, 1), (100, 1), (102, 3), (103, 15), (105, 4), (107, 8), (111, 137), (112, 1), (114, 1), (116, 17), (117, 1), (119, 3), (123, 2), (124, 6), (126, 4), (127, 16), (128, 5), (131, 19), (132, 1), (134, 29), (135, 39), (136, 6), (138, 18), (139, 5), (140, 18), (141, 9), (142, 1), (145, 1), (146, 15), (150, 38), (152, 1), (156, 23), (157, 59), (159, 1), (164, 7), (168, 15), (170, 6), (175, 1), (176, 35), (181, 12), (182, 5), (183, 1), (187, 1), (188, 38), (193, 3), (194, 108)]
--------------------------------------------------
Client 93	 Size of data: 1134	 Labels:  [  0   1   3   4  15  16  17  18  21  22  24  27  32  33  34  35  37  38
  39  41  42  48  49  51  59  60  62  65  66  67  68  73  76  77  78  85
  86  88  90  92  94  95 103 106 108 118 120 122 123 125 129 131 132 139
 140 142 143 145 147 153 158 171 174 176 178 180 182]
		 Samples of labels:  [(0, 1), (1, 23), (3, 4), (4, 2), (15, 97), (16, 1), (17, 2), (18, 28), (21, 4), (22, 2), (24, 78), (27, 6), (32, 3), (33, 4), (34, 8), (35, 65), (37, 16), (38, 2), (39, 14), (41, 2), (42, 8), (48, 5), (49, 96), (51, 1), (59, 1), (60, 40), (62, 2), (65, 1), (66, 11), (67, 7), (68, 75), (73, 3), (76, 2), (77, 14), (78, 16), (85, 2), (86, 1), (88, 3), (90, 5), (92, 8), (94, 2), (95, 1), (103, 10), (106, 60), (108, 1), (118, 34), (120, 8), (122, 2), (123, 6), (125, 8), (129, 85), (131, 18), (132, 4), (139, 3), (140, 1), (142, 15), (143, 51), (145, 1), (147, 11), (153, 66), (158, 2), (171, 1), (174, 2), (176, 35), (178, 3), (180, 3), (182, 38)]
--------------------------------------------------
Client 94	 Size of data: 1293	 Labels:  [  0   5   6   7  10  11  17  20  22  24  25  31  32  35  43  47  53  58
  67  69  73  78  80  88  96 101 111 112 119 120 123 130 137 140 143 145
 147 148 153 155 157 159 161 162 164 166 172 176 179 181 182 183 184 185
 186 188 191 193 198 199]
		 Samples of labels:  [(0, 5), (5, 44), (6, 17), (7, 52), (10, 23), (11, 2), (17, 1), (20, 63), (22, 1), (24, 4), (25, 18), (31, 1), (32, 1), (35, 3), (43, 1), (47, 7), (53, 55), (58, 7), (67, 2), (69, 4), (73, 35), (78, 9), (80, 62), (88, 15), (96, 2), (101, 6), (111, 1), (112, 1), (119, 72), (120, 84), (123, 1), (130, 1), (137, 5), (140, 15), (143, 1), (145, 23), (147, 15), (148, 25), (153, 1), (155, 3), (157, 1), (159, 1), (161, 60), (162, 1), (164, 1), (166, 8), (172, 28), (176, 20), (179, 2), (181, 3), (182, 1), (183, 1), (184, 1), (185, 18), (186, 182), (188, 18), (191, 12), (193, 6), (198, 17), (199, 224)]
--------------------------------------------------
Client 95	 Size of data: 1040	 Labels:  [  3   5   6   8  11  13  15  16  17  19  25  31  34  43  44  48  49  50
  51  55  57  59  60  61  62  65  67  68  69  70  72  77  79  83  84  87
 100 109 121 122 131 136 137 146 148 152 156 157 160 161 162 164 166 169
 171 172 173 174 177 179 188 189 195]
		 Samples of labels:  [(3, 31), (5, 25), (6, 4), (8, 3), (11, 1), (13, 2), (15, 20), (16, 1), (17, 17), (19, 53), (25, 1), (31, 30), (34, 24), (43, 9), (44, 4), (48, 1), (49, 1), (50, 3), (51, 12), (55, 1), (57, 6), (59, 16), (60, 53), (61, 1), (62, 6), (65, 6), (67, 22), (68, 10), (69, 2), (70, 7), (72, 5), (77, 34), (79, 7), (83, 15), (84, 1), (87, 3), (100, 4), (109, 1), (121, 86), (122, 7), (131, 15), (136, 7), (137, 1), (146, 11), (148, 5), (152, 36), (156, 10), (157, 1), (160, 1), (161, 28), (162, 20), (164, 1), (166, 19), (169, 2), (171, 1), (172, 7), (173, 11), (174, 5), (177, 8), (179, 16), (188, 2), (189, 296), (195, 2)]
--------------------------------------------------
Client 96	 Size of data: 1147	 Labels:  [  2   9  10  11  12  26  27  32  33  36  39  42  44  47  49  52  53  57
  59  61  63  64  68  71  74  78  79  82  88  89  90  92  93 101 104 105
 112 115 118 119 122 126 127 128 129 135 137 139 142 147 148 151 157 160
 162 166 167 168 173 178 184 190 194 195]
		 Samples of labels:  [(2, 1), (9, 1), (10, 80), (11, 8), (12, 5), (26, 1), (27, 10), (32, 2), (33, 2), (36, 9), (39, 1), (42, 62), (44, 3), (47, 1), (49, 2), (52, 4), (53, 2), (57, 6), (59, 34), (61, 2), (63, 4), (64, 15), (68, 72), (71, 2), (74, 22), (78, 9), (79, 1), (82, 29), (88, 2), (89, 55), (90, 5), (92, 56), (93, 2), (101, 1), (104, 48), (105, 2), (112, 3), (115, 1), (118, 1), (119, 5), (122, 14), (126, 18), (127, 23), (128, 1), (129, 39), (135, 1), (137, 1), (139, 21), (142, 41), (147, 18), (148, 5), (151, 6), (157, 92), (160, 2), (162, 1), (166, 67), (167, 2), (168, 8), (173, 5), (178, 7), (184, 16), (190, 38), (194, 25), (195, 125)]
--------------------------------------------------
Client 97	 Size of data: 1133	 Labels:  [  0   3  11  13  15  16  23  26  28  31  33  37  38  39  42  44  46  49
  53  56  57  58  59  61  63  67  69  70  71  79  82  83  84  87  93  97
  98 101 103 104 108 110 111 113 114 122 131 132 133 139 142 148 157 160
 161 162 163 164 165 168 172 176]
		 Samples of labels:  [(0, 13), (3, 23), (11, 11), (13, 2), (15, 16), (16, 117), (23, 6), (26, 4), (28, 1), (31, 24), (33, 29), (37, 1), (38, 1), (39, 36), (42, 33), (44, 12), (46, 7), (49, 39), (53, 6), (56, 1), (57, 1), (58, 17), (59, 7), (61, 1), (63, 12), (67, 2), (69, 1), (70, 32), (71, 1), (79, 92), (82, 26), (83, 4), (84, 10), (87, 1), (93, 1), (97, 2), (98, 38), (101, 3), (103, 3), (104, 28), (108, 10), (110, 1), (111, 38), (113, 54), (114, 9), (122, 15), (131, 3), (132, 27), (133, 8), (139, 1), (142, 2), (148, 14), (157, 16), (160, 1), (161, 25), (162, 6), (163, 33), (164, 8), (165, 18), (168, 35), (172, 14), (176, 131)]
--------------------------------------------------
Client 98	 Size of data: 1048	 Labels:  [  0   6  16  18  21  23  26  28  32  39  42  43  47  61  63  64  65  67
  68  70  75  80  83  88  89  92  94  95  96  97 100 107 123 125 142 145
 148 151 155 156 164 168 169 170 172 175 178 179 182 188 191 192 193 195
 196 197 198]
		 Samples of labels:  [(0, 11), (6, 24), (16, 1), (18, 15), (21, 9), (23, 1), (26, 6), (28, 29), (32, 22), (39, 7), (42, 8), (43, 2), (47, 1), (61, 48), (63, 5), (64, 1), (65, 1), (67, 19), (68, 3), (70, 3), (75, 1), (80, 2), (83, 16), (88, 1), (89, 2), (92, 4), (94, 23), (95, 17), (96, 5), (97, 32), (100, 22), (107, 1), (123, 42), (125, 5), (142, 4), (145, 29), (148, 21), (151, 1), (155, 8), (156, 12), (164, 40), (168, 30), (169, 5), (170, 4), (172, 1), (175, 1), (178, 57), (179, 3), (182, 51), (188, 81), (191, 4), (192, 123), (193, 9), (195, 106), (196, 28), (197, 27), (198, 14)]
--------------------------------------------------
Client 99	 Size of data: 970	 Labels:  [  0   1   2   3   4   5   6   7   8   9  10  11  12  13  14  15  16  17
  18  19  20  21  22  23  24  25  26  27  28  29  30  31  32  33  34  35
  36  37  38  39  40  41  42  44  45  46  48  49  50  51  52  53  54  55
  56  57  58  59  60  61  62  63  64  65  66  68  69  70  71  72  73  74
  76  77  78  79  80  81  82  83  84  85  86  87  88  89  90  91  92  93
  94  95  96  97  98  99 100 101 102 103 104 105 106 107 108 109 110 111
 112 113 114 115 116 117 118 119 120 121 122 123 124 125 126 127 128 129
 130 131 132 133 134 135 136 137 138 139 140 141 142 143 144 145 146 147
 148 149 150 151 152 153 154 155 156 157 158 159 160 161 162 163 164 165
 166 167 168 169 170 171 172 173 174 175 176 177 178 179 180 181 182 183
 184 185 186 187 188 189 190 191 192 193 194 195 196 197 198 199]
		 Samples of labels:  [(0, 1), (1, 1), (2, 1), (3, 1), (4, 10), (5, 1), (6, 1), (7, 1), (8, 1), (9, 1), (10, 1), (11, 1), (12, 19), (13, 1), (14, 1), (15, 16), (16, 2), (17, 1), (18, 1), (19, 1), (20, 1), (21, 1), (22, 1), (23, 6), (24, 1), (25, 80), (26, 1), (27, 1), (28, 7), (29, 1), (30, 1), (31, 1), (32, 1), (33, 1), (34, 1), (35, 41), (36, 5), (37, 38), (38, 17), (39, 1), (40, 1), (41, 1), (42, 12), (44, 2), (45, 1), (46, 1), (48, 1), (49, 1), (50, 54), (51, 3), (52, 1), (53, 1), (54, 15), (55, 1), (56, 1), (57, 1), (58, 1), (59, 1), (60, 1), (61, 1), (62, 9), (63, 1), (64, 1), (65, 1), (66, 1), (68, 2), (69, 1), (70, 3), (71, 1), (72, 1), (73, 1), (74, 1), (76, 1), (77, 1), (78, 1), (79, 1), (80, 1), (81, 35), (82, 3), (83, 1), (84, 1), (85, 1), (86, 1), (87, 10), (88, 1), (89, 1), (90, 5), (91, 1), (92, 1), (93, 2), (94, 1), (95, 1), (96, 1), (97, 1), (98, 1), (99, 4), (100, 3), (101, 1), (102, 1), (103, 1), (104, 1), (105, 1), (106, 1), (107, 1), (108, 1), (109, 1), (110, 1), (111, 1), (112, 1), (113, 1), (114, 1), (115, 1), (116, 1), (117, 13), (118, 1), (119, 1), (120, 1), (121, 1), (122, 1), (123, 1), (124, 1), (125, 1), (126, 1), (127, 12), (128, 6), (129, 1), (130, 1), (131, 1), (132, 1), (133, 1), (134, 6), (135, 1), (136, 1), (137, 17), (138, 1), (139, 2), (140, 1), (141, 1), (142, 1), (143, 1), (144, 1), (145, 21), (146, 1), (147, 43), (148, 1), (149, 67), (150, 1), (151, 2), (152, 1), (153, 1), (154, 1), (155, 1), (156, 1), (157, 1), (158, 1), (159, 1), (160, 1), (161, 4), (162, 16), (163, 1), (164, 1), (165, 1), (166, 2), (167, 1), (168, 1), (169, 1), (170, 4), (171, 1), (172, 1), (173, 1), (174, 1), (175, 66), (176, 1), (177, 1), (178, 14), (179, 11), (180, 5), (181, 1), (182, 1), (183, 1), (184, 1), (185, 1), (186, 16), (187, 1), (188, 1), (189, 1), (190, 4), (191, 77), (192, 1), (193, 1), (194, 1), (195, 1), (196, 1), (197, 11), (198, 1), (199, 1)]
--------------------------------------------------
Total number of samples: 110000
The number of train samples: [772, 882, 825, 826, 851, 785, 652, 880, 825, 854, 837, 830, 842, 828, 754, 774, 869, 708, 642, 730, 844, 711, 828, 831, 827, 851, 846, 852, 826, 915, 837, 892, 827, 927, 1001, 789, 839, 830, 849, 723, 857, 862, 895, 884, 885, 700, 837, 826, 846, 635, 879, 846, 879, 898, 825, 825, 733, 740, 828, 825, 854, 831, 849, 826, 852, 849, 835, 842, 760, 757, 851, 834, 754, 945, 716, 850, 894, 825, 864, 801, 843, 829, 535, 828, 844, 837, 975, 836, 865, 828, 836, 836, 843, 850, 969, 780, 860, 849, 786, 727]
The number of test samples: [258, 294, 275, 276, 284, 262, 218, 294, 276, 285, 279, 277, 281, 277, 252, 258, 290, 237, 215, 244, 282, 237, 277, 277, 276, 284, 282, 285, 276, 306, 280, 298, 276, 310, 334, 264, 280, 277, 283, 241, 286, 288, 299, 295, 295, 234, 279, 276, 282, 212, 293, 283, 294, 300, 276, 276, 245, 247, 276, 276, 285, 278, 283, 276, 284, 284, 279, 281, 254, 253, 284, 279, 252, 316, 239, 284, 298, 275, 288, 268, 282, 277, 179, 276, 282, 280, 325, 279, 289, 277, 279, 279, 282, 284, 324, 260, 287, 284, 262, 243]

TinyImagenet train 0 772
TinyImagenet train 1 882
TinyImagenet train 2 825
TinyImagenet train 3 826
TinyImagenet train 4 851
TinyImagenet train 5 785
TinyImagenet train 6 652
TinyImagenet train 7 880
TinyImagenet train 8 825
TinyImagenet train 9 854
TinyImagenet train 10 837
TinyImagenet train 11 830
TinyImagenet train 12 842
TinyImagenet train 13 828
TinyImagenet train 14 754
TinyImagenet train 15 774
TinyImagenet train 16 869
TinyImagenet train 17 708
TinyImagenet train 18 642
TinyImagenet train 19 730
TinyImagenet train 20 844
TinyImagenet train 21 711
TinyImagenet train 22 828
TinyImagenet train 23 831
TinyImagenet train 24 827
TinyImagenet train 25 851
TinyImagenet train 26 846
TinyImagenet train 27 852
TinyImagenet train 28 826
TinyImagenet train 29 915
TinyImagenet train 30 837
TinyImagenet train 31 892
TinyImagenet train 32 827
TinyImagenet train 33 927
TinyImagenet train 34 1001
TinyImagenet train 35 789
TinyImagenet train 36 839
TinyImagenet train 37 830
TinyImagenet train 38 849
TinyImagenet train 39 723
TinyImagenet train 40 857
TinyImagenet train 41 862
TinyImagenet train 42 895
TinyImagenet train 43 884
TinyImagenet train 44 885
TinyImagenet train 45 700
TinyImagenet train 46 837
TinyImagenet train 47 826
TinyImagenet train 48 846
TinyImagenet train 49 635
TinyImagenet train 50 879
TinyImagenet train 51 846
TinyImagenet train 52 879
TinyImagenet train 53 898
TinyImagenet train 54 825
TinyImagenet train 55 825
TinyImagenet train 56 733
TinyImagenet train 57 740
TinyImagenet train 58 828
TinyImagenet train 59 825
TinyImagenet train 60 854
TinyImagenet train 61 831
TinyImagenet train 62 849
TinyImagenet train 63 826
TinyImagenet train 64 852
TinyImagenet train 65 849
TinyImagenet train 66 835
TinyImagenet train 67 842
TinyImagenet train 68 760
TinyImagenet train 69 757
TinyImagenet train 70 851
TinyImagenet train 71 834
TinyImagenet train 72 754
TinyImagenet train 73 945
TinyImagenet train 74 716
TinyImagenet train 75 850
TinyImagenet train 76 894
TinyImagenet train 77 825
TinyImagenet train 78 864
TinyImagenet train 79 801
TinyImagenet train 80 843
TinyImagenet train 81 829
TinyImagenet train 82 535
TinyImagenet train 83 828
TinyImagenet train 84 844
TinyImagenet train 85 837
TinyImagenet train 86 975
TinyImagenet train 87 836
TinyImagenet train 88 865
TinyImagenet train 89 828
TinyImagenet train 90 836
TinyImagenet train 91 836
TinyImagenet train 92 843
TinyImagenet train 93 850
TinyImagenet train 94 969
TinyImagenet train 95 780
TinyImagenet train 96 860
TinyImagenet train 97 849
TinyImagenet train 98 786
TinyImagenet train 99 727
TinyImagenet test 0 258
TinyImagenet test 1 294
TinyImagenet test 2 275
TinyImagenet test 3 276
TinyImagenet test 4 284
TinyImagenet test 5 262
TinyImagenet test 6 218
TinyImagenet test 7 294
TinyImagenet test 8 276
TinyImagenet test 9 285
TinyImagenet test 10 279
TinyImagenet test 11 277
TinyImagenet test 12 281
TinyImagenet test 13 277
TinyImagenet test 14 252
TinyImagenet test 15 258
TinyImagenet test 16 290
TinyImagenet test 17 237
TinyImagenet test 18 215
TinyImagenet test 19 244
TinyImagenet test 20 282
TinyImagenet test 21 237
TinyImagenet test 22 277
TinyImagenet test 23 277
TinyImagenet test 24 276
TinyImagenet test 25 284
TinyImagenet test 26 282
TinyImagenet test 27 285
TinyImagenet test 28 276
TinyImagenet test 29 306
TinyImagenet test 30 280
TinyImagenet test 31 298
TinyImagenet test 32 276
TinyImagenet test 33 310
TinyImagenet test 34 334
TinyImagenet test 35 264
TinyImagenet test 36 280
TinyImagenet test 37 277
TinyImagenet test 38 283
TinyImagenet test 39 241
TinyImagenet test 40 286
TinyImagenet test 41 288
TinyImagenet test 42 299
TinyImagenet test 43 295
TinyImagenet test 44 295
TinyImagenet test 45 234
TinyImagenet test 46 279
TinyImagenet test 47 276
TinyImagenet test 48 282
TinyImagenet test 49 212
TinyImagenet test 50 293
TinyImagenet test 51 283
TinyImagenet test 52 294
TinyImagenet test 53 300
TinyImagenet test 54 276
TinyImagenet test 55 276
TinyImagenet test 56 245
TinyImagenet test 57 247
TinyImagenet test 58 276
TinyImagenet test 59 276
TinyImagenet test 60 285
TinyImagenet test 61 278
TinyImagenet test 62 283
TinyImagenet test 63 276
TinyImagenet test 64 284
TinyImagenet test 65 284
TinyImagenet test 66 279
TinyImagenet test 67 281
TinyImagenet test 68 254
TinyImagenet test 69 253
TinyImagenet test 70 284
TinyImagenet test 71 279
TinyImagenet test 72 252
TinyImagenet test 73 316
TinyImagenet test 74 239
TinyImagenet test 75 284
TinyImagenet test 76 298
TinyImagenet test 77 275
TinyImagenet test 78 288
TinyImagenet test 79 268
TinyImagenet test 80 282
TinyImagenet test 81 277
TinyImagenet test 82 179
TinyImagenet test 83 276
TinyImagenet test 84 282
TinyImagenet test 85 280
TinyImagenet test 86 325
TinyImagenet test 87 279
TinyImagenet test 88 289
TinyImagenet test 89 277
TinyImagenet test 90 279
TinyImagenet test 91 279
TinyImagenet test 92 282
TinyImagenet test 93 284
TinyImagenet test 94 324
TinyImagenet test 95 260
TinyImagenet test 96 287
TinyImagenet test 97 284
TinyImagenet test 98 262
TinyImagenet test 99 243
[autodl] finished_at=2026-09-13T12:44:19+08:00
[autodl] exit_code=0
