client,bank,context,pi,iterations,updates,trace,converged,cap_hit,direct_KKT,objective,initial_objective,active_classes,clipped_coordinates,L1_change,differs_from_BBSE
0,A,clean,"[0.0, 0.11721363852873878, 0.0, 0.14768433747703114, 0.0, 0.0, 0.20959006436734073, 0.47696329536192694, 0.0, 0.0485486642649704]",2,2,"[{'active': [3, 7, 9], 'minimum': 0.19382043608762334, 'action': 'add', 'coordinate': 6}, {'active': [3, 6, 7, 9], 'minimum': 0.1229444545545022, 'action': 'add', 'coordinate': 1}, {'active': [1, 3, 6, 7, 9], 'minimum': 0.0485486642649704, 'action': 'accept'}]",True,False,7.993605777301127e-15,0.00020135998395897945,0.0025883625389112003,5,0,0.9438198221385173,True
0,A,brightness_dark,"[0.0, 0.06448907381111013, 0.0, 0.2868739522910033, 0.0, 0.0, 0.09390717457991737, 0.4888544344884962, 0.0, 0.06587536482949474]",2,2,"[{'active': [3, 7, 9], 'minimum': 0.14197764007102975, 'action': 'add', 'coordinate': 6}, {'active': [3, 6, 7, 9], 'minimum': 0.10062257817057008, 'action': 'add', 'coordinate': 1}, {'active': [1, 3, 6, 7, 9], 'minimum': 0.06448907381111013, 'action': 'accept'}]",True,False,2.1760371282653068e-14,0.0003009915643457914,0.0017776251014162499,5,0,0.39417175890777345,True
0,A,contrast_low,"[0.0, 0.18549047891727355, 0.0, 0.15698167812056596, 0.0, 0.0, 0.3171787810611866, 0.2996654890504573, 0.0, 0.04068357285054702]",4,4,"[{'active': [6, 7, 9], 'minimum': 0.2681702559838435, 'action': 'add', 'coordinate': 1}, {'active': [1, 6, 7, 9], 'minimum': 0.09875908386589005, 'action': 'add', 'coordinate': 5}, {'active': [1, 5, 6, 7, 9], 'minimum': 0.10852207833150374, 'action': 'add', 'coordinate': 3}, {'active': [1, 3, 5, 6, 7, 9], 'minimum': -0.03220169180661969, 'action': 'remove', 'coordinate': 5}, {'active': [1, 3, 6, 7, 9], 'minimum': 0.04068357285054702, 'action': 'accept'}]",True,False,3.042011087472929e-14,0.0002697982952223886,0.0017430803613375507,5,0,0.9205490612493483,True
0,A,gaussian_noise,"[0.0, 0.0, 0.0, 0.03861302234612507, 0.0, 0.0, 0.25392865808724163, 0.48579028800286495, 0.0, 0.2216680315637687]",0,0,"[{'active': [3, 6, 7, 9], 'minimum': 0.03861302234612507, 'action': 'accept'}]",True,False,4.440892098500626e-16,0.00012405872935599237,0.0036298420669190197,4,0,0.6874778746549695,True
0,A,gaussian_blur,"[0.0, 0.19033918896283808, 0.0, 0.07118164186663911, 0.0, 0.0, 0.2292986275238258, 0.4654782301418354, 0.0, 0.043702311504844715]",1,1,"[{'active': [3, 6, 7, 9], 'minimum': 0.030829096635353465, 'action': 'add', 'coordinate': 1}, {'active': [1, 3, 6, 7, 9], 'minimum': 0.043702311504844715, 'action': 'accept'}]",True,False,1.687538997430238e-14,0.0001620244981922446,0.002364319253471716,5,0,0.9862298534164875,True
0,B,clean,"[0.0, 0.11721363852873878, 0.0, 0.14768433747703114, 0.0, 0.0, 0.20959006436734073, 0.47696329536192694, 0.0, 0.0485486642649704]",2,2,"[{'active': [3, 7, 9], 'minimum': 0.19382043608762334, 'action': 'add', 'coordinate': 6}, {'active': [3, 6, 7, 9], 'minimum': 0.1229444545545022, 'action': 'add', 'coordinate': 1}, {'active': [1, 3, 6, 7, 9], 'minimum': 0.0485486642649704, 'action': 'accept'}]",True,False,7.993605777301127e-15,0.00020135998395897945,0.0025883625389112003,5,0,0.9438198221385173,True
0,B,brightness_dark,"[0.0, 0.06402985819718054, 0.0, 0.28421549362873044, 0.0, 0.0, 0.09554391510921434, 0.4910256271028812, 0.0, 0.06518510596200144]",2,2,"[{'active': [3, 7, 9], 'minimum': 0.1407960113718213, 'action': 'add', 'coordinate': 6}, {'active': [3, 6, 7, 9], 'minimum': 0.10207149646767005, 'action': 'add', 'coordinate': 1}, {'active': [1, 3, 6, 7, 9], 'minimum': 0.06402985819718054, 'action': 'accept'}]",True,False,7.993605777301127e-15,0.0003023761926351405,0.0017546068474456002,5,0,0.38814806728456785,True
0,B,contrast_low,"[0.0, 0.17890911399577902, 0.0, 0.16689758096618235, 0.0, 0.0, 0.3150023083553153, 0.296466831846094, 0.0, 0.042724164836627665]",4,4,"[{'active': [6, 7, 9], 'minimum': 0.2625780477324373, 'action': 'add', 'coordinate': 5}, {'active': [5, 6, 7, 9], 'minimum': 0.14525157071613842, 'action': 'add', 'coordinate': 1}, {'active': [1, 5, 6, 7, 9], 'minimum': 0.11689475015722905, 'action': 'add', 'coordinate': 3}, {'active': [1, 3, 5, 6, 7, 9], 'minimum': -0.1501309441125045, 'action': 'remove', 'coordinate': 5}, {'active': [1, 3, 6, 7, 9], 'minimum': 0.042724164836627665, 'action': 'accept'}]",True,False,1.6653345369377348e-15,0.000280819032951634,0.0020127466141488565,5,0,0.9100307327239724,True
0,B,gaussian_noise,"[0.0, 0.0, 0.0, 0.03559187250921017, 0.0, 0.0, 0.2593874854647358, 0.48634812532116056, 0.0, 0.21867251670489624]",0,0,"[{'active': [3, 6, 7, 9], 'minimum': 0.03559187250921017, 'action': 'accept'}]",True,False,2.6645352591003757e-15,0.00011935769718294164,0.003484171530411017,4,0,0.6910217941944055,True
0,B,gaussian_blur,"[0.0, 0.1958687622904023, 0.0, 0.06825712423271746, 0.0, 0.0, 0.22604985538353262, 0.46736732633663713, 0.0, 0.0424569317567034]",1,1,"[{'active': [3, 6, 7, 9], 'minimum': 0.027499244773892373, 'action': 'add', 'coordinate': 1}, {'active': [1, 3, 6, 7, 9], 'minimum': 0.0424569317567034, 'action': 'accept'}]",True,False,7.105427357601002e-15,0.0001611131092887099,0.0025915877042240643,5,0,0.9973947475070133,True
1,A,clean,"[0.11316145542385334, 0.15084936026758747, 0.0, 0.0, 0.0, 0.0, 0.01394022651777882, 0.7220489577907806, 0.0, 0.0]",4,4,"[{'active': [7, 9], 'minimum': 0.24619540535344084, 'action': 'add', 'coordinate': 0}, {'active': [0, 7, 9], 'minimum': 0.07936778906734754, 'action': 'add', 'coordinate': 6}, {'active': [0, 6, 7, 9], 'minimum': 0.012896389224644492, 'action': 'add', 'coordinate': 1}, {'active': [0, 1, 6, 7, 9], 'minimum': -0.15051521225650788, 'action': 'remove', 'coordinate': 9}, {'active': [0, 1, 6, 7], 'minimum': 0.01394022651777882, 'action': 'accept'}]",True,False,2.220446049250313e-16,0.0010733563390727904,0.001666243647122275,4,0,0.5559020844184391,True
1,A,brightness_dark,"[0.1046182031335462, 0.10293413196019507, 0.041733148923286834, 0.0, 0.0, 0.0, 0.005564591093526139, 0.7451499248894464, 0.0, 0.0]",5,5,"[{'active': [2, 3, 7, 9], 'minimum': -0.1841390123793699, 'action': 'remove', 'coordinate': 3}, {'active': [2, 7, 9], 'minimum': 0.12585678421605095, 'action': 'add', 'coordinate': 0}, {'active': [0, 2, 7, 9], 'minimum': 0.04832973247896932, 'action': 'add', 'coordinate': 1}, {'active': [0, 1, 2, 7, 9], 'minimum': -0.7955739531864197, 'action': 'remove', 'coordinate': 9}, {'active': [0, 1, 2, 7], 'minimum': 0.04564690469063892, 'action': 'add', 'coordinate': 6}, {'active': [0, 1, 2, 6, 7], 'minimum': 0.005564591093526139, 'action': 'accept'}]",True,False,6.661338147750939e-16,0.0005148772706276663,0.0037198197967899466,5,0,0.4262338523745342,True
1,A,contrast_low,"[0.0, 0.1580629553207773, 0.25354280287808884, 0.0, 0.029100117213438637, 0.0, 0.0, 0.5592941245876846, 0.0, 0.0]",3,3,"[{'active': [2, 7, 9], 'minimum': 0.18574475099551901, 'action': 'add', 'coordinate': 1}, {'active': [1, 2, 7, 9], 'minimum': -0.1543469325244482, 'action': 'remove', 'coordinate': 9}, {'active': [1, 2, 7], 'minimum': 0.15712516827531675, 'action': 'add', 'coordinate': 4}, {'active': [1, 2, 4, 7], 'minimum': 0.029100117213438637, 'action': 'accept'}]",True,False,1.0658141036401503e-14,0.0001546221156267305,0.002587547164856107,4,0,0.3743261450684424,True
1,A,gaussian_noise,"[0.08194785126592968, 0.21188548905296817, 0.05501143449680268, 0.0, 0.0, 0.0, 0.0, 0.6511552251842994, 0.0, 0.0]",4,4,"[{'active': [7, 9], 'minimum': 0.29503922081900036, 'action': 'add', 'coordinate': 0}, {'active': [0, 7, 9], 'minimum': 0.04969846688589474, 'action': 'add', 'coordinate': 2}, {'active': [0, 2, 7, 9], 'minimum': 0.032997246419908643, 'action': 'add', 'coordinate': 1}, {'active': [0, 1, 2, 7, 9], 'minimum': -0.18502525228826983, 'action': 'remove', 'coordinate': 9}, {'active': [0, 1, 2, 7], 'minimum': 0.05501143449680268, 'action': 'accept'}]",True,False,1.1102230246251565e-16,0.001221989125306262,0.001469491696622871,4,0,0.6976895496314012,True
1,A,gaussian_blur,"[0.1402667744892332, 0.15500332775197545, 0.023851915983057137, 0.0, 0.0, 0.0, 0.0, 0.6808779817757342, 0.0, 0.0]",4,4,"[{'active': [7, 9], 'minimum': 0.26913570675633486, 'action': 'add', 'coordinate': 0}, {'active': [0, 7, 9], 'minimum': 0.11723635910246077, 'action': 'add', 'coordinate': 2}, {'active': [0, 2, 7, 9], 'minimum': 0.036475340627507624, 'action': 'add', 'coordinate': 1}, {'active': [0, 1, 2, 7, 9], 'minimum': -0.08882243247418842, 'action': 'remove', 'coordinate': 9}, {'active': [0, 1, 2, 7], 'minimum': 0.023851915983057137, 'action': 'accept'}]",True,False,5.1093027378379396e-17,0.0011332408716255699,0.0020335595633489724,4,0,0.6831710978583683,True
1,B,clean,"[0.11316145542385334, 0.15084936026758747, 0.0, 0.0, 0.0, 0.0, 0.01394022651777882, 0.7220489577907806, 0.0, 0.0]",4,4,"[{'active': [7, 9], 'minimum': 0.24619540535344084, 'action': 'add', 'coordinate': 0}, {'active': [0, 7, 9], 'minimum': 0.07936778906734754, 'action': 'add', 'coordinate': 6}, {'active': [0, 6, 7, 9], 'minimum': 0.012896389224644492, 'action': 'add', 'coordinate': 1}, {'active': [0, 1, 6, 7, 9], 'minimum': -0.15051521225650788, 'action': 'remove', 'coordinate': 9}, {'active': [0, 1, 6, 7], 'minimum': 0.01394022651777882, 'action': 'accept'}]",True,False,2.220446049250313e-16,0.0010733563390727904,0.001666243647122275,4,0,0.5559020844184391,True
1,B,brightness_dark,"[0.10200169325904007, 0.10314800295334958, 0.04240366294644016, 0.0, 0.0, 0.0, 0.003828952731761648, 0.7486176881094089, 0.0, 0.0]",5,5,"[{'active': [2, 3, 7, 9], 'minimum': -0.19046476760509445, 'action': 'remove', 'coordinate': 3}, {'active': [2, 7, 9], 'minimum': 0.12283887887752698, 'action': 'add', 'coordinate': 0}, {'active': [0, 2, 7, 9], 'minimum': 0.04765842032385903, 'action': 'add', 'coordinate': 1}, {'active': [0, 1, 2, 7, 9], 'minimum': -0.8037263041288725, 'action': 'remove', 'coordinate': 9}, {'active': [0, 1, 2, 7], 'minimum': 0.045229155010921396, 'action': 'add', 'coordinate': 6}, {'active': [0, 1, 2, 6, 7], 'minimum': 0.003828952731761648, 'action': 'accept'}]",True,False,4.440892098500626e-16,0.0005308105820813101,0.004255448073700654,5,0,0.41795729788830227,True
1,B,contrast_low,"[0.0, 0.14243651371111388, 0.2750938517605359, 0.0, 0.0, 0.0, 0.0, 0.5824696345283513, 0.0, 0.0]",2,2,"[{'active': [2, 7, 9], 'minimum': 0.17000007553170748, 'action': 'add', 'coordinate': 1}, {'active': [1, 2, 7, 9], 'minimum': -0.11954360751349435, 'action': 'remove', 'coordinate': 9}, {'active': [1, 2, 7], 'minimum': 0.14243651371111388, 'action': 'accept'}]",True,False,1.1102230246251565e-15,0.00011337246016279346,0.002347864520266313,3,0,0.284873027422227,True
1,B,gaussian_noise,"[0.07792119737902209, 0.21233538766457388, 0.06524082061208258, 0.0, 0.0, 0.0, 0.0, 0.6445025943443212, 0.0, 0.0]",4,4,"[{'active': [7, 9], 'minimum': 0.29366047716569166, 'action': 'add', 'coordinate': 0}, {'active': [0, 7, 9], 'minimum': 0.04783437433980042, 'action': 'add', 'coordinate': 2}, {'active': [0, 2, 7, 9], 'minimum': 0.028895593378371998, 'action': 'add', 'coordinate': 1}, {'active': [0, 1, 2, 7, 9], 'minimum': -0.20491137927328396, 'action': 'remove', 'coordinate': 9}, {'active': [0, 1, 2, 7], 'minimum': 0.06524082061208258, 'action': 'accept'}]",True,False,2.220446049250313e-16,0.0012376806839933532,0.001467081146344068,4,0,0.7109948113113573,True
1,B,gaussian_blur,"[0.14187638058749286, 0.15399185496877163, 0.011507746730564039, 0.0, 0.0, 0.0, 0.0, 0.6926240177131706, 0.0, 0.0]",4,4,"[{'active': [7, 9], 'minimum': 0.26830155123016425, 'action': 'add', 'coordinate': 0}, {'active': [0, 7, 9], 'minimum': 0.1164954865018818, 'action': 'add', 'coordinate': 1}, {'active': [0, 1, 7, 9], 'minimum': -0.10931220109975026, 'action': 'remove', 'coordinate': 9}, {'active': [0, 1, 7], 'minimum': 0.14426146849738375, 'action': 'add', 'coordinate': 2}, {'active': [0, 1, 2, 7], 'minimum': 0.011507746730564039, 'action': 'accept'}]",True,False,8.881784197001252e-16,0.0011597245958431944,0.0021629192074211403,4,0,0.6952335790141757,True
2,A,clean,"[0.0, 0.0, 0.006435571415680519, 0.0, 0.0, 0.010279073110641468, 0.057212205220859624, 0.0, 0.1848421873701307, 0.7412309628826876]",2,2,"[{'active': [2, 8, 9], 'minimum': 0.07724041368348411, 'action': 'add', 'coordinate': 6}, {'active': [2, 6, 8, 9], 'minimum': 0.014727976226598605, 'action': 'add', 'coordinate': 5}, {'active': [2, 5, 6, 8, 9], 'minimum': 0.006435571415680519, 'action': 'accept'}]",True,False,5.334274688628682e-17,0.00021442915799958496,0.0011297166086283953,5,0,0.2932493018976334,True
2,A,brightness_dark,"[0.0, 0.059953539508342146, 0.0, 0.0, 0.0, 0.012625059058990473, 0.07812802925425899, 0.0, 0.15942670542219162, 0.6898666667557336]",4,4,"[{'active': [2, 8, 9], 'minimum': 0.08337432955265361, 'action': 'add', 'coordinate': 6}, {'active': [2, 6, 8, 9], 'minimum': -0.013980434848658962, 'action': 'remove', 'coordinate': 2}, {'active': [6, 8, 9], 'minimum': 0.08063632927661873, 'action': 'add', 'coordinate': 1}, {'active': [1, 6, 8, 9], 'minimum': 0.013634199220382115, 'action': 'add', 'coordinate': 5}, {'active': [1, 5, 6, 8, 9], 'minimum': 0.012625059058990473, 'action': 'accept'}]",True,False,4.831690603168681e-13,0.0001706265729598244,0.0009894264020442495,5,0,0.3162091718052987,True
2,A,contrast_low,"[0.0, 0.06704079658189688, 0.0, 0.0, 0.0, 0.0, 0.11537248014685925, 0.0, 0.13000755792358765, 0.6875791653476888]",3,3,"[{'active': [2, 8, 9], 'minimum': 0.06103037278933732, 'action': 'add', 'coordinate': 6}, {'active': [2, 6, 8, 9], 'minimum': -0.04630486708600501, 'action': 'remove', 'coordinate': 2}, {'active': [6, 8, 9], 'minimum': 0.10511388019745116, 'action': 'add', 'coordinate': 1}, {'active': [1, 6, 8, 9], 'minimum': 0.06704079658189688, 'action': 'accept'}]",True,False,3.26405569239796e-14,0.000284342513684026,0.0013008638854700235,4,0,0.3648265534574797,True
2,A,gaussian_noise,"[0.0, 0.05685195468296911, 0.0, 0.0, 0.0, 0.021607267884789394, 0.05207640062196406, 0.0, 0.16666939292894511, 0.7027949838812901]",4,4,"[{'active': [2, 8, 9], 'minimum': 0.06656693972264549, 'action': 'add', 'coordinate': 6}, {'active': [2, 6, 8, 9], 'minimum': 0.004476412614996206, 'action': 'add', 'coordinate': 5}, {'active': [2, 5, 6, 8, 9], 'minimum': -0.01374557753497263, 'action': 'remove', 'coordinate': 2}, {'active': [5, 6, 8, 9], 'minimum': 0.01206001236129306, 'action': 'add', 'coordinate': 1}, {'active': [1, 5, 6, 8, 9], 'minimum': 0.021607267884789394, 'action': 'accept'}]",True,False,4.218847493575595e-14,0.00019162307662461286,0.0013903698636583669,5,0,0.3241987136974316,True
2,A,gaussian_blur,"[0.0, 0.0, 0.0, 0.04040933487760334, 0.0, 0.024955686017863243, 0.035170427778518754, 0.0, 0.18268660014088045, 0.7167779511851711]",4,4,"[{'active': [2, 8, 9], 'minimum': 0.10077010067466563, 'action': 'add', 'coordinate': 6}, {'active': [2, 6, 8, 9], 'minimum': 0.04039964618799452, 'action': 'add', 'coordinate': 5}, {'active': [2, 5, 6, 8, 9], 'minimum': -0.006698783186483759, 'action': 'remove', 'coordinate': 2}, {'active': [5, 6, 8, 9], 'minimum': 0.044226358801797844, 'action': 'add', 'coordinate': 3}, {'active': [3, 5, 6, 8, 9], 'minimum': 0.024955686017863243, 'action': 'accept'}]",True,False,3.68594044175552e-14,0.00014150808164130414,0.0005202895874894328,5,0,0.28369895641159576,True
2,B,clean,"[0.0, 0.0, 0.006435571415680519, 0.0, 0.0, 0.010279073110641468, 0.057212205220859624, 0.0, 0.1848421873701307, 0.7412309628826876]",2,2,"[{'active': [2, 8, 9], 'minimum': 0.07724041368348411, 'action': 'add', 'coordinate': 6}, {'active': [2, 6, 8, 9], 'minimum': 0.014727976226598605, 'action': 'add', 'coordinate': 5}, {'active': [2, 5, 6, 8, 9], 'minimum': 0.006435571415680519, 'action': 'accept'}]",True,False,5.334274688628682e-17,0.00021442915799958496,0.0011297166086283953,5,0,0.2932493018976334,True
2,B,brightness_dark,"[0.0, 0.0732081621334828, 0.0, 0.0, 0.0, 0.015983606863898103, 0.0761998494113314, 0.0, 0.15815092954264287, 0.6764574520486804]",4,4,"[{'active': [2, 8, 9], 'minimum': 0.08209073078283163, 'action': 'add', 'coordinate': 6}, {'active': [2, 6, 8, 9], 'minimum': -0.013863450634721164, 'action': 'remove', 'coordinate': 2}, {'active': [6, 8, 9], 'minimum': 0.07959389784883875, 'action': 'add', 'coordinate': 1}, {'active': [1, 6, 8, 9], 'minimum': 0.014744292952234339, 'action': 'add', 'coordinate': 5}, {'active': [1, 5, 6, 8, 9], 'minimum': 0.015983606863898103, 'action': 'accept'}]",True,False,3.552713678800501e-14,0.00017514088953129078,0.001052996087028578,5,0,0.3565357839794905,True
2,B,contrast_low,"[0.0, 0.084287141402557, 0.0, 0.0, 0.0, 0.0, 0.127380691495884, 0.0, 0.1394495530155424, 0.6488826140860127]",4,4,"[{'active': [2, 5, 8, 9], 'minimum': 0.014313619330420524, 'action': 'add', 'coordinate': 6}, {'active': [2, 5, 6, 8, 9], 'minimum': -0.08460016124720049, 'action': 'remove', 'coordinate': 2}, {'active': [5, 6, 8, 9], 'minimum': -0.03577977096495788, 'action': 'remove', 'coordinate': 5}, {'active': [6, 8, 9], 'minimum': 0.1147756293261723, 'action': 'add', 'coordinate': 1}, {'active': [1, 6, 8, 9], 'minimum': 0.084287141402557, 'action': 'accept'}]",True,False,3.9968028886505635e-15,0.000247720953858663,0.0013561238310510983,4,0,0.42333566579688586,True
2,B,gaussian_noise,"[0.0, 0.06199619896872832, 0.0, 0.0, 0.0, 0.021226557271205593, 0.05205503903092823, 0.0, 0.16480394885701344, 0.6999182558720349]",4,4,"[{'active': [2, 8, 9], 'minimum': 0.06570048328018341, 'action': 'add', 'coordinate': 6}, {'active': [2, 6, 8, 9], 'minimum': 0.0036876149324903684, 'action': 'add', 'coordinate': 5}, {'active': [2, 5, 6, 8, 9], 'minimum': -0.013478746094218286, 'action': 'remove', 'coordinate': 2}, {'active': [5, 6, 8, 9], 'minimum': 0.010808411536056495, 'action': 'add', 'coordinate': 1}, {'active': [1, 5, 6, 8, 9], 'minimum': 0.021226557271205593, 'action': 'accept'}]",True,False,8.948397578478762e-14,0.0001806935490749982,0.0014906752100709076,5,0,0.33415041541280266,True
2,B,gaussian_blur,"[0.0, 0.0, 0.0, 0.039153167069160943, 0.0, 0.02773875842485829, 0.03420915376559641, 0.0, 0.18210676980004648, 0.7167921509403365]",4,4,"[{'active': [2, 8, 9], 'minimum': 0.10148678687455226, 'action': 'add', 'coordinate': 6}, {'active': [2, 6, 8, 9], 'minimum': 0.04190990680968376, 'action': 'add', 'coordinate': 5}, {'active': [2, 5, 6, 8, 9], 'minimum': -0.007094563742202409, 'action': 'remove', 'coordinate': 2}, {'active': [5, 6, 8, 9], 'minimum': 0.04301270598635609, 'action': 'add', 'coordinate': 3}, {'active': [3, 5, 6, 8, 9], 'minimum': 0.02773875842485829, 'action': 'accept'}]",True,False,1.3322676295501878e-15,0.00013668863299384082,0.00047814810915979233,5,0,0.27701175653956717,True
3,A,clean,"[0.9630524006563603, 0.036947599343639656, 0.0, 0.0, 0.0, 0.0, 0.0, 0.0, 0.0, 0.0]",0,0,"[{'active': [0, 1], 'minimum': 0.036947599343639656, 'action': 'accept'}]",True,False,2.949029909160572e-17,0.0012454556225911387,0.0013121878419906574,2,0,0.05548796514756198,True
3,A,brightness_dark,"[0.9218043462292044, 0.0, 0.0, 0.0, 0.0, 0.0, 0.0, 0.0, 0.07819565377079563, 0.0]",2,2,"[{'active': [0, 4], 'minimum': -0.09593479376632807, 'action': 'remove', 'coordinate': 4}, {'active': [0], 'minimum': 1.0, 'action': 'add', 'coordinate': 8}, {'active': [0, 8], 'minimum': 0.07819565377079563, 'action': 'accept'}]",True,False,3.469446951953614e-18,0.0012488618010332542,0.0022354950332949697,2,0,0.15639130754159136,True
3,A,contrast_low,"[0.4972059953744663, 0.07638756817568693, 0.0, 0.0, 0.0, 0.0, 0.0, 0.0, 0.4264064364498452, 0.0]",3,3,"[{'active': [0, 4], 'minimum': -0.2038530369195004, 'action': 'remove', 'coordinate': 4}, {'active': [0], 'minimum': 1.0, 'action': 'add', 'coordinate': 1}, {'active': [0, 1], 'minimum': 0.1324221590340877, 'action': 'add', 'coordinate': 8}, {'active': [0, 1, 8], 'minimum': 0.07638756817568693, 'action': 'accept'}]",True,False,1.5543122344752192e-15,0.0018154849353222019,0.016330184359204306,3,0,1.005588009251066,True
3,A,gaussian_noise,"[0.9628165655425075, 0.037183434457492524, 0.0, 0.0, 0.0, 0.0, 0.0, 0.0, 0.0, 0.0]",2,2,"[{'active': [0, 4], 'minimum': -0.05933599406424106, 'action': 'remove', 'coordinate': 4}, {'active': [0], 'minimum': 1.0, 'action': 'add', 'coordinate': 1}, {'active': [0, 1], 'minimum': 0.037183434457492524, 'action': 'accept'}]",True,False,0.0,0.0010667850587098447,0.0015474136620069747,2,0,0.07436686891498498,True
3,A,gaussian_blur,"[0.9048532203604179, 0.09514677963958204, 0.0, 0.0, 0.0, 0.0, 0.0, 0.0, 0.0, 0.0]",2,2,"[{'active': [0, 4], 'minimum': -0.09453702645054907, 'action': 'remove', 'coordinate': 4}, {'active': [0], 'minimum': 1.0, 'action': 'add', 'coordinate': 1}, {'active': [0, 1], 'minimum': 0.09514677963958204, 'action': 'accept'}]",True,False,1.5612511283791264e-17,0.0012068372108653168,0.002579692251936324,2,0,0.1902935592791641,True
3,B,clean,"[0.9630524006563603, 0.036947599343639656, 0.0, 0.0, 0.0, 0.0, 0.0, 0.0, 0.0, 0.0]",0,0,"[{'active': [0, 1], 'minimum': 0.036947599343639656, 'action': 'accept'}]",True,False,2.949029909160572e-17,0.0012454556225911387,0.0013121878419906574,2,0,0.05548796514756198,True
3,B,brightness_dark,"[0.9149178208043365, 0.0, 0.0, 0.0, 0.0, 0.0, 0.0, 0.0, 0.08508217919566363, 0.0]",2,2,"[{'active': [0, 4], 'minimum': -0.09765470691964329, 'action': 'remove', 'coordinate': 4}, {'active': [0], 'minimum': 1.0, 'action': 'add', 'coordinate': 8}, {'active': [0, 8], 'minimum': 0.08508217919566363, 'action': 'accept'}]",True,False,1.214306433183765e-17,0.0012511644917237513,0.0023717283284796662,2,0,0.17016435839132726,True
3,B,contrast_low,"[0.41633532124674844, 0.08190710319638539, 0.0, 0.0, 0.0, 0.0, 0.0, 0.0, 0.5017575755568671, 0.0]",3,3,"[{'active': [0, 4], 'minimum': -0.21976974832698315, 'action': 'remove', 'coordinate': 4}, {'active': [0], 'minimum': 1.0, 'action': 'add', 'coordinate': 1}, {'active': [0, 1], 'minimum': 0.15088941055015193, 'action': 'add', 'coordinate': 8}, {'active': [0, 1, 8], 'minimum': 0.08190710319638539, 'action': 'accept'}]",True,False,8.881784197001252e-16,0.0016580289358103465,0.018914651745961415,3,0,1.167329357506504,True
3,B,gaussian_noise,"[0.9612503572153374, 0.038749642784662565, 0.0, 0.0, 0.0, 0.0, 0.0, 0.0, 0.0, 0.0]",2,2,"[{'active': [0, 4], 'minimum': -0.06361937288745967, 'action': 'remove', 'coordinate': 4}, {'active': [0], 'minimum': 1.0, 'action': 'add', 'coordinate': 1}, {'active': [0, 1], 'minimum': 0.038749642784662565, 'action': 'accept'}]",True,False,1.1102230246251565e-16,0.0010792557251520806,0.0016165531400456744,2,0,0.07749928556932525,True
3,B,gaussian_blur,"[0.9075935170531526, 0.09240648294684739, 0.0, 0.0, 0.0, 0.0, 0.0, 0.0, 0.0, 0.0]",2,2,"[{'active': [0, 4], 'minimum': -0.09259256009146255, 'action': 'remove', 'coordinate': 4}, {'active': [0], 'minimum': 1.0, 'action': 'add', 'coordinate': 1}, {'active': [0, 1], 'minimum': 0.09240648294684739, 'action': 'accept'}]",True,False,2.0816681711721685e-17,0.0011967793071478974,0.002539304483501177,2,0,0.18481296589369467,True
4,A,clean,"[0.0, 0.0, 0.0, 0.0, 0.0, 0.49609915651993874, 0.0, 0.15288632821732495, 0.16567988251465907, 0.18533463274807635]",3,3,"[{'active': [9], 'minimum': 1.0, 'action': 'add', 'coordinate': 5}, {'active': [5, 9], 'minimum': 0.3526801789204562, 'action': 'add', 'coordinate': 8}, {'active': [5, 8, 9], 'minimum': 0.1735694990886789, 'action': 'add', 'coordinate': 7}, {'active': [5, 7, 8, 9], 'minimum': 0.15288632821732495, 'action': 'accept'}]",True,False,8.881784197001252e-16,0.0013778670351558006,0.05603194750175027,4,0,1.6293307345038464,True
4,A,brightness_dark,"[0.0, 0.0, 0.0, 0.0, 0.0, 0.4042102872076846, 0.0, 0.28744238243241726, 0.1504048415720055, 0.15794248878789358]",6,6,"[{'active': [3, 9], 'minimum': 0.3277729851596693, 'action': 'add', 'coordinate': 0}, {'active': [0, 3, 9], 'minimum': 0.14642806013716458, 'action': 'add', 'coordinate': 7}, {'active': [0, 3, 7, 9], 'minimum': 0.10843045282986985, 'action': 'add', 'coordinate': 8}, {'active': [0, 3, 7, 8, 9], 'minimum': -0.09466031360044713, 'action': 'remove', 'coordinate': 0}, {'active': [3, 7, 8, 9], 'minimum': 0.13128743667917323, 'action': 'add', 'coordinate': 5}, {'active': [3, 5, 7, 8, 9], 'minimum': -0.9990264086381, 'action': 'remove', 'coordinate': 3}, {'active': [5, 7, 8, 9], 'minimum': 0.1504048415720055, 'action': 'accept'}]",True,False,8.881784197001252e-16,0.001437263383334872,0.02958883990259479,4,0,1.6841150224242138,True
4,A,contrast_low,"[0.01210908867343119, 0.0, 0.0, 0.0, 0.0, 0.6249102175325063, 0.0, 0.06515712125027773, 0.29782357254377945, 0.0]",6,6,"[{'active': [3, 9], 'minimum': 0.3360912188603085, 'action': 'add', 'coordinate': 8}, {'active': [3, 8, 9], 'minimum': 0.06672432434509368, 'action': 'add', 'coordinate': 5}, {'active': [3, 5, 8, 9], 'minimum': -0.31402234391808515, 'action': 'remove', 'coordinate': 3}, {'active': [5, 8, 9], 'minimum': -0.005389344823388154, 'action': 'remove', 'coordinate': 9}, {'active': [5, 8], 'minimum': 0.3099131530925027, 'action': 'add', 'coordinate': 7}, {'active': [5, 7, 8], 'minimum': 0.07113294837278517, 'action': 'add', 'coordinate': 0}, {'active': [0, 5, 7, 8], 'minimum': 0.01210908867343119, 'action': 'accept'}]",True,False,5.329070518200751e-15,0.0005957288793855892,0.039693963987122,4,0,1.9999999999999947,True
4,A,gaussian_noise,"[0.0, 0.0, 0.0, 0.0, 0.0, 0.5360715693462269, 0.0, 0.05040268470415221, 0.14872537014365247, 0.2648003758059691]",3,3,"[{'active': [9], 'minimum': 1.0, 'action': 'add', 'coordinate': 5}, {'active': [5, 9], 'minimum': 0.41296446017959076, 'action': 'add', 'coordinate': 8}, {'active': [5, 8, 9], 'minimum': 0.15073811399386017, 'action': 'add', 'coordinate': 7}, {'active': [5, 7, 8, 9], 'minimum': 0.05040268470415221, 'action': 'accept'}]",True,False,6.661338147750939e-16,0.001154759927230584,0.04045059154041788,4,0,1.4703992483880626,True
4,A,gaussian_blur,"[0.0, 0.0, 0.0, 0.0, 0.0, 0.4731784460339683, 0.0, 0.1729709855543714, 0.18149773007860123, 0.17235283833305975]",5,5,"[{'active': [9], 'minimum': 1.0, 'action': 'add', 'coordinate': 6}, {'active': [6, 9], 'minimum': 0.40566155745146426, 'action': 'add', 'coordinate': 5}, {'active': [5, 6, 9], 'minimum': -0.13834085647530392, 'action': 'remove', 'coordinate': 6}, {'active': [5, 9], 'minimum': 0.36150030132173705, 'action': 'add', 'coordinate': 8}, {'active': [5, 8, 9], 'minimum': 0.1868112573735874, 'action': 'add', 'coordinate': 7}, {'active': [5, 7, 8, 9], 'minimum': 0.17235283833305975, 'action': 'accept'}]",True,False,6.661338147750939e-16,0.0014956137425915419,0.049528297526642395,4,0,1.6552943233338813,True
4,B,clean,"[0.0, 0.0, 0.0, 0.0, 0.0, 0.49609915651993874, 0.0, 0.15288632821732495, 0.16567988251465907, 0.18533463274807635]",3,3,"[{'active': [9], 'minimum': 1.0, 'action': 'add', 'coordinate': 5}, {'active': [5, 9], 'minimum': 0.3526801789204562, 'action': 'add', 'coordinate': 8}, {'active': [5, 8, 9], 'minimum': 0.1735694990886789, 'action': 'add', 'coordinate': 7}, {'active': [5, 7, 8, 9], 'minimum': 0.15288632821732495, 'action': 'accept'}]",True,False,8.881784197001252e-16,0.0013778670351558006,0.05603194750175027,4,0,1.6293307345038464,True
4,B,brightness_dark,"[0.0, 0.0, 0.0, 0.0, 0.0, 0.41036973787375286, 0.0, 0.2816600385083857, 0.14945036912262608, 0.158519854495236]",6,6,"[{'active': [3, 9], 'minimum': 0.32749824647626435, 'action': 'add', 'coordinate': 0}, {'active': [0, 3, 9], 'minimum': 0.1435214359704401, 'action': 'add', 'coordinate': 7}, {'active': [0, 3, 7, 9], 'minimum': 0.10654078888785473, 'action': 'add', 'coordinate': 8}, {'active': [0, 3, 7, 8, 9], 'minimum': -0.09420638634309775, 'action': 'remove', 'coordinate': 0}, {'active': [3, 7, 8, 9], 'minimum': 0.12996310717431644, 'action': 'add', 'coordinate': 5}, {'active': [3, 5, 7, 8, 9], 'minimum': -1.0076910071016125, 'action': 'remove', 'coordinate': 3}, {'active': [5, 7, 8, 9], 'minimum': 0.14945036912262608, 'action': 'accept'}]",True,False,6.661338147750939e-16,0.0015228152085590794,0.02936003359838259,4,0,1.6829602910095287,True
4,B,contrast_low,"[0.06447275440081945, 0.0, 0.0, 0.0, 0.0, 0.6631185850836563, 0.0, 0.025454429754109942, 0.23184149479890692, 0.015112735962489854]",5,5,"[{'active': [3, 9], 'minimum': 0.31416096280747147, 'action': 'add', 'coordinate': 8}, {'active': [3, 8, 9], 'minimum': 0.07508587838492575, 'action': 'add', 'coordinate': 7}, {'active': [3, 7, 8, 9], 'minimum': 0.05432207213211293, 'action': 'add', 'coordinate': 5}, {'active': [3, 5, 7, 8, 9], 'minimum': -0.5072877431755973, 'action': 'remove', 'coordinate': 3}, {'active': [5, 7, 8, 9], 'minimum': 0.008854740246929824, 'action': 'add', 'coordinate': 0}, {'active': [0, 5, 7, 8, 9], 'minimum': 0.015112735962489854, 'action': 'accept'}]",True,False,1.7541523789077473e-14,0.0006953468041967607,0.037338562949811444,5,0,1.969774528075003,True
4,B,gaussian_noise,"[0.0, 0.0, 0.0, 0.0, 0.0, 0.53696219799721, 0.0, 0.048247171664255184, 0.14968316264456596, 0.2651074676939686]",3,3,"[{'active': [9], 'minimum': 1.0, 'action': 'add', 'coordinate': 5}, {'active': [5, 9], 'minimum': 0.41512241399003935, 'action': 'add', 'coordinate': 8}, {'active': [5, 8, 9], 'minimum': 0.15154915384673662, 'action': 'add', 'coordinate': 7}, {'active': [5, 7, 8, 9], 'minimum': 0.048247171664255184, 'action': 'accept'}]",True,False,2.220446049250313e-16,0.0011191850444838797,0.039799673835834194,4,0,1.4697850646120625,True
4,B,gaussian_blur,"[0.0, 0.0, 0.0, 0.0, 0.0, 0.4744488342513308, 0.0, 0.17215241524448877, 0.17946000066906517, 0.1739387498351165]",5,5,"[{'active': [9], 'minimum': 1.0, 'action': 'add', 'coordinate': 6}, {'active': [6, 9], 'minimum': 0.40931841051569656, 'action': 'add', 'coordinate': 5}, {'active': [5, 6, 9], 'minimum': -0.13731529177305313, 'action': 'remove', 'coordinate': 6}, {'active': [5, 9], 'minimum': 0.35890216678367204, 'action': 'add', 'coordinate': 8}, {'active': [5, 8, 9], 'minimum': 0.18856725623087045, 'action': 'add', 'coordinate': 7}, {'active': [5, 7, 8, 9], 'minimum': 0.17215241524448877, 'action': 'accept'}]",True,False,1.3322676295501878e-15,0.0014735546212532448,0.05104528544978583,4,0,1.6521225003297682,True
5,A,clean,"[0.6709305881609815, 0.0, 0.0, 0.0, 0.0, 0.20929663208283666, 0.0, 0.0, 0.11977277975617984, 0.0]",4,4,"[{'active': [0, 3, 4], 'minimum': -0.27098443212049617, 'action': 'remove', 'coordinate': 4}, {'active': [0, 3], 'minimum': 0.17321929952499276, 'action': 'add', 'coordinate': 8}, {'active': [0, 3, 8], 'minimum': 0.10635171192289672, 'action': 'add', 'coordinate': 5}, {'active': [0, 3, 5, 8], 'minimum': -0.12951600375256617, 'action': 'remove', 'coordinate': 3}, {'active': [0, 5, 8], 'minimum': 0.11977277975617984, 'action': 'accept'}]",True,False,1.9984014443252818e-15,0.0037184301182356647,0.007544460418894299,3,0,0.7378550765072589,True
5,A,brightness_dark,"[0.8329654634485127, 0.0, 0.0, 0.0, 0.0, 0.16703453655148726, 0.0, 0.0, 0.0, 0.0]",2,2,"[{'active': [0, 4, 5, 8], 'minimum': -0.17370418275951793, 'action': 'remove', 'coordinate': 4}, {'active': [0, 5, 8], 'minimum': -0.07458589235067636, 'action': 'remove', 'coordinate': 8}, {'active': [0, 5], 'minimum': 0.16703453655148726, 'action': 'accept'}]",True,False,6.071532165918825e-18,0.0029236895929284955,0.00665919172522767,2,0,0.5428370187460289,True
5,A,contrast_low,"[0.8389772003870246, 0.0, 0.02101616218488478, 0.11662179342374068, 0.0, 0.0, 0.0, 0.0, 0.023384844004351812, 0.0]",3,3,"[{'active': [0, 3, 4], 'minimum': -0.2276259935935272, 'action': 'remove', 'coordinate': 4}, {'active': [0, 3], 'minimum': 0.12980015530768652, 'action': 'add', 'coordinate': 2}, {'active': [0, 2, 3], 'minimum': 0.012275860250177573, 'action': 'add', 'coordinate': 8}, {'active': [0, 2, 3, 8], 'minimum': 0.02101616218488478, 'action': 'accept'}]",True,False,1.7763568394002505e-15,0.0026427396860823865,0.007927718798035796,4,0,0.5587342909083696,True
5,A,gaussian_noise,"[0.6302784400298505, 0.0, 0.0, 0.0, 0.0, 0.1865420397909605, 0.0, 0.0, 0.18317952017918782, 0.0]",3,3,"[{'active': [0, 3, 4, 8], 'minimum': -0.17623746317050754, 'action': 'remove', 'coordinate': 4}, {'active': [0, 3, 8], 'minimum': 0.16922881601979234, 'action': 'add', 'coordinate': 5}, {'active': [0, 3, 5, 8], 'minimum': -0.17868474383686983, 'action': 'remove', 'coordinate': 3}, {'active': [0, 5, 8], 'minimum': 0.18317952017918782, 'action': 'accept'}]",True,False,1.2212453270876722e-15,0.0029409603191523064,0.0067208393038239965,3,0,0.6871839814749625,True
5,A,gaussian_blur,"[0.6345040212949624, 0.0, 0.0038002879267577394, 0.0, 0.0, 0.21879805816819542, 0.0, 0.0, 0.14289763261008792, 0.0]",4,4,"[{'active': [0, 3, 4, 8], 'minimum': -0.21946587859900724, 'action': 'remove', 'coordinate': 4}, {'active': [0, 3, 8], 'minimum': 0.1276643401145371, 'action': 'add', 'coordinate': 5}, {'active': [0, 3, 5, 8], 'minimum': -0.0689179018084074, 'action': 'remove', 'coordinate': 3}, {'active': [0, 5, 8], 'minimum': 0.14087232761706436, 'action': 'add', 'coordinate': 2}, {'active': [0, 2, 5, 8], 'minimum': 0.0038002879267577394, 'action': 'accept'}]",True,False,3.552713678800501e-15,0.003268022872088387,0.007060417034308327,4,0,0.7849582379078424,True
5,B,clean,"[0.6709305881609815, 0.0, 0.0, 0.0, 0.0, 0.20929663208283666, 0.0, 0.0, 0.11977277975617984, 0.0]",4,4,"[{'active': [0, 3, 4], 'minimum': -0.27098443212049617, 'action': 'remove', 'coordinate': 4}, {'active': [0, 3], 'minimum': 0.17321929952499276, 'action': 'add', 'coordinate': 8}, {'active': [0, 3, 8], 'minimum': 0.10635171192289672, 'action': 'add', 'coordinate': 5}, {'active': [0, 3, 5, 8], 'minimum': -0.12951600375256617, 'action': 'remove', 'coordinate': 3}, {'active': [0, 5, 8], 'minimum': 0.11977277975617984, 'action': 'accept'}]",True,False,1.9984014443252818e-15,0.0037184301182356647,0.007544460418894299,3,0,0.7378550765072589,True
5,B,brightness_dark,"[0.8345587693753302, 0.0, 0.0, 0.0, 0.0, 0.1654412306246698, 0.0, 0.0, 0.0, 0.0]",2,2,"[{'active': [0, 4, 5, 8], 'minimum': -0.1821674377263282, 'action': 'remove', 'coordinate': 4}, {'active': [0, 5, 8], 'minimum': -0.06571090664487611, 'action': 'remove', 'coordinate': 8}, {'active': [0, 5], 'minimum': 0.1654412306246698, 'action': 'accept'}]",True,False,3.144186300207963e-18,0.0029664913628709233,0.0072156835832724595,2,0,0.5557759458083128,True
5,B,contrast_low,"[0.8158961555302344, 0.0, 0.05696957922568696, 0.09190805390300028, 0.0, 0.0, 0.0, 0.0, 0.03522621134108905, 0.0]",3,3,"[{'active': [0, 3, 4], 'minimum': -0.18225749817746717, 'action': 'remove', 'coordinate': 4}, {'active': [0, 3], 'minimum': 0.13464340116927692, 'action': 'add', 'coordinate': 2}, {'active': [0, 2, 3], 'minimum': 0.04396085836068764, 'action': 'add', 'coordinate': 8}, {'active': [0, 2, 3, 8], 'minimum': 0.03522621134108905, 'action': 'accept'}]",True,False,1.0658141036401503e-14,0.0027445730887463255,0.00838327744693131,4,0,0.6417935404256327,True
5,B,gaussian_noise,"[0.6213655627531693, 0.0, 0.0, 0.0, 0.0, 0.18977175890592957, 0.0, 0.0, 0.18886267834090253, 0.0]",3,3,"[{'active': [0, 3, 4, 8], 'minimum': -0.20030064914034573, 'action': 'remove', 'coordinate': 4}, {'active': [0, 3, 8], 'minimum': 0.17410627809069368, 'action': 'add', 'coordinate': 5}, {'active': [0, 3, 5, 8], 'minimum': -0.19007387421115313, 'action': 'remove', 'coordinate': 3}, {'active': [0, 5, 8], 'minimum': 0.18886267834090253, 'action': 'accept'}]",True,False,1.3322676295501878e-15,0.002948969443477751,0.0067660787680545766,3,0,0.6926017749085995,True
5,B,gaussian_blur,"[0.6241948396479726, 0.0, 0.012262658229710288, 0.0, 0.0, 0.21520637822376942, 0.0, 0.0, 0.14833612389854317, 0.0]",4,4,"[{'active': [0, 3, 4, 8], 'minimum': -0.21714970480765716, 'action': 'remove', 'coordinate': 4}, {'active': [0, 3, 8], 'minimum': 0.12847894884480238, 'action': 'add', 'coordinate': 5}, {'active': [0, 3, 5, 8], 'minimum': -0.05721923895096459, 'action': 'remove', 'coordinate': 3}, {'active': [0, 5, 8], 'minimum': 0.1418130062642622, 'action': 'add', 'coordinate': 2}, {'active': [0, 2, 5, 8], 'minimum': 0.012262658229710288, 'action': 'accept'}]",True,False,4.440892098500626e-15,0.00335940939120725,0.0068390740153238035,4,0,0.7733608742934324,True
6,A,clean,"[0.09639173754961372, 0.054310149976287914, 0.12655994434762086, 0.3457065172850413, 0.0, 0.0, 0.2898623789837984, 0.08716927185763623, 0.0, 0.0]",3,3,"[{'active': [0, 2, 3, 6, 9], 'minimum': 0.08131287026404244, 'action': 'add', 'coordinate': 7}, {'active': [0, 2, 3, 6, 7, 9], 'minimum': 0.06961607358805, 'action': 'add', 'coordinate': 1}, {'active': [0, 1, 2, 3, 6, 7, 9], 'minimum': -0.220660033583286, 'action': 'remove', 'coordinate': 9}, {'active': [0, 1, 2, 3, 6, 7], 'minimum': 0.054310149976287914, 'action': 'accept'}]",True,False,1.5543122344752192e-15,0.0001408955234997354,0.0007503712099599733,6,0,0.46306092199933474,True
6,A,brightness_dark,"[0.13960677603061256, 0.013763758006280158, 0.04108004864347592, 0.38522255753822066, 0.0, 0.0, 0.32465425295840866, 0.09567260682301182, 0.0, 0.0]",4,4,"[{'active': [0, 3, 6, 9], 'minimum': 0.014092721051163878, 'action': 'add', 'coordinate': 2}, {'active': [0, 2, 3, 6, 9], 'minimum': 0.0260320242143528, 'action': 'add', 'coordinate': 7}, {'active': [0, 2, 3, 6, 7, 9], 'minimum': 0.016951346737743345, 'action': 'add', 'coordinate': 1}, {'active': [0, 1, 2, 3, 6, 7, 9], 'minimum': -0.36979911639224383, 'action': 'remove', 'coordinate': 9}, {'active': [0, 1, 2, 3, 6, 7], 'minimum': 0.013763758006280158, 'action': 'accept'}]",True,False,9.769962616701378e-15,5.7238856649103145e-05,0.0036036348776411894,6,0,0.48625169147838704,True
6,A,contrast_low,"[0.03663346715794802, 0.15940601691988476, 0.12619586730529875, 0.26379409294514744, 0.0, 0.1710901329881267, 0.10868071426165216, 0.13419970842197948, 0.0, 0.0]",6,6,"[{'active': [0, 1, 2, 3, 9], 'minimum': -0.7441089900392797, 'action': 'remove', 'coordinate': 9}, {'active': [0, 1, 2, 3], 'minimum': -0.019747011071454545, 'action': 'remove', 'coordinate': 0}, {'active': [1, 2, 3], 'minimum': 0.1813095263128803, 'action': 'add', 'coordinate': 6}, {'active': [1, 2, 3, 6], 'minimum': 0.06698387719064247, 'action': 'add', 'coordinate': 7}, {'active': [1, 2, 3, 6, 7], 'minimum': 0.07144473567668386, 'action': 'add', 'coordinate': 0}, {'active': [0, 1, 2, 3, 6, 7], 'minimum': 0.018860614064299952, 'action': 'add', 'coordinate': 5}, {'active': [0, 1, 2, 3, 5, 6, 7], 'minimum': 0.03663346715794802, 'action': 'accept'}]",True,False,3.730349362740526e-14,0.00022505808066181258,0.0019732866698284465,7,0,1.1360660125424669,True
6,A,gaussian_noise,"[0.08271259892960847, 0.06606098026295104, 0.07157697978998634, 0.37920510692483234, 0.0, 0.0, 0.3042816905364756, 0.09616264355614135, 0.0, 0.0]",2,2,"[{'active': [0, 2, 3, 6, 7, 9], 'minimum': 0.07115383745368065, 'action': 'add', 'coordinate': 1}, {'active': [0, 1, 2, 3, 6, 7, 9], 'minimum': -0.31447141406810886, 'action': 'remove', 'coordinate': 9}, {'active': [0, 1, 2, 3, 6, 7], 'minimum': 0.06606098026295104, 'action': 'accept'}]",True,False,4.884981308350689e-15,0.00018017013842601935,0.0027040629238472016,6,0,0.5177006181561332,True
6,A,gaussian_blur,"[0.08030530250005752, 0.08396750491690863, 0.09306201283960291, 0.3345739314966991, 0.0, 0.0, 0.27089795015356444, 0.1371932980931696, 0.0, 0.0]",2,2,"[{'active': [0, 2, 3, 6, 7, 9], 'minimum': 0.066737630713126, 'action': 'add', 'coordinate': 1}, {'active': [0, 1, 2, 3, 6, 7, 9], 'minimum': -0.3597793976262835, 'action': 'remove', 'coordinate': 9}, {'active': [0, 1, 2, 3, 6, 7], 'minimum': 0.08030530250005752, 'action': 'accept'}]",True,False,2.220446049250313e-15,0.0002493899806417278,0.003236413355706173,6,0,0.7051521645235546,True
6,B,clean,"[0.09639173754961372, 0.054310149976287914, 0.12655994434762086, 0.3457065172850413, 0.0, 0.0, 0.2898623789837984, 0.08716927185763623, 0.0, 0.0]",3,3,"[{'active': [0, 2, 3, 6, 9], 'minimum': 0.08131287026404244, 'action': 'add', 'coordinate': 7}, {'active': [0, 2, 3, 6, 7, 9], 'minimum': 0.06961607358805, 'action': 'add', 'coordinate': 1}, {'active': [0, 1, 2, 3, 6, 7, 9], 'minimum': -0.220660033583286, 'action': 'remove', 'coordinate': 9}, {'active': [0, 1, 2, 3, 6, 7], 'minimum': 0.054310149976287914, 'action': 'accept'}]",True,False,1.5543122344752192e-15,0.0001408955234997354,0.0007503712099599733,6,0,0.46306092199933474,True
6,B,brightness_dark,"[0.1384926667462889, 0.013538739656782317, 0.044874177039942786, 0.3809024987925085, 0.0, 0.0, 0.3277506439984208, 0.09444127376605849, 0.0, 0.0]",3,3,"[{'active': [0, 2, 3, 6, 9], 'minimum': 0.02562809076961492, 'action': 'add', 'coordinate': 7}, {'active': [0, 2, 3, 6, 7, 9], 'minimum': 0.016629715823524238, 'action': 'add', 'coordinate': 1}, {'active': [0, 1, 2, 3, 6, 7, 9], 'minimum': -0.38178075197902217, 'action': 'remove', 'coordinate': 9}, {'active': [0, 1, 2, 3, 6, 7], 'minimum': 0.013538739656782317, 'action': 'accept'}]",True,False,1.7763568394002505e-15,5.9778404140945165e-05,0.003304166622272001,6,0,0.46410398218669174,True
6,B,contrast_low,"[0.06345305751156616, 0.14984170418987475, 0.07877566813402126, 0.16045431265644083, 0.0, 0.24616858958552257, 0.1379166785714574, 0.16338998935122007, 0.0, 0.0]",7,7,"[{'active': [0, 2, 3, 9], 'minimum': -0.05149264408343546, 'action': 'remove', 'coordinate': 0}, {'active': [2, 3, 9], 'minimum': 0.16449880427571628, 'action': 'add', 'coordinate': 6}, {'active': [2, 3, 6, 9], 'minimum': 0.09445826119347978, 'action': 'add', 'coordinate': 1}, {'active': [1, 2, 3, 6, 9], 'minimum': -0.07852019654879427, 'action': 'remove', 'coordinate': 9}, {'active': [1, 2, 3, 6], 'minimum': 0.0742772835135409, 'action': 'add', 'coordinate': 0}, {'active': [0, 1, 2, 3, 6], 'minimum': 0.02052059875638168, 'action': 'add', 'coordinate': 7}, {'active': [0, 1, 2, 3, 6, 7], 'minimum': 0.03867217879346363, 'action': 'add', 'coordinate': 5}, {'active': [0, 1, 2, 3, 5, 6, 7], 'minimum': 0.06345305751156616, 'action': 'accept'}]",True,False,1.0302869668521453e-13,0.0002256666044329241,0.00316525828801862,7,0,1.3946339233960465,True
6,B,gaussian_noise,"[0.07847391266642223, 0.06689121344442528, 0.08084951328030954, 0.3775300468353393, 0.0, 0.0, 0.29796666840245933, 0.09828864537103499, 0.0, 0.0]",2,2,"[{'active': [0, 2, 3, 6, 7, 9], 'minimum': 0.06630245342601282, 'action': 'add', 'coordinate': 1}, {'active': [0, 1, 2, 3, 6, 7, 9], 'minimum': -0.30828315057431155, 'action': 'remove', 'coordinate': 9}, {'active': [0, 1, 2, 3, 6, 7], 'minimum': 0.06689121344442528, 'action': 'accept'}]",True,False,9.325873406851315e-15,0.00017189504446387028,0.0026718832326776128,6,0,0.5243166858764473,True
6,B,gaussian_blur,"[0.08031842833088376, 0.08582526543535263, 0.09301049123896199, 0.3338256282611951, 0.0, 0.0, 0.2716320201933886, 0.13538816654022412, 0.0, 0.0]",2,2,"[{'active': [0, 2, 3, 6, 7, 9], 'minimum': 0.06648023501741929, 'action': 'add', 'coordinate': 1}, {'active': [0, 1, 2, 3, 6, 7, 9], 'minimum': -0.37154194507539273, 'action': 'remove', 'coordinate': 9}, {'active': [0, 1, 2, 3, 6, 7], 'minimum': 0.08031842833088376, 'action': 'accept'}]",True,False,6.217248937900877e-15,0.00025812116402188954,0.0035329149448998748,6,0,0.7179844856521475,True
7,A,clean,"[0.0, 0.0, 0.056761672395347074, 0.47826489980379533, 0.0, 0.3259016597316242, 0.0, 0.0, 0.13907176806922983, 0.0]",2,2,"[{'active': [3, 5, 7, 8], 'minimum': 0.003995261384480919, 'action': 'add', 'coordinate': 2}, {'active': [2, 3, 5, 7, 8], 'minimum': -0.047299710600016864, 'action': 'remove', 'coordinate': 7}, {'active': [2, 3, 5, 8], 'minimum': 0.056761672395347074, 'action': 'accept'}]",True,False,3.552713678800501e-15,0.0003473892244883618,0.0008252295957689562,4,0,0.3273486041368043,True
7,A,brightness_dark,"[0.0, 0.0, 0.0, 0.06365950405357523, 0.08375736075308637, 0.5382749459777756, 0.10745341879507286, 0.04664964726489096, 0.07062258577369374, 0.08958253738188726]",4,4,"[{'active': [4, 5, 9], 'minimum': 0.1483028136663299, 'action': 'add', 'coordinate': 6}, {'active': [4, 5, 6, 9], 'minimum': 0.10228184571981053, 'action': 'add', 'coordinate': 8}, {'active': [4, 5, 6, 8, 9], 'minimum': 0.07179434505229709, 'action': 'add', 'coordinate': 7}, {'active': [4, 5, 6, 7, 8, 9], 'minimum': 0.04692695962932558, 'action': 'add', 'coordinate': 3}, {'active': [3, 4, 5, 6, 7, 8, 9], 'minimum': 0.04664964726489096, 'action': 'accept'}]",True,False,1.7985612998927536e-14,2.9310829363198326e-05,0.0012652387001117088,7,0,0.7424395852808495,True
7,A,contrast_low,"[0.0, 0.0, 0.055809594158465314, 0.3410106543154099, 0.0, 0.5419036123846226, 0.0, 0.0, 0.061276139141497266, 0.0]",1,1,"[{'active': [3, 5, 8], 'minimum': 0.06484202663032562, 'action': 'add', 'coordinate': 2}, {'active': [2, 3, 5, 8], 'minimum': 0.055809594158465314, 'action': 'accept'}]",True,False,4.884981308350689e-15,0.0005080826341541476,0.0005513415746652918,4,0,0.13180578944289267,True
7,A,gaussian_noise,"[0.0, 0.0, 0.010494349818930715, 0.5248395152896368, 0.007039536318637296, 0.28952491390097856, 0.0, 0.0, 0.16810168467183373, 0.0]",1,1,"[{'active': [3, 4, 5, 8], 'minimum': 0.021610899597844013, 'action': 'add', 'coordinate': 2}, {'active': [2, 3, 4, 5, 8], 'minimum': 0.007039536318637296, 'action': 'accept'}]",True,False,1.709743457922741e-14,0.00029760597792673053,0.0004587152529966665,5,0,0.3534045865070771,True
7,A,gaussian_blur,"[0.0, 0.0, 0.049963195195559806, 0.7415568068492671, 0.0, 0.09709973040381015, 0.0, 0.0, 0.11138026755135991, 0.0]",3,3,"[{'active': [3, 5, 6, 7, 8], 'minimum': -0.051081538023124096, 'action': 'remove', 'coordinate': 7}, {'active': [3, 5, 6, 8], 'minimum': -0.02551943740374063, 'action': 'remove', 'coordinate': 6}, {'active': [3, 5, 8], 'minimum': 0.10689594248762191, 'action': 'add', 'coordinate': 2}, {'active': [2, 3, 5, 8], 'minimum': 0.049963195195559806, 'action': 'accept'}]",True,False,3.1086244689504383e-15,0.0006507448298557519,0.0018183696454455109,4,0,0.5932521279792665,True
7,B,clean,"[0.0, 0.0, 0.056761672395347074, 0.47826489980379533, 0.0, 0.3259016597316242, 0.0, 0.0, 0.13907176806922983, 0.0]",2,2,"[{'active': [3, 5, 7, 8], 'minimum': 0.003995261384480919, 'action': 'add', 'coordinate': 2}, {'active': [2, 3, 5, 7, 8], 'minimum': -0.047299710600016864, 'action': 'remove', 'coordinate': 7}, {'active': [2, 3, 5, 8], 'minimum': 0.056761672395347074, 'action': 'accept'}]",True,False,3.552713678800501e-15,0.0003473892244883618,0.0008252295957689562,4,0,0.3273486041368043,True
7,B,brightness_dark,"[0.0, 0.003979446616549254, 0.0, 0.044320027413135676, 0.08422117580965191, 0.5534862012880141, 0.11290853896170111, 0.046930563397144354, 0.07143895141273304, 0.0827150951006157]",5,5,"[{'active': [4, 5, 9], 'minimum': 0.14652598825647195, 'action': 'add', 'coordinate': 6}, {'active': [4, 5, 6, 9], 'minimum': 0.1050577134856081, 'action': 'add', 'coordinate': 8}, {'active': [4, 5, 6, 8, 9], 'minimum': 0.07100287814165118, 'action': 'add', 'coordinate': 7}, {'active': [4, 5, 6, 7, 8, 9], 'minimum': 0.0464538848568532, 'action': 'add', 'coordinate': 3}, {'active': [3, 4, 5, 6, 7, 8, 9], 'minimum': 0.042623103785345506, 'action': 'add', 'coordinate': 1}, {'active': [1, 3, 4, 5, 6, 7, 8, 9], 'minimum': 0.003979446616549254, 'action': 'accept'}]",True,False,4.548583731889266e-13,3.2927287114280754e-05,0.0014735209581575547,8,0,0.7492951048038837,True
7,B,contrast_low,"[0.0, 0.0, 0.05766587352719332, 0.40908268787263014, 0.0, 0.48169093342857017, 0.0, 0.0, 0.051560505171590665, 0.0]",0,0,"[{'active': [2, 3, 5, 8], 'minimum': 0.051560505171590665, 'action': 'accept'}]",True,False,1.5765166949677223e-14,0.00035671422649033235,0.0004342231950490274,4,0,0.4031621473686197,True
7,B,gaussian_noise,"[0.0, 0.0, 0.01610002135973071, 0.5160067298461624, 0.0, 0.3009693958231814, 0.0, 0.0, 0.1669238529709239, 0.0]",2,2,"[{'active': [3, 4, 5, 8], 'minimum': 0.02146083413385197, 'action': 'add', 'coordinate': 2}, {'active': [2, 3, 4, 5, 8], 'minimum': -0.016853561090537816, 'action': 'remove', 'coordinate': 4}, {'active': [2, 3, 5, 8], 'minimum': 0.01610002135973071, 'action': 'accept'}]",True,False,1.6653345369377348e-15,0.0002782733352418353,0.0004481221116984454,4,0,0.3810846443282916,True
7,B,gaussian_blur,"[0.0, 0.0, 0.053225747119034605, 0.7357698705883794, 0.0, 0.10137566565258549, 0.0, 0.0, 0.10962871664000048, 0.0]",3,3,"[{'active': [3, 5, 6, 7, 8], 'minimum': -0.05327338497662119, 'action': 'remove', 'coordinate': 7}, {'active': [3, 5, 6, 8], 'minimum': -0.02976936501152072, 'action': 'remove', 'coordinate': 6}, {'active': [3, 5, 8], 'minimum': 0.11166436445987316, 'action': 'add', 'coordinate': 2}, {'active': [2, 3, 5, 8], 'minimum': 0.053225747119034605, 'action': 'accept'}]",True,False,7.887570804832045e-17,0.000675836082991235,0.0019195649423676237,4,0,0.5810937816241613,True
8,A,clean,"[0.12953780688721417, 0.0, 0.1383230649812548, 0.0, 0.0, 0.7321391281315317, 0.0, 0.0, 0.0, 0.0]",1,1,"[{'active': [0, 2, 3, 5], 'minimum': -0.03266334587545561, 'action': 'remove', 'coordinate': 3}, {'active': [0, 2, 5], 'minimum': 0.12953780688721417, 'action': 'accept'}]",True,False,6.661338147750939e-16,0.0006539507711307379,0.0028072308483001705,3,0,0.7623724423190311,True
8,A,brightness_dark,"[0.16000975614364554, 0.0, 0.09022458352502749, 0.0, 0.0, 0.7497656603313265, 0.0, 0.0, 0.0, 0.0]",2,2,"[{'active': [0, 3, 5], 'minimum': -0.23714766718867963, 'action': 'remove', 'coordinate': 3}, {'active': [0, 5], 'minimum': 0.17553503740030746, 'action': 'add', 'coordinate': 2}, {'active': [0, 2, 5], 'minimum': 0.09022458352502749, 'action': 'accept'}]",True,False,4.440892098500626e-16,0.0005633976511942868,0.0014758317571322878,3,0,0.34296822800280324,True
8,A,contrast_low,"[0.12752330071083828, 0.0, 0.15824457342006504, 0.7142321258690973, 0.0, 0.0, 0.0, 0.0, 0.0, 0.0]",3,3,"[{'active': [0, 3, 5, 6], 'minimum': -0.47019412717274267, 'action': 'remove', 'coordinate': 5}, {'active': [0, 3, 6], 'minimum': -0.0208265114498829, 'action': 'remove', 'coordinate': 6}, {'active': [0, 3], 'minimum': 0.14518217619662285, 'action': 'add', 'coordinate': 2}, {'active': [0, 2, 3], 'minimum': 0.12752330071083828, 'action': 'accept'}]",True,False,6.661338147750939e-16,0.00065825113788133,0.003717253877194076,3,0,1.7049766872678314,True
8,A,gaussian_noise,"[0.1345362680889598, 0.0, 0.10540910557137186, 0.1310113820482217, 0.0, 0.6290432442914493, 0.0, 0.0, 0.0, 0.0]",0,0,"[{'active': [0, 2, 3, 5], 'minimum': 0.10540910557137186, 'action': 'accept'}]",True,False,2.6645352591003757e-15,0.0006377813703851029,0.001941252743193532,4,0,0.47527471821404993,True
8,A,gaussian_blur,"[0.13468192788661215, 0.0, 0.11025511433896133, 0.19404673829370428, 0.0, 0.56101621948072, 0.0, 0.0, 0.0, 0.0]",1,1,"[{'active': [0, 3, 5], 'minimum': 0.15419190200967647, 'action': 'add', 'coordinate': 2}, {'active': [0, 2, 3, 5], 'minimum': 0.11025511433896133, 'action': 'accept'}]",True,False,2.220446049250313e-15,0.0007572686482884775,0.004617701164771418,4,0,0.46654125070378677,True
8,B,clean,"[0.12953780688721417, 0.0, 0.1383230649812548, 0.0, 0.0, 0.7321391281315317, 0.0, 0.0, 0.0, 0.0]",1,1,"[{'active': [0, 2, 3, 5], 'minimum': -0.03266334587545561, 'action': 'remove', 'coordinate': 3}, {'active': [0, 2, 5], 'minimum': 0.12953780688721417, 'action': 'accept'}]",True,False,6.661338147750939e-16,0.0006539507711307379,0.0028072308483001705,3,0,0.7623724423190311,True
8,B,brightness_dark,"[0.16075219005393382, 0.0, 0.0879793585152644, 0.0, 0.0, 0.7512684514308008, 0.0, 0.0, 0.0, 0.0]",2,2,"[{'active': [0, 3, 5], 'minimum': -0.21972573732261935, 'action': 'remove', 'coordinate': 3}, {'active': [0, 5], 'minimum': 0.17619378986078912, 'action': 'add', 'coordinate': 2}, {'active': [0, 2, 5], 'minimum': 0.0879793585152644, 'action': 'accept'}]",True,False,9.992007221626409e-16,0.0005830439877172387,0.0016311757278179404,3,0,0.37553098983058536,True
8,B,contrast_low,"[0.11445381190873516, 0.0, 0.17871708730062785, 0.7068291007906371, 0.0, 0.0, 0.0, 0.0, 0.0, 0.0]",3,3,"[{'active': [0, 3, 5, 6], 'minimum': -0.5462353072902779, 'action': 'remove', 'coordinate': 5}, {'active': [0, 3, 6], 'minimum': -0.020074392964028576, 'action': 'remove', 'coordinate': 6}, {'active': [0, 3], 'minimum': 0.13339049176562484, 'action': 'add', 'coordinate': 2}, {'active': [0, 2, 3], 'minimum': 0.11445381190873516, 'action': 'accept'}]",True,False,6.385950795939621e-17,0.0006190042704589048,0.0038242911022873163,3,0,1.7604169242735328,True
8,B,gaussian_noise,"[0.13692311764784532, 0.0, 0.10497240387936063, 0.12850521124521264, 0.0, 0.6295992672275763, 0.0, 0.0, 0.0, 0.0]",0,0,"[{'active': [0, 2, 3, 5], 'minimum': 0.10497240387936063, 'action': 'accept'}]",True,False,5.10702591327572e-15,0.0005951845288348878,0.001839488852792018,4,0,0.47641359698098107,True
8,B,gaussian_blur,"[0.13261905629132442, 0.0, 0.11179000786253956, 0.19901286775181182, 0.0, 0.5565780680943269, 0.0, 0.0, 0.0, 0.0]",1,1,"[{'active': [0, 3, 5], 'minimum': 0.15223979795162268, 'action': 'add', 'coordinate': 2}, {'active': [0, 2, 3, 5], 'minimum': 0.11179000786253956, 'action': 'accept'}]",True,False,2.6645352591003757e-15,0.0007705528377791693,0.004724712360390617,4,0,0.4699744403793882,True
9,A,clean,"[0.11256498650613267, 0.07585810059919251, 0.0, 0.0, 0.0, 0.004081737472437119, 0.048923415440888296, 0.4539043552766522, 0.304667404704702, 0.0]",0,0,"[{'active': [0, 1, 5, 6, 7, 8], 'minimum': 0.004081737472437119, 'action': 'accept'}]",True,False,4.884981308350689e-15,0.00026870196600384174,0.008911839878059602,6,0,0.5495306146930412,True
9,A,brightness_dark,"[0.17651463274224355, 0.19277305464913574, 0.0, 0.0, 0.0, 0.0, 0.09856295443365048, 0.3685500981292833, 0.16359926004568237, 0.0]",1,1,"[{'active': [0, 1, 5, 6, 7, 8], 'minimum': -0.21493176260673863, 'action': 'remove', 'coordinate': 5}, {'active': [0, 1, 6, 7, 8], 'minimum': 0.09856295443365048, 'action': 'accept'}]",True,False,4.551914400963142e-15,0.00027466380462898033,0.006508843621452238,5,0,0.5079706121975144,True
9,A,contrast_low,"[0.3348403369231079, 0.013457418210890637, 0.0, 0.0, 0.0, 0.10689881462509732, 0.014529160246617323, 0.3243000337124258, 0.0, 0.20597423628183265]",4,4,"[{'active': [0, 1, 5, 7], 'minimum': 0.12803112531869193, 'action': 'add', 'coordinate': 6}, {'active': [0, 1, 5, 6, 7], 'minimum': 0.015229063672222765, 'action': 'add', 'coordinate': 8}, {'active': [0, 1, 5, 6, 7, 8], 'minimum': 0.013927030064988521, 'action': 'add', 'coordinate': 9}, {'active': [0, 1, 5, 6, 7, 8, 9], 'minimum': -0.0019480598169252517, 'action': 'remove', 'coordinate': 8}, {'active': [0, 1, 5, 6, 7, 9], 'minimum': 0.013457418210890637, 'action': 'accept'}]",True,False,2.842170943040401e-14,9.112286622849815e-05,0.0029943280416043633,6,0,0.5856335309852019,True
9,A,gaussian_noise,"[0.12644686614036615, 0.06764093694563478, 0.0, 0.0, 0.0, 0.0, 0.05083862488602653, 0.4551971299128921, 0.2998764421150799, 0.0]",1,1,"[{'active': [0, 1, 5, 6, 7, 8], 'minimum': -0.03164810064407142, 'action': 'remove', 'coordinate': 5}, {'active': [0, 1, 6, 7, 8], 'minimum': 0.05083862488602653, 'action': 'accept'}]",True,False,5.551115123125783e-16,0.00028236499886182415,0.008439885338830605,5,0,0.586777313706538,True
9,A,gaussian_blur,"[0.07293565666796198, 0.08739027492884555, 0.0, 0.0, 0.0, 0.07078824030952369, 0.03293676868888118, 0.4288815952149818, 0.307067464189803, 0.0]",1,1,"[{'active': [0, 5, 6, 7, 8], 'minimum': 0.027807056909937344, 'action': 'add', 'coordinate': 1}, {'active': [0, 1, 5, 6, 7, 8], 'minimum': 0.03293676868888118, 'action': 'accept'}]",True,False,2.7755575615628914e-15,0.0002488152020126107,0.010515810610488254,6,0,0.6194407165015672,True
9,B,clean,"[0.11256498650613267, 0.07585810059919251, 0.0, 0.0, 0.0, 0.004081737472437119, 0.048923415440888296, 0.4539043552766522, 0.304667404704702, 0.0]",0,0,"[{'active': [0, 1, 5, 6, 7, 8], 'minimum': 0.004081737472437119, 'action': 'accept'}]",True,False,4.884981308350689e-15,0.00026870196600384174,0.008911839878059602,6,0,0.5495306146930412,True
9,B,brightness_dark,"[0.17736548423478737, 0.1915960144868425, 0.0, 0.0, 0.0, 0.0, 0.10052515290151516, 0.3679978298994242, 0.16251551847743073, 0.0]",1,1,"[{'active': [0, 1, 5, 6, 7, 8], 'minimum': -0.2206359272305889, 'action': 'remove', 'coordinate': 5}, {'active': [0, 1, 6, 7, 8], 'minimum': 0.10052515290151516, 'action': 'accept'}]",True,False,1.610040226140974e-16,0.00029179413665617656,0.006495156395762331,5,0,0.504804186776513,True
9,B,contrast_low,"[0.3297047820614054, 0.03553570467286704, 0.0, 0.0, 0.0, 0.07067915899925481, 0.031709087148079185, 0.348819182017607, 0.0, 0.18355208510070042]",5,5,"[{'active': [0, 1, 4, 5, 7], 'minimum': -0.10139758540493204, 'action': 'remove', 'coordinate': 4}, {'active': [0, 1, 5, 7], 'minimum': 0.09698398751355614, 'action': 'add', 'coordinate': 6}, {'active': [0, 1, 5, 6, 7], 'minimum': 0.03271829216005884, 'action': 'add', 'coordinate': 8}, {'active': [0, 1, 5, 6, 7, 8], 'minimum': 0.02948070622831267, 'action': 'add', 'coordinate': 9}, {'active': [0, 1, 5, 6, 7, 8, 9], 'minimum': -0.04132754422857943, 'action': 'remove', 'coordinate': 8}, {'active': [0, 1, 5, 6, 7, 9], 'minimum': 0.031709087148079185, 'action': 'accept'}]",True,False,8.615330671091215e-14,9.416690796104609e-05,0.003987250518990348,6,0,0.5277852913887628,True
9,B,gaussian_noise,"[0.12466157861788396, 0.06560407642033739, 0.0, 0.0, 0.0, 0.0, 0.05048021042033679, 0.457844881615848, 0.30140925292559473, 0.0]",1,1,"[{'active': [0, 1, 5, 6, 7, 8], 'minimum': -0.0293221596210973, 'action': 'remove', 'coordinate': 5}, {'active': [0, 1, 6, 7, 8], 'minimum': 0.05048021042033679, 'action': 'accept'}]",True,False,8.881784197001252e-16,0.0002839868086225204,0.008659305029122093,5,0,0.5919743074260371,True
9,B,gaussian_blur,"[0.07479971628281845, 0.08754100241337515, 0.0, 0.0, 0.0, 0.06914335362346336, 0.034075097814764865, 0.428200102121302, 0.3062407277442638, 0.0]",1,1,"[{'active': [0, 5, 6, 7, 8], 'minimum': 0.02779703539330569, 'action': 'add', 'coordinate': 1}, {'active': [0, 1, 5, 6, 7, 8], 'minimum': 0.034075097814764865, 'action': 'accept'}]",True,False,1.2434497875801753e-14,0.0002376914858323244,0.010403122226334391,6,0,0.622499110809907,True
10,A,clean,"[0.16062804411805498, 0.0, 0.1741436418263973, 0.20950941615732432, 0.23866618680435892, 0.14853423424053602, 0.0, 0.06851847685333867, 0.0, 0.0]",3,3,"[{'active': [0, 4, 5, 7, 9], 'minimum': -0.06044965176198458, 'action': 'remove', 'coordinate': 9}, {'active': [0, 4, 5, 7], 'minimum': 0.05031208332365422, 'action': 'add', 'coordinate': 2}, {'active': [0, 2, 4, 5, 7], 'minimum': 0.04649549975737188, 'action': 'add', 'coordinate': 3}, {'active': [0, 2, 3, 4, 5, 7], 'minimum': 0.06851847685333867, 'action': 'accept'}]",True,False,1.021405182655144e-14,0.00016276213101488725,0.0013462344923055797,6,0,0.8297382662990996,True
10,A,brightness_dark,"[0.13966283588058548, 0.0, 0.0, 0.05270111886317608, 0.4526996778257555, 0.23259761482310992, 0.01190566446716268, 0.11043308814022623, 0.0, 0.0]",3,3,"[{'active': [0, 4, 5, 7, 9], 'minimum': -0.06261262772581233, 'action': 'remove', 'coordinate': 9}, {'active': [0, 4, 5, 7], 'minimum': 0.08869809266587825, 'action': 'add', 'coordinate': 6}, {'active': [0, 4, 5, 6, 7], 'minimum': 0.01815175283850534, 'action': 'add', 'coordinate': 3}, {'active': [0, 3, 4, 5, 6, 7], 'minimum': 0.01190566446716268, 'action': 'accept'}]",True,False,1.5987211554602254e-14,0.00016939923378901257,0.00037597482355801573,6,0,0.2374153389968641,True
10,A,contrast_low,"[0.0700124821206245, 0.0, 0.3486951021205993, 0.4586848080547199, 0.0, 0.0, 0.05732849182365296, 0.029807058726007085, 0.035472057154400716, 0.0]",11,11,"[{'active': [0, 4, 5, 7, 9], 'minimum': -0.09195141350294467, 'action': 'remove', 'coordinate': 9}, {'active': [0, 4, 5, 7], 'minimum': -0.0795867347255883, 'action': 'remove', 'coordinate': 7}, {'active': [0, 4, 5], 'minimum': 0.12966832326860372, 'action': 'add', 'coordinate': 6}, {'active': [0, 4, 5, 6], 'minimum': 0.05047523660739156, 'action': 'add', 'coordinate': 3}, {'active': [0, 3, 4, 5, 6], 'minimum': -0.3374944673346292, 'action': 'remove', 'coordinate': 5}, {'active': [0, 3, 4, 6], 'minimum': -0.0034295506630266925, 'action': 'remove', 'coordinate': 6}, {'active': [0, 3, 4], 'minimum': 0.1309338492576813, 'action': 'add', 'coordinate': 2}, {'active': [0, 2, 3, 4], 'minimum': 0.11463880747779615, 'action': 'add', 'coordinate': 6}, {'active': [0, 2, 3, 4, 6], 'minimum': -0.09070991295389064, 'action': 'remove', 'coordinate': 4}, {'active': [0, 2, 3, 6], 'minimum': 0.057799425260608495, 'action': 'add', 'coordinate': 8}, {'active': [0, 2, 3, 6, 8], 'minimum': 0.0351350150042915, 'action': 'add', 'coordinate': 7}, {'active': [0, 2, 3, 6, 7, 8], 'minimum': 0.029807058726007085, 'action': 'accept'}]",True,False,4.440892098500626e-15,0.00012347028219414702,0.0019521612484983387,6,0,1.8089094140350803,True
10,A,gaussian_noise,"[0.14904812275248247, 0.0, 0.09948514205974845, 0.11318886358813529, 0.24251494561333686, 0.3092385248869647, 0.0, 0.06569559559101634, 0.02082880550828925, 0.0]",4,4,"[{'active': [0, 4, 5, 7, 9], 'minimum': -0.04774234548647294, 'action': 'remove', 'coordinate': 9}, {'active': [0, 4, 5, 7], 'minimum': 0.05311883378214488, 'action': 'add', 'coordinate': 8}, {'active': [0, 4, 5, 7, 8], 'minimum': 0.015177943678097883, 'action': 'add', 'coordinate': 2}, {'active': [0, 2, 4, 5, 7, 8], 'minimum': 0.019653850012379515, 'action': 'add', 'coordinate': 3}, {'active': [0, 2, 3, 4, 5, 7, 8], 'minimum': 0.02082880550828925, 'action': 'accept'}]",True,False,2.6645352591003757e-14,0.0001414402482903689,0.0017066557311664896,7,0,0.5777015581400454,True
10,A,gaussian_blur,"[0.17868564476931859, 0.0, 0.022714528677873602, 0.36204622316604684, 0.3024161417259066, 0.08005147592373163, 0.0, 0.05235014515334413, 0.0017358405837617497, 0.0]",4,4,"[{'active': [0, 3, 4, 5, 9], 'minimum': -0.03280095850696685, 'action': 'remove', 'coordinate': 9}, {'active': [0, 3, 4, 5], 'minimum': 0.13664573118234236, 'action': 'add', 'coordinate': 7}, {'active': [0, 3, 4, 5, 7], 'minimum': 0.050529381225830505, 'action': 'add', 'coordinate': 2}, {'active': [0, 2, 3, 4, 5, 7], 'minimum': 0.02109724029783422, 'action': 'add', 'coordinate': 8}, {'active': [0, 2, 3, 4, 5, 7, 8], 'minimum': 0.0017358405837617497, 'action': 'accept'}]",True,False,1.687538997430238e-14,0.0001048041870148272,0.0005286696783288242,7,0,0.7396800518860006,True
10,B,clean,"[0.16062804411805498, 0.0, 0.1741436418263973, 0.20950941615732432, 0.23866618680435892, 0.14853423424053602, 0.0, 0.06851847685333867, 0.0, 0.0]",3,3,"[{'active': [0, 4, 5, 7, 9], 'minimum': -0.06044965176198458, 'action': 'remove', 'coordinate': 9}, {'active': [0, 4, 5, 7], 'minimum': 0.05031208332365422, 'action': 'add', 'coordinate': 2}, {'active': [0, 2, 4, 5, 7], 'minimum': 0.04649549975737188, 'action': 'add', 'coordinate': 3}, {'active': [0, 2, 3, 4, 5, 7], 'minimum': 0.06851847685333867, 'action': 'accept'}]",True,False,1.021405182655144e-14,0.00016276213101488725,0.0013462344923055797,6,0,0.8297382662990996,True
10,B,brightness_dark,"[0.13897218147446397, 0.0, 0.0, 0.07815866123344506, 0.44646989911063173, 0.21048188641992738, 0.011771341927870438, 0.11414602983362698, 0.0, 0.0]",3,3,"[{'active': [0, 4, 5, 7, 9], 'minimum': -0.06392445034257466, 'action': 'remove', 'coordinate': 9}, {'active': [0, 4, 5, 7], 'minimum': 0.08905911970400815, 'action': 'add', 'coordinate': 6}, {'active': [0, 4, 5, 6, 7], 'minimum': 0.020566789908744276, 'action': 'add', 'coordinate': 3}, {'active': [0, 3, 4, 5, 6, 7], 'minimum': 0.011771341927870438, 'action': 'accept'}]",True,False,3.441691376337985e-14,0.00017975145033927194,0.00031792615515033686,6,0,0.2906080725930821,True
10,B,contrast_low,"[0.10319167185128109, 0.0, 0.33713731558477456, 0.443546601734333, 0.0, 0.0, 0.07162854948250691, 0.04315967755167094, 0.0013361837954342093, 0.0]",8,8,"[{'active': [0, 4, 5, 6, 7, 9], 'minimum': -0.11773189633035663, 'action': 'remove', 'coordinate': 9}, {'active': [0, 4, 5, 6, 7], 'minimum': -0.047920565485298994, 'action': 'remove', 'coordinate': 7}, {'active': [0, 4, 5, 6], 'minimum': 0.06363028402722459, 'action': 'add', 'coordinate': 3}, {'active': [0, 3, 4, 5, 6], 'minimum': -0.34771734595762993, 'action': 'remove', 'coordinate': 5}, {'active': [0, 3, 4, 6], 'minimum': 0.01163392440224037, 'action': 'add', 'coordinate': 2}, {'active': [0, 2, 3, 4, 6], 'minimum': -0.07712477535767448, 'action': 'remove', 'coordinate': 4}, {'active': [0, 2, 3, 6], 'minimum': 0.07008701655777821, 'action': 'add', 'coordinate': 7}, {'active': [0, 2, 3, 6, 7], 'minimum': 0.0430495594770548, 'action': 'add', 'coordinate': 8}, {'active': [0, 2, 3, 6, 7, 8], 'minimum': 0.0013361837954342093, 'action': 'accept'}]",True,False,6.661338147750939e-16,9.987312870545021e-05,0.00197126953642755,6,0,1.7451641892437832,True
10,B,gaussian_noise,"[0.15098513062270413, 0.0, 0.09796534675649582, 0.12813345619217387, 0.23309446279141355, 0.3031753426616035, 0.0, 0.06732395232066679, 0.019322308654955656, 0.0]",4,4,"[{'active': [0, 4, 5, 7, 9], 'minimum': -0.04766992714234375, 'action': 'remove', 'coordinate': 9}, {'active': [0, 4, 5, 7], 'minimum': 0.053588364649384435, 'action': 'add', 'coordinate': 8}, {'active': [0, 4, 5, 7, 8], 'minimum': 0.014651757756294792, 'action': 'add', 'coordinate': 3}, {'active': [0, 3, 4, 5, 7, 8], 'minimum': 0.011373952026418443, 'action': 'add', 'coordinate': 2}, {'active': [0, 2, 3, 4, 5, 7, 8], 'minimum': 0.019322308654955656, 'action': 'accept'}]",True,False,1.3322676295501878e-14,0.00014147870864672925,0.0016633916777810667,7,0,0.601094367118157,True
10,B,gaussian_blur,"[0.1744917004131583, 0.0, 0.023488532682407026, 0.36820873686647815, 0.29962801727837984, 0.08004194874538939, 0.0, 0.05129375207748943, 0.002847311936685415, 0.0]",4,4,"[{'active': [0, 3, 4, 5, 9], 'minimum': -0.03206491009675427, 'action': 'remove', 'coordinate': 9}, {'active': [0, 3, 4, 5], 'minimum': 0.136266556887779, 'action': 'add', 'coordinate': 7}, {'active': [0, 3, 4, 5, 7], 'minimum': 0.04926647558295727, 'action': 'add', 'coordinate': 2}, {'active': [0, 2, 3, 4, 5, 7], 'minimum': 0.02083153481937572, 'action': 'add', 'coordinate': 8}, {'active': [0, 2, 3, 4, 5, 7, 8], 'minimum': 0.002847311936685415, 'action': 'accept'}]",True,False,1.2434497875801753e-14,0.00010454567965535468,0.0005273192820495835,7,0,0.7531752826919736,True
11,A,clean,"[0.1237705192182359, 0.05123888657907949, 0.5590398215208985, 0.0, 0.0, 0.0, 0.0, 0.0, 0.265950772681787, 0.0]",4,4,"[{'active': [0, 2, 4, 5, 8, 9], 'minimum': -0.4508533543861484, 'action': 'remove', 'coordinate': 4}, {'active': [0, 2, 5, 8, 9], 'minimum': -0.04122140267324492, 'action': 'remove', 'coordinate': 5}, {'active': [0, 2, 8, 9], 'minimum': 0.06773276126211358, 'action': 'add', 'coordinate': 1}, {'active': [0, 1, 2, 8, 9], 'minimum': -0.07684542611002598, 'action': 'remove', 'coordinate': 9}, {'active': [0, 1, 2, 8], 'minimum': 0.05123888657907949, 'action': 'accept'}]",True,False,8.881784197001252e-16,0.0004845993446432148,0.004383328427460543,4,0,0.7928431103889086,True
11,A,brightness_dark,"[0.0, 0.022086492053233125, 0.5825558908413361, 0.0, 0.0, 0.0, 0.0, 0.0, 0.3953576171054309, 0.0]",4,4,"[{'active': [2, 4, 5, 8, 9], 'minimum': -0.6621068146517759, 'action': 'remove', 'coordinate': 4}, {'active': [2, 5, 8, 9], 'minimum': -0.1192955519468627, 'action': 'remove', 'coordinate': 5}, {'active': [2, 8, 9], 'minimum': 0.028983494169384283, 'action': 'add', 'coordinate': 1}, {'active': [1, 2, 8, 9], 'minimum': -0.03378436432528442, 'action': 'remove', 'coordinate': 9}, {'active': [1, 2, 8], 'minimum': 0.022086492053233125, 'action': 'accept'}]",True,False,4.7704895589362195e-17,0.0006413771001553347,0.001215494860853668,3,0,0.3965713814709135,True
11,A,contrast_low,"[0.2378183829981757, 0.07477972715259051, 0.5219309359279498, 0.0, 0.0, 0.0, 0.0, 0.0, 0.1654709539212772, 0.0]",5,5,"[{'active': [0, 2, 4, 5, 9], 'minimum': -0.7343558760520033, 'action': 'remove', 'coordinate': 4}, {'active': [0, 2, 5, 9], 'minimum': -0.059637657363837526, 'action': 'remove', 'coordinate': 5}, {'active': [0, 2, 9], 'minimum': 0.12362882042635137, 'action': 'add', 'coordinate': 8}, {'active': [0, 2, 8, 9], 'minimum': 0.10322355725734028, 'action': 'add', 'coordinate': 1}, {'active': [0, 1, 2, 8, 9], 'minimum': -0.07920536937143652, 'action': 'remove', 'coordinate': 9}, {'active': [0, 1, 2, 8], 'minimum': 0.07477972715259051, 'action': 'accept'}]",True,False,6.772360450213455e-15,0.00031394966379199647,0.005328577336709642,4,0,1.5394607135645648,True
11,A,gaussian_noise,"[0.07920421996308447, 0.0881762617847936, 0.5781244765105851, 0.0, 0.0, 0.0, 0.0, 0.0, 0.25449504174153587, 0.0]",3,3,"[{'active': [0, 1, 2, 4, 5, 8, 9], 'minimum': -0.3583980255321819, 'action': 'remove', 'coordinate': 4}, {'active': [0, 1, 2, 5, 8, 9], 'minimum': -0.022123470577664506, 'action': 'remove', 'coordinate': 5}, {'active': [0, 1, 2, 8, 9], 'minimum': -0.040558472728406514, 'action': 'remove', 'coordinate': 9}, {'active': [0, 1, 2, 8], 'minimum': 0.07920421996308447, 'action': 'accept'}]",True,False,8.881784197001252e-16,0.00023027345882046507,0.003132983429195679,4,0,0.6007193018881871,True
11,A,gaussian_blur,"[0.17235520124165937, 0.03329483220162177, 0.5347706792001201, 0.0, 0.0, 0.0, 0.0, 0.009807863815811224, 0.24977142354079263, 0.0]",5,5,"[{'active': [0, 2, 4, 5, 8, 9], 'minimum': -0.48701520796687525, 'action': 'remove', 'coordinate': 4}, {'active': [0, 2, 5, 8, 9], 'minimum': -0.04966108793581625, 'action': 'remove', 'coordinate': 5}, {'active': [0, 2, 8, 9], 'minimum': 0.04585449366359709, 'action': 'add', 'coordinate': 1}, {'active': [0, 1, 2, 8, 9], 'minimum': -0.02158826409359449, 'action': 'remove', 'coordinate': 9}, {'active': [0, 1, 2, 8], 'minimum': 0.034856938003072935, 'action': 'add', 'coordinate': 7}, {'active': [0, 1, 2, 7, 8], 'minimum': 0.009807863815811224, 'action': 'accept'}]",True,False,5.10702591327572e-15,0.0004464000814779872,0.003556684122864865,5,0,0.6656259959130093,True
11,B,clean,"[0.1237705192182359, 0.05123888657907949, 0.5590398215208985, 0.0, 0.0, 0.0, 0.0, 0.0, 0.265950772681787, 0.0]",4,4,"[{'active': [0, 2, 4, 5, 8, 9], 'minimum': -0.4508533543861484, 'action': 'remove', 'coordinate': 4}, {'active': [0, 2, 5, 8, 9], 'minimum': -0.04122140267324492, 'action': 'remove', 'coordinate': 5}, {'active': [0, 2, 8, 9], 'minimum': 0.06773276126211358, 'action': 'add', 'coordinate': 1}, {'active': [0, 1, 2, 8, 9], 'minimum': -0.07684542611002598, 'action': 'remove', 'coordinate': 9}, {'active': [0, 1, 2, 8], 'minimum': 0.05123888657907949, 'action': 'accept'}]",True,False,8.881784197001252e-16,0.0004845993446432148,0.004383328427460543,4,0,0.7928431103889086,True
11,B,brightness_dark,"[0.0, 0.021339809184572518, 0.5827221792696471, 0.0, 0.0, 0.0, 0.0, 0.0, 0.39593801154578057, 0.0]",4,4,"[{'active': [2, 4, 5, 8, 9], 'minimum': -0.6548588641497868, 'action': 'remove', 'coordinate': 4}, {'active': [2, 5, 8, 9], 'minimum': -0.11386304534971292, 'action': 'remove', 'coordinate': 5}, {'active': [2, 8, 9], 'minimum': 0.028317324777010988, 'action': 'add', 'coordinate': 1}, {'active': [1, 2, 8, 9], 'minimum': -0.007830628052382771, 'action': 'remove', 'coordinate': 9}, {'active': [1, 2, 8], 'minimum': 0.021339809184572518, 'action': 'accept'}]",True,False,2.220446049250313e-16,0.0006448592402871486,0.0012663702267330375,3,0,0.40199420630791877,True
11,B,contrast_low,"[0.24110504303023972, 0.06166695169312657, 0.5091396390799415, 0.0, 0.0, 0.0, 0.0, 0.0, 0.18808836619669278, 0.0]",4,4,"[{'active': [0, 2, 4, 5, 8, 9], 'minimum': -0.8054658411663098, 'action': 'remove', 'coordinate': 4}, {'active': [0, 2, 5, 8, 9], 'minimum': -0.03139587724118975, 'action': 'remove', 'coordinate': 5}, {'active': [0, 2, 8, 9], 'minimum': 0.08402808659317357, 'action': 'add', 'coordinate': 1}, {'active': [0, 1, 2, 8, 9], 'minimum': -0.062093001639539125, 'action': 'remove', 'coordinate': 9}, {'active': [0, 1, 2, 8], 'minimum': 0.06166695169312657, 'action': 'accept'}]",True,False,6.661338147750939e-16,0.00034096969494852103,0.005612318459347671,4,0,1.5611062170545797,True
11,B,gaussian_noise,"[0.08654158963086367, 0.08728472947148114, 0.5701683507043174, 0.0, 0.0, 0.0, 0.0, 0.007788996083566202, 0.24821633410977206, 0.0]",4,4,"[{'active': [0, 1, 2, 4, 5, 8, 9], 'minimum': -0.3538319170117461, 'action': 'remove', 'coordinate': 4}, {'active': [0, 1, 2, 5, 8, 9], 'minimum': -0.011995704034987398, 'action': 'remove', 'coordinate': 5}, {'active': [0, 1, 2, 8, 9], 'minimum': -0.03311856331038143, 'action': 'remove', 'coordinate': 9}, {'active': [0, 1, 2, 8], 'minimum': 0.08605300890114276, 'action': 'add', 'coordinate': 7}, {'active': [0, 1, 2, 7, 8], 'minimum': 0.007788996083566202, 'action': 'accept'}]",True,False,4.440892098500626e-16,0.00021787055283743455,0.0031681130305952947,5,0,0.615650610860182,True
11,B,gaussian_blur,"[0.17447497426525338, 0.031868409209719895, 0.5325533030230498, 0.0, 0.0, 0.0, 0.0, 0.01104968144045948, 0.250053632061519, 0.0]",5,5,"[{'active': [0, 2, 4, 5, 8, 9], 'minimum': -0.47882383866736333, 'action': 'remove', 'coordinate': 4}, {'active': [0, 2, 5, 8, 9], 'minimum': -0.04670479952886886, 'action': 'remove', 'coordinate': 5}, {'active': [0, 2, 8, 9], 'minimum': 0.04428811562358434, 'action': 'add', 'coordinate': 1}, {'active': [0, 1, 2, 8, 9], 'minimum': -0.004279696240871544, 'action': 'remove', 'coordinate': 9}, {'active': [0, 1, 2, 8], 'minimum': 0.033645387093431095, 'action': 'add', 'coordinate': 7}, {'active': [0, 1, 2, 7, 8], 'minimum': 0.01104968144045948, 'action': 'accept'}]",True,False,1.5543122344752192e-15,0.00042772140756908443,0.003459299721145183,5,0,0.6724429953801493,True
12,A,clean,"[0.0, 0.0, 0.0, 0.0, 0.0, 0.0, 0.0, 1.0, 0.0, 0.0]",0,0,"[{'active': [7], 'minimum': 1.0, 'action': 'accept'}]",True,False,0.0,0.009864515273023969,0.009864515273023969,1,0,0.0,False
12,A,brightness_dark,"[0.004495143835038573, 0.0, 0.027450334030517887, 0.0, 0.0, 0.0, 0.0, 0.9680545221344445, 0.0, 0.0]",2,2,"[{'active': [7], 'minimum': 1.0, 'action': 'add', 'coordinate': 0}, {'active': [0, 7], 'minimum': 0.0060464194185958775, 'action': 'add', 'coordinate': 2}, {'active': [0, 2, 7], 'minimum': 0.004495143835038573, 'action': 'accept'}]",True,False,8.881784197001252e-16,0.00519678534080397,0.005205834640225508,3,0,0.06389095573111192,True
12,A,contrast_low,"[0.04797405899558943, 0.0, 0.41016451857779934, 0.0, 0.0, 0.0, 0.0, 0.5418614224266136, 0.0, 0.0]",2,2,"[{'active': [7], 'minimum': 1.0, 'action': 'add', 'coordinate': 0}, {'active': [0, 7], 'minimum': 0.06930982858779394, 'action': 'add', 'coordinate': 2}, {'active': [0, 2, 7], 'minimum': 0.04797405899558943, 'action': 'accept'}]",True,False,2.4424906541753444e-15,0.004708063716609386,0.005821151726818782,3,0,0.9162771551467752,True
12,A,gaussian_noise,"[0.017110686434318845, 0.0, 0.0, 0.0, 0.0, 0.0, 0.0, 0.9828893135656811, 0.0, 0.0]",1,1,"[{'active': [7], 'minimum': 1.0, 'action': 'add', 'coordinate': 0}, {'active': [0, 7], 'minimum': 0.017110686434318845, 'action': 'accept'}]",True,False,6.938893903907228e-18,0.007843200566126573,0.007860247681105543,2,0,0.034221372868637745,True
12,A,gaussian_blur,"[0.0, 0.0, 0.0, 0.0, 0.0, 0.0, 0.0, 1.0, 0.0, 0.0]",0,0,"[{'active': [7], 'minimum': 1.0, 'action': 'accept'}]",True,False,0.0,0.009411993126282445,0.009411993126282445,1,0,0.0,False
12,B,clean,"[0.0, 0.0, 0.0, 0.0, 0.0, 0.0, 0.0, 1.0, 0.0, 0.0]",0,0,"[{'active': [7], 'minimum': 1.0, 'action': 'accept'}]",True,False,0.0,0.009864515273023969,0.009864515273023969,1,0,0.0,False
12,B,brightness_dark,"[0.005567183008416243, 0.0, 0.009718524530770267, 0.0, 0.0, 0.0, 0.0, 0.9847142924608132, 0.0, 0.0]",2,2,"[{'active': [7], 'minimum': 1.0, 'action': 'add', 'coordinate': 0}, {'active': [0, 7], 'minimum': 0.0061637417959113094, 'action': 'add', 'coordinate': 2}, {'active': [0, 2, 7], 'minimum': 0.005567183008416243, 'action': 'accept'}]",True,False,2.220446049250313e-16,0.005333602616242586,0.005337146338105689,3,0,0.0305714150783733,True
12,B,contrast_low,"[0.039960864247801875, 0.0, 0.39296999311722125, 0.0, 0.0, 0.0, 0.0, 0.5670691426349777, 0.0, 0.0]",2,2,"[{'active': [7], 'minimum': 1.0, 'action': 'add', 'coordinate': 0}, {'active': [0, 7], 'minimum': 0.05627070962657216, 'action': 'add', 'coordinate': 2}, {'active': [0, 2, 7], 'minimum': 0.039960864247801875, 'action': 'accept'}]",True,False,8.881784197001252e-16,0.005023526371585342,0.005983263007990333,3,0,0.8658617147300455,True
12,B,gaussian_noise,"[0.022584787600438166, 0.0, 0.0, 0.0, 0.0, 0.0, 0.0, 0.9774152123995619, 0.0, 0.0]",1,1,"[{'active': [7], 'minimum': 1.0, 'action': 'add', 'coordinate': 0}, {'active': [0, 7], 'minimum': 0.022584787600438166, 'action': 'accept'}]",True,False,1.474514954580286e-17,0.007800990033773181,0.00783074183636732,2,0,0.045169575200876305,True
12,B,gaussian_blur,"[0.0, 0.0, 0.0, 0.0, 0.0, 0.0, 0.0, 1.0, 0.0, 0.0]",0,0,"[{'active': [7], 'minimum': 1.0, 'action': 'accept'}]",True,False,0.0,0.009572837740775815,0.009572837740775815,1,0,0.0,False
13,A,clean,"[0.0, 0.7619553349885241, 0.0, 0.0, 0.0, 0.21782911527958326, 0.0, 0.020215549731892324, 0.0, 0.0]",3,3,"[{'active': [1, 4, 5, 9], 'minimum': -0.14533350925593447, 'action': 'remove', 'coordinate': 9}, {'active': [1, 4, 5], 'minimum': 0.0013917300465040583, 'action': 'add', 'coordinate': 7}, {'active': [1, 4, 5, 7], 'minimum': -0.01449784131274412, 'action': 'remove', 'coordinate': 4}, {'active': [1, 5, 7], 'minimum': 0.020215549731892324, 'action': 'accept'}]",True,False,3.3306690738754696e-16,0.0002935918645190902,0.011278084239611888,3,0,1.1572016759770742,True
13,A,brightness_dark,"[0.0, 0.7571410968794894, 0.0, 0.0, 0.0, 0.12643318253715918, 0.0, 0.11642572058335077, 0.0, 0.0]",3,3,"[{'active': [1, 4, 5, 9], 'minimum': -0.2903260844702369, 'action': 'remove', 'coordinate': 9}, {'active': [1, 4, 5], 'minimum': 0.02816697438106175, 'action': 'add', 'coordinate': 7}, {'active': [1, 4, 5, 7], 'minimum': -0.03886554477767465, 'action': 'remove', 'coordinate': 4}, {'active': [1, 5, 7], 'minimum': 0.11642572058335077, 'action': 'accept'}]",True,False,6.661338147750939e-16,0.00030303571377086473,0.029177876802459247,3,0,1.4158033184954775,True
13,A,contrast_low,"[0.0, 0.756253055606248, 0.0, 0.0, 0.0, 0.243746944393752, 0.0, 0.0, 0.0, 0.0]",2,2,"[{'active': [1, 4, 5, 9], 'minimum': -0.1326604917318126, 'action': 'remove', 'coordinate': 9}, {'active': [1, 4, 5], 'minimum': -0.10844556492471469, 'action': 'remove', 'coordinate': 4}, {'active': [1, 5], 'minimum': 0.243746944393752, 'action': 'accept'}]",True,False,6.505213034913027e-19,0.00037871901642504125,0.0221223499326734,2,0,1.1708253688133778,True
13,A,gaussian_noise,"[0.0, 0.7311556993700667, 0.0, 0.0, 0.0, 0.2459776710865007, 0.0, 0.02255307569462306, 0.0, 0.00031355384879527826]",2,2,"[{'active': [1, 4, 5, 9], 'minimum': 0.009439682573292973, 'action': 'add', 'coordinate': 7}, {'active': [1, 4, 5, 7, 9], 'minimum': -0.002008135303468439, 'action': 'remove', 'coordinate': 4}, {'active': [1, 5, 7, 9], 'minimum': 0.00031355384879527826, 'action': 'accept'}]",True,False,1.4210854715202004e-14,0.00019503313700069245,0.008221337923535238,4,0,1.284522872610383,True
13,A,gaussian_blur,"[0.0, 0.7673653300181367, 0.0, 0.0, 0.0, 0.2166780652513305, 0.0, 0.015956604730532398, 0.0, 0.0]",3,3,"[{'active': [1, 4, 5, 9], 'minimum': -0.16626503129069103, 'action': 'remove', 'coordinate': 9}, {'active': [1, 4, 5], 'minimum': -0.036694831218913926, 'action': 'remove', 'coordinate': 4}, {'active': [1, 5], 'minimum': 0.2309205825778302, 'action': 'add', 'coordinate': 7}, {'active': [1, 5, 7], 'minimum': 0.015956604730532398, 'action': 'accept'}]",True,False,4.440892098500626e-16,0.0004520263212992623,0.005334564589381172,3,0,1.170990760915489,True
13,B,clean,"[0.0, 0.7619553349885241, 0.0, 0.0, 0.0, 0.21782911527958326, 0.0, 0.020215549731892324, 0.0, 0.0]",3,3,"[{'active': [1, 4, 5, 9], 'minimum': -0.14533350925593447, 'action': 'remove', 'coordinate': 9}, {'active': [1, 4, 5], 'minimum': 0.0013917300465040583, 'action': 'add', 'coordinate': 7}, {'active': [1, 4, 5, 7], 'minimum': -0.01449784131274412, 'action': 'remove', 'coordinate': 4}, {'active': [1, 5, 7], 'minimum': 0.020215549731892324, 'action': 'accept'}]",True,False,3.3306690738754696e-16,0.0002935918645190902,0.011278084239611888,3,0,1.1572016759770742,True
13,B,brightness_dark,"[0.0, 0.758476206901928, 0.0, 0.0, 0.0, 0.12719663576146445, 0.0, 0.11432715733660714, 0.0, 0.0]",3,3,"[{'active': [1, 4, 5, 9], 'minimum': -0.2955219434327465, 'action': 'remove', 'coordinate': 9}, {'active': [1, 4, 5], 'minimum': 0.028156922429966258, 'action': 'add', 'coordinate': 7}, {'active': [1, 4, 5, 7], 'minimum': -0.03890129427452829, 'action': 'remove', 'coordinate': 4}, {'active': [1, 5, 7], 'minimum': 0.11432715733660714, 'action': 'accept'}]",True,False,4.440892098500626e-16,0.00030375887362921894,0.0307238975525193,3,0,1.41814930929928,True
13,B,contrast_low,"[0.0, 0.7480565190408346, 0.0, 0.0, 0.0, 0.2519434809591654, 0.0, 0.0, 0.0, 0.0]",2,2,"[{'active': [1, 4, 5, 9], 'minimum': -0.12422825809130433, 'action': 'remove', 'coordinate': 9}, {'active': [1, 4, 5], 'minimum': -0.0696363057788858, 'action': 'remove', 'coordinate': 4}, {'active': [1, 5], 'minimum': 0.2519434809591654, 'action': 'accept'}]",True,False,4.336808689942018e-19,0.0002768373455649781,0.026891612506079726,2,0,1.2389234424666355,True
13,B,gaussian_noise,"[0.0, 0.7224055073272595, 0.0, 0.0, 0.0014468390166570977, 0.24562563469718457, 0.0, 0.0209652666967024, 0.0, 0.009556752262199097]",1,1,"[{'active': [1, 4, 5, 9], 'minimum': 0.012304316383282887, 'action': 'add', 'coordinate': 7}, {'active': [1, 4, 5, 7, 9], 'minimum': 0.0014468390166570977, 'action': 'accept'}]",True,False,2.6645352591003757e-15,0.00018168288600924203,0.00798454460506371,5,0,1.259448804368778,True
13,B,gaussian_blur,"[0.0, 0.7683875869480294, 0.0, 0.0, 0.0, 0.21660507971217502, 0.0, 0.01500733333979376, 0.0, 0.0]",3,3,"[{'active': [1, 4, 5, 9], 'minimum': -0.1803935821959417, 'action': 'remove', 'coordinate': 9}, {'active': [1, 4, 5], 'minimum': -0.039474091817176316, 'action': 'remove', 'coordinate': 4}, {'active': [1, 5], 'minimum': 0.22998202617716068, 'action': 'add', 'coordinate': 7}, {'active': [1, 5, 7], 'minimum': 0.01500733333979376, 'action': 'accept'}]",True,False,1.7763568394002505e-15,0.0004628844168681207,0.005469331353356407,3,0,1.1616956364046702,True
14,A,clean,"[0.1006310101531751, 0.0, 0.753855846593638, 0.0, 0.0, 0.0, 0.14551314325318665, 0.0, 0.0, 0.0]",0,0,"[{'active': [0, 2, 6], 'minimum': 0.1006310101531751, 'action': 'accept'}]",True,False,2.220446049250313e-16,0.0011707773073508412,0.001436094581006156,3,0,0.20155889996229193,True
14,A,brightness_dark,"[0.11922316429718327, 0.0, 0.6840220027357691, 0.0, 0.0, 0.0, 0.1967548329670481, 0.0, 0.0, 0.0]",2,2,"[{'active': [0, 2, 5, 6, 9], 'minimum': -0.18728387272662603, 'action': 'remove', 'coordinate': 5}, {'active': [0, 2, 6, 9], 'minimum': -0.06642654243692436, 'action': 'remove', 'coordinate': 9}, {'active': [0, 2, 6], 'minimum': 0.11922316429718327, 'action': 'accept'}]",True,False,4.440892098500626e-16,0.0005932568731052446,0.002166008044534885,3,0,0.3707448558017966,True
14,A,contrast_low,"[0.04174914941242536, 0.0, 0.856726294130616, 0.0, 0.0, 0.0, 0.10152455645695824, 0.0, 0.0, 0.0]",1,1,"[{'active': [0, 2, 4, 6], 'minimum': -1.1829622757158722, 'action': 'remove', 'coordinate': 4}, {'active': [0, 2, 6], 'minimum': 0.04174914941242536, 'action': 'accept'}]",True,False,4.440892098500626e-16,0.0005825536323483216,0.001649234914445941,3,0,0.5018402424053228,True
14,A,gaussian_noise,"[0.07148957132052014, 0.0, 0.8487797223882105, 0.0, 0.0, 0.0, 0.07973070629127044, 0.0, 0.0, 0.0]",3,3,"[{'active': [2, 6], 'minimum': 0.05791839021845535, 'action': 'add', 'coordinate': 8}, {'active': [2, 6, 8], 'minimum': 0.03964359598256678, 'action': 'add', 'coordinate': 0}, {'active': [0, 2, 6, 8], 'minimum': -0.10434326865030524, 'action': 'remove', 'coordinate': 8}, {'active': [0, 2, 6], 'minimum': 0.07148957132052014, 'action': 'accept'}]",True,False,1.1102230246251565e-15,0.0018179643428944416,0.0021641715451547745,3,0,0.2398625432793899,True
14,A,gaussian_blur,"[0.0768995795498939, 0.0, 0.845216046743853, 0.0, 0.0, 0.0, 0.07788437370625267, 0.0, 0.0, 0.0]",0,0,"[{'active': [0, 2, 6], 'minimum': 0.0768995795498939, 'action': 'accept'}]",True,False,4.440892098500626e-16,0.0008857171263951833,0.001152274473165541,3,0,0.09626639857207919,True
14,B,clean,"[0.1006310101531751, 0.0, 0.753855846593638, 0.0, 0.0, 0.0, 0.14551314325318665, 0.0, 0.0, 0.0]",0,0,"[{'active': [0, 2, 6], 'minimum': 0.1006310101531751, 'action': 'accept'}]",True,False,2.220446049250313e-16,0.0011707773073508412,0.001436094581006156,3,0,0.20155889996229193,True
14,B,brightness_dark,"[0.11727143386185013, 0.0, 0.6876537103099034, 0.0, 0.0, 0.0, 0.19507485582824624, 0.0, 0.0, 0.0]",2,2,"[{'active': [0, 2, 5, 6, 9], 'minimum': -0.18885259148993302, 'action': 'remove', 'coordinate': 5}, {'active': [0, 2, 6, 9], 'minimum': -0.06994876734275468, 'action': 'remove', 'coordinate': 9}, {'active': [0, 2, 6], 'minimum': 0.11727143386185013, 'action': 'accept'}]",True,False,2.220446049250313e-16,0.0006376683124386932,0.0022511313905613436,3,0,0.38722797205185944,True
14,B,contrast_low,"[0.021128715123837516, 0.0, 0.8499851485275762, 0.0, 0.0, 0.0, 0.12888613634858714, 0.0, 0.0, 0.0]",1,1,"[{'active': [0, 2, 4, 6], 'minimum': -1.0145793843134978, 'action': 'remove', 'coordinate': 4}, {'active': [0, 2, 6], 'minimum': 0.021128715123837516, 'action': 'accept'}]",True,False,8.881784197001252e-16,0.0005090583240584646,0.002849144022594471,3,0,0.8180542872027197,True
14,B,gaussian_noise,"[0.06792132916238747, 0.0, 0.8515375944986348, 0.0, 0.0, 0.0, 0.08054107633897756, 0.0, 0.0, 0.0]",3,3,"[{'active': [2, 6], 'minimum': 0.058504508147792775, 'action': 'add', 'coordinate': 8}, {'active': [2, 6, 8], 'minimum': 0.03728591284223337, 'action': 'add', 'coordinate': 0}, {'active': [0, 2, 6, 8], 'minimum': -0.10883580963906281, 'action': 'remove', 'coordinate': 8}, {'active': [0, 2, 6], 'minimum': 0.06792132916238747, 'action': 'accept'}]",True,False,2.220446049250313e-16,0.0018141076332922213,0.002145611747982385,3,0,0.24662401412468787,True
14,B,gaussian_blur,"[0.07624518073509212, 0.0, 0.8460047363406371, 0.0, 0.0, 0.0, 0.07775008292427099, 0.0, 0.0, 0.0]",0,0,"[{'active': [0, 2, 6], 'minimum': 0.07624518073509212, 'action': 'accept'}]",True,False,2.220446049250313e-16,0.0008850688559378668,0.001238016682895839,3,0,0.10165268485755724,True
15,A,clean,"[0.0, 0.0, 0.41526075336531676, 0.0, 0.08844113404632026, 0.0, 0.4962981125883559, 0.0, 0.0, 0.0]",2,2,"[{'active': [4], 'minimum': 1.0, 'action': 'add', 'coordinate': 6}, {'active': [4, 6], 'minimum': 0.44203722966060266, 'action': 'add', 'coordinate': 2}, {'active': [2, 4, 6], 'minimum': 0.08844113404632026, 'action': 'accept'}]",True,False,7.105427357601002e-15,0.0012289517626134579,0.01057763176288618,3,0,1.8231177319073524,True
15,A,brightness_dark,"[0.0, 0.0, 0.5700000911790823, 0.0, 0.0908438526252553, 0.0, 0.3391560561956535, 0.0, 0.0, 0.0]",2,2,"[{'active': [4], 'minimum': 1.0, 'action': 'add', 'coordinate': 6}, {'active': [4, 6], 'minimum': 0.2835324508176315, 'action': 'add', 'coordinate': 2}, {'active': [2, 4, 6], 'minimum': 0.0908438526252553, 'action': 'accept'}]",True,False,8.881784197001252e-15,0.0010108306126460395,0.004613016428590815,3,0,1.8183122947494805,True
15,A,contrast_low,"[0.0, 0.0, 0.4296231067795332, 0.0, 0.0, 0.0, 0.5703768932204668, 0.0, 0.0, 0.0]",3,3,"[{'active': [4], 'minimum': 1.0, 'action': 'add', 'coordinate': 6}, {'active': [4, 6], 'minimum': 0.46782086634230335, 'action': 'add', 'coordinate': 2}, {'active': [2, 4, 6], 'minimum': -0.9065500325849882, 'action': 'remove', 'coordinate': 4}, {'active': [2, 6], 'minimum': 0.4296231067795332, 'action': 'accept'}]",True,False,8.673617379884035e-18,0.0034525155704020712,0.010770270940279802,2,0,2.0,True
15,A,gaussian_noise,"[0.0, 0.0, 0.5135745685617223, 0.0, 0.025497746641562458, 0.0, 0.4609276847966868, 0.0, 0.0, 0.0]",2,2,"[{'active': [4], 'minimum': 1.0, 'action': 'add', 'coordinate': 6}, {'active': [4, 6], 'minimum': 0.3883552044887865, 'action': 'add', 'coordinate': 2}, {'active': [2, 4, 6], 'minimum': 0.025497746641562458, 'action': 'accept'}]",True,False,2.842170943040401e-14,0.0014663970883037778,0.0077008744759351775,3,0,1.9490045067168467,True
15,A,gaussian_blur,"[0.0, 0.0, 0.49055240148188406, 0.0, 0.0, 0.0, 0.509447598518116, 0.0, 0.0, 0.0]",2,2,"[{'active': [4, 6], 'minimum': 0.45388461418204323, 'action': 'add', 'coordinate': 2}, {'active': [2, 4, 6], 'minimum': -0.28735712132180424, 'action': 'remove', 'coordinate': 4}, {'active': [2, 6], 'minimum': 0.49055240148188406, 'action': 'accept'}]",True,False,1.5612511283791264e-17,0.001297786208924499,0.00883419202312552,2,0,1.957975960183788,True
15,B,clean,"[0.0, 0.0, 0.41526075336531676, 0.0, 0.08844113404632026, 0.0, 0.4962981125883559, 0.0, 0.0, 0.0]",2,2,"[{'active': [4], 'minimum': 1.0, 'action': 'add', 'coordinate': 6}, {'active': [4, 6], 'minimum': 0.44203722966060266, 'action': 'add', 'coordinate': 2}, {'active': [2, 4, 6], 'minimum': 0.08844113404632026, 'action': 'accept'}]",True,False,7.105427357601002e-15,0.0012289517626134579,0.01057763176288618,3,0,1.8231177319073524,True
15,B,brightness_dark,"[0.0, 0.0, 0.5715505409503123, 0.0, 0.089814261697299, 0.0, 0.3386351973523656, 0.0, 0.0, 0.0]",2,2,"[{'active': [4], 'minimum': 1.0, 'action': 'add', 'coordinate': 6}, {'active': [4, 6], 'minimum': 0.283284343987526, 'action': 'add', 'coordinate': 2}, {'active': [2, 4, 6], 'minimum': 0.089814261697299, 'action': 'accept'}]",True,False,2.3092638912203256e-14,0.0009979166210486163,0.004638629711878989,3,0,1.820371476605379,True
15,B,contrast_low,"[0.0, 0.0, 0.4364757392140657, 0.0, 0.0, 0.0, 0.5635242607859343, 0.0, 0.0, 0.0]",3,3,"[{'active': [4], 'minimum': 1.0, 'action': 'add', 'coordinate': 6}, {'active': [4, 6], 'minimum': 0.4663341533292631, 'action': 'add', 'coordinate': 2}, {'active': [2, 4, 6], 'minimum': -1.1230173129836203, 'action': 'remove', 'coordinate': 4}, {'active': [2, 6], 'minimum': 0.4364757392140657, 'action': 'accept'}]",True,False,8.673617379884035e-18,0.0037314564631711756,0.011206845853114879,2,0,2.0,True
15,B,gaussian_noise,"[0.0, 0.0, 0.5215420614487781, 0.0, 0.0, 0.0, 0.4784579385512219, 0.0, 0.0, 0.0]",3,3,"[{'active': [4], 'minimum': 1.0, 'action': 'add', 'coordinate': 6}, {'active': [4, 6], 'minimum': 0.40240941999017793, 'action': 'add', 'coordinate': 2}, {'active': [2, 4, 6], 'minimum': -0.01231613763386008, 'action': 'remove', 'coordinate': 4}, {'active': [2, 6], 'minimum': 0.4784579385512219, 'action': 'accept'}]",True,False,3.0357660829594124e-17,0.001392677480657803,0.007978187548906725,2,0,2.0,True
15,B,gaussian_blur,"[0.0, 0.0, 0.48912424839817137, 0.0, 0.0, 0.0, 0.5108757516018287, 0.0, 0.0, 0.0]",2,2,"[{'active': [4, 6], 'minimum': 0.4556204769168222, 'action': 'add', 'coordinate': 2}, {'active': [2, 4, 6], 'minimum': -0.30282610540648136, 'action': 'remove', 'coordinate': 4}, {'active': [2, 6], 'minimum': 0.48912424839817137, 'action': 'accept'}]",True,False,8.673617379884035e-18,0.001316992753683384,0.008979505205622842,2,0,1.960076294361945,True
16,A,clean,"[0.21073634012781106, 0.369189412334028, 0.0, 0.0, 0.0, 0.0, 0.04442239258923808, 0.01159125104160541, 0.3640606039073191, 0.0]",2,2,"[{'active': [0, 1, 4, 7, 8], 'minimum': 0.03246500397067131, 'action': 'add', 'coordinate': 6}, {'active': [0, 1, 4, 6, 7, 8], 'minimum': -0.12301256030370933, 'action': 'remove', 'coordinate': 4}, {'active': [0, 1, 6, 7, 8], 'minimum': 0.01159125104160541, 'action': 'accept'}]",True,False,1.7763568394002505e-15,0.0003173242447830412,0.00436266134434079,5,0,0.5451823255266881,True
16,A,brightness_dark,"[0.31541141790813754, 0.38662026954301343, 0.0, 0.0, 0.0, 0.0, 0.046926395581239955, 0.010337102081231286, 0.24070481488637796, 0.0]",2,2,"[{'active': [0, 1, 4, 7, 8], 'minimum': -0.02625142204161013, 'action': 'remove', 'coordinate': 4}, {'active': [0, 1, 7, 8], 'minimum': 0.06731898754976162, 'action': 'add', 'coordinate': 6}, {'active': [0, 1, 6, 7, 8], 'minimum': 0.010337102081231286, 'action': 'accept'}]",True,False,2.220446049250313e-16,0.0002560061611097741,0.006114972837557711,5,0,0.5990120754490957,True
16,A,contrast_low,"[0.0, 0.4052966059742106, 0.0, 0.0, 0.0, 0.0, 0.13612982077051883, 0.0, 0.45857357325527004, 0.0]",2,2,"[{'active': [1, 4, 6, 7, 8], 'minimum': -0.06820788618211093, 'action': 'remove', 'coordinate': 4}, {'active': [1, 6, 7, 8], 'minimum': -0.07383925906967481, 'action': 'remove', 'coordinate': 7}, {'active': [1, 6, 8], 'minimum': 0.13612982077051883, 'action': 'accept'}]",True,False,5.551115123125783e-16,0.00034075170292473386,0.0060922013292048546,3,0,0.6848290807009646,True
16,A,gaussian_noise,"[0.19392215987957506, 0.38589076959649216, 0.0, 0.0, 0.0, 0.0, 0.0294038677037865, 0.0664134230641551, 0.3243697797559957, 0.0]",2,2,"[{'active': [0, 1, 4, 7, 8], 'minimum': 0.039599898649734566, 'action': 'add', 'coordinate': 6}, {'active': [0, 1, 4, 6, 7, 8], 'minimum': -0.07337516390768073, 'action': 'remove', 'coordinate': 4}, {'active': [0, 1, 6, 7, 8], 'minimum': 0.0294038677037865, 'action': 'accept'}]",True,False,4.440892098500626e-15,0.0003550229446224807,0.003868410192057105,5,0,0.613978252973205,True
16,A,gaussian_blur,"[0.1963643724626678, 0.40902242324598337, 0.0, 0.0, 0.0, 0.0, 0.030975232967414335, 0.015800644763984018, 0.34783732655994903, 0.0]",2,2,"[{'active': [0, 1, 4, 7, 8], 'minimum': 0.0004150673124101445, 'action': 'add', 'coordinate': 6}, {'active': [0, 1, 4, 6, 7, 8], 'minimum': -0.03405816810931306, 'action': 'remove', 'coordinate': 4}, {'active': [0, 1, 6, 7, 8], 'minimum': 0.015800644763984018, 'action': 'accept'}]",True,False,1.4432899320127035e-15,0.0003005544022220459,0.0026730358839650763,5,0,0.4708942179519681,True
16,B,clean,"[0.21073634012781106, 0.369189412334028, 0.0, 0.0, 0.0, 0.0, 0.04442239258923808, 0.01159125104160541, 0.3640606039073191, 0.0]",2,2,"[{'active': [0, 1, 4, 7, 8], 'minimum': 0.03246500397067131, 'action': 'add', 'coordinate': 6}, {'active': [0, 1, 4, 6, 7, 8], 'minimum': -0.12301256030370933, 'action': 'remove', 'coordinate': 4}, {'active': [0, 1, 6, 7, 8], 'minimum': 0.01159125104160541, 'action': 'accept'}]",True,False,1.7763568394002505e-15,0.0003173242447830412,0.00436266134434079,5,0,0.5451823255266881,True
16,B,brightness_dark,"[0.3099437050832172, 0.38747999437432945, 0.0, 0.0, 0.0, 0.0, 0.047885540849163966, 0.010181141569031382, 0.24450961812425476, 0.0]",2,2,"[{'active': [0, 1, 4, 7, 8], 'minimum': -0.024033110300028193, 'action': 'remove', 'coordinate': 4}, {'active': [0, 1, 7, 8], 'minimum': 0.06765629543668106, 'action': 'add', 'coordinate': 6}, {'active': [0, 1, 6, 7, 8], 'minimum': 0.010181141569031382, 'action': 'accept'}]",True,False,3.219646771412954e-15,0.0002743293560069951,0.006020926793633901,5,0,0.5952523139528745,True
16,B,contrast_low,"[0.0, 0.4008452697192921, 0.0, 0.0, 0.0, 0.0, 0.13865713982954764, 0.0, 0.4604975904511607, 0.0]",2,2,"[{'active': [1, 4, 6, 7, 8], 'minimum': -0.09112894928157722, 'action': 'remove', 'coordinate': 4}, {'active': [1, 6, 7, 8], 'minimum': -0.05591097532764833, 'action': 'remove', 'coordinate': 7}, {'active': [1, 6, 8], 'minimum': 0.13865713982954764, 'action': 'accept'}]",True,False,4.440892098500626e-16,0.00034218022606689153,0.008613116156931756,3,0,0.7726281292457506,True
16,B,gaussian_noise,"[0.1934923434301048, 0.38944901755877925, 0.0, 0.0, 0.0, 0.0, 0.030835281450232177, 0.06475656332508617, 0.3214667942357998, 0.0]",2,2,"[{'active': [0, 1, 4, 7, 8], 'minimum': 0.04458919212361012, 'action': 'add', 'coordinate': 6}, {'active': [0, 1, 4, 6, 7, 8], 'minimum': -0.07890763872987527, 'action': 'remove', 'coordinate': 4}, {'active': [0, 1, 6, 7, 8], 'minimum': 0.030835281450232177, 'action': 'accept'}]",True,False,2.220446049250313e-15,0.0003567353810448153,0.00399864940066912,5,0,0.6222911198948842,True
16,B,gaussian_blur,"[0.20018662301154677, 0.40864585371722706, 0.0, 0.0, 0.0, 0.0, 0.0285631685588697, 0.01824311028821146, 0.34436124442415306, 0.0]",2,2,"[{'active': [0, 1, 4, 7, 8], 'minimum': 0.006516220346863388, 'action': 'add', 'coordinate': 6}, {'active': [0, 1, 4, 6, 7, 8], 'minimum': -0.0389190124847727, 'action': 'remove', 'coordinate': 4}, {'active': [0, 1, 6, 7, 8], 'minimum': 0.01824311028821146, 'action': 'accept'}]",True,False,7.993605777301127e-15,0.00029452502231405535,0.0026228247303346137,5,0,0.46054266090866275,True
17,A,clean,"[0.16817965509876487, 0.31441599552414345, 0.06357636611165862, 0.0, 0.0, 0.01030663844338875, 0.00930549713277884, 0.0, 0.2047730055710275, 0.22944284211826016]",0,0,"[{'active': [0, 1, 2, 5, 6, 8, 9], 'minimum': 0.00930549713277884, 'action': 'accept'}]",True,False,2.220446049250313e-14,1.0928433446466227e-05,0.0007195547002155248,7,0,0.2850048059557979,True
17,A,brightness_dark,"[0.09684538422233402, 0.27261979415993665, 0.06896050894101435, 0.0, 0.0, 0.020031412135523397, 0.0, 0.0, 0.32817553050423953, 0.21336737003684902]",2,2,"[{'active': [0, 1, 2, 3, 8, 9], 'minimum': 0.011066970797273257, 'action': 'add', 'coordinate': 5}, {'active': [0, 1, 2, 3, 5, 8, 9], 'minimum': -0.04415134207573601, 'action': 'remove', 'coordinate': 3}, {'active': [0, 1, 2, 5, 8, 9], 'minimum': 0.020031412135523397, 'action': 'accept'}]",True,False,1.0302869668521453e-13,1.5336103434579607e-05,0.0044199082036030825,6,0,0.4940087445776682,True
17,A,contrast_low,"[0.20722061992150143, 0.6552680907755142, 0.025298890990366696, 0.0, 0.0, 0.0, 0.0, 0.0, 0.11221239831262375, 0.0]",0,0,"[{'active': [0, 1, 2, 8], 'minimum': 0.025298890990366696, 'action': 'accept'}]",True,False,5.995204332975845e-15,0.00019383612087068737,0.010269418928401702,4,0,0.7112786184293549,True
17,A,gaussian_noise,"[0.12370963412528724, 0.2733763080485119, 0.10180290626124133, 0.0, 0.0, 0.0, 0.00686899634342053, 0.0, 0.22049762458324196, 0.27374453063831083]",1,1,"[{'active': [0, 1, 2, 5, 6, 8, 9], 'minimum': -0.002518536456037168, 'action': 'remove', 'coordinate': 5}, {'active': [0, 1, 2, 6, 8, 9], 'minimum': 0.00686899634342053, 'action': 'accept'}]",True,False,1.3766765505351941e-14,1.242212384062756e-05,0.0022956708939274,6,0,0.4014063987961842,True
17,A,gaussian_blur,"[0.13394980367047182, 0.4197348257758051, 0.06300725038914923, 0.0, 0.0, 0.0320996136657854, 0.0, 0.0, 0.20248010466357869, 0.1487284018352284]",2,2,"[{'active': [0, 1, 2, 3, 8, 9], 'minimum': 0.02165973976599389, 'action': 'add', 'coordinate': 5}, {'active': [0, 1, 2, 3, 5, 8, 9], 'minimum': -0.01885265132334979, 'action': 'remove', 'coordinate': 3}, {'active': [0, 1, 2, 5, 8, 9], 'minimum': 0.0320996136657854, 'action': 'accept'}]",True,False,1.865174681370263e-14,2.7482072651506385e-05,0.0017410453578155713,6,0,0.46479861140673795,True
17,B,clean,"[0.16817965509876487, 0.31441599552414345, 0.06357636611165862, 0.0, 0.0, 0.01030663844338875, 0.00930549713277884, 0.0, 0.2047730055710275, 0.22944284211826016]",0,0,"[{'active': [0, 1, 2, 5, 6, 8, 9], 'minimum': 0.00930549713277884, 'action': 'accept'}]",True,False,2.220446049250313e-14,1.0928433446466227e-05,0.0007195547002155248,7,0,0.2850048059557979,True
17,B,brightness_dark,"[0.09796622298012636, 0.2748929227180952, 0.07199208466803952, 0.0, 0.0, 0.018021744685057683, 0.0, 0.0, 0.3259861005053182, 0.2111409244432707]",2,2,"[{'active': [0, 1, 2, 3, 8, 9], 'minimum': 0.010425665915974491, 'action': 'add', 'coordinate': 5}, {'active': [0, 1, 2, 3, 5, 8, 9], 'minimum': -0.03724451197417977, 'action': 'remove', 'coordinate': 3}, {'active': [0, 1, 2, 5, 8, 9], 'minimum': 0.018021744685057683, 'action': 'accept'}]",True,False,9.237055564881302e-14,1.631766205995658e-05,0.004947449609915893,6,0,0.49184081908939037,True
17,B,contrast_low,"[0.21783265218706438, 0.6387946729940484, 0.015486910835256107, 0.0, 0.0, 0.0, 0.0, 0.0, 0.12788576398363993, 0.0]",1,1,"[{'active': [1, 2, 8], 'minimum': 0.06333354294330196, 'action': 'add', 'coordinate': 0}, {'active': [0, 1, 2, 8], 'minimum': 0.015486910835256107, 'action': 'accept'}]",True,False,8.881784197001252e-15,0.0001769612517041988,0.010383431943373241,4,0,0.7185192394508323,True
17,B,gaussian_noise,"[0.12269140996901662, 0.275259625551314, 0.10244249523914917, 0.0, 0.0, 0.0, 0.00641120459446487, 0.0, 0.22022754372594378, 0.2729677209202066]",1,1,"[{'active': [0, 1, 2, 5, 6, 8, 9], 'minimum': -0.0026129932808913736, 'action': 'remove', 'coordinate': 5}, {'active': [0, 1, 2, 6, 8, 9], 'minimum': 0.00641120459446487, 'action': 'accept'}]",True,False,9.50350909079134e-14,1.2392605989649181e-05,0.0023682886898957894,6,0,0.4125131198145867,True
17,B,gaussian_blur,"[0.1344918828913393, 0.43284855736874306, 0.06205948796531757, 0.0, 0.0, 0.032521574995669766, 0.0, 0.0, 0.20188151178416902, 0.13619698499468313]",2,2,"[{'active': [0, 1, 2, 3, 8, 9], 'minimum': 0.0231383139041057, 'action': 'add', 'coordinate': 5}, {'active': [0, 1, 2, 3, 5, 8, 9], 'minimum': -0.014632449222954591, 'action': 'remove', 'coordinate': 3}, {'active': [0, 1, 2, 5, 8, 9], 'minimum': 0.032521574995669766, 'action': 'accept'}]",True,False,7.815970093361102e-14,2.5732785378044663e-05,0.0016341481587258786,6,0,0.4649606481109416,True
18,A,clean,"[0.7177507454433127, 0.0, 0.0, 0.0, 0.0, 0.0, 0.25668802740421093, 0.0, 0.02556122715247544, 0.0]",3,3,"[{'active': [0, 5, 6, 9], 'minimum': -0.12116515556964988, 'action': 'remove', 'coordinate': 9}, {'active': [0, 5, 6], 'minimum': -0.07598709433729223, 'action': 'remove', 'coordinate': 5}, {'active': [0, 6], 'minimum': 0.25323898284903906, 'action': 'add', 'coordinate': 8}, {'active': [0, 6, 8], 'minimum': 0.02556122715247544, 'action': 'accept'}]",True,False,8.881784197001252e-16,0.001007150333368341,0.0011174200047893044,3,0,0.05112245430495169,True
18,A,brightness_dark,"[0.7379807686725296, 0.0, 0.024489794991619185, 0.0, 0.0, 0.0, 0.2375294363358511, 0.0, 0.0, 0.0]",0,0,"[{'active': [0, 2, 6], 'minimum': 0.024489794991619185, 'action': 'accept'}]",True,False,1.1102230246251565e-16,0.0010622700125854547,0.0018969310070793433,3,0,0.1802846150788649,True
18,A,contrast_low,"[0.598394150227489, 0.0, 0.15618247451186562, 0.0, 0.0, 0.0, 0.24542337526064495, 0.0, 0.0, 0.0]",1,1,"[{'active': [0, 6], 'minimum': 0.34526220434780514, 'action': 'add', 'coordinate': 2}, {'active': [0, 2, 6], 'minimum': 0.15618247451186562, 'action': 'accept'}]",True,False,4.440892098500626e-16,0.0024637242099215277,0.0029989086429830056,3,0,0.3123649490237317,True
18,A,gaussian_noise,"[0.7529022289130081, 0.0, 0.0, 0.0, 0.0, 0.0, 0.23301247358288457, 0.0, 0.014085297504108474, 0.0]",3,3,"[{'active': [0, 4, 6, 9], 'minimum': -0.13609251252798418, 'action': 'remove', 'coordinate': 9}, {'active': [0, 4, 6], 'minimum': -0.07605781387605326, 'action': 'remove', 'coordinate': 4}, {'active': [0, 6], 'minimum': 0.2308501562908869, 'action': 'add', 'coordinate': 8}, {'active': [0, 6, 8], 'minimum': 0.014085297504108474, 'action': 'accept'}]",True,False,1.1102230246251565e-15,0.0008570646200346195,0.0018350758124034386,3,0,0.17759528447076878,True
18,A,gaussian_blur,"[0.6479517190289201, 0.0, 0.04300856929488939, 0.0, 0.0, 0.0, 0.2509629036663643, 0.0, 0.05807680800983098, 0.0]",3,3,"[{'active': [0, 4, 6, 8, 9], 'minimum': -0.2111157809991142, 'action': 'remove', 'coordinate': 9}, {'active': [0, 4, 6, 8], 'minimum': -0.017388995999136236, 'action': 'remove', 'coordinate': 4}, {'active': [0, 6, 8], 'minimum': 0.025176367340662642, 'action': 'add', 'coordinate': 2}, {'active': [0, 2, 6, 8], 'minimum': 0.04300856929488939, 'action': 'accept'}]",True,False,4.884981308350689e-15,0.0016189199815747944,0.003038315853411081,4,0,0.24410029296926236,True
18,B,clean,"[0.7177507454433127, 0.0, 0.0, 0.0, 0.0, 0.0, 0.25668802740421093, 0.0, 0.02556122715247544, 0.0]",3,3,"[{'active': [0, 5, 6, 9], 'minimum': -0.12116515556964988, 'action': 'remove', 'coordinate': 9}, {'active': [0, 5, 6], 'minimum': -0.07598709433729223, 'action': 'remove', 'coordinate': 5}, {'active': [0, 6], 'minimum': 0.25323898284903906, 'action': 'add', 'coordinate': 8}, {'active': [0, 6, 8], 'minimum': 0.02556122715247544, 'action': 'accept'}]",True,False,8.881784197001252e-16,0.001007150333368341,0.0011174200047893044,3,0,0.05112245430495169,True
18,B,brightness_dark,"[0.7406780968137546, 0.0, 0.021843728288045483, 0.0, 0.0, 0.0, 0.23747817489819956, 0.0, 0.0, 0.0]",0,0,"[{'active': [0, 2, 6], 'minimum': 0.021843728288045483, 'action': 'accept'}]",True,False,3.3306690738754696e-16,0.0010746604719082964,0.0018411766932823622,3,0,0.18330497604282575,True
18,B,contrast_low,"[0.5806204329011344, 0.0, 0.16525691313964153, 0.0, 0.0, 0.0, 0.25412265395922473, 0.0, 0.0, 0.0]",1,1,"[{'active': [0, 6], 'minimum': 0.360191973061439, 'action': 'add', 'coordinate': 2}, {'active': [0, 2, 6], 'minimum': 0.16525691313964153, 'action': 'accept'}]",True,False,6.661338147750939e-16,0.0026741134321510633,0.003447869811740055,3,0,0.3305138262792825,True
18,B,gaussian_noise,"[0.7450853494981684, 0.0, 0.0, 0.0, 0.0, 0.0, 0.23377813868987452, 0.0, 0.021136511811956415, 0.0]",3,3,"[{'active': [0, 4, 6, 9], 'minimum': -0.13592588173892606, 'action': 'remove', 'coordinate': 9}, {'active': [0, 4, 6], 'minimum': -0.08065554244698259, 'action': 'remove', 'coordinate': 4}, {'active': [0, 6], 'minimum': 0.2305338466916384, 'action': 'add', 'coordinate': 8}, {'active': [0, 6, 8], 'minimum': 0.021136511811956415, 'action': 'accept'}]",True,False,6.661338147750939e-16,0.0008404780101802971,0.001792869688715442,3,0,0.19410048858526674,True
18,B,gaussian_blur,"[0.6414682165858125, 0.0, 0.0433801243590885, 0.0, 0.0, 0.0, 0.2543695447995251, 0.0, 0.06078211425557831, 0.0]",3,3,"[{'active': [0, 4, 6, 8, 9], 'minimum': -0.21262482349718548, 'action': 'remove', 'coordinate': 9}, {'active': [0, 4, 6, 8], 'minimum': -0.020318083316206104, 'action': 'remove', 'coordinate': 4}, {'active': [0, 6, 8], 'minimum': 0.027403566217630848, 'action': 'add', 'coordinate': 2}, {'active': [0, 2, 6, 8], 'minimum': 0.0433801243590885, 'action': 'accept'}]",True,False,4.440892098500626e-15,0.0017012857871651645,0.0032064695869907255,4,0,0.23348579415500817,True
19,A,clean,"[0.13706309141537432, 0.10391084556216934, 0.6505933610742964, 0.0, 0.0, 0.005830875139603009, 0.0, 0.04791260621657578, 0.05468922059198178, 0.0]",5,5,"[{'active': [1, 2, 3, 4, 8], 'minimum': -0.8730595629035394, 'action': 'remove', 'coordinate': 4}, {'active': [1, 2, 3, 8], 'minimum': -0.11120250230994455, 'action': 'remove', 'coordinate': 3}, {'active': [1, 2, 8], 'minimum': 0.11197513516513073, 'action': 'add', 'coordinate': 0}, {'active': [0, 1, 2, 8], 'minimum': 0.05633215416824422, 'action': 'add', 'coordinate': 7}, {'active': [0, 1, 2, 7, 8], 'minimum': 0.053009730356575524, 'action': 'add', 'coordinate': 5}, {'active': [0, 1, 2, 5, 7, 8], 'minimum': 0.005830875139603009, 'action': 'accept'}]",True,False,6.661338147750939e-16,0.0013739560898460607,0.00704325857401376,6,0,0.9402202494828159,True
19,A,brightness_dark,"[0.013981299070173758, 0.0018017661901879034, 0.7640008891569328, 0.0, 0.0, 0.0, 0.0, 0.0, 0.22021604558270474, 0.0]",4,4,"[{'active': [2, 3], 'minimum': -0.17054674233133338, 'action': 'remove', 'coordinate': 3}, {'active': [2], 'minimum': 1.0, 'action': 'add', 'coordinate': 8}, {'active': [2, 8], 'minimum': 0.23235692993101714, 'action': 'add', 'coordinate': 0}, {'active': [0, 2, 8], 'minimum': 0.011370000584769002, 'action': 'add', 'coordinate': 1}, {'active': [0, 1, 2, 8], 'minimum': 0.0018017661901879034, 'action': 'accept'}]",True,False,8.881784197001252e-16,0.0009743183337893148,0.010582638188390076,4,0,0.7274478533223354,True
19,A,contrast_low,"[0.19392940838183748, 0.1358321877315387, 0.5853404777165943, 0.0, 0.0, 0.07344115751413627, 0.0, 0.0, 0.011456768655900618, 0.0]",4,4,"[{'active': [1, 2, 3], 'minimum': -0.23897016553944717, 'action': 'remove', 'coordinate': 3}, {'active': [1, 2], 'minimum': 0.2568231274342137, 'action': 'add', 'coordinate': 8}, {'active': [1, 2, 8], 'minimum': 0.14895534391117848, 'action': 'add', 'coordinate': 0}, {'active': [0, 1, 2, 8], 'minimum': 0.006773842720315892, 'action': 'add', 'coordinate': 5}, {'active': [0, 1, 2, 5, 8], 'minimum': 0.011456768655900618, 'action': 'accept'}]",True,False,7.327471962526033e-15,0.0017732302957432274,0.007787758262525966,5,0,0.6891260600242725,True
19,A,gaussian_noise,"[0.14828351176714527, 0.12280992354052978, 0.605010577137763, 0.0, 0.0, 0.0, 0.0, 0.06784065560527552, 0.056055331949288245, 0.0]",5,5,"[{'active': [1, 2, 3, 4], 'minimum': -1.3087698454544352, 'action': 'remove', 'coordinate': 4}, {'active': [1, 2, 3], 'minimum': -0.21372923455552773, 'action': 'remove', 'coordinate': 3}, {'active': [1, 2], 'minimum': 0.24374474481887837, 'action': 'add', 'coordinate': 8}, {'active': [1, 2, 8], 'minimum': 0.13402168148004348, 'action': 'add', 'coordinate': 0}, {'active': [0, 1, 2, 8], 'minimum': 0.0568316605447593, 'action': 'add', 'coordinate': 7}, {'active': [0, 1, 2, 7, 8], 'minimum': 0.056055331949288245, 'action': 'accept'}]",True,False,1.7763568394002505e-15,0.0015318748202840552,0.007517503606778916,5,0,0.974506358786166,True
19,A,gaussian_blur,"[0.142533528651418, 0.12923458212182237, 0.5428036268764722, 0.0, 0.0, 0.0, 0.0, 0.13907319417812136, 0.046355068172166725, 0.0]",4,4,"[{'active': [1, 2, 3, 4, 8], 'minimum': -0.9879689392842224, 'action': 'remove', 'coordinate': 4}, {'active': [1, 2, 3, 8], 'minimum': -0.09248509198354316, 'action': 'remove', 'coordinate': 3}, {'active': [1, 2, 8], 'minimum': 0.14106013509507287, 'action': 'add', 'coordinate': 7}, {'active': [1, 2, 7, 8], 'minimum': 0.1289082410128895, 'action': 'add', 'coordinate': 0}, {'active': [0, 1, 2, 7, 8], 'minimum': 0.046355068172166725, 'action': 'accept'}]",True,False,6.661338147750939e-16,0.0012665160043728052,0.006028332746344845,5,0,0.9062918328345825,True
19,B,clean,"[0.13706309141537432, 0.10391084556216934, 0.6505933610742964, 0.0, 0.0, 0.005830875139603009, 0.0, 0.04791260621657578, 0.05468922059198178, 0.0]",5,5,"[{'active': [1, 2, 3, 4, 8], 'minimum': -0.8730595629035394, 'action': 'remove', 'coordinate': 4}, {'active': [1, 2, 3, 8], 'minimum': -0.11120250230994455, 'action': 'remove', 'coordinate': 3}, {'active': [1, 2, 8], 'minimum': 0.11197513516513073, 'action': 'add', 'coordinate': 0}, {'active': [0, 1, 2, 8], 'minimum': 0.05633215416824422, 'action': 'add', 'coordinate': 7}, {'active': [0, 1, 2, 7, 8], 'minimum': 0.053009730356575524, 'action': 'add', 'coordinate': 5}, {'active': [0, 1, 2, 5, 7, 8], 'minimum': 0.005830875139603009, 'action': 'accept'}]",True,False,6.661338147750939e-16,0.0013739560898460607,0.00704325857401376,6,0,0.9402202494828159,True
19,B,brightness_dark,"[0.011378426879871117, 0.0005143221633656103, 0.7641216670732498, 0.0, 0.0, 0.0, 0.0, 0.0, 0.22398558388351536, 0.0]",4,4,"[{'active': [2, 3], 'minimum': -0.1737504941949053, 'action': 'remove', 'coordinate': 3}, {'active': [2], 'minimum': 1.0, 'action': 'add', 'coordinate': 8}, {'active': [2, 8], 'minimum': 0.23291393320572487, 'action': 'add', 'coordinate': 0}, {'active': [0, 2, 8], 'minimum': 0.010652440429895549, 'action': 'add', 'coordinate': 1}, {'active': [0, 1, 2, 8], 'minimum': 0.0005143221633656103, 'action': 'accept'}]",True,False,1.9984014443252818e-15,0.0010120071079833411,0.010607482261124516,4,0,0.7054725763806359,True
19,B,contrast_low,"[0.2334122310489818, 0.13299618350226805, 0.5987161044942961, 0.0, 0.0, 0.0348754809544527, 0.0, 0.0, 0.0, 0.0]",5,5,"[{'active': [1, 2, 3], 'minimum': -0.30165650060606986, 'action': 'remove', 'coordinate': 3}, {'active': [1, 2], 'minimum': 0.2602581283005021, 'action': 'add', 'coordinate': 8}, {'active': [1, 2, 8], 'minimum': 0.1391592753387214, 'action': 'add', 'coordinate': 0}, {'active': [0, 1, 2, 8], 'minimum': -0.05079102442169969, 'action': 'remove', 'coordinate': 8}, {'active': [0, 1, 2], 'minimum': 0.14103299389954227, 'action': 'add', 'coordinate': 5}, {'active': [0, 1, 2, 5], 'minimum': 0.0348754809544527, 'action': 'accept'}]",True,False,1.3322676295501878e-15,0.001792511806029746,0.010792840500691028,4,0,0.8032500146468877,True
19,B,gaussian_noise,"[0.15705594895033492, 0.12458812544733644, 0.5907129974229648, 0.0, 0.0, 0.0, 0.0, 0.07872528846760884, 0.04891763971175678, 0.0]",5,5,"[{'active': [1, 2, 3, 4], 'minimum': -1.3523819908278032, 'action': 'remove', 'coordinate': 4}, {'active': [1, 2, 3], 'minimum': -0.2095990105936485, 'action': 'remove', 'coordinate': 3}, {'active': [1, 2], 'minimum': 0.24670421208662238, 'action': 'add', 'coordinate': 8}, {'active': [1, 2, 8], 'minimum': 0.13699934462817265, 'action': 'add', 'coordinate': 0}, {'active': [0, 1, 2, 8], 'minimum': 0.05005416185191067, 'action': 'add', 'coordinate': 7}, {'active': [0, 1, 2, 7, 8], 'minimum': 0.04891763971175678, 'action': 'accept'}]",True,False,1.7763568394002505e-15,0.001519523894355434,0.0074432582312513275,5,0,0.9547436092986983,True
19,B,gaussian_blur,"[0.14588446849026093, 0.12200683911791543, 0.5468524416457434, 0.0, 0.0, 0.0, 0.0, 0.13196088470073875, 0.04357122426901583, 0.009724141776331408]",5,5,"[{'active': [1, 2, 3, 4, 8], 'minimum': -1.0070292890416157, 'action': 'remove', 'coordinate': 4}, {'active': [1, 2, 3, 8], 'minimum': -0.09646325135024536, 'action': 'remove', 'coordinate': 3}, {'active': [1, 2, 8], 'minimum': 0.14261404049879983, 'action': 'add', 'coordinate': 7}, {'active': [1, 2, 7, 8], 'minimum': 0.12852177691950512, 'action': 'add', 'coordinate': 0}, {'active': [0, 1, 2, 7, 8], 'minimum': 0.04530445746580192, 'action': 'add', 'coordinate': 9}, {'active': [0, 1, 2, 7, 8, 9], 'minimum': 0.009724141776331408, 'action': 'accept'}]",True,False,5.773159728050814e-15,0.0012657945117984233,0.0060881098262746845,6,0,0.897049132384375,True
20,A,clean,"[0.0, 0.0, 0.0, 0.0, 0.0, 0.0, 0.9709862992040144, 0.0, 0.029013700795985642, 0.0]",2,2,"[{'active': [6, 9], 'minimum': 0.015884504271058364, 'action': 'add', 'coordinate': 8}, {'active': [6, 8, 9], 'minimum': -0.057058072381948155, 'action': 'remove', 'coordinate': 9}, {'active': [6, 8], 'minimum': 0.029013700795985642, 'action': 'accept'}]",True,False,5.377642775528102e-17,0.0010971981770437633,0.0012547909698761427,2,0,0.05802740159197117,True
20,A,brightness_dark,"[0.04482698110090455, 0.0, 0.0, 0.0, 0.0, 0.0, 0.9382115382120979, 0.0, 0.016961480686997765, 0.0]",4,4,"[{'active': [2, 3, 6], 'minimum': -0.13893117792593657, 'action': 'remove', 'coordinate': 3}, {'active': [2, 6], 'minimum': 0.06300599550216324, 'action': 'add', 'coordinate': 8}, {'active': [2, 6, 8], 'minimum': -0.01291141628415371, 'action': 'remove', 'coordinate': 2}, {'active': [6, 8], 'minimum': 0.054833406851402755, 'action': 'add', 'coordinate': 0}, {'active': [0, 6, 8], 'minimum': 0.016961480686997765, 'action': 'accept'}]",True,False,2.220446049250313e-16,0.00041140350274551895,0.0018353632702488819,3,0,0.4438619955465785,True
20,A,contrast_low,"[0.0, 0.0, 0.0, 0.0, 0.0, 0.0, 0.9849670985131858, 0.0, 0.015032901486814298, 0.0]",2,2,"[{'active': [2, 6], 'minimum': -0.03750826025213194, 'action': 'remove', 'coordinate': 2}, {'active': [6], 'minimum': 1.0, 'action': 'add', 'coordinate': 8}, {'active': [6, 8], 'minimum': 0.015032901486814298, 'action': 'accept'}]",True,False,3.2959746043559335e-17,0.0010682243490880011,0.0012480215998423036,2,0,0.07842853558105983,True
20,A,gaussian_noise,"[0.0, 0.0, 0.0, 0.0, 0.0, 0.0, 0.964800419656959, 0.0, 0.03519958034304105, 0.0]",3,3,"[{'active': [2, 6, 9], 'minimum': -0.08904826833683543, 'action': 'remove', 'coordinate': 2}, {'active': [6, 9], 'minimum': 0.028700980221272987, 'action': 'add', 'coordinate': 8}, {'active': [6, 8, 9], 'minimum': -0.035760270142908834, 'action': 'remove', 'coordinate': 9}, {'active': [6, 8], 'minimum': 0.03519958034304105, 'action': 'accept'}]",True,False,1.214306433183765e-17,0.0008367513098962992,0.001064781709612137,2,0,0.07039916068608204,True
20,A,gaussian_blur,"[0.0, 0.0, 0.0, 0.0, 0.0, 0.0, 0.966566090556034, 0.0, 0.033433909443966014, 0.0]",3,3,"[{'active': [2, 6, 9], 'minimum': -0.1052335959236741, 'action': 'remove', 'coordinate': 2}, {'active': [6, 9], 'minimum': 0.024893541731041635, 'action': 'add', 'coordinate': 8}, {'active': [6, 8, 9], 'minimum': -0.04113727512557197, 'action': 'remove', 'coordinate': 9}, {'active': [6, 8], 'minimum': 0.033433909443966014, 'action': 'accept'}]",True,False,5.204170427930421e-18,0.0010722463536616933,0.0013123650423660623,2,0,0.06686781888793192,True
20,B,clean,"[0.0, 0.0, 0.0, 0.0, 0.0, 0.0, 0.9709862992040144, 0.0, 0.029013700795985642, 0.0]",2,2,"[{'active': [6, 9], 'minimum': 0.015884504271058364, 'action': 'add', 'coordinate': 8}, {'active': [6, 8, 9], 'minimum': -0.057058072381948155, 'action': 'remove', 'coordinate': 9}, {'active': [6, 8], 'minimum': 0.029013700795985642, 'action': 'accept'}]",True,False,5.377642775528102e-17,0.0010971981770437633,0.0012547909698761427,2,0,0.05802740159197117,True
20,B,brightness_dark,"[0.043136261778724316, 0.0, 0.0, 0.0, 0.0, 0.0, 0.9366306056178721, 0.0, 0.020233132603403314, 0.0]",4,4,"[{'active': [2, 3, 6], 'minimum': -0.14019639783414206, 'action': 'remove', 'coordinate': 3}, {'active': [2, 6], 'minimum': 0.06513932850764503, 'action': 'add', 'coordinate': 8}, {'active': [2, 6, 8], 'minimum': -0.01319598276982692, 'action': 'remove', 'coordinate': 2}, {'active': [6, 8], 'minimum': 0.05666054117974367, 'action': 'add', 'coordinate': 0}, {'active': [0, 6, 8], 'minimum': 0.020233132603403314, 'action': 'accept'}]",True,False,2.220446049250313e-16,0.000421931555283913,0.0019328670814684889,3,0,0.45316267629373735,True
20,B,contrast_low,"[0.0, 0.0, 0.0, 0.0, 0.0, 0.0, 0.9851273190603279, 0.0, 0.01487268093967209, 0.0]",2,2,"[{'active': [2, 6], 'minimum': -0.03211835565871657, 'action': 'remove', 'coordinate': 2}, {'active': [6], 'minimum': 1.0, 'action': 'add', 'coordinate': 8}, {'active': [6, 8], 'minimum': 0.01487268093967209, 'action': 'accept'}]",True,False,4.0766001685454967e-17,0.001176139888804057,0.0013558793668311195,2,0,0.08588249273482323,True
20,B,gaussian_noise,"[0.0, 0.0, 0.0, 0.0, 0.0, 0.0, 0.9651698167449645, 0.0, 0.03483018325503562, 0.0]",3,3,"[{'active': [2, 6, 9], 'minimum': -0.09220459374670043, 'action': 'remove', 'coordinate': 2}, {'active': [6, 9], 'minimum': 0.028799698251641748, 'action': 'add', 'coordinate': 8}, {'active': [6, 8, 9], 'minimum': -0.03586636240141172, 'action': 'remove', 'coordinate': 9}, {'active': [6, 8], 'minimum': 0.03483018325503562, 'action': 'accept'}]",True,False,2.0816681711721685e-17,0.0008534330902963228,0.001079428804277631,2,0,0.06966036651007113,True
20,B,gaussian_blur,"[0.0, 0.0, 0.0, 0.0, 0.0, 0.0, 0.965083298581622, 0.0, 0.03491670141837799, 0.0]",3,3,"[{'active': [2, 6, 9], 'minimum': -0.1017449315587804, 'action': 'remove', 'coordinate': 2}, {'active': [6, 9], 'minimum': 0.02619218810351831, 'action': 'add', 'coordinate': 8}, {'active': [6, 8, 9], 'minimum': -0.0393925049494489, 'action': 'remove', 'coordinate': 9}, {'active': [6, 8], 'minimum': 0.03491670141837799, 'action': 'accept'}]",True,False,2.7755575615628914e-17,0.001048457802406431,0.001285699209003978,2,0,0.06983340283675599,True
21,A,clean,"[0.0, 0.0, 0.6978891100119482, 0.0, 0.07841950993595037, 0.06525549187453807, 0.0, 0.15843588817756693, 0.0, 0.0]",3,3,"[{'active': [4], 'minimum': 1.0, 'action': 'add', 'coordinate': 2}, {'active': [2, 4], 'minimum': 0.3047796150614238, 'action': 'add', 'coordinate': 7}, {'active': [2, 4, 7], 'minimum': 0.13422349001021416, 'action': 'add', 'coordinate': 5}, {'active': [2, 4, 5, 7], 'minimum': 0.06525549187453807, 'action': 'accept'}]",True,False,3.552713678800501e-15,0.002310841309209779,0.004046878737208731,4,0,1.8431609801281028,True
21,A,brightness_dark,"[0.0, 0.0, 0.48754356781005015, 0.0, 0.3354425054070802, 0.0, 0.0, 0.1770139267828732, 0.0, 0.0]",2,2,"[{'active': [4], 'minimum': 1.0, 'action': 'add', 'coordinate': 7}, {'active': [4, 7], 'minimum': 0.1392200458193793, 'action': 'add', 'coordinate': 2}, {'active': [2, 4, 7], 'minimum': 0.1770139267828732, 'action': 'accept'}]",True,False,3.552713678800501e-15,0.002542257283600394,0.003066411272643013,3,0,1.3291149891858431,True
21,A,contrast_low,"[0.0, 0.0, 0.7461431897269133, 0.0, 0.022653427998089448, 0.16477532482187174, 0.0, 0.06642805745312552, 0.0, 0.0]",3,3,"[{'active': [4], 'minimum': 1.0, 'action': 'add', 'coordinate': 2}, {'active': [2, 4], 'minimum': 0.31580869139468876, 'action': 'add', 'coordinate': 5}, {'active': [2, 4, 5], 'minimum': 0.04236476955381363, 'action': 'add', 'coordinate': 7}, {'active': [2, 4, 5, 7], 'minimum': 0.022653427998089448, 'action': 'accept'}]",True,False,1.6609977282477928e-16,0.0024291886555116706,0.0033763646214800855,4,0,1.954693144003821,True
21,A,gaussian_noise,"[0.0, 0.0, 0.6937753523393319, 0.0, 0.20868196779968176, 0.08295038759546913, 0.0, 0.014592292265520834, 0.0, 0.0]",3,3,"[{'active': [4], 'minimum': 1.0, 'action': 'add', 'coordinate': 2}, {'active': [2, 4], 'minimum': 0.3360018224142204, 'action': 'add', 'coordinate': 5}, {'active': [2, 4, 5], 'minimum': 0.09001079079516394, 'action': 'add', 'coordinate': 7}, {'active': [2, 4, 5, 7], 'minimum': 0.014592292265520834, 'action': 'accept'}]",True,False,3.552713678800501e-15,0.002874655690934371,0.004073234381983497,4,0,1.58263606440064,True
21,A,gaussian_blur,"[0.0, 0.0, 0.6952675477347763, 0.0, 0.05346509340949037, 0.05907023248044969, 0.0, 0.19219712637528374, 0.0, 0.0]",3,3,"[{'active': [4], 'minimum': 1.0, 'action': 'add', 'coordinate': 7}, {'active': [4, 7], 'minimum': 0.26779393010648067, 'action': 'add', 'coordinate': 2}, {'active': [2, 4, 7], 'minimum': 0.11425916630667388, 'action': 'add', 'coordinate': 5}, {'active': [2, 4, 5, 7], 'minimum': 0.05346509340949037, 'action': 'accept'}]",True,False,5.843849709696869e-17,0.0021168907868121807,0.003901719580524283,4,0,1.8930698131810193,True
21,B,clean,"[0.0, 0.0, 0.6978891100119482, 0.0, 0.07841950993595037, 0.06525549187453807, 0.0, 0.15843588817756693, 0.0, 0.0]",3,3,"[{'active': [4], 'minimum': 1.0, 'action': 'add', 'coordinate': 2}, {'active': [2, 4], 'minimum': 0.3047796150614238, 'action': 'add', 'coordinate': 7}, {'active': [2, 4, 7], 'minimum': 0.13422349001021416, 'action': 'add', 'coordinate': 5}, {'active': [2, 4, 5, 7], 'minimum': 0.06525549187453807, 'action': 'accept'}]",True,False,3.552713678800501e-15,0.002310841309209779,0.004046878737208731,4,0,1.8431609801281028,True
21,B,brightness_dark,"[0.0, 0.0, 0.47499205274421996, 0.0, 0.3359332892008595, 0.0, 0.0, 0.18907465805491697, 0.0, 0.0]",2,2,"[{'active': [4], 'minimum': 1.0, 'action': 'add', 'coordinate': 7}, {'active': [4, 7], 'minimum': 0.15204731197343824, 'action': 'add', 'coordinate': 2}, {'active': [2, 4, 7], 'minimum': 0.18907465805491697, 'action': 'accept'}]",True,False,3.552713678800501e-15,0.0025427860561232116,0.003079002637355571,3,0,1.3281334215982774,True
21,B,contrast_low,"[0.0, 0.0, 0.7802858200185847, 0.0, 0.0, 0.17847463565221489, 0.0, 0.041239544329201294, 0.0, 0.0]",4,4,"[{'active': [4], 'minimum': 1.0, 'action': 'add', 'coordinate': 2}, {'active': [2, 4], 'minimum': 0.2881407889885963, 'action': 'add', 'coordinate': 5}, {'active': [2, 4, 5], 'minimum': -0.004391469276967541, 'action': 'remove', 'coordinate': 4}, {'active': [2, 5], 'minimum': 0.2083789699932007, 'action': 'add', 'coordinate': 7}, {'active': [2, 5, 7], 'minimum': 0.041239544329201294, 'action': 'accept'}]",True,False,8.881784197001252e-16,0.0025645438105858843,0.003475221133078649,3,0,2.000000000000001,True
21,B,gaussian_noise,"[0.0, 0.0, 0.6613455124428804, 0.0, 0.23441379141449226, 0.0882667904268285, 0.0, 0.015973905715816583, 0.0, 0.0]",3,3,"[{'active': [4], 'minimum': 1.0, 'action': 'add', 'coordinate': 2}, {'active': [2, 4], 'minimum': 0.3650783950766279, 'action': 'add', 'coordinate': 5}, {'active': [2, 4, 5], 'minimum': 0.09589550953826276, 'action': 'add', 'coordinate': 7}, {'active': [2, 4, 5, 7], 'minimum': 0.015973905715816583, 'action': 'accept'}]",True,False,1.7763568394002505e-14,0.0027844365293574038,0.003921484075298054,4,0,1.5311724171710333,True
21,B,gaussian_blur,"[0.0, 0.0, 0.6952444477849965, 0.0, 0.051909155230930766, 0.06456520501603892, 0.0, 0.18828119196802495, 0.0, 0.0]",3,3,"[{'active': [4], 'minimum': 1.0, 'action': 'add', 'coordinate': 7}, {'active': [4, 7], 'minimum': 0.267365190590484, 'action': 'add', 'coordinate': 2}, {'active': [2, 4, 7], 'minimum': 0.11860758045420283, 'action': 'add', 'coordinate': 5}, {'active': [2, 4, 5, 7], 'minimum': 0.051909155230930766, 'action': 'accept'}]",True,False,8.881784197001252e-15,0.002154615306734447,0.003972937841193535,4,0,1.8961816895381296,True
22,A,clean,"[0.18760519415158705, 0.16469576794729468, 0.4769159111917771, 0.0, 0.0, 0.0, 0.17078312670934084, 0.0, 0.0, 0.0]",3,3,"[{'active': [0, 2, 3, 6, 9], 'minimum': -0.12006052168168865, 'action': 'remove', 'coordinate': 3}, {'active': [0, 2, 6, 9], 'minimum': 0.15481362688767952, 'action': 'add', 'coordinate': 1}, {'active': [0, 1, 2, 6, 9], 'minimum': -0.20053104616617645, 'action': 'remove', 'coordinate': 9}, {'active': [0, 1, 2, 6], 'minimum': 0.16469576794729468, 'action': 'accept'}]",True,False,3.3306690738754696e-16,0.0001862944288558872,0.006221492887741081,4,0,0.6980616290447299,True
22,A,brightness_dark,"[0.21567506539252257, 0.15698414272432792, 0.3966105384889498, 0.0, 0.0, 0.0, 0.20267665769671428, 0.0, 0.028053595697489442, 0.0]",3,3,"[{'active': [0, 1, 2, 3, 6, 9], 'minimum': -0.17254412187648427, 'action': 'remove', 'coordinate': 3}, {'active': [0, 1, 2, 6, 9], 'minimum': -0.2558409093495584, 'action': 'remove', 'coordinate': 9}, {'active': [0, 1, 2, 6], 'minimum': 0.16288725374288493, 'action': 'add', 'coordinate': 8}, {'active': [0, 1, 2, 6, 8], 'minimum': 0.028053595697489442, 'action': 'accept'}]",True,False,3.9968028886505635e-15,9.085686102354814e-05,0.00328399133653338,5,0,0.5447443392505896,True
22,A,contrast_low,"[0.19797083260808324, 0.23966871497849684, 0.45939927123687696, 0.0, 0.0, 0.0, 0.10296118117654318, 0.0, 0.0, 0.0]",2,2,"[{'active': [0, 2, 6, 9], 'minimum': 0.09539551081793149, 'action': 'add', 'coordinate': 1}, {'active': [0, 1, 2, 6, 9], 'minimum': -0.38954966294227233, 'action': 'remove', 'coordinate': 9}, {'active': [0, 1, 2, 6], 'minimum': 0.10296118117654318, 'action': 'accept'}]",True,False,2.220446049250313e-16,0.00011082487021739755,0.007396283366086194,4,0,0.7918614486755284,True
22,A,gaussian_noise,"[0.1355901641741717, 0.17727721389537784, 0.5126977272701376, 0.006951940492401665, 0.0, 0.0, 0.16748295416791192, 0.0, 0.0, 0.0]",4,4,"[{'active': [0, 2, 3, 6, 9], 'minimum': -0.03696829025038373, 'action': 'remove', 'coordinate': 3}, {'active': [0, 2, 6, 9], 'minimum': 0.09987770437027599, 'action': 'add', 'coordinate': 1}, {'active': [0, 1, 2, 6, 9], 'minimum': -0.22737957458032554, 'action': 'remove', 'coordinate': 9}, {'active': [0, 1, 2, 6], 'minimum': 0.1355193578218175, 'action': 'add', 'coordinate': 3}, {'active': [0, 1, 2, 3, 6], 'minimum': 0.006951940492401665, 'action': 'accept'}]",True,False,8.881784197001252e-16,0.00032062611173571206,0.004131985860293863,5,0,0.6892583049885019,True
22,A,gaussian_blur,"[0.15855451274411342, 0.17677664210241734, 0.5031912206140022, 0.0, 0.0, 0.0, 0.16147762453946665, 0.0, 0.0, 0.0]",1,1,"[{'active': [0, 1, 2, 3, 6], 'minimum': -0.035073721065213004, 'action': 'remove', 'coordinate': 3}, {'active': [0, 1, 2, 6], 'minimum': 0.15855451274411342, 'action': 'accept'}]",True,False,3.3306690738754696e-16,0.0001454547537673666,0.007027573571958008,4,0,0.6395840526351863,True
22,B,clean,"[0.18760519415158705, 0.16469576794729468, 0.4769159111917771, 0.0, 0.0, 0.0, 0.17078312670934084, 0.0, 0.0, 0.0]",3,3,"[{'active': [0, 2, 3, 6, 9], 'minimum': -0.12006052168168865, 'action': 'remove', 'coordinate': 3}, {'active': [0, 2, 6, 9], 'minimum': 0.15481362688767952, 'action': 'add', 'coordinate': 1}, {'active': [0, 1, 2, 6, 9], 'minimum': -0.20053104616617645, 'action': 'remove', 'coordinate': 9}, {'active': [0, 1, 2, 6], 'minimum': 0.16469576794729468, 'action': 'accept'}]",True,False,3.3306690738754696e-16,0.0001862944288558872,0.006221492887741081,4,0,0.6980616290447299,True
22,B,brightness_dark,"[0.22170488108448438, 0.1600967793240513, 0.3956954959782846, 0.0, 0.0, 0.0, 0.20297866979539492, 0.0, 0.01952417381778737, 0.0]",3,3,"[{'active': [0, 1, 2, 3, 6, 9], 'minimum': -0.16245266953382043, 'action': 'remove', 'coordinate': 3}, {'active': [0, 1, 2, 6, 9], 'minimum': -0.26167260451080665, 'action': 'remove', 'coordinate': 9}, {'active': [0, 1, 2, 6], 'minimum': 0.16424579326299155, 'action': 'add', 'coordinate': 8}, {'active': [0, 1, 2, 6, 8], 'minimum': 0.01952417381778737, 'action': 'accept'}]",True,False,2.6645352591003757e-15,9.2006580288894e-05,0.0032622688721339957,5,0,0.5784509291143174,True
22,B,contrast_low,"[0.2109788415007578, 0.23070765864963944, 0.4508108590530445, 0.0, 0.0, 0.0, 0.1075026407965573, 0.0, 0.0, 0.0]",1,1,"[{'active': [0, 1, 2, 6, 9], 'minimum': -0.339196147642042, 'action': 'remove', 'coordinate': 9}, {'active': [0, 1, 2, 6], 'minimum': 0.1075026407965573, 'action': 'accept'}]",True,False,8.881784197001252e-16,8.359079926331234e-05,0.007647046559585145,4,0,0.7603522034114718,True
22,B,gaussian_noise,"[0.1382170464430117, 0.17299458396759912, 0.5130037355673761, 0.009794788497517803, 0.0, 0.0, 0.16598984552449547, 0.0, 0.0, 0.0]",4,4,"[{'active': [0, 2, 3, 6, 9], 'minimum': -0.03336230970779108, 'action': 'remove', 'coordinate': 3}, {'active': [0, 2, 6, 9], 'minimum': 0.10238938088062632, 'action': 'add', 'coordinate': 1}, {'active': [0, 1, 2, 6, 9], 'minimum': -0.2053425197482852, 'action': 'remove', 'coordinate': 9}, {'active': [0, 1, 2, 6], 'minimum': 0.1380532916747596, 'action': 'add', 'coordinate': 3}, {'active': [0, 1, 2, 3, 6], 'minimum': 0.009794788497517803, 'action': 'accept'}]",True,False,2.220446049250313e-16,0.0003002808983859164,0.0036920785127700314,5,0,0.690397599445969,True
22,B,gaussian_blur,"[0.16455040321483727, 0.1731746802098052, 0.498563543145918, 0.0, 0.0, 0.0, 0.16371137342943912, 0.0, 0.0, 0.0]",1,1,"[{'active': [0, 1, 2, 3, 6], 'minimum': -0.0345210064799919, 'action': 'remove', 'coordinate': 3}, {'active': [0, 1, 2, 6], 'minimum': 0.16371137342943912, 'action': 'accept'}]",True,False,4.440892098500626e-16,0.0001376912352145506,0.007117680370825225,4,0,0.653066565612454,True
23,A,clean,"[0.1000968181522488, 0.0, 0.0, 0.0, 0.0, 0.16630767429668436, 0.09780124269780238, 0.13849396490817867, 0.49730029994508573, 0.0]",1,1,"[{'active': [0, 1, 5, 6, 7, 8], 'minimum': -0.0012757642087943832, 'action': 'remove', 'coordinate': 1}, {'active': [0, 5, 6, 7, 8], 'minimum': 0.09780124269780238, 'action': 'accept'}]",True,False,9.990923019453923e-17,7.09294218281493e-05,0.0002611138330637535,5,0,0.133005757188772,True
23,A,brightness_dark,"[0.13203757727691823, 0.0, 0.0, 0.0, 0.0, 0.024056632334947592, 0.12699432767293783, 0.22832013720609856, 0.488591325509093, 0.0]",5,5,"[{'active': [1, 2, 5, 6, 7, 8], 'minimum': -0.06609059883292412, 'action': 'remove', 'coordinate': 1}, {'active': [2, 5, 6, 7, 8], 'minimum': -0.0031717337213610364, 'action': 'remove', 'coordinate': 5}, {'active': [2, 6, 7, 8], 'minimum': 0.012148146599961662, 'action': 'add', 'coordinate': 0}, {'active': [0, 2, 6, 7, 8], 'minimum': -0.06044691946030234, 'action': 'remove', 'coordinate': 2}, {'active': [0, 6, 7, 8], 'minimum': 0.13010746647792637, 'action': 'add', 'coordinate': 5}, {'active': [0, 5, 6, 7, 8], 'minimum': 0.024056632334947592, 'action': 'accept'}]",True,False,4.773959005888173e-15,0.00017932757972179505,0.0012109440424414256,5,0,0.432308350617895,True
23,A,contrast_low,"[0.1722760306860529, 0.0, 0.2485159578379328, 0.14124643518653812, 0.0, 0.0, 0.0926676514617224, 0.02195593454902678, 0.32333799027872345, 0.0]",0,0,"[{'active': [0, 2, 3, 6, 7, 8], 'minimum': 0.02195593454902678, 'action': 'accept'}]",True,False,3.552713678800501e-15,5.407540126721947e-05,0.0015052737286321974,6,0,0.4881270008062524,True
23,A,gaussian_noise,"[0.1610576818674776, 0.0, 0.0, 0.011755378901190383, 0.0, 0.207935942167218, 0.09471412300616966, 0.10298864921965922, 0.421548224838304, 0.0]",2,2,"[{'active': [0, 1, 5, 6, 7, 8], 'minimum': -0.007275269645763416, 'action': 'remove', 'coordinate': 1}, {'active': [0, 5, 6, 7, 8], 'minimum': 0.09698681027890343, 'action': 'add', 'coordinate': 3}, {'active': [0, 3, 5, 6, 7, 8], 'minimum': 0.011755378901190383, 'action': 'accept'}]",True,False,1.887379141862766e-14,1.3578644936310274e-05,0.00017135194507323962,6,0,0.12396324291853629,True
23,A,gaussian_blur,"[0.1287852894610566, 0.0, 0.0, 0.15773801348395322, 0.0, 0.10927602180151563, 0.0529134592070481, 0.17140143134528962, 0.37988578470112877, 0.0]",1,1,"[{'active': [0, 1, 3, 5, 6, 7, 8], 'minimum': -0.006531979104493768, 'action': 'remove', 'coordinate': 1}, {'active': [0, 3, 5, 6, 7, 8], 'minimum': 0.0529134592070481, 'action': 'accept'}]",True,False,7.993605777301127e-15,1.866401691241633e-05,0.0001208937377902493,6,0,0.11661511594325985,True
23,B,clean,"[0.1000968181522488, 0.0, 0.0, 0.0, 0.0, 0.16630767429668436, 0.09780124269780238, 0.13849396490817867, 0.49730029994508573, 0.0]",1,1,"[{'active': [0, 1, 5, 6, 7, 8], 'minimum': -0.0012757642087943832, 'action': 'remove', 'coordinate': 1}, {'active': [0, 5, 6, 7, 8], 'minimum': 0.09780124269780238, 'action': 'accept'}]",True,False,9.990923019453923e-17,7.09294218281493e-05,0.0002611138330637535,5,0,0.133005757188772,True
23,B,brightness_dark,"[0.13359475963151013, 0.0, 0.0, 0.0, 0.0, 0.025176204720203543, 0.12709710867550944, 0.22820515308252487, 0.48592677389024885, 0.0]",5,5,"[{'active': [1, 2, 5, 6, 7, 8], 'minimum': -0.06701759669720175, 'action': 'remove', 'coordinate': 1}, {'active': [2, 5, 6, 7, 8], 'minimum': -0.0038533135024962917, 'action': 'remove', 'coordinate': 5}, {'active': [2, 6, 7, 8], 'minimum': 0.01634281298415874, 'action': 'add', 'coordinate': 0}, {'active': [0, 2, 6, 7, 8], 'minimum': -0.05607568383937256, 'action': 'remove', 'coordinate': 2}, {'active': [0, 6, 7, 8], 'minimum': 0.13152531802314094, 'action': 'add', 'coordinate': 5}, {'active': [0, 5, 6, 7, 8], 'minimum': 0.025176204720203543, 'action': 'accept'}]",True,False,3.1086244689504383e-15,0.00018739499136018658,0.0012798579189550383,5,0,0.43624322694416684,True
23,B,contrast_low,"[0.2164744698405059, 0.0, 0.2076228980876152, 0.10276012699178949, 0.0, 0.0, 0.09901334545274776, 0.07846163735940337, 0.29566752226794435, 0.0]",0,0,"[{'active': [0, 2, 3, 6, 7, 8], 'minimum': 0.07846163735940337, 'action': 'accept'}]",True,False,5.995204332975845e-15,4.996807985592123e-05,0.0018482522430847271,6,0,0.49141392481311663,True
23,B,gaussian_noise,"[0.1615149693075395, 0.0, 0.0, 0.02009461200174023, 0.0, 0.20467613034959364, 0.09206952878021424, 0.10260230008137228, 0.419042459479563, 0.0]",1,1,"[{'active': [0, 1, 3, 5, 6, 7, 8], 'minimum': -0.006050534202064334, 'action': 'remove', 'coordinate': 1}, {'active': [0, 3, 5, 6, 7, 8], 'minimum': 0.02009461200174023, 'action': 'accept'}]",True,False,2.2870594307278225e-14,1.0341101715124382e-05,0.00019209416622060677,6,0,0.12325655075496642,True
23,B,gaussian_blur,"[0.12705997498373733, 0.0, 0.0, 0.14056334774696144, 0.0, 0.11623913831042909, 0.0565004727452777, 0.177579203952817, 0.38205786226077443, 0.0]",1,1,"[{'active': [0, 1, 3, 5, 6, 7, 8], 'minimum': -0.002978140152429809, 'action': 'remove', 'coordinate': 1}, {'active': [0, 3, 5, 6, 7, 8], 'minimum': 0.0565004727452777, 'action': 'accept'}]",True,False,2.9976021664879227e-15,2.018364627533136e-05,0.00012304115736800773,6,0,0.11511454548539864,True
24,A,clean,"[0.0, 0.5928393418620221, 0.008093244168678987, 0.0, 0.0, 0.05147039842693344, 0.0, 0.3475970155423658, 0.0, 0.0]",4,4,"[{'active': [2, 9], 'minimum': 0.25294553782625956, 'action': 'add', 'coordinate': 5}, {'active': [2, 5, 9], 'minimum': 0.0718257310603514, 'action': 'add', 'coordinate': 1}, {'active': [1, 2, 5, 9], 'minimum': 0.02981963886265282, 'action': 'add', 'coordinate': 7}, {'active': [1, 2, 5, 7, 9], 'minimum': -0.06182668186303886, 'action': 'remove', 'coordinate': 9}, {'active': [1, 2, 5, 7], 'minimum': 0.008093244168678987, 'action': 'accept'}]",True,False,4.440892098500626e-16,0.0007612389346610361,0.006715872708028454,4,0,1.9838135116626423,True
24,A,brightness_dark,"[0.0, 0.5070774657705517, 0.0, 0.0, 0.0, 0.0, 0.0, 0.3811124685287579, 0.0, 0.11181006570070995]",4,4,"[{'active': [9], 'minimum': 1.0, 'action': 'add', 'coordinate': 6}, {'active': [6, 9], 'minimum': 0.1732777653084972, 'action': 'add', 'coordinate': 7}, {'active': [6, 7, 9], 'minimum': -0.020509616207441628, 'action': 'remove', 'coordinate': 6}, {'active': [7, 9], 'minimum': 0.2789709717895176, 'action': 'add', 'coordinate': 1}, {'active': [1, 7, 9], 'minimum': 0.11181006570070995, 'action': 'accept'}]",True,False,1.9539925233402755e-14,0.00016995212890240808,0.00837944008186539,3,0,1.7763798685985996,True
24,A,contrast_low,"[0.0, 0.6501405345874096, 0.0, 0.0, 0.0, 0.20723173081518098, 0.0, 0.1426277345973972, 0.0, 0.0]",5,5,"[{'active': [2, 9], 'minimum': 0.17251792505221142, 'action': 'add', 'coordinate': 5}, {'active': [2, 5, 9], 'minimum': -0.2280405858565402, 'action': 'remove', 'coordinate': 2}, {'active': [5, 9], 'minimum': 0.2145972513333373, 'action': 'add', 'coordinate': 1}, {'active': [1, 5, 9], 'minimum': -0.3035307450354141, 'action': 'remove', 'coordinate': 9}, {'active': [1, 5], 'minimum': 0.34645928662781994, 'action': 'add', 'coordinate': 7}, {'active': [1, 5, 7], 'minimum': 0.1426277345973972, 'action': 'accept'}]",True,False,1.2212453270876722e-14,0.0009224113243434175,0.011071403237241574,3,0,1.9999999999999878,True
24,A,gaussian_noise,"[0.0, 0.5574127568468725, 0.02701586874431161, 0.0, 0.0, 0.01691012564776924, 0.0, 0.32973154551560757, 0.0, 0.06892970324543768]",5,5,"[{'active': [2, 9], 'minimum': 0.22858799761564064, 'action': 'add', 'coordinate': 7}, {'active': [2, 7, 9], 'minimum': -0.012427144547483948, 'action': 'remove', 'coordinate': 2}, {'active': [7, 9], 'minimum': 0.27281496078513356, 'action': 'add', 'coordinate': 1}, {'active': [1, 7, 9], 'minimum': 0.07246851168212709, 'action': 'add', 'coordinate': 2}, {'active': [1, 2, 7, 9], 'minimum': 0.02890538354594746, 'action': 'add', 'coordinate': 5}, {'active': [1, 2, 5, 7, 9], 'minimum': 0.01691012564776924, 'action': 'accept'}]",True,False,1.3322676295501878e-15,0.0007527745023119557,0.004872972744059078,5,0,1.8081088560205,True
24,A,gaussian_blur,"[0.0, 0.5866198434355807, 0.0, 0.0, 0.0, 0.009662586245532623, 0.0, 0.40371757031888755, 0.0, 0.0]",4,4,"[{'active': [2, 7, 9], 'minimum': -0.06153176549216344, 'action': 'remove', 'coordinate': 2}, {'active': [7, 9], 'minimum': 0.29759043895776616, 'action': 'add', 'coordinate': 1}, {'active': [1, 7, 9], 'minimum': -0.16149012090612747, 'action': 'remove', 'coordinate': 9}, {'active': [1, 7], 'minimum': 0.413983112272693, 'action': 'add', 'coordinate': 5}, {'active': [1, 5, 7], 'minimum': 0.009662586245532623, 'action': 'accept'}]",True,False,8.881784197001252e-16,0.0008219260593495126,0.0032943034170996094,3,0,1.9681411217718776,True
24,B,clean,"[0.0, 0.5928393418620221, 0.008093244168678987, 0.0, 0.0, 0.05147039842693344, 0.0, 0.3475970155423658, 0.0, 0.0]",4,4,"[{'active': [2, 9], 'minimum': 0.25294553782625956, 'action': 'add', 'coordinate': 5}, {'active': [2, 5, 9], 'minimum': 0.0718257310603514, 'action': 'add', 'coordinate': 1}, {'active': [1, 2, 5, 9], 'minimum': 0.02981963886265282, 'action': 'add', 'coordinate': 7}, {'active': [1, 2, 5, 7, 9], 'minimum': -0.06182668186303886, 'action': 'remove', 'coordinate': 9}, {'active': [1, 2, 5, 7], 'minimum': 0.008093244168678987, 'action': 'accept'}]",True,False,4.440892098500626e-16,0.0007612389346610361,0.006715872708028454,4,0,1.9838135116626423,True
24,B,brightness_dark,"[0.0, 0.5053955289767451, 0.0, 0.0, 0.0, 0.0, 0.0, 0.381161230047542, 0.0, 0.11344324097572667]",4,4,"[{'active': [9], 'minimum': 1.0, 'action': 'add', 'coordinate': 6}, {'active': [6, 9], 'minimum': 0.17241740085825924, 'action': 'add', 'coordinate': 7}, {'active': [6, 7, 9], 'minimum': -0.020643090200328285, 'action': 'remove', 'coordinate': 6}, {'active': [7, 9], 'minimum': 0.2789245538880396, 'action': 'add', 'coordinate': 1}, {'active': [1, 7, 9], 'minimum': 0.11344324097572667, 'action': 'accept'}]",True,False,1.3766765505351941e-14,0.00016813602068949525,0.008370718062479235,3,0,1.7731135180485604,True
24,B,contrast_low,"[0.0, 0.6384649149192778, 0.0, 0.0, 0.0, 0.1707010255392163, 0.0, 0.19083405954150123, 0.0, 0.0]",4,4,"[{'active': [2, 7, 9], 'minimum': -0.3519530237672228, 'action': 'remove', 'coordinate': 2}, {'active': [7, 9], 'minimum': 0.22364599752880132, 'action': 'add', 'coordinate': 1}, {'active': [1, 7, 9], 'minimum': -0.3433678843899095, 'action': 'remove', 'coordinate': 9}, {'active': [1, 7], 'minimum': 0.3636973153565707, 'action': 'add', 'coordinate': 5}, {'active': [1, 5, 7], 'minimum': 0.1707010255392163, 'action': 'accept'}]",True,False,4.6629367034256575e-15,0.0007734060826006429,0.012598628535105582,3,0,1.9417396388477928,True
24,B,gaussian_noise,"[0.0, 0.5537743585089245, 0.027945160891233556, 0.0, 0.0, 0.015819914888358613, 0.0, 0.32990441607160825, 0.0, 0.07255614963987966]",5,5,"[{'active': [2, 9], 'minimum': 0.22875218028181987, 'action': 'add', 'coordinate': 7}, {'active': [2, 7, 9], 'minimum': -0.014855382696463693, 'action': 'remove', 'coordinate': 2}, {'active': [7, 9], 'minimum': 0.2717804936247079, 'action': 'add', 'coordinate': 1}, {'active': [1, 7, 9], 'minimum': 0.07699383820895855, 'action': 'add', 'coordinate': 2}, {'active': [1, 2, 7, 9], 'minimum': 0.02956706050630653, 'action': 'add', 'coordinate': 5}, {'active': [1, 2, 5, 7, 9], 'minimum': 0.015819914888358613, 'action': 'accept'}]",True,False,4.6629367034256575e-15,0.000749239409931396,0.0049113378196316455,5,0,1.7989973789377782,True
24,B,gaussian_blur,"[0.0, 0.5863193575464217, 0.0, 0.0, 0.0, 0.009114848825927169, 0.0, 0.4045657936276523, 0.0, 0.0]",4,4,"[{'active': [2, 7, 9], 'minimum': -0.06132882533587303, 'action': 'remove', 'coordinate': 2}, {'active': [7, 9], 'minimum': 0.2989063827139281, 'action': 'add', 'coordinate': 1}, {'active': [1, 7, 9], 'minimum': -0.156941501762085, 'action': 'remove', 'coordinate': 9}, {'active': [1, 7], 'minimum': 0.41425962585975795, 'action': 'add', 'coordinate': 5}, {'active': [1, 5, 7], 'minimum': 0.009114848825927169, 'action': 'accept'}]",True,False,1.3322676295501878e-15,0.0007972458334162166,0.003106182182104815,3,0,1.952312037934604,True
25,A,clean,"[0.2179889867167537, 0.3401382048394739, 0.3471469976152406, 0.0, 0.028812933895366655, 0.0, 0.028929338711519037, 0.03698353822161593, 0.0, 0.0]",1,1,"[{'active': [0, 1, 2, 4, 7], 'minimum': 0.010999036538612117, 'action': 'add', 'coordinate': 6}, {'active': [0, 1, 2, 4, 6, 7], 'minimum': 0.028812933895366655, 'action': 'accept'}]",True,False,3.019806626980426e-14,6.370555152427539e-05,0.0004687856810740758,6,0,0.48623509014188115,True
25,A,brightness_dark,"[0.3151610886448948, 0.2448919837821637, 0.09409640184013313, 0.0, 0.18501569131029783, 0.0, 0.023487810756218863, 0.13734702366630458, 0.0, 0.0]",2,2,"[{'active': [0, 1, 4, 7], 'minimum': 0.10948947565991185, 'action': 'add', 'coordinate': 6}, {'active': [0, 1, 4, 6, 7], 'minimum': 0.010745560837978285, 'action': 'add', 'coordinate': 2}, {'active': [0, 1, 2, 4, 6, 7], 'minimum': 0.023487810756218863, 'action': 'accept'}]",True,False,1.2878587085651816e-14,6.21162760254819e-05,0.00308688444079517,6,0,0.719332266087441,True
25,A,contrast_low,"[0.26276605824676924, 0.36615677547537917, 0.17038294686344813, 0.0, 0.0, 0.0, 0.19860474851949173, 0.002089470894915735, 0.0, 0.0]",1,1,"[{'active': [0, 1, 2, 5, 6, 7], 'minimum': -0.09183000016330567, 'action': 'remove', 'coordinate': 5}, {'active': [0, 1, 2, 6, 7], 'minimum': 0.002089470894915735, 'action': 'accept'}]",True,False,3.9968028886505635e-15,3.049463495571385e-05,0.0003770667595608727,5,0,0.3305014453392106,True
25,A,gaussian_noise,"[0.2102636437310046, 0.34402418751559183, 0.29090145959795244, 0.0, 0.0, 0.0, 0.06334221921304842, 0.09146848994240031, 0.0, 0.0]",2,2,"[{'active': [0, 1, 2, 4, 7], 'minimum': 0.023284197161915543, 'action': 'add', 'coordinate': 6}, {'active': [0, 1, 2, 4, 6, 7], 'minimum': -0.08671543713332142, 'action': 'remove', 'coordinate': 4}, {'active': [0, 1, 2, 6, 7], 'minimum': 0.06334221921304842, 'action': 'accept'}]",True,False,2.4424906541753444e-15,6.82514542183832e-05,0.0027891285648746745,5,0,0.5764994926857789,True
25,A,gaussian_blur,"[0.18963180909152577, 0.39168611009292364, 0.34224786462116974, 0.0, 0.0, 0.0, 0.06253141867008269, 0.013902797524297128, 0.0, 0.0]",1,1,"[{'active': [0, 1, 2, 4, 6, 7], 'minimum': -0.05996862606176023, 'action': 'remove', 'coordinate': 4}, {'active': [0, 1, 2, 6, 7], 'minimum': 0.013902797524297128, 'action': 'accept'}]",True,False,9.992007221626409e-16,7.303110474083655e-05,0.001815151688853793,5,0,0.4991265724225571,True
25,B,clean,"[0.2179889867167537, 0.3401382048394739, 0.3471469976152406, 0.0, 0.028812933895366655, 0.0, 0.028929338711519037, 0.03698353822161593, 0.0, 0.0]",1,1,"[{'active': [0, 1, 2, 4, 7], 'minimum': 0.010999036538612117, 'action': 'add', 'coordinate': 6}, {'active': [0, 1, 2, 4, 6, 7], 'minimum': 0.028812933895366655, 'action': 'accept'}]",True,False,3.019806626980426e-14,6.370555152427539e-05,0.0004687856810740758,6,0,0.48623509014188115,True
25,B,brightness_dark,"[0.3123743860834596, 0.2474171936134435, 0.09983038308289593, 0.0, 0.1755425243826636, 0.0, 0.023343991483288917, 0.1414915213542649, 0.0, 0.0]",2,2,"[{'active': [0, 1, 4, 7], 'minimum': 0.11246913041181283, 'action': 'add', 'coordinate': 6}, {'active': [0, 1, 4, 6, 7], 'minimum': 0.009715349877373658, 'action': 'add', 'coordinate': 2}, {'active': [0, 1, 2, 4, 6, 7], 'minimum': 0.023343991483288917, 'action': 'accept'}]",True,False,1.6431300764452317e-14,6.457747004045394e-05,0.0029677082252936634,6,0,0.7278126125797483,True
25,B,contrast_low,"[0.2652376140235617, 0.35732012438226235, 0.18481411602390452, 0.0, 0.0, 0.0, 0.17786015875053351, 0.014767986819734347, 0.0, 0.0]",1,1,"[{'active': [0, 1, 2, 5, 6, 7], 'minimum': -0.09818944529310869, 'action': 'remove', 'coordinate': 5}, {'active': [0, 1, 2, 6, 7], 'minimum': 0.014767986819734347, 'action': 'accept'}]",True,False,3.552713678800501e-15,3.213302422699781e-05,0.000623411179347022,5,0,0.3150062875075601,True
25,B,gaussian_noise,"[0.20927656041865095, 0.3441508977469252, 0.29307008059111794, 0.0, 0.0, 0.0, 0.06514407031996103, 0.08835839092334474, 0.0, 0.0]",2,2,"[{'active': [0, 1, 2, 4, 7], 'minimum': 0.018492067201165696, 'action': 'add', 'coordinate': 6}, {'active': [0, 1, 2, 4, 6, 7], 'minimum': -0.1158283526138888, 'action': 'remove', 'coordinate': 4}, {'active': [0, 1, 2, 6, 7], 'minimum': 0.06514407031996103, 'action': 'accept'}]",True,False,1.1102230246251565e-16,6.839817334223819e-05,0.0027249047539414325,5,0,0.5715479670737642,True
25,B,gaussian_blur,"[0.19314597348120177, 0.3891098509428592, 0.3425701495716842, 0.0, 0.0, 0.0, 0.06057881592616943, 0.014595210078086396, 0.0, 0.0]",1,1,"[{'active': [0, 1, 2, 4, 6, 7], 'minimum': -0.07066390593858785, 'action': 'remove', 'coordinate': 4}, {'active': [0, 1, 2, 6, 7], 'minimum': 0.014595210078086396, 'action': 'accept'}]",True,False,8.881784197001252e-16,6.960537451571378e-05,0.0017779470014136444,5,0,0.48064388275413483,True
26,A,clean,"[0.0, 0.0, 0.08014599302682734, 0.03457931386695695, 0.25025834073942965, 0.0, 0.6350163523667862, 0.0, 0.0, 0.0]",0,0,"[{'active': [2, 3, 4, 6], 'minimum': 0.03457931386695695, 'action': 'accept'}]",True,False,4.432218481120742e-16,0.0008969799515364924,0.004489937990682011,4,0,0.9437295351857714,True
26,A,brightness_dark,"[0.0, 0.0, 0.0, 0.0, 0.35787506841419336, 0.026885702823083335, 0.6152392287627273, 0.0, 0.0, 0.0]",4,4,"[{'active': [2, 3, 6], 'minimum': 0.12781938873628818, 'action': 'add', 'coordinate': 4}, {'active': [2, 3, 4, 6], 'minimum': -0.7232534429968998, 'action': 'remove', 'coordinate': 2}, {'active': [3, 4, 6], 'minimum': -0.030586272858172947, 'action': 'remove', 'coordinate': 3}, {'active': [4, 6], 'minimum': 0.3807291659150984, 'action': 'add', 'coordinate': 5}, {'active': [4, 5, 6], 'minimum': 0.026885702823083335, 'action': 'accept'}]",True,False,3.9968028886505635e-15,0.001155455278659607,0.0046806441288564545,3,0,1.446598773812814,True
26,A,contrast_low,"[0.0, 0.0, 0.003648906575985933, 0.014523594668764517, 0.41314636218249867, 0.0, 0.5686811365727296, 0.0, 0.0, 0.0]",1,1,"[{'active': [2, 3, 6], 'minimum': 0.07639673541644498, 'action': 'add', 'coordinate': 4}, {'active': [2, 3, 4, 6], 'minimum': 0.003648906575985933, 'action': 'accept'}]",True,False,2.1316282072803006e-14,0.0021612966122410123,0.008908463835741617,4,0,1.7807604033904778,True
26,A,gaussian_noise,"[0.0, 0.0, 0.0, 0.0015326997748044136, 0.31334965545099536, 0.0, 0.6851176447742058, 0.0, 0.0, 0.0]",2,2,"[{'active': [2, 3, 6], 'minimum': 0.0738332103355912, 'action': 'add', 'coordinate': 4}, {'active': [2, 3, 4, 6], 'minimum': -0.07289690561831952, 'action': 'remove', 'coordinate': 2}, {'active': [3, 4, 6], 'minimum': 0.0015326997748044136, 'action': 'accept'}]",True,False,5.551115123125783e-15,0.000875129243101116,0.005709114382838626,3,0,1.3165163437604235,True
26,A,gaussian_blur,"[0.0, 0.0, 0.20082271252179318, 0.0897069095670453, 0.0, 0.0, 0.7094703779111589, 0.0, 0.0, 0.0]",1,1,"[{'active': [2, 3, 4, 6], 'minimum': -0.18204048462267153, 'action': 'remove', 'coordinate': 4}, {'active': [2, 3, 6], 'minimum': 0.0897069095670453, 'action': 'accept'}]",True,False,2.6645352591003757e-15,0.0006342517707541258,0.0042925011612768155,3,0,1.0043123049110703,True
26,B,clean,"[0.0, 0.0, 0.08014599302682734, 0.03457931386695695, 0.25025834073942965, 0.0, 0.6350163523667862, 0.0, 0.0, 0.0]",0,0,"[{'active': [2, 3, 4, 6], 'minimum': 0.03457931386695695, 'action': 'accept'}]",True,False,4.432218481120742e-16,0.0008969799515364924,0.004489937990682011,4,0,0.9437295351857714,True
26,B,brightness_dark,"[0.0, 0.0, 0.0, 0.0, 0.34767625941556624, 0.04234634740182841, 0.6099773931826058, 0.0, 0.0, 0.0]",4,4,"[{'active': [2, 3, 6], 'minimum': 0.14497605813386372, 'action': 'add', 'coordinate': 4}, {'active': [2, 3, 4, 6], 'minimum': -0.6862180372603128, 'action': 'remove', 'coordinate': 2}, {'active': [3, 4, 6], 'minimum': -0.00625491851389981, 'action': 'remove', 'coordinate': 3}, {'active': [4, 6], 'minimum': 0.38372812728484396, 'action': 'add', 'coordinate': 5}, {'active': [4, 5, 6], 'minimum': 0.04234634740182841, 'action': 'accept'}]",True,False,4.440892098500626e-16,0.0011646669310089216,0.00472897376245809,3,0,1.4566386065687933,True
26,B,contrast_low,"[0.0, 0.0, 0.06756948140362407, 0.009371154141472715, 0.34962769283713224, 0.0, 0.5734316716177675, 0.0, 0.0, 0.0]",1,1,"[{'active': [2, 3, 6], 'minimum': 0.061890395330976844, 'action': 'add', 'coordinate': 4}, {'active': [2, 3, 4, 6], 'minimum': 0.009371154141472715, 'action': 'accept'}]",True,False,3.4416913763379853e-15,0.0021867813319399044,0.009943336642694037,4,0,1.7695708429031742,True
26,B,gaussian_noise,"[0.0, 0.0, 0.0, 0.00883916698984244, 0.30619421887742604, 0.0, 0.6849666141327362, 0.0, 0.0, 0.0]",2,2,"[{'active': [2, 3, 6], 'minimum': 0.07976331836934136, 'action': 'add', 'coordinate': 4}, {'active': [2, 3, 4, 6], 'minimum': -0.06601246181619436, 'action': 'remove', 'coordinate': 2}, {'active': [3, 4, 6], 'minimum': 0.00883916698984244, 'action': 'accept'}]",True,False,4.6629367034256575e-15,0.0008431887555757693,0.005738004170601009,3,0,1.300611262767167,True
26,B,gaussian_blur,"[0.0, 0.0, 0.19585108213907, 0.08932703199456782, 0.0, 0.0, 0.7148218858663631, 0.0, 0.0, 0.0]",1,1,"[{'active': [2, 3, 4, 6], 'minimum': -0.18554022413016735, 'action': 'remove', 'coordinate': 4}, {'active': [2, 3, 6], 'minimum': 0.08932703199456782, 'action': 'accept'}]",True,False,8.881784197001252e-16,0.000639835082981492,0.004333710392170466,3,0,1.0067200708758088,True
27,A,clean,"[0.0, 0.7059616279635776, 0.0, 0.0, 0.0, 0.0, 0.04267956230183301, 0.0, 0.25135880973458924, 0.0]",2,2,"[{'active': [1, 2, 6, 8, 9], 'minimum': -0.06448158319744834, 'action': 'remove', 'coordinate': 2}, {'active': [1, 6, 8, 9], 'minimum': -0.1950938668596649, 'action': 'remove', 'coordinate': 9}, {'active': [1, 6, 8], 'minimum': 0.04267956230183301, 'action': 'accept'}]",True,False,1.1102230246251565e-16,0.00023448120043408551,0.0008472457280386205,3,0,0.21467717025177613,True
27,A,brightness_dark,"[0.0, 0.7292314074273941, 0.0, 0.0, 0.0, 0.0, 0.07162474127399965, 0.0, 0.19914385129860607, 0.0]",1,1,"[{'active': [1, 2, 6, 8], 'minimum': -0.04638921854049605, 'action': 'remove', 'coordinate': 2}, {'active': [1, 6, 8], 'minimum': 0.07162474127399965, 'action': 'accept'}]",True,False,2.220446049250313e-16,0.0001489359393927034,0.0008779398007311156,3,0,0.23952145516959605,True
27,A,contrast_low,"[0.0, 0.6328382449032511, 0.0, 0.0, 0.0, 0.0, 0.08837924462039592, 0.0, 0.27878251047635305, 0.0]",2,2,"[{'active': [1, 2, 6, 8, 9], 'minimum': -0.08999039739390469, 'action': 'remove', 'coordinate': 2}, {'active': [1, 6, 8, 9], 'minimum': -0.21363130541252762, 'action': 'remove', 'coordinate': 9}, {'active': [1, 6, 8], 'minimum': 0.08837924462039592, 'action': 'accept'}]",True,False,6.895525817007808e-17,0.00023991629622022927,0.0022937800994053945,3,0,0.5075626485397737,True
27,A,gaussian_noise,"[0.0, 0.7692189856959407, 0.0, 0.0, 0.0, 0.0, 0.026234471764231104, 0.0, 0.20454654253982774, 0.0]",2,2,"[{'active': [1, 5, 6, 8, 9], 'minimum': -0.08599830021697841, 'action': 'remove', 'coordinate': 5}, {'active': [1, 6, 8, 9], 'minimum': -0.3857032402107423, 'action': 'remove', 'coordinate': 9}, {'active': [1, 6, 8], 'minimum': 0.026234471764231104, 'action': 'accept'}]",True,False,4.440892098500626e-16,0.00030445202712762125,0.001065344722475899,3,0,0.23276072540124065,True
27,A,gaussian_blur,"[0.0, 0.6002685437832587, 0.0, 0.0, 0.0, 0.0, 0.05891967252466346, 0.0, 0.3408117836920777, 0.0]",2,2,"[{'active': [1, 2, 6, 8, 9], 'minimum': -0.1785993384086737, 'action': 'remove', 'coordinate': 9}, {'active': [1, 2, 6, 8], 'minimum': -0.11207735056080004, 'action': 'remove', 'coordinate': 2}, {'active': [1, 6, 8], 'minimum': 0.05891967252466346, 'action': 'accept'}]",True,False,2.220446049250313e-16,0.0004474062203026013,0.002445886819164252,3,0,0.3040559498316405,True
27,B,clean,"[0.0, 0.7059616279635776, 0.0, 0.0, 0.0, 0.0, 0.04267956230183301, 0.0, 0.25135880973458924, 0.0]",2,2,"[{'active': [1, 2, 6, 8, 9], 'minimum': -0.06448158319744834, 'action': 'remove', 'coordinate': 2}, {'active': [1, 6, 8, 9], 'minimum': -0.1950938668596649, 'action': 'remove', 'coordinate': 9}, {'active': [1, 6, 8], 'minimum': 0.04267956230183301, 'action': 'accept'}]",True,False,1.1102230246251565e-16,0.00023448120043408551,0.0008472457280386205,3,0,0.21467717025177613,True
27,B,brightness_dark,"[0.0, 0.7247572514730118, 0.0, 0.0, 0.0, 0.0, 0.07338944358081323, 0.0, 0.20185330494617493, 0.0]",1,1,"[{'active': [1, 2, 6, 8], 'minimum': -0.047842142495192475, 'action': 'remove', 'coordinate': 2}, {'active': [1, 6, 8], 'minimum': 0.07338944358081323, 'action': 'accept'}]",True,False,8.847089727481716e-17,0.00015677326682361802,0.0010105485077002267,3,0,0.24870795052765382,True
27,B,contrast_low,"[0.0, 0.6500314566448012, 0.0, 0.0, 0.0, 0.0, 0.08640978325322124, 0.0, 0.26355876010197765, 0.0]",2,2,"[{'active': [1, 2, 6, 8, 9], 'minimum': -0.08146701519221722, 'action': 'remove', 'coordinate': 2}, {'active': [1, 6, 8, 9], 'minimum': -0.28963712723337753, 'action': 'remove', 'coordinate': 9}, {'active': [1, 6, 8], 'minimum': 0.08640978325322124, 'action': 'accept'}]",True,False,5.984795992119984e-17,0.00019983127416263826,0.0026856347466978274,3,0,0.5138765973377226,True
27,B,gaussian_noise,"[0.0, 0.7706444420299801, 0.0, 0.0, 0.0, 0.0, 0.027470279285361388, 0.0, 0.20188527868465878, 0.0]",2,2,"[{'active': [1, 5, 6, 8, 9], 'minimum': -0.08592382031896051, 'action': 'remove', 'coordinate': 5}, {'active': [1, 6, 8, 9], 'minimum': -0.4049096234179137, 'action': 'remove', 'coordinate': 9}, {'active': [1, 6, 8], 'minimum': 0.027470279285361388, 'action': 'accept'}]",True,False,2.220446049250313e-16,0.00031053251042239166,0.0010617457918169167,3,0,0.2167644863407827,True
27,B,gaussian_blur,"[0.0, 0.6040085760668003, 0.0, 0.0, 0.0, 0.0, 0.05704954459723821, 0.0, 0.33894187933596187, 0.0]",2,2,"[{'active': [1, 2, 6, 8, 9], 'minimum': -0.17468370347819473, 'action': 'remove', 'coordinate': 9}, {'active': [1, 2, 6, 8], 'minimum': -0.11244577509270226, 'action': 'remove', 'coordinate': 2}, {'active': [1, 6, 8], 'minimum': 0.05704954459723821, 'action': 'accept'}]",True,False,4.440892098500626e-16,0.00044658194231645375,0.002459688211816451,3,0,0.32388695642083776,True
28,A,clean,"[0.0, 0.016939599297721736, 0.0, 0.5963810656613271, 0.21965354017849698, 0.0, 0.16702579486245456, 0.0, 0.0, 0.0]",2,2,"[{'active': [3, 4], 'minimum': 0.2576524858398966, 'action': 'add', 'coordinate': 6}, {'active': [3, 4, 6], 'minimum': 0.1608041824707669, 'action': 'add', 'coordinate': 1}, {'active': [1, 3, 4, 6], 'minimum': 0.016939599297721736, 'action': 'accept'}]",True,False,4.440892098500626e-16,0.00018465127455174593,0.001402695318756743,4,0,0.6421088878322136,True
28,A,brightness_dark,"[0.0, 0.0, 0.0, 0.8498679061519834, 0.08327058699735511, 0.06636179918150154, 0.0004997076691616309, 0.0, 0.0, 0.0]",5,5,"[{'active': [3], 'minimum': 1.0, 'action': 'add', 'coordinate': 2}, {'active': [2, 3], 'minimum': 0.05310794200408264, 'action': 'add', 'coordinate': 4}, {'active': [2, 3, 4], 'minimum': -0.08117489089539731, 'action': 'remove', 'coordinate': 2}, {'active': [3, 4], 'minimum': 0.08677053039072369, 'action': 'add', 'coordinate': 5}, {'active': [3, 4, 5], 'minimum': 0.06450756656002632, 'action': 'add', 'coordinate': 6}, {'active': [3, 4, 5, 6], 'minimum': 0.0004997076691616309, 'action': 'accept'}]",True,False,1.7763568394002505e-15,0.00029650899945947765,0.0003408729286241128,4,0,0.3002641876960349,True
28,A,contrast_low,"[0.0, 0.10078342322800751, 0.0, 0.21344773911812354, 0.1758420498787796, 0.2021235453647101, 0.3078032424103654, 0.0, 0.0, 0.0]",3,3,"[{'active': [3, 4], 'minimum': 0.3668578733211983, 'action': 'add', 'coordinate': 1}, {'active': [1, 3, 4], 'minimum': 0.07824926934299792, 'action': 'add', 'coordinate': 6}, {'active': [1, 3, 4, 6], 'minimum': 0.10633034853966161, 'action': 'add', 'coordinate': 5}, {'active': [1, 3, 4, 5, 6], 'minimum': 0.10078342322800751, 'action': 'accept'}]",True,False,1.3877787807814457e-14,0.00014814589666763483,0.0026522221309326845,5,0,1.2214204220061797,True
28,A,gaussian_noise,"[0.0, 0.014131821855393412, 0.0, 0.5904522187765044, 0.13147957527115262, 0.0, 0.24334789997013617, 0.0, 0.0, 0.02058848412681158]",6,6,"[{'active': [3], 'minimum': 1.0, 'action': 'add', 'coordinate': 6}, {'active': [3, 6], 'minimum': 0.2345669179396186, 'action': 'add', 'coordinate': 1}, {'active': [1, 3, 6], 'minimum': 0.03262996019993547, 'action': 'add', 'coordinate': 2}, {'active': [1, 2, 3, 6], 'minimum': 0.031144619887051694, 'action': 'add', 'coordinate': 4}, {'active': [1, 2, 3, 4, 6], 'minimum': -0.040657579278132516, 'action': 'remove', 'coordinate': 2}, {'active': [1, 3, 4, 6], 'minimum': 0.031264949279879356, 'action': 'add', 'coordinate': 9}, {'active': [1, 3, 4, 6, 9], 'minimum': 0.014131821855393412, 'action': 'accept'}]",True,False,1.7763568394002505e-15,0.00017498748869558645,0.002299267267576102,5,0,0.8190955624469893,True
28,A,gaussian_blur,"[0.0, 0.035195226436735894, 0.05475161050581434, 0.4994101037082599, 0.1656697089844883, 0.0, 0.24497335036470957, 0.0, 0.0, 0.0]",3,3,"[{'active': [2, 3, 4, 6], 'minimum': -0.16081038927310276, 'action': 'remove', 'coordinate': 2}, {'active': [3, 4, 6], 'minimum': 0.2157916988596824, 'action': 'add', 'coordinate': 1}, {'active': [1, 3, 4, 6], 'minimum': 0.03364353178458551, 'action': 'add', 'coordinate': 2}, {'active': [1, 2, 3, 4, 6], 'minimum': 0.035195226436735894, 'action': 'accept'}]",True,False,7.993605777301127e-15,0.00015430745598756497,0.0015920769981441522,5,0,0.7939989364953044,True
28,B,clean,"[0.0, 0.016939599297721736, 0.0, 0.5963810656613271, 0.21965354017849698, 0.0, 0.16702579486245456, 0.0, 0.0, 0.0]",2,2,"[{'active': [3, 4], 'minimum': 0.2576524858398966, 'action': 'add', 'coordinate': 6}, {'active': [3, 4, 6], 'minimum': 0.1608041824707669, 'action': 'add', 'coordinate': 1}, {'active': [1, 3, 4, 6], 'minimum': 0.016939599297721736, 'action': 'accept'}]",True,False,4.440892098500626e-16,0.00018465127455174593,0.001402695318756743,4,0,0.6421088878322136,True
28,B,brightness_dark,"[0.0, 0.0, 0.0, 0.8646601975035146, 0.0780506527920739, 0.057289149704422115, 0.0, 0.0, 0.0, 0.0]",4,4,"[{'active': [3], 'minimum': 1.0, 'action': 'add', 'coordinate': 2}, {'active': [2, 3], 'minimum': 0.050590340520891286, 'action': 'add', 'coordinate': 4}, {'active': [2, 3, 4], 'minimum': -0.05231929527788992, 'action': 'remove', 'coordinate': 2}, {'active': [3, 4], 'minimum': 0.08087339060847187, 'action': 'add', 'coordinate': 5}, {'active': [3, 4, 5], 'minimum': 0.057289149704422115, 'action': 'accept'}]",True,False,1.0658141036401503e-14,0.0002938446234934064,0.0003323527518788888,3,0,0.2706796049929814,True
28,B,contrast_low,"[0.0, 0.1040227421626316, 0.0, 0.33790358878982474, 0.18485865910631993, 0.09670736932663715, 0.2765076406146125, 0.0, 0.0, 0.0]",3,3,"[{'active': [3, 4], 'minimum': 0.32039430896659993, 'action': 'add', 'coordinate': 1}, {'active': [1, 3, 4], 'minimum': 0.08064098720087998, 'action': 'add', 'coordinate': 6}, {'active': [1, 3, 4, 6], 'minimum': 0.10666382742437197, 'action': 'add', 'coordinate': 5}, {'active': [1, 3, 4, 5, 6], 'minimum': 0.09670736932663715, 'action': 'accept'}]",True,False,2.5979218776228663e-14,0.00011330491040333452,0.0024618303783685647,5,0,0.9763972292909683,True
28,B,gaussian_noise,"[0.0, 0.0015177648669819632, 0.0, 0.5837930818898931, 0.13056593947394468, 0.0, 0.24874356414642618, 0.0, 0.0, 0.03537964962274742]",10,10,"[{'active': [3], 'minimum': 1.0, 'action': 'add', 'coordinate': 6}, {'active': [3, 6], 'minimum': 0.24044702327713408, 'action': 'add', 'coordinate': 1}, {'active': [1, 3, 6], 'minimum': 0.03280437823983273, 'action': 'add', 'coordinate': 2}, {'active': [1, 2, 3, 6], 'minimum': 0.030823951827127244, 'action': 'add', 'coordinate': 4}, {'active': [1, 2, 3, 4, 6], 'minimum': -0.03107927182229986, 'action': 'remove', 'coordinate': 2}, {'active': [1, 3, 4, 6], 'minimum': 0.030893283595501114, 'action': 'add', 'coordinate': 8}, {'active': [1, 3, 4, 6, 8], 'minimum': 0.002276586725462826, 'action': 'add', 'coordinate': 9}, {'active': [1, 3, 4, 6, 8, 9], 'minimum': -0.06258444532319629, 'action': 'remove', 'coordinate': 1}, {'active': [3, 4, 6, 8, 9], 'minimum': -0.005039524762753933, 'action': 'remove', 'coordinate': 8}, {'active': [3, 4, 6, 9], 'minimum': 0.03717844909756132, 'action': 'add', 'coordinate': 1}, {'active': [1, 3, 4, 6, 9], 'minimum': 0.0015177648669819632, 'action': 'accept'}]",True,False,6.661338147750939e-15,0.0001659223883027488,0.002401542283954601,5,0,0.8324138362202071,True
28,B,gaussian_blur,"[0.0, 0.035958177396984814, 0.04611617293945969, 0.49484232027924246, 0.17682277216721332, 0.0, 0.24626055721713236, 0.0, 0.0, 0.0]",3,3,"[{'active': [2, 3, 4, 6], 'minimum': -0.1785457399694499, 'action': 'remove', 'coordinate': 2}, {'active': [3, 4, 6], 'minimum': 0.21748733013103205, 'action': 'add', 'coordinate': 1}, {'active': [1, 3, 4, 6], 'minimum': 0.03465854090989051, 'action': 'add', 'coordinate': 2}, {'active': [1, 2, 3, 4, 6], 'minimum': 0.035958177396984814, 'action': 'accept'}]",True,False,3.26405569239796e-14,0.00015605877290016045,0.0016284676520965944,5,0,0.8102644442648307,True
29,A,clean,"[0.0, 1.0, 0.0, 0.0, 0.0, 0.0, 0.0, 0.0, 0.0, 0.0]",0,0,"[{'active': [1], 'minimum': 1.0, 'action': 'accept'}]",True,False,0.0,0.000991110305663498,0.000991110305663498,1,0,0.0,False
29,A,brightness_dark,"[0.0, 1.0, 0.0, 0.0, 0.0, 0.0, 0.0, 0.0, 0.0, 0.0]",0,0,"[{'active': [1], 'minimum': 1.0, 'action': 'accept'}]",True,False,0.0,0.0017555239752957484,0.0017555239752957484,1,0,0.0,False
29,A,contrast_low,"[0.0, 1.0, 0.0, 0.0, 0.0, 0.0, 0.0, 0.0, 0.0, 0.0]",2,2,"[{'active': [1, 5, 6], 'minimum': -0.22822908676867026, 'action': 'remove', 'coordinate': 5}, {'active': [1, 6], 'minimum': -0.039201187886771516, 'action': 'remove', 'coordinate': 6}, {'active': [1], 'minimum': 1.0, 'action': 'accept'}]",True,False,0.0,0.001259889800379112,0.0018222125189656649,1,0,0.05412043029244104,True
29,A,gaussian_noise,"[0.0, 0.9834664157244517, 0.0, 0.0, 0.0, 0.0, 0.0, 0.0, 0.016533584275548296, 0.0]",1,1,"[{'active': [1], 'minimum': 1.0, 'action': 'add', 'coordinate': 8}, {'active': [1, 8], 'minimum': 0.016533584275548296, 'action': 'accept'}]",True,False,1.0408340855860843e-17,0.0008935930281784768,0.0009116860411172136,2,0,0.03306716855109659,True
29,A,gaussian_blur,"[0.0, 1.0, 0.0, 0.0, 0.0, 0.0, 0.0, 0.0, 0.0, 0.0]",0,0,"[{'active': [1], 'minimum': 1.0, 'action': 'accept'}]",True,False,0.0,0.0012793767526326468,0.0012793767526326468,1,0,0.0,False
29,B,clean,"[0.0, 1.0, 0.0, 0.0, 0.0, 0.0, 0.0, 0.0, 0.0, 0.0]",0,0,"[{'active': [1], 'minimum': 1.0, 'action': 'accept'}]",True,False,0.0,0.000991110305663498,0.000991110305663498,1,0,0.0,False
29,B,brightness_dark,"[0.0, 1.0, 0.0, 0.0, 0.0, 0.0, 0.0, 0.0, 0.0, 0.0]",0,0,"[{'active': [1], 'minimum': 1.0, 'action': 'accept'}]",True,False,0.0,0.001834837031891634,0.001834837031891634,1,0,0.0,False
29,B,contrast_low,"[0.0, 1.0, 0.0, 0.0, 0.0, 0.0, 0.0, 0.0, 0.0, 0.0]",1,1,"[{'active': [1, 5], 'minimum': -0.07148029807985701, 'action': 'remove', 'coordinate': 5}, {'active': [1], 'minimum': 1.0, 'action': 'accept'}]",True,False,0.0,0.0012706186259310852,0.002109210240417587,1,0,0.07522795835098878,True
29,B,gaussian_noise,"[0.0, 0.9827760613213261, 0.0, 0.0, 0.0, 0.0, 0.0, 0.0, 0.01722393867867389, 0.0]",1,1,"[{'active': [1], 'minimum': 1.0, 'action': 'add', 'coordinate': 8}, {'active': [1, 8], 'minimum': 0.01722393867867389, 'action': 'accept'}]",True,False,6.765421556309548e-17,0.0008929766574191809,0.0009120299770164224,2,0,0.03444787735734778,True
29,B,gaussian_blur,"[0.0, 1.0, 0.0, 0.0, 0.0, 0.0, 0.0, 0.0, 0.0, 0.0]",0,0,"[{'active': [1], 'minimum': 1.0, 'action': 'accept'}]",True,False,0.0,0.0012185036112644986,0.0012185036112644986,1,0,0.0,False
30,A,clean,"[0.0, 0.0, 0.25289222867674965, 0.13103082073331507, 0.00023132486411725495, 0.192062013673592, 0.4237836120522207, 0.0, 0.0, 0.0]",4,4,"[{'active': [2, 3, 4, 5, 6, 8, 9], 'minimum': -0.09813734827701559, 'action': 'remove', 'coordinate': 9}, {'active': [2, 3, 4, 5, 6, 8], 'minimum': -0.079991490012155, 'action': 'remove', 'coordinate': 4}, {'active': [2, 3, 5, 6, 8], 'minimum': -0.06368102403598552, 'action': 'remove', 'coordinate': 8}, {'active': [2, 3, 5, 6], 'minimum': 0.13106940415473312, 'action': 'add', 'coordinate': 4}, {'active': [2, 3, 4, 5, 6], 'minimum': 0.00023132486411725495, 'action': 'accept'}]",True,False,5.329070518200751e-15,0.0008182547126333414,0.0015539306623630804,5,0,0.39267886975060246,True
30,A,brightness_dark,"[0.0, 0.0, 0.0, 0.0, 0.4095776935222748, 0.12765823666328302, 0.4627640698144404, 0.0, 0.0, 0.0]",3,3,"[{'active': [2, 3, 5, 6], 'minimum': -0.5661939502960691, 'action': 'remove', 'coordinate': 3}, {'active': [2, 5, 6], 'minimum': 0.24381204815224322, 'action': 'add', 'coordinate': 4}, {'active': [2, 4, 5, 6], 'minimum': -0.517116333906629, 'action': 'remove', 'coordinate': 2}, {'active': [4, 5, 6], 'minimum': 0.12765823666328302, 'action': 'accept'}]",True,False,1.7763568394002505e-15,0.0011363291211463982,0.0022071022753295706,3,0,1.363324240761672,True
30,A,contrast_low,"[0.0, 0.0, 0.4034374584746825, 0.026852775297736997, 0.0, 0.0, 0.569709766227585, 0.0, 0.0, 0.0]",4,4,"[{'active': [2, 3, 4, 6, 7, 8, 9], 'minimum': -0.16987226391533028, 'action': 'remove', 'coordinate': 9}, {'active': [2, 3, 4, 6, 7, 8], 'minimum': -0.7600139192628035, 'action': 'remove', 'coordinate': 4}, {'active': [2, 3, 6, 7, 8], 'minimum': -0.28080055719981045, 'action': 'remove', 'coordinate': 7}, {'active': [2, 3, 6, 8], 'minimum': -0.03747525509669636, 'action': 'remove', 'coordinate': 8}, {'active': [2, 3, 6], 'minimum': 0.026852775297736997, 'action': 'accept'}]",True,False,4.440892098500626e-15,0.0005154893482213347,0.0015766398190905709,3,0,0.495276147282703,True
30,A,gaussian_noise,"[0.0, 0.0, 0.240708703737603, 0.0, 0.01979767724089143, 0.2533670607069718, 0.4861265583145409, 0.0, 0.0, 0.0]",4,4,"[{'active': [2, 3, 4, 5, 6, 9], 'minimum': -0.06878394600975213, 'action': 'remove', 'coordinate': 4}, {'active': [2, 3, 5, 6, 9], 'minimum': -0.06603536151117695, 'action': 'remove', 'coordinate': 9}, {'active': [2, 3, 5, 6], 'minimum': -0.06561250524083162, 'action': 'remove', 'coordinate': 3}, {'active': [2, 5, 6], 'minimum': 0.2542154072213414, 'action': 'add', 'coordinate': 4}, {'active': [2, 4, 5, 6], 'minimum': 0.01979767724089143, 'action': 'accept'}]",True,False,7.105427357601002e-15,0.00043823245581574776,0.0014243987090768293,4,0,0.4082612596999539,True
30,A,gaussian_blur,"[0.0, 0.0, 0.23964031066494762, 0.3008366586136191, 0.0, 0.0, 0.4595230307214324, 0.0, 0.0, 0.0]",4,4,"[{'active': [2, 3, 4, 5, 6, 8, 9], 'minimum': -0.09835468876494957, 'action': 'remove', 'coordinate': 9}, {'active': [2, 3, 4, 5, 6, 8], 'minimum': -0.2925910294776273, 'action': 'remove', 'coordinate': 4}, {'active': [2, 3, 5, 6, 8], 'minimum': -0.1053529650983982, 'action': 'remove', 'coordinate': 5}, {'active': [2, 3, 6, 8], 'minimum': -0.036489041306733166, 'action': 'remove', 'coordinate': 8}, {'active': [2, 3, 6], 'minimum': 0.23964031066494762, 'action': 'accept'}]",True,False,8.881784197001252e-16,0.00041005915392712376,0.0013990672372000525,3,0,0.4088203565447257,True
30,B,clean,"[0.0, 0.0, 0.25289222867674965, 0.13103082073331507, 0.00023132486411725495, 0.192062013673592, 0.4237836120522207, 0.0, 0.0, 0.0]",4,4,"[{'active': [2, 3, 4, 5, 6, 8, 9], 'minimum': -0.09813734827701559, 'action': 'remove', 'coordinate': 9}, {'active': [2, 3, 4, 5, 6, 8], 'minimum': -0.079991490012155, 'action': 'remove', 'coordinate': 4}, {'active': [2, 3, 5, 6, 8], 'minimum': -0.06368102403598552, 'action': 'remove', 'coordinate': 8}, {'active': [2, 3, 5, 6], 'minimum': 0.13106940415473312, 'action': 'add', 'coordinate': 4}, {'active': [2, 3, 4, 5, 6], 'minimum': 0.00023132486411725495, 'action': 'accept'}]",True,False,5.329070518200751e-15,0.0008182547126333414,0.0015539306623630804,5,0,0.39267886975060246,True
30,B,brightness_dark,"[0.0, 0.0, 0.0, 0.0, 0.3966312379661048, 0.1417546491659536, 0.46161411286793985, 0.0, 0.0, 0.0]",4,4,"[{'active': [2, 3, 6], 'minimum': 0.2627864443272152, 'action': 'add', 'coordinate': 4}, {'active': [2, 3, 4, 6], 'minimum': -0.5526788298871645, 'action': 'remove', 'coordinate': 2}, {'active': [3, 4, 6], 'minimum': 0.1192219599804325, 'action': 'add', 'coordinate': 5}, {'active': [3, 4, 5, 6], 'minimum': -0.5107017738508519, 'action': 'remove', 'coordinate': 3}, {'active': [4, 5, 6], 'minimum': 0.1417546491659536, 'action': 'accept'}]",True,False,1.7763568394002505e-15,0.0011268833441567068,0.0022381679438501375,3,0,1.3777727349079778,True
30,B,contrast_low,"[0.0, 0.0, 0.4138358822379349, 0.008310349983350562, 0.0, 0.0, 0.5778537677787163, 0.0, 0.0, 0.0]",3,3,"[{'active': [2, 3, 4, 6, 8, 9], 'minimum': -0.1856748948063035, 'action': 'remove', 'coordinate': 9}, {'active': [2, 3, 4, 6, 8], 'minimum': -1.144180023796891, 'action': 'remove', 'coordinate': 4}, {'active': [2, 3, 6, 8], 'minimum': -0.04214652455735962, 'action': 'remove', 'coordinate': 8}, {'active': [2, 3, 6], 'minimum': 0.008310349983350562, 'action': 'accept'}]",True,False,1.7763568394002505e-15,0.0006972947530316096,0.001485224483103103,3,0,0.6305582090075005,True
30,B,gaussian_noise,"[0.0, 0.0, 0.23499737275593846, 0.0, 0.023193969306832152, 0.25865530603593934, 0.4831533519012332, 0.0, 0.0, 0.0]",2,2,"[{'active': [2, 3, 4, 5, 6, 9], 'minimum': -0.06411784385271302, 'action': 'remove', 'coordinate': 9}, {'active': [2, 3, 4, 5, 6], 'minimum': -0.05280606463594495, 'action': 'remove', 'coordinate': 3}, {'active': [2, 4, 5, 6], 'minimum': 0.023193969306832152, 'action': 'accept'}]",True,False,5.684341886080802e-14,0.0004042955659017614,0.0014057770468218545,4,0,0.4401513371650303,True
30,B,gaussian_blur,"[0.0, 0.0, 0.23776263557372612, 0.2980690952279019, 0.0, 0.0, 0.46416826919837195, 0.0, 0.0, 0.0]",4,4,"[{'active': [2, 3, 4, 5, 6, 8, 9], 'minimum': -0.10056114530890436, 'action': 'remove', 'coordinate': 9}, {'active': [2, 3, 4, 5, 6, 8], 'minimum': -0.3231476106136242, 'action': 'remove', 'coordinate': 4}, {'active': [2, 3, 5, 6, 8], 'minimum': -0.12142602618717102, 'action': 'remove', 'coordinate': 5}, {'active': [2, 3, 6, 8], 'minimum': -0.03889790009268235, 'action': 'remove', 'coordinate': 8}, {'active': [2, 3, 6], 'minimum': 0.23776263557372612, 'action': 'accept'}]",True,False,6.895525817007808e-17,0.00045467323924744467,0.0014575828507181119,3,0,0.39470970784643533,True
31,A,clean,"[0.0, 0.0, 0.0, 0.0, 0.0, 0.0, 0.0, 0.0, 1.0, 0.0]",1,1,"[{'active': [0, 8], 'minimum': -0.09255308461265432, 'action': 'remove', 'coordinate': 0}, {'active': [8], 'minimum': 1.0, 'action': 'accept'}]",True,False,0.0,0.0010835456476666358,0.0014421313895448264,1,0,0.16333459983796872,True
31,A,brightness_dark,"[0.0, 0.0, 0.0, 0.0, 0.0, 0.0, 0.0, 0.0, 1.0, 0.0]",1,1,"[{'active': [0, 8], 'minimum': -0.08186196485345643, 'action': 'remove', 'coordinate': 0}, {'active': [8], 'minimum': 1.0, 'action': 'accept'}]",True,False,0.0,0.001680307460844384,0.0016848865037830132,1,0,0.004339713789880628,True
31,A,contrast_low,"[0.0, 0.0, 0.0, 0.0, 0.0, 0.0, 0.0, 0.0, 1.0, 0.0]",1,1,"[{'active': [0, 8], 'minimum': -0.14419220494401142, 'action': 'remove', 'coordinate': 0}, {'active': [8], 'minimum': 1.0, 'action': 'accept'}]",True,False,0.0,0.0013615381861169428,0.001883675571418679,1,0,0.30598160771407956,True
31,A,gaussian_noise,"[0.0, 0.0, 0.0, 0.0, 0.0, 0.0, 0.0, 0.0, 1.0, 0.0]",1,1,"[{'active': [0, 8], 'minimum': -0.12510355987125332, 'action': 'remove', 'coordinate': 0}, {'active': [8], 'minimum': 1.0, 'action': 'accept'}]",True,False,0.0,0.0017033392225751854,0.0021029250729654816,1,0,0.14211433913318472,True
31,A,gaussian_blur,"[0.0, 0.0, 0.0, 0.0, 0.0, 0.0, 0.0, 0.0, 1.0, 0.0]",2,2,"[{'active': [0, 1, 8], 'minimum': -0.048448258948048606, 'action': 'remove', 'coordinate': 0}, {'active': [1, 8], 'minimum': -0.03460418961097789, 'action': 'remove', 'coordinate': 1}, {'active': [8], 'minimum': 1.0, 'action': 'accept'}]",True,False,0.0,0.0009033288328348274,0.0017394510062506865,1,0,0.37276868944356534,True
31,B,clean,"[0.0, 0.0, 0.0, 0.0, 0.0, 0.0, 0.0, 0.0, 1.0, 0.0]",1,1,"[{'active': [0, 8], 'minimum': -0.09255308461265432, 'action': 'remove', 'coordinate': 0}, {'active': [8], 'minimum': 1.0, 'action': 'accept'}]",True,False,0.0,0.0010835456476666358,0.0014421313895448264,1,0,0.16333459983796872,True
31,B,brightness_dark,"[0.0, 0.0, 0.0, 0.0, 0.0, 0.0, 0.0, 0.0, 1.0, 0.0]",1,1,"[{'active': [0, 8], 'minimum': -0.0777578112745212, 'action': 'remove', 'coordinate': 0}, {'active': [8], 'minimum': 1.0, 'action': 'accept'}]",True,False,0.0,0.0017491585040983683,0.0017602840357145374,1,0,0.010628963566575944,True
31,B,contrast_low,"[0.0, 0.0, 0.0, 0.0, 0.0, 0.0, 0.0, 0.0, 1.0, 0.0]",1,1,"[{'active': [0, 8], 'minimum': -0.17932346532364019, 'action': 'remove', 'coordinate': 0}, {'active': [8], 'minimum': 1.0, 'action': 'accept'}]",True,False,0.0,0.001324298258206632,0.0018399535822709136,1,0,0.2960055731728475,True
31,B,gaussian_noise,"[0.0, 0.0, 0.0, 0.0, 0.0, 0.0, 0.0, 0.0, 1.0, 0.0]",1,1,"[{'active': [0, 8], 'minimum': -0.12817167807793695, 'action': 'remove', 'coordinate': 0}, {'active': [8], 'minimum': 1.0, 'action': 'accept'}]",True,False,0.0,0.0016702915748777658,0.0020678126470978367,1,0,0.1432622672146886,True
31,B,gaussian_blur,"[0.0, 0.0, 0.0, 0.0, 0.0, 0.0, 0.0, 0.0, 1.0, 0.0]",2,2,"[{'active': [0, 1, 8], 'minimum': -0.05231847921143684, 'action': 'remove', 'coordinate': 0}, {'active': [1, 8], 'minimum': -0.03660563839322839, 'action': 'remove', 'coordinate': 1}, {'active': [8], 'minimum': 1.0, 'action': 'accept'}]",True,False,0.0,0.0009175026233740265,0.0017430322648493452,1,0,0.36539232383910225,True
32,A,clean,"[0.3954533745755935, 0.035209713495316874, 0.2410789298033933, 0.0, 0.02222975042025155, 0.0, 0.1664996836424706, 0.031864913951267226, 0.10766363411173963, 0.0]",4,4,"[{'active': [0, 2, 4, 5, 6, 8, 9], 'minimum': -0.00011455996224896126, 'action': 'remove', 'coordinate': 5}, {'active': [0, 2, 4, 6, 8, 9], 'minimum': 0.051752265140681764, 'action': 'add', 'coordinate': 7}, {'active': [0, 2, 4, 6, 7, 8, 9], 'minimum': 0.011802760417708669, 'action': 'add', 'coordinate': 1}, {'active': [0, 1, 2, 4, 6, 7, 8, 9], 'minimum': -0.004418169291262153, 'action': 'remove', 'coordinate': 9}, {'active': [0, 1, 2, 4, 6, 7, 8], 'minimum': 0.02222975042025155, 'action': 'accept'}]",True,False,3.26405569239796e-14,6.645847582508567e-05,0.002103631762546203,7,0,0.7059797419212528,True
32,A,brightness_dark,"[0.49030123547669646, 0.03897850882772502, 0.12160094960302814, 0.0, 0.0, 0.0, 0.2793915740256234, 0.0, 0.06972773206692295, 0.0]",6,6,"[{'active': [0, 4, 5, 6, 9], 'minimum': -0.21144978880457876, 'action': 'remove', 'coordinate': 5}, {'active': [0, 4, 6, 9], 'minimum': 0.06233940980292492, 'action': 'add', 'coordinate': 2}, {'active': [0, 2, 4, 6, 9], 'minimum': -0.2829153744452244, 'action': 'remove', 'coordinate': 4}, {'active': [0, 2, 6, 9], 'minimum': 0.06627933162332872, 'action': 'add', 'coordinate': 8}, {'active': [0, 2, 6, 8, 9], 'minimum': 0.046146864247024855, 'action': 'add', 'coordinate': 1}, {'active': [0, 1, 2, 6, 8, 9], 'minimum': -0.4853687572610852, 'action': 'remove', 'coordinate': 9}, {'active': [0, 1, 2, 6, 8], 'minimum': 0.03897850882772502, 'action': 'accept'}]",True,False,3.9968028886505635e-15,0.00022521527849905267,0.005310496339943137,5,0,1.208246217178179,True
32,A,contrast_low,"[0.515327346578129, 0.002036154440978599, 0.22333211130558084, 0.0, 0.05599015168218102, 0.0, 0.19434648376276442, 0.008967752230404358, 0.0, 0.0]",5,5,"[{'active': [0, 4, 5, 6, 9], 'minimum': -0.028153949927256505, 'action': 'remove', 'coordinate': 5}, {'active': [0, 4, 6, 9], 'minimum': -0.02165245188916018, 'action': 'remove', 'coordinate': 9}, {'active': [0, 4, 6], 'minimum': 0.15427562151024254, 'action': 'add', 'coordinate': 2}, {'active': [0, 2, 4, 6], 'minimum': 0.1019550944218457, 'action': 'add', 'coordinate': 1}, {'active': [0, 1, 2, 4, 6], 'minimum': 0.0017991008596593971, 'action': 'add', 'coordinate': 7}, {'active': [0, 1, 2, 4, 6, 7], 'minimum': 0.002036154440978599, 'action': 'accept'}]",True,False,3.8191672047105385e-14,5.0774337164869096e-05,0.001962396350017481,6,0,0.7706460235223574,True
32,A,gaussian_noise,"[0.38241409493404177, 0.020540758200627618, 0.2767003176095457, 0.0, 0.0, 0.0, 0.15490297615945414, 0.03936085512876275, 0.1260809979675681, 0.0]",5,5,"[{'active': [0, 2, 4, 5, 6, 8, 9], 'minimum': -0.014262804346337532, 'action': 'remove', 'coordinate': 5}, {'active': [0, 2, 4, 6, 8, 9], 'minimum': 0.03384486163611622, 'action': 'add', 'coordinate': 7}, {'active': [0, 2, 4, 6, 7, 8, 9], 'minimum': -0.01724294878798105, 'action': 'remove', 'coordinate': 4}, {'active': [0, 2, 6, 7, 8, 9], 'minimum': 0.028513588804968126, 'action': 'add', 'coordinate': 1}, {'active': [0, 1, 2, 6, 7, 8, 9], 'minimum': -0.03474255590353437, 'action': 'remove', 'coordinate': 9}, {'active': [0, 1, 2, 6, 7, 8], 'minimum': 0.020540758200627618, 'action': 'accept'}]",True,False,3.316574445633158e-16,7.503663157979571e-05,0.002588065425025462,6,0,0.8490262234792264,True
32,A,gaussian_blur,"[0.3978413997146477, 0.05668110984797181, 0.13539588579718043, 0.0, 0.09190368779606928, 0.009083343937083654, 0.16891879549347877, 0.037155141060040364, 0.09795063642032176, 0.005069999933198233]",2,2,"[{'active': [0, 2, 4, 5, 6, 8, 9], 'minimum': 0.012659293159423157, 'action': 'add', 'coordinate': 7}, {'active': [0, 2, 4, 5, 6, 7, 8, 9], 'minimum': 0.00562543007008863, 'action': 'add', 'coordinate': 1}, {'active': [0, 1, 2, 4, 5, 6, 7, 8, 9], 'minimum': 0.005069999933198233, 'action': 'accept'}]",True,False,7.993605777301127e-15,3.868905305249941e-05,0.0012625204322909349,9,0,0.5706461170915826,True
32,B,clean,"[0.3954533745755935, 0.035209713495316874, 0.2410789298033933, 0.0, 0.02222975042025155, 0.0, 0.1664996836424706, 0.031864913951267226, 0.10766363411173963, 0.0]",4,4,"[{'active': [0, 2, 4, 5, 6, 8, 9], 'minimum': -0.00011455996224896126, 'action': 'remove', 'coordinate': 5}, {'active': [0, 2, 4, 6, 8, 9], 'minimum': 0.051752265140681764, 'action': 'add', 'coordinate': 7}, {'active': [0, 2, 4, 6, 7, 8, 9], 'minimum': 0.011802760417708669, 'action': 'add', 'coordinate': 1}, {'active': [0, 1, 2, 4, 6, 7, 8, 9], 'minimum': -0.004418169291262153, 'action': 'remove', 'coordinate': 9}, {'active': [0, 1, 2, 4, 6, 7, 8], 'minimum': 0.02222975042025155, 'action': 'accept'}]",True,False,3.26405569239796e-14,6.645847582508567e-05,0.002103631762546203,7,0,0.7059797419212528,True
32,B,brightness_dark,"[0.4960476913706664, 0.03921501421111406, 0.11808816818446033, 0.0, 0.0, 0.0, 0.2834805885663296, 0.0, 0.06316853766743336, 0.0]",6,6,"[{'active': [0, 4, 5, 6, 9], 'minimum': -0.2208336769706396, 'action': 'remove', 'coordinate': 5}, {'active': [0, 4, 6, 9], 'minimum': 0.06085357885289733, 'action': 'add', 'coordinate': 2}, {'active': [0, 2, 4, 6, 9], 'minimum': -0.2965693509843934, 'action': 'remove', 'coordinate': 4}, {'active': [0, 2, 6, 9], 'minimum': 0.06477276988961628, 'action': 'add', 'coordinate': 8}, {'active': [0, 2, 6, 8, 9], 'minimum': 0.04606914847216936, 'action': 'add', 'coordinate': 1}, {'active': [0, 1, 2, 6, 8, 9], 'minimum': -0.5270533617545254, 'action': 'remove', 'coordinate': 9}, {'active': [0, 1, 2, 6, 8], 'minimum': 0.03921501421111406, 'action': 'accept'}]",True,False,3.774758283725532e-15,0.00024976708287110453,0.005553896666712467,5,0,1.2145245042115282,True
32,B,contrast_low,"[0.5169531155982243, 0.0, 0.24004035337436314, 0.0, 0.0, 0.0, 0.243006531027413, 0.0, 0.0, 0.0]",4,4,"[{'active': [0, 4, 5, 6, 9], 'minimum': -0.041355257303330006, 'action': 'remove', 'coordinate': 5}, {'active': [0, 4, 6, 9], 'minimum': -0.03755431817038632, 'action': 'remove', 'coordinate': 9}, {'active': [0, 4, 6], 'minimum': 0.20230517648531432, 'action': 'add', 'coordinate': 2}, {'active': [0, 2, 4, 6], 'minimum': -0.04387638757534518, 'action': 'remove', 'coordinate': 4}, {'active': [0, 2, 6], 'minimum': 0.24004035337436314, 'action': 'accept'}]",True,False,4.440892098500626e-16,6.659123794649179e-05,0.0018854418077751199,3,0,0.9742163182004996,True
32,B,gaussian_noise,"[0.38518756480547545, 0.01815023927858439, 0.27717435313693084, 0.0, 0.0, 0.0, 0.1549819743176697, 0.0414472189621069, 0.1230586494992334, 0.0]",5,5,"[{'active': [0, 2, 4, 5, 6, 8, 9], 'minimum': -0.011371702698021124, 'action': 'remove', 'coordinate': 5}, {'active': [0, 2, 4, 6, 8, 9], 'minimum': 0.031087772413255665, 'action': 'add', 'coordinate': 7}, {'active': [0, 2, 4, 6, 7, 8, 9], 'minimum': -0.029673178404237888, 'action': 'remove', 'coordinate': 4}, {'active': [0, 2, 6, 7, 8, 9], 'minimum': 0.025248254265070935, 'action': 'add', 'coordinate': 1}, {'active': [0, 1, 2, 6, 7, 8, 9], 'minimum': -0.03763353175577322, 'action': 'remove', 'coordinate': 9}, {'active': [0, 1, 2, 6, 7, 8], 'minimum': 0.01815023927858439, 'action': 'accept'}]",True,False,6.661338147750939e-16,7.681122058358188e-05,0.0026688037755986634,6,0,0.8570531622282123,True
32,B,gaussian_blur,"[0.4000476173491716, 0.057828918991958744, 0.1309700857869558, 0.0, 0.0950739782599399, 0.009850677921940942, 0.1669265062283607, 0.036740002430356355, 0.09758115589511362, 0.004981057136205891]",2,2,"[{'active': [0, 2, 4, 5, 6, 8, 9], 'minimum': 0.013117533018263572, 'action': 'add', 'coordinate': 7}, {'active': [0, 2, 4, 5, 6, 7, 8, 9], 'minimum': 0.006382084625877631, 'action': 'add', 'coordinate': 1}, {'active': [0, 1, 2, 4, 5, 6, 7, 8, 9], 'minimum': 0.004981057136205891, 'action': 'accept'}]",True,False,3.552713678800501e-15,3.694009039984228e-05,0.0012175367033746064,9,0,0.5624636984783963,True
33,A,clean,"[0.05037911637459075, 0.0, 0.19825396943055967, 0.0, 0.0, 0.7173420163953578, 0.0, 0.0, 0.0, 0.03402489779949358]",8,8,"[{'active': [2, 3], 'minimum': 0.3324436432383792, 'action': 'add', 'coordinate': 1}, {'active': [1, 2, 3], 'minimum': 0.06073391292598898, 'action': 'add', 'coordinate': 5}, {'active': [1, 2, 3, 5], 'minimum': -0.03367440900233587, 'action': 'remove', 'coordinate': 3}, {'active': [1, 2, 5], 'minimum': 0.051415668706151024, 'action': 'add', 'coordinate': 8}, {'active': [1, 2, 5, 8], 'minimum': 0.023690083873842832, 'action': 'add', 'coordinate': 0}, {'active': [0, 1, 2, 5, 8], 'minimum': -0.00552586812665723, 'action': 'remove', 'coordinate': 8}, {'active': [0, 1, 2, 5], 'minimum': 0.022635179501691603, 'action': 'add', 'coordinate': 9}, {'active': [0, 1, 2, 5, 9], 'minimum': -0.1787255441805229, 'action': 'remove', 'coordinate': 1}, {'active': [0, 2, 5, 9], 'minimum': 0.03402489779949358, 'action': 'accept'}]",True,False,1.7763568394002505e-15,0.0008797214013106404,0.003829149520367064,4,0,1.6790794748633653,True
33,A,brightness_dark,"[0.020174640715286074, 0.0, 0.16722604723080947, 0.0, 0.0, 0.733297629787504, 0.0, 0.0, 0.06639613878331385, 0.012905543483086923]",6,6,"[{'active': [3], 'minimum': 1.0, 'action': 'add', 'coordinate': 8}, {'active': [3, 8], 'minimum': 0.10753683106919154, 'action': 'add', 'coordinate': 2}, {'active': [2, 3, 8], 'minimum': 0.08198329301008278, 'action': 'add', 'coordinate': 9}, {'active': [2, 3, 8, 9], 'minimum': 0.0417052844313954, 'action': 'add', 'coordinate': 5}, {'active': [2, 3, 5, 8, 9], 'minimum': -0.5179604662450443, 'action': 'remove', 'coordinate': 3}, {'active': [2, 5, 8, 9], 'minimum': 0.009613619316772546, 'action': 'add', 'coordinate': 0}, {'active': [0, 2, 5, 8, 9], 'minimum': 0.012905543483086923, 'action': 'accept'}]",True,False,4.440892098500626e-16,0.0014521809198320872,0.004886359270703292,5,0,2.0,True
33,A,contrast_low,"[0.11944336959517354, 0.04810821050188113, 0.09273825328712493, 0.0, 0.0, 0.7397101666158195, 0.0, 0.0, 0.0, 0.0]",4,4,"[{'active': [2, 3], 'minimum': 0.3385633840888624, 'action': 'add', 'coordinate': 1}, {'active': [1, 2, 3], 'minimum': 0.15327857106579484, 'action': 'add', 'coordinate': 0}, {'active': [0, 1, 2, 3], 'minimum': 0.06520949050564229, 'action': 'add', 'coordinate': 5}, {'active': [0, 1, 2, 3, 5], 'minimum': -0.42509747296286093, 'action': 'remove', 'coordinate': 3}, {'active': [0, 1, 2, 5], 'minimum': 0.04810821050188113, 'action': 'accept'}]",True,False,8.881784197001252e-16,0.0007375442128810181,0.004648247708370238,4,0,1.8145234934257495,True
33,A,gaussian_noise,"[0.05095842944841844, 0.0, 0.08868898477557341, 0.09776295572373273, 0.0, 0.7223569016682264, 0.0, 0.0, 0.0, 0.04023272838404557]",7,7,"[{'active': [2, 3], 'minimum': 0.20108745053306756, 'action': 'add', 'coordinate': 1}, {'active': [1, 2, 3], 'minimum': 0.05870559274586881, 'action': 'add', 'coordinate': 8}, {'active': [1, 2, 3, 8], 'minimum': 0.02605775370495117, 'action': 'add', 'coordinate': 5}, {'active': [1, 2, 3, 5, 8], 'minimum': 0.027568903906995068, 'action': 'add', 'coordinate': 0}, {'active': [0, 1, 2, 3, 5, 8], 'minimum': 0.0019503157373748081, 'action': 'add', 'coordinate': 9}, {'active': [0, 1, 2, 3, 5, 8, 9], 'minimum': -0.3032280758629611, 'action': 'remove', 'coordinate': 1}, {'active': [0, 2, 3, 5, 8, 9], 'minimum': -0.007052325442072238, 'action': 'remove', 'coordinate': 8}, {'active': [0, 2, 3, 5, 9], 'minimum': 0.04023272838404557, 'action': 'accept'}]",True,False,3.4416913763379853e-15,0.000620619083709887,0.002812594108745369,5,0,1.6270961190013842,True
33,A,gaussian_blur,"[0.041397605408694305, 0.0, 0.15533823109063238, 0.0, 0.0, 0.8032641635006721, 0.0, 0.0, 0.0, 0.0]",6,6,"[{'active': [2, 3, 9], 'minimum': 0.054768877180353115, 'action': 'add', 'coordinate': 5}, {'active': [2, 3, 5, 9], 'minimum': -0.05374588230626648, 'action': 'remove', 'coordinate': 3}, {'active': [2, 5, 9], 'minimum': 0.021592045622629452, 'action': 'add', 'coordinate': 8}, {'active': [2, 5, 8, 9], 'minimum': -0.016741252269172613, 'action': 'remove', 'coordinate': 9}, {'active': [2, 5, 8], 'minimum': 0.029149249429503782, 'action': 'add', 'coordinate': 0}, {'active': [0, 2, 5, 8], 'minimum': -0.010715054596682427, 'action': 'remove', 'coordinate': 8}, {'active': [0, 2, 5], 'minimum': 0.041397605408694305, 'action': 'accept'}]",True,False,1.2212453270876722e-15,0.0007846110380026233,0.003515325973435036,3,0,1.6989145486350843,True
33,B,clean,"[0.05037911637459075, 0.0, 0.19825396943055967, 0.0, 0.0, 0.7173420163953578, 0.0, 0.0, 0.0, 0.03402489779949358]",8,8,"[{'active': [2, 3], 'minimum': 0.3324436432383792, 'action': 'add', 'coordinate': 1}, {'active': [1, 2, 3], 'minimum': 0.06073391292598898, 'action': 'add', 'coordinate': 5}, {'active': [1, 2, 3, 5], 'minimum': -0.03367440900233587, 'action': 'remove', 'coordinate': 3}, {'active': [1, 2, 5], 'minimum': 0.051415668706151024, 'action': 'add', 'coordinate': 8}, {'active': [1, 2, 5, 8], 'minimum': 0.023690083873842832, 'action': 'add', 'coordinate': 0}, {'active': [0, 1, 2, 5, 8], 'minimum': -0.00552586812665723, 'action': 'remove', 'coordinate': 8}, {'active': [0, 1, 2, 5], 'minimum': 0.022635179501691603, 'action': 'add', 'coordinate': 9}, {'active': [0, 1, 2, 5, 9], 'minimum': -0.1787255441805229, 'action': 'remove', 'coordinate': 1}, {'active': [0, 2, 5, 9], 'minimum': 0.03402489779949358, 'action': 'accept'}]",True,False,1.7763568394002505e-15,0.0008797214013106404,0.003829149520367064,4,0,1.6790794748633653,True
33,B,brightness_dark,"[0.020489641027694017, 0.0, 0.1653466116868859, 0.0, 0.0, 0.7382646069977438, 0.0, 0.0, 0.06332159684862537, 0.012577543439051375]",6,6,"[{'active': [3], 'minimum': 1.0, 'action': 'add', 'coordinate': 8}, {'active': [3, 8], 'minimum': 0.10424764907935954, 'action': 'add', 'coordinate': 2}, {'active': [2, 3, 8], 'minimum': 0.07840839921370407, 'action': 'add', 'coordinate': 9}, {'active': [2, 3, 8, 9], 'minimum': 0.03861867916073955, 'action': 'add', 'coordinate': 5}, {'active': [2, 3, 5, 8, 9], 'minimum': -0.5585373196300469, 'action': 'remove', 'coordinate': 3}, {'active': [2, 5, 8, 9], 'minimum': 0.009234068748331166, 'action': 'add', 'coordinate': 0}, {'active': [0, 2, 5, 8, 9], 'minimum': 0.012577543439051375, 'action': 'accept'}]",True,False,4.440892098500626e-16,0.00159049235348282,0.004963541365272331,5,0,2.0000000000000004,True
33,B,contrast_low,"[0.11678459346627079, 0.0616863519061219, 0.0863929649917985, 0.0, 0.0, 0.7351360896358081, 0.0, 0.0, 0.0, 0.0]",4,4,"[{'active': [2, 3], 'minimum': 0.3526210279319316, 'action': 'add', 'coordinate': 1}, {'active': [1, 2, 3], 'minimum': 0.16475105563280656, 'action': 'add', 'coordinate': 0}, {'active': [0, 1, 2, 3], 'minimum': 0.058052419371642294, 'action': 'add', 'coordinate': 5}, {'active': [0, 1, 2, 3, 5], 'minimum': -0.6164865317310131, 'action': 'remove', 'coordinate': 3}, {'active': [0, 1, 2, 5], 'minimum': 0.0616863519061219, 'action': 'accept'}]",True,False,6.661338147750939e-16,0.0009368596155087233,0.005626204348251172,4,0,1.8272140700164023,True
33,B,gaussian_noise,"[0.04757070811537312, 0.0, 0.09486783393840637, 0.09611357504895635, 0.0, 0.7193496725541715, 0.0, 0.0, 0.0, 0.04209821034310268]",7,7,"[{'active': [2, 3], 'minimum': 0.20447616399011476, 'action': 'add', 'coordinate': 1}, {'active': [1, 2, 3], 'minimum': 0.058881450455834844, 'action': 'add', 'coordinate': 8}, {'active': [1, 2, 3, 8], 'minimum': 0.026103804039239786, 'action': 'add', 'coordinate': 5}, {'active': [1, 2, 3, 5, 8], 'minimum': 0.02901720649463413, 'action': 'add', 'coordinate': 0}, {'active': [0, 1, 2, 3, 5, 8], 'minimum': -0.0005848786132585104, 'action': 'remove', 'coordinate': 8}, {'active': [0, 1, 2, 3, 5], 'minimum': 0.0280084775773769, 'action': 'add', 'coordinate': 9}, {'active': [0, 1, 2, 3, 5, 9], 'minimum': -0.16809589067460706, 'action': 'remove', 'coordinate': 1}, {'active': [0, 2, 3, 5, 9], 'minimum': 0.04209821034310268, 'action': 'accept'}]",True,False,9.992007221626409e-15,0.0006101821529755177,0.002790751107107886,5,0,1.6180371820252846,True
33,B,gaussian_blur,"[0.04185966902859406, 0.0, 0.15517934140852763, 0.0, 0.0, 0.8029609895628784, 0.0, 0.0, 0.0, 0.0]",6,6,"[{'active': [2, 3, 9], 'minimum': 0.055110285396580916, 'action': 'add', 'coordinate': 5}, {'active': [2, 3, 5, 9], 'minimum': -0.059243009591695706, 'action': 'remove', 'coordinate': 3}, {'active': [2, 5, 9], 'minimum': 0.02143961286345722, 'action': 'add', 'coordinate': 8}, {'active': [2, 5, 8, 9], 'minimum': -0.01681592976594387, 'action': 'remove', 'coordinate': 9}, {'active': [2, 5, 8], 'minimum': 0.02945934018401708, 'action': 'add', 'coordinate': 0}, {'active': [0, 2, 5, 8], 'minimum': -0.01275009011750372, 'action': 'remove', 'coordinate': 8}, {'active': [0, 2, 5], 'minimum': 0.04185966902859406, 'action': 'accept'}]",True,False,1.5070410197548512e-17,0.0007980192797650482,0.003591799704917931,3,0,1.708282943556627,True
34,A,clean,"[0.06516928738867778, 0.0287660982934312, 0.11859026404335138, 0.45621150198699245, 0.19104399598468014, 0.00197706583496593, 0.030216891328391116, 0.0, 0.10802489513948677, 0.0]",1,1,"[{'active': [0, 1, 2, 3, 4, 6, 8], 'minimum': 0.028844257107677684, 'action': 'add', 'coordinate': 5}, {'active': [0, 1, 2, 3, 4, 5, 6, 8], 'minimum': 0.00197706583496593, 'action': 'accept'}]",True,False,2.3203661214665772e-14,3.158998663347519e-06,0.0003800518881882406,8,0,0.17194654982637828,True
34,A,brightness_dark,"[0.02768513534942696, 0.03999003921517774, 0.18881994587958673, 0.4191269542347058, 0.11770800608167065, 0.0, 0.04382555231019669, 0.0, 0.16284436692918103, 0.0]",2,2,"[{'active': [0, 2, 3, 4, 6, 8, 9], 'minimum': 0.026338166707830624, 'action': 'add', 'coordinate': 1}, {'active': [0, 1, 2, 3, 4, 6, 8, 9], 'minimum': -0.038400014848189556, 'action': 'remove', 'coordinate': 9}, {'active': [0, 1, 2, 3, 4, 6, 8], 'minimum': 0.02768513534942696, 'action': 'accept'}]",True,False,5.440092820663267e-14,4.693288571356801e-06,7.602311778164388e-05,7,0,0.3322212177817778,True
34,A,contrast_low,"[0.11281380508676797, 0.0, 0.0, 0.20260052001179218, 0.14524298429863158, 0.0, 0.1929689625858506, 0.13946545634304286, 0.1308512145297751, 0.0760570571441539]",0,0,"[{'active': [0, 3, 4, 6, 7, 8, 9], 'minimum': 0.0760570571441539, 'action': 'accept'}]",True,False,1.4210854715202004e-14,4.1390446570937574e-06,0.00038685685454520596,7,0,0.5139235170850935,True
34,A,gaussian_noise,"[0.016910787591487342, 0.004445155150323031, 0.10117523865359601, 0.54864803175817, 0.15214672233440307, 0.0029509317255799195, 0.018468399714624884, 0.0, 0.15525473307176035, 0.0]",3,3,"[{'active': [1, 2, 3, 4, 8], 'minimum': 0.004243460134121468, 'action': 'add', 'coordinate': 6}, {'active': [1, 2, 3, 4, 6, 8], 'minimum': 0.005204271746092393, 'action': 'add', 'coordinate': 0}, {'active': [0, 1, 2, 3, 4, 6, 8], 'minimum': 0.0044862595706562924, 'action': 'add', 'coordinate': 5}, {'active': [0, 1, 2, 3, 4, 5, 6, 8], 'minimum': 0.0029509317255799195, 'action': 'accept'}]",True,False,5.5289106626332796e-14,5.4535498805217215e-06,0.0005940023743722766,8,0,0.21036885450758705,True
34,A,gaussian_blur,"[0.05402308097807662, 0.0, 0.02935514008252227, 0.42263017247207646, 0.2320960271300514, 0.0, 0.09292124242045485, 0.0, 0.16897433691682906, 0.0]",2,2,"[{'active': [0, 1, 3, 4, 6, 8], 'minimum': -0.005212332539163311, 'action': 'remove', 'coordinate': 1}, {'active': [0, 3, 4, 6, 8], 'minimum': 0.0571468199577172, 'action': 'add', 'coordinate': 2}, {'active': [0, 2, 3, 4, 6, 8], 'minimum': 0.02935514008252227, 'action': 'accept'}]",True,False,1.0658141036401503e-14,5.869834251190193e-06,0.0003587149262561641,6,0,0.2514341539136655,True
34,B,clean,"[0.06516928738867778, 0.0287660982934312, 0.11859026404335138, 0.45621150198699245, 0.19104399598468014, 0.00197706583496593, 0.030216891328391116, 0.0, 0.10802489513948677, 0.0]",1,1,"[{'active': [0, 1, 2, 3, 4, 6, 8], 'minimum': 0.028844257107677684, 'action': 'add', 'coordinate': 5}, {'active': [0, 1, 2, 3, 4, 5, 6, 8], 'minimum': 0.00197706583496593, 'action': 'accept'}]",True,False,2.3203661214665772e-14,3.158998663347519e-06,0.0003800518881882406,8,0,0.17194654982637828,True
34,B,brightness_dark,"[0.024252235323531934, 0.03869536984177968, 0.19550647992988957, 0.42458245944532536, 0.11083685084756212, 0.0, 0.04078208191904453, 0.0, 0.16534452269277056, 0.0]",2,2,"[{'active': [0, 2, 3, 4, 6, 8, 9], 'minimum': 0.02294680275456429, 'action': 'add', 'coordinate': 1}, {'active': [0, 1, 2, 3, 4, 6, 8, 9], 'minimum': -0.040291612738333704, 'action': 'remove', 'coordinate': 9}, {'active': [0, 1, 2, 3, 4, 6, 8], 'minimum': 0.024252235323531934, 'action': 'accept'}]",True,False,9.625633623500107e-14,4.083385422672311e-06,6.391347393746682e-05,7,0,0.31454050063228256,True
34,B,contrast_low,"[0.10083201465421965, 0.0, 0.0, 0.21185145852552267, 0.16211615236559673, 0.0, 0.18531165386843007, 0.12076245532662, 0.1363826993357975, 0.08274356592380983]",0,0,"[{'active': [0, 3, 4, 6, 7, 8, 9], 'minimum': 0.08274356592380983, 'action': 'accept'}]",True,False,3.552713678800501e-15,2.998435374594029e-06,0.00020708990480028145,7,0,0.4248009391368682,True
34,B,gaussian_noise,"[0.012209997815452844, 0.002217523912521724, 0.11068585834968303, 0.5601061292297729, 0.14613067992746664, 0.0, 0.013711878404645717, 0.0, 0.15493793236043202, 0.0]",2,2,"[{'active': [1, 2, 3, 4, 8], 'minimum': 0.0019419303548838807, 'action': 'add', 'coordinate': 6}, {'active': [1, 2, 3, 4, 6, 8], 'minimum': 0.0027231609333738804, 'action': 'add', 'coordinate': 0}, {'active': [0, 1, 2, 3, 4, 6, 8], 'minimum': 0.002217523912521724, 'action': 'accept'}]",True,False,2.5091040356528538e-14,5.1592443019240335e-06,0.0005067924967899558,7,0,0.19734227094017087,True
34,B,gaussian_blur,"[0.05551147124188738, 0.0, 0.01731985375748124, 0.41458896266482315, 0.24303837680969664, 0.0, 0.09583225601379919, 0.0, 0.17370907951233505, 0.0]",2,2,"[{'active': [0, 1, 3, 4, 6, 8], 'minimum': -0.0038612410442391276, 'action': 'remove', 'coordinate': 1}, {'active': [0, 3, 4, 6, 8], 'minimum': 0.05734560776286379, 'action': 'add', 'coordinate': 2}, {'active': [0, 2, 3, 4, 6, 8], 'minimum': 0.01731985375748124, 'action': 'accept'}]",True,False,2.2648549702353193e-14,5.667295154684808e-06,0.0003605470926130266,6,0,0.2471096393751636,True
35,A,clean,"[0.0, 0.5887045734554717, 0.0, 0.0, 0.0, 0.0, 0.0, 0.0, 0.4112954265445283, 0.0]",0,0,"[{'active': [1, 8], 'minimum': 0.4112954265445283, 'action': 'accept'}]",True,False,5.898059818321144e-17,0.002987640186350413,0.0037271908560953674,2,0,0.1942243962976286,True
35,A,brightness_dark,"[0.0, 0.5587600903017996, 0.0, 0.0, 0.0, 0.0, 0.0, 0.0, 0.44123990969820037, 0.0]",0,0,"[{'active': [1, 8], 'minimum': 0.44123990969820037, 'action': 'accept'}]",True,False,1.3877787807814457e-17,0.0027662566176478724,0.0036123845607978766,2,0,0.24928722375161372,True
35,A,contrast_low,"[0.0, 0.3862232696877811, 0.0, 0.0, 0.0, 0.0, 0.0, 0.0, 0.6137767303122189, 0.0]",0,0,"[{'active': [1, 8], 'minimum': 0.3862232696877811, 'action': 'accept'}]",True,False,6.938893903907228e-18,0.0013929269591023007,0.0032314089273576354,2,0,0.37784597852050994,True
35,A,gaussian_noise,"[0.0, 0.5841256244463671, 0.0, 0.0, 0.0, 0.0, 0.0, 0.0, 0.415874375553633, 0.0]",0,0,"[{'active': [1, 8], 'minimum': 0.415874375553633, 'action': 'accept'}]",True,False,3.469446951953614e-17,0.0024771452564026227,0.0026341442271172323,2,0,0.09792724188566221,True
35,A,gaussian_blur,"[0.0, 0.6177894605944223, 0.0, 0.0, 0.0, 0.0, 0.0, 0.0, 0.38221053940557775, 0.0]",1,1,"[{'active': [1, 2, 8], 'minimum': -0.10459668924558296, 'action': 'remove', 'coordinate': 2}, {'active': [1, 8], 'minimum': 0.38221053940557775, 'action': 'accept'}]",True,False,1.3877787807814457e-17,0.0017286596500830633,0.0021534995044644187,2,0,0.16213394986968763,True
35,B,clean,"[0.0, 0.5887045734554717, 0.0, 0.0, 0.0, 0.0, 0.0, 0.0, 0.4112954265445283, 0.0]",0,0,"[{'active': [1, 8], 'minimum': 0.4112954265445283, 'action': 'accept'}]",True,False,5.898059818321144e-17,0.002987640186350413,0.0037271908560953674,2,0,0.1942243962976286,True
35,B,brightness_dark,"[0.0, 0.559501887488078, 0.0, 0.0, 0.0, 0.0, 0.0, 0.0, 0.44049811251192195, 0.0]",0,0,"[{'active': [1, 8], 'minimum': 0.44049811251192195, 'action': 'accept'}]",True,False,6.938893903907228e-18,0.002864743075530442,0.0036428604995287685,2,0,0.23794983921478274,True
35,B,contrast_low,"[0.0, 0.41254036975202635, 0.0, 0.0, 0.0, 0.0, 0.0, 0.0, 0.5874596302479737, 0.0]",0,0,"[{'active': [1, 8], 'minimum': 0.41254036975202635, 'action': 'accept'}]",True,False,6.938893903907228e-18,0.0015316716011311107,0.004159876671151542,2,0,0.45020470163692217,True
35,B,gaussian_noise,"[0.0, 0.5825254636830897, 0.0, 0.0, 0.0, 0.0, 0.0, 0.0, 0.4174745363169103, 0.0]",0,0,"[{'active': [1, 8], 'minimum': 0.4174745363169103, 'action': 'accept'}]",True,False,3.122502256758253e-17,0.0025117596132113694,0.002660378315249804,2,0,0.09668723341278135,True
35,B,gaussian_blur,"[0.0, 0.6183974622233558, 0.0, 0.0, 0.0, 0.0, 0.0, 0.0, 0.3816025377766442, 0.0]",1,1,"[{'active': [1, 2, 8], 'minimum': -0.1024687798233761, 'action': 'remove', 'coordinate': 2}, {'active': [1, 8], 'minimum': 0.3816025377766442, 'action': 'accept'}]",True,False,3.122502256758253e-17,0.0016741528945659694,0.002258269866597164,2,0,0.17294977978511597,True
36,A,clean,"[0.06360849747385666, 0.17308557501487098, 0.1096136558278431, 0.2365067392489557, 0.07944875538618135, 0.0, 0.09333965880253636, 0.24439711824578048, 0.0, 0.0]",2,2,"[{'active': [0, 1, 3, 4, 7], 'minimum': 0.050750536584717676, 'action': 'add', 'coordinate': 6}, {'active': [0, 1, 3, 4, 6, 7], 'minimum': 0.06976924228346859, 'action': 'add', 'coordinate': 2}, {'active': [0, 1, 2, 3, 4, 6, 7], 'minimum': 0.06360849747385666, 'action': 'accept'}]",True,False,2.4646951146678475e-14,0.0004098027075402476,0.0015930375268786697,7,0,0.8583950619758387,True
36,A,brightness_dark,"[0.07551932550849066, 0.1498052600439821, 0.16293591851447875, 0.0, 0.0, 0.17904702686405471, 0.13500014435108998, 0.29769232471790374, 0.0, 0.0]",2,2,"[{'active': [0, 1, 4, 5, 6, 7], 'minimum': 0.08265519401198543, 'action': 'add', 'coordinate': 2}, {'active': [0, 1, 2, 4, 5, 6, 7], 'minimum': -0.10783729268081288, 'action': 'remove', 'coordinate': 4}, {'active': [0, 1, 2, 5, 6, 7], 'minimum': 0.07551932550849066, 'action': 'accept'}]",True,False,1.3258708367325234e-15,0.0002491166246769402,0.002966759641226414,6,0,0.7263640503498171,True
36,A,contrast_low,"[0.1843175397097898, 0.07944862658546459, 0.0, 0.282969242141327, 0.09905706564462236, 0.0382374990213421, 0.13059490789475703, 0.18537511900279213, 0.0, 0.0]",5,5,"[{'active': [0, 3, 4, 9], 'minimum': 0.10581879355674906, 'action': 'add', 'coordinate': 6}, {'active': [0, 3, 4, 6, 9], 'minimum': 0.10258023943746797, 'action': 'add', 'coordinate': 7}, {'active': [0, 3, 4, 6, 7, 9], 'minimum': 0.10905186232807296, 'action': 'add', 'coordinate': 1}, {'active': [0, 1, 3, 4, 6, 7, 9], 'minimum': -0.13934119544691725, 'action': 'remove', 'coordinate': 9}, {'active': [0, 1, 3, 4, 6, 7], 'minimum': 0.08193361307018421, 'action': 'add', 'coordinate': 5}, {'active': [0, 1, 3, 4, 5, 6, 7], 'minimum': 0.0382374990213421, 'action': 'accept'}]",True,False,9.50350909079134e-14,2.8297406911403383e-05,0.0010501442733406902,7,0,1.062939918885606,True
36,A,gaussian_noise,"[0.08872520017268037, 0.1360524035888424, 0.12774528372513316, 0.21848618870267345, 0.1210566369533268, 0.0, 0.029405273055004955, 0.2785290138023653, 0.0, 0.0]",2,2,"[{'active': [0, 1, 3, 4, 7], 'minimum': 0.095051085916943, 'action': 'add', 'coordinate': 6}, {'active': [0, 1, 3, 4, 6, 7], 'minimum': 0.007825216951331981, 'action': 'add', 'coordinate': 2}, {'active': [0, 1, 2, 3, 4, 6, 7], 'minimum': 0.029405273055004955, 'action': 'accept'}]",True,False,2.6423307986078726e-14,0.00035206688735646397,0.0011431343096293541,7,0,0.8427734062237573,True
36,A,gaussian_blur,"[0.09184467223823845, 0.15605260467670412, 0.08714911086698862, 0.25238735866329876, 0.1284012123771845, 0.0, 0.026536994577458728, 0.257628046600054, 0.0, 0.0]",2,2,"[{'active': [0, 1, 3, 4, 7], 'minimum': 0.09385181047890279, 'action': 'add', 'coordinate': 6}, {'active': [0, 1, 3, 4, 6, 7], 'minimum': 0.010493115098133998, 'action': 'add', 'coordinate': 2}, {'active': [0, 1, 2, 3, 4, 6, 7], 'minimum': 0.026536994577458728, 'action': 'accept'}]",True,False,7.283063041541027e-14,0.0003616164423436769,0.0014364448759557743,7,0,0.7573414927128341,True
36,B,clean,"[0.06360849747385666, 0.17308557501487098, 0.1096136558278431, 0.2365067392489557, 0.07944875538618135, 0.0, 0.09333965880253636, 0.24439711824578048, 0.0, 0.0]",2,2,"[{'active': [0, 1, 3, 4, 7], 'minimum': 0.050750536584717676, 'action': 'add', 'coordinate': 6}, {'active': [0, 1, 3, 4, 6, 7], 'minimum': 0.06976924228346859, 'action': 'add', 'coordinate': 2}, {'active': [0, 1, 2, 3, 4, 6, 7], 'minimum': 0.06360849747385666, 'action': 'accept'}]",True,False,2.4646951146678475e-14,0.0004098027075402476,0.0015930375268786697,7,0,0.8583950619758387,True
36,B,brightness_dark,"[0.07569031870226467, 0.1496248166331624, 0.17146862373652727, 0.0, 0.0, 0.178530254205171, 0.1346858424984374, 0.29000014422443954, 0.0, 0.0]",2,2,"[{'active': [0, 1, 4, 5, 6, 7], 'minimum': 0.08330155429794145, 'action': 'add', 'coordinate': 2}, {'active': [0, 1, 2, 4, 5, 6, 7], 'minimum': -0.15278928856321272, 'action': 'remove', 'coordinate': 4}, {'active': [0, 1, 2, 5, 6, 7], 'minimum': 0.07569031870226467, 'action': 'accept'}]",True,False,2.220446049250313e-15,0.00026349573864462895,0.0032754195680855893,6,0,0.7157173646765338,True
36,B,contrast_low,"[0.1919150087700663, 0.08645047429898334, 0.0, 0.16671641061435594, 0.0698974020225549, 0.11641570850553506, 0.17600006095069531, 0.1926049348377461, 0.0, 0.0]",3,3,"[{'active': [0, 3, 4, 5, 6, 9], 'minimum': 0.04266941854199047, 'action': 'add', 'coordinate': 7}, {'active': [0, 3, 4, 5, 6, 7, 9], 'minimum': 0.05717422674929651, 'action': 'add', 'coordinate': 1}, {'active': [0, 1, 3, 4, 5, 6, 7, 9], 'minimum': -0.18686675442325518, 'action': 'remove', 'coordinate': 9}, {'active': [0, 1, 3, 4, 5, 6, 7], 'minimum': 0.0698974020225549, 'action': 'accept'}]",True,False,6.306066779870889e-14,3.293388252935209e-05,0.0014035315806408713,7,0,1.2068768777480043,True
36,B,gaussian_noise,"[0.08847713617988395, 0.13817290984080532, 0.1226923431512148, 0.2140893880362924, 0.1346279944413169, 0.0, 0.028240620408020334, 0.2736996079424978, 0.0, 0.0]",2,2,"[{'active': [0, 1, 3, 4, 7], 'minimum': 0.09473687040804668, 'action': 'add', 'coordinate': 6}, {'active': [0, 1, 3, 4, 6, 7], 'minimum': 0.006082054571374229, 'action': 'add', 'coordinate': 2}, {'active': [0, 1, 2, 3, 4, 6, 7], 'minimum': 0.028240620408020334, 'action': 'accept'}]",True,False,3.1530333899354446e-14,0.00032924290751240354,0.0011773172474109095,7,0,0.8478702739593085,True
36,B,gaussian_blur,"[0.09357649227792386, 0.15469159444630876, 0.0783984394748245, 0.2564613784190293, 0.13209345958506447, 0.0, 0.024124955533935122, 0.260653680262962, 0.0, 0.0]",2,2,"[{'active': [0, 1, 3, 4, 7], 'minimum': 0.0954242039560913, 'action': 'add', 'coordinate': 6}, {'active': [0, 1, 3, 4, 6, 7], 'minimum': 0.00965400735838351, 'action': 'add', 'coordinate': 2}, {'active': [0, 1, 2, 3, 4, 6, 7], 'minimum': 0.024124955533935122, 'action': 'accept'}]",True,False,4.796163466380676e-14,0.00035976444466705697,0.0014631264205983358,7,0,0.7341183923010257,True
37,A,clean,"[0.0, 0.169230540146053, 0.42188234185052753, 0.020719706032373608, 0.0, 0.0, 0.0482869395140022, 0.0, 0.0, 0.3398804724570539]",5,5,"[{'active': [2, 9], 'minimum': 0.4616257669936034, 'action': 'add', 'coordinate': 6}, {'active': [2, 6, 9], 'minimum': 0.05912119953228956, 'action': 'add', 'coordinate': 1}, {'active': [1, 2, 6, 9], 'minimum': 0.05499094837489086, 'action': 'add', 'coordinate': 5}, {'active': [1, 2, 5, 6, 9], 'minimum': 0.013916118037768044, 'action': 'add', 'coordinate': 3}, {'active': [1, 2, 3, 5, 6, 9], 'minimum': -0.01033384541987914, 'action': 'remove', 'coordinate': 5}, {'active': [1, 2, 3, 6, 9], 'minimum': 0.020719706032373608, 'action': 'accept'}]",True,False,1.021405182655144e-14,0.00024526735708169377,0.0006214676961423777,5,0,0.4764743713848474,True
37,A,brightness_dark,"[0.0, 0.3477487693116359, 0.4376706062425484, 0.022230328673000344, 0.0, 0.0, 0.05955107304769314, 0.0, 0.0, 0.1327992227251542]",4,4,"[{'active': [2, 3, 9], 'minimum': 0.09784018222021462, 'action': 'add', 'coordinate': 6}, {'active': [2, 3, 6, 9], 'minimum': -0.050531506462449416, 'action': 'remove', 'coordinate': 3}, {'active': [2, 6, 9], 'minimum': 0.07549755239514377, 'action': 'add', 'coordinate': 1}, {'active': [1, 2, 6, 9], 'minimum': 0.06812405217052815, 'action': 'add', 'coordinate': 3}, {'active': [1, 2, 3, 6, 9], 'minimum': 0.022230328673000344, 'action': 'accept'}]",True,False,3.197442310920451e-14,5.322713833618815e-05,0.0006293984496114238,5,0,0.9536111412446334,True
37,A,contrast_low,"[0.0, 0.154579000706633, 0.4424905223083755, 0.0, 0.039079110035487474, 0.08840341409354124, 0.0, 0.0, 0.0, 0.2754479528559841]",5,5,"[{'active': [2, 9], 'minimum': 0.4703924248835413, 'action': 'add', 'coordinate': 6}, {'active': [2, 6, 9], 'minimum': 0.03244941675114532, 'action': 'add', 'coordinate': 5}, {'active': [2, 5, 6, 9], 'minimum': 0.012883657742032206, 'action': 'add', 'coordinate': 1}, {'active': [1, 2, 5, 6, 9], 'minimum': 0.0005927610374714121, 'action': 'add', 'coordinate': 4}, {'active': [1, 2, 4, 5, 6, 9], 'minimum': -0.018938232932402155, 'action': 'remove', 'coordinate': 6}, {'active': [1, 2, 4, 5, 9], 'minimum': 0.039079110035487474, 'action': 'accept'}]",True,False,2.1316282072803006e-14,0.00013485367417602007,0.0009964290428224024,5,0,0.5641230496713021,True
37,A,gaussian_noise,"[0.0, 0.2420003590054307, 0.46409158691097874, 0.013186747535115728, 0.0, 0.007655136475364088, 0.016280022845037934, 0.0, 0.0, 0.25678614722802706]",4,4,"[{'active': [2, 9], 'minimum': 0.4619752868926287, 'action': 'add', 'coordinate': 6}, {'active': [2, 6, 9], 'minimum': 0.03069628387466894, 'action': 'add', 'coordinate': 1}, {'active': [1, 2, 6, 9], 'minimum': 0.021891249572546075, 'action': 'add', 'coordinate': 5}, {'active': [1, 2, 5, 6, 9], 'minimum': 0.01703694242057807, 'action': 'add', 'coordinate': 3}, {'active': [1, 2, 3, 5, 6, 9], 'minimum': 0.007655136475364088, 'action': 'accept'}]",True,False,4.574118861455645e-14,0.00019271246281444787,0.0004039257301907992,6,0,0.5913395736680422,True
37,A,gaussian_blur,"[0.0, 0.32088053127023386, 0.47876472519248825, 0.026087168179833142, 0.0, 0.0, 0.022744181799819962, 0.0, 0.0, 0.15152339355762479]",5,5,"[{'active': [2, 9], 'minimum': 0.4732829487068641, 'action': 'add', 'coordinate': 6}, {'active': [2, 6, 9], 'minimum': 0.04423139290831535, 'action': 'add', 'coordinate': 1}, {'active': [1, 2, 6, 9], 'minimum': 0.03241806646743904, 'action': 'add', 'coordinate': 5}, {'active': [1, 2, 5, 6, 9], 'minimum': 0.017973133469268987, 'action': 'add', 'coordinate': 3}, {'active': [1, 2, 3, 5, 6, 9], 'minimum': -0.004856078955768339, 'action': 'remove', 'coordinate': 5}, {'active': [1, 2, 3, 6, 9], 'minimum': 0.022744181799819962, 'action': 'accept'}]",True,False,4.51461784622964e-16,0.00030720194529819313,0.001533072316734815,5,0,0.9283546968335492,True
37,B,clean,"[0.0, 0.169230540146053, 0.42188234185052753, 0.020719706032373608, 0.0, 0.0, 0.0482869395140022, 0.0, 0.0, 0.3398804724570539]",5,5,"[{'active': [2, 9], 'minimum': 0.4616257669936034, 'action': 'add', 'coordinate': 6}, {'active': [2, 6, 9], 'minimum': 0.05912119953228956, 'action': 'add', 'coordinate': 1}, {'active': [1, 2, 6, 9], 'minimum': 0.05499094837489086, 'action': 'add', 'coordinate': 5}, {'active': [1, 2, 5, 6, 9], 'minimum': 0.013916118037768044, 'action': 'add', 'coordinate': 3}, {'active': [1, 2, 3, 5, 6, 9], 'minimum': -0.01033384541987914, 'action': 'remove', 'coordinate': 5}, {'active': [1, 2, 3, 6, 9], 'minimum': 0.020719706032373608, 'action': 'accept'}]",True,False,1.021405182655144e-14,0.00024526735708169377,0.0006214676961423777,5,0,0.4764743713848474,True
37,B,brightness_dark,"[0.0, 0.34608719394431375, 0.43831870866058686, 0.024483883257332195, 0.0, 0.0, 0.05769739881955083, 0.0, 0.0, 0.13341281531822347]",4,4,"[{'active': [2, 3, 9], 'minimum': 0.09530334576113919, 'action': 'add', 'coordinate': 6}, {'active': [2, 3, 6, 9], 'minimum': -0.046907824830614286, 'action': 'remove', 'coordinate': 3}, {'active': [2, 6, 9], 'minimum': 0.07453282662007221, 'action': 'add', 'coordinate': 1}, {'active': [1, 2, 6, 9], 'minimum': 0.06706472269709321, 'action': 'add', 'coordinate': 3}, {'active': [1, 2, 3, 6, 9], 'minimum': 0.024483883257332195, 'action': 'accept'}]",True,False,7.105427357601002e-15,5.35956442763405e-05,0.0008194533230895685,5,0,0.9180974504563798,True
37,B,contrast_low,"[0.0, 0.24343707623177124, 0.4782162746994487, 0.010659589576604844, 0.0, 0.09838370760638071, 0.0, 0.0, 0.0, 0.16930335188574475]",5,5,"[{'active': [2, 9], 'minimum': 0.4732456475757141, 'action': 'add', 'coordinate': 6}, {'active': [2, 6, 9], 'minimum': 0.033827743653986, 'action': 'add', 'coordinate': 5}, {'active': [2, 5, 6, 9], 'minimum': 0.01239401685596142, 'action': 'add', 'coordinate': 1}, {'active': [1, 2, 5, 6, 9], 'minimum': -0.004490032477924011, 'action': 'remove', 'coordinate': 6}, {'active': [1, 2, 5, 9], 'minimum': 0.10871091877153927, 'action': 'add', 'coordinate': 3}, {'active': [1, 2, 3, 5, 9], 'minimum': 0.010659589576604844, 'action': 'accept'}]",True,False,4.973799150320701e-14,0.00010996787035599039,0.0009766915529999137,5,0,0.7049607468295636,True
37,B,gaussian_noise,"[0.0, 0.24247080003605959, 0.4637667466800619, 0.01935016118957833, 0.0, 0.006963279308010328, 0.011825985078356638, 0.0, 0.0, 0.2556230277079834]",4,4,"[{'active': [2, 9], 'minimum': 0.46143779342064334, 'action': 'add', 'coordinate': 6}, {'active': [2, 6, 9], 'minimum': 0.027727075235512988, 'action': 'add', 'coordinate': 1}, {'active': [1, 2, 6, 9], 'minimum': 0.019133315906685797, 'action': 'add', 'coordinate': 5}, {'active': [1, 2, 5, 6, 9], 'minimum': 0.015591045256159397, 'action': 'add', 'coordinate': 3}, {'active': [1, 2, 3, 5, 6, 9], 'minimum': 0.006963279308010328, 'action': 'accept'}]",True,False,5.0182080713057076e-14,0.00018391621350355555,0.00037129728076933474,6,0,0.5858412283632998,True
37,B,gaussian_blur,"[0.0, 0.34628371144896164, 0.4796830296933896, 0.02820826847908897, 0.0, 0.0, 0.02189511706079017, 0.0, 0.0, 0.12392987331774918]",5,5,"[{'active': [2, 9], 'minimum': 0.47185891144732023, 'action': 'add', 'coordinate': 6}, {'active': [2, 6, 9], 'minimum': 0.04581841943697351, 'action': 'add', 'coordinate': 1}, {'active': [1, 2, 6, 9], 'minimum': 0.03235785534173079, 'action': 'add', 'coordinate': 5}, {'active': [1, 2, 5, 6, 9], 'minimum': 0.019161109644039165, 'action': 'add', 'coordinate': 3}, {'active': [1, 2, 3, 5, 6, 9], 'minimum': -0.008728021216995785, 'action': 'remove', 'coordinate': 5}, {'active': [1, 2, 3, 6, 9], 'minimum': 0.02189511706079017, 'action': 'accept'}]",True,False,2.042810365310288e-14,0.00031391574088087835,0.0015295956529371181,5,0,0.9802295989453467,True
38,A,clean,"[0.0, 0.01557517223342314, 0.0, 0.0, 0.0, 0.0, 0.0, 0.0, 0.9844248277665768, 0.0]",2,2,"[{'active': [8, 9], 'minimum': 0.005944230263006722, 'action': 'add', 'coordinate': 1}, {'active': [1, 8, 9], 'minimum': -0.31010071567345676, 'action': 'remove', 'coordinate': 9}, {'active': [1, 8], 'minimum': 0.01557517223342314, 'action': 'accept'}]",True,False,2.0816681711721685e-17,0.0006952453765141467,0.003585601637188249,2,0,0.4993161729074996,True
38,A,brightness_dark,"[0.0, 0.0, 0.0, 0.0, 0.0, 0.0, 0.0, 0.0, 1.0, 0.0]",1,1,"[{'active': [2, 8], 'minimum': -0.033259801976743275, 'action': 'remove', 'coordinate': 2}, {'active': [8], 'minimum': 1.0, 'action': 'accept'}]",True,False,0.0,0.00028689729425924174,0.00045828019840435917,1,0,0.034295470339431755,True
38,A,contrast_low,"[0.0, 0.20535379269480047, 0.0, 0.0, 0.0, 0.0, 0.0, 0.0, 0.7946462073051995, 0.0]",3,3,"[{'active': [5, 8, 9], 'minimum': -0.14699881281342553, 'action': 'remove', 'coordinate': 5}, {'active': [8, 9], 'minimum': 0.21150635731061151, 'action': 'add', 'coordinate': 1}, {'active': [1, 8, 9], 'minimum': -0.561807495795259, 'action': 'remove', 'coordinate': 9}, {'active': [1, 8], 'minimum': 0.20535379269480047, 'action': 'accept'}]",True,False,8.673617379884035e-18,0.0011126316751027673,0.003385409540765796,2,0,0.4596482700057688,True
38,A,gaussian_noise,"[0.0, 0.051314640293206704, 0.0, 0.0, 0.0, 0.0, 0.0, 0.0, 0.9486853597067932, 0.0]",2,2,"[{'active': [8, 9], 'minimum': 0.04081658005308797, 'action': 'add', 'coordinate': 1}, {'active': [1, 8, 9], 'minimum': -0.49645548317992905, 'action': 'remove', 'coordinate': 9}, {'active': [1, 8], 'minimum': 0.051314640293206704, 'action': 'accept'}]",True,False,5.204170427930421e-18,0.0012337072961878185,0.003069563876927285,2,0,0.4926254103634878,True
38,A,gaussian_blur,"[0.0, 0.08468737552640401, 0.0, 0.0, 0.0, 0.0, 0.0, 0.0, 0.915312624473596, 0.0]",2,2,"[{'active': [8, 9], 'minimum': 0.07505873849916611, 'action': 'add', 'coordinate': 1}, {'active': [1, 8, 9], 'minimum': -0.536588417012581, 'action': 'remove', 'coordinate': 9}, {'active': [1, 8], 'minimum': 0.08468737552640401, 'action': 'accept'}]",True,False,4.85722573273506e-17,0.0012495929369954052,0.002862895153445099,2,0,0.5219436204673215,True
38,B,clean,"[0.0, 0.01557517223342314, 0.0, 0.0, 0.0, 0.0, 0.0, 0.0, 0.9844248277665768, 0.0]",2,2,"[{'active': [8, 9], 'minimum': 0.005944230263006722, 'action': 'add', 'coordinate': 1}, {'active': [1, 8, 9], 'minimum': -0.31010071567345676, 'action': 'remove', 'coordinate': 9}, {'active': [1, 8], 'minimum': 0.01557517223342314, 'action': 'accept'}]",True,False,2.0816681711721685e-17,0.0006952453765141467,0.003585601637188249,2,0,0.4993161729074996,True
38,B,brightness_dark,"[0.0, 0.0, 0.0, 0.0, 0.0, 0.0, 0.0, 0.0, 1.0, 0.0]",1,1,"[{'active': [2, 8], 'minimum': -0.033962731940348156, 'action': 'remove', 'coordinate': 2}, {'active': [8], 'minimum': 1.0, 'action': 'accept'}]",True,False,0.0,0.000302711808483785,0.00046632038829055557,1,0,0.0324173772146476,True
38,B,contrast_low,"[0.0, 0.19732947394778538, 0.0, 0.0, 0.0, 0.0, 0.0, 0.0, 0.8026705260522147, 0.0]",3,3,"[{'active': [5, 8, 9], 'minimum': -0.1316998889198644, 'action': 'remove', 'coordinate': 5}, {'active': [8, 9], 'minimum': 0.20674748672314036, 'action': 'add', 'coordinate': 1}, {'active': [1, 8, 9], 'minimum': -0.5158489911013255, 'action': 'remove', 'coordinate': 9}, {'active': [1, 8], 'minimum': 0.19732947394778538, 'action': 'accept'}]",True,False,6.938893903907228e-18,0.0009069490803768711,0.0032453992911332763,2,0,0.41751171451248825,True
38,B,gaussian_noise,"[0.0, 0.05396329368416852, 0.0, 0.0, 0.0, 0.0, 0.0, 0.0, 0.9460367063158315, 0.0]",2,2,"[{'active': [8, 9], 'minimum': 0.042432326344721494, 'action': 'add', 'coordinate': 1}, {'active': [1, 8, 9], 'minimum': -0.49946331067752325, 'action': 'remove', 'coordinate': 9}, {'active': [1, 8], 'minimum': 0.05396329368416852, 'action': 'accept'}]",True,False,3.8163916471489756e-17,0.001235850295794276,0.003073835482158891,2,0,0.5019605920111252,True
38,B,gaussian_blur,"[0.0, 0.08820930977822619, 0.0, 0.0, 0.0, 0.0, 0.0, 0.0, 0.9117906902217738, 0.0]",2,2,"[{'active': [8, 9], 'minimum': 0.08061264089930242, 'action': 'add', 'coordinate': 1}, {'active': [1, 8, 9], 'minimum': -0.5459705236732422, 'action': 'remove', 'coordinate': 9}, {'active': [1, 8], 'minimum': 0.08820930977822619, 'action': 'accept'}]",True,False,6.938893903907228e-18,0.0012539620442179598,0.0028232408576792283,2,0,0.5213065975964281,True
39,A,clean,"[0.0, 0.01246263110718751, 0.9875373688928125, 0.0, 0.0, 0.0, 0.0, 0.0, 0.0, 0.0]",1,1,"[{'active': [2], 'minimum': 1.0, 'action': 'add', 'coordinate': 1}, {'active': [1, 2], 'minimum': 0.01246263110718751, 'action': 'accept'}]",True,False,3.469446951953614e-17,0.000637122598328047,0.0006646757848094427,2,0,0.024925262214374994,True
39,A,brightness_dark,"[0.0, 0.03816287673488389, 0.9618371232651162, 0.0, 0.0, 0.0, 0.0, 0.0, 0.0, 0.0]",1,1,"[{'active': [2], 'minimum': 1.0, 'action': 'add', 'coordinate': 1}, {'active': [1, 2], 'minimum': 0.03816287673488389, 'action': 'accept'}]",True,False,2.7755575615628914e-17,0.000471774125871831,0.0007243857742401862,2,0,0.07632575346976772,True
39,A,contrast_low,"[0.0, 0.0, 0.9381978148434804, 0.0, 0.0, 0.03232976703067436, 0.0, 0.0, 0.02947241812584392, 0.0]",2,2,"[{'active': [2], 'minimum': 1.0, 'action': 'add', 'coordinate': 8}, {'active': [2, 8], 'minimum': 0.029675731796672544, 'action': 'add', 'coordinate': 5}, {'active': [2, 5, 8], 'minimum': 0.02947241812584392, 'action': 'accept'}]",True,False,1.3322676295501878e-15,0.0004392182068320713,0.0005422315753995784,3,0,0.12360437031303786,True
39,A,gaussian_noise,"[0.0, 0.0, 0.9700079417260984, 0.0, 0.0, 0.0, 0.0, 0.0, 0.02999205827390164, 0.0]",1,1,"[{'active': [2], 'minimum': 1.0, 'action': 'add', 'coordinate': 8}, {'active': [2, 8], 'minimum': 0.02999205827390164, 'action': 'accept'}]",True,False,1.5612511283791264e-17,0.0004622257910748276,0.0005782500708431374,2,0,0.05998411654780325,True
39,A,gaussian_blur,"[0.03276157652876499, 0.0, 0.9486592456323963, 0.0, 0.0, 0.0, 0.0, 0.0, 0.018579177838836447, 0.0]",2,2,"[{'active': [2], 'minimum': 1.0, 'action': 'add', 'coordinate': 8}, {'active': [2, 8], 'minimum': 0.04180806714238783, 'action': 'add', 'coordinate': 0}, {'active': [0, 2, 8], 'minimum': 0.018579177838836447, 'action': 'accept'}]",True,False,2.220446049250313e-15,0.0005901926374977353,0.0008141129673828542,3,0,0.1026815087352051,True
39,B,clean,"[0.0, 0.01246263110718751, 0.9875373688928125, 0.0, 0.0, 0.0, 0.0, 0.0, 0.0, 0.0]",1,1,"[{'active': [2], 'minimum': 1.0, 'action': 'add', 'coordinate': 1}, {'active': [1, 2], 'minimum': 0.01246263110718751, 'action': 'accept'}]",True,False,3.469446951953614e-17,0.000637122598328047,0.0006646757848094427,2,0,0.024925262214374994,True
39,B,brightness_dark,"[0.0, 0.036363469221574934, 0.963636530778425, 0.0, 0.0, 0.0, 0.0, 0.0, 0.0, 0.0]",1,1,"[{'active': [2], 'minimum': 1.0, 'action': 'add', 'coordinate': 1}, {'active': [1, 2], 'minimum': 0.036363469221574934, 'action': 'accept'}]",True,False,7.806255641895632e-18,0.0004966687171063674,0.0007246144262850157,2,0,0.0727269384431499,True
39,B,contrast_low,"[0.02995347867942688, 0.0, 0.9299901667055444, 0.0, 0.0, 0.02824381723178737, 0.0, 0.0, 0.011812537383236066, 0.0]",3,3,"[{'active': [2], 'minimum': 1.0, 'action': 'add', 'coordinate': 8}, {'active': [2, 8], 'minimum': 0.035472186061857536, 'action': 'add', 'coordinate': 5}, {'active': [2, 5, 8], 'minimum': 0.025707064154479653, 'action': 'add', 'coordinate': 0}, {'active': [0, 2, 5, 8], 'minimum': 0.011812537383236066, 'action': 'accept'}]",True,False,5.329070518200751e-15,0.00039300142928295784,0.0005335396003328848,4,0,0.14001966658890597,True
39,B,gaussian_noise,"[0.0, 0.0, 0.9695608904722086, 0.0, 0.0, 0.0, 0.0, 0.0, 0.03043910952779144, 0.0]",1,1,"[{'active': [2], 'minimum': 1.0, 'action': 'add', 'coordinate': 8}, {'active': [2, 8], 'minimum': 0.03043910952779144, 'action': 'accept'}]",True,False,2.3852447794681098e-17,0.0004621517885535451,0.0005803290390805222,2,0,0.06087821905558283,True
39,B,gaussian_blur,"[0.03638697079617348, 0.0, 0.9448321491106202, 0.0, 0.0, 0.0, 0.0, 0.0, 0.018780880093205443, 0.0]",2,2,"[{'active': [2], 'minimum': 1.0, 'action': 'add', 'coordinate': 8}, {'active': [2, 8], 'minimum': 0.04466954191315797, 'action': 'add', 'coordinate': 0}, {'active': [0, 2, 8], 'minimum': 0.018780880093205443, 'action': 'accept'}]",True,False,8.881784197001252e-16,0.0005646212527054228,0.0008214379073882476,3,0,0.11033570177875873,True
40,A,clean,"[0.0, 0.4027476337113738, 0.0, 0.06194100125395133, 0.0, 0.0, 0.0, 0.0, 0.16259611378216532, 0.37271525125253824]",1,1,"[{'active': [1, 2, 3, 8, 9], 'minimum': -0.021998180199895412, 'action': 'remove', 'coordinate': 2}, {'active': [1, 3, 8, 9], 'minimum': 0.06194100125395133, 'action': 'accept'}]",True,False,2.864375403532904e-14,0.00010144657189197673,0.0053664997171564985,4,0,0.3978985555287753,True
40,A,brightness_dark,"[0.0, 0.03854956158649259, 0.0, 0.0, 0.0, 0.0, 0.0, 0.0, 0.14924130316293294, 0.8122091352505807]",3,3,"[{'active': [2, 3, 8, 9], 'minimum': -0.013902962041533073, 'action': 'remove', 'coordinate': 2}, {'active': [3, 8, 9], 'minimum': -0.008199894864291513, 'action': 'remove', 'coordinate': 3}, {'active': [8, 9], 'minimum': 0.14023433995650275, 'action': 'add', 'coordinate': 1}, {'active': [1, 8, 9], 'minimum': 0.03854956158649259, 'action': 'accept'}]",True,False,6.217248937900877e-15,0.0001765850570793359,0.016647487823836467,3,0,0.7305630271490936,True
40,A,contrast_low,"[0.0, 0.4429123672713695, 0.0, 0.0, 0.0, 0.0, 0.07612189387079382, 0.0, 0.23324267592872006, 0.2477230629291487]",1,1,"[{'active': [1, 3, 6, 8, 9], 'minimum': -0.1388431778192114, 'action': 'remove', 'coordinate': 3}, {'active': [1, 6, 8, 9], 'minimum': 0.07612189387079382, 'action': 'accept'}]",True,False,3.197442310920451e-14,0.00023197218116284655,0.001103566536855143,4,0,0.5156427690014747,True
40,A,gaussian_noise,"[0.0, 0.42885338253105143, 0.0, 0.08842500084289318, 0.0, 0.0, 0.0, 0.0, 0.16059564615584376, 0.3221259704702186]",1,1,"[{'active': [1, 2, 3, 8, 9], 'minimum': -0.010975906205306085, 'action': 'remove', 'coordinate': 2}, {'active': [1, 3, 8, 9], 'minimum': 0.08842500084289318, 'action': 'accept'}]",True,False,7.105427357601002e-15,6.907545800586858e-05,0.00602304886593886,4,0,0.4598957538720708,True
40,A,gaussian_blur,"[0.0, 0.23630405960173562, 0.0, 0.023347148144863716, 0.0, 0.04961902343069369, 0.0, 0.0, 0.18344814197867976, 0.5072816268440192]",2,2,"[{'active': [1, 2, 3, 8, 9], 'minimum': -0.006210934496876153, 'action': 'remove', 'coordinate': 2}, {'active': [1, 3, 8, 9], 'minimum': 0.06764818027785846, 'action': 'add', 'coordinate': 5}, {'active': [1, 3, 5, 8, 9], 'minimum': 0.023347148144863716, 'action': 'accept'}]",True,False,7.993605777301127e-15,9.146920077366808e-05,0.00355514665734447,5,0,0.4954584148973895,True
40,B,clean,"[0.0, 0.4027476337113738, 0.0, 0.06194100125395133, 0.0, 0.0, 0.0, 0.0, 0.16259611378216532, 0.37271525125253824]",1,1,"[{'active': [1, 2, 3, 8, 9], 'minimum': -0.021998180199895412, 'action': 'remove', 'coordinate': 2}, {'active': [1, 3, 8, 9], 'minimum': 0.06194100125395133, 'action': 'accept'}]",True,False,2.864375403532904e-14,0.00010144657189197673,0.0053664997171564985,4,0,0.3978985555287753,True
40,B,brightness_dark,"[0.0, 0.039266184673039994, 0.0, 0.0, 0.0, 0.0, 0.0, 0.0, 0.14809575913112827, 0.8126380561958415]",3,3,"[{'active': [2, 3, 8, 9], 'minimum': -0.010506605608967767, 'action': 'remove', 'coordinate': 2}, {'active': [3, 8, 9], 'minimum': -0.009026022043522874, 'action': 'remove', 'coordinate': 3}, {'active': [8, 9], 'minimum': 0.13896972808264008, 'action': 'add', 'coordinate': 1}, {'active': [1, 8, 9], 'minimum': 0.039266184673039994, 'action': 'accept'}]",True,False,9.769962616701378e-15,0.00019458096399058579,0.016705241315486,3,0,0.7327094816391374,True
40,B,contrast_low,"[0.0, 0.46128573156535957, 0.0, 0.0, 0.0, 0.0, 0.061863094759570414, 0.0, 0.22836832524734063, 0.24848284842775392]",0,0,"[{'active': [1, 6, 8, 9], 'minimum': 0.061863094759570414, 'action': 'accept'}]",True,False,2.4424906541753444e-14,0.00018549467668534786,0.0010554583700512462,4,0,0.6298417731248245,True
40,B,gaussian_noise,"[0.0, 0.4306257624036913, 0.0, 0.09362043794828834, 0.0, 0.0, 0.0, 0.0, 0.16275294103856608, 0.3130008586093904]",1,1,"[{'active': [1, 2, 3, 8, 9], 'minimum': -0.008864921088493016, 'action': 'remove', 'coordinate': 2}, {'active': [1, 3, 8, 9], 'minimum': 0.09362043794828834, 'action': 'accept'}]",True,False,6.38378239159465e-14,6.956204138453817e-05,0.006312150213712178,4,0,0.472509838852598,True
40,B,gaussian_blur,"[0.0, 0.2289685394590606, 0.0, 0.01604792879111505, 0.0, 0.05222367884823598, 0.0, 0.0, 0.1832732926199725, 0.5194865602816208]",2,2,"[{'active': [1, 2, 3, 8, 9], 'minimum': -0.008007192009837683, 'action': 'remove', 'coordinate': 2}, {'active': [1, 3, 8, 9], 'minimum': 0.06242076464752734, 'action': 'add', 'coordinate': 5}, {'active': [1, 3, 5, 8, 9], 'minimum': 0.01604792879111505, 'action': 'accept'}]",True,False,4.884981308350689e-15,8.837711903355845e-05,0.0034220780653876834,5,0,0.4990085223657077,True
41,A,clean,"[0.0, 0.0, 0.0, 0.0, 0.0, 0.49470337190007185, 0.24003823889506565, 0.0, 0.11236730397538472, 0.15289108522947747]",2,2,"[{'active': [3, 5, 6, 9], 'minimum': -0.005520526236998613, 'action': 'remove', 'coordinate': 3}, {'active': [5, 6, 9], 'minimum': 0.2284480562026634, 'action': 'add', 'coordinate': 8}, {'active': [5, 6, 8, 9], 'minimum': 0.11236730397538472, 'action': 'accept'}]",True,False,3.3306690738754696e-16,0.0031830016981470844,0.0063210164811904074,4,0,0.973820107859316,True
41,A,brightness_dark,"[0.0, 0.0, 0.0, 0.0, 0.0, 0.3653361673682166, 0.3211006665911674, 0.0, 0.09487287142436357, 0.21869029461625272]",2,2,"[{'active': [3, 5, 6, 9], 'minimum': 0.1854985254720387, 'action': 'add', 'coordinate': 8}, {'active': [3, 5, 6, 8, 9], 'minimum': -0.6564790439960859, 'action': 'remove', 'coordinate': 3}, {'active': [5, 6, 8, 9], 'minimum': 0.09487287142436357, 'action': 'accept'}]",True,False,4.440892098500626e-16,0.002213884644830846,0.00504498126795045,4,0,0.9592331623952307,True
41,A,contrast_low,"[0.0, 0.0, 0.0, 0.2796984807650431, 0.0, 0.0, 0.38836590918452785, 0.0, 0.15544584602194775, 0.1764897640284816]",2,2,"[{'active': [3, 5, 6, 9], 'minimum': -1.084084729555728, 'action': 'remove', 'coordinate': 5}, {'active': [3, 6, 9], 'minimum': 0.32315465182423975, 'action': 'add', 'coordinate': 8}, {'active': [3, 6, 8, 9], 'minimum': 0.15544584602194775, 'action': 'accept'}]",True,False,4.440892098500626e-16,0.001801278708228724,0.003036465222728045,4,0,0.8298464936887138,True
41,A,gaussian_noise,"[0.0, 0.0, 0.0, 0.0, 0.0, 0.525929392958448, 0.18757191363453207, 0.0, 0.10047063221952535, 0.18602806118749504]",3,3,"[{'active': [3, 5, 9], 'minimum': 0.07911046343236805, 'action': 'add', 'coordinate': 6}, {'active': [3, 5, 6, 9], 'minimum': -0.11047141211624911, 'action': 'remove', 'coordinate': 3}, {'active': [5, 6, 9], 'minimum': 0.1739973028565338, 'action': 'add', 'coordinate': 8}, {'active': [5, 6, 8, 9], 'minimum': 0.10047063221952535, 'action': 'accept'}]",True,False,4.440892098500626e-16,0.003071323474050879,0.005291530816507954,4,0,0.9820869833348377,True
41,A,gaussian_blur,"[0.0, 0.0, 0.0, 0.0, 0.0, 0.47221513851231256, 0.24546163332979262, 0.0, 0.11654228514662865, 0.16578094301126547]",2,2,"[{'active': [3, 5, 6, 9], 'minimum': 0.16094919026217047, 'action': 'add', 'coordinate': 8}, {'active': [3, 5, 6, 8, 9], 'minimum': -0.09270466731414828, 'action': 'remove', 'coordinate': 3}, {'active': [5, 6, 8, 9], 'minimum': 0.11654228514662865, 'action': 'accept'}]",True,False,6.661338147750939e-16,0.0021893295223210153,0.004733617754019423,4,0,0.9236780876152505,True
41,B,clean,"[0.0, 0.0, 0.0, 0.0, 0.0, 0.49470337190007185, 0.24003823889506565, 0.0, 0.11236730397538472, 0.15289108522947747]",2,2,"[{'active': [3, 5, 6, 9], 'minimum': -0.005520526236998613, 'action': 'remove', 'coordinate': 3}, {'active': [5, 6, 9], 'minimum': 0.2284480562026634, 'action': 'add', 'coordinate': 8}, {'active': [5, 6, 8, 9], 'minimum': 0.11236730397538472, 'action': 'accept'}]",True,False,3.3306690738754696e-16,0.0031830016981470844,0.0063210164811904074,4,0,0.973820107859316,True
41,B,brightness_dark,"[0.0, 0.0, 0.0, 0.0, 0.0, 0.3800927356254762, 0.3107967773180765, 0.0, 0.09947430977592014, 0.20963617728052586]",2,2,"[{'active': [3, 5, 6, 9], 'minimum': 0.20181801994938064, 'action': 'add', 'coordinate': 8}, {'active': [3, 5, 6, 8, 9], 'minimum': -0.6259742206387227, 'action': 'remove', 'coordinate': 3}, {'active': [5, 6, 8, 9], 'minimum': 0.09947430977592014, 'action': 'accept'}]",True,False,1.4432899320127035e-15,0.002305746396276367,0.0051654018929777334,4,0,0.9372656339674563,True
41,B,contrast_low,"[0.0, 0.0, 0.0, 0.2443401040859412, 0.0, 0.0, 0.4128437822248366, 0.0, 0.14824397656638358, 0.1945721371228375]",2,2,"[{'active': [3, 5, 6, 9], 'minimum': -1.267101112735291, 'action': 'remove', 'coordinate': 5}, {'active': [3, 6, 9], 'minimum': 0.31752043253378304, 'action': 'add', 'coordinate': 8}, {'active': [3, 6, 8, 9], 'minimum': 0.14824397656638358, 'action': 'accept'}]",True,False,1.2212453270876722e-15,0.0017025387819092474,0.002655806837334922,4,0,0.7378083199299125,True
41,B,gaussian_noise,"[0.0, 0.0, 0.0, 0.0, 0.0, 0.532017466077907, 0.18503500551970942, 0.0, 0.10042812476971644, 0.18251940363266692]",3,3,"[{'active': [3, 5, 9], 'minimum': 0.09251002443759049, 'action': 'add', 'coordinate': 6}, {'active': [3, 5, 6, 9], 'minimum': -0.12436808007785238, 'action': 'remove', 'coordinate': 3}, {'active': [5, 6, 9], 'minimum': 0.17113014395223503, 'action': 'add', 'coordinate': 8}, {'active': [5, 6, 8, 9], 'minimum': 0.10042812476971644, 'action': 'accept'}]",True,False,2.220446049250313e-16,0.002954926174627011,0.005060820402869492,4,0,0.9794506533505296,True
41,B,gaussian_blur,"[0.0, 0.0, 0.0, 0.0, 0.0, 0.46818080700910647, 0.2466756209358249, 0.0, 0.11597361846145854, 0.16916995359360967]",2,2,"[{'active': [3, 5, 6, 9], 'minimum': 0.1591881446119071, 'action': 'add', 'coordinate': 8}, {'active': [3, 5, 6, 8, 9], 'minimum': -0.08326749113154541, 'action': 'remove', 'coordinate': 3}, {'active': [5, 6, 8, 9], 'minimum': 0.11597361846145854, 'action': 'accept'}]",True,False,3.3306690738754696e-16,0.0021249009711096696,0.004794592092757632,4,0,0.9306522391545955,True
42,A,clean,"[0.0, 0.2903203287014122, 0.345680475827578, 0.0, 0.3040517970218488, 0.0, 0.03899402435451904, 0.020953374094620614, 0.0, 0.0]",1,1,"[{'active': [1, 2, 4, 5, 6, 7], 'minimum': -0.1454018776695989, 'action': 'remove', 'coordinate': 5}, {'active': [1, 2, 4, 6, 7], 'minimum': 0.020953374094620614, 'action': 'accept'}]",True,False,2.1316282072803006e-14,0.00038638214294017565,0.0010428732715202242,5,0,0.21239154082235967,True
42,A,brightness_dark,"[0.0, 0.24803251680169058, 0.6321467836136421, 0.0, 0.03464070607666514, 0.0, 0.03669863328567313, 0.04848136022236105, 0.0, 0.0]",2,2,"[{'active': [1, 2, 4, 6, 7, 8, 9], 'minimum': -0.6769141610932081, 'action': 'remove', 'coordinate': 9}, {'active': [1, 2, 4, 6, 7, 8], 'minimum': -0.014762291076429124, 'action': 'remove', 'coordinate': 8}, {'active': [1, 2, 4, 6, 7], 'minimum': 0.03464070607666514, 'action': 'accept'}]",True,False,3.197442310920451e-14,0.00014378115176667404,0.0017548427927696903,5,0,0.8741127897519863,True
42,A,contrast_low,"[0.0, 0.3175618411036537, 0.0, 0.0, 0.598497212829721, 0.0, 0.08394094606662605, 0.0, 0.0, 0.0]",2,2,"[{'active': [1, 2, 4, 6, 7], 'minimum': -0.5169094384240083, 'action': 'remove', 'coordinate': 2}, {'active': [1, 4, 6, 7], 'minimum': -0.22786098354717899, 'action': 'remove', 'coordinate': 7}, {'active': [1, 4, 6], 'minimum': 0.08394094606662605, 'action': 'accept'}]",True,False,8.881784197001252e-16,0.0005036728685189703,0.0018228355056231964,3,0,0.6593254737544764,True
42,A,gaussian_noise,"[0.0, 0.3001057002649743, 0.26852133044380366, 0.0, 0.28977656847695243, 0.0, 0.07594776137692705, 0.06564863943734167, 0.0, 0.0]",0,0,"[{'active': [1, 2, 4, 6, 7], 'minimum': 0.06564863943734167, 'action': 'accept'}]",True,False,3.344546861683284e-15,0.0005576869259514202,0.0006497187479556216,5,0,0.2496822977691283,True
42,A,gaussian_blur,"[0.0, 0.2820817775160579, 0.3818193223633344, 0.0, 0.23045940584247404, 0.0, 0.07696883591770298, 0.02867065836040794, 0.0, 0.0]",0,0,"[{'active': [1, 2, 4, 6, 7], 'minimum': 0.02867065836040794, 'action': 'accept'}]",True,False,2.275957200481571e-14,0.0005265092678045443,0.0011392415042474873,5,0,0.3449581407508973,True
42,B,clean,"[0.0, 0.2903203287014122, 0.345680475827578, 0.0, 0.3040517970218488, 0.0, 0.03899402435451904, 0.020953374094620614, 0.0, 0.0]",1,1,"[{'active': [1, 2, 4, 5, 6, 7], 'minimum': -0.1454018776695989, 'action': 'remove', 'coordinate': 5}, {'active': [1, 2, 4, 6, 7], 'minimum': 0.020953374094620614, 'action': 'accept'}]",True,False,2.1316282072803006e-14,0.00038638214294017565,0.0010428732715202242,5,0,0.21239154082235967,True
42,B,brightness_dark,"[0.0, 0.2481204561348278, 0.6370760576320933, 0.0, 0.026743117760616997, 0.0, 0.038108750147573645, 0.04995161832489714, 0.0, 0.0]",4,4,"[{'active': [1, 2, 4, 6, 7, 8, 9], 'minimum': -0.726138194630721, 'action': 'remove', 'coordinate': 9}, {'active': [1, 2, 4, 6, 7, 8], 'minimum': -0.0146716266372664, 'action': 'remove', 'coordinate': 4}, {'active': [1, 2, 6, 7, 8], 'minimum': -0.01284011479944791, 'action': 'remove', 'coordinate': 8}, {'active': [1, 2, 6, 7], 'minimum': 0.04097817384623417, 'action': 'add', 'coordinate': 4}, {'active': [1, 2, 4, 6, 7], 'minimum': 0.026743117760616997, 'action': 'accept'}]",True,False,8.881784197001252e-15,0.00015072881072814137,0.001816752825713891,5,0,0.9059355492003067,True
42,B,contrast_low,"[0.0, 0.3155848053849508, 0.0, 0.0, 0.5966140705178509, 0.0, 0.08780112409719898, 0.0, 0.0, 0.0]",2,2,"[{'active': [1, 2, 4, 6, 7], 'minimum': -0.35105813825253307, 'action': 'remove', 'coordinate': 2}, {'active': [1, 4, 6, 7], 'minimum': -0.23540161332680176, 'action': 'remove', 'coordinate': 7}, {'active': [1, 4, 6], 'minimum': 0.08780112409719898, 'action': 'accept'}]",True,False,6.661338147750939e-16,0.00040624279762539083,0.0012112345109844221,3,0,0.6503876381306181,True
42,B,gaussian_noise,"[0.0, 0.30055715691423845, 0.28622466804766944, 0.0, 0.25903072949852657, 0.0, 0.08136002616821791, 0.07282741937132187, 0.0, 0.0]",0,0,"[{'active': [1, 2, 4, 6, 7], 'minimum': 0.07282741937132187, 'action': 'accept'}]",True,False,2.5757174171303632e-14,0.0005538884127634923,0.0006504951076473294,5,0,0.31074783698338915,True
42,B,gaussian_blur,"[0.0, 0.28200280309633885, 0.3848440772042778, 0.0, 0.2185528330970854, 0.0, 0.07796596245145793, 0.03663432415083889, 0.0, 0.0]",0,0,"[{'active': [1, 2, 4, 6, 7], 'minimum': 0.03663432415083889, 'action': 'accept'}]",True,False,2.026590700809905e-15,0.0005175771764130376,0.0012297990138560298,5,0,0.3265735169012153,True
43,A,clean,"[0.5373462042134522, 0.0, 0.07234473875673397, 0.0, 0.3161298566438695, 0.0, 0.0, 0.0, 0.07417920038595505, 0.0]",1,1,"[{'active': [0, 4, 8], 'minimum': 0.06095749448366372, 'action': 'add', 'coordinate': 2}, {'active': [0, 2, 4, 8], 'minimum': 0.07234473875673397, 'action': 'accept'}]",True,False,1.0658141036401503e-14,0.00039550368683703225,0.0020821848539810113,4,0,0.4063414906728853,True
43,A,brightness_dark,"[0.6022907736412513, 0.0, 0.028971379698177868, 0.0, 0.2253167543803225, 0.0, 0.0, 0.14342109228024924, 0.0, 0.0]",1,1,"[{'active': [0, 4, 7], 'minimum': 0.1373477779073724, 'action': 'add', 'coordinate': 2}, {'active': [0, 2, 4, 7], 'minimum': 0.028971379698177868, 'action': 'accept'}]",True,False,8.881784197001252e-16,0.00015380220199601708,0.004278560918779968,4,0,0.737936604343792,True
43,A,contrast_low,"[0.32128114603976043, 0.0, 0.4315487449486372, 0.06323907321605948, 0.0, 0.0, 0.0, 0.0, 0.18393103579554282, 0.0]",4,4,"[{'active': [0, 2, 4, 5, 7, 8], 'minimum': -0.43703140722024614, 'action': 'remove', 'coordinate': 4}, {'active': [0, 2, 5, 7, 8], 'minimum': -0.16638386899701985, 'action': 'remove', 'coordinate': 7}, {'active': [0, 2, 5, 8], 'minimum': 0.0480471188432241, 'action': 'add', 'coordinate': 3}, {'active': [0, 2, 3, 5, 8], 'minimum': -0.08730052476379457, 'action': 'remove', 'coordinate': 5}, {'active': [0, 2, 3, 8], 'minimum': 0.06323907321605948, 'action': 'accept'}]",True,False,2.8384412875670506e-16,0.000302437438311788,0.0010435787423777871,4,0,0.9881267522935493,True
43,A,gaussian_noise,"[0.5029148474985732, 0.0, 0.15801647907233018, 0.0, 0.2375095009286925, 0.0, 0.0, 0.029664467212717094, 0.0718947052876846, 0.0]",1,1,"[{'active': [0, 4, 7, 8], 'minimum': 0.019808071713413034, 'action': 'add', 'coordinate': 2}, {'active': [0, 2, 4, 7, 8], 'minimum': 0.029664467212717094, 'action': 'accept'}]",True,False,2.4424906541753444e-15,0.00023032594800807832,0.0007846322109118145,5,0,0.46165392276722717,True
43,A,gaussian_blur,"[0.3379314816984138, 0.0, 0.3415377262980712, 0.04899257076658614, 0.08353817240205785, 0.0, 0.010345792151371214, 0.013421807633175575, 0.16423244905032597, 0.0]",5,5,"[{'active': [0, 4, 7, 8], 'minimum': -0.0036089042428810725, 'action': 'remove', 'coordinate': 7}, {'active': [0, 4, 8], 'minimum': 0.11263654427647674, 'action': 'add', 'coordinate': 2}, {'active': [0, 2, 4, 8], 'minimum': 0.1636433052123341, 'action': 'add', 'coordinate': 3}, {'active': [0, 2, 3, 4, 8], 'minimum': 0.05221303897219953, 'action': 'add', 'coordinate': 6}, {'active': [0, 2, 3, 4, 6, 8], 'minimum': 0.0037392455345823805, 'action': 'add', 'coordinate': 7}, {'active': [0, 2, 3, 4, 6, 7, 8], 'minimum': 0.010345792151371214, 'action': 'accept'}]",True,False,3.664169662132011e-15,0.0005903170324986732,0.0011254887219073208,7,0,0.9338992648285482,True
43,B,clean,"[0.5373462042134522, 0.0, 0.07234473875673397, 0.0, 0.3161298566438695, 0.0, 0.0, 0.0, 0.07417920038595505, 0.0]",1,1,"[{'active': [0, 4, 8], 'minimum': 0.06095749448366372, 'action': 'add', 'coordinate': 2}, {'active': [0, 2, 4, 8], 'minimum': 0.07234473875673397, 'action': 'accept'}]",True,False,1.0658141036401503e-14,0.00039550368683703225,0.0020821848539810113,4,0,0.4063414906728853,True
43,B,brightness_dark,"[0.6023609767938232, 0.0, 0.012430253069756203, 0.0, 0.23642732529692523, 0.0, 0.0, 0.14878144483949363, 0.0, 0.0]",1,1,"[{'active': [0, 4, 7], 'minimum': 0.1462331002882653, 'action': 'add', 'coordinate': 2}, {'active': [0, 2, 4, 7], 'minimum': 0.012430253069756203, 'action': 'accept'}]",True,False,1.7763568394002505e-15,0.00015126803967223794,0.00447239560303148,4,0,0.7264956186404954,True
43,B,contrast_low,"[0.28890835332527187, 0.0, 0.471803593941669, 0.038615195413729375, 0.0, 0.0, 0.0, 0.0, 0.20067285731932072, 0.0]",4,4,"[{'active': [0, 2, 4, 5, 7, 8], 'minimum': -0.5596541987421944, 'action': 'remove', 'coordinate': 4}, {'active': [0, 2, 5, 7, 8], 'minimum': -0.13552681904915342, 'action': 'remove', 'coordinate': 7}, {'active': [0, 2, 5, 8], 'minimum': 0.020330400914171598, 'action': 'add', 'coordinate': 3}, {'active': [0, 2, 3, 5, 8], 'minimum': -0.15871122243228086, 'action': 'remove', 'coordinate': 5}, {'active': [0, 2, 3, 8], 'minimum': 0.038615195413729375, 'action': 'accept'}]",True,False,8.992806499463768e-15,0.0003942373916161498,0.00133822578334512,4,0,1.0183395338464971,True
43,B,gaussian_noise,"[0.5011775735697643, 0.0, 0.14798058342948117, 0.0, 0.24220212700634125, 0.0, 0.0, 0.03582195132898214, 0.07281776466543377, 0.0]",1,1,"[{'active': [0, 4, 7, 8], 'minimum': 0.028622304912502505, 'action': 'add', 'coordinate': 2}, {'active': [0, 2, 4, 7, 8], 'minimum': 0.03582195132898214, 'action': 'accept'}]",True,False,2.6645352591003757e-15,0.00021671454571164198,0.0007897939152403832,5,0,0.4442170038066623,True
43,B,gaussian_blur,"[0.32953481851228084, 0.0, 0.3708054787165338, 0.05116908420324506, 0.04457983508922325, 0.0, 0.015439503767636253, 0.021628784512480514, 0.16684249519861005, 0.0]",5,5,"[{'active': [0, 4, 7, 8], 'minimum': -0.0007782132529690067, 'action': 'remove', 'coordinate': 7}, {'active': [0, 4, 8], 'minimum': 0.11160457722646488, 'action': 'add', 'coordinate': 2}, {'active': [0, 2, 4, 8], 'minimum': 0.1654005796880818, 'action': 'add', 'coordinate': 3}, {'active': [0, 2, 3, 4, 8], 'minimum': 0.05639471567264956, 'action': 'add', 'coordinate': 6}, {'active': [0, 2, 3, 4, 6, 8], 'minimum': 0.004525488303324998, 'action': 'add', 'coordinate': 7}, {'active': [0, 2, 3, 4, 6, 7, 8], 'minimum': 0.015439503767636253, 'action': 'accept'}]",True,False,9.769962616701378e-15,0.0006118070931185698,0.0011422822338350387,7,0,1.007001843989786,True
44,A,clean,"[0.0, 0.18215942295094578, 0.07569197802105165, 0.0, 0.0, 0.0, 0.09778938626169076, 0.0, 0.5750349762614668, 0.06932423650482633]",0,0,"[{'active': [1, 2, 6, 8, 9], 'minimum': 0.06932423650482633, 'action': 'accept'}]",True,False,1.865174681370263e-14,2.8186992812485585e-05,0.002963559201767605,5,0,0.4352020811915742,True
44,A,brightness_dark,"[0.06406825495928103, 0.18045078573186402, 0.08194487748093948, 0.0, 0.0, 0.0, 0.08618663688476458, 0.0, 0.4095308392064858, 0.17781860573660424]",2,2,"[{'active': [1, 2, 3, 6, 8, 9], 'minimum': -0.036593595627948616, 'action': 'remove', 'coordinate': 3}, {'active': [1, 2, 6, 8, 9], 'minimum': 0.08383782719849586, 'action': 'add', 'coordinate': 0}, {'active': [0, 1, 2, 6, 8, 9], 'minimum': 0.06406825495928103, 'action': 'accept'}]",True,False,6.084022174945858e-14,1.4742973075833718e-05,0.0076599733182457375,6,0,0.7320392802345614,True
44,A,contrast_low,"[0.01400579588563744, 0.12449266250289925, 0.11290793978914593, 0.0, 0.0, 0.0, 0.1190473099748004, 0.0, 0.6295462918475145, 0.0]",3,3,"[{'active': [2, 6, 8, 9], 'minimum': 0.09766997433747471, 'action': 'add', 'coordinate': 1}, {'active': [1, 2, 6, 8, 9], 'minimum': -0.04819820945851916, 'action': 'remove', 'coordinate': 9}, {'active': [1, 2, 6, 8], 'minimum': 0.11722291008288688, 'action': 'add', 'coordinate': 0}, {'active': [0, 1, 2, 6, 8], 'minimum': 0.01400579588563744, 'action': 'accept'}]",True,False,2.4424906541753444e-15,1.595751441366313e-05,0.0043014942391818405,5,0,0.7931745701189787,True
44,A,gaussian_noise,"[0.009651253524317838, 0.24891414536334655, 0.07350587146841381, 0.0, 0.0, 0.0, 0.10217058154620084, 0.0, 0.5657581480977232, 0.0]",2,2,"[{'active': [1, 2, 6, 8, 9], 'minimum': -0.004169165492299953, 'action': 'remove', 'coordinate': 9}, {'active': [1, 2, 6, 8], 'minimum': 0.07755169674737117, 'action': 'add', 'coordinate': 0}, {'active': [0, 1, 2, 6, 8], 'minimum': 0.009651253524317838, 'action': 'accept'}]",True,False,2.220446049250313e-15,3.0920335349506345e-05,0.004393834471221399,5,0,0.5477927009022316,True
44,A,gaussian_blur,"[0.10983760206273274, 0.21110905061080132, 0.037294757552079005, 0.0, 0.0, 0.0, 0.1299764846881757, 0.0, 0.5042709595252388, 0.00751114556101129]",0,0,"[{'active': [0, 1, 2, 6, 8, 9], 'minimum': 0.00751114556101129, 'action': 'accept'}]",True,False,3.885780586188048e-14,2.641472789211211e-05,0.0038173987365262407,6,0,0.5421881189482576,True
44,B,clean,"[0.0, 0.18215942295094578, 0.07569197802105165, 0.0, 0.0, 0.0, 0.09778938626169076, 0.0, 0.5750349762614668, 0.06932423650482633]",0,0,"[{'active': [1, 2, 6, 8, 9], 'minimum': 0.06932423650482633, 'action': 'accept'}]",True,False,1.865174681370263e-14,2.8186992812485585e-05,0.002963559201767605,5,0,0.4352020811915742,True
44,B,brightness_dark,"[0.06371242007069355, 0.1871782501043242, 0.08311424310076987, 0.0, 0.0, 0.0, 0.08683287262564177, 0.0, 0.40733502116242093, 0.17182719293617765]",2,2,"[{'active': [1, 2, 3, 6, 8, 9], 'minimum': -0.036367205107694645, 'action': 'remove', 'coordinate': 3}, {'active': [1, 2, 6, 8, 9], 'minimum': 0.0844705997275299, 'action': 'add', 'coordinate': 0}, {'active': [0, 1, 2, 6, 8, 9], 'minimum': 0.06371242007069355, 'action': 'accept'}]",True,False,2.7977620220553945e-14,1.607723715177939e-05,0.008155488308209322,6,0,0.7543801518452606,True
44,B,contrast_low,"[0.0, 0.14839730446846555, 0.13126716906051772, 0.0, 0.0, 0.0, 0.10690057944955636, 0.0, 0.6134349470214601, 0.0]",2,2,"[{'active': [2, 6, 8, 9], 'minimum': 0.10325864082357195, 'action': 'add', 'coordinate': 1}, {'active': [1, 2, 6, 8, 9], 'minimum': -0.04364711659485465, 'action': 'remove', 'coordinate': 9}, {'active': [1, 2, 6, 8], 'minimum': 0.10690057944955636, 'action': 'accept'}]",True,False,3.3306690738754696e-16,2.0056204115529514e-05,0.0062478655304923116,4,0,0.842135388990482,True
44,B,gaussian_noise,"[0.009488568014344168, 0.24454058689848823, 0.07353605338103719, 0.0, 0.0, 0.0, 0.10315133961302814, 0.0, 0.5692834520931029, 0.0]",2,2,"[{'active': [1, 2, 6, 8, 9], 'minimum': -0.01925232205982752, 'action': 'remove', 'coordinate': 9}, {'active': [1, 2, 6, 8], 'minimum': 0.07753078511540501, 'action': 'add', 'coordinate': 0}, {'active': [0, 1, 2, 6, 8], 'minimum': 0.009488568014344168, 'action': 'accept'}]",True,False,6.661338147750939e-16,3.081054325604781e-05,0.004551298164517116,5,0,0.5318090898342194,True
44,B,gaussian_blur,"[0.11186399936166325, 0.21595107175897965, 0.03538387607101967, 0.0, 0.0, 0.0, 0.1303104624547996, 0.0, 0.49910593789260194, 0.0073846524609280095]",0,0,"[{'active': [0, 1, 2, 6, 8, 9], 'minimum': 0.0073846524609280095, 'action': 'accept'}]",True,False,7.882583474838611e-15,2.5690221510953145e-05,0.003828152332602931,6,0,0.549762834346203,True
45,A,clean,"[0.03460090860136589, 0.0, 0.477773612716728, 0.0, 0.1868992960521325, 0.0, 0.17534396423333298, 0.09832129655285726, 0.02706092184355402, 0.0]",1,1,"[{'active': [0, 1, 2, 4, 6, 7, 8], 'minimum': -0.025818492650616753, 'action': 'remove', 'coordinate': 1}, {'active': [0, 2, 4, 6, 7, 8], 'minimum': 0.02706092184355402, 'action': 'accept'}]",True,False,2.930988785010413e-14,6.239853083859434e-05,0.0004615877300023649,6,0,0.3595054754051552,True
45,A,brightness_dark,"[0.10216547299068812, 0.0, 0.12987217125213402, 0.06536259105189357, 0.6041627338297255, 0.0, 0.0984370308755187, 0.0, 0.0, 0.0]",3,3,"[{'active': [0, 1, 2, 3, 4, 6, 7, 8], 'minimum': -0.02965194897377229, 'action': 'remove', 'coordinate': 1}, {'active': [0, 2, 3, 4, 6, 7, 8], 'minimum': -0.030697178988143392, 'action': 'remove', 'coordinate': 8}, {'active': [0, 2, 3, 4, 6, 7], 'minimum': -0.006141666396988654, 'action': 'remove', 'coordinate': 7}, {'active': [0, 2, 3, 4, 6], 'minimum': 0.06536259105189357, 'action': 'accept'}]",True,False,4.007905118896815e-14,3.977290858818171e-05,0.0005271465978700482,5,0,0.5696329880224857,True
45,A,contrast_low,"[0.03608393912386121, 0.0, 0.7010795267922534, 0.0, 0.0, 0.0, 0.26283653408388474, 0.0, 0.0, 0.0]",3,3,"[{'active': [0, 2, 4, 6, 7, 8], 'minimum': -1.0166238775182137, 'action': 'remove', 'coordinate': 4}, {'active': [0, 2, 6, 7, 8], 'minimum': -0.12872643231436154, 'action': 'remove', 'coordinate': 7}, {'active': [0, 2, 6, 8], 'minimum': -0.05057537381205984, 'action': 'remove', 'coordinate': 8}, {'active': [0, 2, 6], 'minimum': 0.03608393912386121, 'action': 'accept'}]",True,False,6.661338147750939e-16,0.0005224804442802418,0.001524626107771839,3,0,1.1773114874425223,True
45,A,gaussian_noise,"[0.006885221063757996, 0.0, 0.5061359970476431, 0.02781059677255726, 0.179036901071413, 0.0, 0.17300100761319293, 0.05883180196163362, 0.0482984744698447, 0.0]",5,5,"[{'active': [1, 2, 4, 6, 7, 8], 'minimum': -0.04434973257492825, 'action': 'remove', 'coordinate': 1}, {'active': [2, 4, 6, 7, 8], 'minimum': 0.05329742667606041, 'action': 'add', 'coordinate': 5}, {'active': [2, 4, 5, 6, 7, 8], 'minimum': 0.01657414912705102, 'action': 'add', 'coordinate': 0}, {'active': [0, 2, 4, 5, 6, 7, 8], 'minimum': 0.008247208593754607, 'action': 'add', 'coordinate': 3}, {'active': [0, 2, 3, 4, 5, 6, 7, 8], 'minimum': -0.016174459094727867, 'action': 'remove', 'coordinate': 5}, {'active': [0, 2, 3, 4, 6, 7, 8], 'minimum': 0.006885221063757996, 'action': 'accept'}]",True,False,4.263256414560601e-14,9.610606442308764e-05,0.0003706971038387198,7,0,0.2545104678965433,True
45,A,gaussian_blur,"[0.03511394273355606, 0.0, 0.5371261201104289, 0.0, 0.07673887568957127, 0.0, 0.2271167953452249, 0.09869698764617141, 0.025207278475058104, 0.0]",1,1,"[{'active': [0, 1, 2, 4, 6, 7, 8], 'minimum': -0.024370713234165287, 'action': 'remove', 'coordinate': 1}, {'active': [0, 2, 4, 6, 7, 8], 'minimum': 0.025207278475058104, 'action': 'accept'}]",True,False,1.0658141036401503e-14,4.4950345685237815e-05,0.00035632602760297347,6,0,0.41156546971053065,True
45,B,clean,"[0.03460090860136589, 0.0, 0.477773612716728, 0.0, 0.1868992960521325, 0.0, 0.17534396423333298, 0.09832129655285726, 0.02706092184355402, 0.0]",1,1,"[{'active': [0, 1, 2, 4, 6, 7, 8], 'minimum': -0.025818492650616753, 'action': 'remove', 'coordinate': 1}, {'active': [0, 2, 4, 6, 7, 8], 'minimum': 0.02706092184355402, 'action': 'accept'}]",True,False,2.930988785010413e-14,6.239853083859434e-05,0.0004615877300023649,6,0,0.3595054754051552,True
45,B,brightness_dark,"[0.10431840175159224, 0.0, 0.12205796105604794, 0.05827262150733681, 0.614335456563432, 0.0, 0.10101555912157911, 0.0, 0.0, 0.0]",3,3,"[{'active': [0, 1, 2, 3, 4, 6, 7, 8], 'minimum': -0.03013484388825445, 'action': 'remove', 'coordinate': 1}, {'active': [0, 2, 3, 4, 6, 7, 8], 'minimum': -0.02880595413966347, 'action': 'remove', 'coordinate': 8}, {'active': [0, 2, 3, 4, 6, 7], 'minimum': -0.009670585376628793, 'action': 'remove', 'coordinate': 7}, {'active': [0, 2, 3, 4, 6], 'minimum': 0.05827262150733681, 'action': 'accept'}]",True,False,1.1879386363489175e-14,4.116369342217383e-05,0.000552612812153117,5,0,0.5714320644381672,True
45,B,contrast_low,"[0.027560572143771056, 0.0, 0.7134005215908994, 0.0, 0.0, 0.0, 0.2590389062653289, 0.0, 0.0, 0.0]",3,3,"[{'active': [0, 2, 4, 6, 7, 8], 'minimum': -1.041178013589274, 'action': 'remove', 'coordinate': 4}, {'active': [0, 2, 6, 7, 8], 'minimum': -0.1289060271230813, 'action': 'remove', 'coordinate': 7}, {'active': [0, 2, 6, 8], 'minimum': -0.070377428407776, 'action': 'remove', 'coordinate': 8}, {'active': [0, 2, 6], 'minimum': 0.027560572143771056, 'action': 'accept'}]",True,False,6.661338147750939e-16,0.000570168454405081,0.0016828317114498692,3,0,1.1504550709621608,True
45,B,gaussian_noise,"[0.009401342400947144, 0.0, 0.5065826823370116, 0.022259774466355964, 0.1783113515962782, 0.0, 0.17346484311761046, 0.06258373761855207, 0.047396268463260505, 0.0]",4,4,"[{'active': [0, 1, 2, 4, 6, 7, 8], 'minimum': -0.04215183342894502, 'action': 'remove', 'coordinate': 1}, {'active': [0, 2, 4, 6, 7, 8], 'minimum': 0.009913127452154669, 'action': 'add', 'coordinate': 5}, {'active': [0, 2, 4, 5, 6, 7, 8], 'minimum': 0.01049943611958426, 'action': 'add', 'coordinate': 3}, {'active': [0, 2, 3, 4, 5, 6, 7, 8], 'minimum': -0.011338853080214928, 'action': 'remove', 'coordinate': 5}, {'active': [0, 2, 3, 4, 6, 7, 8], 'minimum': 0.009401342400947144, 'action': 'accept'}]",True,False,1.5987211554602254e-14,8.505222946145458e-05,0.0003342116299805567,7,0,0.24218807834812617,True
45,B,gaussian_blur,"[0.03324167277454748, 0.0, 0.5456991784728658, 0.0, 0.0635043508442692, 0.0, 0.2314326900173338, 0.10085359086159329, 0.025268517029383375, 0.0]",1,1,"[{'active': [0, 1, 2, 4, 6, 7, 8], 'minimum': -0.025556063396817486, 'action': 'remove', 'coordinate': 1}, {'active': [0, 2, 4, 6, 7, 8], 'minimum': 0.025268517029383375, 'action': 'accept'}]",True,False,7.105427357601002e-15,4.8196082248995155e-05,0.000414465069841581,6,0,0.43259395072070617,True
46,A,clean,"[0.0, 0.0, 0.16007877831225698, 0.0, 0.0, 0.839921221687743, 0.0, 0.0, 0.0, 0.0]",1,1,"[{'active': [5], 'minimum': 1.0, 'action': 'add', 'coordinate': 2}, {'active': [2, 5], 'minimum': 0.16007877831225698, 'action': 'accept'}]",True,False,8.673617379884035e-19,0.0026335690349559827,0.0030376950778435463,2,0,0.320157556624514,True
46,A,brightness_dark,"[0.0, 0.0, 0.15574269049332656, 0.0, 0.3468261311097365, 0.4974311783969796, 0.0, 0.0, 0.0, 0.0]",1,1,"[{'active': [4, 5], 'minimum': 0.4368603823202398, 'action': 'add', 'coordinate': 2}, {'active': [2, 4, 5], 'minimum': 0.15574269049332656, 'action': 'accept'}]",True,False,4.263256414560601e-14,0.0012156897495818832,0.0031571539544586577,3,0,0.9948382940607716,True
46,A,contrast_low,"[0.005791895278065007, 0.0, 0.45820696195524313, 0.0, 0.0, 0.5360011427666933, 0.0, 0.0, 0.0, 0.0]",1,1,"[{'active': [2, 5], 'minimum': 0.4645519357281368, 'action': 'add', 'coordinate': 0}, {'active': [0, 2, 5], 'minimum': 0.005791895278065007, 'action': 'accept'}]",True,False,1.3322676295501878e-15,0.0015793807684151714,0.0018753434803302736,3,0,0.376412847550191,True
46,A,gaussian_noise,"[0.0, 0.0, 0.12080065578749694, 0.0, 0.0, 0.879199344212503, 0.0, 0.0, 0.0, 0.0]",1,1,"[{'active': [5], 'minimum': 1.0, 'action': 'add', 'coordinate': 2}, {'active': [2, 5], 'minimum': 0.12080065578749694, 'action': 'accept'}]",True,False,1.214306433183765e-17,0.002488593777533196,0.002685685829549566,2,0,0.24160131157499393,True
46,A,gaussian_blur,"[0.0, 0.0, 0.136546829306018, 0.0, 0.0, 0.863453170693982, 0.0, 0.0, 0.0, 0.0]",1,1,"[{'active': [5], 'minimum': 1.0, 'action': 'add', 'coordinate': 2}, {'active': [2, 5], 'minimum': 0.136546829306018, 'action': 'accept'}]",True,False,1.474514954580286e-17,0.0018047568371431578,0.0020673626743067833,2,0,0.27309365861203605,True
46,B,clean,"[0.0, 0.0, 0.16007877831225698, 0.0, 0.0, 0.839921221687743, 0.0, 0.0, 0.0, 0.0]",1,1,"[{'active': [5], 'minimum': 1.0, 'action': 'add', 'coordinate': 2}, {'active': [2, 5], 'minimum': 0.16007877831225698, 'action': 'accept'}]",True,False,8.673617379884035e-19,0.0026335690349559827,0.0030376950778435463,2,0,0.320157556624514,True
46,B,brightness_dark,"[0.0, 0.0, 0.17906377064826984, 0.0, 0.2981935298728047, 0.5227426994789539, 0.0, 0.0, 0.0, 0.0]",1,1,"[{'active': [4, 5], 'minimum': 0.4528482991446465, 'action': 'add', 'coordinate': 2}, {'active': [2, 4, 5], 'minimum': 0.17906377064826984, 'action': 'accept'}]",True,False,2.842170943040401e-14,0.001216213565822011,0.0031012977745971397,3,0,0.9501925696015628,True
46,B,contrast_low,"[0.0027983649965943602, 0.0, 0.5032947873446165, 0.0, 0.0, 0.4939068476587902, 0.0, 0.0, 0.0, 0.0]",1,1,"[{'active': [2, 5], 'minimum': 0.4938383556783522, 'action': 'add', 'coordinate': 0}, {'active': [0, 2, 5], 'minimum': 0.0027983649965943602, 'action': 'accept'}]",True,False,1.1102230246251565e-15,0.001588163415272441,0.0018828537441009708,3,0,0.38831518159397516,True
46,B,gaussian_noise,"[0.0, 0.0, 0.10770890961522095, 0.0, 0.0, 0.892291090384779, 0.0, 0.0, 0.0, 0.0]",1,1,"[{'active': [5], 'minimum': 1.0, 'action': 'add', 'coordinate': 2}, {'active': [2, 5], 'minimum': 0.10770890961522095, 'action': 'accept'}]",True,False,9.540979117872439e-18,0.0024247105349800013,0.002580210836985923,2,0,0.2154178192304419,True
46,B,gaussian_blur,"[0.0, 0.0, 0.14035317869999758, 0.0, 0.0, 0.8596468213000024, 0.0, 0.0, 0.0, 0.0]",1,1,"[{'active': [5], 'minimum': 1.0, 'action': 'add', 'coordinate': 2}, {'active': [2, 5], 'minimum': 0.14035317869999758, 'action': 'accept'}]",True,False,1.3444106938820255e-17,0.0018459448083622083,0.002122371131702642,2,0,0.2807063573999952,True
47,A,clean,"[0.0, 0.05371193626950799, 0.0, 0.0, 0.0, 0.07737877976471452, 0.0, 0.027979144852228188, 0.7415856770553972, 0.09934446205807035]",5,5,"[{'active': [1, 3, 4, 8], 'minimum': -0.020258988608153505, 'action': 'remove', 'coordinate': 4}, {'active': [1, 3, 8], 'minimum': 0.11142736324242342, 'action': 'add', 'coordinate': 7}, {'active': [1, 3, 7, 8], 'minimum': 0.054674534970405156, 'action': 'add', 'coordinate': 5}, {'active': [1, 3, 5, 7, 8], 'minimum': -0.03912943651138412, 'action': 'remove', 'coordinate': 3}, {'active': [1, 5, 7, 8], 'minimum': 0.03525087342806987, 'action': 'add', 'coordinate': 9}, {'active': [1, 5, 7, 8, 9], 'minimum': 0.027979144852228188, 'action': 'accept'}]",True,False,8.171241461241152e-14,4.8806119774116555e-05,0.0015830691864079929,5,0,0.505279872465521,True
47,A,brightness_dark,"[0.056394002340863, 0.0, 0.0, 0.0, 0.0, 0.09048101538031894, 0.0, 0.0, 0.5754183099803019, 0.2777066722985163]",8,8,"[{'active': [1, 3, 4, 8], 'minimum': 0.001647117641516982, 'action': 'add', 'coordinate': 7}, {'active': [1, 3, 4, 7, 8], 'minimum': -0.047991074972590475, 'action': 'remove', 'coordinate': 4}, {'active': [1, 3, 7, 8], 'minimum': 0.05837533197026512, 'action': 'add', 'coordinate': 0}, {'active': [0, 1, 3, 7, 8], 'minimum': 0.04132440618443489, 'action': 'add', 'coordinate': 5}, {'active': [0, 1, 3, 5, 7, 8], 'minimum': -0.14868848967284265, 'action': 'remove', 'coordinate': 3}, {'active': [0, 1, 5, 7, 8], 'minimum': 0.001492015022641624, 'action': 'add', 'coordinate': 9}, {'active': [0, 1, 5, 7, 8, 9], 'minimum': -0.3964422566033363, 'action': 'remove', 'coordinate': 1}, {'active': [0, 5, 7, 8, 9], 'minimum': -0.025454602567678286, 'action': 'remove', 'coordinate': 7}, {'active': [0, 5, 8, 9], 'minimum': 0.056394002340863, 'action': 'accept'}]",True,False,2.45029690981724e-17,0.00010791718092513496,0.011473020911546082,4,0,1.0612465283693235,True
47,A,contrast_low,"[0.0, 0.0, 0.0, 0.0, 0.0, 0.22389226000235862, 0.0, 0.0, 0.6462886445437079, 0.12981909545393355]",3,3,"[{'active': [2, 3, 8, 9], 'minimum': 0.05214017953807226, 'action': 'add', 'coordinate': 5}, {'active': [2, 3, 5, 8, 9], 'minimum': -0.4330944402502954, 'action': 'remove', 'coordinate': 3}, {'active': [2, 5, 8, 9], 'minimum': -0.022524680239412675, 'action': 'remove', 'coordinate': 2}, {'active': [5, 8, 9], 'minimum': 0.12981909545393355, 'action': 'accept'}]",True,False,3.382710778154774e-17,0.0003238042269053953,0.0069338380823570885,3,0,0.9483415728798292,True
47,A,gaussian_noise,"[0.0, 0.040585785304358524, 0.0, 0.0, 0.0, 0.10138647869943895, 0.0, 0.0009029729592313629, 0.7545416581453281, 0.10258310489160749]",5,5,"[{'active': [1, 3, 4, 8], 'minimum': -0.030896694397701097, 'action': 'remove', 'coordinate': 4}, {'active': [1, 3, 8], 'minimum': 0.11352837340763977, 'action': 'add', 'coordinate': 5}, {'active': [1, 3, 5, 8], 'minimum': -0.0022674750938695976, 'action': 'remove', 'coordinate': 3}, {'active': [1, 5, 8], 'minimum': 0.11370134480001781, 'action': 'add', 'coordinate': 7}, {'active': [1, 5, 7, 8], 'minimum': 0.008516761256997074, 'action': 'add', 'coordinate': 9}, {'active': [1, 5, 7, 8, 9], 'minimum': 0.0009029729592313629, 'action': 'accept'}]",True,False,3.552713678800501e-14,2.7860963142230705e-05,0.0009420407366545518,5,0,0.47738971439290045,True
47,A,gaussian_blur,"[0.011170620794391573, 0.045681715859785754, 0.0, 0.0, 0.0, 0.08837605791896941, 0.0, 0.03751031391434978, 0.7352406717167312, 0.08202061979568498]",6,6,"[{'active': [1, 3, 4, 8], 'minimum': 0.004925250152131466, 'action': 'add', 'coordinate': 7}, {'active': [1, 3, 4, 7, 8], 'minimum': -0.06928416775559976, 'action': 'remove', 'coordinate': 4}, {'active': [1, 3, 7, 8], 'minimum': 0.043956329695885296, 'action': 'add', 'coordinate': 5}, {'active': [1, 3, 5, 7, 8], 'minimum': -0.10535387647446592, 'action': 'remove', 'coordinate': 3}, {'active': [1, 5, 7, 8], 'minimum': 0.050000566256922396, 'action': 'add', 'coordinate': 0}, {'active': [0, 1, 5, 7, 8], 'minimum': 0.006097632489286298, 'action': 'add', 'coordinate': 9}, {'active': [0, 1, 5, 7, 8, 9], 'minimum': 0.011170620794391573, 'action': 'accept'}]",True,False,8.72635297355373e-14,9.39133232369979e-05,0.001756170218342317,6,0,0.5690237015728501,True
47,B,clean,"[0.0, 0.05371193626950799, 0.0, 0.0, 0.0, 0.07737877976471452, 0.0, 0.027979144852228188, 0.7415856770553972, 0.09934446205807035]",5,5,"[{'active': [1, 3, 4, 8], 'minimum': -0.020258988608153505, 'action': 'remove', 'coordinate': 4}, {'active': [1, 3, 8], 'minimum': 0.11142736324242342, 'action': 'add', 'coordinate': 7}, {'active': [1, 3, 7, 8], 'minimum': 0.054674534970405156, 'action': 'add', 'coordinate': 5}, {'active': [1, 3, 5, 7, 8], 'minimum': -0.03912943651138412, 'action': 'remove', 'coordinate': 3}, {'active': [1, 5, 7, 8], 'minimum': 0.03525087342806987, 'action': 'add', 'coordinate': 9}, {'active': [1, 5, 7, 8, 9], 'minimum': 0.027979144852228188, 'action': 'accept'}]",True,False,8.171241461241152e-14,4.8806119774116555e-05,0.0015830691864079929,5,0,0.505279872465521,True
47,B,brightness_dark,"[0.05492802144941966, 0.0, 0.0, 0.0, 0.0, 0.09052570685157502, 0.0, 0.0, 0.5724181277598328, 0.2821281439391716]",8,8,"[{'active': [1, 3, 4, 8], 'minimum': -0.0031019675244581824, 'action': 'remove', 'coordinate': 4}, {'active': [1, 3, 8], 'minimum': 0.13845121221244006, 'action': 'add', 'coordinate': 7}, {'active': [1, 3, 7, 8], 'minimum': 0.0557483135826331, 'action': 'add', 'coordinate': 0}, {'active': [0, 1, 3, 7, 8], 'minimum': 0.039134960141668174, 'action': 'add', 'coordinate': 5}, {'active': [0, 1, 3, 5, 7, 8], 'minimum': -0.1595372080543811, 'action': 'remove', 'coordinate': 3}, {'active': [0, 1, 5, 7, 8], 'minimum': 0.00048355868533711543, 'action': 'add', 'coordinate': 9}, {'active': [0, 1, 5, 7, 8, 9], 'minimum': -0.4353892689686063, 'action': 'remove', 'coordinate': 1}, {'active': [0, 5, 7, 8, 9], 'minimum': -0.02623840708257852, 'action': 'remove', 'coordinate': 7}, {'active': [0, 5, 8, 9], 'minimum': 0.05492802144941966, 'action': 'accept'}]",True,False,8.881784197001252e-16,0.00012143298514167169,0.011470629330945748,4,0,1.0723743878191105,True
47,B,contrast_low,"[0.014869293874312461, 0.06142547662807374, 0.0, 0.0, 0.0, 0.23623103489060782, 0.0, 0.0, 0.6399751563220093, 0.04749903828508195]",5,5,"[{'active': [2, 3, 8, 9], 'minimum': 0.09422565622541634, 'action': 'add', 'coordinate': 5}, {'active': [2, 3, 5, 8, 9], 'minimum': -0.6611206613175966, 'action': 'remove', 'coordinate': 3}, {'active': [2, 5, 8, 9], 'minimum': -0.0050001661202240255, 'action': 'remove', 'coordinate': 2}, {'active': [5, 8, 9], 'minimum': 0.13521259967149968, 'action': 'add', 'coordinate': 0}, {'active': [0, 5, 8, 9], 'minimum': 0.02155931295134783, 'action': 'add', 'coordinate': 1}, {'active': [0, 1, 5, 8, 9], 'minimum': 0.014869293874312461, 'action': 'accept'}]",True,False,8.526512829121202e-14,0.0005003041343300654,0.010774972895230425,5,0,1.0850082357564819,True
47,B,gaussian_noise,"[0.0, 0.03875363727610193, 0.0, 0.0, 0.0, 0.10358078071955745, 0.0, 5.384513491790699e-05, 0.7542288396160117, 0.10338289725336836]",5,5,"[{'active': [1, 3, 4, 8], 'minimum': -0.03564293486755449, 'action': 'remove', 'coordinate': 4}, {'active': [1, 3, 8], 'minimum': 0.11211642240437178, 'action': 'add', 'coordinate': 5}, {'active': [1, 3, 5, 8], 'minimum': 0.005250895634874131, 'action': 'add', 'coordinate': 7}, {'active': [1, 3, 5, 7, 8], 'minimum': 0.003041602939311383, 'action': 'add', 'coordinate': 9}, {'active': [1, 3, 5, 7, 8, 9], 'minimum': -0.0011868909689525253, 'action': 'remove', 'coordinate': 3}, {'active': [1, 5, 7, 8, 9], 'minimum': 5.384513491790699e-05, 'action': 'accept'}]",True,False,4.263256414560601e-14,2.5588339833963524e-05,0.000919222414470695,5,0,0.47720254222722647,True
47,B,gaussian_blur,"[0.016694529355795296, 0.035758506621277775, 0.0, 0.0, 0.0, 0.0875624972820841, 0.0, 0.03441076882925742, 0.7302630218334585, 0.09531067607815658]",6,6,"[{'active': [1, 3, 4, 8], 'minimum': 0.004870892891511491, 'action': 'add', 'coordinate': 7}, {'active': [1, 3, 4, 7, 8], 'minimum': -0.06771330866221947, 'action': 'remove', 'coordinate': 4}, {'active': [1, 3, 7, 8], 'minimum': 0.04358988136033462, 'action': 'add', 'coordinate': 5}, {'active': [1, 3, 5, 7, 8], 'minimum': -0.10549506731466929, 'action': 'remove', 'coordinate': 3}, {'active': [1, 5, 7, 8], 'minimum': 0.05049050947293954, 'action': 'add', 'coordinate': 0}, {'active': [0, 1, 5, 7, 8], 'minimum': 0.011053997498489565, 'action': 'add', 'coordinate': 9}, {'active': [0, 1, 5, 7, 8, 9], 'minimum': 0.016694529355795296, 'action': 'accept'}]",True,False,2.9753977059954195e-14,9.363105689677927e-05,0.001883195853881309,6,0,0.5965003282979995,True
48,A,clean,"[0.0, 0.2049091715912752, 0.0, 0.0, 0.5145554761270086, 0.16928625798640984, 0.0671273396490979, 0.0, 0.0, 0.0441217546462056]",5,5,"[{'active': [1, 4, 5, 9], 'minimum': -0.035600207256331284, 'action': 'remove', 'coordinate': 9}, {'active': [1, 4, 5], 'minimum': 0.16104375719018638, 'action': 'add', 'coordinate': 6}, {'active': [1, 4, 5, 6], 'minimum': 0.06468521443148861, 'action': 'add', 'coordinate': 8}, {'active': [1, 4, 5, 6, 8], 'minimum': 0.005289510734118652, 'action': 'add', 'coordinate': 9}, {'active': [1, 4, 5, 6, 8, 9], 'minimum': -0.009101174240701226, 'action': 'remove', 'coordinate': 8}, {'active': [1, 4, 5, 6, 9], 'minimum': 0.0441217546462056, 'action': 'accept'}]",True,False,2.886579864025407e-15,6.858297870673783e-05,0.0011150228059997427,5,0,0.5704036606921541,True
48,A,brightness_dark,"[0.0, 0.22746450707072507, 0.0, 0.0, 0.6265112225737, 0.07671329996400011, 0.052635322922927004, 0.0, 0.01667564746864736, 0.0]",5,5,"[{'active': [4, 9], 'minimum': 0.2848227190106133, 'action': 'add', 'coordinate': 6}, {'active': [4, 6, 9], 'minimum': 0.07251434250249766, 'action': 'add', 'coordinate': 1}, {'active': [1, 4, 6, 9], 'minimum': 0.06566674910395333, 'action': 'add', 'coordinate': 5}, {'active': [1, 4, 5, 6, 9], 'minimum': 0.055708687491285325, 'action': 'add', 'coordinate': 8}, {'active': [1, 4, 5, 6, 8, 9], 'minimum': -0.012196100419259892, 'action': 'remove', 'coordinate': 9}, {'active': [1, 4, 5, 6, 8], 'minimum': 0.01667564746864736, 'action': 'accept'}]",True,False,4.440892098500626e-16,2.8217977516005075e-05,0.003900867498294142,5,0,0.7469775548525998,True
48,A,contrast_low,"[0.0, 0.25358403799673157, 0.2963262836590743, 0.0, 0.29126506516364126, 0.1588246131805413, 0.0, 0.0, 0.0, 0.0]",2,2,"[{'active': [2, 4, 5, 9], 'minimum': 0.13391672396241705, 'action': 'add', 'coordinate': 1}, {'active': [1, 2, 4, 5, 9], 'minimum': -0.1494999344214989, 'action': 'remove', 'coordinate': 9}, {'active': [1, 2, 4, 5], 'minimum': 0.1588246131805413, 'action': 'accept'}]",True,False,1.1546319456101628e-14,0.00010540163170199275,0.0004915582588301421,4,0,0.7713828110539217,True
48,A,gaussian_noise,"[0.0, 0.12876063351438916, 0.0, 0.0, 0.49042542476120143, 0.2138632128724005, 0.04333337834802942, 0.0, 0.0028487381275255075, 0.12076861237642333]",3,3,"[{'active': [4, 5, 9], 'minimum': 0.19249016103796812, 'action': 'add', 'coordinate': 6}, {'active': [4, 5, 6, 9], 'minimum': 0.05234286160005858, 'action': 'add', 'coordinate': 1}, {'active': [1, 4, 5, 6, 9], 'minimum': 0.043224013402371586, 'action': 'add', 'coordinate': 8}, {'active': [1, 4, 5, 6, 8, 9], 'minimum': 0.0028487381275255075, 'action': 'accept'}]",True,False,3.064215547965432e-14,6.549275315045284e-05,0.001873842173361447,6,0,0.505290096408785,True
48,A,gaussian_blur,"[0.0, 0.23412138756436818, 0.0, 0.05159840320429154, 0.5598314298089936, 0.14292933335857683, 0.011519446063759986, 0.0, 0.0, 0.0]",2,2,"[{'active': [1, 3, 4, 5, 9], 'minimum': -0.03100846365405374, 'action': 'remove', 'coordinate': 9}, {'active': [1, 3, 4, 5], 'minimum': 0.09287174514053453, 'action': 'add', 'coordinate': 6}, {'active': [1, 3, 4, 5, 6], 'minimum': 0.011519446063759986, 'action': 'accept'}]",True,False,9.880984919163893e-15,3.697795518084155e-05,0.00044396168711111316,5,0,0.6104169651206676,True
48,B,clean,"[0.0, 0.2049091715912752, 0.0, 0.0, 0.5145554761270086, 0.16928625798640984, 0.0671273396490979, 0.0, 0.0, 0.0441217546462056]",5,5,"[{'active': [1, 4, 5, 9], 'minimum': -0.035600207256331284, 'action': 'remove', 'coordinate': 9}, {'active': [1, 4, 5], 'minimum': 0.16104375719018638, 'action': 'add', 'coordinate': 6}, {'active': [1, 4, 5, 6], 'minimum': 0.06468521443148861, 'action': 'add', 'coordinate': 8}, {'active': [1, 4, 5, 6, 8], 'minimum': 0.005289510734118652, 'action': 'add', 'coordinate': 9}, {'active': [1, 4, 5, 6, 8, 9], 'minimum': -0.009101174240701226, 'action': 'remove', 'coordinate': 8}, {'active': [1, 4, 5, 6, 9], 'minimum': 0.0441217546462056, 'action': 'accept'}]",True,False,2.886579864025407e-15,6.858297870673783e-05,0.0011150228059997427,5,0,0.5704036606921541,True
48,B,brightness_dark,"[0.0, 0.22613214589670871, 0.0, 0.0014978821633633288, 0.628872876937908, 0.072257541861525, 0.05253566708232782, 0.0, 0.018703886058145436, 0.0]",6,6,"[{'active': [4, 9], 'minimum': 0.2851794386939061, 'action': 'add', 'coordinate': 6}, {'active': [4, 6, 9], 'minimum': 0.07168431385274032, 'action': 'add', 'coordinate': 1}, {'active': [1, 4, 6, 9], 'minimum': 0.06512926695811207, 'action': 'add', 'coordinate': 5}, {'active': [1, 4, 5, 6, 9], 'minimum': 0.05143806400346129, 'action': 'add', 'coordinate': 8}, {'active': [1, 4, 5, 6, 8, 9], 'minimum': -0.008133184326538867, 'action': 'remove', 'coordinate': 9}, {'active': [1, 4, 5, 6, 8], 'minimum': 0.018766520979976997, 'action': 'add', 'coordinate': 3}, {'active': [1, 3, 4, 5, 6, 8], 'minimum': 0.0014978821633633288, 'action': 'accept'}]",True,False,2.1649348980190553e-14,2.9209216554859864e-05,0.0038018535988739548,6,0,0.7422542461241624,True
48,B,contrast_low,"[0.0, 0.26372151568437796, 0.3027749128395225, 0.0, 0.3028823037570827, 0.13062126771902927, 0.0, 0.0, 0.0, 0.0]",4,4,"[{'active': [2, 3, 4, 9], 'minimum': 0.009051815039388122, 'action': 'add', 'coordinate': 1}, {'active': [1, 2, 3, 4, 9], 'minimum': -0.28062351951344056, 'action': 'remove', 'coordinate': 9}, {'active': [1, 2, 3, 4], 'minimum': 0.09521258147295697, 'action': 'add', 'coordinate': 5}, {'active': [1, 2, 3, 4, 5], 'minimum': -0.2505372969420705, 'action': 'remove', 'coordinate': 3}, {'active': [1, 2, 4, 5], 'minimum': 0.13062126771902927, 'action': 'accept'}]",True,False,1.2434497875801753e-14,9.578913336888867e-05,0.00046296640945020403,4,0,0.788685566806802,True
48,B,gaussian_noise,"[0.0, 0.12751991822710806, 0.0, 0.0, 0.48652078353502226, 0.21507676225242278, 0.04461672699849384, 0.0, 0.0026729810690291345, 0.1235928279179177]",3,3,"[{'active': [4, 5, 9], 'minimum': 0.19077917277850442, 'action': 'add', 'coordinate': 6}, {'active': [4, 5, 6, 9], 'minimum': 0.053654292438920115, 'action': 'add', 'coordinate': 1}, {'active': [1, 4, 5, 6, 9], 'minimum': 0.04447604994960708, 'action': 'add', 'coordinate': 8}, {'active': [1, 4, 5, 6, 8, 9], 'minimum': 0.0026729810690291345, 'action': 'accept'}]",True,False,6.217248937900877e-15,6.278614021200161e-05,0.0019053810931541073,6,0,0.5085762566231178,True
48,B,gaussian_blur,"[0.0, 0.23662115711439885, 0.0, 0.036234835324965076, 0.5575020704376477, 0.15453067452644476, 0.015111262596549935, 0.0, 0.0, 0.0]",2,2,"[{'active': [1, 3, 4, 5, 9], 'minimum': -0.053331137396106953, 'action': 'remove', 'coordinate': 9}, {'active': [1, 3, 4, 5], 'minimum': 0.09037659439570722, 'action': 'add', 'coordinate': 6}, {'active': [1, 3, 4, 5, 6], 'minimum': 0.015111262596549935, 'action': 'accept'}]",True,False,6.217248937900877e-15,4.260932373382192e-05,0.0004952506873343518,5,0,0.6109708592514094,True
49,A,clean,"[0.0, 0.0, 0.0, 0.4342658621743092, 0.0, 0.0, 0.20146251731218573, 0.1736684108986668, 0.10222368587426622, 0.08837952374057378]",4,4,"[{'active': [2, 3, 6, 7, 8], 'minimum': -0.1422461064218748, 'action': 'remove', 'coordinate': 2}, {'active': [3, 6, 7, 8], 'minimum': 0.16475819676381434, 'action': 'add', 'coordinate': 1}, {'active': [1, 3, 6, 7, 8], 'minimum': 0.0625013326916194, 'action': 'add', 'coordinate': 9}, {'active': [1, 3, 6, 7, 8, 9], 'minimum': -0.13932010876526135, 'action': 'remove', 'coordinate': 1}, {'active': [3, 6, 7, 8, 9], 'minimum': 0.08837952374057378, 'action': 'accept'}]",True,False,1.7763568394002505e-15,0.0001291104838797837,0.003307346158148646,5,0,0.5632783433189906,True
49,A,brightness_dark,"[0.0, 0.0, 0.0, 0.3077474003737999, 0.0, 0.12960483591354066, 0.20782105328345735, 0.15334782770702682, 0.0580800017796862, 0.14339888094248182]",5,5,"[{'active': [1, 2, 3, 6, 7], 'minimum': -0.08451340199492652, 'action': 'remove', 'coordinate': 2}, {'active': [1, 3, 6, 7], 'minimum': 0.15452927373575753, 'action': 'add', 'coordinate': 8}, {'active': [1, 3, 6, 7, 8], 'minimum': 0.0735546061933241, 'action': 'add', 'coordinate': 9}, {'active': [1, 3, 6, 7, 8, 9], 'minimum': -0.6101559828781546, 'action': 'remove', 'coordinate': 1}, {'active': [3, 6, 7, 8, 9], 'minimum': 0.05199340670579855, 'action': 'add', 'coordinate': 5}, {'active': [3, 5, 6, 7, 8, 9], 'minimum': 0.0580800017796862, 'action': 'accept'}]",True,False,7.327471962526033e-15,0.0002033471586232633,0.0021970282285707376,6,0,0.9309824531682098,True
49,A,contrast_low,"[0.0, 0.0, 0.0, 0.7665739602710462, 0.0, 0.0, 0.0, 0.05199811636478158, 0.06421127282841566, 0.11721665053576155]",4,4,"[{'active': [3, 7], 'minimum': 0.4865934252795425, 'action': 'add', 'coordinate': 1}, {'active': [1, 3, 7], 'minimum': 0.08962419432653235, 'action': 'add', 'coordinate': 8}, {'active': [1, 3, 7, 8], 'minimum': 0.05713146506865385, 'action': 'add', 'coordinate': 9}, {'active': [1, 3, 7, 8, 9], 'minimum': -0.29470552472110967, 'action': 'remove', 'coordinate': 1}, {'active': [3, 7, 8, 9], 'minimum': 0.05199811636478158, 'action': 'accept'}]",True,False,4.884981308350689e-15,8.622521392781349e-05,0.0029842485092242263,4,0,0.36285584672834936,True
49,A,gaussian_noise,"[0.0, 0.0, 0.0, 0.46056003597462736, 0.0, 0.0, 0.18562799878674818, 0.18847647697346054, 0.113228117523273, 0.05210737074189131]",6,6,"[{'active': [2, 3, 7], 'minimum': -0.01683040564068161, 'action': 'remove', 'coordinate': 2}, {'active': [3, 7], 'minimum': 0.32192596962130116, 'action': 'add', 'coordinate': 8}, {'active': [3, 7, 8], 'minimum': 0.06790188939176467, 'action': 'add', 'coordinate': 6}, {'active': [3, 6, 7, 8], 'minimum': 0.1491566120773934, 'action': 'add', 'coordinate': 1}, {'active': [1, 3, 6, 7, 8], 'minimum': 0.036570519791244926, 'action': 'add', 'coordinate': 9}, {'active': [1, 3, 6, 7, 8, 9], 'minimum': -0.05981260754052187, 'action': 'remove', 'coordinate': 1}, {'active': [3, 6, 7, 8, 9], 'minimum': 0.05210737074189131, 'action': 'accept'}]",True,False,4.440892098500626e-16,9.566982417646164e-05,0.0034676518360862284,5,0,0.8698941840388696,True
49,A,gaussian_blur,"[0.0, 0.0, 0.0, 0.44070931187509443, 0.0, 0.0, 0.24742121436660502, 0.11161785419097064, 0.13764708639334522, 0.06260453317398396]",4,4,"[{'active': [2, 3, 6, 7, 8], 'minimum': -0.09886966205629949, 'action': 'remove', 'coordinate': 2}, {'active': [3, 6, 7, 8], 'minimum': 0.14914589309650972, 'action': 'add', 'coordinate': 1}, {'active': [1, 3, 6, 7, 8], 'minimum': 0.044070142991244676, 'action': 'add', 'coordinate': 9}, {'active': [1, 3, 6, 7, 8, 9], 'minimum': -0.1161839776188458, 'action': 'remove', 'coordinate': 1}, {'active': [3, 6, 7, 8, 9], 'minimum': 0.06260453317398396, 'action': 'accept'}]",True,False,6.661338147750939e-16,0.00013802806798800306,0.004654258047444509,5,0,0.8042580411595832,True
49,B,clean,"[0.0, 0.0, 0.0, 0.4342658621743092, 0.0, 0.0, 0.20146251731218573, 0.1736684108986668, 0.10222368587426622, 0.08837952374057378]",4,4,"[{'active': [2, 3, 6, 7, 8], 'minimum': -0.1422461064218748, 'action': 'remove', 'coordinate': 2}, {'active': [3, 6, 7, 8], 'minimum': 0.16475819676381434, 'action': 'add', 'coordinate': 1}, {'active': [1, 3, 6, 7, 8], 'minimum': 0.0625013326916194, 'action': 'add', 'coordinate': 9}, {'active': [1, 3, 6, 7, 8, 9], 'minimum': -0.13932010876526135, 'action': 'remove', 'coordinate': 1}, {'active': [3, 6, 7, 8, 9], 'minimum': 0.08837952374057378, 'action': 'accept'}]",True,False,1.7763568394002505e-15,0.0001291104838797837,0.003307346158148646,5,0,0.5632783433189906,True
49,B,brightness_dark,"[0.0, 0.0, 0.0, 0.3340877622070213, 0.0, 0.11436305666702484, 0.20325657797938812, 0.14762705602517368, 0.05729316597893419, 0.14337238114251738]",5,5,"[{'active': [1, 2, 3, 6, 7], 'minimum': -0.08125485713268965, 'action': 'remove', 'coordinate': 2}, {'active': [1, 3, 6, 7], 'minimum': 0.15449566511546514, 'action': 'add', 'coordinate': 8}, {'active': [1, 3, 6, 7, 8], 'minimum': 0.07363232529892261, 'action': 'add', 'coordinate': 9}, {'active': [1, 3, 6, 7, 8, 9], 'minimum': -0.6179933325513502, 'action': 'remove', 'coordinate': 1}, {'active': [3, 6, 7, 8, 9], 'minimum': 0.051978752173981846, 'action': 'add', 'coordinate': 5}, {'active': [3, 5, 6, 7, 8, 9], 'minimum': 0.05729316597893419, 'action': 'accept'}]",True,False,5.950795411990839e-14,0.00019970448941263738,0.002144105127414802,6,0,0.8989550388928096,True
49,B,contrast_low,"[0.0, 0.0, 0.0, 0.7701014262933769, 0.0, 0.0, 0.0, 0.054478438445807464, 0.05949102671807849, 0.11592910854273918]",4,4,"[{'active': [3, 7], 'minimum': 0.47895851116064403, 'action': 'add', 'coordinate': 1}, {'active': [1, 3, 7], 'minimum': 0.09636710981351371, 'action': 'add', 'coordinate': 8}, {'active': [1, 3, 7, 8], 'minimum': 0.06016239267729118, 'action': 'add', 'coordinate': 9}, {'active': [1, 3, 7, 8, 9], 'minimum': -0.37572267226653366, 'action': 'remove', 'coordinate': 1}, {'active': [3, 7, 8, 9], 'minimum': 0.054478438445807464, 'action': 'accept'}]",True,False,1.9984014443252818e-15,0.00010078825062831125,0.002876872738361934,4,0,0.3539383057372934,True
49,B,gaussian_noise,"[0.0, 0.0, 0.0, 0.4584823077895497, 0.0, 0.0, 0.18557040425806265, 0.19040030240125144, 0.11243806360556396, 0.05310892194557182]",6,6,"[{'active': [2, 3, 7], 'minimum': 0.0002499578818788706, 'action': 'add', 'coordinate': 8}, {'active': [2, 3, 7, 8], 'minimum': 0.023373954062353763, 'action': 'add', 'coordinate': 6}, {'active': [2, 3, 6, 7, 8], 'minimum': -0.049177436171698896, 'action': 'remove', 'coordinate': 2}, {'active': [3, 6, 7, 8], 'minimum': 0.14922815157201524, 'action': 'add', 'coordinate': 1}, {'active': [1, 3, 6, 7, 8], 'minimum': 0.03708253061560318, 'action': 'add', 'coordinate': 9}, {'active': [1, 3, 6, 7, 8, 9], 'minimum': -0.057984910419037305, 'action': 'remove', 'coordinate': 1}, {'active': [3, 6, 7, 8, 9], 'minimum': 0.05310892194557182, 'action': 'accept'}]",True,False,4.440892098500626e-16,9.334237572642231e-05,0.0034411523769578125,5,0,0.8820613073035808,True
49,B,gaussian_blur,"[0.0, 0.0, 0.0, 0.4363178970454107, 0.0, 0.0, 0.24845692229479327, 0.11619367554048615, 0.13648468721697493, 0.06254681790233607]",5,5,"[{'active': [2, 3, 6, 7], 'minimum': -0.05775800567008585, 'action': 'remove', 'coordinate': 2}, {'active': [3, 6, 7], 'minimum': 0.2302683848511382, 'action': 'add', 'coordinate': 8}, {'active': [3, 6, 7, 8], 'minimum': 0.15449343820341555, 'action': 'add', 'coordinate': 1}, {'active': [1, 3, 6, 7, 8], 'minimum': 0.04438214989602718, 'action': 'add', 'coordinate': 9}, {'active': [1, 3, 6, 7, 8, 9], 'minimum': -0.1218320519690792, 'action': 'remove', 'coordinate': 1}, {'active': [3, 6, 7, 8, 9], 'minimum': 0.06254681790233607, 'action': 'accept'}]",True,False,1.1102230246251565e-15,0.0001399629712503127,0.004674827701182051,5,0,0.7969137081493957,True
50,A,clean,"[0.06679581893884112, 0.0, 0.0, 0.11106033234644741, 0.35625407187236213, 0.27273141428173275, 0.016269438487276133, 0.05010672092237556, 0.12678220315096134, 0.0]",3,3,"[{'active': [0, 1, 4, 5, 7, 8], 'minimum': -0.02168546249570258, 'action': 'remove', 'coordinate': 1}, {'active': [0, 4, 5, 7, 8], 'minimum': 0.02882299738602545, 'action': 'add', 'coordinate': 6}, {'active': [0, 4, 5, 6, 7, 8], 'minimum': 0.0377332311582988, 'action': 'add', 'coordinate': 3}, {'active': [0, 3, 4, 5, 6, 7, 8], 'minimum': 0.016269438487276133, 'action': 'accept'}]",True,False,3.896188927043909e-15,6.982780686705588e-05,0.0005959956108679593,7,0,0.3775005374609911,True
50,A,brightness_dark,"[0.02308540271706505, 0.0, 0.0, 0.0, 0.21341289233018568, 0.1938463802813324, 0.11054148446297374, 0.31373231452260697, 0.14538152568583218, 0.0]",1,1,"[{'active': [4, 5, 6, 7, 8], 'minimum': 0.10989595153245109, 'action': 'add', 'coordinate': 0}, {'active': [0, 4, 5, 6, 7, 8], 'minimum': 0.02308540271706505, 'action': 'accept'}]",True,False,3.9968028886505635e-15,9.627989121201988e-06,0.0008810701557160366,6,0,0.41855245599427,True
50,A,contrast_low,"[0.0, 0.0, 0.3111745990168231, 0.5640905845330195, 0.0, 0.0, 0.0, 0.0, 0.1247348164501561, 0.0]",2,2,"[{'active': [3, 4, 8], 'minimum': 0.14109366601097173, 'action': 'add', 'coordinate': 2}, {'active': [2, 3, 4, 8], 'minimum': -0.7514767665639124, 'action': 'remove', 'coordinate': 4}, {'active': [2, 3, 8], 'minimum': 0.1247348164501561, 'action': 'accept'}]",True,False,1.3322676295501878e-15,0.0006406947457128508,0.0011778841821255747,3,0,0.6483412340454779,True
50,A,gaussian_noise,"[0.08735208204675327, 0.0005211642383998738, 0.0, 0.0, 0.2923116118104332, 0.36369519750695867, 0.04053385753081473, 0.08276333357526866, 0.13282275329138193, 0.0]",1,1,"[{'active': [0, 1, 4, 5, 7, 8], 'minimum': 0.009091266092099648, 'action': 'add', 'coordinate': 6}, {'active': [0, 1, 4, 5, 6, 7, 8], 'minimum': 0.0005211642383998738, 'action': 'accept'}]",True,False,1.021405182655144e-14,1.3359438782410702e-05,0.001085459449204856,7,0,0.31903147518933583,True
50,A,gaussian_blur,"[0.009030956739874085, 0.0, 0.20551029016365874, 0.29967505882186174, 0.17055467655208645, 0.148445262890462, 0.0, 0.009120450911947131, 0.15766330392010808, 0.0]",8,8,"[{'active': [1, 4, 5, 7, 8], 'minimum': -0.08006511519578974, 'action': 'remove', 'coordinate': 1}, {'active': [4, 5, 7, 8], 'minimum': -0.02922746610950888, 'action': 'remove', 'coordinate': 7}, {'active': [4, 5, 8], 'minimum': 0.1609619942819533, 'action': 'add', 'coordinate': 6}, {'active': [4, 5, 6, 8], 'minimum': 0.010462189783046472, 'action': 'add', 'coordinate': 3}, {'active': [3, 4, 5, 6, 8], 'minimum': -0.06157889523556098, 'action': 'remove', 'coordinate': 6}, {'active': [3, 4, 5, 8], 'minimum': 0.13195615695768204, 'action': 'add', 'coordinate': 2}, {'active': [2, 3, 4, 5, 8], 'minimum': 0.15798662848493628, 'action': 'add', 'coordinate': 7}, {'active': [2, 3, 4, 5, 7, 8], 'minimum': 0.011341414946301143, 'action': 'add', 'coordinate': 0}, {'active': [0, 2, 3, 4, 5, 7, 8], 'minimum': 0.009030956739874085, 'action': 'accept'}]",True,False,2.1822821327788233e-15,0.00034525643007697176,0.0005198563955167015,7,0,1.028432611450791,True
50,B,clean,"[0.06679581893884112, 0.0, 0.0, 0.11106033234644741, 0.35625407187236213, 0.27273141428173275, 0.016269438487276133, 0.05010672092237556, 0.12678220315096134, 0.0]",3,3,"[{'active': [0, 1, 4, 5, 7, 8], 'minimum': -0.02168546249570258, 'action': 'remove', 'coordinate': 1}, {'active': [0, 4, 5, 7, 8], 'minimum': 0.02882299738602545, 'action': 'add', 'coordinate': 6}, {'active': [0, 4, 5, 6, 7, 8], 'minimum': 0.0377332311582988, 'action': 'add', 'coordinate': 3}, {'active': [0, 3, 4, 5, 6, 7, 8], 'minimum': 0.016269438487276133, 'action': 'accept'}]",True,False,3.896188927043909e-15,6.982780686705588e-05,0.0005959956108679593,7,0,0.3775005374609911,True
50,B,brightness_dark,"[0.02127886017803604, 0.00046934836051082396, 0.0, 0.0, 0.20899572570569447, 0.19747014623230363, 0.11326545780165276, 0.3132616584857857, 0.14525880323601292, 0.0]",2,2,"[{'active': [4, 5, 6, 7, 8], 'minimum': 0.1127703714889574, 'action': 'add', 'coordinate': 0}, {'active': [0, 4, 5, 6, 7, 8], 'minimum': 0.020664646762195815, 'action': 'add', 'coordinate': 1}, {'active': [0, 1, 4, 5, 6, 7, 8], 'minimum': 0.00046934836051082396, 'action': 'accept'}]",True,False,3.6637359812630166e-15,1.033340929221857e-05,0.0010217386779877396,7,0,0.452205295848318,True
50,B,contrast_low,"[0.0, 0.0, 0.304344628937411, 0.5797737878705771, 0.0, 0.0, 0.0, 0.0, 0.11588158319201053, 0.0]",2,2,"[{'active': [3, 4, 8], 'minimum': 0.13076866983512667, 'action': 'add', 'coordinate': 2}, {'active': [2, 3, 4, 8], 'minimum': -0.7626355971134695, 'action': 'remove', 'coordinate': 4}, {'active': [2, 3, 8], 'minimum': 0.11588158319201053, 'action': 'accept'}]",True,False,1.3322676295501878e-15,0.00053025214769284,0.0018651139027843126,3,0,0.6911557177837836,True
50,B,gaussian_noise,"[0.08546678734411284, 0.000481552580895217, 0.0, 0.0, 0.2942642604491894, 0.3626872921763544, 0.040287943852120645, 0.08258965105367899, 0.13422251254364825, 0.0]",1,1,"[{'active': [0, 1, 4, 5, 7, 8], 'minimum': 0.008883880657156507, 'action': 'add', 'coordinate': 6}, {'active': [0, 1, 4, 5, 6, 7, 8], 'minimum': 0.000481552580895217, 'action': 'accept'}]",True,False,2.4448758989548125e-16,1.306931101557977e-05,0.0011090547010537632,7,0,0.31939589774792343,True
50,B,gaussian_blur,"[0.0009823607670185197, 0.0, 0.2220060503486323, 0.3070941728689789, 0.14947320310020018, 0.14489541291818853, 0.0, 0.012849640313813637, 0.1626991596831857, 0.0]",8,8,"[{'active': [1, 4, 5, 7, 8], 'minimum': -0.08067361671017992, 'action': 'remove', 'coordinate': 1}, {'active': [4, 5, 7, 8], 'minimum': -0.026861295598815338, 'action': 'remove', 'coordinate': 7}, {'active': [4, 5, 8], 'minimum': 0.1608973917162335, 'action': 'add', 'coordinate': 6}, {'active': [4, 5, 6, 8], 'minimum': 0.008767317418810372, 'action': 'add', 'coordinate': 3}, {'active': [3, 4, 5, 6, 8], 'minimum': -0.0649782261950444, 'action': 'remove', 'coordinate': 6}, {'active': [3, 4, 5, 8], 'minimum': 0.12784021326456918, 'action': 'add', 'coordinate': 2}, {'active': [2, 3, 4, 5, 8], 'minimum': 0.15842203648638598, 'action': 'add', 'coordinate': 7}, {'active': [2, 3, 4, 5, 7, 8], 'minimum': 0.013090577513313661, 'action': 'add', 'coordinate': 0}, {'active': [0, 2, 3, 4, 5, 7, 8], 'minimum': 0.0009823607670185197, 'action': 'accept'}]",True,False,1.7763568394002505e-14,0.00035269816520970066,0.0005442313264878549,7,0,1.0601651679692417,True
51,A,clean,"[0.07333789673033209, 0.020660727252305833, 0.0, 0.017275547325340312, 0.0, 0.0, 0.037198964389018485, 0.0, 0.011686228101140728, 0.8398406362018136]",8,8,"[{'active': [4, 9], 'minimum': 0.08237780173948694, 'action': 'add', 'coordinate': 8}, {'active': [4, 8, 9], 'minimum': 0.05275124426899103, 'action': 'add', 'coordinate': 6}, {'active': [4, 6, 8, 9], 'minimum': 0.03207927976575786, 'action': 'add', 'coordinate': 0}, {'active': [0, 4, 6, 8, 9], 'minimum': 0.0034747189864510197, 'action': 'add', 'coordinate': 5}, {'active': [0, 4, 5, 6, 8, 9], 'minimum': -0.01837661690235759, 'action': 'remove', 'coordinate': 4}, {'active': [0, 5, 6, 8, 9], 'minimum': 0.0064107497093623955, 'action': 'add', 'coordinate': 3}, {'active': [0, 3, 5, 6, 8, 9], 'minimum': -0.029944906970524876, 'action': 'remove', 'coordinate': 5}, {'active': [0, 3, 6, 8, 9], 'minimum': 0.006965808603715651, 'action': 'add', 'coordinate': 1}, {'active': [0, 1, 3, 6, 8, 9], 'minimum': 0.011686228101140728, 'action': 'accept'}]",True,False,4.8960835385969403e-14,5.9132221381847704e-05,0.007019058395101712,6,0,0.6342566326890443,True
51,A,brightness_dark,"[0.051785874662925835, 0.0, 0.0, 0.04618502538426128, 0.0, 0.01377363020986877, 0.005312494118765443, 0.010807171562783324, 0.1279019876133063, 0.7442338164480571]",7,7,"[{'active': [4, 9], 'minimum': 0.10800139326955882, 'action': 'add', 'coordinate': 8}, {'active': [4, 8, 9], 'minimum': 0.08729636461133927, 'action': 'add', 'coordinate': 6}, {'active': [4, 6, 8, 9], 'minimum': 0.014466012985885443, 'action': 'add', 'coordinate': 5}, {'active': [4, 5, 6, 8, 9], 'minimum': 0.007226159587731568, 'action': 'add', 'coordinate': 0}, {'active': [0, 4, 5, 6, 8, 9], 'minimum': -0.0021382010934658524, 'action': 'remove', 'coordinate': 4}, {'active': [0, 5, 6, 8, 9], 'minimum': 0.009627013709883211, 'action': 'add', 'coordinate': 7}, {'active': [0, 5, 6, 7, 8, 9], 'minimum': 0.01100728784655891, 'action': 'add', 'coordinate': 3}, {'active': [0, 3, 5, 6, 7, 8, 9], 'minimum': 0.005312494118765443, 'action': 'accept'}]",True,False,3.197442310920451e-14,3.0880971806847656e-05,0.005178525286876925,7,0,0.5828923134447969,True
51,A,contrast_low,"[0.1371390543048605, 0.30957731154273915, 0.0, 0.0, 0.0, 0.0, 0.020897329841960133, 0.018154927242107988, 0.0, 0.51423137706837]",4,4,"[{'active': [0, 4, 9], 'minimum': -0.010634797403794138, 'action': 'remove', 'coordinate': 4}, {'active': [0, 9], 'minimum': 0.054345116189772225, 'action': 'add', 'coordinate': 1}, {'active': [0, 1, 9], 'minimum': 0.09706005815428753, 'action': 'add', 'coordinate': 6}, {'active': [0, 1, 6, 9], 'minimum': 0.02879263151963446, 'action': 'add', 'coordinate': 7}, {'active': [0, 1, 6, 7, 9], 'minimum': 0.018154927242107988, 'action': 'accept'}]",True,False,3.774758283725532e-14,3.907350879798019e-05,0.029190350335628345,5,0,1.1358799061933929,True
51,A,gaussian_noise,"[0.08172615738364541, 0.06888313330247797, 0.0, 0.024956489861288844, 0.0, 0.0, 0.04502053770218151, 0.0, 0.0, 0.7794136817504125]",6,6,"[{'active': [0, 4, 9], 'minimum': 0.04536392703121073, 'action': 'add', 'coordinate': 6}, {'active': [0, 4, 6, 9], 'minimum': 0.0063914973369690875, 'action': 'add', 'coordinate': 5}, {'active': [0, 4, 5, 6, 9], 'minimum': -0.015955622264093527, 'action': 'remove', 'coordinate': 4}, {'active': [0, 5, 6, 9], 'minimum': 0.010174306106794817, 'action': 'add', 'coordinate': 1}, {'active': [0, 1, 5, 6, 9], 'minimum': 0.01662421405119119, 'action': 'add', 'coordinate': 3}, {'active': [0, 1, 3, 5, 6, 9], 'minimum': -0.06455575139843006, 'action': 'remove', 'coordinate': 5}, {'active': [0, 1, 3, 6, 9], 'minimum': 0.024956489861288844, 'action': 'accept'}]",True,False,6.217248937900877e-15,4.066172990405694e-05,0.003474968288790919,5,0,0.5032165960425705,True
51,A,gaussian_blur,"[0.0563950922129024, 0.16299875440800804, 0.0, 0.0, 0.0, 0.0, 0.07169014512117933, 0.0, 0.013482804336865328, 0.6954332039210556]",4,4,"[{'active': [0, 1, 3, 4, 9], 'minimum': -0.022721277982686416, 'action': 'remove', 'coordinate': 4}, {'active': [0, 1, 3, 9], 'minimum': 0.06739186527942409, 'action': 'add', 'coordinate': 6}, {'active': [0, 1, 3, 6, 9], 'minimum': -0.01736219940200101, 'action': 'remove', 'coordinate': 3}, {'active': [0, 1, 6, 9], 'minimum': 0.06707369393532536, 'action': 'add', 'coordinate': 8}, {'active': [0, 1, 6, 8, 9], 'minimum': 0.013482804336865328, 'action': 'accept'}]",True,False,1.0658141036401503e-14,6.552007023373378e-05,0.00641552594883332,5,0,0.5922477870182875,True
51,B,clean,"[0.07333789673033209, 0.020660727252305833, 0.0, 0.017275547325340312, 0.0, 0.0, 0.037198964389018485, 0.0, 0.011686228101140728, 0.8398406362018136]",8,8,"[{'active': [4, 9], 'minimum': 0.08237780173948694, 'action': 'add', 'coordinate': 8}, {'active': [4, 8, 9], 'minimum': 0.05275124426899103, 'action': 'add', 'coordinate': 6}, {'active': [4, 6, 8, 9], 'minimum': 0.03207927976575786, 'action': 'add', 'coordinate': 0}, {'active': [0, 4, 6, 8, 9], 'minimum': 0.0034747189864510197, 'action': 'add', 'coordinate': 5}, {'active': [0, 4, 5, 6, 8, 9], 'minimum': -0.01837661690235759, 'action': 'remove', 'coordinate': 4}, {'active': [0, 5, 6, 8, 9], 'minimum': 0.0064107497093623955, 'action': 'add', 'coordinate': 3}, {'active': [0, 3, 5, 6, 8, 9], 'minimum': -0.029944906970524876, 'action': 'remove', 'coordinate': 5}, {'active': [0, 3, 6, 8, 9], 'minimum': 0.006965808603715651, 'action': 'add', 'coordinate': 1}, {'active': [0, 1, 3, 6, 8, 9], 'minimum': 0.011686228101140728, 'action': 'accept'}]",True,False,4.8960835385969403e-14,5.9132221381847704e-05,0.007019058395101712,6,0,0.6342566326890443,True
51,B,brightness_dark,"[0.05231397654321768, 0.0, 0.0, 0.04940586587756002, 0.0, 0.01009472011202206, 0.006923341179149389, 0.010012415148169751, 0.132822256109435, 0.738427425030495]",7,7,"[{'active': [4, 9], 'minimum': 0.10891358998272938, 'action': 'add', 'coordinate': 8}, {'active': [4, 8, 9], 'minimum': 0.08820199100791498, 'action': 'add', 'coordinate': 6}, {'active': [4, 6, 8, 9], 'minimum': 0.016146369688841505, 'action': 'add', 'coordinate': 5}, {'active': [4, 5, 6, 8, 9], 'minimum': 0.009067095494728616, 'action': 'add', 'coordinate': 0}, {'active': [0, 4, 5, 6, 8, 9], 'minimum': -0.004028457185150103, 'action': 'remove', 'coordinate': 4}, {'active': [0, 5, 6, 8, 9], 'minimum': 0.011425644731977228, 'action': 'add', 'coordinate': 7}, {'active': [0, 5, 6, 7, 8, 9], 'minimum': 0.01025002648480644, 'action': 'add', 'coordinate': 3}, {'active': [0, 3, 5, 6, 7, 8, 9], 'minimum': 0.006923341179149389, 'action': 'accept'}]",True,False,4.884981308350689e-14,3.396136593053926e-05,0.005564192802121382,7,0,0.5994879269473715,True
51,B,contrast_low,"[0.12869440404504218, 0.27488873458889884, 0.0, 0.0, 0.0, 0.0, 0.030122876549295796, 0.012000306104248182, 0.0, 0.5542936787124972]",4,4,"[{'active': [0, 4, 9], 'minimum': 0.0012521375260892142, 'action': 'add', 'coordinate': 6}, {'active': [0, 4, 6, 9], 'minimum': -0.03023132564060771, 'action': 'remove', 'coordinate': 4}, {'active': [0, 6, 9], 'minimum': 0.003957264920277037, 'action': 'add', 'coordinate': 1}, {'active': [0, 1, 6, 9], 'minimum': 0.03483335707331331, 'action': 'add', 'coordinate': 7}, {'active': [0, 1, 6, 7, 9], 'minimum': 0.012000306104248182, 'action': 'accept'}]",True,False,1.7763568394002505e-14,3.7811981801796724e-05,0.02948316552697429,5,0,1.1386387862788419,True
51,B,gaussian_noise,"[0.07979872708037306, 0.06726262312125186, 0.0, 0.020179628700386587, 0.0, 0.0, 0.04824353787679847, 0.0, 0.0, 0.7845154832211847]",6,6,"[{'active': [0, 4, 9], 'minimum': 0.04221440251574893, 'action': 'add', 'coordinate': 6}, {'active': [0, 4, 6, 9], 'minimum': 0.001665847735934145, 'action': 'add', 'coordinate': 5}, {'active': [0, 4, 5, 6, 9], 'minimum': -0.020085751946028907, 'action': 'remove', 'coordinate': 4}, {'active': [0, 5, 6, 9], 'minimum': 0.006799696935473776, 'action': 'add', 'coordinate': 1}, {'active': [0, 1, 5, 6, 9], 'minimum': 0.013180130107388166, 'action': 'add', 'coordinate': 3}, {'active': [0, 1, 3, 5, 6, 9], 'minimum': -0.06215140392667706, 'action': 'remove', 'coordinate': 5}, {'active': [0, 1, 3, 6, 9], 'minimum': 0.020179628700386587, 'action': 'accept'}]",True,False,5.329070518200751e-15,3.9159212108639364e-05,0.0035686082916692517,5,0,0.5062490317245258,True
51,B,gaussian_blur,"[0.053120629667930075, 0.1557381119143315, 0.0, 0.0, 0.0, 0.0, 0.07273022167705534, 0.0, 0.014059428432558363, 0.7043516083080874]",4,4,"[{'active': [0, 1, 3, 4, 9], 'minimum': -0.022367406140531898, 'action': 'remove', 'coordinate': 4}, {'active': [0, 1, 3, 9], 'minimum': 0.0659608650976331, 'action': 'add', 'coordinate': 6}, {'active': [0, 1, 3, 6, 9], 'minimum': -0.016376090440580526, 'action': 'remove', 'coordinate': 3}, {'active': [0, 1, 6, 9], 'minimum': 0.06441043989726714, 'action': 'add', 'coordinate': 8}, {'active': [0, 1, 6, 8, 9], 'minimum': 0.014059428432558363, 'action': 'accept'}]",True,False,3.730349362740526e-14,6.351431109789063e-05,0.006410936050626606,5,0,0.5903116588159605,True
52,A,clean,"[0.09173260172061881, 0.0, 0.9082673982793812, 0.0, 0.0, 0.0, 0.0, 0.0, 0.0, 0.0]",3,3,"[{'active': [2], 'minimum': 1.0, 'action': 'add', 'coordinate': 8}, {'active': [2, 8], 'minimum': 0.06252076348417421, 'action': 'add', 'coordinate': 0}, {'active': [0, 2, 8], 'minimum': -0.030493613683059362, 'action': 'remove', 'coordinate': 8}, {'active': [0, 2], 'minimum': 0.09173260172061881, 'action': 'accept'}]",True,False,2.211772431870429e-17,0.001464727531805544,0.002068531952136631,2,0,0.18346520344123762,True
52,A,brightness_dark,"[0.09048792766842417, 0.0, 0.9095120723315758, 0.0, 0.0, 0.0, 0.0, 0.0, 0.0, 0.0]",3,3,"[{'active': [2], 'minimum': 1.0, 'action': 'add', 'coordinate': 8}, {'active': [2, 8], 'minimum': 0.05703375267319538, 'action': 'add', 'coordinate': 0}, {'active': [0, 2, 8], 'minimum': -0.14112180869747393, 'action': 'remove', 'coordinate': 8}, {'active': [0, 2], 'minimum': 0.09048792766842417, 'action': 'accept'}]",True,False,9.974659986866641e-18,0.0021744468554729304,0.0027547953519477153,2,0,0.18097585533684835,True
52,A,contrast_low,"[0.0907949384067806, 0.0, 0.9092050615932195, 0.0, 0.0, 0.0, 0.0, 0.0, 0.0, 0.0]",3,3,"[{'active': [2], 'minimum': 1.0, 'action': 'add', 'coordinate': 8}, {'active': [2, 8], 'minimum': 0.0682667081124296, 'action': 'add', 'coordinate': 0}, {'active': [0, 2, 8], 'minimum': -0.046059561686797146, 'action': 'remove', 'coordinate': 8}, {'active': [0, 2], 'minimum': 0.0907949384067806, 'action': 'accept'}]",True,False,2.0599841277224584e-18,0.0008280778145488588,0.0013713248675693555,2,0,0.18158987681356115,True
52,A,gaussian_noise,"[0.10207661600186285, 0.0, 0.8979233839981371, 0.0, 0.0, 0.0, 0.0, 0.0, 0.0, 0.0]",5,5,"[{'active': [2, 5, 9], 'minimum': -0.02489790939683889, 'action': 'remove', 'coordinate': 5}, {'active': [2, 9], 'minimum': 0.016795755671887624, 'action': 'add', 'coordinate': 8}, {'active': [2, 8, 9], 'minimum': -0.14217516427374455, 'action': 'remove', 'coordinate': 9}, {'active': [2, 8], 'minimum': 0.06738179980963724, 'action': 'add', 'coordinate': 0}, {'active': [0, 2, 8], 'minimum': -0.030583078895014992, 'action': 'remove', 'coordinate': 8}, {'active': [0, 2], 'minimum': 0.10207661600186285, 'action': 'accept'}]",True,False,2.0057740190981832e-17,0.0009775656435535313,0.00169768745713619,2,0,0.20415323200372582,True
52,A,gaussian_blur,"[0.03445055347954362, 0.0, 0.9174877082337596, 0.0, 0.0, 0.0, 0.0, 0.0, 0.04806173828669502, 0.0]",2,2,"[{'active': [2], 'minimum': 1.0, 'action': 'add', 'coordinate': 8}, {'active': [2, 8], 'minimum': 0.0723844223639355, 'action': 'add', 'coordinate': 0}, {'active': [0, 2, 8], 'minimum': 0.03445055347954362, 'action': 'accept'}]",True,False,1.7763568394002505e-15,0.0008784266576644511,0.00153490312925748,3,0,0.16502458353247906,True
52,B,clean,"[0.09173260172061881, 0.0, 0.9082673982793812, 0.0, 0.0, 0.0, 0.0, 0.0, 0.0, 0.0]",3,3,"[{'active': [2], 'minimum': 1.0, 'action': 'add', 'coordinate': 8}, {'active': [2, 8], 'minimum': 0.06252076348417421, 'action': 'add', 'coordinate': 0}, {'active': [0, 2, 8], 'minimum': -0.030493613683059362, 'action': 'remove', 'coordinate': 8}, {'active': [0, 2], 'minimum': 0.09173260172061881, 'action': 'accept'}]",True,False,2.211772431870429e-17,0.001464727531805544,0.002068531952136631,2,0,0.18346520344123762,True
52,B,brightness_dark,"[0.09128937093360912, 0.0, 0.9087106290663909, 0.0, 0.0, 0.0, 0.0, 0.0, 0.0, 0.0]",3,3,"[{'active': [2], 'minimum': 1.0, 'action': 'add', 'coordinate': 8}, {'active': [2, 8], 'minimum': 0.057709739560163675, 'action': 'add', 'coordinate': 0}, {'active': [0, 2, 8], 'minimum': -0.13417319398668992, 'action': 'remove', 'coordinate': 8}, {'active': [0, 2], 'minimum': 0.09128937093360912, 'action': 'accept'}]",True,False,1.3010426069826053e-17,0.002179951709305825,0.002772875498154277,2,0,0.18257874186721823,True
52,B,contrast_low,"[0.07175264392310882, 0.0, 0.9282473560768911, 0.0, 0.0, 0.0, 0.0, 0.0, 0.0, 0.0]",3,3,"[{'active': [2], 'minimum': 1.0, 'action': 'add', 'coordinate': 8}, {'active': [2, 8], 'minimum': 0.05310719881280532, 'action': 'add', 'coordinate': 0}, {'active': [0, 2, 8], 'minimum': -0.08840760188982699, 'action': 'remove', 'coordinate': 8}, {'active': [0, 2], 'minimum': 0.07175264392310882, 'action': 'accept'}]",True,False,3.69712940817557e-17,0.0009693408777053894,0.0013058920792486251,2,0,0.1435052878462177,True
52,B,gaussian_noise,"[0.10338972677646041, 0.0, 0.8966102732235396, 0.0, 0.0, 0.0, 0.0, 0.0, 0.0, 0.0]",5,5,"[{'active': [2, 5, 9], 'minimum': -0.02461166499202605, 'action': 'remove', 'coordinate': 5}, {'active': [2, 9], 'minimum': 0.019627119037811003, 'action': 'add', 'coordinate': 8}, {'active': [2, 8, 9], 'minimum': -0.1409960899292909, 'action': 'remove', 'coordinate': 9}, {'active': [2, 8], 'minimum': 0.06858889407754765, 'action': 'add', 'coordinate': 0}, {'active': [0, 2, 8], 'minimum': -0.03091610810874723, 'action': 'remove', 'coordinate': 8}, {'active': [0, 2], 'minimum': 0.10338972677646041, 'action': 'accept'}]",True,False,2.5478751053409354e-17,0.0009188260095488977,0.0016393032586146698,2,0,0.20677945355292074,True
52,B,gaussian_blur,"[0.03357043723050346, 0.0, 0.9192500937153296, 0.0, 0.0, 0.0, 0.0, 0.0, 0.0471794690541687, 0.0]",2,2,"[{'active': [2], 'minimum': 1.0, 'action': 'add', 'coordinate': 8}, {'active': [2, 8], 'minimum': 0.07095948965804649, 'action': 'add', 'coordinate': 0}, {'active': [0, 2, 8], 'minimum': 0.03357043723050346, 'action': 'accept'}]",True,False,1.7763568394002505e-15,0.0009477218870912227,0.0015799748050293646,3,0,0.16149981256934254,True
53,A,clean,"[0.0, 0.44460966339646224, 0.0, 0.0, 0.0, 0.12872057794262837, 0.0, 0.4266697586609096, 0.0, 0.0]",2,2,"[{'active': [1, 3, 7], 'minimum': 0.07330893849278297, 'action': 'add', 'coordinate': 5}, {'active': [1, 3, 5, 7], 'minimum': -0.10601161580949392, 'action': 'remove', 'coordinate': 3}, {'active': [1, 5, 7], 'minimum': 0.12872057794262837, 'action': 'accept'}]",True,False,2.220446049250313e-16,0.0022524763046879288,0.004095703931340322,3,0,0.4574713761552142,True
53,A,brightness_dark,"[0.0, 0.4082634893631508, 0.0, 0.0, 0.0, 0.0, 0.0, 0.5917365106368492, 0.0, 0.0]",1,1,"[{'active': [1, 3, 7], 'minimum': -0.10190710843100526, 'action': 'remove', 'coordinate': 3}, {'active': [1, 7], 'minimum': 0.4082634893631508, 'action': 'accept'}]",True,False,6.505213034913027e-19,0.001873910166488536,0.0021476035596548868,2,0,0.07917335318230431,True
53,A,contrast_low,"[0.0, 0.5108660899186153, 0.0, 0.0, 0.0, 0.4231167776668885, 0.0660171324144958, 0.0, 0.0, 0.0]",3,3,"[{'active': [1, 7], 'minimum': 0.4973039770219823, 'action': 'add', 'coordinate': 6}, {'active': [1, 6, 7], 'minimum': 0.08200809014422683, 'action': 'add', 'coordinate': 5}, {'active': [1, 5, 6, 7], 'minimum': -0.07496909769868298, 'action': 'remove', 'coordinate': 7}, {'active': [1, 5, 6], 'minimum': 0.0660171324144958, 'action': 'accept'}]",True,False,4.440892098500626e-16,0.002619692476305385,0.005477144594268709,3,0,1.2777576400618966,True
53,A,gaussian_noise,"[0.0, 0.45330926742932764, 0.0, 0.0, 0.0, 0.19173867850655046, 0.0, 0.354952054064122, 0.0, 0.0]",2,2,"[{'active': [1, 3, 7], 'minimum': 0.13216458005210896, 'action': 'add', 'coordinate': 5}, {'active': [1, 3, 5, 7], 'minimum': -0.10578729290929378, 'action': 'remove', 'coordinate': 3}, {'active': [1, 5, 7], 'minimum': 0.19173867850655046, 'action': 'accept'}]",True,False,1.0473392986209973e-16,0.002331630767478801,0.0036240057489040096,3,0,0.559614799757105,True
53,A,gaussian_blur,"[0.0, 0.4445054735540914, 0.0, 0.0, 0.0, 0.08794553545940964, 0.0, 0.4675489909864998, 0.0, 0.0]",2,2,"[{'active': [1, 3, 7], 'minimum': 0.017630425277455508, 'action': 'add', 'coordinate': 5}, {'active': [1, 3, 5, 7], 'minimum': -0.2108338281410388, 'action': 'remove', 'coordinate': 3}, {'active': [1, 5, 7], 'minimum': 0.08794553545940964, 'action': 'accept'}]",True,False,8.881784197001252e-16,0.003146733606105643,0.0040996870109097396,3,0,0.3147961523915687,True
53,B,clean,"[0.0, 0.44460966339646224, 0.0, 0.0, 0.0, 0.12872057794262837, 0.0, 0.4266697586609096, 0.0, 0.0]",2,2,"[{'active': [1, 3, 7], 'minimum': 0.07330893849278297, 'action': 'add', 'coordinate': 5}, {'active': [1, 3, 5, 7], 'minimum': -0.10601161580949392, 'action': 'remove', 'coordinate': 3}, {'active': [1, 5, 7], 'minimum': 0.12872057794262837, 'action': 'accept'}]",True,False,2.220446049250313e-16,0.0022524763046879288,0.004095703931340322,3,0,0.4574713761552142,True
53,B,brightness_dark,"[0.0, 0.4077101406876063, 0.0, 0.0, 0.0, 0.0, 0.0, 0.5922898593123938, 0.0, 0.0]",1,1,"[{'active': [1, 3, 7], 'minimum': -0.09561546460151416, 'action': 'remove', 'coordinate': 3}, {'active': [1, 7], 'minimum': 0.4077101406876063, 'action': 'accept'}]",True,False,1.3227266504323154e-17,0.0018945169336500938,0.002137642464983093,2,0,0.07162158740953531,True
53,B,contrast_low,"[0.0, 0.5191309436186042, 0.0, 0.0, 0.0, 0.40756542772273185, 0.054017164575818066, 0.019286464082848953, 0.0, 0.0]",2,2,"[{'active': [1, 7], 'minimum': 0.4895552339397607, 'action': 'add', 'coordinate': 6}, {'active': [1, 6, 7], 'minimum': 0.06964436097365345, 'action': 'add', 'coordinate': 5}, {'active': [1, 5, 6, 7], 'minimum': 0.019286464082848953, 'action': 'accept'}]",True,False,3.1086244689504383e-15,0.0024577314440222477,0.006935753128364817,4,0,1.3091843002947705,True
53,B,gaussian_noise,"[0.0, 0.45208077592964213, 0.0, 0.0, 0.0, 0.19254075437773022, 0.0, 0.3553784696926279, 0.0, 0.0]",2,2,"[{'active': [1, 3, 7], 'minimum': 0.13498139085652205, 'action': 'add', 'coordinate': 5}, {'active': [1, 3, 5, 7], 'minimum': -0.09748572407021339, 'action': 'remove', 'coordinate': 3}, {'active': [1, 5, 7], 'minimum': 0.19254075437773022, 'action': 'accept'}]",True,False,2.220446049250313e-16,0.0022572693464459055,0.0036590280286279042,3,0,0.5688783642111707,True
53,B,gaussian_blur,"[0.0, 0.44458401645141143, 0.0, 0.0, 0.0, 0.07201534462760417, 0.0, 0.48340063892098417, 0.0, 0.0]",2,2,"[{'active': [1, 3, 7], 'minimum': 0.004598630520730396, 'action': 'add', 'coordinate': 5}, {'active': [1, 3, 5, 7], 'minimum': -0.21736283180117044, 'action': 'remove', 'coordinate': 3}, {'active': [1, 5, 7], 'minimum': 0.07201534462760417, 'action': 'accept'}]",True,False,2.220446049250313e-16,0.00318442222994691,0.004016393818893772,3,0,0.27156552342451223,True
54,A,clean,"[0.0, 0.0, 0.255750333285089, 0.0, 0.0, 0.0, 0.09347097081660305, 0.6507786958983087, 0.0, 0.0]",1,1,"[{'active': [2, 7], 'minimum': 0.31291198654002705, 'action': 'add', 'coordinate': 6}, {'active': [2, 6, 7], 'minimum': 0.09347097081660305, 'action': 'accept'}]",True,False,8.881784197001252e-16,0.0009287078049108784,0.0015329463714413322,3,0,0.24735679600252652,True
54,A,brightness_dark,"[0.0, 0.0, 0.0, 0.0, 0.16566477002390212, 0.0, 0.0, 0.8343352299760979, 0.0, 0.0]",5,5,"[{'active': [7], 'minimum': 1.0, 'action': 'add', 'coordinate': 6}, {'active': [6, 7], 'minimum': 0.02356954920641427, 'action': 'add', 'coordinate': 2}, {'active': [2, 6, 7], 'minimum': 0.014911889187787297, 'action': 'add', 'coordinate': 4}, {'active': [2, 4, 6, 7], 'minimum': -0.15902172536937353, 'action': 'remove', 'coordinate': 2}, {'active': [4, 6, 7], 'minimum': -0.00708217238155795, 'action': 'remove', 'coordinate': 6}, {'active': [4, 7], 'minimum': 0.16566477002390212, 'action': 'accept'}]",True,False,2.6020852139652106e-18,0.0013654810526692414,0.0015359665597400878,2,0,0.33132954004780424,True
54,A,contrast_low,"[0.0, 0.0, 0.16865757480686172, 0.0, 0.11249971365674494, 0.0, 0.2722096313800284, 0.44663308015627967, 0.0, 0.0]",3,3,"[{'active': [7], 'minimum': 1.0, 'action': 'add', 'coordinate': 6}, {'active': [6, 7], 'minimum': 0.2911351386059202, 'action': 'add', 'coordinate': 2}, {'active': [2, 6, 7], 'minimum': 0.23972122613524527, 'action': 'add', 'coordinate': 4}, {'active': [2, 4, 6, 7], 'minimum': 0.11249971365674494, 'action': 'accept'}]",True,False,8.526512829121202e-14,0.0010713909995811557,0.0036520793537857203,4,0,1.1067338396873554,True
54,A,gaussian_noise,"[0.0, 0.0, 0.0, 0.0, 0.48894015475420016, 0.04005974258679269, 0.016140232160271717, 0.4548598704987341, 0.0, 0.0]",4,4,"[{'active': [2, 7], 'minimum': 0.3989847752635918, 'action': 'add', 'coordinate': 6}, {'active': [2, 6, 7], 'minimum': 0.1098122143140281, 'action': 'add', 'coordinate': 5}, {'active': [2, 5, 6, 7], 'minimum': 0.0948320518378792, 'action': 'add', 'coordinate': 4}, {'active': [2, 4, 5, 6, 7], 'minimum': -0.16908310909900948, 'action': 'remove', 'coordinate': 2}, {'active': [4, 5, 6, 7], 'minimum': 0.016140232160271717, 'action': 'accept'}]",True,False,1.3322676295501878e-15,0.0015216462649570944,0.0025644536836743727,4,0,1.0902802590025304,True
54,A,gaussian_blur,"[0.0, 0.0, 0.27652454199961674, 0.0, 0.0, 0.0, 0.08116141171210978, 0.642314046288273, 0.0, 0.0]",1,1,"[{'active': [2, 7], 'minimum': 0.36178214613770143, 'action': 'add', 'coordinate': 6}, {'active': [2, 6, 7], 'minimum': 0.08116141171210978, 'action': 'accept'}]",True,False,4.440892098500626e-16,0.0021941361427159087,0.002893521133486155,3,0,0.3638556095472466,True
54,B,clean,"[0.0, 0.0, 0.255750333285089, 0.0, 0.0, 0.0, 0.09347097081660305, 0.6507786958983087, 0.0, 0.0]",1,1,"[{'active': [2, 7], 'minimum': 0.31291198654002705, 'action': 'add', 'coordinate': 6}, {'active': [2, 6, 7], 'minimum': 0.09347097081660305, 'action': 'accept'}]",True,False,8.881784197001252e-16,0.0009287078049108784,0.0015329463714413322,3,0,0.24735679600252652,True
54,B,brightness_dark,"[0.0, 0.0, 0.0, 0.0, 0.15045864177220114, 0.0, 0.0, 0.8495413582277989, 0.0, 0.0]",5,5,"[{'active': [7], 'minimum': 1.0, 'action': 'add', 'coordinate': 6}, {'active': [6, 7], 'minimum': 0.0221408742551851, 'action': 'add', 'coordinate': 2}, {'active': [2, 6, 7], 'minimum': 0.013924404008189617, 'action': 'add', 'coordinate': 4}, {'active': [2, 4, 6, 7], 'minimum': -0.1381304868962733, 'action': 'remove', 'coordinate': 2}, {'active': [4, 6, 7], 'minimum': -0.006031192818343412, 'action': 'remove', 'coordinate': 6}, {'active': [4, 7], 'minimum': 0.15045864177220114, 'action': 'accept'}]",True,False,1.6479873021779667e-17,0.0014333350145895507,0.0015753823514974524,2,0,0.3009172835444023,True
54,B,contrast_low,"[0.0, 0.0, 0.12606720367893876, 0.0, 0.1257549620069196, 0.0, 0.2676457117530358, 0.4805321225611201, 0.0, 0.0]",3,3,"[{'active': [7], 'minimum': 1.0, 'action': 'add', 'coordinate': 6}, {'active': [6, 7], 'minimum': 0.2908700994917679, 'action': 'add', 'coordinate': 2}, {'active': [2, 6, 7], 'minimum': 0.20786185369533627, 'action': 'add', 'coordinate': 4}, {'active': [2, 4, 6, 7], 'minimum': 0.1257549620069196, 'action': 'accept'}]",True,False,1.4210854715202004e-14,0.0011694300922737827,0.0037004922950822886,4,0,1.038935754877774,True
54,B,gaussian_noise,"[0.0, 0.0, 0.0, 0.0, 0.4953290970375798, 0.03922432204318331, 0.013825838344699956, 0.45162074257453777, 0.0, 0.0]",4,4,"[{'active': [2, 7], 'minimum': 0.40130562067648434, 'action': 'add', 'coordinate': 6}, {'active': [2, 6, 7], 'minimum': 0.11141157010786551, 'action': 'add', 'coordinate': 5}, {'active': [2, 5, 6, 7], 'minimum': 0.09466473276968007, 'action': 'add', 'coordinate': 4}, {'active': [2, 4, 5, 6, 7], 'minimum': -0.1809485050049684, 'action': 'remove', 'coordinate': 2}, {'active': [4, 5, 6, 7], 'minimum': 0.013825838344699956, 'action': 'accept'}]",True,False,8.881784197001252e-16,0.0014828864594271793,0.002531646752655079,4,0,1.0967585148509253,True
54,B,gaussian_blur,"[0.0, 0.0, 0.2734838265083879, 0.0, 0.0, 0.0, 0.08092245037186929, 0.6455937231197442, 0.0, 0.0]",1,1,"[{'active': [2, 7], 'minimum': 0.36080716847042127, 'action': 'add', 'coordinate': 6}, {'active': [2, 6, 7], 'minimum': 0.08092245037186929, 'action': 'accept'}]",True,False,1.3322676295501878e-15,0.0023041876535866024,0.003011029160497743,3,0,0.3571527488272377,True
55,A,clean,"[0.029177080097753105, 0.0546059927818765, 0.0, 0.0, 0.0, 0.029448799246090562, 0.0, 0.011267743561614196, 0.8755003843126641, 0.0]",3,3,"[{'active': [1, 8], 'minimum': 0.07106800410859013, 'action': 'add', 'coordinate': 5}, {'active': [1, 5, 8], 'minimum': 0.04681451350493393, 'action': 'add', 'coordinate': 0}, {'active': [0, 1, 5, 8], 'minimum': 0.033668302945085604, 'action': 'add', 'coordinate': 7}, {'active': [0, 1, 5, 7, 8], 'minimum': 0.011267743561614196, 'action': 'accept'}]",True,False,1.5543122344752192e-15,0.00026178607156559245,0.0016775023526831177,5,0,0.2654601479738452,True
55,A,brightness_dark,"[0.0, 0.03566131381924453, 0.0, 0.0, 0.0, 0.0, 0.0, 0.0004552775623462013, 0.8888340046569712, 0.07504940396118265]",3,3,"[{'active': [1, 4, 8], 'minimum': 0.007769530648568113, 'action': 'add', 'coordinate': 7}, {'active': [1, 4, 7, 8], 'minimum': -0.04460572135862184, 'action': 'remove', 'coordinate': 4}, {'active': [1, 7, 8], 'minimum': 0.010593504090376182, 'action': 'add', 'coordinate': 9}, {'active': [1, 7, 8, 9], 'minimum': 0.0004552775623462013, 'action': 'accept'}]",True,False,2.554623179662485e-13,0.00016807159602767342,0.0011417678257649886,4,0,0.2653689700424813,True
55,A,contrast_low,"[0.0, 0.10833532787761377, 0.0, 0.0, 0.0, 0.0, 0.0, 0.0, 0.8916646721223862, 0.0]",0,0,"[{'active': [1, 8], 'minimum': 0.10833532787761377, 'action': 'accept'}]",True,False,5.204170427930421e-18,0.0007311356681473428,0.0007325367248082038,2,0,0.010323690112769207,True
55,A,gaussian_noise,"[0.013646821027806122, 0.048954316411652016, 0.0, 0.0, 0.0, 0.05815919793974189, 0.0, 0.0, 0.8792396646208002, 0.0]",3,3,"[{'active': [1, 3, 8], 'minimum': 0.05022556975117129, 'action': 'add', 'coordinate': 5}, {'active': [1, 3, 5, 8], 'minimum': -0.1708616996313081, 'action': 'remove', 'coordinate': 3}, {'active': [1, 5, 8], 'minimum': 0.04894563399232782, 'action': 'add', 'coordinate': 0}, {'active': [0, 1, 5, 8], 'minimum': 0.013646821027806122, 'action': 'accept'}]",True,False,2.220446049250313e-16,0.00014437992792517543,0.001182123843662875,4,0,0.35311425724551365,True
55,A,gaussian_blur,"[0.00500793287189083, 0.04455613097840949, 0.0, 0.0, 0.0, 0.00498190244517982, 0.0, 0.043538105932775295, 0.9019159277717463, 0.0]",3,3,"[{'active': [1, 8], 'minimum': 0.06078461365531718, 'action': 'add', 'coordinate': 5}, {'active': [1, 5, 8], 'minimum': 0.04420185623154671, 'action': 'add', 'coordinate': 7}, {'active': [1, 5, 7, 8], 'minimum': 0.0043516334546510275, 'action': 'add', 'coordinate': 0}, {'active': [0, 1, 5, 7, 8], 'minimum': 0.00498190244517982, 'action': 'accept'}]",True,False,1.7763568394002505e-15,0.0001857934501745299,0.0017980421989938836,5,0,0.32140161398715017,True
55,B,clean,"[0.029177080097753105, 0.0546059927818765, 0.0, 0.0, 0.0, 0.029448799246090562, 0.0, 0.011267743561614196, 0.8755003843126641, 0.0]",3,3,"[{'active': [1, 8], 'minimum': 0.07106800410859013, 'action': 'add', 'coordinate': 5}, {'active': [1, 5, 8], 'minimum': 0.04681451350493393, 'action': 'add', 'coordinate': 0}, {'active': [0, 1, 5, 8], 'minimum': 0.033668302945085604, 'action': 'add', 'coordinate': 7}, {'active': [0, 1, 5, 7, 8], 'minimum': 0.011267743561614196, 'action': 'accept'}]",True,False,1.5543122344752192e-15,0.00026178607156559245,0.0016775023526831177,5,0,0.2654601479738452,True
55,B,brightness_dark,"[0.0, 0.029907265577547193, 0.0, 0.0, 0.0, 0.0, 0.0, 0.0, 0.8903499530565497, 0.07974278136589419]",4,4,"[{'active': [1, 4, 8], 'minimum': 0.007896185683993417, 'action': 'add', 'coordinate': 7}, {'active': [1, 4, 7, 8], 'minimum': -0.045755877600152595, 'action': 'remove', 'coordinate': 4}, {'active': [1, 7, 8], 'minimum': 0.010818236282702953, 'action': 'add', 'coordinate': 9}, {'active': [1, 7, 8, 9], 'minimum': -0.0005293720098858423, 'action': 'remove', 'coordinate': 7}, {'active': [1, 8, 9], 'minimum': 0.029907265577547193, 'action': 'accept'}]",True,False,8.881784197001252e-15,0.0001707317054336447,0.0009946972094317145,3,0,0.2555632140314743,True
55,B,contrast_low,"[0.0, 0.12090968729116439, 0.0, 0.0, 0.0, 0.0, 0.0, 0.0, 0.8790903127088356, 0.0]",0,0,"[{'active': [1, 8], 'minimum': 0.12090968729116439, 'action': 'accept'}]",True,False,3.2959746043559335e-17,0.0007051177923766305,0.000718893861102549,2,0,0.032100436948595684,True
55,B,gaussian_noise,"[0.0066134663041734765, 0.049427622378946975, 0.0, 0.0, 0.0, 0.061030718083087465, 0.0, 0.0, 0.8829281932337965, 0.0]",3,3,"[{'active': [1, 3, 8], 'minimum': 0.05070545392321668, 'action': 'add', 'coordinate': 5}, {'active': [1, 3, 5, 8], 'minimum': -0.1815970006710323, 'action': 'remove', 'coordinate': 3}, {'active': [1, 5, 8], 'minimum': 0.04941420997554724, 'action': 'add', 'coordinate': 0}, {'active': [0, 1, 5, 8], 'minimum': 0.0066134663041734765, 'action': 'accept'}]",True,False,4.440892098500626e-15,0.0001580686356123071,0.0011440763541397839,4,0,0.35819560712425697,True
55,B,gaussian_blur,"[0.001785449563570296, 0.04647256827062307, 0.0, 0.0, 0.0, 0.004063571257957088, 0.0, 0.04541263851167443, 0.9022657723961736, 0.0]",3,3,"[{'active': [1, 8], 'minimum': 0.061989714223343484, 'action': 'add', 'coordinate': 5}, {'active': [1, 5, 8], 'minimum': 0.04396367653929767, 'action': 'add', 'coordinate': 7}, {'active': [1, 5, 7, 8], 'minimum': 0.0038495445925964353, 'action': 'add', 'coordinate': 0}, {'active': [0, 1, 5, 7, 8], 'minimum': 0.001785449563570296, 'action': 'accept'}]",True,False,1.5543122344752192e-15,0.00017791503060385404,0.001820979148790701,5,0,0.3202489283970865,True
56,A,clean,"[0.027872021216922338, 0.189678642934356, 0.0, 0.19447846856687256, 0.18261106137035976, 0.004586071266754921, 0.001456575770631248, 0.23954517249451535, 0.0, 0.1597719863795959]",5,5,"[{'active': [0, 3, 4, 7, 9], 'minimum': -0.015839557463299903, 'action': 'remove', 'coordinate': 0}, {'active': [3, 4, 7, 9], 'minimum': 0.16758831948104747, 'action': 'add', 'coordinate': 1}, {'active': [1, 3, 4, 7, 9], 'minimum': 0.11980953802547134, 'action': 'add', 'coordinate': 0}, {'active': [0, 1, 3, 4, 7, 9], 'minimum': 0.027629681695632513, 'action': 'add', 'coordinate': 6}, {'active': [0, 1, 3, 4, 6, 7, 9], 'minimum': 0.00033954217422138555, 'action': 'add', 'coordinate': 5}, {'active': [0, 1, 3, 4, 5, 6, 7, 9], 'minimum': 0.001456575770631248, 'action': 'accept'}]",True,False,7.993605777301127e-15,7.517579011738269e-05,0.0021660728871221754,8,0,1.0129557916148992,True
56,A,brightness_dark,"[0.054925532288613965, 0.21366885908108202, 0.0, 0.0, 0.22470622148496133, 0.0, 0.1538346685193952, 0.23740484164338227, 0.0, 0.11545987698252702]",3,3,"[{'active': [3, 4, 6, 7, 9], 'minimum': -0.07793051401952583, 'action': 'remove', 'coordinate': 3}, {'active': [4, 6, 7, 9], 'minimum': 0.1443388675867342, 'action': 'add', 'coordinate': 0}, {'active': [0, 4, 6, 7, 9], 'minimum': 0.018403432122880092, 'action': 'add', 'coordinate': 1}, {'active': [0, 1, 4, 6, 7, 9], 'minimum': 0.054925532288613965, 'action': 'accept'}]",True,False,3.8191672047105385e-14,4.885327337240958e-05,0.0010176076211419255,6,0,1.129292261981757,True
56,A,contrast_low,"[0.06988199204439027, 0.0, 0.0, 0.19692587257375038, 0.15623644593108654, 0.0, 0.008214522046185557, 0.26289367215918347, 0.009059149184079018, 0.29678834606131943]",3,3,"[{'active': [0, 3, 4, 5, 7, 9], 'minimum': -0.0367602397774931, 'action': 'remove', 'coordinate': 5}, {'active': [0, 3, 4, 7, 9], 'minimum': 0.07565121251061635, 'action': 'add', 'coordinate': 6}, {'active': [0, 3, 4, 6, 7, 9], 'minimum': 0.007909036526998037, 'action': 'add', 'coordinate': 8}, {'active': [0, 3, 4, 6, 7, 8, 9], 'minimum': 0.008214522046185557, 'action': 'accept'}]",True,False,5.329070518200751e-15,8.194107967812459e-06,0.0006705107605949784,7,0,0.7425728091732471,True
56,A,gaussian_noise,"[0.0, 0.036831453031027195, 0.0, 0.02214156683471602, 0.13642555778558219, 0.1739739720279232, 0.0, 0.2876076671339014, 0.0, 0.3430197831868469]",2,2,"[{'active': [4, 5, 7, 9], 'minimum': 0.14581416100242517, 'action': 'add', 'coordinate': 1}, {'active': [1, 4, 5, 7, 9], 'minimum': 0.035393800402069076, 'action': 'add', 'coordinate': 3}, {'active': [1, 3, 4, 5, 7, 9], 'minimum': 0.02214156683471602, 'action': 'accept'}]",True,False,3.428464109833662e-15,5.640219693887274e-05,0.001346960593444901,6,0,0.7919751349823959,True
56,A,gaussian_blur,"[0.009363074012772366, 0.062307151648191894, 0.0, 0.04832989808737853, 0.1759606179097117, 0.1366846147700166, 0.004784104049716964, 0.27713164837352533, 0.0, 0.2854388911486456]",5,5,"[{'active': [0, 4, 5, 7, 9], 'minimum': -0.007170303175505932, 'action': 'remove', 'coordinate': 0}, {'active': [4, 5, 7, 9], 'minimum': 0.1693567967685925, 'action': 'add', 'coordinate': 6}, {'active': [4, 5, 6, 7, 9], 'minimum': 0.013790367121918612, 'action': 'add', 'coordinate': 1}, {'active': [1, 4, 5, 6, 7, 9], 'minimum': 0.01239803892258795, 'action': 'add', 'coordinate': 0}, {'active': [0, 1, 4, 5, 6, 7, 9], 'minimum': 0.009320213244421893, 'action': 'add', 'coordinate': 3}, {'active': [0, 1, 3, 4, 5, 6, 7, 9], 'minimum': 0.004784104049716964, 'action': 'accept'}]",True,False,4.0967229608668276e-14,6.38832849868037e-05,0.0009781475301362827,8,0,0.7468318381320611,True
56,B,clean,"[0.027872021216922338, 0.189678642934356, 0.0, 0.19447846856687256, 0.18261106137035976, 0.004586071266754921, 0.001456575770631248, 0.23954517249451535, 0.0, 0.1597719863795959]",5,5,"[{'active': [0, 3, 4, 7, 9], 'minimum': -0.015839557463299903, 'action': 'remove', 'coordinate': 0}, {'active': [3, 4, 7, 9], 'minimum': 0.16758831948104747, 'action': 'add', 'coordinate': 1}, {'active': [1, 3, 4, 7, 9], 'minimum': 0.11980953802547134, 'action': 'add', 'coordinate': 0}, {'active': [0, 1, 3, 4, 7, 9], 'minimum': 0.027629681695632513, 'action': 'add', 'coordinate': 6}, {'active': [0, 1, 3, 4, 6, 7, 9], 'minimum': 0.00033954217422138555, 'action': 'add', 'coordinate': 5}, {'active': [0, 1, 3, 4, 5, 6, 7, 9], 'minimum': 0.001456575770631248, 'action': 'accept'}]",True,False,7.993605777301127e-15,7.517579011738269e-05,0.0021660728871221754,8,0,1.0129557916148992,True
56,B,brightness_dark,"[0.05602176034181383, 0.21364521416978732, 0.0, 0.0, 0.22556582135243852, 0.0, 0.153803666918789, 0.23645158896722762, 0.0, 0.11451194824991262]",3,3,"[{'active': [3, 4, 6, 7, 9], 'minimum': -0.07652457766263782, 'action': 'remove', 'coordinate': 3}, {'active': [4, 6, 7, 9], 'minimum': 0.14393107588819248, 'action': 'add', 'coordinate': 0}, {'active': [0, 4, 6, 7, 9], 'minimum': 0.019429954867033583, 'action': 'add', 'coordinate': 1}, {'active': [0, 1, 4, 6, 7, 9], 'minimum': 0.05602176034181383, 'action': 'accept'}]",True,False,3.108624468950438e-14,4.815549384245438e-05,0.000994406984814547,6,0,1.1122702555911084,True
56,B,contrast_low,"[0.03226194162207463, 0.0, 0.0, 0.17190941363076462, 0.1636581124323655, 0.0, 0.023206207817120905, 0.27259903927818385, 0.043992015336264956, 0.292373269883238]",2,2,"[{'active': [0, 3, 4, 7, 9], 'minimum': 0.06872993891840151, 'action': 'add', 'coordinate': 6}, {'active': [0, 3, 4, 6, 7, 9], 'minimum': 0.023371318598231383, 'action': 'add', 'coordinate': 8}, {'active': [0, 3, 4, 6, 7, 8, 9], 'minimum': 0.023206207817120905, 'action': 'accept'}]",True,False,1.2434497875801753e-14,6.988496490961395e-06,0.000494244272248285,7,0,0.7227652329406445,True
56,B,gaussian_noise,"[0.0, 0.04050512019796315, 0.0, 0.022822609037604913, 0.12894690490794325, 0.17569155481957743, 0.0, 0.29023037615286107, 0.0, 0.3418034348840564]",2,2,"[{'active': [4, 5, 7, 9], 'minimum': 0.13872036336013915, 'action': 'add', 'coordinate': 1}, {'active': [1, 4, 5, 7, 9], 'minimum': 0.039072343511087126, 'action': 'add', 'coordinate': 3}, {'active': [1, 3, 4, 5, 7, 9], 'minimum': 0.022822609037604913, 'action': 'accept'}]",True,False,6.217248937900877e-15,5.474772257646991e-05,0.0014423132471042465,6,0,0.8144780913359422,True
56,B,gaussian_blur,"[0.007312765799663223, 0.05577854885640199, 0.0, 0.05125536565852462, 0.17640731873120902, 0.1328623267864385, 0.007433479387149361, 0.2769824121409127, 0.0, 0.2919677826396967]",5,5,"[{'active': [0, 4, 5, 7, 9], 'minimum': -0.008879631610529515, 'action': 'remove', 'coordinate': 0}, {'active': [4, 5, 7, 9], 'minimum': 0.16977460035700975, 'action': 'add', 'coordinate': 6}, {'active': [4, 5, 6, 7, 9], 'minimum': 0.017625171660056782, 'action': 'add', 'coordinate': 1}, {'active': [1, 4, 5, 6, 7, 9], 'minimum': 0.016384758179046166, 'action': 'add', 'coordinate': 0}, {'active': [0, 1, 4, 5, 6, 7, 9], 'minimum': 0.007267262220874926, 'action': 'add', 'coordinate': 3}, {'active': [0, 1, 3, 4, 5, 6, 7, 9], 'minimum': 0.007312765799663223, 'action': 'accept'}]",True,False,3.9968028886505635e-15,6.25124968846227e-05,0.0008676393868917012,8,0,0.7426809793601479,True
57,A,clean,"[0.0, 0.12582702371361165, 0.0, 0.5485163594166949, 0.026573331424981972, 0.05247900819850315, 0.01704909853919645, 0.0, 0.0, 0.22955517870707354]",3,3,"[{'active': [3, 4, 9], 'minimum': 0.01214265977468898, 'action': 'add', 'coordinate': 6}, {'active': [3, 4, 6, 9], 'minimum': 0.01143898639857116, 'action': 'add', 'coordinate': 1}, {'active': [1, 3, 4, 6, 9], 'minimum': 0.002752481933252948, 'action': 'add', 'coordinate': 5}, {'active': [1, 3, 4, 5, 6, 9], 'minimum': 0.01704909853919645, 'action': 'accept'}]",True,False,6.17284001691587e-14,8.26250254218128e-05,0.0013591113313898005,6,0,0.7702468119968221,True
57,A,brightness_dark,"[0.0, 0.0, 0.032955490354536154, 0.14913972417585053, 0.0, 0.4693745479081004, 0.0, 0.0, 0.05652826632692065, 0.2920019712345736]",3,3,"[{'active': [3, 9], 'minimum': 0.3427544150249156, 'action': 'add', 'coordinate': 8}, {'active': [3, 8, 9], 'minimum': 0.047123040333037824, 'action': 'add', 'coordinate': 2}, {'active': [2, 3, 8, 9], 'minimum': 0.03184868157756218, 'action': 'add', 'coordinate': 5}, {'active': [2, 3, 5, 8, 9], 'minimum': 0.032955490354536154, 'action': 'accept'}]",True,False,1.865174681370263e-14,0.0003419104920105955,0.005475893300097046,5,0,1.4193411593872454,True
57,A,contrast_low,"[0.0, 0.14522947196598324, 0.0, 0.22392934604674153, 0.24877605715089146, 0.19818458403068462, 0.0, 0.012481772474032482, 0.0, 0.1713987683316276]",3,3,"[{'active': [3, 4, 9], 'minimum': 0.23906040365729808, 'action': 'add', 'coordinate': 1}, {'active': [1, 3, 4, 9], 'minimum': 0.13030609496660794, 'action': 'add', 'coordinate': 5}, {'active': [1, 3, 4, 5, 9], 'minimum': 0.14412579770894496, 'action': 'add', 'coordinate': 7}, {'active': [1, 3, 4, 5, 7, 9], 'minimum': 0.012481772474032482, 'action': 'accept'}]",True,False,3.907985046680551e-14,0.00011048790661256313,0.006046325146132852,6,0,0.8621675280784742,True
57,A,gaussian_noise,"[0.0, 0.13869307255924168, 0.0, 0.5972322614939318, 0.0, 0.026637167051861588, 0.0, 0.0, 0.0, 0.23743749889495058]",3,3,"[{'active': [3, 4, 9], 'minimum': -0.021667105302645595, 'action': 'remove', 'coordinate': 4}, {'active': [3, 9], 'minimum': 0.3988131408864264, 'action': 'add', 'coordinate': 1}, {'active': [1, 3, 9], 'minimum': 0.13675811058901655, 'action': 'add', 'coordinate': 5}, {'active': [1, 3, 5, 9], 'minimum': 0.026637167051861588, 'action': 'accept'}]",True,False,1.432187701766452e-14,6.977278952210311e-05,0.002695019146855103,4,0,0.6367792367928068,True
57,A,gaussian_blur,"[0.0, 0.15927347226545963, 0.0, 0.5627716795866584, 0.0, 0.08700932069907885, 0.0, 0.0, 0.0, 0.19094552744879234]",3,3,"[{'active': [3, 4, 9], 'minimum': -0.017021009421085864, 'action': 'remove', 'coordinate': 4}, {'active': [3, 9], 'minimum': 0.3817180858183544, 'action': 'add', 'coordinate': 1}, {'active': [1, 3, 9], 'minimum': 0.14939210293252714, 'action': 'add', 'coordinate': 5}, {'active': [1, 3, 5, 9], 'minimum': 0.08700932069907885, 'action': 'accept'}]",True,False,1.0769163338864018e-14,0.0001325203425542649,0.005203458702578068,4,0,0.7093684063731057,True
57,B,clean,"[0.0, 0.12582702371361165, 0.0, 0.5485163594166949, 0.026573331424981972, 0.05247900819850315, 0.01704909853919645, 0.0, 0.0, 0.22955517870707354]",3,3,"[{'active': [3, 4, 9], 'minimum': 0.01214265977468898, 'action': 'add', 'coordinate': 6}, {'active': [3, 4, 6, 9], 'minimum': 0.01143898639857116, 'action': 'add', 'coordinate': 1}, {'active': [1, 3, 4, 6, 9], 'minimum': 0.002752481933252948, 'action': 'add', 'coordinate': 5}, {'active': [1, 3, 4, 5, 6, 9], 'minimum': 0.01704909853919645, 'action': 'accept'}]",True,False,6.17284001691587e-14,8.26250254218128e-05,0.0013591113313898005,6,0,0.7702468119968221,True
57,B,brightness_dark,"[0.0, 0.0, 0.02502831538899697, 0.12485790499352878, 0.0, 0.49997304044148905, 0.0, 0.0, 0.059878273205266286, 0.29026246597071914]",3,3,"[{'active': [3, 9], 'minimum': 0.3439226607616472, 'action': 'add', 'coordinate': 8}, {'active': [3, 8, 9], 'minimum': 0.04719194770501067, 'action': 'add', 'coordinate': 2}, {'active': [2, 3, 8, 9], 'minimum': 0.033785717943957266, 'action': 'add', 'coordinate': 5}, {'active': [2, 3, 5, 8, 9], 'minimum': 0.02502831538899697, 'action': 'accept'}]",True,False,2.220446049250313e-16,0.0003786377879844165,0.005722149047062937,5,0,1.4745963458670008,True
57,B,contrast_low,"[0.0, 0.09881288217724205, 0.04090093247344839, 0.11009220170092249, 0.20190892999499965, 0.32400040164083066, 0.0, 0.0, 0.0, 0.22428465201267045]",3,3,"[{'active': [3, 4, 9], 'minimum': 0.248435456075228, 'action': 'add', 'coordinate': 1}, {'active': [1, 3, 4, 9], 'minimum': 0.14059737721821963, 'action': 'add', 'coordinate': 5}, {'active': [1, 3, 4, 5, 9], 'minimum': 0.07294394775514235, 'action': 'add', 'coordinate': 2}, {'active': [1, 2, 3, 4, 5, 9], 'minimum': 0.04090093247344839, 'action': 'accept'}]",True,False,1.1368683772161603e-13,0.00013608606535811115,0.006750318943935823,6,0,1.198051634696028,True
57,B,gaussian_noise,"[0.0, 0.14875510269851633, 0.0, 0.6128427936240843, 0.0, 0.011297292795049318, 0.0, 0.0, 0.0, 0.2271048108823499]",3,3,"[{'active': [3, 4, 9], 'minimum': -0.030199057011635944, 'action': 'remove', 'coordinate': 4}, {'active': [3, 9], 'minimum': 0.40047102277964813, 'action': 'add', 'coordinate': 1}, {'active': [1, 3, 9], 'minimum': 0.1479379922337043, 'action': 'add', 'coordinate': 5}, {'active': [1, 3, 5, 9], 'minimum': 0.011297292795049318, 'action': 'accept'}]",True,False,5.986964396464955e-16,6.691195313009365e-05,0.0030438377537761936,4,0,0.6492738464247891,True
57,B,gaussian_blur,"[0.0, 0.16328425131374158, 0.0, 0.5651239678660909, 0.0, 0.08606890478038953, 0.0, 0.0, 0.0, 0.18552287603978135]",3,3,"[{'active': [3, 4, 9], 'minimum': -0.017753227623021672, 'action': 'remove', 'coordinate': 4}, {'active': [3, 9], 'minimum': 0.38060353566843774, 'action': 'add', 'coordinate': 1}, {'active': [1, 3, 9], 'minimum': 0.15228937671946996, 'action': 'add', 'coordinate': 5}, {'active': [1, 3, 5, 9], 'minimum': 0.08606890478038953, 'action': 'accept'}]",True,False,3.3306690738754696e-15,0.00013216916788723684,0.00505202742868112,4,0,0.7054487159472933,True
58,A,clean,"[0.0, 0.9447015290289544, 0.0, 0.0, 0.0, 0.04638888282737241, 0.008909588143673486, 0.0, 0.0, 0.0]",4,4,"[{'active': [0, 1, 4, 5, 9], 'minimum': -0.35585733835543465, 'action': 'remove', 'coordinate': 9}, {'active': [0, 1, 4, 5], 'minimum': -0.08621329323581606, 'action': 'remove', 'coordinate': 0}, {'active': [1, 4, 5], 'minimum': -0.03701563772512095, 'action': 'remove', 'coordinate': 4}, {'active': [1, 5], 'minimum': 0.05550573855514329, 'action': 'add', 'coordinate': 6}, {'active': [1, 5, 6], 'minimum': 0.008909588143673486, 'action': 'accept'}]",True,False,4.440892098500626e-16,0.0008390405992046036,0.006252657249629415,3,0,0.8409493334958381,True
58,A,brightness_dark,"[0.0, 0.9375697360824253, 0.0, 0.0, 0.0, 0.0, 0.05268767352821235, 0.009742590389362205, 0.0, 0.0]",5,5,"[{'active': [0, 1, 4, 9], 'minimum': -0.27285396719111876, 'action': 'remove', 'coordinate': 9}, {'active': [0, 1, 4], 'minimum': -0.01140124649213381, 'action': 'remove', 'coordinate': 0}, {'active': [1, 4], 'minimum': 0.061781844699036026, 'action': 'add', 'coordinate': 6}, {'active': [1, 4, 6], 'minimum': -0.0023925867431242587, 'action': 'remove', 'coordinate': 4}, {'active': [1, 6], 'minimum': 0.05961031254126037, 'action': 'add', 'coordinate': 7}, {'active': [1, 6, 7], 'minimum': 0.009742590389362205, 'action': 'accept'}]",True,False,1.1102230246251565e-16,0.000249658327463239,0.012113680550416705,3,0,1.2463393474271727,True
58,A,contrast_low,"[0.0, 0.9990101039459736, 0.0, 0.0, 0.0, 0.0, 0.00098989605402644, 0.0, 0.0, 0.0]",4,4,"[{'active': [1, 4, 5, 9], 'minimum': -0.8894296030937836, 'action': 'remove', 'coordinate': 9}, {'active': [1, 4, 5], 'minimum': -0.2781259557992666, 'action': 'remove', 'coordinate': 4}, {'active': [1, 5], 'minimum': -0.006676742159931193, 'action': 'remove', 'coordinate': 5}, {'active': [1], 'minimum': 1.0, 'action': 'add', 'coordinate': 6}, {'active': [1, 6], 'minimum': 0.00098989605402644, 'action': 'accept'}]",True,False,3.122502256758253e-17,0.002226588763272291,0.008483217728836728,2,0,0.6447906249770876,True
58,A,gaussian_noise,"[0.0, 0.9399247940817659, 0.0, 0.0, 0.0, 0.06000792695874857, 6.727895948532847e-05, 0.0, 0.0, 0.0]",4,4,"[{'active': [0, 1, 4, 5, 9], 'minimum': -0.4295150855052725, 'action': 'remove', 'coordinate': 9}, {'active': [0, 1, 4, 5], 'minimum': -0.08197309491271665, 'action': 'remove', 'coordinate': 0}, {'active': [1, 4, 5], 'minimum': -0.05399500002531088, 'action': 'remove', 'coordinate': 4}, {'active': [1, 5], 'minimum': 0.06007764847224584, 'action': 'add', 'coordinate': 6}, {'active': [1, 5, 6], 'minimum': 6.727895948532847e-05, 'action': 'accept'}]",True,False,2.220446049250313e-16,0.0009599407402553721,0.006581011031598189,3,0,0.9107811186836183,True
58,A,gaussian_blur,"[0.0, 0.9640524262462697, 0.0, 0.0, 0.0, 0.035947573753730255, 0.0, 0.0, 0.0, 0.0]",3,3,"[{'active': [0, 1, 4, 5, 9], 'minimum': -0.2908916666017092, 'action': 'remove', 'coordinate': 9}, {'active': [0, 1, 4, 5], 'minimum': -0.1130459369894235, 'action': 'remove', 'coordinate': 0}, {'active': [1, 4, 5], 'minimum': -0.09219026199104619, 'action': 'remove', 'coordinate': 4}, {'active': [1, 5], 'minimum': 0.035947573753730255, 'action': 'accept'}]",True,False,8.023096076392733e-18,0.0010335527548948893,0.005755641110535436,2,0,0.8100244658431438,True
58,B,clean,"[0.0, 0.9447015290289544, 0.0, 0.0, 0.0, 0.04638888282737241, 0.008909588143673486, 0.0, 0.0, 0.0]",4,4,"[{'active': [0, 1, 4, 5, 9], 'minimum': -0.35585733835543465, 'action': 'remove', 'coordinate': 9}, {'active': [0, 1, 4, 5], 'minimum': -0.08621329323581606, 'action': 'remove', 'coordinate': 0}, {'active': [1, 4, 5], 'minimum': -0.03701563772512095, 'action': 'remove', 'coordinate': 4}, {'active': [1, 5], 'minimum': 0.05550573855514329, 'action': 'add', 'coordinate': 6}, {'active': [1, 5, 6], 'minimum': 0.008909588143673486, 'action': 'accept'}]",True,False,4.440892098500626e-16,0.0008390405992046036,0.006252657249629415,3,0,0.8409493334958381,True
58,B,brightness_dark,"[0.0019679246496495106, 0.9342159288021958, 0.0, 0.0, 0.0, 0.0, 0.055255964106539324, 0.00856018244161516, 0.0, 0.0]",6,6,"[{'active': [0, 1, 4, 9], 'minimum': -0.2918000602104751, 'action': 'remove', 'coordinate': 9}, {'active': [0, 1, 4], 'minimum': -0.009840542959198784, 'action': 'remove', 'coordinate': 0}, {'active': [1, 4], 'minimum': 0.06433407010570058, 'action': 'add', 'coordinate': 6}, {'active': [1, 4, 6], 'minimum': -0.0022260092966881473, 'action': 'remove', 'coordinate': 4}, {'active': [1, 6], 'minimum': 0.06203379523819419, 'action': 'add', 'coordinate': 7}, {'active': [1, 6, 7], 'minimum': 0.009913473135617856, 'action': 'add', 'coordinate': 0}, {'active': [0, 1, 6, 7], 'minimum': 0.0019679246496495106, 'action': 'accept'}]",True,False,1.1102230246251565e-16,0.0002629338960500077,0.012745565976106257,4,0,1.2762549800869265,True
58,B,contrast_low,"[0.0, 1.0, 0.0, 0.0, 0.0, 0.0, 0.0, 0.0, 0.0, 0.0]",3,3,"[{'active': [1, 4, 5, 9], 'minimum': -0.9920044468850082, 'action': 'remove', 'coordinate': 9}, {'active': [1, 4, 5], 'minimum': -0.28641434140190825, 'action': 'remove', 'coordinate': 4}, {'active': [1, 5], 'minimum': -0.011844012553252514, 'action': 'remove', 'coordinate': 5}, {'active': [1], 'minimum': 1.0, 'action': 'accept'}]",True,False,0.0,0.002370624255607019,0.011734151836309851,1,0,0.6507633985818879,True
58,B,gaussian_noise,"[0.0, 0.9319281714833524, 0.0, 0.0, 0.0, 0.06437446634703915, 0.002004539543566164, 0.001692822626042867, 0.0, 0.0]",5,5,"[{'active': [0, 1, 4, 5, 9], 'minimum': -0.3940928350642423, 'action': 'remove', 'coordinate': 9}, {'active': [0, 1, 4, 5], 'minimum': -0.07890298950108471, 'action': 'remove', 'coordinate': 0}, {'active': [1, 4, 5], 'minimum': -0.04884607340824676, 'action': 'remove', 'coordinate': 4}, {'active': [1, 5], 'minimum': 0.06793256275363169, 'action': 'add', 'coordinate': 6}, {'active': [1, 5, 6], 'minimum': 0.002015077297214507, 'action': 'add', 'coordinate': 7}, {'active': [1, 5, 6, 7], 'minimum': 0.001692822626042867, 'action': 'accept'}]",True,False,6.661338147750939e-16,0.0008767550551341813,0.006392146512368464,4,0,0.9348202563754466,True
58,B,gaussian_blur,"[0.0, 0.9707576721013731, 0.0, 0.0, 0.0, 0.029242327898626908, 0.0, 0.0, 0.0, 0.0]",3,3,"[{'active': [0, 1, 4, 5, 9], 'minimum': -0.30256339299168644, 'action': 'remove', 'coordinate': 9}, {'active': [0, 1, 4, 5], 'minimum': -0.11475237932883942, 'action': 'remove', 'coordinate': 0}, {'active': [1, 4, 5], 'minimum': -0.09987753671389399, 'action': 'remove', 'coordinate': 4}, {'active': [1, 5], 'minimum': 0.029242327898626908, 'action': 'accept'}]",True,False,2.0383000842727483e-17,0.0010670859990712716,0.005977579354222918,2,0,0.7986710927858942,True
59,A,clean,"[0.06758673133991355, 0.47537301916600394, 0.12638574003375802, 0.0, 0.0, 0.0, 0.33065450946032454, 0.0, 0.0, 0.0]",4,4,"[{'active': [1, 2, 3, 6], 'minimum': -0.0697777380275535, 'action': 'remove', 'coordinate': 3}, {'active': [1, 2, 6], 'minimum': 0.17970403636650012, 'action': 'add', 'coordinate': 8}, {'active': [1, 2, 6, 8], 'minimum': 0.03988650728235568, 'action': 'add', 'coordinate': 0}, {'active': [0, 1, 2, 6, 8], 'minimum': -0.042547121519517006, 'action': 'remove', 'coordinate': 8}, {'active': [0, 1, 2, 6], 'minimum': 0.06758673133991355, 'action': 'accept'}]",True,False,5.442694905877232e-17,6.778539091770134e-05,0.0007389143756484357,4,0,0.2931589642183874,True
59,A,brightness_dark,"[0.063775589993746, 0.4750963415055178, 0.1027960582475691, 0.0, 0.0, 0.0, 0.3536907203871779, 0.0, 0.004641289865990217, 0.0]",2,2,"[{'active': [1, 2, 6], 'minimum': 0.15472812081780818, 'action': 'add', 'coordinate': 8}, {'active': [1, 2, 6, 8], 'minimum': 0.06031866980994052, 'action': 'add', 'coordinate': 0}, {'active': [0, 1, 2, 6, 8], 'minimum': 0.004641289865990217, 'action': 'accept'}]",True,False,1.1102230246251565e-15,8.004109552651265e-05,0.0017546701900175777,5,0,0.48968819875903347,True
59,A,contrast_low,"[0.189493475166028, 0.38044469619814514, 0.00921710483628857, 0.08915770441574722, 0.0, 0.0, 0.32365319448443763, 0.008033824899328579, 0.0, 0.0]",2,2,"[{'active': [0, 1, 3, 6], 'minimum': 0.1044084984153617, 'action': 'add', 'coordinate': 2}, {'active': [0, 1, 2, 3, 6], 'minimum': 0.012689780920476679, 'action': 'add', 'coordinate': 7}, {'active': [0, 1, 2, 3, 6, 7], 'minimum': 0.008033824899328579, 'action': 'accept'}]",True,False,2.4868995751603507e-14,2.1287453120091024e-05,0.0009696185419414251,6,0,0.59704259987803,True
59,A,gaussian_noise,"[0.07739637149415052, 0.481772374911074, 0.14759933596395047, 0.0, 0.0, 0.0, 0.2932319176308242, 0.0, 0.0, 0.0]",0,0,"[{'active': [0, 1, 2, 6], 'minimum': 0.07739637149415052, 'action': 'accept'}]",True,False,8.881784197001252e-16,0.00011313400109272168,0.0005338241814436224,4,0,0.24746849177758085,True
59,A,gaussian_blur,"[0.08456724217043965, 0.4629089037803997, 0.10373806327958257, 0.0, 0.0, 0.0, 0.34878579076957833, 0.0, 0.0, 0.0]",0,0,"[{'active': [0, 1, 2, 6], 'minimum': 0.08456724217043965, 'action': 'accept'}]",True,False,2.220446049250313e-16,0.00010302775260654446,0.0005048374032007268,4,0,0.25547526892147954,True
59,B,clean,"[0.06758673133991355, 0.47537301916600394, 0.12638574003375802, 0.0, 0.0, 0.0, 0.33065450946032454, 0.0, 0.0, 0.0]",4,4,"[{'active': [1, 2, 3, 6], 'minimum': -0.0697777380275535, 'action': 'remove', 'coordinate': 3}, {'active': [1, 2, 6], 'minimum': 0.17970403636650012, 'action': 'add', 'coordinate': 8}, {'active': [1, 2, 6, 8], 'minimum': 0.03988650728235568, 'action': 'add', 'coordinate': 0}, {'active': [0, 1, 2, 6, 8], 'minimum': -0.042547121519517006, 'action': 'remove', 'coordinate': 8}, {'active': [0, 1, 2, 6], 'minimum': 0.06758673133991355, 'action': 'accept'}]",True,False,5.442694905877232e-17,6.778539091770134e-05,0.0007389143756484357,4,0,0.2931589642183874,True
59,B,brightness_dark,"[0.06341236399105554, 0.4759462514192263, 0.10525952828555063, 0.0, 0.0, 0.0, 0.3519446662231732, 0.0, 0.0034371900809944123, 0.0]",2,2,"[{'active': [1, 2, 6], 'minimum': 0.15635129557621896, 'action': 'add', 'coordinate': 8}, {'active': [1, 2, 6, 8], 'minimum': 0.0586579462410069, 'action': 'add', 'coordinate': 0}, {'active': [0, 1, 2, 6, 8], 'minimum': 0.0034371900809944123, 'action': 'accept'}]",True,False,1.734723475976807e-16,8.504221009431948e-05,0.0019494246688823629,5,0,0.5080504130850337,True
59,B,contrast_low,"[0.15331704209510377, 0.41849069523985705, 0.02205552237941788, 0.10024479839287892, 0.0, 0.0, 0.297010308038022, 0.008881633854741722, 0.0, 0.0]",2,2,"[{'active': [0, 1, 3, 6], 'minimum': 0.1268799355100645, 'action': 'add', 'coordinate': 2}, {'active': [0, 1, 2, 3, 6], 'minimum': 0.02580761286741362, 'action': 'add', 'coordinate': 7}, {'active': [0, 1, 2, 3, 6, 7], 'minimum': 0.008881633854741722, 'action': 'accept'}]",True,False,2.1316282072803006e-14,2.033959801897072e-05,0.001305660690694838,6,0,0.6972102494368365,True
59,B,gaussian_noise,"[0.07520477451986529, 0.4831225359608057, 0.15152800951382794, 0.0, 0.0, 0.0, 0.2901446800055018, 0.0, 0.0, 0.0]",0,0,"[{'active': [0, 1, 2, 6], 'minimum': 0.07520477451986529, 'action': 'accept'}]",True,False,6.661338147750939e-16,0.00010978794515317374,0.0005653855626243249,4,0,0.24000625121204772,True
59,B,gaussian_blur,"[0.08243362968082257, 0.4651421395800315, 0.10321970283706117, 0.0, 0.0, 0.0, 0.34920452790208506, 0.0, 0.0, 0.0]",0,0,"[{'active': [0, 1, 2, 6], 'minimum': 0.08243362968082257, 'action': 'accept'}]",True,False,2.220446049250313e-16,0.00010110267307476549,0.0005144654472944284,4,0,0.2582456914455953,True
60,A,clean,"[0.6103154193260378, 0.026946051465787102, 0.0, 0.0, 0.0, 0.0, 0.0, 0.0, 0.3627385292081744, 0.0]",2,2,"[{'active': [0, 2, 8], 'minimum': -0.05055184379830768, 'action': 'remove', 'coordinate': 2}, {'active': [0, 8], 'minimum': 0.38198102778529974, 'action': 'add', 'coordinate': 1}, {'active': [0, 1, 8], 'minimum': 0.026946051465787102, 'action': 'accept'}]",True,False,6.661338147750939e-16,0.001210010191764776,0.008669791924298705,3,0,0.49752940940794815,True
60,A,brightness_dark,"[0.5082640171856632, 0.10174106479049883, 0.0, 0.0, 0.0, 0.0, 0.0, 0.0, 0.38999491802383623, 0.0]",3,3,"[{'active': [0, 1, 2, 5, 7, 8], 'minimum': -0.30891617673538363, 'action': 'remove', 'coordinate': 5}, {'active': [0, 1, 2, 7, 8], 'minimum': -0.022274828389281076, 'action': 'remove', 'coordinate': 7}, {'active': [0, 1, 2, 8], 'minimum': -0.03725249481586801, 'action': 'remove', 'coordinate': 2}, {'active': [0, 1, 8], 'minimum': 0.10174106479049883, 'action': 'accept'}]",True,False,1.7763568394002505e-15,0.0008770495354375676,0.003489103274431797,3,0,0.4447064071882258,True
60,A,contrast_low,"[0.3989154611879835, 0.0, 0.0, 0.0, 0.0, 0.0, 0.0, 0.0, 0.6010845388120167, 0.0]",2,2,"[{'active': [0, 2, 5, 8], 'minimum': -0.12810531926244817, 'action': 'remove', 'coordinate': 2}, {'active': [0, 5, 8], 'minimum': -0.1000714913663221, 'action': 'remove', 'coordinate': 5}, {'active': [0, 8], 'minimum': 0.3989154611879835, 'action': 'accept'}]",True,False,2.220446049250313e-16,0.001180751344593737,0.009279661657383212,2,0,0.684601356995986,True
60,A,gaussian_noise,"[0.5898877488977838, 0.019808713853051385, 0.0, 0.0, 0.0, 0.0, 0.0, 0.0, 0.39030353724916567, 0.0]",3,3,"[{'active': [0, 2, 5, 8], 'minimum': -0.03798023374968351, 'action': 'remove', 'coordinate': 5}, {'active': [0, 2, 8], 'minimum': -0.05272573492374333, 'action': 'remove', 'coordinate': 2}, {'active': [0, 8], 'minimum': 0.4031375342480874, 'action': 'add', 'coordinate': 1}, {'active': [0, 1, 8], 'minimum': 0.019808713853051385, 'action': 'accept'}]",True,False,8.881784197001252e-16,0.0010550255814383727,0.009756237222211342,3,0,0.5734627486646434,True
60,A,gaussian_blur,"[0.5473868938967985, 0.02172742316295917, 0.0, 0.0, 0.0, 0.0, 0.0, 0.0, 0.4308856829402412, 0.0]",1,1,"[{'active': [0, 1, 2, 8], 'minimum': -0.10930292017609344, 'action': 'remove', 'coordinate': 2}, {'active': [0, 1, 8], 'minimum': 0.02172742316295917, 'action': 'accept'}]",True,False,1.1102230246251565e-15,0.00128635055823379,0.005397396278383705,3,0,0.3752232740111089,True
60,B,clean,"[0.6103154193260378, 0.026946051465787102, 0.0, 0.0, 0.0, 0.0, 0.0, 0.0, 0.3627385292081744, 0.0]",2,2,"[{'active': [0, 2, 8], 'minimum': -0.05055184379830768, 'action': 'remove', 'coordinate': 2}, {'active': [0, 8], 'minimum': 0.38198102778529974, 'action': 'add', 'coordinate': 1}, {'active': [0, 1, 8], 'minimum': 0.026946051465787102, 'action': 'accept'}]",True,False,6.661338147750939e-16,0.001210010191764776,0.008669791924298705,3,0,0.49752940940794815,True
60,B,brightness_dark,"[0.5137202278526338, 0.09971706318779772, 0.0, 0.0, 0.0, 0.0, 0.0, 0.0, 0.386562708959568, 0.0]",3,3,"[{'active': [0, 1, 2, 5, 7, 8], 'minimum': -0.3009919166874724, 'action': 'remove', 'coordinate': 5}, {'active': [0, 1, 2, 7, 8], 'minimum': -0.024862923621343125, 'action': 'remove', 'coordinate': 2}, {'active': [0, 1, 7, 8], 'minimum': -0.03606366024094931, 'action': 'remove', 'coordinate': 7}, {'active': [0, 1, 8], 'minimum': 0.09971706318779772, 'action': 'accept'}]",True,False,4.440892098500626e-16,0.0008598411028498374,0.0032809715856715617,3,0,0.4271132479792077,True
60,B,contrast_low,"[0.39175091963119124, 0.015227578146899123, 0.0, 0.0, 0.0, 0.0, 0.0, 0.0, 0.5930215022219105, 0.0]",2,2,"[{'active': [0, 1, 2, 5, 8], 'minimum': -0.1152013995052581, 'action': 'remove', 'coordinate': 2}, {'active': [0, 1, 5, 8], 'minimum': -0.11105732426768711, 'action': 'remove', 'coordinate': 5}, {'active': [0, 1, 8], 'minimum': 0.015227578146899123, 'action': 'accept'}]",True,False,8.881784197001252e-16,0.0012423247996094428,0.011735254099279764,3,0,0.7337849989567167,True
60,B,gaussian_noise,"[0.5922552368354217, 0.01871026352936611, 0.0, 0.0, 0.0, 0.0, 0.0, 0.0, 0.3890344996352111, 0.0]",3,3,"[{'active': [0, 2, 5, 8], 'minimum': -0.03278942312703548, 'action': 'remove', 'coordinate': 5}, {'active': [0, 2, 8], 'minimum': -0.056955575487902976, 'action': 'remove', 'coordinate': 2}, {'active': [0, 8], 'minimum': 0.4013296668917491, 'action': 'add', 'coordinate': 1}, {'active': [0, 1, 8], 'minimum': 0.01871026352936611, 'action': 'accept'}]",True,False,1.1102230246251565e-15,0.0010393070883384559,0.009851947177113367,3,0,0.5753979571800153,True
60,B,gaussian_blur,"[0.5420458762888307, 0.02417682488061379, 0.0, 0.0, 0.0, 0.0, 0.0, 0.0, 0.4337772988305568, 0.0]",1,1,"[{'active': [0, 1, 2, 8], 'minimum': -0.10921385546111073, 'action': 'remove', 'coordinate': 2}, {'active': [0, 1, 8], 'minimum': 0.02417682488061379, 'action': 'accept'}]",True,False,1.3322676295501878e-15,0.001279940938591373,0.005283742457285747,3,0,0.37429617714181496,True
61,A,clean,"[0.0, 0.0, 0.25717236514339986, 0.0, 0.0, 0.016765040102909065, 0.0, 0.6360498668868473, 0.09001272786684267, 0.0]",1,1,"[{'active': [2, 7, 8], 'minimum': 0.08891161896646482, 'action': 'add', 'coordinate': 5}, {'active': [2, 5, 7, 8], 'minimum': 0.016765040102909065, 'action': 'accept'}]",True,False,1.2212453270876722e-15,0.00012067316651512649,0.00016644887452286352,4,0,0.13664135205669053,True
61,A,brightness_dark,"[0.0, 0.0, 0.2535955325840442, 0.0, 0.0, 0.0, 0.0, 0.6754058876344882, 0.07099857978146712, 0.0]",0,0,"[{'active': [2, 7, 8], 'minimum': 0.07099857978146712, 'action': 'accept'}]",True,False,4.440892098500626e-16,0.00013910292061245156,0.000555216976267745,3,0,0.19402812117587814,True
61,A,contrast_low,"[0.0, 0.019222272422271924, 0.43341357149155035, 0.0, 0.05133095788958153, 0.0, 0.0, 0.49603319819658287, 0.0, 0.0]",2,2,"[{'active': [2, 7], 'minimum': 0.4374004683246807, 'action': 'add', 'coordinate': 1}, {'active': [1, 2, 7], 'minimum': 0.017732182659374374, 'action': 'add', 'coordinate': 4}, {'active': [1, 2, 4, 7], 'minimum': 0.019222272422271924, 'action': 'accept'}]",True,False,1.3322676295501878e-14,0.00012496574054097584,0.0001742158328442457,4,0,0.14110646062372012,True
61,A,gaussian_noise,"[0.0, 0.0, 0.28843952188791455, 0.0, 0.0, 0.0, 0.0, 0.624598013947752, 0.08696246416433218, 0.0]",0,0,"[{'active': [2, 7, 8], 'minimum': 0.08696246416433218, 'action': 'accept'}]",True,False,1.2212453270876722e-15,0.0002203154063828546,0.00024485250642740066,3,0,0.048145218665902795,True
61,A,gaussian_blur,"[0.0, 0.0, 0.2321320900810182, 0.0, 0.0, 0.0, 0.0, 0.6959406599441333, 0.07192724997484967, 0.0]",0,0,"[{'active': [2, 7, 8], 'minimum': 0.07192724997484967, 'action': 'accept'}]",True,False,1.3322676295501878e-15,0.0002563203382829543,0.0003268161227951472,3,0,0.1468964272158622,True
61,B,clean,"[0.0, 0.0, 0.25717236514339986, 0.0, 0.0, 0.016765040102909065, 0.0, 0.6360498668868473, 0.09001272786684267, 0.0]",1,1,"[{'active': [2, 7, 8], 'minimum': 0.08891161896646482, 'action': 'add', 'coordinate': 5}, {'active': [2, 5, 7, 8], 'minimum': 0.016765040102909065, 'action': 'accept'}]",True,False,1.2212453270876722e-15,0.00012067316651512649,0.00016644887452286352,4,0,0.13664135205669053,True
61,B,brightness_dark,"[0.0, 0.0, 0.2500733948829428, 0.0, 0.0, 0.0, 0.0, 0.678766682621295, 0.07115992249576159, 0.0]",0,0,"[{'active': [2, 7, 8], 'minimum': 0.07115992249576159, 'action': 'accept'}]",True,False,6.661338147750939e-16,0.0001414208038040055,0.0004988144344808767,3,0,0.1795797276690395,True
61,B,contrast_low,"[0.0, 0.019999746210029645, 0.4545527428024805, 0.0, 0.0, 0.0, 0.0, 0.5254475109874903, 0.0, 0.0]",2,2,"[{'active': [2, 7, 8], 'minimum': 0.011415005069828454, 'action': 'add', 'coordinate': 1}, {'active': [1, 2, 7, 8], 'minimum': -0.021462908432569927, 'action': 'remove', 'coordinate': 8}, {'active': [1, 2, 7], 'minimum': 0.019999746210029645, 'action': 'accept'}]",True,False,4.440892098500626e-16,0.00013617026561263686,0.00017258848855629592,3,0,0.0527251388749662,True
61,B,gaussian_noise,"[0.0, 0.0, 0.28101148702420886, 0.0, 0.0, 0.0, 0.0, 0.6338719773302994, 0.08511653564548949, 0.0]",0,0,"[{'active': [2, 7, 8], 'minimum': 0.08511653564548949, 'action': 'accept'}]",True,False,2.220446049250313e-15,0.00021007172764970545,0.00023039164365552014,3,0,0.06464077838628554,True
61,B,gaussian_blur,"[0.0, 0.0, 0.2302788620806986, 0.0, 0.0, 0.0, 0.0, 0.6987602257055716, 0.07096091221373058, 0.0]",0,0,"[{'active': [2, 7, 8], 'minimum': 0.07096091221373058, 'action': 'accept'}]",True,False,8.881784197001252e-16,0.00027010075144053117,0.00034471670268846076,3,0,0.14723294785266827,True
62,A,clean,"[0.06423153061464548, 0.3542262851365283, 0.007471928208579115, 0.0, 0.0, 0.25463498825537556, 0.22322158629817457, 0.09621368148669696, 0.0, 0.0]",2,2,"[{'active': [0, 1, 5, 6], 'minimum': 0.08054541687954164, 'action': 'add', 'coordinate': 7}, {'active': [0, 1, 5, 6, 7], 'minimum': 0.06593906149844542, 'action': 'add', 'coordinate': 2}, {'active': [0, 1, 2, 5, 6, 7], 'minimum': 0.007471928208579115, 'action': 'accept'}]",True,False,2.1402150884863858e-16,0.0005514004031182379,0.004089187922419184,6,0,0.713672619244492,True
62,A,brightness_dark,"[0.10379800544271742, 0.31602143266279104, 0.004779968450979055, 0.0, 0.0, 0.17548257725053418, 0.34659410464224916, 0.053323911550730685, 0.0, 0.0]",2,2,"[{'active': [0, 1, 5, 6], 'minimum': 0.1103870687427464, 'action': 'add', 'coordinate': 7}, {'active': [0, 1, 5, 6, 7], 'minimum': 0.05615556019004586, 'action': 'add', 'coordinate': 2}, {'active': [0, 1, 2, 5, 6, 7], 'minimum': 0.004779968450979055, 'action': 'accept'}]",True,False,1.5543122344752192e-15,0.00030072342500009835,0.011926853997944858,6,0,1.0226142532760123,True
62,A,contrast_low,"[0.16996781545276107, 0.24284015146428495, 0.0, 0.0, 0.0, 0.16126053110942706, 0.2721892977297262, 0.15374220424379814, 0.0, 0.0]",3,3,"[{'active': [0, 5, 6, 9], 'minimum': 0.12663124224803035, 'action': 'add', 'coordinate': 1}, {'active': [0, 1, 5, 6, 9], 'minimum': -0.30332571983839784, 'action': 'remove', 'coordinate': 9}, {'active': [0, 1, 5, 6], 'minimum': 0.18334892777490996, 'action': 'add', 'coordinate': 7}, {'active': [0, 1, 5, 6, 7], 'minimum': 0.15374220424379814, 'action': 'accept'}]",True,False,2.55351295663786e-15,0.00010977182198947427,0.003949857223679202,5,0,0.9764637240903425,True
62,A,gaussian_noise,"[0.03917390633801787, 0.3744411591124339, 0.06297396566640323, 0.0, 0.0, 0.181558677012978, 0.18769813272845415, 0.1541541591417115, 0.0, 0.0]",3,3,"[{'active': [0, 1, 4, 5, 6], 'minimum': 0.046079093767784185, 'action': 'add', 'coordinate': 7}, {'active': [0, 1, 4, 5, 6, 7], 'minimum': 0.04558674664602891, 'action': 'add', 'coordinate': 2}, {'active': [0, 1, 2, 4, 5, 6, 7], 'minimum': -0.3391778778371872, 'action': 'remove', 'coordinate': 4}, {'active': [0, 1, 2, 5, 6, 7], 'minimum': 0.03917390633801787, 'action': 'accept'}]",True,False,1.3322676295501878e-15,0.0005983062897146389,0.0033184960385577423,6,0,0.9122513573163352,True
62,A,gaussian_blur,"[0.01619096173600565, 0.39076862814264335, 0.0, 0.0, 0.0, 0.24325088935339156, 0.2523877611718593, 0.09740175959609765, 0.0, 0.0]",1,1,"[{'active': [0, 1, 5, 6], 'minimum': 0.032272772586866005, 'action': 'add', 'coordinate': 7}, {'active': [0, 1, 5, 6, 7], 'minimum': 0.01619096173600565, 'action': 'accept'}]",True,False,2.55351295663786e-15,0.0005146656321037494,0.0038846375037717854,5,0,0.7282309586386062,True
62,B,clean,"[0.06423153061464548, 0.3542262851365283, 0.007471928208579115, 0.0, 0.0, 0.25463498825537556, 0.22322158629817457, 0.09621368148669696, 0.0, 0.0]",2,2,"[{'active': [0, 1, 5, 6], 'minimum': 0.08054541687954164, 'action': 'add', 'coordinate': 7}, {'active': [0, 1, 5, 6, 7], 'minimum': 0.06593906149844542, 'action': 'add', 'coordinate': 2}, {'active': [0, 1, 2, 5, 6, 7], 'minimum': 0.007471928208579115, 'action': 'accept'}]",True,False,2.1402150884863858e-16,0.0005514004031182379,0.004089187922419184,6,0,0.713672619244492,True
62,B,brightness_dark,"[0.1047643542571815, 0.315392430789045, 0.003762782087254557, 0.0, 0.0, 0.17395882186760048, 0.349958467659218, 0.052163143339697626, 0.0, 0.0]",2,2,"[{'active': [0, 1, 5, 6], 'minimum': 0.11103824419312874, 'action': 'add', 'coordinate': 7}, {'active': [0, 1, 5, 6, 7], 'minimum': 0.05435430928626417, 'action': 'add', 'coordinate': 2}, {'active': [0, 1, 2, 5, 6, 7], 'minimum': 0.003762782087254557, 'action': 'accept'}]",True,False,2.886579864025407e-15,0.0003113577156552904,0.012003514985873372,6,0,1.0422968516744824,True
62,B,contrast_low,"[0.167182182100178, 0.25479875898255355, 0.0, 0.0, 0.0, 0.12549351372334883, 0.30187822031609013, 0.1506473248778306, 0.0, 0.0]",4,4,"[{'active': [0, 4, 5, 6, 9], 'minimum': 0.038783710342659816, 'action': 'add', 'coordinate': 1}, {'active': [0, 1, 4, 5, 6, 9], 'minimum': -0.2925935757698994, 'action': 'remove', 'coordinate': 9}, {'active': [0, 1, 4, 5, 6], 'minimum': 0.013533158393498113, 'action': 'add', 'coordinate': 7}, {'active': [0, 1, 4, 5, 6, 7], 'minimum': -0.0916750711687726, 'action': 'remove', 'coordinate': 4}, {'active': [0, 1, 5, 6, 7], 'minimum': 0.12549351372334883, 'action': 'accept'}]",True,False,1.1102230246251565e-15,9.980913668194372e-05,0.006022742966186754,5,0,1.033131515601631,True
62,B,gaussian_noise,"[0.037060643513759484, 0.3757038870346765, 0.06214656740076663, 0.0, 0.0, 0.18335624390994454, 0.18910143137885438, 0.1526312267619936, 0.0, 0.0]",3,3,"[{'active': [0, 1, 4, 5, 6], 'minimum': 0.04321387852026071, 'action': 'add', 'coordinate': 7}, {'active': [0, 1, 4, 5, 6, 7], 'minimum': 0.04353143441671059, 'action': 'add', 'coordinate': 2}, {'active': [0, 1, 2, 4, 5, 6, 7], 'minimum': -0.3557012925070353, 'action': 'remove', 'coordinate': 4}, {'active': [0, 1, 2, 5, 6, 7], 'minimum': 0.037060643513759484, 'action': 'accept'}]",True,False,4.884981308350689e-15,0.0005803400648550396,0.0033147567016689667,6,0,0.9214897026593392,True
62,B,gaussian_blur,"[0.016757428282450748, 0.3908932292107818, 0.0, 0.0, 0.0, 0.24351380364317432, 0.25101559709977117, 0.09781994176382192, 0.0, 0.0]",1,1,"[{'active': [0, 1, 5, 6], 'minimum': 0.03289525734990423, 'action': 'add', 'coordinate': 7}, {'active': [0, 1, 5, 6, 7], 'minimum': 0.016757428282450748, 'action': 'accept'}]",True,False,1.0863705768304754e-16,0.0005011830481344005,0.003961643760147137,5,0,0.7249039337444825,True
63,A,clean,"[0.0, 0.01566406752338345, 0.0, 0.09696486843194485, 0.2644317885729688, 0.0, 0.5811664339776121, 0.04177284149409033, 0.0, 0.0]",2,2,"[{'active': [3, 4, 6], 'minimum': 0.1296349802118577, 'action': 'add', 'coordinate': 1}, {'active': [1, 3, 4, 6], 'minimum': 0.01885446032612137, 'action': 'add', 'coordinate': 7}, {'active': [1, 3, 4, 6, 7], 'minimum': 0.01566406752338345, 'action': 'accept'}]",True,False,4.440892098500626e-16,0.00010505435310552504,0.0016234289434873678,5,0,0.5236800311025002,True
63,A,brightness_dark,"[0.0, 0.03426778580429479, 0.0, 0.0, 0.22038245764621678, 0.19381729079502286, 0.5180113568311415, 0.03352110892332405, 0.0, 0.0]",4,4,"[{'active': [3, 4, 6], 'minimum': 0.2114397384608928, 'action': 'add', 'coordinate': 1}, {'active': [1, 3, 4, 6], 'minimum': 0.0333731815415812, 'action': 'add', 'coordinate': 7}, {'active': [1, 3, 4, 6, 7], 'minimum': 0.030239376141042218, 'action': 'add', 'coordinate': 5}, {'active': [1, 3, 4, 5, 6, 7], 'minimum': -0.028561522725262023, 'action': 'remove', 'coordinate': 3}, {'active': [1, 4, 5, 6, 7], 'minimum': 0.03352110892332405, 'action': 'accept'}]",True,False,4.677248172102466e-16,0.0002252479398166333,0.0031032704607112846,5,0,1.1188109752747102,True
63,A,contrast_low,"[0.0, 0.01368746395357423, 0.0, 0.0, 0.11413124152714005, 0.0065193173587445585, 0.727145684682462, 0.13851629247807296, 0.0, 0.0]",3,3,"[{'active': [4, 6], 'minimum': 0.2904328486241847, 'action': 'add', 'coordinate': 1}, {'active': [1, 4, 6], 'minimum': 0.02481019202506196, 'action': 'add', 'coordinate': 5}, {'active': [1, 4, 5, 6], 'minimum': 0.018996982532815565, 'action': 'add', 'coordinate': 7}, {'active': [1, 4, 5, 6, 7], 'minimum': 0.0065193173587445585, 'action': 'accept'}]",True,False,7.249626246541574e-15,0.00017124689359689646,0.0028995691647092604,5,0,1.0511562769083538,True
63,A,gaussian_noise,"[0.0, 0.0, 0.0, 0.0701077459438707, 0.3015150768335024, 0.0, 0.5964436970615578, 0.031933480161070005, 0.0, 0.0]",1,1,"[{'active': [3, 4, 6], 'minimum': 0.08669588953260465, 'action': 'add', 'coordinate': 7}, {'active': [3, 4, 6, 7], 'minimum': 0.031933480161070005, 'action': 'accept'}]",True,False,8.881784197001252e-16,9.369306942512244e-05,0.001170951886136728,4,0,0.42205146085561235,True
63,A,gaussian_blur,"[0.0, 0.0, 0.0, 0.09590840772181186, 0.1881760603399219, 0.0, 0.6186287002520816, 0.09022845051191158, 0.0, 0.007058381174277262]",4,4,"[{'active': [3, 4, 6], 'minimum': 0.15075079733521868, 'action': 'add', 'coordinate': 1}, {'active': [1, 3, 4, 6], 'minimum': 0.013031408433265584, 'action': 'add', 'coordinate': 7}, {'active': [1, 3, 4, 6, 7], 'minimum': 0.005760809916124154, 'action': 'add', 'coordinate': 9}, {'active': [1, 3, 4, 6, 7, 9], 'minimum': -0.00234521158890999, 'action': 'remove', 'coordinate': 1}, {'active': [3, 4, 6, 7, 9], 'minimum': 0.007058381174277262, 'action': 'accept'}]",True,False,3.9968028886505635e-15,0.00011208323437118757,0.001379025470968003,5,0,0.6454912470532961,True
63,B,clean,"[0.0, 0.01566406752338345, 0.0, 0.09696486843194485, 0.2644317885729688, 0.0, 0.5811664339776121, 0.04177284149409033, 0.0, 0.0]",2,2,"[{'active': [3, 4, 6], 'minimum': 0.1296349802118577, 'action': 'add', 'coordinate': 1}, {'active': [1, 3, 4, 6], 'minimum': 0.01885446032612137, 'action': 'add', 'coordinate': 7}, {'active': [1, 3, 4, 6, 7], 'minimum': 0.01566406752338345, 'action': 'accept'}]",True,False,4.440892098500626e-16,0.00010505435310552504,0.0016234289434873678,5,0,0.5236800311025002,True
63,B,brightness_dark,"[0.0, 0.03335075837416546, 0.0, 0.001117927362422222, 0.21469745411206986, 0.2053304866681387, 0.5106874515486801, 0.03481592193453764, 0.0, 0.0]",3,3,"[{'active': [3, 4, 6], 'minimum': 0.21033032943748609, 'action': 'add', 'coordinate': 1}, {'active': [1, 3, 4, 6], 'minimum': 0.032495251609334086, 'action': 'add', 'coordinate': 7}, {'active': [1, 3, 4, 6, 7], 'minimum': 0.029304698232414772, 'action': 'add', 'coordinate': 5}, {'active': [1, 3, 4, 5, 6, 7], 'minimum': 0.001117927362422222, 'action': 'accept'}]",True,False,1.3988810110276972e-14,0.00023016322557125617,0.003357171731688112,6,0,1.1474174757323603,True
63,B,contrast_low,"[0.0, 0.014114600059778937, 0.0, 0.0, 0.12460449704332888, 0.03732856083609448, 0.7012457789684059, 0.12270656309239314, 0.0, 0.0]",4,4,"[{'active': [3, 4, 6], 'minimum': 0.11628356298156461, 'action': 'add', 'coordinate': 1}, {'active': [1, 3, 4, 6], 'minimum': 0.02301545977332775, 'action': 'add', 'coordinate': 7}, {'active': [1, 3, 4, 6, 7], 'minimum': -0.03715136550455611, 'action': 'remove', 'coordinate': 3}, {'active': [1, 4, 6, 7], 'minimum': 0.013626909622128092, 'action': 'add', 'coordinate': 5}, {'active': [1, 4, 5, 6, 7], 'minimum': 0.014114600059778937, 'action': 'accept'}]",True,False,3.578734530940153e-15,0.00017570376741983794,0.003106636659453562,5,0,1.1062029818808443,True
63,B,gaussian_noise,"[0.0, 0.0, 0.0, 0.07757552753485214, 0.29712854576109304, 0.0, 0.5970376364660308, 0.028258290238027506, 0.0, 0.0]",1,1,"[{'active': [3, 4, 6], 'minimum': 0.09155016504604951, 'action': 'add', 'coordinate': 7}, {'active': [3, 4, 6, 7], 'minimum': 0.028258290238027506, 'action': 'accept'}]",True,False,3.552713678800501e-15,8.926050861745411e-05,0.0011702675124748293,4,0,0.41634172947006254,True
63,B,gaussian_blur,"[0.0, 0.0, 0.0, 0.09254955366129758, 0.19307774165002417, 0.0, 0.6166252941697103, 0.08945799474480037, 0.0, 0.008289415774171083]",4,4,"[{'active': [3, 4, 6], 'minimum': 0.14797319578410395, 'action': 'add', 'coordinate': 1}, {'active': [1, 3, 4, 6], 'minimum': 0.014202348095005812, 'action': 'add', 'coordinate': 7}, {'active': [1, 3, 4, 6, 7], 'minimum': 0.006820291045545934, 'action': 'add', 'coordinate': 9}, {'active': [1, 3, 4, 6, 7, 9], 'minimum': -7.267757970197408e-05, 'action': 'remove', 'coordinate': 1}, {'active': [3, 4, 6, 7, 9], 'minimum': 0.008289415774171083, 'action': 'accept'}]",True,False,3.552713678800501e-15,0.00011372954484932735,0.0013870711476543444,5,0,0.6491088578880181,True
64,A,clean,"[0.019701505543086473, 0.0, 0.3871073013542743, 0.13561193819974404, 0.0, 0.32804847127847303, 0.0, 0.025251352042158004, 0.0, 0.10427943158227165]",8,8,"[{'active': [2, 3], 'minimum': 0.49242323409567973, 'action': 'add', 'coordinate': 1}, {'active': [1, 2, 3], 'minimum': 0.10026497028173417, 'action': 'add', 'coordinate': 8}, {'active': [1, 2, 3, 8], 'minimum': 0.024812347444593624, 'action': 'add', 'coordinate': 5}, {'active': [1, 2, 3, 5, 8], 'minimum': 0.02982126312704736, 'action': 'add', 'coordinate': 0}, {'active': [0, 1, 2, 3, 5, 8], 'minimum': 0.0033071176878838315, 'action': 'add', 'coordinate': 7}, {'active': [0, 1, 2, 3, 5, 7, 8], 'minimum': 0.0063687785247994455, 'action': 'add', 'coordinate': 9}, {'active': [0, 1, 2, 3, 5, 7, 8, 9], 'minimum': -0.12093630214829387, 'action': 'remove', 'coordinate': 1}, {'active': [0, 2, 3, 5, 7, 8, 9], 'minimum': -0.01427019808694574, 'action': 'remove', 'coordinate': 8}, {'active': [0, 2, 3, 5, 7, 9], 'minimum': 0.019701505543086473, 'action': 'accept'}]",True,False,7.549516567451064e-15,0.00012753356491800093,0.0023779302798111394,6,0,0.9545615208919709,True
64,A,brightness_dark,"[0.0, 0.0960692514337751, 0.31373449675711296, 0.0, 0.0, 0.39164577201531814, 0.0, 0.18191142015472117, 0.0, 0.01663905963906842]",3,3,"[{'active': [2, 3, 4, 5, 7, 9], 'minimum': -0.2659143714380541, 'action': 'remove', 'coordinate': 3}, {'active': [2, 4, 5, 7, 9], 'minimum': -0.02971322247322572, 'action': 'remove', 'coordinate': 4}, {'active': [2, 5, 7, 9], 'minimum': 0.1323047246322187, 'action': 'add', 'coordinate': 1}, {'active': [1, 2, 5, 7, 9], 'minimum': 0.01663905963906842, 'action': 'accept'}]",True,False,4.218847493575595e-15,0.00014637346282177522,0.0005753787679805478,5,0,1.5350958382616549,True
64,A,contrast_low,"[0.08196833154790728, 0.0, 0.2817391431811753, 0.0, 0.0, 0.6362925252709175, 0.0, 0.0, 0.0, 0.0]",5,5,"[{'active': [2, 3], 'minimum': 0.47462421841019997, 'action': 'add', 'coordinate': 8}, {'active': [2, 3, 8], 'minimum': 0.06408180670336594, 'action': 'add', 'coordinate': 5}, {'active': [2, 3, 5, 8], 'minimum': -0.7130041225911139, 'action': 'remove', 'coordinate': 3}, {'active': [2, 5, 8], 'minimum': 0.059738671766860874, 'action': 'add', 'coordinate': 0}, {'active': [0, 2, 5, 8], 'minimum': -0.09119441460039512, 'action': 'remove', 'coordinate': 8}, {'active': [0, 2, 5], 'minimum': 0.08196833154790728, 'action': 'accept'}]",True,False,8.283304597789254e-17,0.0013892963149494118,0.0032708215031884203,3,0,1.4365217136376494,True
64,A,gaussian_noise,"[0.03966972856800233, 0.0, 0.42397239226726313, 0.16694841557031737, 0.0, 0.2706537291137465, 0.0, 0.0033873645003517083, 0.006675585669366768, 0.08869278431095395]",3,3,"[{'active': [2, 3, 5, 9], 'minimum': 0.12140640451016493, 'action': 'add', 'coordinate': 8}, {'active': [2, 3, 5, 8, 9], 'minimum': 0.03264251732135093, 'action': 'add', 'coordinate': 0}, {'active': [0, 2, 3, 5, 8, 9], 'minimum': 0.006322879529904846, 'action': 'add', 'coordinate': 7}, {'active': [0, 2, 3, 5, 7, 8, 9], 'minimum': 0.0033873645003517083, 'action': 'accept'}]",True,False,1.7763568394002505e-15,4.609779130704192e-05,0.0010128017240821497,7,0,0.674147030266379,True
64,A,gaussian_blur,"[0.0, 0.0336942387501864, 0.4150431387916278, 0.020030428205660478, 0.0, 0.4289033574152974, 0.0, 0.048235647440975526, 0.0, 0.054093189396247965]",2,2,"[{'active': [2, 3, 5, 9], 'minimum': 0.008642431208063406, 'action': 'add', 'coordinate': 7}, {'active': [2, 3, 5, 7, 9], 'minimum': 0.01837541410409127, 'action': 'add', 'coordinate': 1}, {'active': [1, 2, 3, 5, 7, 9], 'minimum': 0.020030428205660478, 'action': 'accept'}]",True,False,4.440892098500626e-15,0.00013609309451901937,0.001007882953323901,6,0,0.9194904556319685,True
64,B,clean,"[0.019701505543086473, 0.0, 0.3871073013542743, 0.13561193819974404, 0.0, 0.32804847127847303, 0.0, 0.025251352042158004, 0.0, 0.10427943158227165]",8,8,"[{'active': [2, 3], 'minimum': 0.49242323409567973, 'action': 'add', 'coordinate': 1}, {'active': [1, 2, 3], 'minimum': 0.10026497028173417, 'action': 'add', 'coordinate': 8}, {'active': [1, 2, 3, 8], 'minimum': 0.024812347444593624, 'action': 'add', 'coordinate': 5}, {'active': [1, 2, 3, 5, 8], 'minimum': 0.02982126312704736, 'action': 'add', 'coordinate': 0}, {'active': [0, 1, 2, 3, 5, 8], 'minimum': 0.0033071176878838315, 'action': 'add', 'coordinate': 7}, {'active': [0, 1, 2, 3, 5, 7, 8], 'minimum': 0.0063687785247994455, 'action': 'add', 'coordinate': 9}, {'active': [0, 1, 2, 3, 5, 7, 8, 9], 'minimum': -0.12093630214829387, 'action': 'remove', 'coordinate': 1}, {'active': [0, 2, 3, 5, 7, 8, 9], 'minimum': -0.01427019808694574, 'action': 'remove', 'coordinate': 8}, {'active': [0, 2, 3, 5, 7, 9], 'minimum': 0.019701505543086473, 'action': 'accept'}]",True,False,7.549516567451064e-15,0.00012753356491800093,0.0023779302798111394,6,0,0.9545615208919709,True
64,B,brightness_dark,"[0.0, 0.10400928849475832, 0.3133035433190692, 0.0, 0.0, 0.39605412427776887, 0.0, 0.178078185710409, 0.0, 0.008554858197996396]",4,4,"[{'active': [0, 2, 3, 4, 5, 7, 9], 'minimum': -0.16264818204655285, 'action': 'remove', 'coordinate': 3}, {'active': [0, 2, 4, 5, 7, 9], 'minimum': -0.10628377391045607, 'action': 'remove', 'coordinate': 4}, {'active': [0, 2, 5, 7, 9], 'minimum': -0.035450165141172496, 'action': 'remove', 'coordinate': 0}, {'active': [2, 5, 7, 9], 'minimum': 0.1338890361248455, 'action': 'add', 'coordinate': 1}, {'active': [1, 2, 5, 7, 9], 'minimum': 0.008554858197996396, 'action': 'accept'}]",True,False,1.7763568394002505e-15,0.0001589960675832378,0.0005924384388556951,5,0,1.601853224615317,True
64,B,contrast_low,"[0.0635034694268829, 0.0, 0.2793725990855336, 0.0, 0.0, 0.6571239314875825, 0.0, 0.0, 0.0, 0.0]",4,4,"[{'active': [2, 3, 5], 'minimum': -0.8943102696527347, 'action': 'remove', 'coordinate': 3}, {'active': [2, 5], 'minimum': 0.340626452926843, 'action': 'add', 'coordinate': 8}, {'active': [2, 5, 8], 'minimum': 0.04498823137583596, 'action': 'add', 'coordinate': 0}, {'active': [0, 2, 5, 8], 'minimum': -0.14812008654576236, 'action': 'remove', 'coordinate': 8}, {'active': [0, 2, 5], 'minimum': 0.0635034694268829, 'action': 'accept'}]",True,False,9.992007221626409e-16,0.0015996162903529148,0.0031265283136830773,3,0,1.261138382492824,True
64,B,gaussian_noise,"[0.03993363107671932, 0.0, 0.4264199156916, 0.15534225769590648, 0.0, 0.2782438869317829, 0.0, 0.002353404754266819, 0.004710889513400929, 0.09299601433631643]",3,3,"[{'active': [2, 3, 5, 9], 'minimum': 0.12410420181516504, 'action': 'add', 'coordinate': 8}, {'active': [2, 3, 5, 8, 9], 'minimum': 0.030998066943901392, 'action': 'add', 'coordinate': 0}, {'active': [0, 2, 3, 5, 8, 9], 'minimum': 0.0044587930426693845, 'action': 'add', 'coordinate': 7}, {'active': [0, 2, 3, 5, 7, 8, 9], 'minimum': 0.002353404754266819, 'action': 'accept'}]",True,False,7.105427357601002e-15,4.7316816154978235e-05,0.0010520488701512881,7,0,0.6955561105394178,True
64,B,gaussian_blur,"[0.0, 0.04190375446957262, 0.4131794729028915, 0.019796101648764663, 0.0, 0.4334413373867454, 0.0, 0.050435356545010634, 0.0, 0.041243977047010105]",2,2,"[{'active': [2, 3, 5, 9], 'minimum': 0.007614280606859314, 'action': 'add', 'coordinate': 7}, {'active': [2, 3, 5, 7, 9], 'minimum': 0.01807712528200084, 'action': 'add', 'coordinate': 1}, {'active': [1, 2, 3, 5, 7, 9], 'minimum': 0.019796101648764663, 'action': 'accept'}]",True,False,5.10702591327572e-15,0.00013591371169216973,0.0010024858942289838,6,0,0.939609620599091,True
65,A,clean,"[0.0, 0.0399789721483359, 0.12222222871369315, 0.33158450145996965, 0.0, 0.4488440916915213, 0.0, 0.05737020598648357, 0.0, 0.0]",4,4,"[{'active': [2, 3, 9], 'minimum': 0.052568000352859134, 'action': 'add', 'coordinate': 5}, {'active': [2, 3, 5, 9], 'minimum': 0.0476843642930006, 'action': 'add', 'coordinate': 1}, {'active': [1, 2, 3, 5, 9], 'minimum': -0.3704800290423904, 'action': 'remove', 'coordinate': 9}, {'active': [1, 2, 3, 5], 'minimum': 0.04502798666124419, 'action': 'add', 'coordinate': 7}, {'active': [1, 2, 3, 5, 7], 'minimum': 0.0399789721483359, 'action': 'accept'}]",True,False,3.552713678800501e-15,0.0006571757501705039,0.0016220135864257101,5,0,1.092386539652678,True
65,A,brightness_dark,"[0.0, 0.01459531529965799, 0.16867680468906746, 0.0, 0.0, 0.7722521980296337, 0.0, 0.04447568198164187, 0.0, 0.0]",6,6,"[{'active': [2, 3], 'minimum': 0.21867092090348084, 'action': 'add', 'coordinate': 1}, {'active': [1, 2, 3], 'minimum': 0.013113966776604147, 'action': 'add', 'coordinate': 7}, {'active': [1, 2, 3, 7], 'minimum': -0.002380222399573584, 'action': 'remove', 'coordinate': 1}, {'active': [2, 3, 7], 'minimum': 0.13746622848618273, 'action': 'add', 'coordinate': 5}, {'active': [2, 3, 5, 7], 'minimum': -0.0768733390068686, 'action': 'remove', 'coordinate': 3}, {'active': [2, 5, 7], 'minimum': 0.08685104731661752, 'action': 'add', 'coordinate': 1}, {'active': [1, 2, 5, 7], 'minimum': 0.01459531529965799, 'action': 'accept'}]",True,False,1.1102230246251565e-15,0.0003630136089758783,0.0013015411383376478,4,0,1.662646390621866,True
65,A,contrast_low,"[0.0, 0.10462310709244704, 0.023226641052914943, 0.08978175687403223, 0.09125115403045925, 0.395054925014648, 0.09660858546916984, 0.19945383046609777, 0.0, 0.0]",7,7,"[{'active': [0, 2, 3, 9], 'minimum': -0.14696024736127378, 'action': 'remove', 'coordinate': 0}, {'active': [2, 3, 9], 'minimum': 0.10948296405457114, 'action': 'add', 'coordinate': 6}, {'active': [2, 3, 6, 9], 'minimum': 0.06647042609786813, 'action': 'add', 'coordinate': 1}, {'active': [1, 2, 3, 6, 9], 'minimum': -0.6350664867640745, 'action': 'remove', 'coordinate': 9}, {'active': [1, 2, 3, 6], 'minimum': 0.058711358113265, 'action': 'add', 'coordinate': 7}, {'active': [1, 2, 3, 6, 7], 'minimum': 0.0341115364922544, 'action': 'add', 'coordinate': 5}, {'active': [1, 2, 3, 5, 6, 7], 'minimum': 0.0598007429824996, 'action': 'add', 'coordinate': 4}, {'active': [1, 2, 3, 4, 5, 6, 7], 'minimum': 0.023226641052914943, 'action': 'accept'}]",True,False,2.3092638912203256e-13,0.00043100616921281157,0.00432126199929773,7,0,1.7739832041458747,True
65,A,gaussian_noise,"[0.0, 0.04706947273993123, 0.17715619297791285, 0.17454399492143768, 0.0, 0.5010604502919787, 0.0, 0.10016988906874502, 0.0, 0.0]",3,3,"[{'active': [2, 3], 'minimum': 0.2540391192377204, 'action': 'add', 'coordinate': 1}, {'active': [1, 2, 3], 'minimum': 0.05477807071187071, 'action': 'add', 'coordinate': 5}, {'active': [1, 2, 3, 5], 'minimum': 0.058027255970067554, 'action': 'add', 'coordinate': 7}, {'active': [1, 2, 3, 5, 7], 'minimum': 0.04706947273993123, 'action': 'accept'}]",True,False,5.329070518200751e-15,0.0007496670503954788,0.001999983597885682,5,0,1.2965996242013043,True
65,A,gaussian_blur,"[0.0, 0.08462661309796071, 0.11414120337434497, 0.33730391889722, 0.005336645756088387, 0.3664713233384731, 0.0, 0.09212029553591261, 0.0, 0.0]",4,4,"[{'active': [0, 1, 2, 3], 'minimum': -0.09894970611432052, 'action': 'remove', 'coordinate': 0}, {'active': [1, 2, 3], 'minimum': 0.10455923696538189, 'action': 'add', 'coordinate': 7}, {'active': [1, 2, 3, 7], 'minimum': 0.07740129672852314, 'action': 'add', 'coordinate': 5}, {'active': [1, 2, 3, 5, 7], 'minimum': 0.08468820620079232, 'action': 'add', 'coordinate': 4}, {'active': [1, 2, 3, 4, 5, 7], 'minimum': 0.005336645756088387, 'action': 'accept'}]",True,False,1.1135189992295125e-14,0.0007258338046549877,0.0016374531502725599,6,0,0.9768681889829727,True
65,B,clean,"[0.0, 0.0399789721483359, 0.12222222871369315, 0.33158450145996965, 0.0, 0.4488440916915213, 0.0, 0.05737020598648357, 0.0, 0.0]",4,4,"[{'active': [2, 3, 9], 'minimum': 0.052568000352859134, 'action': 'add', 'coordinate': 5}, {'active': [2, 3, 5, 9], 'minimum': 0.0476843642930006, 'action': 'add', 'coordinate': 1}, {'active': [1, 2, 3, 5, 9], 'minimum': -0.3704800290423904, 'action': 'remove', 'coordinate': 9}, {'active': [1, 2, 3, 5], 'minimum': 0.04502798666124419, 'action': 'add', 'coordinate': 7}, {'active': [1, 2, 3, 5, 7], 'minimum': 0.0399789721483359, 'action': 'accept'}]",True,False,3.552713678800501e-15,0.0006571757501705039,0.0016220135864257101,5,0,1.092386539652678,True
65,B,brightness_dark,"[0.0, 0.014363499197548951, 0.17255485836545503, 0.0, 0.0, 0.7689448767186882, 0.0, 0.04413676571830916, 0.0, 0.0]",6,6,"[{'active': [2, 3], 'minimum': 0.21945002540924116, 'action': 'add', 'coordinate': 1}, {'active': [1, 2, 3], 'minimum': 0.012885490748985623, 'action': 'add', 'coordinate': 7}, {'active': [1, 2, 3, 7], 'minimum': -0.0017565328161131127, 'action': 'remove', 'coordinate': 1}, {'active': [2, 3, 7], 'minimum': 0.14013798325308846, 'action': 'add', 'coordinate': 5}, {'active': [2, 3, 5, 7], 'minimum': -0.08317298413417873, 'action': 'remove', 'coordinate': 3}, {'active': [2, 5, 7], 'minimum': 0.08368737858119424, 'action': 'add', 'coordinate': 1}, {'active': [1, 2, 5, 7], 'minimum': 0.014363499197548951, 'action': 'accept'}]",True,False,1.3322676295501878e-15,0.00037448267128772537,0.0013257333697862406,4,0,1.6548902832690913,True
65,B,contrast_low,"[0.0, 0.11439711144377673, 0.022065159317634198, 0.13200564725889308, 0.11909547797500863, 0.357525150506973, 0.06946950263920115, 0.18544195085858206, 0.0, 0.0]",7,7,"[{'active': [0, 2, 3, 9], 'minimum': -0.13260982114665487, 'action': 'remove', 'coordinate': 0}, {'active': [2, 3, 9], 'minimum': 0.13043395694203674, 'action': 'add', 'coordinate': 6}, {'active': [2, 3, 6, 9], 'minimum': 0.048777273279922206, 'action': 'add', 'coordinate': 1}, {'active': [1, 2, 3, 6, 9], 'minimum': -0.5992679588313905, 'action': 'remove', 'coordinate': 9}, {'active': [1, 2, 3, 6], 'minimum': 0.039874115897759355, 'action': 'add', 'coordinate': 7}, {'active': [1, 2, 3, 6, 7], 'minimum': 0.04896734745603348, 'action': 'add', 'coordinate': 5}, {'active': [1, 2, 3, 5, 6, 7], 'minimum': 0.09067996829048575, 'action': 'add', 'coordinate': 4}, {'active': [1, 2, 3, 4, 5, 6, 7], 'minimum': 0.022065159317634198, 'action': 'accept'}]",True,False,6.88338275267597e-14,0.0004080499458157751,0.004891633878620111,7,0,1.6918583868470143,True
65,B,gaussian_noise,"[0.0, 0.04647204836275254, 0.1740602507515696, 0.17956311874080388, 0.0, 0.49725859886423684, 0.0, 0.10264598328063101, 0.0, 0.0]",3,3,"[{'active': [2, 3], 'minimum': 0.25241627356972324, 'action': 'add', 'coordinate': 1}, {'active': [1, 2, 3], 'minimum': 0.054464303753983756, 'action': 'add', 'coordinate': 5}, {'active': [1, 2, 3, 5], 'minimum': 0.0574995113103168, 'action': 'add', 'coordinate': 7}, {'active': [1, 2, 3, 5, 7], 'minimum': 0.04647204836275254, 'action': 'accept'}]",True,False,6.106226635438361e-15,0.0007232648436920802,0.00195954325680806,5,0,1.2927532610152468,True
65,B,gaussian_blur,"[0.0, 0.08619093430646951, 0.10557883984666105, 0.31571865949447897, 0.019739162686690293, 0.3799791224980069, 0.0, 0.09279328116769214, 0.0, 0.0]",4,4,"[{'active': [0, 1, 2, 3], 'minimum': -0.09910636519254734, 'action': 'remove', 'coordinate': 0}, {'active': [1, 2, 3], 'minimum': 0.1070296750917685, 'action': 'add', 'coordinate': 7}, {'active': [1, 2, 3, 7], 'minimum': 0.0779359534173551, 'action': 'add', 'coordinate': 5}, {'active': [1, 2, 3, 5, 7], 'minimum': 0.08641416585823825, 'action': 'add', 'coordinate': 4}, {'active': [1, 2, 3, 4, 5, 7], 'minimum': 0.019739162686690293, 'action': 'accept'}]",True,False,6.9692515647368225e-15,0.0007398445376751353,0.0017190924896908872,6,0,1.0118704620519798,True
66,A,clean,"[0.0, 0.5192684708247279, 0.0, 0.0, 0.0, 0.0, 0.0, 0.0, 0.2836411430873591, 0.1970903860879094]",1,1,"[{'active': [1, 7, 8, 9], 'minimum': -0.04911405402096747, 'action': 'remove', 'coordinate': 7}, {'active': [1, 8, 9], 'minimum': 0.1970903860879094, 'action': 'accept'}]",True,False,3.552713678800501e-15,0.0007869445743662813,0.01112256650881992,3,0,1.235628482601999,True
66,A,brightness_dark,"[0.04583390140451421, 0.7209103154099633, 0.0, 0.0, 0.0, 0.0, 0.0, 0.03950846146251996, 0.19374732172300074, 0.0]",2,2,"[{'active': [0, 1, 4, 7, 8, 9], 'minimum': -0.18297099564797037, 'action': 'remove', 'coordinate': 4}, {'active': [0, 1, 7, 8, 9], 'minimum': -0.014243320342302468, 'action': 'remove', 'coordinate': 9}, {'active': [0, 1, 7, 8], 'minimum': 0.03950846146251996, 'action': 'accept'}]",True,False,1.7763568394002505e-15,0.0002184012442095104,0.013780244192040112,4,0,1.3430456903922554,True
66,A,contrast_low,"[0.0, 0.37331824048105844, 0.0, 0.0, 0.0, 0.0, 0.005134516814346901, 0.0, 0.22199189135123376, 0.3995553513533894]",4,4,"[{'active': [4, 5, 8, 9], 'minimum': -0.13627457104075646, 'action': 'remove', 'coordinate': 5}, {'active': [4, 8, 9], 'minimum': -0.07909232182782333, 'action': 'remove', 'coordinate': 4}, {'active': [8, 9], 'minimum': 0.1380420798406379, 'action': 'add', 'coordinate': 1}, {'active': [1, 8, 9], 'minimum': 0.21523384829696734, 'action': 'add', 'coordinate': 6}, {'active': [1, 6, 8, 9], 'minimum': 0.005134516814346901, 'action': 'accept'}]",True,False,2.842170943040401e-14,0.00018632565902470367,0.008109067861081563,4,0,0.8192935131314616,True
66,A,gaussian_noise,"[0.0, 0.4805978080635276, 0.0, 0.0, 0.0, 0.0, 0.0, 0.0, 0.2842035730723076, 0.2351986188641657]",2,2,"[{'active': [7, 8, 9], 'minimum': -0.10648773760487873, 'action': 'remove', 'coordinate': 7}, {'active': [8, 9], 'minimum': 0.17188296944293283, 'action': 'add', 'coordinate': 1}, {'active': [1, 8, 9], 'minimum': 0.2351986188641657, 'action': 'accept'}]",True,False,8.881784197001252e-16,0.0008858973815014675,0.01223507204269256,3,0,1.257863620499967,True
66,A,gaussian_blur,"[0.0, 0.578035410707332, 0.0, 0.0, 0.0, 0.0, 0.0, 0.0, 0.29223654125011933, 0.1297280480425469]",2,2,"[{'active': [1, 4, 7, 8, 9], 'minimum': -0.20319732503817534, 'action': 'remove', 'coordinate': 4}, {'active': [1, 7, 8, 9], 'minimum': -0.0671437480962867, 'action': 'remove', 'coordinate': 7}, {'active': [1, 8, 9], 'minimum': 0.1297280480425469, 'action': 'accept'}]",True,False,1.7763568394002505e-15,0.0005947003171364206,0.007686633725437607,3,0,1.221595058925934,True
66,B,clean,"[0.0, 0.5192684708247279, 0.0, 0.0, 0.0, 0.0, 0.0, 0.0, 0.2836411430873591, 0.1970903860879094]",1,1,"[{'active': [1, 7, 8, 9], 'minimum': -0.04911405402096747, 'action': 'remove', 'coordinate': 7}, {'active': [1, 8, 9], 'minimum': 0.1970903860879094, 'action': 'accept'}]",True,False,3.552713678800501e-15,0.0007869445743662813,0.01112256650881992,3,0,1.235628482601999,True
66,B,brightness_dark,"[0.04511924664074479, 0.721006714183404, 0.0, 0.0, 0.0, 0.0, 0.0, 0.0398678611487957, 0.19400617802704648, 0.0]",3,3,"[{'active': [1, 4, 7, 8, 9], 'minimum': -0.3310044805780308, 'action': 'remove', 'coordinate': 9}, {'active': [1, 4, 7, 8], 'minimum': -0.1648166640338941, 'action': 'remove', 'coordinate': 4}, {'active': [1, 7, 8], 'minimum': 0.05164999401437598, 'action': 'add', 'coordinate': 0}, {'active': [0, 1, 7, 8], 'minimum': 0.0398678611487957, 'action': 'accept'}]",True,False,8.992806499463768e-15,0.00022627761268269797,0.014344190267739594,4,0,1.3438562432331211,True
66,B,contrast_low,"[0.0, 0.42821071300793623, 0.0, 0.0, 0.0, 0.0, 0.013659143161077025, 0.0, 0.21616808605978177, 0.3419620577712008]",4,4,"[{'active': [4, 5, 8, 9], 'minimum': -0.15582862393434138, 'action': 'remove', 'coordinate': 5}, {'active': [4, 8, 9], 'minimum': -0.07840475164141397, 'action': 'remove', 'coordinate': 4}, {'active': [8, 9], 'minimum': 0.11534686497205535, 'action': 'add', 'coordinate': 1}, {'active': [1, 8, 9], 'minimum': 0.1989177520517451, 'action': 'add', 'coordinate': 6}, {'active': [1, 6, 8, 9], 'minimum': 0.013659143161077025, 'action': 'accept'}]",True,False,4.218847493575595e-15,0.0001257187744626232,0.012085560565802829,4,0,0.9573714426515719,True
66,B,gaussian_noise,"[0.0, 0.467964268512008, 0.0, 0.0, 0.0, 0.0, 0.0, 0.0, 0.28748072367175936, 0.24455500781622774]",2,2,"[{'active': [7, 8, 9], 'minimum': -0.10529399024589625, 'action': 'remove', 'coordinate': 7}, {'active': [8, 9], 'minimum': 0.17833496967478923, 'action': 'add', 'coordinate': 1}, {'active': [1, 8, 9], 'minimum': 0.24455500781622774, 'action': 'accept'}]",True,False,4.884981308350689e-15,0.0008527046670879526,0.011657160366872928,3,0,1.2432244548581113,True
66,B,gaussian_blur,"[0.0, 0.5886642025801025, 0.0, 0.0, 0.0, 0.0, 0.0, 0.0, 0.2861430958304272, 0.12519270158947382]",2,2,"[{'active': [1, 4, 7, 8, 9], 'minimum': -0.20536132999075285, 'action': 'remove', 'coordinate': 4}, {'active': [1, 7, 8, 9], 'minimum': -0.06397247901419245, 'action': 'remove', 'coordinate': 7}, {'active': [1, 8, 9], 'minimum': 0.12519270158947382, 'action': 'accept'}]",True,False,3.552713678800501e-15,0.0006055726323625525,0.007747553433235021,3,0,1.1996167682575973,True
67,A,clean,"[0.06265939704610422, 0.1351252868785846, 0.16632926280224414, 0.0, 0.0, 0.2848436076593135, 0.0, 0.35104244561375175, 0.0, 0.0]",4,4,"[{'active': [1, 2, 3, 5, 7], 'minimum': -0.31521238196934553, 'action': 'remove', 'coordinate': 3}, {'active': [1, 2, 5, 7], 'minimum': 0.16460579340894835, 'action': 'add', 'coordinate': 8}, {'active': [1, 2, 5, 7, 8], 'minimum': 0.040852754460499296, 'action': 'add', 'coordinate': 0}, {'active': [0, 1, 2, 5, 7, 8], 'minimum': -0.018124731876359768, 'action': 'remove', 'coordinate': 8}, {'active': [0, 1, 2, 5, 7], 'minimum': 0.06265939704610422, 'action': 'accept'}]",True,False,1.7763568394002505e-15,0.00033597891682996087,0.0007608395039215853,5,0,0.5671462622420512,True
67,A,brightness_dark,"[0.057914753595261104, 0.0, 0.22148192602040706, 0.0, 0.0, 0.12453130024487524, 0.0, 0.4261917520919325, 0.0, 0.1698802680475282]",6,6,"[{'active': [1, 2, 3, 5, 7], 'minimum': -0.30689692000416, 'action': 'remove', 'coordinate': 3}, {'active': [1, 2, 5, 7], 'minimum': 0.07530965957425095, 'action': 'add', 'coordinate': 8}, {'active': [1, 2, 5, 7, 8], 'minimum': 0.07704551048184416, 'action': 'add', 'coordinate': 0}, {'active': [0, 1, 2, 5, 7, 8], 'minimum': 0.028641854483360873, 'action': 'add', 'coordinate': 9}, {'active': [0, 1, 2, 5, 7, 8, 9], 'minimum': -0.5583592557458132, 'action': 'remove', 'coordinate': 1}, {'active': [0, 2, 5, 7, 8, 9], 'minimum': -0.001248396718601441, 'action': 'remove', 'coordinate': 8}, {'active': [0, 2, 5, 7, 9], 'minimum': 0.057914753595261104, 'action': 'accept'}]",True,False,3.9968028886505635e-15,0.0002293866384859603,0.001219615182305074,5,0,0.9473044742944599,True
67,A,contrast_low,"[0.008389255462643241, 0.09923369774236368, 0.12119496063109181, 0.17832502855712418, 0.0, 0.05646182929835397, 0.04211710332179708, 0.4013740884337178, 0.09290403655291346, 0.0]",2,2,"[{'active': [1, 2, 3, 6, 7, 8], 'minimum': 0.033648817485133264, 'action': 'add', 'coordinate': 0}, {'active': [0, 1, 2, 3, 6, 7, 8], 'minimum': 0.006534219506383332, 'action': 'add', 'coordinate': 5}, {'active': [0, 1, 2, 3, 5, 6, 7, 8], 'minimum': 0.008389255462643241, 'action': 'accept'}]",True,False,5.329070518200751e-15,7.365800314162623e-06,0.0006193760455417127,8,0,0.41016836676750446,True
67,A,gaussian_noise,"[0.02516687026839115, 0.13309796659202888, 0.20615808040597017, 0.0, 0.0, 0.24703345540403632, 0.0, 0.37002397444251045, 0.018519652887056814, 0.0]",3,3,"[{'active': [1, 2, 3, 5, 7], 'minimum': -0.44592851067972705, 'action': 'remove', 'coordinate': 3}, {'active': [1, 2, 5, 7], 'minimum': 0.15855506263666602, 'action': 'add', 'coordinate': 8}, {'active': [1, 2, 5, 7, 8], 'minimum': 0.035483403545610415, 'action': 'add', 'coordinate': 0}, {'active': [0, 1, 2, 5, 7, 8], 'minimum': 0.018519652887056814, 'action': 'accept'}]",True,False,6.217248937900877e-15,0.000566776506747078,0.001210718552386186,6,0,0.7738673888245716,True
67,A,gaussian_blur,"[0.08385971997813066, 0.11793096627067978, 0.12123701893295458, 0.0, 0.0, 0.2943790153449095, 0.0, 0.38259327947332444, 0.0, 0.0]",4,4,"[{'active': [1, 2, 3, 5, 7], 'minimum': -0.404297906582054, 'action': 'remove', 'coordinate': 3}, {'active': [1, 2, 5, 7], 'minimum': 0.15866495897287455, 'action': 'add', 'coordinate': 8}, {'active': [1, 2, 5, 7, 8], 'minimum': 0.05143580457286778, 'action': 'add', 'coordinate': 0}, {'active': [0, 1, 2, 5, 7, 8], 'minimum': -0.04507888892571721, 'action': 'remove', 'coordinate': 8}, {'active': [0, 1, 2, 5, 7], 'minimum': 0.08385971997813066, 'action': 'accept'}]",True,False,9.992007221626409e-16,0.00046031251771940743,0.0010059602953403073,5,0,0.5781023171459644,True
67,B,clean,"[0.06265939704610422, 0.1351252868785846, 0.16632926280224414, 0.0, 0.0, 0.2848436076593135, 0.0, 0.35104244561375175, 0.0, 0.0]",4,4,"[{'active': [1, 2, 3, 5, 7], 'minimum': -0.31521238196934553, 'action': 'remove', 'coordinate': 3}, {'active': [1, 2, 5, 7], 'minimum': 0.16460579340894835, 'action': 'add', 'coordinate': 8}, {'active': [1, 2, 5, 7, 8], 'minimum': 0.040852754460499296, 'action': 'add', 'coordinate': 0}, {'active': [0, 1, 2, 5, 7, 8], 'minimum': -0.018124731876359768, 'action': 'remove', 'coordinate': 8}, {'active': [0, 1, 2, 5, 7], 'minimum': 0.06265939704610422, 'action': 'accept'}]",True,False,1.7763568394002505e-15,0.00033597891682996087,0.0007608395039215853,5,0,0.5671462622420512,True
67,B,brightness_dark,"[0.0565613056436991, 0.0, 0.22216105196127778, 0.0, 0.0, 0.11887303806141247, 0.0, 0.4320954205579848, 9.632323473596216e-05, 0.1702128605408857]",5,5,"[{'active': [1, 2, 3, 5, 7], 'minimum': -0.32556479664894766, 'action': 'remove', 'coordinate': 3}, {'active': [1, 2, 5, 7], 'minimum': 0.07135756455651995, 'action': 'add', 'coordinate': 8}, {'active': [1, 2, 5, 7, 8], 'minimum': 0.07632394851074897, 'action': 'add', 'coordinate': 0}, {'active': [0, 1, 2, 5, 7, 8], 'minimum': 0.030354159764360844, 'action': 'add', 'coordinate': 9}, {'active': [0, 1, 2, 5, 7, 8, 9], 'minimum': -0.6209769469011235, 'action': 'remove', 'coordinate': 1}, {'active': [0, 2, 5, 7, 8, 9], 'minimum': 9.632323473596216e-05, 'action': 'accept'}]",True,False,4.218847493575595e-15,0.0002575712312370266,0.0014930991771330668,6,0,0.9495361423078035,True
67,B,contrast_low,"[0.050253837883790786, 0.1184873898832024, 0.10548259673645344, 0.21618227485413322, 0.0, 0.025928283502634694, 0.031069987276985567, 0.3968014274625551, 0.055794202400360315, 0.0]",4,4,"[{'active': [1, 2, 3, 7], 'minimum': 0.19611496254967503, 'action': 'add', 'coordinate': 8}, {'active': [1, 2, 3, 7, 8], 'minimum': 0.08447750873455417, 'action': 'add', 'coordinate': 6}, {'active': [1, 2, 3, 6, 7, 8], 'minimum': 0.024610448592158995, 'action': 'add', 'coordinate': 0}, {'active': [0, 1, 2, 3, 6, 7, 8], 'minimum': 0.02757319237842104, 'action': 'add', 'coordinate': 5}, {'active': [0, 1, 2, 3, 5, 6, 7, 8], 'minimum': 0.025928283502634694, 'action': 'accept'}]",True,False,1.1546319456101628e-13,8.897288306573303e-06,0.0016520671143027145,8,0,0.46403866233429975,True
67,B,gaussian_noise,"[0.033134574517864834, 0.13030750100728206, 0.19305320616224897, 0.0, 0.0, 0.25614803933985186, 0.0, 0.37192617889424184, 0.015430500078515763, 0.0]",3,3,"[{'active': [1, 2, 3, 5, 7], 'minimum': -0.4622847477412595, 'action': 'remove', 'coordinate': 3}, {'active': [1, 2, 5, 7], 'minimum': 0.1576778268998411, 'action': 'add', 'coordinate': 8}, {'active': [1, 2, 5, 7, 8], 'minimum': 0.03790639452775446, 'action': 'add', 'coordinate': 0}, {'active': [0, 1, 2, 5, 7, 8], 'minimum': 0.015430500078515763, 'action': 'accept'}]",True,False,5.329070518200751e-15,0.0005939032074384131,0.001272866573621784,6,0,0.8000169572694847,True
67,B,gaussian_blur,"[0.08569812345563893, 0.11885221385736455, 0.11735854320236783, 0.0, 0.0, 0.29771653748783944, 0.0, 0.3803745819967901, 0.0, 0.0]",4,4,"[{'active': [1, 2, 3, 5, 7], 'minimum': -0.39895953859380606, 'action': 'remove', 'coordinate': 3}, {'active': [1, 2, 5, 7], 'minimum': 0.16013855227945809, 'action': 'add', 'coordinate': 8}, {'active': [1, 2, 5, 7, 8], 'minimum': 0.052305249376279894, 'action': 'add', 'coordinate': 0}, {'active': [0, 1, 2, 5, 7, 8], 'minimum': -0.04931534714482311, 'action': 'remove', 'coordinate': 8}, {'active': [0, 1, 2, 5, 7], 'minimum': 0.08569812345563893, 'action': 'accept'}]",True,False,8.881784197001252e-16,0.0004492544391352917,0.0010377330275321436,5,0,0.5923709154749925,True
68,A,clean,"[0.0, 0.7003401420141273, 0.030965203468784175, 0.0, 0.0, 0.08841341534889902, 0.0, 0.14128122040847657, 0.0, 0.039000018759722366]",4,4,"[{'active': [2, 3, 9], 'minimum': 0.04079446460994829, 'action': 'add', 'coordinate': 1}, {'active': [1, 2, 3, 9], 'minimum': 0.10122914507462388, 'action': 'add', 'coordinate': 7}, {'active': [1, 2, 3, 7, 9], 'minimum': 0.03523071673889522, 'action': 'add', 'coordinate': 5}, {'active': [1, 2, 3, 5, 7, 9], 'minimum': -0.12449919085371208, 'action': 'remove', 'coordinate': 3}, {'active': [1, 2, 5, 7, 9], 'minimum': 0.030965203468784175, 'action': 'accept'}]",True,False,9.325873406851315e-15,0.0006330948036892845,0.005524284955366289,5,0,1.9018098652724538,True
68,A,brightness_dark,"[0.0, 0.7401863527012685, 0.0, 0.0, 0.0, 0.058540286177096945, 0.0, 0.20127336112163263, 0.0, 0.0]",5,5,"[{'active': [1, 2, 3, 9], 'minimum': -0.1489830765070952, 'action': 'remove', 'coordinate': 9}, {'active': [1, 2, 3], 'minimum': 0.07799460213237364, 'action': 'add', 'coordinate': 7}, {'active': [1, 2, 3, 7], 'minimum': -0.05217679748484308, 'action': 'remove', 'coordinate': 2}, {'active': [1, 3, 7], 'minimum': -0.03148323846549861, 'action': 'remove', 'coordinate': 3}, {'active': [1, 7], 'minimum': 0.26362635572861004, 'action': 'add', 'coordinate': 5}, {'active': [1, 5, 7], 'minimum': 0.058540286177096945, 'action': 'accept'}]",True,False,1.887379141862766e-15,0.001086744531635264,0.0032504054508792077,3,0,1.6386093564321411,True
68,A,contrast_low,"[0.0, 0.13984060618502925, 0.0, 0.0, 0.0, 0.2941154414222882, 0.0, 0.01875254935163162, 0.0, 0.5472914030410723]",4,4,"[{'active': [3, 9], 'minimum': 0.2725984402350888, 'action': 'add', 'coordinate': 1}, {'active': [1, 3, 9], 'minimum': 0.195985126448738, 'action': 'add', 'coordinate': 5}, {'active': [1, 3, 5, 9], 'minimum': 0.0015532683442343043, 'action': 'add', 'coordinate': 7}, {'active': [1, 3, 5, 7, 9], 'minimum': -0.002734176714916714, 'action': 'remove', 'coordinate': 3}, {'active': [1, 5, 7, 9], 'minimum': 0.01875254935163162, 'action': 'accept'}]",True,False,2.1316282072803006e-14,0.0004519297385618312,0.0013657343123154742,4,0,0.9054171939178768,True
68,A,gaussian_noise,"[0.0, 0.4893262035647936, 0.06417388600875795, 0.0, 0.0, 0.007523622216404513, 0.0, 0.14745033648394568, 0.0, 0.29152595172610063]",4,4,"[{'active': [2, 3, 9], 'minimum': 0.0072585052453932875, 'action': 'add', 'coordinate': 1}, {'active': [1, 2, 3, 9], 'minimum': 0.036472430299949954, 'action': 'add', 'coordinate': 7}, {'active': [1, 2, 3, 7, 9], 'minimum': -0.03066023471604762, 'action': 'remove', 'coordinate': 3}, {'active': [1, 2, 7, 9], 'minimum': 0.06513062623575433, 'action': 'add', 'coordinate': 5}, {'active': [1, 2, 5, 7, 9], 'minimum': 0.007523622216404513, 'action': 'accept'}]",True,False,2.4424906541753444e-15,0.0004902227333059223,0.00133147266815815,5,0,1.4148829720848406,True
68,A,gaussian_blur,"[0.0, 0.4880674444897264, 0.0, 0.0, 0.0, 0.06960165098150571, 0.0, 0.16380222461810467, 0.0, 0.2785286799106774]",4,4,"[{'active': [3, 9], 'minimum': 0.11603751818952746, 'action': 'add', 'coordinate': 7}, {'active': [3, 7, 9], 'minimum': 0.031215406640183296, 'action': 'add', 'coordinate': 1}, {'active': [1, 3, 7, 9], 'minimum': 0.049306531940274595, 'action': 'add', 'coordinate': 5}, {'active': [1, 3, 5, 7, 9], 'minimum': -0.01911671692417949, 'action': 'remove', 'coordinate': 3}, {'active': [1, 5, 7, 9], 'minimum': 0.06960165098150571, 'action': 'accept'}]",True,False,1.4210854715202004e-14,0.00043303385992696003,0.0010643255857968454,4,0,1.4429426401786594,True
68,B,clean,"[0.0, 0.7003401420141273, 0.030965203468784175, 0.0, 0.0, 0.08841341534889902, 0.0, 0.14128122040847657, 0.0, 0.039000018759722366]",4,4,"[{'active': [2, 3, 9], 'minimum': 0.04079446460994829, 'action': 'add', 'coordinate': 1}, {'active': [1, 2, 3, 9], 'minimum': 0.10122914507462388, 'action': 'add', 'coordinate': 7}, {'active': [1, 2, 3, 7, 9], 'minimum': 0.03523071673889522, 'action': 'add', 'coordinate': 5}, {'active': [1, 2, 3, 5, 7, 9], 'minimum': -0.12449919085371208, 'action': 'remove', 'coordinate': 3}, {'active': [1, 2, 5, 7, 9], 'minimum': 0.030965203468784175, 'action': 'accept'}]",True,False,9.325873406851315e-15,0.0006330948036892845,0.005524284955366289,5,0,1.9018098652724538,True
68,B,brightness_dark,"[0.0, 0.7375364542081525, 0.0, 0.0, 0.0, 0.06284514440346634, 0.0, 0.19961840138838038, 0.0, 0.0]",5,5,"[{'active': [1, 2, 3, 9], 'minimum': -0.15414364500626254, 'action': 'remove', 'coordinate': 9}, {'active': [1, 2, 3], 'minimum': 0.07850832276861563, 'action': 'add', 'coordinate': 7}, {'active': [1, 2, 3, 7], 'minimum': -0.04873858676333098, 'action': 'remove', 'coordinate': 2}, {'active': [1, 3, 7], 'minimum': -0.02279215413419511, 'action': 'remove', 'coordinate': 3}, {'active': [1, 7], 'minimum': 0.26643503730333906, 'action': 'add', 'coordinate': 5}, {'active': [1, 5, 7], 'minimum': 0.06284514440346634, 'action': 'accept'}]",True,False,7.771561172376096e-16,0.001109825444858972,0.003110547784935355,3,0,1.6421501040311155,True
68,B,contrast_low,"[0.0, 0.20913766303393544, 0.0, 0.0, 0.0, 0.31329871422624933, 0.0, 0.0, 0.0, 0.4775636227398259]",3,3,"[{'active': [3, 9], 'minimum': 0.2578828708395878, 'action': 'add', 'coordinate': 1}, {'active': [1, 3, 9], 'minimum': 0.25668642625930893, 'action': 'add', 'coordinate': 5}, {'active': [1, 3, 5, 9], 'minimum': -0.13413672925496956, 'action': 'remove', 'coordinate': 3}, {'active': [1, 5, 9], 'minimum': 0.20913766303393544, 'action': 'accept'}]",True,False,1.0658141036401503e-14,0.00047818669424668685,0.0022223544109814,3,0,1.0448727545203589,True
68,B,gaussian_noise,"[0.0, 0.48041907171469234, 0.06684023258764471, 0.0, 0.0, 0.0063021405113498075, 0.0, 0.14531017947006042, 0.0, 0.30112837571624596]",4,4,"[{'active': [2, 3, 9], 'minimum': 0.005040179344521611, 'action': 'add', 'coordinate': 1}, {'active': [1, 2, 3, 9], 'minimum': 0.034467704379166575, 'action': 'add', 'coordinate': 7}, {'active': [1, 2, 3, 7, 9], 'minimum': -0.032230567884831696, 'action': 'remove', 'coordinate': 3}, {'active': [1, 2, 7, 9], 'minimum': 0.06758469675266104, 'action': 'add', 'coordinate': 5}, {'active': [1, 2, 5, 7, 9], 'minimum': 0.0063021405113498075, 'action': 'accept'}]",True,False,6.772360450213455e-15,0.0004775332506380583,0.0012908032651140872,5,0,1.3898259017608692,True
68,B,gaussian_blur,"[0.0, 0.4952352414411487, 0.0, 0.0, 0.0, 0.07002938238500822, 0.0, 0.15993734135626392, 0.0, 0.2747980348176049]",4,4,"[{'active': [3, 9], 'minimum': 0.11255209802539035, 'action': 'add', 'coordinate': 7}, {'active': [3, 7, 9], 'minimum': 0.03087153134717724, 'action': 'add', 'coordinate': 1}, {'active': [1, 3, 7, 9], 'minimum': 0.047775593807756755, 'action': 'add', 'coordinate': 5}, {'active': [1, 3, 5, 7, 9], 'minimum': -0.027584219700179435, 'action': 'remove', 'coordinate': 3}, {'active': [1, 5, 7, 9], 'minimum': 0.07002938238500822, 'action': 'accept'}]",True,False,2.5757174171303632e-14,0.00042772270358780917,0.0010816246132587725,4,0,1.450403930364816,True
69,A,clean,"[0.00023284498030395895, 0.1454858507795984, 0.1914626522945042, 0.0, 0.005659184550175667, 0.1339344600850083, 0.0, 0.4625989695745094, 0.060626037735906024, 0.0]",2,2,"[{'active': [1, 4, 5, 7, 8], 'minimum': 0.07227691704477124, 'action': 'add', 'coordinate': 2}, {'active': [1, 2, 4, 5, 7, 8], 'minimum': 0.005522796813543618, 'action': 'add', 'coordinate': 0}, {'active': [0, 1, 2, 4, 5, 7, 8], 'minimum': 0.00023284498030395895, 'action': 'accept'}]",True,False,5.995204332975845e-15,4.1203754034258316e-05,0.0006196942000725734,7,0,0.7409400544893819,True
69,A,brightness_dark,"[0.0032487663313535142, 0.1865671294439252, 0.0, 0.01727802924930466, 0.3589260483679466, 0.23536847989275406, 0.010556809071624401, 0.14188814296798646, 0.04616659467511239, 0.0]",2,2,"[{'active': [1, 3, 4, 5, 7, 8], 'minimum': 0.0462254073156696, 'action': 'add', 'coordinate': 6}, {'active': [1, 3, 4, 5, 6, 7, 8], 'minimum': 0.010401730672210618, 'action': 'add', 'coordinate': 0}, {'active': [0, 1, 3, 4, 5, 6, 7, 8], 'minimum': 0.0032487663313535142, 'action': 'accept'}]",True,False,7.105427357601002e-15,6.637490474782397e-07,0.00021883405236585248,8,0,0.13696631699283687,True
69,A,contrast_low,"[0.0, 0.1463623338165032, 0.0, 0.07463028094137636, 0.3411008243878698, 0.07612368264693292, 0.019658282821876656, 0.266174498212294, 0.0252560281965305, 0.05069406897643347]",4,4,"[{'active': [1, 3, 4, 7], 'minimum': 0.16320815310986958, 'action': 'add', 'coordinate': 8}, {'active': [1, 3, 4, 7, 8], 'minimum': 0.02523062355873984, 'action': 'add', 'coordinate': 6}, {'active': [1, 3, 4, 6, 7, 8], 'minimum': 0.00904318674663962, 'action': 'add', 'coordinate': 5}, {'active': [1, 3, 4, 5, 6, 7, 8], 'minimum': 0.018221495242448427, 'action': 'add', 'coordinate': 9}, {'active': [1, 3, 4, 5, 6, 7, 8, 9], 'minimum': 0.019658282821876656, 'action': 'accept'}]",True,False,1.8307577676068831e-13,1.1813474595662037e-05,0.0009213809248187244,8,0,0.7026908105316515,True
69,A,gaussian_noise,"[0.028951955030258603, 0.20847268678268183, 0.212662826241524, 0.0, 0.0, 0.15317252679303195, 0.0, 0.3772798999507181, 0.019460105201781985, 0.0]",7,7,"[{'active': [1, 3, 4, 5, 7], 'minimum': -0.31717734555781263, 'action': 'remove', 'coordinate': 3}, {'active': [1, 4, 5, 7], 'minimum': 0.09174762134803502, 'action': 'add', 'coordinate': 8}, {'active': [1, 4, 5, 7, 8], 'minimum': 0.0526823916301975, 'action': 'add', 'coordinate': 0}, {'active': [0, 1, 4, 5, 7, 8], 'minimum': -0.0077981595675886695, 'action': 'remove', 'coordinate': 8}, {'active': [0, 1, 4, 5, 7], 'minimum': 0.07751997630804008, 'action': 'add', 'coordinate': 2}, {'active': [0, 1, 2, 4, 5, 7], 'minimum': -0.05538135947606726, 'action': 'remove', 'coordinate': 4}, {'active': [0, 1, 2, 5, 7], 'minimum': 0.05285008641042005, 'action': 'add', 'coordinate': 8}, {'active': [0, 1, 2, 5, 7, 8], 'minimum': 0.019460105201781985, 'action': 'accept'}]",True,False,3.552713678800501e-15,7.453754621047832e-05,0.000712184635155381,6,0,1.0188965429933166,True
69,A,gaussian_blur,"[0.04594737888223399, 0.2317250517687719, 0.13946474904474648, 0.0, 0.0, 0.1426426221147299, 0.0, 0.4357247342929895, 0.004495463896530438, 0.0]",4,4,"[{'active': [1, 4, 5, 7], 'minimum': 0.09945846559163331, 'action': 'add', 'coordinate': 8}, {'active': [1, 4, 5, 7, 8], 'minimum': 0.04734027814563624, 'action': 'add', 'coordinate': 2}, {'active': [1, 2, 4, 5, 7, 8], 'minimum': -0.16900333932277034, 'action': 'remove', 'coordinate': 4}, {'active': [1, 2, 5, 7, 8], 'minimum': 0.03640167442840414, 'action': 'add', 'coordinate': 0}, {'active': [0, 1, 2, 5, 7, 8], 'minimum': 0.004495463896530438, 'action': 'accept'}]",True,False,2.220446049250313e-15,9.111391780773223e-05,0.00066121668808185,6,0,0.6955692703822678,True
69,B,clean,"[0.00023284498030395895, 0.1454858507795984, 0.1914626522945042, 0.0, 0.005659184550175667, 0.1339344600850083, 0.0, 0.4625989695745094, 0.060626037735906024, 0.0]",2,2,"[{'active': [1, 4, 5, 7, 8], 'minimum': 0.07227691704477124, 'action': 'add', 'coordinate': 2}, {'active': [1, 2, 4, 5, 7, 8], 'minimum': 0.005522796813543618, 'action': 'add', 'coordinate': 0}, {'active': [0, 1, 2, 4, 5, 7, 8], 'minimum': 0.00023284498030395895, 'action': 'accept'}]",True,False,5.995204332975845e-15,4.1203754034258316e-05,0.0006196942000725734,7,0,0.7409400544893819,True
69,B,brightness_dark,"[0.0020155100880239196, 0.1841907874566498, 0.0, 0.014800205637554908, 0.35594770461498426, 0.24141871687685496, 0.011755755078368485, 0.14148473370044357, 0.04838658654719963, 0.0]",3,3,"[{'active': [1, 4, 5, 7, 8], 'minimum': 0.04937515676436077, 'action': 'add', 'coordinate': 6}, {'active': [1, 4, 5, 6, 7, 8], 'minimum': 0.013554486741406357, 'action': 'add', 'coordinate': 0}, {'active': [0, 1, 4, 5, 6, 7, 8], 'minimum': 0.002273856745918401, 'action': 'add', 'coordinate': 3}, {'active': [0, 1, 3, 4, 5, 6, 7, 8], 'minimum': 0.0020155100880239196, 'action': 'accept'}]",True,False,7.949196856316121e-14,6.271708031414808e-07,0.00014220855484670732,8,0,0.13605988612690165,True
69,B,contrast_low,"[0.0, 0.103869430415644, 0.0, 0.03113402149578759, 0.34092696417764246, 0.11515308486396658, 0.03127857358291492, 0.2342640958665012, 0.03460207941020732, 0.10877175018715146]",3,3,"[{'active': [1, 4, 5, 7, 8], 'minimum': 0.04364880249896408, 'action': 'add', 'coordinate': 6}, {'active': [1, 4, 5, 6, 7, 8], 'minimum': 0.0391159351376702, 'action': 'add', 'coordinate': 9}, {'active': [1, 4, 5, 6, 7, 8, 9], 'minimum': 0.033587501256178154, 'action': 'add', 'coordinate': 3}, {'active': [1, 3, 4, 5, 6, 7, 8, 9], 'minimum': 0.03113402149578759, 'action': 'accept'}]",True,False,1.8451906669270102e-13,1.508471534756661e-05,0.0012853320686830735,8,0,0.8280142915994588,True
69,B,gaussian_noise,"[0.0321390369127883, 0.20357971651244622, 0.20025052123103304, 0.0, 0.0, 0.15882465460979311, 0.0, 0.387502898959859, 0.017703171774082094, 0.0]",7,7,"[{'active': [1, 3, 4, 5, 7], 'minimum': -0.3023625371680687, 'action': 'remove', 'coordinate': 3}, {'active': [1, 4, 5, 7], 'minimum': 0.09934526074348513, 'action': 'add', 'coordinate': 8}, {'active': [1, 4, 5, 7, 8], 'minimum': 0.053214193277484556, 'action': 'add', 'coordinate': 0}, {'active': [0, 1, 4, 5, 7, 8], 'minimum': -0.009562514800578015, 'action': 'remove', 'coordinate': 8}, {'active': [0, 1, 4, 5, 7], 'minimum': 0.07804273145297924, 'action': 'add', 'coordinate': 2}, {'active': [0, 1, 2, 4, 5, 7], 'minimum': -0.039400267208593576, 'action': 'remove', 'coordinate': 4}, {'active': [0, 1, 2, 5, 7], 'minimum': 0.05389801328776023, 'action': 'add', 'coordinate': 8}, {'active': [0, 1, 2, 5, 7, 8], 'minimum': 0.017703171774082094, 'action': 'accept'}]",True,False,1.7763568394002505e-15,6.14335430235324e-05,0.0006893812202304574,6,0,1.000407925586274,True
69,B,gaussian_blur,"[0.046234311061679634, 0.23980391978311588, 0.1456198646103396, 0.0, 0.0, 0.14667904655073372, 0.0, 0.4189415582243079, 0.0027212997698260466, 0.0]",4,4,"[{'active': [1, 4, 5, 7], 'minimum': 0.10358966509147441, 'action': 'add', 'coordinate': 8}, {'active': [1, 4, 5, 7, 8], 'minimum': 0.04649989472860505, 'action': 'add', 'coordinate': 2}, {'active': [1, 2, 4, 5, 7, 8], 'minimum': -0.17048750451100458, 'action': 'remove', 'coordinate': 4}, {'active': [1, 2, 5, 7, 8], 'minimum': 0.034909767502351086, 'action': 'add', 'coordinate': 0}, {'active': [0, 1, 2, 5, 7, 8], 'minimum': 0.0027212997698260466, 'action': 'accept'}]",True,False,2.6645352591003757e-15,9.206771107312654e-05,0.0006783249137803947,6,0,0.7097268090338942,True
70,A,clean,"[0.33884479703565873, 0.00901284264354385, 0.0, 0.0, 0.0, 0.0, 0.0, 0.0, 0.6521423603207981, 0.0]",2,2,"[{'active': [0, 4, 8], 'minimum': -0.01623261111623009, 'action': 'remove', 'coordinate': 4}, {'active': [0, 8], 'minimum': 0.3416795132456727, 'action': 'add', 'coordinate': 1}, {'active': [0, 1, 8], 'minimum': 0.00901284264354385, 'action': 'accept'}]",True,False,6.661338147750939e-16,6.573588503703797e-05,0.005614605783496954,3,0,0.4244902914374477,True
70,A,brightness_dark,"[0.2972629238770228, 0.04298540287773012, 0.0, 0.0, 0.0, 0.0, 0.0, 0.0, 0.6597516732452489, 0.0]",2,2,"[{'active': [0, 1, 3, 4, 8], 'minimum': -0.059427771272781094, 'action': 'remove', 'coordinate': 3}, {'active': [0, 1, 4, 8], 'minimum': -0.011269593423982371, 'action': 'remove', 'coordinate': 4}, {'active': [0, 1, 8], 'minimum': 0.04298540287773012, 'action': 'accept'}]",True,False,1.7763568394002505e-15,0.00012165519968861574,0.004326611444563637,3,0,0.39714388971236253,True
70,A,contrast_low,"[0.3282327147942139, 0.0, 0.0, 0.0, 0.0, 0.0, 0.0, 0.0, 0.6717672852057861, 0.0]",1,1,"[{'active': [0, 4, 8], 'minimum': -0.08118492519714327, 'action': 'remove', 'coordinate': 4}, {'active': [0, 8], 'minimum': 0.3282327147942139, 'action': 'accept'}]",True,False,1.0842021724855044e-17,0.0007213251273793098,0.00994563012287681,2,0,0.5693185977418009,True
70,A,gaussian_noise,"[0.3905000548820323, 0.0, 0.0, 0.0, 0.0, 0.0, 0.0, 0.0, 0.6094999451179677, 0.0]",1,1,"[{'active': [0, 4, 8], 'minimum': -0.03815001560214437, 'action': 'remove', 'coordinate': 4}, {'active': [0, 8], 'minimum': 0.3905000548820323, 'action': 'accept'}]",True,False,4.336808689942018e-19,0.00014598631855425052,0.00596860349047466,2,0,0.4173841619613414,True
70,A,gaussian_blur,"[0.333619678600261, 0.0, 0.0, 0.0, 0.0, 0.0, 0.0, 0.0, 0.666380321399739, 0.0]",1,1,"[{'active': [0, 4, 8], 'minimum': -0.07007757563289063, 'action': 'remove', 'coordinate': 4}, {'active': [0, 8], 'minimum': 0.333619678600261, 'action': 'accept'}]",True,False,2.905661822261152e-17,0.000553742410357334,0.008803894139238181,2,0,0.46651083976462215,True
70,B,clean,"[0.33884479703565873, 0.00901284264354385, 0.0, 0.0, 0.0, 0.0, 0.0, 0.0, 0.6521423603207981, 0.0]",2,2,"[{'active': [0, 4, 8], 'minimum': -0.01623261111623009, 'action': 'remove', 'coordinate': 4}, {'active': [0, 8], 'minimum': 0.3416795132456727, 'action': 'add', 'coordinate': 1}, {'active': [0, 1, 8], 'minimum': 0.00901284264354385, 'action': 'accept'}]",True,False,6.661338147750939e-16,6.573588503703797e-05,0.005614605783496954,3,0,0.4244902914374477,True
70,B,brightness_dark,"[0.30081473723622576, 0.04056967378820753, 0.0, 0.0, 0.0, 0.0, 0.0, 0.0, 0.6586155889755698, 0.0]",2,2,"[{'active': [0, 1, 3, 4, 8], 'minimum': -0.05753259520814691, 'action': 'remove', 'coordinate': 3}, {'active': [0, 1, 4, 8], 'minimum': -0.013442201593771741, 'action': 'remove', 'coordinate': 4}, {'active': [0, 1, 8], 'minimum': 0.04056967378820753, 'action': 'accept'}]",True,False,3.1086244689504383e-15,0.0001352534505453765,0.004781411980809392,3,0,0.4116264524748062,True
70,B,contrast_low,"[0.29150467581698836, 0.0, 0.0, 0.0, 0.0, 0.0, 0.0, 0.0, 0.7084953241830114, 0.0]",1,1,"[{'active': [0, 4, 8], 'minimum': -0.08887093694783155, 'action': 'remove', 'coordinate': 4}, {'active': [0, 8], 'minimum': 0.29150467581698836, 'action': 'accept'}]",True,False,2.220446049250313e-16,0.0007218181568399573,0.009578027617359932,2,0,0.5828488548557742,True
70,B,gaussian_noise,"[0.38762770321545803, 0.0, 0.0, 0.0, 0.0, 0.0, 0.0, 0.0, 0.612372296784542, 0.0]",1,1,"[{'active': [0, 4, 8], 'minimum': -0.04038102972445934, 'action': 'remove', 'coordinate': 4}, {'active': [0, 8], 'minimum': 0.38762770321545803, 'action': 'accept'}]",True,False,7.806255641895632e-18,0.0001536067638775802,0.0059760382993405345,2,0,0.41405885719797975,True
70,B,gaussian_blur,"[0.3339232326499868, 0.0, 0.0, 0.0, 0.0, 0.0, 0.0, 0.0, 0.6660767673500134, 0.0]",1,1,"[{'active': [0, 4, 8], 'minimum': -0.06979016304791053, 'action': 'remove', 'coordinate': 4}, {'active': [0, 8], 'minimum': 0.3339232326499868, 'action': 'accept'}]",True,False,2.220446049250313e-16,0.0005545699623364919,0.009031358815715837,2,0,0.47254234909197046,True
71,A,clean,"[0.006237119711658412, 0.0, 0.21516038007475657, 0.0, 0.4932118341946392, 0.24543334718880683, 0.03995731883013587, 0.0, 0.0, 0.0]",3,3,"[{'active': [4, 5], 'minimum': 0.20841655658252234, 'action': 'add', 'coordinate': 0}, {'active': [0, 4, 5], 'minimum': 0.006516427444785644, 'action': 'add', 'coordinate': 2}, {'active': [0, 2, 4, 5], 'minimum': 0.0020557746875219385, 'action': 'add', 'coordinate': 6}, {'active': [0, 2, 4, 5, 6], 'minimum': 0.006237119711658412, 'action': 'accept'}]",True,False,3.1086244689504383e-15,0.0006838940253628994,0.0009701846404565218,5,0,0.9116438950670318,True
71,A,brightness_dark,"[0.028690926342363032, 0.0, 0.0, 0.009294431719103935, 0.7797513186259883, 0.1822633233125377, 0.0, 0.0, 0.0, 0.0]",3,3,"[{'active': [4], 'minimum': 1.0, 'action': 'add', 'coordinate': 0}, {'active': [0, 4], 'minimum': 0.020658005956531056, 'action': 'add', 'coordinate': 5}, {'active': [0, 4, 5], 'minimum': 0.028870420163433552, 'action': 'add', 'coordinate': 3}, {'active': [0, 3, 4, 5], 'minimum': 0.009294431719103935, 'action': 'accept'}]",True,False,6.994405055138486e-15,0.0003738826818075907,0.0006033160593863158,4,0,0.4404973627480163,True
71,A,contrast_low,"[0.027218657613413022, 0.0, 0.5547508476997933, 0.22728336686904926, 0.0, 0.009726101000538279, 0.15336633324624271, 0.027654693570994482, 0.0, 0.0]",6,6,"[{'active': [4, 5], 'minimum': 0.11866689744586734, 'action': 'add', 'coordinate': 0}, {'active': [0, 4, 5], 'minimum': 0.02650009637512013, 'action': 'add', 'coordinate': 6}, {'active': [0, 4, 5, 6], 'minimum': 0.04942819591402492, 'action': 'add', 'coordinate': 2}, {'active': [0, 2, 4, 5, 6], 'minimum': -0.3245646553997119, 'action': 'remove', 'coordinate': 4}, {'active': [0, 2, 5, 6], 'minimum': 0.031599651056685385, 'action': 'add', 'coordinate': 3}, {'active': [0, 2, 3, 5, 6], 'minimum': 0.0283714470381784, 'action': 'add', 'coordinate': 7}, {'active': [0, 2, 3, 5, 6, 7], 'minimum': 0.009726101000538279, 'action': 'accept'}]",True,False,3.108624468950438e-14,0.00032735154145803854,0.0007542681106034617,6,0,1.9805477979989548,True
71,A,gaussian_noise,"[0.004934836695128619, 0.0, 0.21542939793174298, 0.0, 0.4044578390985123, 0.2910459691688647, 0.08413195710577082, 0.0, 0.0, 0.0]",3,3,"[{'active': [4, 5], 'minimum': 0.23888543785982996, 'action': 'add', 'coordinate': 6}, {'active': [4, 5, 6], 'minimum': 0.039072067144135525, 'action': 'add', 'coordinate': 0}, {'active': [0, 4, 5, 6], 'minimum': 0.007167333520421815, 'action': 'add', 'coordinate': 2}, {'active': [0, 2, 4, 5, 6], 'minimum': 0.004934836695128619, 'action': 'accept'}]",True,False,1.9539925233402755e-14,0.0008502960341058607,0.0013724123501803118,5,0,1.1710119389858566,True
71,A,gaussian_blur,"[0.02457438892210173, 0.0, 0.29900412932948583, 0.0, 0.2721211061686759, 0.2646774348126737, 0.1396229407670555, 0.0, 0.0, 0.0]",4,4,"[{'active': [0, 4, 5], 'minimum': -0.008581585553101623, 'action': 'remove', 'coordinate': 0}, {'active': [4, 5], 'minimum': 0.19774841738017546, 'action': 'add', 'coordinate': 6}, {'active': [4, 5, 6], 'minimum': 0.07005740184381692, 'action': 'add', 'coordinate': 0}, {'active': [0, 4, 5, 6], 'minimum': 0.017795262086511887, 'action': 'add', 'coordinate': 2}, {'active': [0, 2, 4, 5, 6], 'minimum': 0.02457438892210173, 'action': 'accept'}]",True,False,7.327471962526033e-15,0.0007390943075542603,0.0010793512382104645,5,0,1.086200817149529,True
71,B,clean,"[0.006237119711658412, 0.0, 0.21516038007475657, 0.0, 0.4932118341946392, 0.24543334718880683, 0.03995731883013587, 0.0, 0.0, 0.0]",3,3,"[{'active': [4, 5], 'minimum': 0.20841655658252234, 'action': 'add', 'coordinate': 0}, {'active': [0, 4, 5], 'minimum': 0.006516427444785644, 'action': 'add', 'coordinate': 2}, {'active': [0, 2, 4, 5], 'minimum': 0.0020557746875219385, 'action': 'add', 'coordinate': 6}, {'active': [0, 2, 4, 5, 6], 'minimum': 0.006237119711658412, 'action': 'accept'}]",True,False,3.1086244689504383e-15,0.0006838940253628994,0.0009701846404565218,5,0,0.9116438950670318,True
71,B,brightness_dark,"[0.02923971757236643, 0.0, 0.0, 0.03118189675054195, 0.7724041419321644, 0.16717424374493417, 0.0, 0.0, 0.0, 0.0]",3,3,"[{'active': [4], 'minimum': 1.0, 'action': 'add', 'coordinate': 0}, {'active': [0, 4], 'minimum': 0.020656034636213794, 'action': 'add', 'coordinate': 5}, {'active': [0, 4, 5], 'minimum': 0.029839140078951276, 'action': 'add', 'coordinate': 3}, {'active': [0, 3, 4, 5], 'minimum': 0.02923971757236643, 'action': 'accept'}]",True,False,7.105427357601002e-15,0.000386467405512953,0.000631479015098745,4,0,0.4551917161356781,True
71,B,contrast_low,"[0.015007859602576001, 0.0, 0.5730446160043279, 0.2588725743514715, 0.0, 0.0, 0.14570393006598703, 0.007371019975643378, 0.0, 0.0]",7,7,"[{'active': [4, 5], 'minimum': 0.11181022277348074, 'action': 'add', 'coordinate': 6}, {'active': [4, 5, 6], 'minimum': 0.06198265763702021, 'action': 'add', 'coordinate': 0}, {'active': [0, 4, 5, 6], 'minimum': 0.034488328108667976, 'action': 'add', 'coordinate': 2}, {'active': [0, 2, 4, 5, 6], 'minimum': -0.34081510633707524, 'action': 'remove', 'coordinate': 4}, {'active': [0, 2, 5, 6], 'minimum': 0.018888855660478543, 'action': 'add', 'coordinate': 3}, {'active': [0, 2, 3, 5, 6], 'minimum': -0.0779683064939043, 'action': 'remove', 'coordinate': 5}, {'active': [0, 2, 3, 6], 'minimum': 0.015277801481238196, 'action': 'add', 'coordinate': 7}, {'active': [0, 2, 3, 6, 7], 'minimum': 0.007371019975643378, 'action': 'accept'}]",True,False,5.773159728050814e-15,0.00037115765155035284,0.0007960731923851029,5,0,2.0000000000000058,True
71,B,gaussian_noise,"[0.006961832961653203, 0.0, 0.21424504448003745, 0.0, 0.3921068838083386, 0.2974082390532118, 0.08927799969672279, 0.0, 0.0, 0.0]",3,3,"[{'active': [4, 5], 'minimum': 0.24107090339328618, 'action': 'add', 'coordinate': 6}, {'active': [4, 5, 6], 'minimum': 0.04087314323056351, 'action': 'add', 'coordinate': 0}, {'active': [0, 4, 5, 6], 'minimum': 0.008955771599873597, 'action': 'add', 'coordinate': 2}, {'active': [0, 2, 4, 5, 6], 'minimum': 0.006961832961653203, 'action': 'accept'}]",True,False,3.6193270602780103e-14,0.0008010917994890498,0.0013495074985523698,5,0,1.2014500991342683,True
71,B,gaussian_blur,"[0.021919448737335312, 0.0, 0.3194490869104136, 0.0, 0.24507036290420814, 0.2689124110649903, 0.14464869038306905, 0.0, 0.0, 0.0]",4,4,"[{'active': [0, 4, 5], 'minimum': -0.011868854233217374, 'action': 'remove', 'coordinate': 0}, {'active': [4, 5], 'minimum': 0.19562924696242995, 'action': 'add', 'coordinate': 6}, {'active': [4, 5, 6], 'minimum': 0.07243542370349632, 'action': 'add', 'coordinate': 0}, {'active': [0, 4, 5, 6], 'minimum': 0.014831412472685046, 'action': 'add', 'coordinate': 2}, {'active': [0, 2, 4, 5, 6], 'minimum': 0.021919448737335312, 'action': 'accept'}]",True,False,1.6431300764452317e-14,0.0007508529723885636,0.0011359203718604288,5,0,1.1465602388343064,True
72,A,clean,"[0.3358093380401481, 0.17468809644331662, 0.1910476811152364, 0.03550693000372007, 0.0, 0.1056147478711722, 0.138119654979171, 0.0, 0.019213551547265784, 0.0]",1,1,"[{'active': [0, 1, 2, 3, 5, 6], 'minimum': 0.03810524023543849, 'action': 'add', 'coordinate': 8}, {'active': [0, 1, 2, 3, 5, 6, 8], 'minimum': 0.019213551547265784, 'action': 'accept'}]",True,False,3.019806626980426e-14,4.451655747755457e-05,0.0004944638732800714,7,0,0.5085304775150621,True
72,A,brightness_dark,"[0.3997195590987701, 0.12097796629841451, 0.13763971121078722, 0.0, 0.0, 0.24097689787237098, 0.0913295872401163, 0.0, 0.009356278279547325, 0.0]",1,1,"[{'active': [0, 1, 2, 5, 6], 'minimum': 0.09135646083520577, 'action': 'add', 'coordinate': 8}, {'active': [0, 1, 2, 5, 6, 8], 'minimum': 0.009356278279547325, 'action': 'accept'}]",True,False,6.439293542825908e-15,4.586553101584136e-05,0.0009590930896576995,6,0,0.2998366422948592,True
72,A,contrast_low,"[0.32982607103757244, 0.23145603654338898, 0.1468568689259433, 0.0, 0.0, 0.19579354791959896, 0.09606747557349893, 0.0, 0.0, 0.0]",0,0,"[{'active': [0, 1, 2, 5, 6], 'minimum': 0.09606747557349893, 'action': 'accept'}]",True,False,2.6645352591003757e-15,1.984666443095342e-05,0.0010269939830429555,5,0,0.33702689043449335,True
72,A,gaussian_noise,"[0.2900053140541976, 0.1745904414842956, 0.1990592255636301, 0.1406185447819439, 0.0, 0.013869195401525758, 0.14115372090160605, 0.0, 0.04070355781283652, 0.0]",1,1,"[{'active': [0, 1, 2, 3, 6, 8], 'minimum': 0.040757140718618246, 'action': 'add', 'coordinate': 5}, {'active': [0, 1, 2, 3, 5, 6, 8], 'minimum': 0.013869195401525758, 'action': 'accept'}]",True,False,3.552713678800501e-14,3.684470255022644e-05,0.0006543702750612808,7,0,0.4368311318249425,True
72,A,gaussian_blur,"[0.2941830017724989, 0.19249589565087621, 0.16754665218371345, 0.08290430145406447, 0.0, 0.029047580318433575, 0.18964466054351092, 0.0, 0.04417790807690869, 0.0]",1,1,"[{'active': [0, 1, 2, 3, 6, 8], 'minimum': 0.04400765569593368, 'action': 'add', 'coordinate': 5}, {'active': [0, 1, 2, 3, 5, 6, 8], 'minimum': 0.029047580318433575, 'action': 'accept'}]",True,False,6.217248937900877e-15,4.4668622776199385e-05,0.0004136310231872913,7,0,0.41105488444747723,True
72,B,clean,"[0.3358093380401481, 0.17468809644331662, 0.1910476811152364, 0.03550693000372007, 0.0, 0.1056147478711722, 0.138119654979171, 0.0, 0.019213551547265784, 0.0]",1,1,"[{'active': [0, 1, 2, 3, 5, 6], 'minimum': 0.03810524023543849, 'action': 'add', 'coordinate': 8}, {'active': [0, 1, 2, 3, 5, 6, 8], 'minimum': 0.019213551547265784, 'action': 'accept'}]",True,False,3.019806626980426e-14,4.451655747755457e-05,0.0004944638732800714,7,0,0.5085304775150621,True
72,B,brightness_dark,"[0.39959937211396124, 0.12421394891929616, 0.13963177631490709, 0.0, 0.0, 0.24129584645783808, 0.08922652075108606, 0.0, 0.006032535442908937, 0.0]",1,1,"[{'active': [0, 1, 2, 5, 6], 'minimum': 0.08923627581406235, 'action': 'add', 'coordinate': 8}, {'active': [0, 1, 2, 5, 6, 8], 'minimum': 0.006032535442908937, 'action': 'accept'}]",True,False,2.4424906541753444e-15,4.775616158766837e-05,0.0008821992118499759,6,0,0.30282938072677035,True
72,B,contrast_low,"[0.34301257187514667, 0.22486864355729352, 0.13823028035224727, 0.0, 0.0, 0.20749939480476604, 0.086389109410546, 0.0, 0.0, 0.0]",0,0,"[{'active': [0, 1, 2, 5, 6], 'minimum': 0.086389109410546, 'action': 'accept'}]",True,False,4.440892098500626e-16,2.3196180506912287e-05,0.0007571299175351458,5,0,0.2959310314258208,True
72,B,gaussian_noise,"[0.2874383220195629, 0.17169222485553925, 0.20183654166387655, 0.1474001349920684, 0.0, 0.00897500010182739, 0.140360941126211, 0.0, 0.042296835240876796, 0.0]",1,1,"[{'active': [0, 1, 2, 3, 6, 8], 'minimum': 0.04234019311414805, 'action': 'add', 'coordinate': 5}, {'active': [0, 1, 2, 3, 5, 6, 8], 'minimum': 0.00897500010182739, 'action': 'accept'}]",True,False,3.774758283725532e-14,3.76390059423805e-05,0.000651504531342902,7,0,0.4425142629863844,True
72,B,gaussian_blur,"[0.2985942024435966, 0.19243357859534616, 0.16528467921419177, 0.07640392316697842, 0.0, 0.03495995996965462, 0.18824206530178955, 0.0, 0.044081591308425594, 0.0]",1,1,"[{'active': [0, 1, 2, 3, 6, 8], 'minimum': 0.04388858929214301, 'action': 'add', 'coordinate': 5}, {'active': [0, 1, 2, 3, 5, 6, 8], 'minimum': 0.03495995996965462, 'action': 'accept'}]",True,False,1.7319479184152442e-14,4.3672922275854264e-05,0.0003919382435248204,7,0,0.4063820228670186,True
73,A,clean,"[0.0, 0.005605403625941599, 0.0, 0.0, 0.0, 0.6458481007747907, 0.033737526392005945, 0.31480896920725976, 0.0, 0.0]",3,3,"[{'active': [4, 5, 7], 'minimum': -0.1619339052687767, 'action': 'remove', 'coordinate': 4}, {'active': [5, 7], 'minimum': 0.3283864982510727, 'action': 'add', 'coordinate': 6}, {'active': [5, 6, 7], 'minimum': 0.0331781539787106, 'action': 'add', 'coordinate': 1}, {'active': [1, 5, 6, 7], 'minimum': 0.005605403625941599, 'action': 'accept'}]",True,False,1.9984014443252818e-15,0.0008061698853453971,0.0018883475208785051,4,0,0.5239623412727523,True
73,A,brightness_dark,"[0.0, 0.009402151736602748, 0.0, 0.09317501783761628, 0.0, 0.46977637495641744, 0.10066774144889479, 0.32697871402046985, 0.0, 0.0]",3,3,"[{'active': [3, 4, 5, 7], 'minimum': -0.33185899266189367, 'action': 'remove', 'coordinate': 4}, {'active': [3, 5, 7], 'minimum': 0.11690795329855064, 'action': 'add', 'coordinate': 6}, {'active': [3, 5, 6, 7], 'minimum': 0.09221955929626358, 'action': 'add', 'coordinate': 1}, {'active': [1, 3, 5, 6, 7], 'minimum': 0.009402151736602748, 'action': 'accept'}]",True,False,5.4586868879213934e-15,0.0007512508724351162,0.0024623941870592454,5,0,1.1285508960261346,True
73,A,contrast_low,"[0.0, 0.0, 0.0, 0.0, 0.0, 0.891276864406391, 0.10872313559360897, 0.0, 0.0, 0.0]",2,2,"[{'active': [4, 5], 'minimum': -0.1407084053668009, 'action': 'remove', 'coordinate': 4}, {'active': [5], 'minimum': 1.0, 'action': 'add', 'coordinate': 6}, {'active': [5, 6], 'minimum': 0.10872313559360897, 'action': 'accept'}]",True,False,9.75781955236954e-18,0.0009217992219567014,0.0020199816598373468,2,0,0.6037960592056137,True
73,A,gaussian_noise,"[0.0, 0.01353861167998023, 0.0, 0.0, 0.0, 0.7168594957449945, 0.04935808180926529, 0.22024381076576116, 0.0, 0.0]",3,3,"[{'active': [4, 5, 7], 'minimum': -0.09324779123355853, 'action': 'remove', 'coordinate': 4}, {'active': [5, 7], 'minimum': 0.24525843339160436, 'action': 'add', 'coordinate': 6}, {'active': [5, 6, 7], 'minimum': 0.04833555478586926, 'action': 'add', 'coordinate': 1}, {'active': [1, 5, 6, 7], 'minimum': 0.01353861167998023, 'action': 'accept'}]",True,False,1.1102230246251565e-15,0.0006225927546262816,0.0015318513892261599,4,0,0.5822460084249834,True
73,A,gaussian_blur,"[0.0, 0.0, 0.0, 0.0, 0.0, 0.6458624733220939, 0.0, 0.3541375266779061, 0.0, 0.0]",1,1,"[{'active': [4, 5, 7], 'minimum': -0.20340945473212546, 'action': 'remove', 'coordinate': 4}, {'active': [5, 7], 'minimum': 0.3541375266779061, 'action': 'accept'}]",True,False,1.6046192152785466e-17,0.0008549511880645347,0.0013987293073025884,2,0,0.3952773107828129,True
73,B,clean,"[0.0, 0.005605403625941599, 0.0, 0.0, 0.0, 0.6458481007747907, 0.033737526392005945, 0.31480896920725976, 0.0, 0.0]",3,3,"[{'active': [4, 5, 7], 'minimum': -0.1619339052687767, 'action': 'remove', 'coordinate': 4}, {'active': [5, 7], 'minimum': 0.3283864982510727, 'action': 'add', 'coordinate': 6}, {'active': [5, 6, 7], 'minimum': 0.0331781539787106, 'action': 'add', 'coordinate': 1}, {'active': [1, 5, 6, 7], 'minimum': 0.005605403625941599, 'action': 'accept'}]",True,False,1.9984014443252818e-15,0.0008061698853453971,0.0018883475208785051,4,0,0.5239623412727523,True
73,B,brightness_dark,"[0.0, 0.00772537523631911, 0.0, 0.11364084055065415, 0.0, 0.4433146714314784, 0.09585260427777431, 0.3394665085037687, 0.0, 0.0]",3,3,"[{'active': [3, 4, 5, 7], 'minimum': -0.33224522034536597, 'action': 'remove', 'coordinate': 4}, {'active': [3, 5, 7], 'minimum': 0.10793869883272578, 'action': 'add', 'coordinate': 6}, {'active': [3, 5, 6, 7], 'minimum': 0.08960224764575075, 'action': 'add', 'coordinate': 1}, {'active': [1, 3, 5, 6, 7], 'minimum': 0.00772537523631911, 'action': 'accept'}]",True,False,5.5044131145459696e-15,0.0007670162488610779,0.0025462033031615422,5,0,1.0828247450821722,True
73,B,contrast_low,"[0.0, 0.0, 0.0, 0.0, 0.0, 0.8731131024869461, 0.12688689751305382, 0.0, 0.0, 0.0]",2,2,"[{'active': [4, 5], 'minimum': -0.11003372654017779, 'action': 'remove', 'coordinate': 4}, {'active': [5], 'minimum': 1.0, 'action': 'add', 'coordinate': 6}, {'active': [5, 6], 'minimum': 0.12688689751305382, 'action': 'accept'}]",True,False,1.1102230246251565e-16,0.0008600215192245887,0.0021164418384247282,2,0,0.7011357785168072,True
73,B,gaussian_noise,"[0.0, 0.011195068239366099, 0.0, 0.0, 0.0, 0.7136720599175939, 0.05150717596406029, 0.22362569587898085, 0.0, 0.0]",3,3,"[{'active': [4, 5, 7], 'minimum': -0.07541642662668302, 'action': 'remove', 'coordinate': 4}, {'active': [5, 7], 'minimum': 0.2445968636775514, 'action': 'add', 'coordinate': 6}, {'active': [5, 6, 7], 'minimum': 0.05053803674718593, 'action': 'add', 'coordinate': 1}, {'active': [1, 5, 6, 7], 'minimum': 0.011195068239366099, 'action': 'accept'}]",True,False,1.1102230246251565e-15,0.0005996922591576316,0.0014771771125197607,4,0,0.5937797235026128,True
73,B,gaussian_blur,"[0.0, 0.0, 0.0, 0.0, 0.0, 0.6417414507459558, 0.0, 0.3582585492540442, 0.0, 0.0]",1,1,"[{'active': [4, 5, 7], 'minimum': -0.20107453818455845, 'action': 'remove', 'coordinate': 4}, {'active': [5, 7], 'minimum': 0.3582585492540442, 'action': 'accept'}]",True,False,5.421010862427522e-18,0.000848832118404332,0.0014323086403295734,2,0,0.39521758165727705,True
74,A,clean,"[0.0, 0.0, 0.0, 0.0, 0.0, 0.0, 1.0, 0.0, 0.0, 0.0]",0,0,"[{'active': [6], 'minimum': 1.0, 'action': 'accept'}]",True,False,0.0,0.010415499250525066,0.010415499250525066,1,0,0.0,False
74,A,brightness_dark,"[0.0, 0.0, 0.0, 0.0, 0.0, 0.0, 1.0, 0.0, 0.0, 0.0]",0,0,"[{'active': [6], 'minimum': 1.0, 'action': 'accept'}]",True,False,0.0,0.00933456799578952,0.00933456799578952,1,0,0.0,False
74,A,contrast_low,"[0.0, 0.0, 0.0, 0.0, 0.0, 0.0, 1.0, 0.0, 0.0, 0.0]",1,1,"[{'active': [3, 6], 'minimum': -0.2818397138478086, 'action': 'remove', 'coordinate': 3}, {'active': [6], 'minimum': 1.0, 'action': 'accept'}]",True,False,0.0,0.002453858357056777,0.0025570213624526335,1,0,0.01764873645984022,True
74,A,gaussian_noise,"[0.0, 0.0, 0.0, 0.0, 0.0, 0.0, 1.0, 0.0, 0.0, 0.0]",0,0,"[{'active': [6], 'minimum': 1.0, 'action': 'accept'}]",True,False,0.0,0.012801734016648419,0.012801734016648419,1,0,0.0,False
74,A,gaussian_blur,"[0.0, 0.0, 0.0, 0.0, 0.0, 0.0, 1.0, 0.0, 0.0, 0.0]",0,0,"[{'active': [6], 'minimum': 1.0, 'action': 'accept'}]",True,False,0.0,0.008308792008082164,0.008308792008082164,1,0,0.0,False
74,B,clean,"[0.0, 0.0, 0.0, 0.0, 0.0, 0.0, 1.0, 0.0, 0.0, 0.0]",0,0,"[{'active': [6], 'minimum': 1.0, 'action': 'accept'}]",True,False,0.0,0.010415499250525066,0.010415499250525066,1,0,0.0,False
74,B,brightness_dark,"[0.0, 0.0, 0.0, 0.0, 0.0, 0.0, 1.0, 0.0, 0.0, 0.0]",0,0,"[{'active': [6], 'minimum': 1.0, 'action': 'accept'}]",True,False,0.0,0.009544916592528251,0.009544916592528251,1,0,0.0,False
74,B,contrast_low,"[0.0, 0.0, 0.0, 0.0, 0.0, 0.0, 1.0, 0.0, 0.0, 0.0]",1,1,"[{'active': [3, 6], 'minimum': -0.3069723438561405, 'action': 'remove', 'coordinate': 3}, {'active': [6], 'minimum': 1.0, 'action': 'accept'}]",True,False,0.0,0.002852663732329046,0.0030577437477354984,1,0,0.03273310824005851,True
74,B,gaussian_noise,"[0.0, 0.0, 0.0, 0.0, 0.0, 0.0, 1.0, 0.0, 0.0, 0.0]",0,0,"[{'active': [6], 'minimum': 1.0, 'action': 'accept'}]",True,False,0.0,0.012491392694040999,0.012491392694040999,1,0,0.0,False
74,B,gaussian_blur,"[0.0, 0.0, 0.0, 0.0, 0.0, 0.0, 1.0, 0.0, 0.0, 0.0]",0,0,"[{'active': [6], 'minimum': 1.0, 'action': 'accept'}]",True,False,0.0,0.008360104112725699,0.008360104112725699,1,0,0.0,False
75,A,clean,"[0.21513088339896935, 0.1347484221595039, 0.0, 0.2190030558176126, 0.0, 0.1919521869516565, 0.0, 0.0, 0.07202497082448289, 0.16714048084779165]",3,3,"[{'active': [0, 1, 3], 'minimum': 0.2717391365916535, 'action': 'add', 'coordinate': 8}, {'active': [0, 1, 3, 8], 'minimum': 0.09282706419596021, 'action': 'add', 'coordinate': 5}, {'active': [0, 1, 3, 5, 8], 'minimum': 0.10129632924894238, 'action': 'add', 'coordinate': 9}, {'active': [0, 1, 3, 5, 8, 9], 'minimum': 0.07202497082448289, 'action': 'accept'}]",True,False,1.687538997430238e-14,0.0017419866035064742,0.018783819965108185,6,0,1.135734701337979,True
75,A,brightness_dark,"[0.21666344961460915, 0.0, 0.0, 0.28522633081253934, 0.0, 0.07533914147319143, 0.02022930175938642, 0.0, 0.15564324076248148, 0.24689853557776686]",6,6,"[{'active': [0, 1, 3, 4], 'minimum': -0.5424314842079995, 'action': 'remove', 'coordinate': 4}, {'active': [0, 1, 3], 'minimum': 0.22250666557411936, 'action': 'add', 'coordinate': 8}, {'active': [0, 1, 3, 8], 'minimum': 0.17692416129472943, 'action': 'add', 'coordinate': 9}, {'active': [0, 1, 3, 8, 9], 'minimum': -0.3854674850906008, 'action': 'remove', 'coordinate': 1}, {'active': [0, 3, 8, 9], 'minimum': 0.1557820361860201, 'action': 'add', 'coordinate': 6}, {'active': [0, 3, 6, 8, 9], 'minimum': 0.009807624645111021, 'action': 'add', 'coordinate': 5}, {'active': [0, 3, 5, 6, 8, 9], 'minimum': 0.02022930175938642, 'action': 'accept'}]",True,False,2.531308496145357e-14,0.0012300432199567712,0.0037996420964754615,6,0,0.9962204391456777,True
75,A,contrast_low,"[0.21286848292261995, 0.0, 0.0, 0.22600677859253615, 0.0, 0.22260746753994454, 0.0, 0.0, 0.17151369449256304, 0.16700357645233144]",6,6,"[{'active': [0, 3, 4], 'minimum': -0.7191388746116072, 'action': 'remove', 'coordinate': 4}, {'active': [0, 3], 'minimum': 0.43184901776342893, 'action': 'add', 'coordinate': 1}, {'active': [0, 1, 3], 'minimum': 0.14676102817043724, 'action': 'add', 'coordinate': 8}, {'active': [0, 1, 3, 8], 'minimum': 0.12481822485375654, 'action': 'add', 'coordinate': 5}, {'active': [0, 1, 3, 5, 8], 'minimum': 0.1105973372743323, 'action': 'add', 'coordinate': 9}, {'active': [0, 1, 3, 5, 8, 9], 'minimum': -0.3177987819705663, 'action': 'remove', 'coordinate': 1}, {'active': [0, 3, 5, 8, 9], 'minimum': 0.16700357645233144, 'action': 'accept'}]",True,False,4.884981308350689e-15,0.00108314501828977,0.015693017767875496,5,0,1.228903287709093,True
75,A,gaussian_noise,"[0.2540795508252174, 0.02587841429865989, 0.0, 0.051840842139415866, 0.0, 0.3166119566534835, 0.0, 0.0, 0.0, 0.351589236083214]",5,5,"[{'active': [0, 1, 3, 4], 'minimum': -0.5495977176634416, 'action': 'remove', 'coordinate': 4}, {'active': [0, 1, 3], 'minimum': 0.28698775498294427, 'action': 'add', 'coordinate': 5}, {'active': [0, 1, 3, 5], 'minimum': 0.06118359661071188, 'action': 'add', 'coordinate': 8}, {'active': [0, 1, 3, 5, 8], 'minimum': 0.057614724575043574, 'action': 'add', 'coordinate': 9}, {'active': [0, 1, 3, 5, 8, 9], 'minimum': -0.004106044405162379, 'action': 'remove', 'coordinate': 8}, {'active': [0, 1, 3, 5, 9], 'minimum': 0.02587841429865989, 'action': 'accept'}]",True,False,9.325873406851315e-15,0.001492686406914568,0.01686909642113797,5,0,1.412174907117373,True
75,A,gaussian_blur,"[0.16155997230563024, 0.010378080913710619, 0.0, 0.12065461632716534, 0.0, 0.31428583235539875, 0.0, 0.0, 0.08396212253184032, 0.30915937556628137]",4,4,"[{'active': [0, 1, 3, 4], 'minimum': -0.6443347201964531, 'action': 'remove', 'coordinate': 4}, {'active': [0, 1, 3], 'minimum': 0.2627913406369997, 'action': 'add', 'coordinate': 8}, {'active': [0, 1, 3, 8], 'minimum': 0.10825994412773005, 'action': 'add', 'coordinate': 5}, {'active': [0, 1, 3, 5, 8], 'minimum': 0.1239003519847155, 'action': 'add', 'coordinate': 9}, {'active': [0, 1, 3, 5, 8, 9], 'minimum': 0.010378080913710619, 'action': 'accept'}]",True,False,2.6645352591003757e-14,0.001883866115279919,0.02285200841298191,6,0,1.4509439060613036,True
75,B,clean,"[0.21513088339896935, 0.1347484221595039, 0.0, 0.2190030558176126, 0.0, 0.1919521869516565, 0.0, 0.0, 0.07202497082448289, 0.16714048084779165]",3,3,"[{'active': [0, 1, 3], 'minimum': 0.2717391365916535, 'action': 'add', 'coordinate': 8}, {'active': [0, 1, 3, 8], 'minimum': 0.09282706419596021, 'action': 'add', 'coordinate': 5}, {'active': [0, 1, 3, 5, 8], 'minimum': 0.10129632924894238, 'action': 'add', 'coordinate': 9}, {'active': [0, 1, 3, 5, 8, 9], 'minimum': 0.07202497082448289, 'action': 'accept'}]",True,False,1.687538997430238e-14,0.0017419866035064742,0.018783819965108185,6,0,1.135734701337979,True
75,B,brightness_dark,"[0.21558896600305744, 0.0, 0.0, 0.3080792689463294, 0.0, 0.05980819395166126, 0.014205386729420788, 0.0, 0.1557035681306651, 0.246614616238922]",6,6,"[{'active': [0, 1, 3, 4], 'minimum': -0.5444067372992579, 'action': 'remove', 'coordinate': 4}, {'active': [0, 1, 3], 'minimum': 0.22207929246770175, 'action': 'add', 'coordinate': 8}, {'active': [0, 1, 3, 8], 'minimum': 0.17624777344837594, 'action': 'add', 'coordinate': 9}, {'active': [0, 1, 3, 8, 9], 'minimum': -0.40210332725473563, 'action': 'remove', 'coordinate': 1}, {'active': [0, 3, 8, 9], 'minimum': 0.15524599138033568, 'action': 'add', 'coordinate': 6}, {'active': [0, 3, 6, 8, 9], 'minimum': 0.006369560252983478, 'action': 'add', 'coordinate': 5}, {'active': [0, 3, 5, 6, 8, 9], 'minimum': 0.014205386729420788, 'action': 'accept'}]",True,False,5.595524044110789e-14,0.0012522094178091631,0.003962573443257029,6,0,0.9526635301012822,True
75,B,contrast_low,"[0.1218603462475576, 0.0, 0.0, 0.1475008693083968, 0.0, 0.30586563519131715, 0.0, 0.0, 0.25535438616656947, 0.1694187630861892]",6,6,"[{'active': [0, 3, 4], 'minimum': -0.7585950097838037, 'action': 'remove', 'coordinate': 4}, {'active': [0, 3], 'minimum': 0.41000919873599206, 'action': 'add', 'coordinate': 1}, {'active': [0, 1, 3], 'minimum': 0.1595355756461978, 'action': 'add', 'coordinate': 8}, {'active': [0, 1, 3, 8], 'minimum': 0.1325115682938445, 'action': 'add', 'coordinate': 5}, {'active': [0, 1, 3, 5, 8], 'minimum': 0.10616506411005133, 'action': 'add', 'coordinate': 9}, {'active': [0, 1, 3, 5, 8, 9], 'minimum': -0.44970742715486267, 'action': 'remove', 'coordinate': 1}, {'active': [0, 3, 5, 8, 9], 'minimum': 0.1218603462475576, 'action': 'accept'}]",True,False,3.019806626980426e-14,0.001000837513335371,0.01783729981873165,5,0,1.4612775688881217,True
75,B,gaussian_noise,"[0.24444139518121766, 0.02499814165173575, 0.0, 0.04687000250161333, 0.0, 0.3241939877785338, 0.0, 0.0, 0.006649037225994192, 0.3528474356609195]",4,4,"[{'active': [0, 1, 3, 4], 'minimum': -0.5688499566547592, 'action': 'remove', 'coordinate': 4}, {'active': [0, 1, 3], 'minimum': 0.286455203690573, 'action': 'add', 'coordinate': 5}, {'active': [0, 1, 3, 5], 'minimum': 0.05872969811226908, 'action': 'add', 'coordinate': 8}, {'active': [0, 1, 3, 5, 8], 'minimum': 0.06574597337000254, 'action': 'add', 'coordinate': 9}, {'active': [0, 1, 3, 5, 8, 9], 'minimum': 0.006649037225994192, 'action': 'accept'}]",True,False,1.4210854715202004e-14,0.001460231153927383,0.016957197587412983,6,0,1.4190688620907568,True
75,B,gaussian_blur,"[0.158774878205598, 0.0, 0.0, 0.11364014520193033, 0.0, 0.32204918263744253, 0.0, 0.0, 0.08621679957849038, 0.3193189943765371]",5,5,"[{'active': [0, 1, 3, 4], 'minimum': -0.6473061174870919, 'action': 'remove', 'coordinate': 4}, {'active': [0, 1, 3], 'minimum': 0.26162343961785517, 'action': 'add', 'coordinate': 8}, {'active': [0, 1, 3, 8], 'minimum': 0.10843185774503722, 'action': 'add', 'coordinate': 5}, {'active': [0, 1, 3, 5, 8], 'minimum': 0.11422455451271163, 'action': 'add', 'coordinate': 9}, {'active': [0, 1, 3, 5, 8, 9], 'minimum': -0.008849749755057701, 'action': 'remove', 'coordinate': 1}, {'active': [0, 3, 5, 8, 9], 'minimum': 0.08621679957849038, 'action': 'accept'}]",True,False,1.6653345369377348e-15,0.0018530975111140558,0.022548439725638757,5,0,1.4767823569150158,True
76,A,clean,"[0.11683098692608673, 0.0, 0.14913275423031497, 0.0, 0.0, 0.0, 0.22384048559028763, 0.510195773253312, 0.0, 0.0]",4,4,"[{'active': [0, 4, 5, 6, 7, 9], 'minimum': -0.14430373842945876, 'action': 'remove', 'coordinate': 5}, {'active': [0, 4, 6, 7, 9], 'minimum': -0.044483642428445824, 'action': 'remove', 'coordinate': 9}, {'active': [0, 4, 6, 7], 'minimum': 0.12244999926097483, 'action': 'add', 'coordinate': 2}, {'active': [0, 2, 4, 6, 7], 'minimum': -0.25417893792025126, 'action': 'remove', 'coordinate': 4}, {'active': [0, 2, 6, 7], 'minimum': 0.11683098692608673, 'action': 'accept'}]",True,False,1.3322676295501878e-15,0.00025033597716998823,0.0008542692221168402,4,0,0.41334527237544944,True
76,A,brightness_dark,"[0.11150258818377856, 0.0, 0.23814087339260614, 0.0, 0.0, 0.0, 0.25526114521295484, 0.39509539321065956, 0.0, 0.0]",2,2,"[{'active': [0, 2, 5, 6, 7, 9], 'minimum': -0.034495406775553406, 'action': 'remove', 'coordinate': 5}, {'active': [0, 2, 6, 7, 9], 'minimum': -0.02880803766763851, 'action': 'remove', 'coordinate': 9}, {'active': [0, 2, 6, 7], 'minimum': 0.11150258818377856, 'action': 'accept'}]",True,False,8.881784197001252e-16,6.72835629889421e-05,0.0006793137266350882,4,0,0.3907754084294512,True
76,A,contrast_low,"[0.10631031620240161, 0.0, 0.3405108490308475, 0.0, 0.0, 0.0, 0.31889748659873207, 0.2342813481680166, 0.0, 0.0]",2,2,"[{'active': [0, 2, 5, 6, 7, 9], 'minimum': -0.12985789779315038, 'action': 'remove', 'coordinate': 9}, {'active': [0, 2, 5, 6, 7], 'minimum': -0.1279996388774478, 'action': 'remove', 'coordinate': 5}, {'active': [0, 2, 6, 7], 'minimum': 0.10631031620240161, 'action': 'accept'}]",True,False,2.220446049250313e-15,0.00026954865149318865,0.0013520200439290626,4,0,0.639396074600798,True
76,A,gaussian_noise,"[0.1501250390055947, 0.0, 0.10964197040020451, 0.0, 0.0, 0.0, 0.25625641506595087, 0.48397657552825124, 0.0, 0.0]",2,2,"[{'active': [0, 4, 6, 7], 'minimum': 0.1456136476689665, 'action': 'add', 'coordinate': 2}, {'active': [0, 2, 4, 6, 7], 'minimum': -0.13986712236611964, 'action': 'remove', 'coordinate': 4}, {'active': [0, 2, 6, 7], 'minimum': 0.10964197040020451, 'action': 'accept'}]",True,False,1.3322676295501878e-15,0.000471298771994522,0.001093355194019664,4,0,0.5583555716897115,True
76,A,gaussian_blur,"[0.10390933221651544, 0.0, 0.18571213551016008, 0.0, 0.0, 0.0, 0.22836838353098632, 0.46571178971720806, 0.016298359025133102, 0.0]",5,5,"[{'active': [0, 4, 5, 6, 7, 9], 'minimum': -0.10452762236002267, 'action': 'remove', 'coordinate': 9}, {'active': [0, 4, 5, 6, 7], 'minimum': -0.08473066960595776, 'action': 'remove', 'coordinate': 5}, {'active': [0, 4, 6, 7], 'minimum': 0.12872874172966847, 'action': 'add', 'coordinate': 2}, {'active': [0, 2, 4, 6, 7], 'minimum': -0.2548710934036009, 'action': 'remove', 'coordinate': 4}, {'active': [0, 2, 6, 7], 'minimum': 0.12584380049366262, 'action': 'add', 'coordinate': 8}, {'active': [0, 2, 6, 7, 8], 'minimum': 0.016298359025133102, 'action': 'accept'}]",True,False,3.1086244689504383e-15,0.000461135939513763,0.0017540411638362911,5,0,0.528625574738634,True
76,B,clean,"[0.11683098692608673, 0.0, 0.14913275423031497, 0.0, 0.0, 0.0, 0.22384048559028763, 0.510195773253312, 0.0, 0.0]",4,4,"[{'active': [0, 4, 5, 6, 7, 9], 'minimum': -0.14430373842945876, 'action': 'remove', 'coordinate': 5}, {'active': [0, 4, 6, 7, 9], 'minimum': -0.044483642428445824, 'action': 'remove', 'coordinate': 9}, {'active': [0, 4, 6, 7], 'minimum': 0.12244999926097483, 'action': 'add', 'coordinate': 2}, {'active': [0, 2, 4, 6, 7], 'minimum': -0.25417893792025126, 'action': 'remove', 'coordinate': 4}, {'active': [0, 2, 6, 7], 'minimum': 0.11683098692608673, 'action': 'accept'}]",True,False,1.3322676295501878e-15,0.00025033597716998823,0.0008542692221168402,4,0,0.41334527237544944,True
76,B,brightness_dark,"[0.11065921863242556, 0.0, 0.24041054637227377, 0.0, 0.0, 0.0, 0.2542647925488192, 0.3946654424464804, 0.0, 0.0]",2,2,"[{'active': [0, 2, 5, 6, 7, 9], 'minimum': -0.028851780072715272, 'action': 'remove', 'coordinate': 5}, {'active': [0, 2, 6, 7, 9], 'minimum': -0.027425667392842135, 'action': 'remove', 'coordinate': 9}, {'active': [0, 2, 6, 7], 'minimum': 0.11065921863242556, 'action': 'accept'}]",True,False,1.1102230246251565e-15,6.658126837689951e-05,0.0005649051180317389,4,0,0.4030854758922765,True
76,B,contrast_low,"[0.08150840350935074, 0.0, 0.37362718026886305, 0.0, 0.0, 0.0, 0.3025494118058621, 0.24231500441592413, 0.0, 0.0]",2,2,"[{'active': [0, 2, 5, 6, 7, 9], 'minimum': -0.1362623509624532, 'action': 'remove', 'coordinate': 9}, {'active': [0, 2, 5, 6, 7], 'minimum': -0.11209409569911344, 'action': 'remove', 'coordinate': 5}, {'active': [0, 2, 6, 7], 'minimum': 0.08150840350935074, 'action': 'accept'}]",True,False,3.382710778154774e-17,0.000291351744505276,0.0025477938702007405,4,0,0.5749368920498779,True
76,B,gaussian_noise,"[0.14901299609280638, 0.0, 0.11189358471185257, 0.0, 0.0, 0.0, 0.2546497332510908, 0.4844436859442498, 0.0, 0.0]",2,2,"[{'active': [0, 4, 6, 7], 'minimum': 0.1484490907931934, 'action': 'add', 'coordinate': 2}, {'active': [0, 2, 4, 6, 7], 'minimum': -0.1741841035936318, 'action': 'remove', 'coordinate': 4}, {'active': [0, 2, 6, 7], 'minimum': 0.11189358471185257, 'action': 'accept'}]",True,False,4.440892098500626e-16,0.00045315693963767975,0.0010673470494563392,4,0,0.5651540292408428,True
76,B,gaussian_blur,"[0.10917668364834832, 0.0, 0.18579489042132513, 0.0, 0.0, 0.0, 0.22992890283497613, 0.46403919072025124, 0.011060332375098625, 0.0]",5,5,"[{'active': [0, 4, 5, 6, 7, 9], 'minimum': -0.10599710277681346, 'action': 'remove', 'coordinate': 9}, {'active': [0, 4, 5, 6, 7], 'minimum': -0.08778681537277055, 'action': 'remove', 'coordinate': 5}, {'active': [0, 4, 6, 7], 'minimum': 0.12730308235738225, 'action': 'add', 'coordinate': 2}, {'active': [0, 2, 4, 6, 7], 'minimum': -0.2935498255623372, 'action': 'remove', 'coordinate': 4}, {'active': [0, 2, 6, 7], 'minimum': 0.12404429031006645, 'action': 'add', 'coordinate': 8}, {'active': [0, 2, 6, 7, 8], 'minimum': 0.011060332375098625, 'action': 'accept'}]",True,False,5.551115123125783e-16,0.00047304812120573756,0.001848969671265074,5,0,0.5186420419579436,True
77,A,clean,"[0.3801585770879987, 0.1560589325293804, 0.46378249038262065, 0.0, 0.0, 0.0, 0.0, 0.0, 0.0, 0.0]",2,2,"[{'active': [0, 2, 3], 'minimum': -0.050821062860049615, 'action': 'remove', 'coordinate': 3}, {'active': [0, 2], 'minimum': 0.4482811929491607, 'action': 'add', 'coordinate': 1}, {'active': [0, 1, 2], 'minimum': 0.1560589325293804, 'action': 'accept'}]",True,False,2.220446049250313e-16,0.001056583080900095,0.011618806473578826,3,0,0.603889693202585,True
77,A,brightness_dark,"[0.4297843394808768, 0.12309306912243023, 0.4471225913966931, 0.0, 0.0, 0.0, 0.0, 0.0, 0.0, 0.0]",2,2,"[{'active': [0, 2, 3], 'minimum': -0.1415460479578865, 'action': 'remove', 'coordinate': 3}, {'active': [0, 2], 'minimum': 0.43587376370418984, 'action': 'add', 'coordinate': 1}, {'active': [0, 1, 2], 'minimum': 0.12309306912243023, 'action': 'accept'}]",True,False,1.5178830414797062e-18,0.0019187480892481393,0.014446940730612349,3,0,0.7175321584282562,True
77,A,contrast_low,"[0.4000878579808156, 0.18184092405587737, 0.4180712179633068, 0.0, 0.0, 0.0, 0.0, 0.0, 0.0, 0.0]",3,3,"[{'active': [0, 2, 3, 9], 'minimum': -0.2991142199939534, 'action': 'remove', 'coordinate': 3}, {'active': [0, 2, 9], 'minimum': 0.23633765817607255, 'action': 'add', 'coordinate': 1}, {'active': [0, 1, 2, 9], 'minimum': -0.5944432574656955, 'action': 'remove', 'coordinate': 9}, {'active': [0, 1, 2], 'minimum': 0.18184092405587737, 'action': 'accept'}]",True,False,2.220446049250313e-16,0.0016406716263809033,0.011758068370426394,3,0,0.6775707422317969,True
77,A,gaussian_noise,"[0.3411407491041516, 0.1730011810341867, 0.4858580698616619, 0.0, 0.0, 0.0, 0.0, 0.0, 0.0, 0.0]",2,2,"[{'active': [0, 2, 3], 'minimum': -0.03881183219227946, 'action': 'remove', 'coordinate': 3}, {'active': [0, 2], 'minimum': 0.47044288183327265, 'action': 'add', 'coordinate': 1}, {'active': [0, 1, 2], 'minimum': 0.1730011810341867, 'action': 'accept'}]",True,False,2.220446049250313e-16,0.001057237214927449,0.013335943448603215,3,0,0.7140606858126579,True
77,A,gaussian_blur,"[0.37742406884718765, 0.16230073523678423, 0.4556671117722176, 0.0, 0.0, 0.0, 0.0, 0.004608084143810753, 0.0, 0.0]",2,2,"[{'active': [0, 1, 2, 3], 'minimum': -0.1659830905714722, 'action': 'remove', 'coordinate': 3}, {'active': [0, 1, 2], 'minimum': 0.16297072799510226, 'action': 'add', 'coordinate': 7}, {'active': [0, 1, 2, 7], 'minimum': 0.004608084143810753, 'action': 'accept'}]",True,False,2.220446049250313e-16,0.001209242094061463,0.006569035824492171,4,0,0.37967021812787116,True
77,B,clean,"[0.3801585770879987, 0.1560589325293804, 0.46378249038262065, 0.0, 0.0, 0.0, 0.0, 0.0, 0.0, 0.0]",2,2,"[{'active': [0, 2, 3], 'minimum': -0.050821062860049615, 'action': 'remove', 'coordinate': 3}, {'active': [0, 2], 'minimum': 0.4482811929491607, 'action': 'add', 'coordinate': 1}, {'active': [0, 1, 2], 'minimum': 0.1560589325293804, 'action': 'accept'}]",True,False,2.220446049250313e-16,0.001056583080900095,0.011618806473578826,3,0,0.603889693202585,True
77,B,brightness_dark,"[0.43089173196358765, 0.1224887499991344, 0.44661951803727773, 0.0, 0.0, 0.0, 0.0, 0.0, 0.0, 0.0]",2,2,"[{'active': [0, 2, 3], 'minimum': -0.1401439282975483, 'action': 'remove', 'coordinate': 3}, {'active': [0, 2], 'minimum': 0.43694682067357804, 'action': 'add', 'coordinate': 1}, {'active': [0, 1, 2], 'minimum': 0.1224887499991344, 'action': 'accept'}]",True,False,2.220446049250313e-16,0.0019733586457930745,0.015330519579249278,3,0,0.7460015323780456,True
77,B,contrast_low,"[0.42266538824640043, 0.16030607347948167, 0.4170285382741178, 0.0, 0.0, 0.0, 0.0, 0.0, 0.0, 0.0]",2,2,"[{'active': [0, 2, 3], 'minimum': 0.044316488339145366, 'action': 'add', 'coordinate': 1}, {'active': [0, 1, 2, 3], 'minimum': -0.2452622201093504, 'action': 'remove', 'coordinate': 3}, {'active': [0, 1, 2], 'minimum': 0.16030607347948167, 'action': 'accept'}]",True,False,1.1102230246251565e-16,0.0017456914659967889,0.00864361518826174,3,0,0.5197452726148521,True
77,B,gaussian_noise,"[0.3381716804336605, 0.17674496805334128, 0.48508335151299764, 0.0, 0.0, 0.0, 0.0, 0.0, 0.0, 0.0]",2,2,"[{'active': [0, 2, 3], 'minimum': -0.03890234924981151, 'action': 'remove', 'coordinate': 3}, {'active': [0, 2], 'minimum': 0.4688715444274693, 'action': 'add', 'coordinate': 1}, {'active': [0, 1, 2], 'minimum': 0.17674496805334128, 'action': 'accept'}]",True,False,5.551115123125783e-16,0.0010922158909267234,0.013775042433323479,3,0,0.7265742743889243,True
77,B,gaussian_blur,"[0.37608146425400446, 0.16310479909430448, 0.4538966522083249, 0.0, 0.0, 0.0, 0.0, 0.006917084443365029, 0.0, 0.0]",2,2,"[{'active': [0, 1, 2, 3], 'minimum': -0.1661196841621445, 'action': 'remove', 'coordinate': 3}, {'active': [0, 1, 2], 'minimum': 0.16411605499341686, 'action': 'add', 'coordinate': 7}, {'active': [0, 1, 2, 7], 'minimum': 0.006917084443365029, 'action': 'accept'}]",True,False,1.1102230246251565e-15,0.001233828469881509,0.006470697000968363,4,0,0.3794185877666777,True
78,A,clean,"[0.0, 0.016196422124011817, 0.36279308982171, 0.0, 0.0, 0.6210104880542779, 0.0, 0.0, 0.0, 0.0]",2,2,"[{'active': [2, 5, 9], 'minimum': 0.01863041155481371, 'action': 'add', 'coordinate': 1}, {'active': [1, 2, 5, 9], 'minimum': -0.03537738437925575, 'action': 'remove', 'coordinate': 9}, {'active': [1, 2, 5], 'minimum': 0.016196422124011817, 'action': 'accept'}]",True,False,2.220446049250313e-16,0.00011556000850973798,0.00022687244883803928,3,0,0.20116857859015375,True
78,A,brightness_dark,"[0.0, 0.01613551944887899, 0.3607442407452595, 0.0, 0.0, 0.6218408705382168, 0.0, 0.0, 0.0012793692676446033, 0.0]",3,3,"[{'active': [2, 4, 5], 'minimum': -0.28139752610502455, 'action': 'remove', 'coordinate': 4}, {'active': [2, 5], 'minimum': 0.3693888069064085, 'action': 'add', 'coordinate': 1}, {'active': [1, 2, 5], 'minimum': 0.01703547973406297, 'action': 'add', 'coordinate': 8}, {'active': [1, 2, 5, 8], 'minimum': 0.0012793692676446033, 'action': 'accept'}]",True,False,1.1385478063813403e-16,4.789306828039545e-05,0.0007404064378448606,4,0,0.4974104137190134,True
78,A,contrast_low,"[0.0, 0.045823677812146774, 0.3727882564182948, 0.0, 0.0, 0.5532565732734754, 0.0, 0.0, 0.028131492496082433, 0.0]",2,2,"[{'active': [2, 5], 'minimum': 0.373569495550503, 'action': 'add', 'coordinate': 1}, {'active': [1, 2, 5], 'minimum': 0.06888303689696695, 'action': 'add', 'coordinate': 8}, {'active': [1, 2, 5, 8], 'minimum': 0.028131492496082433, 'action': 'accept'}]",True,False,4.440892098500626e-16,0.00036914926703356815,0.0011083441401688345,4,0,0.4392928661043464,True
78,A,gaussian_noise,"[0.0, 0.0, 0.3781912458442955, 0.0, 0.0, 0.6218087541557046, 0.0, 0.0, 0.0, 0.0]",1,1,"[{'active': [2, 5, 9], 'minimum': -0.0049131532203031125, 'action': 'remove', 'coordinate': 9}, {'active': [2, 5], 'minimum': 0.3781912458442955, 'action': 'accept'}]",True,False,1.951563910473908e-18,0.0001323731722551877,0.0002917943389700374,2,0,0.12499636381184778,True
78,A,gaussian_blur,"[0.0, 0.008286000254288897, 0.37948257577569144, 0.0, 0.0, 0.6122314239700213, 0.0, 0.0, 0.0, 0.0]",3,3,"[{'active': [2, 4, 5, 9], 'minimum': -0.13849149111694284, 'action': 'remove', 'coordinate': 4}, {'active': [2, 5, 9], 'minimum': 0.009222552259650213, 'action': 'add', 'coordinate': 1}, {'active': [1, 2, 5, 9], 'minimum': -0.04596663665580625, 'action': 'remove', 'coordinate': 9}, {'active': [1, 2, 5], 'minimum': 0.008286000254288897, 'action': 'accept'}]",True,False,1.5543122344752192e-15,0.00016999002498938737,0.00039676665651923465,3,0,0.2244240884291442,True
78,B,clean,"[0.0, 0.016196422124011817, 0.36279308982171, 0.0, 0.0, 0.6210104880542779, 0.0, 0.0, 0.0, 0.0]",2,2,"[{'active': [2, 5, 9], 'minimum': 0.01863041155481371, 'action': 'add', 'coordinate': 1}, {'active': [1, 2, 5, 9], 'minimum': -0.03537738437925575, 'action': 'remove', 'coordinate': 9}, {'active': [1, 2, 5], 'minimum': 0.016196422124011817, 'action': 'accept'}]",True,False,2.220446049250313e-16,0.00011556000850973798,0.00022687244883803928,3,0,0.20116857859015375,True
78,B,brightness_dark,"[0.0, 0.014417587335210216, 0.3608517356767051, 0.0, 0.0, 0.6224161098745967, 0.0, 0.0, 0.0023145671134880974, 0.0]",3,3,"[{'active': [2, 4, 5], 'minimum': -0.2679872913336965, 'action': 'remove', 'coordinate': 4}, {'active': [2, 5], 'minimum': 0.370359522314245, 'action': 'add', 'coordinate': 1}, {'active': [1, 2, 5], 'minimum': 0.016046673993491745, 'action': 'add', 'coordinate': 8}, {'active': [1, 2, 5, 8], 'minimum': 0.0023145671134880974, 'action': 'accept'}]",True,False,2.2516168617092713e-16,4.6059671225278187e-05,0.0006802864111044771,4,0,0.4569448848440021,True
78,B,contrast_low,"[0.0017170542730688965, 0.0578632734126312, 0.39712790306460555, 0.0, 0.0, 0.5147594456005375, 0.0, 0.0, 0.0285323236491557, 0.0]",3,3,"[{'active': [2, 5], 'minimum': 0.38090028607881277, 'action': 'add', 'coordinate': 1}, {'active': [1, 2, 5], 'minimum': 0.08169307122016711, 'action': 'add', 'coordinate': 8}, {'active': [1, 2, 5, 8], 'minimum': 0.029878833169105057, 'action': 'add', 'coordinate': 0}, {'active': [0, 1, 2, 5, 8], 'minimum': 0.0017170542730688965, 'action': 'accept'}]",True,False,1.1102230246251565e-15,0.00026640562377494906,0.0014714552859940895,5,0,0.6524201518434992,True
78,B,gaussian_noise,"[0.0, 0.0, 0.374665816189797, 0.0, 0.0, 0.625334183810203, 0.0, 0.0, 0.0, 0.0]",1,1,"[{'active': [2, 5, 9], 'minimum': -0.00452463933093189, 'action': 'remove', 'coordinate': 9}, {'active': [2, 5], 'minimum': 0.374665816189797, 'action': 'accept'}]",True,False,6.071532165918825e-18,0.00012197361568350489,0.0002973871057149204,2,0,0.12261599159512995,True
78,B,gaussian_blur,"[0.0, 0.00958197928476548, 0.37790754419405226, 0.0, 0.0, 0.6122782510454471, 0.0, 0.00023222547573609198, 0.0, 0.0]",4,4,"[{'active': [2, 4, 5, 9], 'minimum': -0.146053650113723, 'action': 'remove', 'coordinate': 4}, {'active': [2, 5, 9], 'minimum': 0.010707904700321347, 'action': 'add', 'coordinate': 1}, {'active': [1, 2, 5, 9], 'minimum': -0.053036788684267755, 'action': 'remove', 'coordinate': 9}, {'active': [1, 2, 5], 'minimum': 0.009605253140146444, 'action': 'add', 'coordinate': 7}, {'active': [1, 2, 5, 7], 'minimum': 0.00023222547573609198, 'action': 'accept'}]",True,False,8.881784197001252e-16,0.00017998378026978768,0.00039781139714019224,4,0,0.23081227261747328,True
79,A,clean,"[0.0, 0.0656998565629185, 0.6273940441291819, 0.0, 0.22287456284949347, 0.0, 0.0, 0.08403153645840189, 0.0, 0.0]",4,4,"[{'active': [2, 4, 5, 9], 'minimum': 0.02055586383562913, 'action': 'add', 'coordinate': 1}, {'active': [1, 2, 4, 5, 9], 'minimum': -0.3902868683280474, 'action': 'remove', 'coordinate': 9}, {'active': [1, 2, 4, 5], 'minimum': 0.0259952906083607, 'action': 'add', 'coordinate': 7}, {'active': [1, 2, 4, 5, 7], 'minimum': -0.01395087445238019, 'action': 'remove', 'coordinate': 5}, {'active': [1, 2, 4, 7], 'minimum': 0.0656998565629185, 'action': 'accept'}]",True,False,4.218847493575595e-15,0.0007168055228620577,0.001111092654811693,4,0,0.615305006220775,True
79,A,brightness_dark,"[0.0, 0.0396722502772993, 0.7317125374692742, 0.0, 0.1353566712796438, 0.0, 0.0, 0.09325854097374453, 0.0, 0.0]",4,4,"[{'active': [2, 4, 5, 9], 'minimum': 0.021345959107972906, 'action': 'add', 'coordinate': 1}, {'active': [1, 2, 4, 5, 9], 'minimum': -0.5188546385143695, 'action': 'remove', 'coordinate': 9}, {'active': [1, 2, 4, 5], 'minimum': 0.0176634664149265, 'action': 'add', 'coordinate': 7}, {'active': [1, 2, 4, 5, 7], 'minimum': -0.02862024314013034, 'action': 'remove', 'coordinate': 5}, {'active': [1, 2, 4, 7], 'minimum': 0.0396722502772993, 'action': 'accept'}]",True,False,3.8191672047105385e-14,0.0007997268974959581,0.001294691442295135,4,0,0.5024905882578461,True
79,A,contrast_low,"[0.0, 0.15405348516550532, 0.015226195452648028, 0.0, 0.8307203193818538, 0.0, 0.0, 0.0, 0.0, 0.0]",0,0,"[{'active': [1, 2, 4], 'minimum': 0.015226195452648028, 'action': 'accept'}]",True,False,7.105427357601002e-15,0.0011039407744480772,0.0014766566658742943,3,0,0.8117588515995056,True
79,A,gaussian_noise,"[0.0, 0.06959203496871114, 0.522386653832235, 0.0, 0.38145861814056947, 0.0, 0.0, 0.026562693058491238, 0.0, 0.0]",3,3,"[{'active': [2, 4, 9], 'minimum': 0.07893264102303815, 'action': 'add', 'coordinate': 1}, {'active': [1, 2, 4, 9], 'minimum': -0.3586403075623066, 'action': 'remove', 'coordinate': 9}, {'active': [1, 2, 4], 'minimum': 0.07283710402427004, 'action': 'add', 'coordinate': 7}, {'active': [1, 2, 4, 7], 'minimum': 0.026562693058491238, 'action': 'accept'}]",True,False,6.8833827526759706e-15,0.0005928224997240001,0.0011092244938036317,4,0,0.5684081509686238,True
79,A,gaussian_blur,"[0.0, 0.07251507620233569, 0.4349511344201318, 0.0, 0.46365944550434623, 0.0, 0.0, 0.028874343873176667, 0.0, 0.0]",4,4,"[{'active': [2, 4, 5, 9], 'minimum': -0.012633541574880724, 'action': 'remove', 'coordinate': 5}, {'active': [2, 4, 9], 'minimum': 0.08431387027513326, 'action': 'add', 'coordinate': 1}, {'active': [1, 2, 4, 9], 'minimum': -0.37388455362044404, 'action': 'remove', 'coordinate': 9}, {'active': [1, 2, 4], 'minimum': 0.0758129698558978, 'action': 'add', 'coordinate': 7}, {'active': [1, 2, 4, 7], 'minimum': 0.028874343873176667, 'action': 'accept'}]",True,False,9.658940314238862e-15,0.000557569119517388,0.0011700225749666324,4,0,0.23925957097714465,True
79,B,clean,"[0.0, 0.0656998565629185, 0.6273940441291819, 0.0, 0.22287456284949347, 0.0, 0.0, 0.08403153645840189, 0.0, 0.0]",4,4,"[{'active': [2, 4, 5, 9], 'minimum': 0.02055586383562913, 'action': 'add', 'coordinate': 1}, {'active': [1, 2, 4, 5, 9], 'minimum': -0.3902868683280474, 'action': 'remove', 'coordinate': 9}, {'active': [1, 2, 4, 5], 'minimum': 0.0259952906083607, 'action': 'add', 'coordinate': 7}, {'active': [1, 2, 4, 5, 7], 'minimum': -0.01395087445238019, 'action': 'remove', 'coordinate': 5}, {'active': [1, 2, 4, 7], 'minimum': 0.0656998565629185, 'action': 'accept'}]",True,False,4.218847493575595e-15,0.0007168055228620577,0.001111092654811693,4,0,0.615305006220775,True
79,B,brightness_dark,"[0.0, 0.04087809327109651, 0.7193921542366397, 0.0, 0.14054712817228035, 0.0, 0.0, 0.09918262431997982, 0.0, 0.0]",4,4,"[{'active': [2, 4, 5, 9], 'minimum': 0.019150277109319103, 'action': 'add', 'coordinate': 1}, {'active': [1, 2, 4, 5, 9], 'minimum': -0.4994496349466999, 'action': 'remove', 'coordinate': 9}, {'active': [1, 2, 4, 5], 'minimum': 0.016532350768874104, 'action': 'add', 'coordinate': 7}, {'active': [1, 2, 4, 5, 7], 'minimum': -0.030135438678822624, 'action': 'remove', 'coordinate': 5}, {'active': [1, 2, 4, 7], 'minimum': 0.04087809327109651, 'action': 'accept'}]",True,False,3.6637359812630166e-15,0.000805026122836589,0.00128457062579902,4,0,0.574256151118501,True
79,B,contrast_low,"[0.0, 0.15722108555697623, 0.12227104893435126, 0.0, 0.7205078655086652, 0.0, 0.0, 0.0, 0.0, 0.0]",0,0,"[{'active': [1, 2, 4], 'minimum': 0.12227104893435126, 'action': 'accept'}]",True,False,7.327471962526033e-15,0.0011265148103022,0.0015847028734013203,3,0,0.663910602509932,True
79,B,gaussian_noise,"[0.0, 0.06835505930008631, 0.5083148960940026, 0.0, 0.39523068339253825, 0.0, 0.0, 0.028099361213367313, 0.0, 0.0]",3,3,"[{'active': [2, 4, 9], 'minimum': 0.07813456061665769, 'action': 'add', 'coordinate': 1}, {'active': [1, 2, 4, 9], 'minimum': -0.34249541894673996, 'action': 'remove', 'coordinate': 9}, {'active': [1, 2, 4], 'minimum': 0.07171423154022549, 'action': 'add', 'coordinate': 7}, {'active': [1, 2, 4, 7], 'minimum': 0.028099361213367313, 'action': 'accept'}]",True,False,5.551115123125783e-15,0.0005251456128843072,0.0011273502220089833,4,0,0.574045711068251,True
79,B,gaussian_blur,"[0.0, 0.0726737126466532, 0.4417221682473382, 0.0, 0.45191831439082364, 0.0, 0.0, 0.03368580471517579, 0.0, 0.0]",4,4,"[{'active': [2, 4, 5, 9], 'minimum': -0.009778424874590463, 'action': 'remove', 'coordinate': 5}, {'active': [2, 4, 9], 'minimum': 0.08540994203343782, 'action': 'add', 'coordinate': 1}, {'active': [1, 2, 4, 9], 'minimum': -0.3693155694808272, 'action': 'remove', 'coordinate': 9}, {'active': [1, 2, 4], 'minimum': 0.07662162275238588, 'action': 'add', 'coordinate': 7}, {'active': [1, 2, 4, 7], 'minimum': 0.03368580471517579, 'action': 'accept'}]",True,False,9.2148511043888e-15,0.0005628245971661413,0.0011382533879036587,4,0,0.2310882082621733,True
80,A,clean,"[0.0, 0.0, 0.0, 0.0, 0.0, 0.0, 0.9802216430268618, 0.019778356973138234, 0.0, 0.0]",0,0,"[{'active': [6, 7], 'minimum': 0.019778356973138234, 'action': 'accept'}]",True,False,3.426078865054194e-17,0.0011048106424112964,0.002977020507896905,2,0,0.3471709310796214,True
80,A,brightness_dark,"[0.0, 0.0, 0.0, 0.0, 0.006096203006005219, 0.0, 0.9318515320990963, 0.062052264894902454, 0.0, 0.0]",1,1,"[{'active': [6, 7], 'minimum': 0.06705165277440162, 'action': 'add', 'coordinate': 4}, {'active': [4, 6, 7], 'minimum': 0.006096203006005219, 'action': 'accept'}]",True,False,3.9968028886505635e-15,0.0011997587522265681,0.0025087288598101038,3,0,0.3379041693822761,True
80,A,contrast_low,"[0.0, 0.0, 0.0862289078517442, 0.0, 0.0, 0.0, 0.9137710921482558, 0.0, 0.0, 0.0]",2,2,"[{'active': [6, 7], 'minimum': 0.06430381757527726, 'action': 'add', 'coordinate': 2}, {'active': [2, 6, 7], 'minimum': -0.1470600155751689, 'action': 'remove', 'coordinate': 7}, {'active': [2, 6], 'minimum': 0.0862289078517442, 'action': 'accept'}]",True,False,7.37257477290143e-18,0.0006398292576663366,0.0013790318638936966,2,0,0.43678593236522134,True
80,A,gaussian_noise,"[0.0, 0.0, 0.0, 0.0, 0.080440698766306, 0.0, 0.9195593012336941, 0.0, 0.0, 0.0]",5,5,"[{'active': [3, 6, 7], 'minimum': -0.04790484138965212, 'action': 'remove', 'coordinate': 3}, {'active': [6, 7], 'minimum': 0.05570822072880999, 'action': 'add', 'coordinate': 2}, {'active': [2, 6, 7], 'minimum': -0.008003866194330023, 'action': 'remove', 'coordinate': 7}, {'active': [2, 6], 'minimum': 0.06470419080513867, 'action': 'add', 'coordinate': 4}, {'active': [2, 4, 6], 'minimum': -0.08536180909666768, 'action': 'remove', 'coordinate': 2}, {'active': [4, 6], 'minimum': 0.080440698766306, 'action': 'accept'}]",True,False,1.5178830414797062e-17,0.0009807067402840043,0.0026893331742480183,2,0,0.4634775692178398,True
80,A,gaussian_blur,"[0.0, 0.0, 0.02769616259811558, 0.0, 0.0, 0.0, 0.9186276433369756, 0.0536761940649102, 0.0, 0.0]",2,2,"[{'active': [3, 6, 7], 'minimum': -0.05340190513230603, 'action': 'remove', 'coordinate': 3}, {'active': [6, 7], 'minimum': 0.0760885507733613, 'action': 'add', 'coordinate': 2}, {'active': [2, 6, 7], 'minimum': 0.02769616259811558, 'action': 'accept'}]",True,False,1.3322676295501878e-15,0.0010930895990242824,0.0025435950422750303,3,0,0.3660127230330822,True
80,B,clean,"[0.0, 0.0, 0.0, 0.0, 0.0, 0.0, 0.9802216430268618, 0.019778356973138234, 0.0, 0.0]",0,0,"[{'active': [6, 7], 'minimum': 0.019778356973138234, 'action': 'accept'}]",True,False,3.426078865054194e-17,0.0011048106424112964,0.002977020507896905,2,0,0.3471709310796214,True
80,B,brightness_dark,"[0.0, 0.0, 0.0, 0.0, 0.0, 0.0, 0.931415218866716, 0.06858478113328403, 0.0, 0.0]",0,0,"[{'active': [6, 7], 'minimum': 0.06858478113328403, 'action': 'accept'}]",True,False,2.8189256484623115e-17,0.0011958454420367907,0.002470180348741802,2,0,0.32071122578161537,True
80,B,contrast_low,"[0.0, 0.0, 0.08104530922775788, 0.0, 0.0, 0.0, 0.9189546907722421, 0.0, 0.0, 0.0]",2,2,"[{'active': [6, 7], 'minimum': 0.05688779382297349, 'action': 'add', 'coordinate': 2}, {'active': [2, 6, 7], 'minimum': -0.14634003628172865, 'action': 'remove', 'coordinate': 7}, {'active': [2, 6], 'minimum': 0.08104530922775788, 'action': 'accept'}]",True,False,1.8214596497756474e-17,0.0006584760710894975,0.0014516095082448633,2,0,0.43640773025991897,True
80,B,gaussian_noise,"[0.0, 0.0, 0.0, 0.0, 0.07938306450209542, 0.0, 0.9206169354979046, 0.0, 0.0, 0.0]",5,5,"[{'active': [3, 6, 7], 'minimum': -0.05130409367972533, 'action': 'remove', 'coordinate': 3}, {'active': [6, 7], 'minimum': 0.05506115765036701, 'action': 'add', 'coordinate': 2}, {'active': [2, 6, 7], 'minimum': -0.00538544128789975, 'action': 'remove', 'coordinate': 7}, {'active': [2, 6], 'minimum': 0.06357556301736267, 'action': 'add', 'coordinate': 4}, {'active': [2, 4, 6], 'minimum': -0.07688109468679727, 'action': 'remove', 'coordinate': 2}, {'active': [4, 6], 'minimum': 0.07938306450209542, 'action': 'accept'}]",True,False,2.2551405187698492e-17,0.0009205982770990816,0.0025566320307525807,2,0,0.45560539568038794,True
80,B,gaussian_blur,"[0.0, 0.0, 0.027658969308547388, 0.0, 0.0, 0.0, 0.918904446072752, 0.053436584618699934, 0.0, 0.0]",2,2,"[{'active': [3, 6, 7], 'minimum': -0.053907956358747455, 'action': 'remove', 'coordinate': 3}, {'active': [6, 7], 'minimum': 0.0756041105312395, 'action': 'add', 'coordinate': 2}, {'active': [2, 6, 7], 'minimum': 0.027658969308547388, 'action': 'accept'}]",True,False,6.661338147750939e-16,0.0011750837578712516,0.0026888873755980657,3,0,0.36548652000010723,True
81,A,clean,"[0.008536419790864613, 0.0, 0.10207948689274637, 0.0, 0.0, 0.3151314775864056, 0.0, 0.5479385599664576, 0.02178607743493366, 0.004527978328592419]",2,2,"[{'active': [2, 5, 7, 9], 'minimum': 0.029214338520075517, 'action': 'add', 'coordinate': 8}, {'active': [2, 5, 7, 8, 9], 'minimum': 0.004537167470812342, 'action': 'add', 'coordinate': 0}, {'active': [0, 2, 5, 7, 8, 9], 'minimum': 0.004527978328592419, 'action': 'accept'}]",True,False,2.220446049250313e-16,1.5556903138912466e-05,0.0007206570041831307,6,0,0.2328591307506766,True
81,A,brightness_dark,"[0.007439229242462542, 0.0, 0.21863477416045107, 0.028982816828870384, 0.0, 0.1189011493485097, 0.0, 0.5921178902384838, 0.0, 0.03392414018119527]",5,5,"[{'active': [2, 3, 7], 'minimum': 0.1063502079496157, 'action': 'add', 'coordinate': 1}, {'active': [1, 2, 3, 7], 'minimum': 0.029189729079376628, 'action': 'add', 'coordinate': 0}, {'active': [0, 1, 2, 3, 7], 'minimum': 0.007232566321067613, 'action': 'add', 'coordinate': 5}, {'active': [0, 1, 2, 3, 5, 7], 'minimum': 0.013149418705216576, 'action': 'add', 'coordinate': 9}, {'active': [0, 1, 2, 3, 5, 7, 9], 'minimum': -0.08007383078521002, 'action': 'remove', 'coordinate': 1}, {'active': [0, 2, 3, 5, 7, 9], 'minimum': 0.007439229242462542, 'action': 'accept'}]",True,False,2.7200464103316335e-14,2.7755874064000294e-05,0.00047712877320183,6,0,0.6070422509525087,True
81,A,contrast_low,"[0.024429669979740942, 0.04474023526453497, 0.1663379239695253, 0.0, 0.09704705474891995, 0.0, 0.0, 0.6674451160372712, 0.0, 0.0]",3,3,"[{'active': [0, 4, 5, 7], 'minimum': -0.022913171208891192, 'action': 'remove', 'coordinate': 5}, {'active': [0, 4, 7], 'minimum': 0.07808886260926196, 'action': 'add', 'coordinate': 1}, {'active': [0, 1, 4, 7], 'minimum': 0.02992243242340148, 'action': 'add', 'coordinate': 2}, {'active': [0, 1, 2, 4, 7], 'minimum': 0.024429669979740942, 'action': 'accept'}]",True,False,7.66053886991358e-15,9.905356977516694e-06,0.000382538840264978,5,0,0.5534343252395455,True
81,A,gaussian_noise,"[0.019748999959827707, 0.0, 0.07729114174304064, 0.0, 0.0, 0.24160450498141706, 0.0, 0.6382930531004973, 0.02306230021521749, 0.0]",3,3,"[{'active': [2, 5, 7, 9], 'minimum': 0.03423489485485759, 'action': 'add', 'coordinate': 8}, {'active': [2, 5, 7, 8, 9], 'minimum': -0.002450742116410387, 'action': 'remove', 'coordinate': 9}, {'active': [2, 5, 7, 8], 'minimum': 0.0363407050522718, 'action': 'add', 'coordinate': 0}, {'active': [0, 2, 5, 7, 8], 'minimum': 0.019748999959827707, 'action': 'accept'}]",True,False,2.220446049250313e-16,0.00012309819349063715,0.0006582905862743174,5,0,0.5075967083655069,True
81,A,gaussian_blur,"[0.021954118342715212, 0.0, 0.09948078285241246, 0.0, 0.0, 0.30349461843734127, 0.0, 0.5466649572357096, 0.028405523131820765, 0.0]",5,5,"[{'active': [4, 5, 7, 9], 'minimum': 0.02208407960732206, 'action': 'add', 'coordinate': 8}, {'active': [4, 5, 7, 8, 9], 'minimum': -0.051078173044499575, 'action': 'remove', 'coordinate': 9}, {'active': [4, 5, 7, 8], 'minimum': 0.04496449872179811, 'action': 'add', 'coordinate': 2}, {'active': [2, 4, 5, 7, 8], 'minimum': -0.18809252158100342, 'action': 'remove', 'coordinate': 4}, {'active': [2, 5, 7, 8], 'minimum': 0.04359353878384162, 'action': 'add', 'coordinate': 0}, {'active': [0, 2, 5, 7, 8], 'minimum': 0.021954118342715212, 'action': 'accept'}]",True,False,6.661338147750939e-16,0.00011555767984384832,0.0010010191716975073,5,0,0.5179314899257034,True
81,B,clean,"[0.008536419790864613, 0.0, 0.10207948689274637, 0.0, 0.0, 0.3151314775864056, 0.0, 0.5479385599664576, 0.02178607743493366, 0.004527978328592419]",2,2,"[{'active': [2, 5, 7, 9], 'minimum': 0.029214338520075517, 'action': 'add', 'coordinate': 8}, {'active': [2, 5, 7, 8, 9], 'minimum': 0.004537167470812342, 'action': 'add', 'coordinate': 0}, {'active': [0, 2, 5, 7, 8, 9], 'minimum': 0.004527978328592419, 'action': 'accept'}]",True,False,2.220446049250313e-16,1.5556903138912466e-05,0.0007206570041831307,6,0,0.2328591307506766,True
81,B,brightness_dark,"[0.010376982480871155, 0.0, 0.21564530024229667, 0.0, 0.0, 0.14257578622002534, 0.0, 0.6013927925878109, 0.0, 0.030009138468998886]",6,6,"[{'active': [2, 3, 7], 'minimum': 0.099177398899565, 'action': 'add', 'coordinate': 1}, {'active': [1, 2, 3, 7], 'minimum': 0.026888751355890847, 'action': 'add', 'coordinate': 0}, {'active': [0, 1, 2, 3, 7], 'minimum': 0.008521886951871782, 'action': 'add', 'coordinate': 5}, {'active': [0, 1, 2, 3, 5, 7], 'minimum': -0.01720938066779354, 'action': 'remove', 'coordinate': 3}, {'active': [0, 1, 2, 5, 7], 'minimum': 0.015566009022015659, 'action': 'add', 'coordinate': 9}, {'active': [0, 1, 2, 5, 7, 9], 'minimum': -0.10820317425609005, 'action': 'remove', 'coordinate': 1}, {'active': [0, 2, 5, 7, 9], 'minimum': 0.010376982480871155, 'action': 'accept'}]",True,False,2.886579864025407e-15,3.58222749818125e-05,0.0005002131889331031,5,0,0.6737931164646509,True
81,B,contrast_low,"[0.020768011478698778, 0.0553775302201287, 0.16717551438782863, 0.0, 0.09916626099217041, 0.0, 0.0, 0.6575126829211868, 0.0, 0.0]",3,3,"[{'active': [0, 4, 5, 7], 'minimum': -0.02973418736849498, 'action': 'remove', 'coordinate': 5}, {'active': [0, 4, 7], 'minimum': 0.08500544791019404, 'action': 'add', 'coordinate': 1}, {'active': [0, 1, 4, 7], 'minimum': 0.04160483203119647, 'action': 'add', 'coordinate': 2}, {'active': [0, 1, 2, 4, 7], 'minimum': 0.020768011478698778, 'action': 'accept'}]",True,False,1.3322676295501878e-14,1.2270686363558478e-05,0.00030193120893091057,5,0,0.5351059020672918,True
81,B,gaussian_noise,"[0.022052182978298696, 0.0, 0.06891396693037333, 0.0, 0.0, 0.2483648343261886, 0.0, 0.6400155300320098, 0.020653485733126864, 0.0]",4,4,"[{'active': [5, 7, 9], 'minimum': 0.024345578026037762, 'action': 'add', 'coordinate': 8}, {'active': [5, 7, 8, 9], 'minimum': -0.01883612461252379, 'action': 'remove', 'coordinate': 9}, {'active': [5, 7, 8], 'minimum': 0.03431669915573532, 'action': 'add', 'coordinate': 2}, {'active': [2, 5, 7, 8], 'minimum': 0.03553838482893423, 'action': 'add', 'coordinate': 0}, {'active': [0, 2, 5, 7, 8], 'minimum': 0.020653485733126864, 'action': 'accept'}]",True,False,2.6645352591003757e-15,0.00012622774851518847,0.0006560345066553263,5,0,0.509454339000205,True
81,B,gaussian_blur,"[0.025526536480732887, 0.0, 0.09823903939543976, 0.0, 0.0, 0.3024481786515516, 0.0, 0.5481103171575192, 0.02567592831475629, 0.0]",5,5,"[{'active': [4, 5, 7, 9], 'minimum': 0.021643038563861586, 'action': 'add', 'coordinate': 8}, {'active': [4, 5, 7, 8, 9], 'minimum': -0.04962834588708942, 'action': 'remove', 'coordinate': 9}, {'active': [4, 5, 7, 8], 'minimum': 0.044870469523792644, 'action': 'add', 'coordinate': 2}, {'active': [2, 4, 5, 7, 8], 'minimum': -0.18846128419468045, 'action': 'remove', 'coordinate': 4}, {'active': [2, 5, 7, 8], 'minimum': 0.04337509108422827, 'action': 'add', 'coordinate': 0}, {'active': [0, 2, 5, 7, 8], 'minimum': 0.025526536480732887, 'action': 'accept'}]",True,False,4.631711680858075e-16,0.00011161137848397813,0.0010216812050507762,5,0,0.5110723070234477,True
82,A,clean,"[0.0, 0.03610838021544294, 0.0, 0.0, 0.0, 0.18505263905221092, 0.0, 0.7788389807323464, 0.0, 0.0]",3,3,"[{'active': [1, 3, 4, 7], 'minimum': -0.09595796577340993, 'action': 'remove', 'coordinate': 4}, {'active': [1, 3, 7], 'minimum': 0.032534013269244655, 'action': 'add', 'coordinate': 5}, {'active': [1, 3, 5, 7], 'minimum': -0.13600685870068663, 'action': 'remove', 'coordinate': 3}, {'active': [1, 5, 7], 'minimum': 0.03610838021544294, 'action': 'accept'}]",True,False,2.220446049250313e-16,0.0007877242306129291,0.002112443825834628,3,0,0.6069566484413265,True
82,A,brightness_dark,"[0.0, 0.0055678362550932725, 0.0, 0.0, 0.0, 0.10074836614468197, 0.0, 0.8936837976002234, 0.0, 0.0]",5,5,"[{'active': [1, 2, 3, 7], 'minimum': -0.05892058619917434, 'action': 'remove', 'coordinate': 3}, {'active': [1, 2, 7], 'minimum': -0.033640265249761825, 'action': 'remove', 'coordinate': 2}, {'active': [1, 7], 'minimum': -0.0006084283706234705, 'action': 'remove', 'coordinate': 1}, {'active': [7], 'minimum': 1.0, 'action': 'add', 'coordinate': 5}, {'active': [5, 7], 'minimum': 0.0926705541589069, 'action': 'add', 'coordinate': 1}, {'active': [1, 5, 7], 'minimum': 0.0055678362550932725, 'action': 'accept'}]",True,False,1.3322676295501878e-15,0.002341186111896568,0.0038635391619569275,3,0,0.9188412574033378,True
82,A,contrast_low,"[0.0, 0.0819139127172211, 0.00796606544299222, 0.0, 0.0, 0.2284526434272629, 0.0, 0.6816673784125435, 0.0, 0.0]",4,4,"[{'active': [1, 2, 3, 7], 'minimum': -0.08471068914558744, 'action': 'remove', 'coordinate': 3}, {'active': [1, 2, 7], 'minimum': -0.029287717737716434, 'action': 'remove', 'coordinate': 2}, {'active': [1, 7], 'minimum': 0.08149955434143522, 'action': 'add', 'coordinate': 5}, {'active': [1, 5, 7], 'minimum': 0.08145045040124249, 'action': 'add', 'coordinate': 2}, {'active': [1, 2, 5, 7], 'minimum': 0.00796606544299222, 'action': 'accept'}]",True,False,1.9761969838327786e-14,0.0008645938635472203,0.0016759789370454563,4,0,0.9715928212588153,True
82,A,gaussian_noise,"[0.0, 0.04024331331016939, 0.0, 0.0, 0.0, 0.24868839888963962, 0.01782421553846153, 0.6932440722617291, 0.0, 0.0]",3,3,"[{'active': [1, 3, 7], 'minimum': 0.03447021826678587, 'action': 'add', 'coordinate': 5}, {'active': [1, 3, 5, 7], 'minimum': 0.03946405570475631, 'action': 'add', 'coordinate': 6}, {'active': [1, 3, 5, 6, 7], 'minimum': -0.1843170075642817, 'action': 'remove', 'coordinate': 3}, {'active': [1, 5, 6, 7], 'minimum': 0.01782421553846153, 'action': 'accept'}]",True,False,4.440892098500626e-16,0.0009471629468507643,0.002169709252123815,4,0,0.7464234871932975,True
82,A,gaussian_blur,"[0.0, 0.032253247725879175, 0.0, 0.0, 0.0, 0.205144816970747, 0.021740570470341836, 0.7408613648330313, 0.0, 0.0]",3,3,"[{'active': [1, 3, 7], 'minimum': 0.0329735539503857, 'action': 'add', 'coordinate': 5}, {'active': [1, 3, 5, 7], 'minimum': 0.03209865208046159, 'action': 'add', 'coordinate': 6}, {'active': [1, 3, 5, 6, 7], 'minimum': -0.2270197353659995, 'action': 'remove', 'coordinate': 3}, {'active': [1, 5, 6, 7], 'minimum': 0.021740570470341836, 'action': 'accept'}]",True,False,6.661338147750939e-16,0.0010705535507496869,0.0025561659882630057,4,0,0.7125838335709074,True
82,B,clean,"[0.0, 0.03610838021544294, 0.0, 0.0, 0.0, 0.18505263905221092, 0.0, 0.7788389807323464, 0.0, 0.0]",3,3,"[{'active': [1, 3, 4, 7], 'minimum': -0.09595796577340993, 'action': 'remove', 'coordinate': 4}, {'active': [1, 3, 7], 'minimum': 0.032534013269244655, 'action': 'add', 'coordinate': 5}, {'active': [1, 3, 5, 7], 'minimum': -0.13600685870068663, 'action': 'remove', 'coordinate': 3}, {'active': [1, 5, 7], 'minimum': 0.03610838021544294, 'action': 'accept'}]",True,False,2.220446049250313e-16,0.0007877242306129291,0.002112443825834628,3,0,0.6069566484413265,True
82,B,brightness_dark,"[0.0, 0.006202997377110275, 0.0, 0.0, 0.0, 0.09858538633776881, 0.0, 0.8952116162851205, 0.0, 0.0]",3,3,"[{'active': [1, 2, 3, 7], 'minimum': -0.051066972890091725, 'action': 'remove', 'coordinate': 3}, {'active': [1, 2, 7], 'minimum': -0.04024246746924476, 'action': 'remove', 'coordinate': 2}, {'active': [1, 7], 'minimum': 0.00034926324455032687, 'action': 'add', 'coordinate': 5}, {'active': [1, 5, 7], 'minimum': 0.006202997377110275, 'action': 'accept'}]",True,False,4.440892098500626e-16,0.0024767689251725075,0.00403230242079555,3,0,0.907393113437678,True
82,B,contrast_low,"[0.0, 0.10533725803752175, 0.045893272822200404, 0.0, 0.0, 0.21887880222377443, 0.0, 0.6298906669164877, 0.0, 0.0]",2,2,"[{'active': [1, 2, 3, 7], 'minimum': -0.11839297037177188, 'action': 'remove', 'coordinate': 3}, {'active': [1, 2, 7], 'minimum': 0.02186732706594441, 'action': 'add', 'coordinate': 5}, {'active': [1, 2, 5, 7], 'minimum': 0.045893272822200404, 'action': 'accept'}]",True,False,1.5765166949677223e-14,0.000962537637253881,0.0028279112970911553,4,0,1.027353746497631,True
82,B,gaussian_noise,"[0.0, 0.04238078299219017, 0.0, 0.0, 0.0, 0.24540888967769442, 0.02241811654214937, 0.6897922107879636, 0.0, 0.0]",3,3,"[{'active': [1, 3, 7], 'minimum': 0.03700548771608103, 'action': 'add', 'coordinate': 5}, {'active': [1, 3, 5, 7], 'minimum': 0.0413431337389043, 'action': 'add', 'coordinate': 6}, {'active': [1, 3, 5, 6, 7], 'minimum': -0.13830252403119303, 'action': 'remove', 'coordinate': 3}, {'active': [1, 5, 6, 7], 'minimum': 0.02241811654214937, 'action': 'accept'}]",True,False,2.3314683517128287e-15,0.0009063547136033551,0.0019915929374669096,4,0,0.7618449509279723,True
82,B,gaussian_blur,"[0.0, 0.031705191759521856, 0.0, 0.0, 0.0, 0.19758230782868247, 0.022693764812633355, 0.7480187355991609, 0.0, 0.0]",3,3,"[{'active': [1, 3, 7], 'minimum': 0.03239357598457904, 'action': 'add', 'coordinate': 5}, {'active': [1, 3, 5, 7], 'minimum': 0.031535595756161106, 'action': 'add', 'coordinate': 6}, {'active': [1, 3, 5, 6, 7], 'minimum': -0.24194921077947384, 'action': 'remove', 'coordinate': 3}, {'active': [1, 5, 6, 7], 'minimum': 0.022693764812633355, 'action': 'accept'}]",True,False,1.3322676295501878e-15,0.0010599703228852482,0.0026240010114079474,4,0,0.6949176557450343,True
83,A,clean,"[0.32842528559334905, 0.0, 0.0225261290019656, 0.0, 0.0, 0.1414179274691486, 0.0, 0.0, 0.5076306579355367, 0.0]",2,2,"[{'active': [0, 4, 5, 8], 'minimum': -0.05062973515151928, 'action': 'remove', 'coordinate': 4}, {'active': [0, 5, 8], 'minimum': 0.15732731728519678, 'action': 'add', 'coordinate': 2}, {'active': [0, 2, 5, 8], 'minimum': 0.0225261290019656, 'action': 'accept'}]",True,False,1.8127860323957634e-16,0.0008859801025303851,0.014899996882660842,4,0,1.025541308716004,True
83,A,brightness_dark,"[0.3108227573075667, 0.0, 0.08936213185824304, 0.0, 0.0, 0.0, 0.0, 0.10806513629580139, 0.4917499745383924, 0.0]",4,4,"[{'active': [0, 4, 8, 9], 'minimum': -0.01324344883355133, 'action': 'remove', 'coordinate': 9}, {'active': [0, 4, 8], 'minimum': 0.18081885142274756, 'action': 'add', 'coordinate': 7}, {'active': [0, 4, 7, 8], 'minimum': 0.0703190150102212, 'action': 'add', 'coordinate': 2}, {'active': [0, 2, 4, 7, 8], 'minimum': -0.1933395790366066, 'action': 'remove', 'coordinate': 4}, {'active': [0, 2, 7, 8], 'minimum': 0.08936213185824304, 'action': 'accept'}]",True,False,3.552713678800501e-15,0.00039353172288193543,0.014735679875307895,4,0,1.4725134629122536,True
83,A,contrast_low,"[0.3343824965881712, 0.0, 0.22363580477350098, 0.0, 0.0, 0.0, 0.0, 0.0, 0.4419816986383287, 0.0]",3,3,"[{'active': [0, 4, 5, 8], 'minimum': -0.06876205631559507, 'action': 'remove', 'coordinate': 5}, {'active': [0, 4, 8], 'minimum': 0.1702464225600524, 'action': 'add', 'coordinate': 2}, {'active': [0, 2, 4, 8], 'minimum': -1.0189704294851871, 'action': 'remove', 'coordinate': 4}, {'active': [0, 2, 8], 'minimum': 0.22363580477350098, 'action': 'accept'}]",True,False,8.881784197001252e-16,0.0022713255659182322,0.004224572933504125,3,0,0.9859579810740922,True
83,A,gaussian_noise,"[0.3172803405635751, 0.0, 0.0, 0.0, 0.0, 0.15592484658471295, 0.0, 0.0, 0.5267948128517126, 0.0]",1,1,"[{'active': [0, 4, 5, 8], 'minimum': -0.0823263467120095, 'action': 'remove', 'coordinate': 4}, {'active': [0, 5, 8], 'minimum': 0.15592484658471295, 'action': 'accept'}]",True,False,6.661338147750939e-16,0.000733162109422144,0.014362008629067561,3,0,0.868174817613435,True
83,A,gaussian_blur,"[0.3319139593081202, 0.0, 0.06371443387759895, 0.0, 0.0, 0.12086334313577785, 0.0, 0.0, 0.4835082636785039, 0.0]",2,2,"[{'active': [0, 4, 5, 8], 'minimum': -0.026535929612374914, 'action': 'remove', 'coordinate': 4}, {'active': [0, 5, 8], 'minimum': 0.16540863519845783, 'action': 'add', 'coordinate': 2}, {'active': [0, 2, 5, 8], 'minimum': 0.06371443387759895, 'action': 'accept'}]",True,False,8.881784197001252e-16,0.0016538634924738683,0.01032544957924396,4,0,0.9342941733269317,True
83,B,clean,"[0.32842528559334905, 0.0, 0.0225261290019656, 0.0, 0.0, 0.1414179274691486, 0.0, 0.0, 0.5076306579355367, 0.0]",2,2,"[{'active': [0, 4, 5, 8], 'minimum': -0.05062973515151928, 'action': 'remove', 'coordinate': 4}, {'active': [0, 5, 8], 'minimum': 0.15732731728519678, 'action': 'add', 'coordinate': 2}, {'active': [0, 2, 5, 8], 'minimum': 0.0225261290019656, 'action': 'accept'}]",True,False,1.8127860323957634e-16,0.0008859801025303851,0.014899996882660842,4,0,1.025541308716004,True
83,B,brightness_dark,"[0.3152370293584015, 0.0, 0.08310062594859602, 0.0, 0.0, 0.0, 0.0, 0.11223347135997064, 0.48942887333303176, 0.0]",4,4,"[{'active': [0, 4, 8, 9], 'minimum': -0.012662424717560045, 'action': 'remove', 'coordinate': 9}, {'active': [0, 4, 8], 'minimum': 0.17935260209717985, 'action': 'add', 'coordinate': 7}, {'active': [0, 4, 7, 8], 'minimum': 0.06380056279695834, 'action': 'add', 'coordinate': 2}, {'active': [0, 2, 4, 7, 8], 'minimum': -0.1879360804624186, 'action': 'remove', 'coordinate': 4}, {'active': [0, 2, 7, 8], 'minimum': 0.08310062594859602, 'action': 'accept'}]",True,False,1.4072944198861848e-16,0.0004031600862575712,0.014877081958024563,4,0,1.4591032504255244,True
83,B,contrast_low,"[0.43177803795520653, 0.0, 0.22125188304725363, 0.0, 0.0, 0.0, 0.0, 0.0, 0.3469700789975363, 0.0]",3,3,"[{'active': [0, 4, 5, 8], 'minimum': -0.0647142381127872, 'action': 'remove', 'coordinate': 5}, {'active': [0, 4, 8], 'minimum': 0.16474334444411642, 'action': 'add', 'coordinate': 2}, {'active': [0, 2, 4, 8], 'minimum': -1.100397604721944, 'action': 'remove', 'coordinate': 4}, {'active': [0, 2, 8], 'minimum': 0.22125188304725363, 'action': 'accept'}]",True,False,3.552713678800501e-15,0.002187793576763143,0.003854997494242508,3,0,1.1244685711022369,True
83,B,gaussian_noise,"[0.31837634297764406, 0.0, 0.0, 0.0, 0.0, 0.15611389977408185, 0.0, 0.0, 0.5255097572482748, 0.0]",1,1,"[{'active': [0, 4, 5, 8], 'minimum': -0.094501194543013, 'action': 'remove', 'coordinate': 4}, {'active': [0, 5, 8], 'minimum': 0.15611389977408185, 'action': 'accept'}]",True,False,6.661338147750939e-16,0.0006999592865309217,0.014698915475728665,3,0,0.8882458651506646,True
83,B,gaussian_blur,"[0.33180616923976025, 0.0, 0.0673618229062552, 0.0, 0.0, 0.11942361531071854, 0.0, 0.0, 0.48140839254325984, 0.0]",2,2,"[{'active': [0, 4, 5, 8], 'minimum': -0.02443497583019108, 'action': 'remove', 'coordinate': 4}, {'active': [0, 5, 8], 'minimum': 0.1667244742970857, 'action': 'add', 'coordinate': 2}, {'active': [0, 2, 5, 8], 'minimum': 0.0673618229062552, 'action': 'accept'}]",True,False,6.106226635438361e-15,0.001691323493787963,0.010211273160513692,4,0,0.9236421539009101,True
84,A,clean,"[0.0, 0.0, 0.3065961933562482, 0.35129137083908724, 0.0, 0.0, 0.34211243580466366, 0.0, 0.0, 0.0]",1,1,"[{'active': [2, 3, 6, 9], 'minimum': -0.04756833308897032, 'action': 'remove', 'coordinate': 9}, {'active': [2, 3, 6], 'minimum': 0.3065961933562482, 'action': 'accept'}]",True,False,8.881784197001252e-16,0.00029032657415665564,0.004582563539458012,3,0,0.2760266440847608,True
84,A,brightness_dark,"[0.0, 0.0, 0.0, 0.0, 0.4284138103852069, 0.41477864566358136, 0.1568075439512122, 0.0, 0.0, 0.0]",5,5,"[{'active': [0, 2, 3, 5, 6, 9], 'minimum': -0.08448581676377764, 'action': 'remove', 'coordinate': 9}, {'active': [0, 2, 3, 5, 6], 'minimum': -0.058786127466666116, 'action': 'remove', 'coordinate': 0}, {'active': [2, 3, 5, 6], 'minimum': -0.07398016140609265, 'action': 'remove', 'coordinate': 3}, {'active': [2, 5, 6], 'minimum': 0.17897856078829166, 'action': 'add', 'coordinate': 4}, {'active': [2, 4, 5, 6], 'minimum': -0.057254269001171476, 'action': 'remove', 'coordinate': 2}, {'active': [4, 5, 6], 'minimum': 0.1568075439512122, 'action': 'accept'}]",True,False,4.440892098500626e-16,0.00040500278779009906,0.0042018784223103985,3,0,1.3300726712202966,True
84,A,contrast_low,"[0.0, 0.0, 0.2761022973635061, 0.37864987264897065, 0.1146464670927807, 0.0, 0.23060136289474964, 0.0, 0.0, 0.0]",3,3,"[{'active': [2, 3, 4], 'minimum': -0.5130952241240685, 'action': 'remove', 'coordinate': 2}, {'active': [3, 4], 'minimum': 0.41077048269425676, 'action': 'add', 'coordinate': 6}, {'active': [3, 4, 6], 'minimum': 0.18043244426807803, 'action': 'add', 'coordinate': 2}, {'active': [2, 3, 4, 6], 'minimum': 0.1146464670927807, 'action': 'accept'}]",True,False,7.105427357601002e-15,0.00022937291887594968,0.0015194622287325375,4,0,0.9820110205399053,True
84,A,gaussian_noise,"[0.0, 0.0, 0.31893233849439895, 0.21204688922830783, 0.07114362452337986, 0.05701941409444089, 0.3408577336594192, 0.0, 0.0, 0.0]",3,3,"[{'active': [2, 3, 6, 9], 'minimum': -0.048796511962132444, 'action': 'remove', 'coordinate': 9}, {'active': [2, 3, 6], 'minimum': 0.29859198237796036, 'action': 'add', 'coordinate': 5}, {'active': [2, 3, 5, 6], 'minimum': 0.06084249681908971, 'action': 'add', 'coordinate': 4}, {'active': [2, 3, 4, 5, 6], 'minimum': 0.05701941409444089, 'action': 'accept'}]",True,False,5.3290705182007514e-14,0.00025978581890881045,0.0034309634643714206,5,0,0.5305512109550634,True
84,A,gaussian_blur,"[0.0, 0.0, 0.3533738314478514, 0.3137875282088398, 0.0, 0.0, 0.3328386403433097, 0.0, 0.0, 0.0]",2,2,"[{'active': [2, 3, 4, 6, 9], 'minimum': -0.058021208543984404, 'action': 'remove', 'coordinate': 9}, {'active': [2, 3, 4, 6], 'minimum': -0.43718006381240127, 'action': 'remove', 'coordinate': 4}, {'active': [2, 3, 6], 'minimum': 0.3137875282088398, 'action': 'accept'}]",True,False,8.881784197001252e-16,0.0004198302665754245,0.002703008511358215,3,0,0.5572714799140394,True
84,B,clean,"[0.0, 0.0, 0.3065961933562482, 0.35129137083908724, 0.0, 0.0, 0.34211243580466366, 0.0, 0.0, 0.0]",1,1,"[{'active': [2, 3, 6, 9], 'minimum': -0.04756833308897032, 'action': 'remove', 'coordinate': 9}, {'active': [2, 3, 6], 'minimum': 0.3065961933562482, 'action': 'accept'}]",True,False,8.881784197001252e-16,0.00029032657415665564,0.004582563539458012,3,0,0.2760266440847608,True
84,B,brightness_dark,"[0.0, 0.0, 0.0, 0.0, 0.4248627268332612, 0.42607010291443004, 0.14906717025230787, 0.0, 0.0, 0.0]",5,5,"[{'active': [0, 2, 3, 5, 6, 9], 'minimum': -0.08428693989748315, 'action': 'remove', 'coordinate': 9}, {'active': [0, 2, 3, 5, 6], 'minimum': -0.05933630972002257, 'action': 'remove', 'coordinate': 0}, {'active': [2, 3, 5, 6], 'minimum': -0.04888724689020085, 'action': 'remove', 'coordinate': 3}, {'active': [2, 5, 6], 'minimum': 0.1707662331586195, 'action': 'add', 'coordinate': 4}, {'active': [2, 4, 5, 6], 'minimum': -0.03922485134093634, 'action': 'remove', 'coordinate': 2}, {'active': [4, 5, 6], 'minimum': 0.14906717025230787, 'action': 'accept'}]",True,False,8.881784197001252e-16,0.00041937036976997844,0.0038411053745081004,3,0,1.3293054403090934,True
84,B,contrast_low,"[0.0, 0.0, 0.2943690736966347, 0.40043352461530257, 0.06326759115865532, 0.0, 0.24192981052952112, 0.0, 0.0, 0.0]",3,3,"[{'active': [2, 3, 4], 'minimum': -0.5880466702940161, 'action': 'remove', 'coordinate': 2}, {'active': [3, 4], 'minimum': 0.44666844735845057, 'action': 'add', 'coordinate': 6}, {'active': [3, 4, 6], 'minimum': 0.19287078612509578, 'action': 'add', 'coordinate': 2}, {'active': [2, 3, 4, 6], 'minimum': 0.06326759115865532, 'action': 'accept'}]",True,False,1.1368683772161603e-13,0.00023422399390923105,0.0015271535226131759,4,0,1.045692516526113,True
84,B,gaussian_noise,"[0.0, 0.0, 0.3255944290649637, 0.2287067490554051, 0.05916080351104114, 0.043493841199058636, 0.3430441771695296, 0.0, 0.0, 0.0]",3,3,"[{'active': [2, 3, 6, 9], 'minimum': -0.04780867779657749, 'action': 'remove', 'coordinate': 9}, {'active': [2, 3, 6], 'minimum': 0.29610553690601016, 'action': 'add', 'coordinate': 5}, {'active': [2, 3, 5, 6], 'minimum': 0.04621396710909309, 'action': 'add', 'coordinate': 4}, {'active': [2, 3, 4, 5, 6], 'minimum': 0.043493841199058636, 'action': 'accept'}]",True,False,1.7763568394002505e-15,0.00025074570248478825,0.0034521950584520946,5,0,0.4975014668763967,True
84,B,gaussian_blur,"[0.0, 0.0, 0.34855232991329554, 0.31997606983788884, 0.0, 0.0, 0.3314716002488156, 0.0, 0.0, 0.0]",2,2,"[{'active': [2, 3, 4, 6, 9], 'minimum': -0.058687109396744486, 'action': 'remove', 'coordinate': 9}, {'active': [2, 3, 4, 6], 'minimum': -0.45278206607244, 'action': 'remove', 'coordinate': 4}, {'active': [2, 3, 6], 'minimum': 0.31997606983788884, 'action': 'accept'}]",True,False,5.854691731421724e-17,0.00043904678474945727,0.002823620077000993,3,0,0.5684882152382136,True
85,A,clean,"[0.0, 0.0, 0.0, 0.0, 0.0, 0.5746793100967631, 0.4110813440658352, 0.0, 0.014239345837401773, 0.0]",2,2,"[{'active': [4, 5, 6], 'minimum': -0.10633308785093476, 'action': 'remove', 'coordinate': 4}, {'active': [5, 6], 'minimum': 0.4088727341995447, 'action': 'add', 'coordinate': 8}, {'active': [5, 6, 8], 'minimum': 0.014239345837401773, 'action': 'accept'}]",True,False,2.531612072753653e-17,0.00020040217665875213,0.0009736188093432314,3,0,0.27018992801564096,True
85,A,brightness_dark,"[0.0, 0.018074205540413835, 0.0, 0.0, 0.0, 0.6427702469066836, 0.33915554755290334, 0.0, 0.0, 0.0]",2,2,"[{'active': [4, 5, 6], 'minimum': -0.17059009983880813, 'action': 'remove', 'coordinate': 4}, {'active': [5, 6], 'minimum': 0.3324792917460077, 'action': 'add', 'coordinate': 1}, {'active': [1, 5, 6], 'minimum': 0.018074205540413835, 'action': 'accept'}]",True,False,8.881784197001252e-16,0.0002488398252418784,0.004426348498635379,3,0,0.6757771298392742,True
85,A,contrast_low,"[0.0, 0.1072990722595919, 0.0, 0.0, 0.0, 0.6272783846738088, 0.2654225430665993, 0.0, 0.0, 0.0]",2,2,"[{'active': [1, 4, 5, 6, 7], 'minimum': -0.15552133578035665, 'action': 'remove', 'coordinate': 4}, {'active': [1, 5, 6, 7], 'minimum': -0.025065566530405592, 'action': 'remove', 'coordinate': 7}, {'active': [1, 5, 6], 'minimum': 0.1072990722595919, 'action': 'accept'}]",True,False,1.0711917464156784e-16,0.00019150601035380677,0.000964280798115571,3,0,0.568107664750742,True
85,A,gaussian_noise,"[0.0, 0.002383987266606158, 0.0, 0.0, 0.0, 0.5564368949502728, 0.430021419716712, 0.0, 0.011157698066408539, 0.0]",3,3,"[{'active': [4, 5, 6], 'minimum': -0.21324052149305572, 'action': 'remove', 'coordinate': 4}, {'active': [5, 6], 'minimum': 0.42715681721160337, 'action': 'add', 'coordinate': 8}, {'active': [5, 6, 8], 'minimum': 0.013101397893982625, 'action': 'add', 'coordinate': 1}, {'active': [1, 5, 6, 8], 'minimum': 0.002383987266606158, 'action': 'accept'}]",True,False,5.551115123125783e-16,0.0004189848999893192,0.0011805674094684713,4,0,0.26473937321664487,True
85,A,gaussian_blur,"[0.0, 0.0, 0.0, 0.0, 0.0, 0.5458940769252771, 0.4293667118895117, 0.0, 0.024739211185211107, 0.0]",0,0,"[{'active': [5, 6, 8], 'minimum': 0.024739211185211107, 'action': 'accept'}]",True,False,2.6291902682773483e-17,0.00023308143185372,0.000434646222633454,3,0,0.16853860150987904,True
85,B,clean,"[0.0, 0.0, 0.0, 0.0, 0.0, 0.5746793100967631, 0.4110813440658352, 0.0, 0.014239345837401773, 0.0]",2,2,"[{'active': [4, 5, 6], 'minimum': -0.10633308785093476, 'action': 'remove', 'coordinate': 4}, {'active': [5, 6], 'minimum': 0.4088727341995447, 'action': 'add', 'coordinate': 8}, {'active': [5, 6, 8], 'minimum': 0.014239345837401773, 'action': 'accept'}]",True,False,2.531612072753653e-17,0.00020040217665875213,0.0009736188093432314,3,0,0.27018992801564096,True
85,B,brightness_dark,"[0.0, 0.01758092219234464, 0.0, 0.0, 0.0, 0.6416050588396125, 0.34081401896804264, 0.0, 0.0, 0.0]",2,2,"[{'active': [4, 5, 6], 'minimum': -0.16842030613618952, 'action': 'remove', 'coordinate': 4}, {'active': [5, 6], 'minimum': 0.33466230361959487, 'action': 'add', 'coordinate': 1}, {'active': [1, 5, 6], 'minimum': 0.01758092219234464, 'action': 'accept'}]",True,False,2.220446049250313e-16,0.00025312063886179714,0.004646548795354665,3,0,0.68652223259444,True
85,B,contrast_low,"[0.0, 0.11301532081598342, 0.0, 0.0, 0.0, 0.6345372073168214, 0.2524474718671943, 0.0, 0.0, 0.0]",1,1,"[{'active': [1, 4, 5, 6], 'minimum': -0.08172431542847525, 'action': 'remove', 'coordinate': 4}, {'active': [1, 5, 6], 'minimum': 0.11301532081598342, 'action': 'accept'}]",True,False,8.881784197001252e-16,0.0001874728607837732,0.001138199202704396,3,0,0.6802120453625866,True
85,B,gaussian_noise,"[0.0, 0.0012021903148450308, 0.0, 0.0, 0.0, 0.5589177688242098, 0.42876156018548206, 0.0, 0.011118480675462283, 0.0]",3,3,"[{'active': [4, 5, 6], 'minimum': -0.21487398664667268, 'action': 'remove', 'coordinate': 4}, {'active': [5, 6], 'minimum': 0.4259960246968891, 'action': 'add', 'coordinate': 8}, {'active': [5, 6, 8], 'minimum': 0.012106034756505957, 'action': 'add', 'coordinate': 1}, {'active': [1, 5, 6, 8], 'minimum': 0.0012021903148450308, 'action': 'accept'}]",True,False,7.771561172376096e-16,0.0004131330418493509,0.0011201159545539876,4,0,0.2551554240549431,True
85,B,gaussian_blur,"[0.0, 0.0, 0.0, 0.0, 0.0, 0.5437691977683177, 0.4304978566274349, 0.0, 0.025732945604247437, 0.0]",1,1,"[{'active': [5, 6], 'minimum': 0.42271780404721226, 'action': 'add', 'coordinate': 8}, {'active': [5, 6, 8], 'minimum': 0.025732945604247437, 'action': 'accept'}]",True,False,3.3881317890172014e-17,0.00023050390771577512,0.00045219627190263846,3,0,0.1762130797016852,True
86,A,clean,"[0.011520299711149679, 0.038256139507091946, 0.47437225808181704, 0.0, 0.0, 0.21084352160376074, 0.0, 0.2650077810961804, 0.0, 0.0]",1,1,"[{'active': [1, 2, 5, 7], 'minimum': 0.04362819668982587, 'action': 'add', 'coordinate': 0}, {'active': [0, 1, 2, 5, 7], 'minimum': 0.011520299711149679, 'action': 'accept'}]",True,False,2.518601646683827e-16,8.388955881674495e-05,0.0003451812128800966,5,0,0.27105370297685677,True
86,A,brightness_dark,"[0.04665358663022423, 0.0, 0.2960118576116031, 0.0, 0.0, 0.0927291093724385, 0.13479777356963574, 0.42980767281609644, 0.0, 0.0]",3,3,"[{'active': [2, 5, 6, 7], 'minimum': 0.03088281184902076, 'action': 'add', 'coordinate': 8}, {'active': [2, 5, 6, 7, 8], 'minimum': 0.03293037224337403, 'action': 'add', 'coordinate': 0}, {'active': [0, 2, 5, 6, 7, 8], 'minimum': -0.014165634843671171, 'action': 'remove', 'coordinate': 8}, {'active': [0, 2, 5, 6, 7], 'minimum': 0.04665358663022423, 'action': 'accept'}]",True,False,1.9984014443252818e-15,5.703325321771622e-05,0.0008674359034342464,5,0,0.6772196635408367,True
86,A,contrast_low,"[0.04605221661785652, 0.07805717147066016, 0.15044412059486234, 0.0, 0.0, 0.13055355805769864, 0.10442063467701224, 0.4904722985818779, 0.0, 0.0]",1,1,"[{'active': [1, 2, 5, 6, 7], 'minimum': 0.08804214370041219, 'action': 'add', 'coordinate': 0}, {'active': [0, 1, 2, 5, 6, 7], 'minimum': 0.04605221661785652, 'action': 'accept'}]",True,False,3.219646771412954e-14,5.720713167916245e-05,0.0007778600389940919,6,0,0.5043380136114639,True
86,A,gaussian_noise,"[0.018267851107654276, 0.0, 0.520431094779185, 0.0, 0.0, 0.18185563265597274, 0.0, 0.27944542145718976, 0.0, 0.0]",3,3,"[{'active': [2, 5, 7], 'minimum': 0.16511798350942897, 'action': 'add', 'coordinate': 8}, {'active': [2, 5, 7, 8], 'minimum': 0.009939362507323357, 'action': 'add', 'coordinate': 0}, {'active': [0, 2, 5, 7, 8], 'minimum': -0.024205778948324763, 'action': 'remove', 'coordinate': 8}, {'active': [0, 2, 5, 7], 'minimum': 0.018267851107654276, 'action': 'accept'}]",True,False,1.7763568394002505e-15,0.00018514684639851138,0.00036870836188391176,4,0,0.2986891754288006,True
86,A,gaussian_blur,"[0.0, 0.07658610488414669, 0.4404366173281008, 0.0, 0.0, 0.22444667263648574, 0.0, 0.25853060515126614, 0.0, 0.0]",0,0,"[{'active': [1, 2, 5, 7], 'minimum': 0.07658610488414669, 'action': 'accept'}]",True,False,6.661338147750939e-16,0.00014352275219696703,0.0005060966724569566,4,0,0.34340404839763117,True
86,B,clean,"[0.011520299711149679, 0.038256139507091946, 0.47437225808181704, 0.0, 0.0, 0.21084352160376074, 0.0, 0.2650077810961804, 0.0, 0.0]",1,1,"[{'active': [1, 2, 5, 7], 'minimum': 0.04362819668982587, 'action': 'add', 'coordinate': 0}, {'active': [0, 1, 2, 5, 7], 'minimum': 0.011520299711149679, 'action': 'accept'}]",True,False,2.518601646683827e-16,8.388955881674495e-05,0.0003451812128800966,5,0,0.27105370297685677,True
86,B,brightness_dark,"[0.045620171121475095, 0.0012705899668210563, 0.2975031655747564, 0.0, 0.0, 0.08784206429389485, 0.1395331638524251, 0.42823084519063315, 0.0, 0.0]",4,4,"[{'active': [2, 5, 6, 7], 'minimum': 0.027653026274285078, 'action': 'add', 'coordinate': 8}, {'active': [2, 5, 6, 7, 8], 'minimum': 0.03337560864863265, 'action': 'add', 'coordinate': 0}, {'active': [0, 2, 5, 6, 7, 8], 'minimum': -0.010219696250072019, 'action': 'remove', 'coordinate': 8}, {'active': [0, 2, 5, 6, 7], 'minimum': 0.04695370751801975, 'action': 'add', 'coordinate': 1}, {'active': [0, 1, 2, 5, 6, 7], 'minimum': 0.0012705899668210563, 'action': 'accept'}]",True,False,5.773159728050814e-15,6.062209807840481e-05,0.0008931303746386568,6,0,0.6878493382088361,True
86,B,contrast_low,"[0.050469352025388936, 0.07643642641597914, 0.11842764020116547, 0.0, 0.0, 0.09560486609676389, 0.11161911023587345, 0.5474426050248127, 0.0, 0.0]",3,3,"[{'active': [1, 2, 5, 6, 7], 'minimum': 0.06975230328356474, 'action': 'add', 'coordinate': 8}, {'active': [1, 2, 5, 6, 7, 8], 'minimum': 0.03414437215956134, 'action': 'add', 'coordinate': 0}, {'active': [0, 1, 2, 5, 6, 7, 8], 'minimum': -0.03776529433870568, 'action': 'remove', 'coordinate': 8}, {'active': [0, 1, 2, 5, 6, 7], 'minimum': 0.050469352025388936, 'action': 'accept'}]",True,False,1.6431300764452317e-14,5.386681000431229e-05,0.00095493021550733,6,0,0.6703351790526467,True
86,B,gaussian_noise,"[0.01747438441283322, 0.0, 0.5187392171869368, 0.0, 0.0, 0.1863858919845911, 0.0, 0.2774005064156402, 0.0, 0.0]",3,3,"[{'active': [2, 5, 7], 'minimum': 0.17017955698012877, 'action': 'add', 'coordinate': 8}, {'active': [2, 5, 7, 8], 'minimum': 0.009230690035153893, 'action': 'add', 'coordinate': 0}, {'active': [0, 2, 5, 7, 8], 'minimum': -0.02797689486816779, 'action': 'remove', 'coordinate': 8}, {'active': [0, 2, 5, 7], 'minimum': 0.01747438441283322, 'action': 'accept'}]",True,False,1.3322676295501878e-15,0.00019634634876746545,0.00036890300021827946,4,0,0.2943346281395712,True
86,B,gaussian_blur,"[0.0, 0.0784598114890798, 0.43805789553159913, 0.0, 0.0, 0.2241223607349208, 0.0, 0.25935993224440335, 0.0, 0.0]",0,0,"[{'active': [1, 2, 5, 7], 'minimum': 0.0784598114890798, 'action': 'accept'}]",True,False,3.1086244689504383e-15,0.00014371343641218258,0.0005154981317732018,4,0,0.34751174629731396,True
87,A,clean,"[0.0, 0.0, 0.4714912538609273, 0.0, 0.0, 0.42037237069234745, 0.10813637544672483, 0.0, 0.0, 0.0]",2,2,"[{'active': [2, 3, 5], 'minimum': 0.13480248545591778, 'action': 'add', 'coordinate': 6}, {'active': [2, 3, 5, 6], 'minimum': -0.08911340907293219, 'action': 'remove', 'coordinate': 3}, {'active': [2, 5, 6], 'minimum': 0.10813637544672483, 'action': 'accept'}]",True,False,4.440892098500626e-16,0.0005350849449833021,0.002587682718644352,3,0,1.016770993837584,True
87,A,brightness_dark,"[0.0, 0.0, 0.33713422433560647, 0.0, 0.21904390519569816, 0.3770943322371718, 0.06672753823153066, 0.0, 0.0, 0.0]",4,4,"[{'active': [2, 3], 'minimum': 0.4927787422691956, 'action': 'add', 'coordinate': 6}, {'active': [2, 3, 6], 'minimum': 0.040032678100986985, 'action': 'add', 'coordinate': 5}, {'active': [2, 3, 5, 6], 'minimum': -0.4931551821367215, 'action': 'remove', 'coordinate': 3}, {'active': [2, 5, 6], 'minimum': 0.07990948897472183, 'action': 'add', 'coordinate': 4}, {'active': [2, 4, 5, 6], 'minimum': 0.06672753823153066, 'action': 'accept'}]",True,False,7.105427357601002e-15,0.000738412751843986,0.0015917970292883164,4,0,1.3257315513287942,True
87,A,contrast_low,"[0.0, 0.0, 0.43587852365090207, 0.05317027189165324, 0.0, 0.4214123183213241, 0.08953888613613215, 0.0, 0.0, 0.0]",3,3,"[{'active': [2, 5, 9], 'minimum': -0.01783356585061535, 'action': 'remove', 'coordinate': 9}, {'active': [2, 5], 'minimum': 0.46568227179949107, 'action': 'add', 'coordinate': 6}, {'active': [2, 5, 6], 'minimum': 0.09648098399675265, 'action': 'add', 'coordinate': 3}, {'active': [2, 3, 5, 6], 'minimum': 0.05317027189165324, 'action': 'accept'}]",True,False,1.1546319456101628e-14,8.520275127319454e-05,0.0009742512272017983,4,0,0.6417835608081499,True
87,A,gaussian_noise,"[0.0, 0.0, 0.4154087355531866, 0.0, 0.0, 0.4732898804472061, 0.11130138399960643, 0.0, 0.0, 0.0]",2,2,"[{'active': [2, 3, 5], 'minimum': 0.15777733165908714, 'action': 'add', 'coordinate': 6}, {'active': [2, 3, 5, 6], 'minimum': -0.07510486542245065, 'action': 'remove', 'coordinate': 3}, {'active': [2, 5, 6], 'minimum': 0.11130138399960643, 'action': 'accept'}]",True,False,8.881784197001252e-16,0.00026978606692712806,0.002195131220078738,3,0,1.050289536595318,True
87,A,gaussian_blur,"[0.0, 0.0, 0.4460604135953492, 0.0, 0.0, 0.4150956108396917, 0.1388439755649591, 0.0, 0.0, 0.0]",2,2,"[{'active': [2, 3, 5], 'minimum': 0.055522597913089555, 'action': 'add', 'coordinate': 6}, {'active': [2, 3, 5, 6], 'minimum': -0.0013006392447396653, 'action': 'remove', 'coordinate': 3}, {'active': [2, 5, 6], 'minimum': 0.1388439755649591, 'action': 'accept'}]",True,False,2.949029909160572e-17,0.00039363391911564514,0.0026745295546736726,3,0,0.8954620407456257,True
87,B,clean,"[0.0, 0.0, 0.4714912538609273, 0.0, 0.0, 0.42037237069234745, 0.10813637544672483, 0.0, 0.0, 0.0]",2,2,"[{'active': [2, 3, 5], 'minimum': 0.13480248545591778, 'action': 'add', 'coordinate': 6}, {'active': [2, 3, 5, 6], 'minimum': -0.08911340907293219, 'action': 'remove', 'coordinate': 3}, {'active': [2, 5, 6], 'minimum': 0.10813637544672483, 'action': 'accept'}]",True,False,4.440892098500626e-16,0.0005350849449833021,0.002587682718644352,3,0,1.016770993837584,True
87,B,brightness_dark,"[0.0, 0.0, 0.3782993821038353, 0.0, 0.1572005340293131, 0.4016725039053386, 0.06282757996156269, 0.0, 0.0, 0.0]",4,4,"[{'active': [2, 3], 'minimum': 0.49144267784955264, 'action': 'add', 'coordinate': 6}, {'active': [2, 3, 6], 'minimum': 0.03214451811701213, 'action': 'add', 'coordinate': 5}, {'active': [2, 3, 5, 6], 'minimum': -0.4590192920684837, 'action': 'remove', 'coordinate': 3}, {'active': [2, 5, 6], 'minimum': 0.07218838452442711, 'action': 'add', 'coordinate': 4}, {'active': [2, 4, 5, 6], 'minimum': 0.06282757996156269, 'action': 'accept'}]",True,False,4.973799150320701e-14,0.0007777655193701939,0.0016563603294430047,4,0,1.243401235792379,True
87,B,contrast_low,"[0.0, 0.0, 0.4253064344002342, 0.1669968391767287, 0.0, 0.31778719634411967, 0.08990953007888947, 0.0, 0.0, 0.0]",5,5,"[{'active': [2, 5, 9], 'minimum': -0.023115710057766803, 'action': 'remove', 'coordinate': 9}, {'active': [2, 5], 'minimum': 0.45699005554502026, 'action': 'add', 'coordinate': 6}, {'active': [2, 5, 6], 'minimum': 0.11113509557476675, 'action': 'add', 'coordinate': 8}, {'active': [2, 5, 6, 8], 'minimum': 0.000989772675499767, 'action': 'add', 'coordinate': 3}, {'active': [2, 3, 5, 6, 8], 'minimum': -0.00025795429641350953, 'action': 'remove', 'coordinate': 8}, {'active': [2, 3, 5, 6], 'minimum': 0.08990953007888947, 'action': 'accept'}]",True,False,2.7977620220553945e-14,7.448403685766015e-05,0.0011469061276834032,4,0,0.5708783161387222,True
87,B,gaussian_noise,"[0.0, 0.0, 0.4137059017754918, 0.0, 0.0, 0.4736911193240694, 0.11260297890043858, 0.0, 0.0, 0.0]",2,2,"[{'active': [2, 3, 5], 'minimum': 0.1502345577537021, 'action': 'add', 'coordinate': 6}, {'active': [2, 3, 5, 6], 'minimum': -0.07199778551966673, 'action': 'remove', 'coordinate': 3}, {'active': [2, 5, 6], 'minimum': 0.11260297890043858, 'action': 'accept'}]",True,False,2.220446049250313e-16,0.00026934145613178326,0.0021857675317096432,3,0,1.0585356269876092,True
87,B,gaussian_blur,"[0.0, 0.0, 0.4454474713511498, 0.002586031094574004, 0.0, 0.4120741243850925, 0.13989237316920544, 0.0, 0.0, 0.0]",1,1,"[{'active': [2, 3, 5], 'minimum': 0.04900423519475794, 'action': 'add', 'coordinate': 6}, {'active': [2, 3, 5, 6], 'minimum': 0.002586031094574004, 'action': 'accept'}]",True,False,2.1760371282653068e-14,0.0003935929322008711,0.0026702800490394306,4,0,0.8963485650625036,True
88,A,clean,"[0.0, 0.23755091670604844, 0.0, 0.06544725294979958, 0.0, 0.0, 0.696002653181744, 0.0, 0.0009991771624088541, 0.0]",1,1,"[{'active': [1, 3, 6], 'minimum': 0.06608233982999234, 'action': 'add', 'coordinate': 8}, {'active': [1, 3, 6, 8], 'minimum': 0.0009991771624088541, 'action': 'accept'}]",True,False,8.881784197001252e-16,6.551430481082445e-05,0.0003846977863376807,4,0,0.22269305135801556,True
88,A,brightness_dark,"[0.0, 0.2593159808858012, 0.0, 0.0, 0.0, 0.0, 0.7403322199894667, 0.0, 0.00035179912473226604, 0.0]",3,3,"[{'active': [1, 5, 6, 7], 'minimum': -0.10524612602925251, 'action': 'remove', 'coordinate': 5}, {'active': [1, 6, 7], 'minimum': -0.05337358405731174, 'action': 'remove', 'coordinate': 7}, {'active': [1, 6], 'minimum': 0.25959911750711906, 'action': 'add', 'coordinate': 8}, {'active': [1, 6, 8], 'minimum': 0.00035179912473226604, 'action': 'accept'}]",True,False,2.220446049250313e-16,0.00020103481994298753,0.0029121920308318506,3,0,0.23472522002554938,True
88,A,contrast_low,"[0.0, 0.0, 0.0, 0.018855299853400176, 0.0, 0.0, 0.8399823078366522, 0.0, 0.14116239230994876, 0.0]",4,4,"[{'active': [0, 5, 6, 7, 8], 'minimum': -0.2901407702322887, 'action': 'remove', 'coordinate': 7}, {'active': [0, 5, 6, 8], 'minimum': -0.030997611650821155, 'action': 'remove', 'coordinate': 0}, {'active': [5, 6, 8], 'minimum': 0.0007350894606492631, 'action': 'add', 'coordinate': 3}, {'active': [3, 5, 6, 8], 'minimum': -0.50673310303145, 'action': 'remove', 'coordinate': 5}, {'active': [3, 6, 8], 'minimum': 0.018855299853400176, 'action': 'accept'}]",True,False,1.1102230246251565e-15,0.0005716026132461795,0.001233907756413054,3,0,0.27270677606589383,True
88,A,gaussian_noise,"[0.03644116496380079, 0.22391392072812266, 0.0, 0.041730114169896027, 0.0, 0.0, 0.695889829335465, 0.0, 0.0, 0.002024970802693815]",1,1,"[{'active': [0, 1, 3, 6], 'minimum': 0.036800391872461646, 'action': 'add', 'coordinate': 9}, {'active': [0, 1, 3, 6, 9], 'minimum': 0.002024970802693815, 'action': 'accept'}]",True,False,2.1760371282653068e-14,3.053725186511382e-05,0.0001357216027459102,5,0,0.1453466039962639,True
88,A,gaussian_blur,"[0.0, 0.16723974470331704, 0.0, 0.03562113227309638, 0.0, 0.0, 0.7709020765254607, 0.0, 0.026237046498125582, 0.0]",2,2,"[{'active': [0, 1, 3, 6], 'minimum': 0.028157369694675027, 'action': 'add', 'coordinate': 8}, {'active': [0, 1, 3, 6, 8], 'minimum': -0.0020929145501771274, 'action': 'remove', 'coordinate': 0}, {'active': [1, 3, 6, 8], 'minimum': 0.026237046498125582, 'action': 'accept'}]",True,False,2.220446049250313e-16,9.297932017362743e-05,0.0004130546159904607,4,0,0.20445329381999242,True
88,B,clean,"[0.0, 0.23755091670604844, 0.0, 0.06544725294979958, 0.0, 0.0, 0.696002653181744, 0.0, 0.0009991771624088541, 0.0]",1,1,"[{'active': [1, 3, 6], 'minimum': 0.06608233982999234, 'action': 'add', 'coordinate': 8}, {'active': [1, 3, 6, 8], 'minimum': 0.0009991771624088541, 'action': 'accept'}]",True,False,8.881784197001252e-16,6.551430481082445e-05,0.0003846977863376807,4,0,0.22269305135801556,True
88,B,brightness_dark,"[0.0, 0.2580384030431592, 0.0, 0.0, 0.0, 0.0, 0.741540733605478, 0.0, 0.00042086335136271025, 0.0]",3,3,"[{'active': [1, 5, 6, 7], 'minimum': -0.10632575277029696, 'action': 'remove', 'coordinate': 5}, {'active': [1, 6, 7], 'minimum': -0.0542223784575806, 'action': 'remove', 'coordinate': 7}, {'active': [1, 6], 'minimum': 0.25837798547091007, 'action': 'add', 'coordinate': 8}, {'active': [1, 6, 8], 'minimum': 0.00042086335136271025, 'action': 'accept'}]",True,False,4.2934406030425976e-17,0.00020650553294522593,0.0030105711160269832,3,0,0.2382564603006685,True
88,B,contrast_low,"[0.0, 0.0, 0.0, 0.0, 0.0, 0.0, 0.8605235073053624, 0.0, 0.13947649269463758, 0.0]",1,1,"[{'active': [5, 6, 8], 'minimum': -0.023579634898462487, 'action': 'remove', 'coordinate': 5}, {'active': [6, 8], 'minimum': 0.13947649269463758, 'action': 'accept'}]",True,False,2.6617163334519134e-17,0.0005119986686365637,0.0016165918798875152,2,0,0.32050762549999323,True
88,B,gaussian_noise,"[0.03384113915391884, 0.2158229529384812, 0.0, 0.04627405027920517, 0.0, 0.0, 0.695298995598181, 0.0, 0.0028552496834990393, 0.005907612346703672]",2,2,"[{'active': [0, 1, 3, 6], 'minimum': 0.038021643987376785, 'action': 'add', 'coordinate': 8}, {'active': [0, 1, 3, 6, 8], 'minimum': 0.0039085099229190234, 'action': 'add', 'coordinate': 9}, {'active': [0, 1, 3, 6, 8, 9], 'minimum': 0.0028552496834990393, 'action': 'accept'}]",True,False,1.1102230246251565e-14,2.958984919558948e-05,0.0001394579831641869,6,0,0.15092815766507434,True
88,B,gaussian_blur,"[0.0, 0.1668880932441178, 0.0, 0.03599883136439197, 0.0, 0.0, 0.7695949446554395, 0.0, 0.027518130736050972, 0.0]",2,2,"[{'active': [0, 1, 3, 6], 'minimum': 0.028777546998703052, 'action': 'add', 'coordinate': 8}, {'active': [0, 1, 3, 6, 8], 'minimum': -0.004447176394309693, 'action': 'remove', 'coordinate': 0}, {'active': [1, 3, 6, 8], 'minimum': 0.027518130736050972, 'action': 'accept'}]",True,False,2.220446049250313e-16,8.677879731827323e-05,0.00042242797320171427,4,0,0.1944462364066462,True
89,A,clean,"[0.0, 0.06974332480387502, 0.36232759872445897, 0.14265004830923544, 0.0801394694797537, 0.22060316018634296, 0.12453639849633191, 0.0, 0.0, 0.0]",1,1,"[{'active': [1, 2, 3, 4, 5, 6, 8], 'minimum': -0.009691517758545487, 'action': 'remove', 'coordinate': 8}, {'active': [1, 2, 3, 4, 5, 6], 'minimum': 0.06974332480387502, 'action': 'accept'}]",True,False,3.857374489268928e-15,0.00012884301255555508,0.000792205989090822,6,0,0.5271396255146451,True
89,A,brightness_dark,"[0.0, 0.04979313950350306, 0.32357041630413264, 0.3159476931668337, 0.13128242367222498, 0.17940632735330553, 0.0, 0.0, 0.0, 0.0]",4,4,"[{'active': [2, 3, 8], 'minimum': 0.03614928824761254, 'action': 'add', 'coordinate': 1}, {'active': [1, 2, 3, 8], 'minimum': -0.02481464740789896, 'action': 'remove', 'coordinate': 8}, {'active': [1, 2, 3], 'minimum': 0.04496228366236235, 'action': 'add', 'coordinate': 5}, {'active': [1, 2, 3, 5], 'minimum': 0.046936419651795125, 'action': 'add', 'coordinate': 4}, {'active': [1, 2, 3, 4, 5], 'minimum': 0.04979313950350306, 'action': 'accept'}]",True,False,2.1858383159045758e-14,0.00017815393955636848,0.00039792306975619334,5,0,0.7209637810580674,True
89,A,contrast_low,"[0.0, 0.07423759343078729, 0.0, 0.0, 0.4619791597449048, 0.29948123235781554, 0.15050310445485193, 0.0, 0.0, 0.013798910011644239]",6,6,"[{'active': [1, 2, 3, 4, 5, 6, 7, 8, 9], 'minimum': -0.16465099328604538, 'action': 'remove', 'coordinate': 1}, {'active': [2, 3, 4, 5, 6, 7, 8, 9], 'minimum': -0.08005820039337985, 'action': 'remove', 'coordinate': 7}, {'active': [2, 3, 4, 5, 6, 8, 9], 'minimum': -0.04726649801308014, 'action': 'remove', 'coordinate': 3}, {'active': [2, 4, 5, 6, 8, 9], 'minimum': -0.023632746418439265, 'action': 'remove', 'coordinate': 8}, {'active': [2, 4, 5, 6, 9], 'minimum': -0.1489812726455504, 'action': 'remove', 'coordinate': 2}, {'active': [4, 5, 6, 9], 'minimum': 0.10428266051713969, 'action': 'add', 'coordinate': 1}, {'active': [1, 4, 5, 6, 9], 'minimum': 0.013798910011644239, 'action': 'accept'}]",True,False,3.774758283725532e-15,4.306712989668805e-05,0.0008822255832916268,5,0,0.866147152157509,True
89,A,gaussian_noise,"[0.0, 0.06520846959489646, 0.407154793531582, 0.09937945283920158, 0.07882992707625647, 0.21219321116385004, 0.1372341457942028, 0.0, 0.0, 0.0]",2,2,"[{'active': [1, 2, 3, 5, 6, 8], 'minimum': -0.011461145145465146, 'action': 'remove', 'coordinate': 8}, {'active': [1, 2, 3, 5, 6], 'minimum': 0.06499212764036222, 'action': 'add', 'coordinate': 4}, {'active': [1, 2, 3, 4, 5, 6], 'minimum': 0.06520846959489646, 'action': 'accept'}]",True,False,1.0658141036401503e-14,0.00015452236686266984,0.0010315366509498995,6,0,0.6371381408804392,True
89,A,gaussian_blur,"[0.0, 0.09519008798679995, 0.4028483068201254, 0.03643780031160304, 0.05428719776168123, 0.27344974172677894, 0.1377868653930392, 0.0, 0.0, 0.0]",3,3,"[{'active': [1, 2, 3, 5, 6, 8, 9], 'minimum': -0.01960524613267367, 'action': 'remove', 'coordinate': 8}, {'active': [1, 2, 3, 5, 6, 9], 'minimum': -0.044181849911680615, 'action': 'remove', 'coordinate': 9}, {'active': [1, 2, 3, 5, 6], 'minimum': 0.04136527936098133, 'action': 'add', 'coordinate': 4}, {'active': [1, 2, 3, 4, 5, 6], 'minimum': 0.03643780031160304, 'action': 'accept'}]",True,False,2.7755575615628914e-14,9.675925169416211e-05,0.000651472389557263,6,0,0.5189150243157115,True
89,B,clean,"[0.0, 0.06974332480387502, 0.36232759872445897, 0.14265004830923544, 0.0801394694797537, 0.22060316018634296, 0.12453639849633191, 0.0, 0.0, 0.0]",1,1,"[{'active': [1, 2, 3, 4, 5, 6, 8], 'minimum': -0.009691517758545487, 'action': 'remove', 'coordinate': 8}, {'active': [1, 2, 3, 4, 5, 6], 'minimum': 0.06974332480387502, 'action': 'accept'}]",True,False,3.857374489268928e-15,0.00012884301255555508,0.000792205989090822,6,0,0.5271396255146451,True
89,B,brightness_dark,"[0.0, 0.04938715639494351, 0.33062426185553395, 0.31289565776441464, 0.11997933765762525, 0.18711358632747022, 0.0, 0.0, 0.0, 0.0]",4,4,"[{'active': [2, 3, 8], 'minimum': 0.035308663946087726, 'action': 'add', 'coordinate': 1}, {'active': [1, 2, 3, 8], 'minimum': -0.025694736785024985, 'action': 'remove', 'coordinate': 8}, {'active': [1, 2, 3], 'minimum': 0.04483990428476578, 'action': 'add', 'coordinate': 5}, {'active': [1, 2, 3, 5], 'minimum': 0.04685887244895287, 'action': 'add', 'coordinate': 4}, {'active': [1, 2, 3, 4, 5], 'minimum': 0.04938715639494351, 'action': 'accept'}]",True,False,1.2434497875801753e-14,0.00018443228144413923,0.00042145978025256607,5,0,0.7129601607600904,True
89,B,contrast_low,"[0.0, 0.06328337619254398, 0.0, 0.027022512604730764, 0.4480146798083524, 0.2884041214613262, 0.14688568230457122, 0.0, 0.0, 0.02638962762864594]",5,5,"[{'active': [2, 3, 4, 5, 6, 8, 9], 'minimum': -0.02684037132345196, 'action': 'remove', 'coordinate': 8}, {'active': [2, 3, 4, 5, 6, 9], 'minimum': -0.06656378123577156, 'action': 'remove', 'coordinate': 3}, {'active': [2, 4, 5, 6, 9], 'minimum': -0.07439667677427142, 'action': 'remove', 'coordinate': 2}, {'active': [4, 5, 6, 9], 'minimum': 0.10367145741075717, 'action': 'add', 'coordinate': 1}, {'active': [1, 4, 5, 6, 9], 'minimum': 0.03783108142041414, 'action': 'add', 'coordinate': 3}, {'active': [1, 3, 4, 5, 6, 9], 'minimum': 0.02638962762864594, 'action': 'accept'}]",True,False,1.7053025658242404e-13,3.705880831966346e-05,0.0007383396578758155,6,0,0.8992139168845852,True
89,B,gaussian_noise,"[0.0, 0.06460945100355708, 0.40924917515947357, 0.09960654302778948, 0.07503947783162346, 0.21476665859373156, 0.13672869438386925, 0.0, 0.0, 0.0]",2,2,"[{'active': [1, 2, 3, 5, 6, 8], 'minimum': -0.013769408902711167, 'action': 'remove', 'coordinate': 8}, {'active': [1, 2, 3, 5, 6], 'minimum': 0.06442976752107121, 'action': 'add', 'coordinate': 4}, {'active': [1, 2, 3, 4, 5, 6], 'minimum': 0.06460945100355708, 'action': 'accept'}]",True,False,4.440892098500626e-14,0.00014826705508949972,0.001018923060411957,6,0,0.6350071137325479,True
89,B,gaussian_blur,"[0.0, 0.09547672597670132, 0.41057833901618324, 0.046405307634159954, 0.04049842657583724, 0.2681453602077539, 0.1388958405893277, 0.0, 0.0, 0.0]",3,3,"[{'active': [1, 2, 3, 5, 6, 8, 9], 'minimum': -0.016745358198750004, 'action': 'remove', 'coordinate': 8}, {'active': [1, 2, 3, 5, 6, 9], 'minimum': -0.03792632325608736, 'action': 'remove', 'coordinate': 9}, {'active': [1, 2, 3, 5, 6], 'minimum': 0.049932245746873605, 'action': 'add', 'coordinate': 4}, {'active': [1, 2, 3, 4, 5, 6], 'minimum': 0.04049842657583724, 'action': 'accept'}]",True,False,3.6637359812630166e-14,9.764779801488541e-05,0.0006499519693125927,6,0,0.5118604355116403,True
90,A,clean,"[0.0, 0.06343330482289566, 0.0, 0.0, 0.0, 0.8492584294241476, 0.08730826575295669, 0.0, 0.0, 0.0]",4,4,"[{'active': [3, 4, 5], 'minimum': -0.49256876806350824, 'action': 'remove', 'coordinate': 4}, {'active': [3, 5], 'minimum': 0.2541685055746244, 'action': 'add', 'coordinate': 1}, {'active': [1, 3, 5], 'minimum': 0.0605843363774658, 'action': 'add', 'coordinate': 6}, {'active': [1, 3, 5, 6], 'minimum': -0.4956224738971242, 'action': 'remove', 'coordinate': 3}, {'active': [1, 5, 6], 'minimum': 0.06343330482289566, 'action': 'accept'}]",True,False,1.1709383462843448e-17,0.002181459852189753,0.005210944263962391,3,0,0.6226912003924325,True
90,A,brightness_dark,"[0.0, 0.09501889276401188, 0.0, 0.0, 0.0, 0.6422519153555952, 0.26272919188039356, 0.0, 0.0, 0.0]",6,6,"[{'active': [3, 4, 5], 'minimum': -0.6962569988074527, 'action': 'remove', 'coordinate': 4}, {'active': [3, 5], 'minimum': -0.31100583139382576, 'action': 'remove', 'coordinate': 5}, {'active': [3], 'minimum': 1.0, 'action': 'add', 'coordinate': 1}, {'active': [1, 3], 'minimum': 0.06669870742663253, 'action': 'add', 'coordinate': 6}, {'active': [1, 3, 6], 'minimum': 0.0841739086550859, 'action': 'add', 'coordinate': 5}, {'active': [1, 3, 5, 6], 'minimum': -0.389180985545436, 'action': 'remove', 'coordinate': 3}, {'active': [1, 5, 6], 'minimum': 0.09501889276401188, 'action': 'accept'}]",True,False,6.661338147750939e-16,0.0021898285546413532,0.006339387008099769,3,0,1.4378065143790233,True
90,A,contrast_low,"[0.0, 0.018791197445010566, 0.0, 0.10613750197353045, 0.0, 0.7854166532017847, 0.08965464737964712, 0.0, 0.0, 0.0]",4,4,"[{'active': [4, 5], 'minimum': -0.3094127294833159, 'action': 'remove', 'coordinate': 4}, {'active': [5], 'minimum': 1.0, 'action': 'add', 'coordinate': 6}, {'active': [5, 6], 'minimum': 0.093034242128049, 'action': 'add', 'coordinate': 1}, {'active': [1, 5, 6], 'minimum': 0.017203748515353, 'action': 'add', 'coordinate': 3}, {'active': [1, 3, 5, 6], 'minimum': 0.018791197445010566, 'action': 'accept'}]",True,False,2.7200464103316335e-14,0.0012550267895820085,0.0027000583021946304,4,0,0.5432445297319662,True
90,A,gaussian_noise,"[0.0, 0.07044041442562432, 0.0, 0.0, 0.0, 0.829289809207133, 0.10026977636724288, 0.0, 0.0, 0.0]",3,3,"[{'active': [4, 5], 'minimum': -0.19369183069722518, 'action': 'remove', 'coordinate': 4}, {'active': [5], 'minimum': 1.0, 'action': 'add', 'coordinate': 1}, {'active': [1, 5], 'minimum': 0.06680099362237027, 'action': 'add', 'coordinate': 6}, {'active': [1, 5, 6], 'minimum': 0.07044041442562432, 'action': 'accept'}]",True,False,2.220446049250313e-16,0.0019022209980047492,0.004320667818255163,3,0,0.47077249198908266,True
90,A,gaussian_blur,"[0.0, 0.048083131449044136, 0.0, 0.0, 0.0, 0.8983794693301141, 0.05353739922084211, 0.0, 0.0, 0.0]",3,3,"[{'active': [4, 5], 'minimum': -0.20718154501267239, 'action': 'remove', 'coordinate': 4}, {'active': [5], 'minimum': 1.0, 'action': 'add', 'coordinate': 1}, {'active': [1, 5], 'minimum': 0.04415986174951597, 'action': 'add', 'coordinate': 6}, {'active': [1, 5, 6], 'minimum': 0.048083131449044136, 'action': 'accept'}]",True,False,4.440892098500626e-16,0.001280338864120176,0.0021693407136052314,3,0,0.20324106133977216,True
90,B,clean,"[0.0, 0.06343330482289566, 0.0, 0.0, 0.0, 0.8492584294241476, 0.08730826575295669, 0.0, 0.0, 0.0]",4,4,"[{'active': [3, 4, 5], 'minimum': -0.49256876806350824, 'action': 'remove', 'coordinate': 4}, {'active': [3, 5], 'minimum': 0.2541685055746244, 'action': 'add', 'coordinate': 1}, {'active': [1, 3, 5], 'minimum': 0.0605843363774658, 'action': 'add', 'coordinate': 6}, {'active': [1, 3, 5, 6], 'minimum': -0.4956224738971242, 'action': 'remove', 'coordinate': 3}, {'active': [1, 5, 6], 'minimum': 0.06343330482289566, 'action': 'accept'}]",True,False,1.1709383462843448e-17,0.002181459852189753,0.005210944263962391,3,0,0.6226912003924325,True
90,B,brightness_dark,"[0.0, 0.09346730845658857, 0.0, 0.0, 0.0, 0.6405444038855483, 0.2659882876578634, 0.0, 0.0, 0.0]",6,6,"[{'active': [3, 4, 5], 'minimum': -0.6957475360595993, 'action': 'remove', 'coordinate': 4}, {'active': [3, 5], 'minimum': -0.35009108924492294, 'action': 'remove', 'coordinate': 5}, {'active': [3], 'minimum': 1.0, 'action': 'add', 'coordinate': 1}, {'active': [1, 3], 'minimum': 0.06563853058696675, 'action': 'add', 'coordinate': 6}, {'active': [1, 3, 6], 'minimum': 0.08326655320154808, 'action': 'add', 'coordinate': 5}, {'active': [1, 3, 5, 6], 'minimum': -0.3324726241705074, 'action': 'remove', 'coordinate': 3}, {'active': [1, 5, 6], 'minimum': 0.09346730845658857, 'action': 'accept'}]",True,False,4.440892098500626e-16,0.002274846544199024,0.006794530948201518,3,0,1.4966148972097608,True
90,B,contrast_low,"[0.0, 0.023582290748254575, 0.0, 0.2772190887071968, 0.0, 0.6056606432968578, 0.09353797724768398, 0.0, 0.0, 0.0]",3,3,"[{'active': [3, 4, 5], 'minimum': -0.4800055676706485, 'action': 'remove', 'coordinate': 4}, {'active': [3, 5], 'minimum': 0.4166200965501692, 'action': 'add', 'coordinate': 1}, {'active': [1, 3, 5], 'minimum': 0.024032655089931243, 'action': 'add', 'coordinate': 6}, {'active': [1, 3, 5, 6], 'minimum': 0.023582290748254575, 'action': 'accept'}]",True,False,6.8833827526759706e-15,0.001273082247875986,0.0030241400335332433,4,0,0.749707913546197,True
90,B,gaussian_noise,"[0.0, 0.06934645912479898, 0.0, 0.0, 0.0, 0.8283900525996897, 0.10226348827551113, 0.0, 0.0, 0.0]",3,3,"[{'active': [4, 5], 'minimum': -0.17054576344226735, 'action': 'remove', 'coordinate': 4}, {'active': [5], 'minimum': 1.0, 'action': 'add', 'coordinate': 1}, {'active': [1, 5], 'minimum': 0.06561965288284749, 'action': 'add', 'coordinate': 6}, {'active': [1, 5, 6], 'minimum': 0.06934645912479898, 'action': 'accept'}]",True,False,2.220446049250313e-16,0.0018633537570423402,0.004167599699610931,3,0,0.46243953996023324,True
90,B,gaussian_blur,"[0.0, 0.04802820929090318, 0.0, 0.0, 0.0, 0.8972765368661073, 0.05469525384298923, 0.0, 0.0, 0.0]",3,3,"[{'active': [4, 5], 'minimum': -0.20616021570741183, 'action': 'remove', 'coordinate': 4}, {'active': [5], 'minimum': 1.0, 'action': 'add', 'coordinate': 1}, {'active': [1, 5], 'minimum': 0.0438900855570829, 'action': 'add', 'coordinate': 6}, {'active': [1, 5, 6], 'minimum': 0.04802820929090318, 'action': 'accept'}]",True,False,2.220446049250313e-16,0.0012897804019484191,0.0022207361564842865,3,0,0.20904559843808884,True
91,A,clean,"[0.0, 0.0, 0.0, 0.06552220640883244, 0.0, 0.0018658028754824363, 0.0, 0.11172503403778966, 0.2255417122208183, 0.5953452444570786]",1,1,"[{'active': [3, 7, 8, 9], 'minimum': 0.0670235840025123, 'action': 'add', 'coordinate': 5}, {'active': [3, 5, 7, 8, 9], 'minimum': 0.0018658028754824363, 'action': 'accept'}]",True,False,1.3322676295501878e-15,0.0008539794329650341,0.0018609338781607017,5,0,0.30929986347038485,True
91,A,brightness_dark,"[0.0, 0.0, 0.0, 0.0, 0.0, 0.0, 0.10854028774486268, 0.038994010837368975, 0.1598467821484369, 0.6926189192693316]",3,3,"[{'active': [9], 'minimum': 1.0, 'action': 'add', 'coordinate': 6}, {'active': [6, 9], 'minimum': 0.14133188377172734, 'action': 'add', 'coordinate': 8}, {'active': [6, 8, 9], 'minimum': 0.1331058677297543, 'action': 'add', 'coordinate': 7}, {'active': [6, 7, 8, 9], 'minimum': 0.038994010837368975, 'action': 'accept'}]",True,False,2.220446049250313e-16,0.0007473506537190384,0.00534586495573266,4,0,0.614762161461337,True
91,A,contrast_low,"[0.0, 0.0, 0.0, 0.24096278885249134, 0.0, 0.0, 0.0, 0.0, 0.2604502830385038, 0.49858692810900473]",1,1,"[{'active': [3, 7, 8, 9], 'minimum': -0.1569005342526768, 'action': 'remove', 'coordinate': 7}, {'active': [3, 8, 9], 'minimum': 0.24096278885249134, 'action': 'accept'}]",True,False,1.1102230246251565e-16,0.0005987364651520424,0.0017266629216010456,3,0,0.5268427574529027,True
91,A,gaussian_noise,"[0.0, 0.0, 0.0, 0.14090713871299965, 0.0, 0.0, 0.013014523739552475, 0.06433378275338941, 0.2639207975686646, 0.5178237572253952]",1,1,"[{'active': [3, 7, 8, 9], 'minimum': 0.05203894133877074, 'action': 'add', 'coordinate': 6}, {'active': [3, 6, 7, 8, 9], 'minimum': 0.013014523739552475, 'action': 'accept'}]",True,False,1.3322676295501878e-15,0.0007357158705099097,0.0016630064824334414,5,0,0.3015148661686815,True
91,A,gaussian_blur,"[0.0, 0.0, 0.0, 0.0, 0.0, 0.0, 0.0, 0.14053250971327924, 0.217718462371991, 0.6417490279147295]",1,1,"[{'active': [3, 7, 8, 9], 'minimum': -0.03096123829101982, 'action': 'remove', 'coordinate': 3}, {'active': [7, 8, 9], 'minimum': 0.14053250971327924, 'action': 'accept'}]",True,False,2.220446049250313e-16,0.0007532685356958108,0.001308446338546669,3,0,0.1483350880052654,True
91,B,clean,"[0.0, 0.0, 0.0, 0.06552220640883244, 0.0, 0.0018658028754824363, 0.0, 0.11172503403778966, 0.2255417122208183, 0.5953452444570786]",1,1,"[{'active': [3, 7, 8, 9], 'minimum': 0.0670235840025123, 'action': 'add', 'coordinate': 5}, {'active': [3, 5, 7, 8, 9], 'minimum': 0.0018658028754824363, 'action': 'accept'}]",True,False,1.3322676295501878e-15,0.0008539794329650341,0.0018609338781607017,5,0,0.30929986347038485,True
91,B,brightness_dark,"[0.0, 0.0, 0.0, 0.0, 0.0, 0.0, 0.11263397942582054, 0.036678489715370355, 0.16386687599170563, 0.686820654867103]",3,3,"[{'active': [9], 'minimum': 1.0, 'action': 'add', 'coordinate': 6}, {'active': [6, 9], 'minimum': 0.1434794619414338, 'action': 'add', 'coordinate': 8}, {'active': [6, 8, 9], 'minimum': 0.13568105633598587, 'action': 'add', 'coordinate': 7}, {'active': [6, 7, 8, 9], 'minimum': 0.036678489715370355, 'action': 'accept'}]",True,False,4.440892098500626e-16,0.0007639312851143824,0.005509369303000065,4,0,0.6263586902657936,True
91,B,contrast_low,"[0.0, 0.0, 0.0, 0.22381380680327156, 0.0, 0.0, 0.012085443126787387, 0.0, 0.2587121978644439, 0.5053885522054966]",2,2,"[{'active': [3, 7, 8, 9], 'minimum': -0.14277078770999663, 'action': 'remove', 'coordinate': 7}, {'active': [3, 8, 9], 'minimum': 0.2379533927841323, 'action': 'add', 'coordinate': 6}, {'active': [3, 6, 8, 9], 'minimum': 0.012085443126787387, 'action': 'accept'}]",True,False,5.551115123125783e-16,0.0006249606532769716,0.0029608476894577122,4,0,0.6787603454754589,True
91,B,gaussian_noise,"[0.0, 0.0, 0.0, 0.14475763649805318, 0.0, 0.0, 0.013743905891881125, 0.06342462854034059, 0.2629459818561095, 0.5151278472136176]",1,1,"[{'active': [3, 7, 8, 9], 'minimum': 0.05050217441300209, 'action': 'add', 'coordinate': 6}, {'active': [3, 6, 7, 8, 9], 'minimum': 0.013743905891881125, 'action': 'accept'}]",True,False,1.9984014443252818e-15,0.0006905835777775946,0.0015951036594541298,5,0,0.2981474014927251,True
91,B,gaussian_blur,"[0.0, 0.0, 0.0, 0.0, 0.0, 0.0, 0.0, 0.1366993362465665, 0.21435273613067585, 0.648947927622757]",1,1,"[{'active': [3, 7, 8, 9], 'minimum': -0.044060574909682404, 'action': 'remove', 'coordinate': 3}, {'active': [7, 8, 9], 'minimum': 0.1366993362465665, 'action': 'accept'}]",True,False,6.661338147750939e-16,0.0007485063890387786,0.0011944606714567839,3,0,0.13704946521842687,True
92,A,clean,"[0.0, 0.8378484744054581, 0.0, 0.0, 0.0, 0.0, 0.0, 0.0, 0.16215152559454193, 0.0]",0,0,"[{'active': [1, 8], 'minimum': 0.16215152559454193, 'action': 'accept'}]",True,False,1.3877787807814457e-17,0.00033655461517058985,0.0007596206065630612,2,0,0.14923764891033908,True
92,A,brightness_dark,"[0.0, 0.8626476220506966, 0.0, 0.0, 0.0, 0.0, 0.0, 0.0, 0.13735237794930344, 0.0]",4,4,"[{'active': [0, 1, 4, 5, 8, 9], 'minimum': -0.12191913215810501, 'action': 'remove', 'coordinate': 4}, {'active': [0, 1, 5, 8, 9], 'minimum': -0.10323948487202017, 'action': 'remove', 'coordinate': 5}, {'active': [0, 1, 8, 9], 'minimum': -0.5166983681960353, 'action': 'remove', 'coordinate': 9}, {'active': [0, 1, 8], 'minimum': -0.15679702625460035, 'action': 'remove', 'coordinate': 0}, {'active': [1, 8], 'minimum': 0.13735237794930344, 'action': 'accept'}]",True,False,2.2551405187698492e-17,0.0007013240516143377,0.01179295101854346,2,0,0.7113991945709413,True
92,A,contrast_low,"[0.0, 0.8849425455475624, 0.0, 0.0, 0.0, 0.0, 0.0, 0.0, 0.11505745445243765, 0.0]",3,3,"[{'active': [1, 3, 4], 'minimum': -0.09902576861675527, 'action': 'remove', 'coordinate': 4}, {'active': [1, 3], 'minimum': 0.00040564673141629815, 'action': 'add', 'coordinate': 8}, {'active': [1, 3, 8], 'minimum': -0.0295074874941883, 'action': 'remove', 'coordinate': 3}, {'active': [1, 8], 'minimum': 0.11505745445243765, 'action': 'accept'}]",True,False,5.637851296924623e-17,0.00029570377699536656,0.0049201734163368,2,0,0.35993366579262237,True
92,A,gaussian_noise,"[0.0, 0.8392198148607531, 0.0, 0.0, 0.0, 0.0, 0.0, 0.0, 0.16078018513924686, 0.0]",0,0,"[{'active': [1, 8], 'minimum': 0.16078018513924686, 'action': 'accept'}]",True,False,2.0816681711721685e-17,0.0004952865159086423,0.0009702795145594605,2,0,0.17524223443693443,True
92,A,gaussian_blur,"[0.0, 0.8396288091786483, 0.0, 0.0, 0.0, 0.0, 0.0, 0.0, 0.16037119082135165, 0.0]",0,0,"[{'active': [1, 8], 'minimum': 0.16037119082135165, 'action': 'accept'}]",True,False,3.9898639947466563e-17,0.0004808859758491135,0.0007992969405318405,2,0,0.14635929603801423,True
92,B,clean,"[0.0, 0.8378484744054581, 0.0, 0.0, 0.0, 0.0, 0.0, 0.0, 0.16215152559454193, 0.0]",0,0,"[{'active': [1, 8], 'minimum': 0.16215152559454193, 'action': 'accept'}]",True,False,1.3877787807814457e-17,0.00033655461517058985,0.0007596206065630612,2,0,0.14923764891033908,True
92,B,brightness_dark,"[0.0, 0.8588684309666487, 0.0, 0.0, 0.0, 0.0, 0.0, 0.0, 0.14113156903335133, 0.0]",4,4,"[{'active': [0, 1, 4, 5, 8, 9], 'minimum': -0.12169661036055857, 'action': 'remove', 'coordinate': 4}, {'active': [0, 1, 5, 8, 9], 'minimum': -0.10074655355730044, 'action': 'remove', 'coordinate': 5}, {'active': [0, 1, 8, 9], 'minimum': -0.5159664566585134, 'action': 'remove', 'coordinate': 9}, {'active': [0, 1, 8], 'minimum': -0.15419981904526336, 'action': 'remove', 'coordinate': 0}, {'active': [1, 8], 'minimum': 0.14113156903335133, 'action': 'accept'}]",True,False,2.949029909160572e-17,0.000703733272899944,0.012537999065886317,2,0,0.7433242527579187,True
92,B,contrast_low,"[0.0, 0.8766383403639892, 0.0, 0.0, 0.0, 0.0, 0.0, 0.0, 0.12336165963601076, 0.0]",3,3,"[{'active': [1, 3, 4], 'minimum': -0.07143195623161347, 'action': 'remove', 'coordinate': 4}, {'active': [1, 3], 'minimum': 0.01208589937048854, 'action': 'add', 'coordinate': 8}, {'active': [1, 3, 8], 'minimum': -0.023624180219231627, 'action': 'remove', 'coordinate': 3}, {'active': [1, 8], 'minimum': 0.12336165963601076, 'action': 'accept'}]",True,False,2.0816681711721685e-17,0.00020900706782727444,0.0038934344969363817,2,0,0.3207386067327434,True
92,B,gaussian_noise,"[0.0, 0.839660410780823, 0.0, 0.0, 0.0, 0.0, 0.0, 0.0, 0.16033958921917696, 0.0]",0,0,"[{'active': [1, 8], 'minimum': 0.16033958921917696, 'action': 'accept'}]",True,False,8.673617379884035e-18,0.0005104133228003157,0.0009800532023553844,2,0,0.17697554785691821,True
92,B,gaussian_blur,"[0.0, 0.8387869558746119, 0.0, 0.0, 0.0, 0.0, 0.0, 0.0, 0.16121304412538806, 0.0]",0,0,"[{'active': [1, 8], 'minimum': 0.16121304412538806, 'action': 'accept'}]",True,False,1.734723475976807e-17,0.00047494491724732517,0.0007977850688394264,2,0,0.1458101925169336,True
93,A,clean,"[0.0, 0.0, 0.4827520105833898, 0.0, 0.19467628064289944, 0.08943912834928254, 0.23313258042443907, 0.0, 0.0, 0.0]",4,4,"[{'active': [1, 2, 3, 4, 6, 7], 'minimum': -0.10210149162027438, 'action': 'remove', 'coordinate': 1}, {'active': [2, 3, 4, 6, 7], 'minimum': -0.1283090241808722, 'action': 'remove', 'coordinate': 7}, {'active': [2, 3, 4, 6], 'minimum': 0.0822747292113131, 'action': 'add', 'coordinate': 5}, {'active': [2, 3, 4, 5, 6], 'minimum': -0.25995283547440096, 'action': 'remove', 'coordinate': 3}, {'active': [2, 4, 5, 6], 'minimum': 0.08943912834928254, 'action': 'accept'}]",True,False,1.0880185641326534e-14,0.0018119768173086783,0.0030790138722517728,4,0,1.3553467245301887,True
93,A,brightness_dark,"[0.0, 0.0, 0.0, 0.0, 0.841104080167338, 0.0, 0.15889591983266202, 0.0, 0.0, 0.0]",1,1,"[{'active': [4], 'minimum': 1.0, 'action': 'add', 'coordinate': 6}, {'active': [4, 6], 'minimum': 0.15889591983266202, 'action': 'accept'}]",True,False,1.6479873021779667e-17,0.0015230905909582415,0.002522130489032241,2,0,0.3177918396653241,True
93,A,contrast_low,"[0.0, 0.0, 0.3241584749756896, 0.0, 0.39686438780299227, 0.0, 0.2789771372213039, 0.0, 0.0, 0.0]",3,3,"[{'active': [0, 4, 6, 7], 'minimum': -0.11589032605036276, 'action': 'remove', 'coordinate': 7}, {'active': [0, 4, 6], 'minimum': -0.10985417367052586, 'action': 'remove', 'coordinate': 0}, {'active': [4, 6], 'minimum': 0.22275650912710088, 'action': 'add', 'coordinate': 2}, {'active': [2, 4, 6], 'minimum': 0.2789771372213039, 'action': 'accept'}]",True,False,1.4210854715202004e-14,0.0008911513177457589,0.0022465307477716034,3,0,0.9697265816997129,True
93,A,gaussian_noise,"[0.0, 0.0, 0.37527240051496547, 0.0, 0.2997676566720502, 0.07724415537853377, 0.24771578743445777, 0.0, 0.0, 0.0]",3,3,"[{'active': [3, 4, 6], 'minimum': -0.06340986092016898, 'action': 'remove', 'coordinate': 3}, {'active': [4, 6], 'minimum': 0.18108149564803427, 'action': 'add', 'coordinate': 2}, {'active': [2, 4, 6], 'minimum': 0.2213239394988804, 'action': 'add', 'coordinate': 5}, {'active': [2, 4, 5, 6], 'minimum': 0.07724415537853377, 'action': 'accept'}]",True,False,7.105427357601002e-15,0.002059823257259212,0.00299222555706473,4,0,1.3449019753829206,True
93,A,gaussian_blur,"[0.0, 0.0, 0.5985314008092741, 0.1029159624387499, 0.0, 0.04424657916602419, 0.2543060575859418, 0.0, 0.0, 0.0]",4,4,"[{'active': [3, 4], 'minimum': 0.2096695961873986, 'action': 'add', 'coordinate': 6}, {'active': [3, 4, 6], 'minimum': 0.04179420097981357, 'action': 'add', 'coordinate': 2}, {'active': [2, 3, 4, 6], 'minimum': -0.17761971223918227, 'action': 'remove', 'coordinate': 4}, {'active': [2, 3, 6], 'minimum': 0.1590163131488005, 'action': 'add', 'coordinate': 5}, {'active': [2, 3, 5, 6], 'minimum': 0.04424657916602419, 'action': 'accept'}]",True,False,9.992007221626409e-15,0.0015263979143858436,0.002799417586536322,4,0,1.7941680751224904,True
93,B,clean,"[0.0, 0.0, 0.4827520105833898, 0.0, 0.19467628064289944, 0.08943912834928254, 0.23313258042443907, 0.0, 0.0, 0.0]",4,4,"[{'active': [1, 2, 3, 4, 6, 7], 'minimum': -0.10210149162027438, 'action': 'remove', 'coordinate': 1}, {'active': [2, 3, 4, 6, 7], 'minimum': -0.1283090241808722, 'action': 'remove', 'coordinate': 7}, {'active': [2, 3, 4, 6], 'minimum': 0.0822747292113131, 'action': 'add', 'coordinate': 5}, {'active': [2, 3, 4, 5, 6], 'minimum': -0.25995283547440096, 'action': 'remove', 'coordinate': 3}, {'active': [2, 4, 5, 6], 'minimum': 0.08943912834928254, 'action': 'accept'}]",True,False,1.0880185641326534e-14,0.0018119768173086783,0.0030790138722517728,4,0,1.3553467245301887,True
93,B,brightness_dark,"[0.0, 0.0, 0.011506580302551583, 0.0, 0.829165682059184, 0.0, 0.15932773763825736, 0.0, 0.0, 0.0]",2,2,"[{'active': [4], 'minimum': 1.0, 'action': 'add', 'coordinate': 6}, {'active': [4, 6], 'minimum': 0.15801427098543175, 'action': 'add', 'coordinate': 2}, {'active': [2, 4, 6], 'minimum': 0.011506580302551583, 'action': 'accept'}]",True,False,7.105427357601002e-15,0.0015382642764676187,0.002535696123178392,3,0,0.341668635881625,True
93,B,contrast_low,"[0.0, 0.0, 0.2013085799767964, 0.0, 0.5439759192180418, 0.0, 0.25471550080511207, 0.0, 0.0, 0.0]",3,3,"[{'active': [0, 4, 5, 6], 'minimum': -0.10256445300908135, 'action': 'remove', 'coordinate': 0}, {'active': [4, 5, 6], 'minimum': -0.13211994820674988, 'action': 'remove', 'coordinate': 5}, {'active': [4, 6], 'minimum': 0.22227771816779252, 'action': 'add', 'coordinate': 2}, {'active': [2, 4, 6], 'minimum': 0.2013085799767964, 'action': 'accept'}]",True,False,4.973799150320701e-14,0.0007533063946453062,0.0015971832204370769,3,0,0.7136996325543257,True
93,B,gaussian_noise,"[0.0, 0.0, 0.4048989865039059, 0.0, 0.23914323775522028, 0.09748736812308895, 0.2584704076177351, 0.0, 0.0, 0.0]",3,3,"[{'active': [3, 4, 6], 'minimum': -0.04213423862108634, 'action': 'remove', 'coordinate': 3}, {'active': [4, 6], 'minimum': 0.18158677090805214, 'action': 'add', 'coordinate': 2}, {'active': [2, 4, 6], 'minimum': 0.22156073214590322, 'action': 'add', 'coordinate': 5}, {'active': [2, 4, 5, 6], 'minimum': 0.09748736812308895, 'action': 'accept'}]",True,False,4.973799150320701e-14,0.0020262089976866558,0.002969460219865774,4,0,1.4685497531439222,True
93,B,gaussian_blur,"[0.0, 0.0, 0.5981693911652142, 0.0909881595529558, 0.0, 0.051482541223074815, 0.25935990805877573, 0.0, 0.0, 0.0]",4,4,"[{'active': [3, 4], 'minimum': 0.20866005854383107, 'action': 'add', 'coordinate': 6}, {'active': [3, 4, 6], 'minimum': 0.03851146589178178, 'action': 'add', 'coordinate': 2}, {'active': [2, 3, 4, 6], 'minimum': -0.20062527443904443, 'action': 'remove', 'coordinate': 4}, {'active': [2, 3, 6], 'minimum': 0.15638622322016005, 'action': 'add', 'coordinate': 5}, {'active': [2, 3, 5, 6], 'minimum': 0.051482541223074815, 'action': 'accept'}]",True,False,2.042810365310288e-14,0.0015651410256809198,0.0028820295874180395,4,0,1.8180236808941088,True
94,A,clean,"[0.0, 0.03240436141719083, 0.0, 0.0, 0.0, 0.877795705370477, 0.08614933938528115, 0.0, 0.003650593827051185, 0.0]",3,3,"[{'active': [5], 'minimum': 1.0, 'action': 'add', 'coordinate': 1}, {'active': [1, 5], 'minimum': 0.033283926739761605, 'action': 'add', 'coordinate': 6}, {'active': [1, 5, 6], 'minimum': 0.034918978502371856, 'action': 'add', 'coordinate': 8}, {'active': [1, 5, 6, 8], 'minimum': 0.003650593827051185, 'action': 'accept'}]",True,False,2.220446049250313e-16,0.0007590358000463597,0.0013795598823011096,4,0,0.24440858925904613,True
94,A,brightness_dark,"[0.0, 0.054543921497751544, 0.0, 0.0, 0.0, 0.5278248759338933, 0.40315482978556655, 0.014476372782787905, 0.0, 0.0]",2,2,"[{'active': [5, 6], 'minimum': 0.3827696836059154, 'action': 'add', 'coordinate': 1}, {'active': [1, 5, 6], 'minimum': 0.05571798252454796, 'action': 'add', 'coordinate': 7}, {'active': [1, 5, 6, 7], 'minimum': 0.014476372782787905, 'action': 'accept'}]",True,False,7.771561172376096e-16,0.0003783583596709675,0.004525088213842051,4,0,0.8247825500147673,True
94,A,contrast_low,"[0.0, 0.0, 0.0, 0.2395360275446876, 0.0, 0.4093735379907173, 0.3510904344646093, 0.0, 0.0, 0.0]",1,1,"[{'active': [5, 6], 'minimum': 0.3878892290466968, 'action': 'add', 'coordinate': 3}, {'active': [3, 5, 6], 'minimum': 0.2395360275446876, 'action': 'accept'}]",True,False,1.4210854715202004e-14,0.0005112656732527174,0.002348909140685769,3,0,0.8975768504792329,True
94,A,gaussian_noise,"[0.0, 0.0010226480662118842, 0.0, 0.0, 0.0, 0.8609951257311181, 0.11118068591050884, 0.0, 0.026801540292161585, 0.0]",3,3,"[{'active': [5], 'minimum': 1.0, 'action': 'add', 'coordinate': 6}, {'active': [5, 6], 'minimum': 0.10459071977528847, 'action': 'add', 'coordinate': 8}, {'active': [5, 6, 8], 'minimum': 0.027636572203638243, 'action': 'add', 'coordinate': 1}, {'active': [1, 5, 6, 8], 'minimum': 0.0010226480662118842, 'action': 'accept'}]",True,False,4.440892098500626e-16,0.0004873012313443185,0.0011422501344822695,4,0,0.27800974853776417,True
94,A,gaussian_blur,"[0.0, 0.04431453613922387, 0.0, 0.0, 0.0, 0.8161984439365305, 0.12361062887129692, 0.0, 0.015876391052948635, 0.0]",3,3,"[{'active': [5], 'minimum': 1.0, 'action': 'add', 'coordinate': 1}, {'active': [1, 5], 'minimum': 0.047550188649146424, 'action': 'add', 'coordinate': 6}, {'active': [1, 5, 6], 'minimum': 0.05555558080539841, 'action': 'add', 'coordinate': 8}, {'active': [1, 5, 6, 8], 'minimum': 0.015876391052948635, 'action': 'accept'}]",True,False,9.172350379227368e-17,0.0005299193050720818,0.0015896456345776003,4,0,0.3676031121269389,True
94,B,clean,"[0.0, 0.03240436141719083, 0.0, 0.0, 0.0, 0.877795705370477, 0.08614933938528115, 0.0, 0.003650593827051185, 0.0]",3,3,"[{'active': [5], 'minimum': 1.0, 'action': 'add', 'coordinate': 1}, {'active': [1, 5], 'minimum': 0.033283926739761605, 'action': 'add', 'coordinate': 6}, {'active': [1, 5, 6], 'minimum': 0.034918978502371856, 'action': 'add', 'coordinate': 8}, {'active': [1, 5, 6, 8], 'minimum': 0.003650593827051185, 'action': 'accept'}]",True,False,2.220446049250313e-16,0.0007590358000463597,0.0013795598823011096,4,0,0.24440858925904613,True
94,B,brightness_dark,"[0.0, 0.05221107959871185, 0.0, 0.0, 0.0, 0.5300426693814763, 0.4037596730667572, 0.013986577953052137, 0.0, 0.0]",2,2,"[{'active': [5, 6], 'minimum': 0.3851693485158345, 'action': 'add', 'coordinate': 1}, {'active': [1, 5, 6], 'minimum': 0.053346111562334375, 'action': 'add', 'coordinate': 7}, {'active': [1, 5, 6, 7], 'minimum': 0.013986577953052137, 'action': 'accept'}]",True,False,2.55351295663786e-15,0.00039512677696582754,0.004966761046536403,4,0,0.8512913731249719,True
94,B,contrast_low,"[0.0, 0.0, 0.0, 0.28290734973705867, 0.0, 0.33521930925266474, 0.38187334101028014, 0.0, 0.0, 0.0]",1,1,"[{'active': [5, 6], 'minimum': 0.42519114963416355, 'action': 'add', 'coordinate': 3}, {'active': [3, 5, 6], 'minimum': 0.28290734973705867, 'action': 'accept'}]",True,False,3.552713678800501e-15,0.0005063714809487452,0.0031769820495284417,3,0,1.0789901835400608,True
94,B,gaussian_noise,"[0.0, 0.0012061764345621118, 0.0, 0.0, 0.0, 0.8738841080538852, 0.10197854312301202, 0.0, 0.022931172388540727, 0.0]",3,3,"[{'active': [5], 'minimum': 1.0, 'action': 'add', 'coordinate': 6}, {'active': [5, 6], 'minimum': 0.09624359019132214, 'action': 'add', 'coordinate': 8}, {'active': [5, 6, 8], 'minimum': 0.023923521840839845, 'action': 'add', 'coordinate': 1}, {'active': [1, 5, 6, 8], 'minimum': 0.0012061764345621118, 'action': 'accept'}]",True,False,4.4181238528784306e-17,0.0004908391415836354,0.0010384400067906957,4,0,0.25223178389222967,True
94,B,gaussian_blur,"[0.0, 0.04464694047252227, 0.0, 0.0, 0.0, 0.8114219552529263, 0.12721336552380352, 0.0, 0.016717738750747918, 0.0]",3,3,"[{'active': [5], 'minimum': 1.0, 'action': 'add', 'coordinate': 1}, {'active': [1, 5], 'minimum': 0.047819792744800416, 'action': 'add', 'coordinate': 6}, {'active': [1, 5, 6], 'minimum': 0.05635022411965068, 'action': 'add', 'coordinate': 8}, {'active': [1, 5, 6, 8], 'minimum': 0.016717738750747918, 'action': 'accept'}]",True,False,1.1102230246251565e-16,0.0005185011762391899,0.0016390174435305406,4,0,0.3771560894941475,True
95,A,clean,"[0.0, 0.7927431489244269, 0.0, 0.0, 0.0, 0.20725685107557312, 0.0, 0.0, 0.0, 0.0]",2,2,"[{'active': [1, 3], 'minimum': 0.20286978875282702, 'action': 'add', 'coordinate': 5}, {'active': [1, 3, 5], 'minimum': -0.10789172098548505, 'action': 'remove', 'coordinate': 3}, {'active': [1, 5], 'minimum': 0.20725685107557312, 'action': 'accept'}]",True,False,1.2576745200831851e-17,0.0007147657022310983,0.013632515091735287,2,0,0.9430607069059861,True
95,A,brightness_dark,"[0.0, 0.8377731038722954, 0.0, 0.0, 0.0, 0.16222689612770458, 0.0, 0.0, 0.0, 0.0]",2,2,"[{'active': [1, 3], 'minimum': 0.16061401794974461, 'action': 'add', 'coordinate': 5}, {'active': [1, 3, 5], 'minimum': -0.5876402558713494, 'action': 'remove', 'coordinate': 3}, {'active': [1, 5], 'minimum': 0.16222689612770458, 'action': 'accept'}]",True,False,4.119968255444917e-17,0.0011963043673303558,0.023783062317606435,2,0,1.0563470508880202,True
95,A,contrast_low,"[0.0, 0.934014884833505, 0.0, 0.0, 0.0, 0.06598511516649497, 0.0, 0.0, 0.0, 0.0]",2,2,"[{'active': [1, 3], 'minimum': 0.05848138608829867, 'action': 'add', 'coordinate': 5}, {'active': [1, 3, 5], 'minimum': -0.9852829880360758, 'action': 'remove', 'coordinate': 3}, {'active': [1, 5], 'minimum': 0.06598511516649497, 'action': 'accept'}]",True,False,2.0057740190981832e-17,0.0013375951399870773,0.005025777395669816,2,0,0.46089752271257,True
95,A,gaussian_noise,"[0.0, 0.801032569340762, 0.0, 0.0, 0.0, 0.19896743065923805, 0.0, 0.0, 0.0, 0.0]",2,2,"[{'active': [1, 3], 'minimum': 0.1961887997875651, 'action': 'add', 'coordinate': 5}, {'active': [1, 3, 5], 'minimum': -0.18568548249901085, 'action': 'remove', 'coordinate': 3}, {'active': [1, 5], 'minimum': 0.19896743065923805, 'action': 'accept'}]",True,False,7.806255641895632e-18,0.000662340533157193,0.014332011387904393,2,0,0.9954278148638752,True
95,A,gaussian_blur,"[0.0, 0.8218043394525049, 0.0, 0.0, 0.0, 0.17819566054749514, 0.0, 0.0, 0.0, 0.0]",2,2,"[{'active': [1, 3], 'minimum': 0.1675244959792236, 'action': 'add', 'coordinate': 5}, {'active': [1, 3, 5], 'minimum': -0.2957597182918974, 'action': 'remove', 'coordinate': 3}, {'active': [1, 5], 'minimum': 0.17819566054749514, 'action': 'accept'}]",True,False,5.377642775528102e-17,0.0014913620253853045,0.018682831906500542,2,0,0.9753676387514532,True
95,B,clean,"[0.0, 0.7927431489244269, 0.0, 0.0, 0.0, 0.20725685107557312, 0.0, 0.0, 0.0, 0.0]",2,2,"[{'active': [1, 3], 'minimum': 0.20286978875282702, 'action': 'add', 'coordinate': 5}, {'active': [1, 3, 5], 'minimum': -0.10789172098548505, 'action': 'remove', 'coordinate': 3}, {'active': [1, 5], 'minimum': 0.20725685107557312, 'action': 'accept'}]",True,False,1.2576745200831851e-17,0.0007147657022310983,0.013632515091735287,2,0,0.9430607069059861,True
95,B,brightness_dark,"[0.0, 0.8389002762095022, 0.0, 0.0, 0.0, 0.16109972379049775, 0.0, 0.0, 0.0, 0.0]",2,2,"[{'active': [1, 3], 'minimum': 0.1594155394854786, 'action': 'add', 'coordinate': 5}, {'active': [1, 3, 5], 'minimum': -0.6208717694131423, 'action': 'remove', 'coordinate': 3}, {'active': [1, 5], 'minimum': 0.16109972379049775, 'action': 'accept'}]",True,False,2.211772431870429e-17,0.0012955701199446079,0.024562695373078293,2,0,1.0655778821332822,True
95,B,contrast_low,"[0.0, 0.9376637594316175, 0.0, 0.0, 0.0, 0.062336240568382495, 0.0, 0.0, 0.0, 0.0]",2,2,"[{'active': [1, 3], 'minimum': 0.05599057478589531, 'action': 'add', 'coordinate': 5}, {'active': [1, 3, 5], 'minimum': -1.004169069560021, 'action': 'remove', 'coordinate': 3}, {'active': [1, 5], 'minimum': 0.062336240568382495, 'action': 'accept'}]",True,False,2.0925101928970236e-17,0.0011989439656316973,0.00723479764007504,2,0,0.540609340685836,True
95,B,gaussian_noise,"[0.0, 0.8006373771900801, 0.0, 0.0, 0.0, 0.1993626228099199, 0.0, 0.0, 0.0, 0.0]",2,2,"[{'active': [1, 3], 'minimum': 0.1964506713143448, 'action': 'add', 'coordinate': 5}, {'active': [1, 3, 5], 'minimum': -0.19060573834999062, 'action': 'remove', 'coordinate': 3}, {'active': [1, 5], 'minimum': 0.1993626228099199, 'action': 'accept'}]",True,False,1.1492543028346347e-17,0.0006978249295546841,0.014906833594370507,2,0,1.0088898263707762,True
95,B,gaussian_blur,"[0.0, 0.8223754920736606, 0.0, 0.0, 0.0, 0.17762450792633944, 0.0, 0.0, 0.0, 0.0]",2,2,"[{'active': [1, 3], 'minimum': 0.16703960478603863, 'action': 'add', 'coordinate': 5}, {'active': [1, 3, 5], 'minimum': -0.2888420887679466, 'action': 'remove', 'coordinate': 3}, {'active': [1, 5], 'minimum': 0.17762450792633944, 'action': 'accept'}]",True,False,1.734723475976807e-18,0.0014669508723486999,0.018753877700389998,2,0,0.9694047972051625,True
96,A,clean,"[0.0, 0.2602929735599593, 0.0, 0.0, 0.0, 0.05880040957271149, 0.0, 0.0, 0.0, 0.6809066168673239]",3,3,"[{'active': [3, 9], 'minimum': 0.00556281059318231, 'action': 'add', 'coordinate': 5}, {'active': [3, 5, 9], 'minimum': -0.2648439192892713, 'action': 'remove', 'coordinate': 3}, {'active': [5, 9], 'minimum': 0.011927649946994023, 'action': 'add', 'coordinate': 1}, {'active': [1, 5, 9], 'minimum': 0.05880040957271149, 'action': 'accept'}]",True,False,5.329070518200751e-15,0.0004610201574904829,0.003929305379719488,3,0,0.6381867662653469,True
96,A,brightness_dark,"[0.0, 0.6512989075787594, 0.0, 0.0, 0.0, 0.1020354575808029, 0.0, 0.0, 0.0, 0.24666563484042037]",2,2,"[{'active': [1, 3, 9], 'minimum': 0.09169843850092829, 'action': 'add', 'coordinate': 5}, {'active': [1, 3, 5, 9], 'minimum': -0.5625701135497276, 'action': 'remove', 'coordinate': 3}, {'active': [1, 5, 9], 'minimum': 0.1020354575808029, 'action': 'accept'}]",True,False,1.7319479184152442e-14,0.0006007802151353966,0.013381224304051281,3,0,1.2545870997718365,True
96,A,contrast_low,"[0.0, 0.813183590340854, 0.0, 0.0, 0.0, 0.1410991671570887, 0.0, 0.0, 0.0, 0.04571724250205911]",3,3,"[{'active': [1, 2, 3, 9], 'minimum': -0.034581154073313386, 'action': 'remove', 'coordinate': 2}, {'active': [1, 3, 9], 'minimum': 0.03987157936306218, 'action': 'add', 'coordinate': 5}, {'active': [1, 3, 5, 9], 'minimum': -0.35734568295920255, 'action': 'remove', 'coordinate': 3}, {'active': [1, 5, 9], 'minimum': 0.04571724250205911, 'action': 'accept'}]",True,False,1.7763568394002505e-15,0.00032095186016886743,0.0023172619330167296,3,0,1.615793430922118,True
96,A,gaussian_noise,"[0.0, 0.23999173392051532, 0.0, 0.0, 0.0, 0.04355821156647599, 0.0, 0.0, 0.004438790425133288, 0.7120112640878258]",4,4,"[{'active': [1, 3, 8, 9], 'minimum': -0.01910136023226605, 'action': 'remove', 'coordinate': 8}, {'active': [1, 3, 9], 'minimum': 0.03274962227078215, 'action': 'add', 'coordinate': 5}, {'active': [1, 3, 5, 9], 'minimum': -0.18072072660109367, 'action': 'remove', 'coordinate': 3}, {'active': [1, 5, 9], 'minimum': 0.041279026823019205, 'action': 'add', 'coordinate': 8}, {'active': [1, 5, 8, 9], 'minimum': 0.004438790425133288, 'action': 'accept'}]",True,False,4.96269692007445e-14,0.0003339868008884925,0.002940407102185178,4,0,0.4166083359700796,True
96,A,gaussian_blur,"[0.0, 0.3346408024417675, 0.0, 0.0, 0.0, 0.09439637877440998, 0.0, 0.0, 0.0, 0.5709628187838258]",2,2,"[{'active': [1, 3, 9], 'minimum': 0.07301808107999586, 'action': 'add', 'coordinate': 5}, {'active': [1, 3, 5, 9], 'minimum': -0.2740306373995085, 'action': 'remove', 'coordinate': 3}, {'active': [1, 5, 9], 'minimum': 0.09439637877440998, 'action': 'accept'}]",True,False,3.3306690738754696e-15,0.0005832608946980571,0.0057407887421275,3,0,0.6876043578272784,True
96,B,clean,"[0.0, 0.2602929735599593, 0.0, 0.0, 0.0, 0.05880040957271149, 0.0, 0.0, 0.0, 0.6809066168673239]",3,3,"[{'active': [3, 9], 'minimum': 0.00556281059318231, 'action': 'add', 'coordinate': 5}, {'active': [3, 5, 9], 'minimum': -0.2648439192892713, 'action': 'remove', 'coordinate': 3}, {'active': [5, 9], 'minimum': 0.011927649946994023, 'action': 'add', 'coordinate': 1}, {'active': [1, 5, 9], 'minimum': 0.05880040957271149, 'action': 'accept'}]",True,False,5.329070518200751e-15,0.0004610201574904829,0.003929305379719488,3,0,0.6381867662653469,True
96,B,brightness_dark,"[0.0, 0.6605215398697855, 0.0, 0.0, 0.0, 0.10354647727900312, 0.0, 0.0, 0.0, 0.23593198285122652]",2,2,"[{'active': [1, 3, 9], 'minimum': 0.09358606149782633, 'action': 'add', 'coordinate': 5}, {'active': [1, 3, 5, 9], 'minimum': -0.5818433044865052, 'action': 'remove', 'coordinate': 3}, {'active': [1, 5, 9], 'minimum': 0.10354647727900312, 'action': 'accept'}]",True,False,1.509903313490213e-14,0.0006433268424131583,0.013389777894515857,3,0,1.2534351696343582,True
96,B,contrast_low,"[0.0, 0.7448979272562486, 0.0, 0.0, 0.0, 0.12680670456907928, 0.0, 0.0, 0.0, 0.1282953681746637]",3,3,"[{'active': [1, 2, 3, 9], 'minimum': -0.00957959504693405, 'action': 'remove', 'coordinate': 2}, {'active': [1, 3, 9], 'minimum': 0.11990251593024182, 'action': 'add', 'coordinate': 5}, {'active': [1, 3, 5, 9], 'minimum': -0.4451741297233758, 'action': 'remove', 'coordinate': 3}, {'active': [1, 5, 9], 'minimum': 0.12680670456907928, 'action': 'accept'}]",True,False,8.43769498715119e-15,0.00031915371190927,0.004044291848748158,3,0,1.524563396295594,True
96,B,gaussian_noise,"[0.0, 0.2468150294361786, 0.0, 0.0, 0.0, 0.04727298162788715, 0.0, 0.0, 0.006660795284730403, 0.6992511936511612]",4,4,"[{'active': [1, 3, 8, 9], 'minimum': -0.016918059316995415, 'action': 'remove', 'coordinate': 8}, {'active': [1, 3, 9], 'minimum': 0.03542552639488661, 'action': 'add', 'coordinate': 5}, {'active': [1, 3, 5, 9], 'minimum': -0.17178389515838616, 'action': 'remove', 'coordinate': 3}, {'active': [1, 5, 9], 'minimum': 0.04379420511814924, 'action': 'add', 'coordinate': 8}, {'active': [1, 5, 8, 9], 'minimum': 0.006660795284730403, 'action': 'accept'}]",True,False,4.263256414560601e-14,0.0003211156766771331,0.002745994738853853,4,0,0.4516907294174172,True
96,B,gaussian_blur,"[0.0, 0.3298862694675382, 0.0, 0.0, 0.0, 0.09277432348092085, 0.0, 0.0, 0.0, 0.5773394070515359]",2,2,"[{'active': [1, 3, 9], 'minimum': 0.07146626401667766, 'action': 'add', 'coordinate': 5}, {'active': [1, 3, 5, 9], 'minimum': -0.26829124612312183, 'action': 'remove', 'coordinate': 3}, {'active': [1, 5, 9], 'minimum': 0.09277432348092085, 'action': 'accept'}]",True,False,5.10702591327572e-15,0.0005667829409877732,0.006142849171429361,3,0,0.659534829381552,True
97,A,clean,"[0.0, 0.0812814855909767, 0.9187185144090233, 0.0, 0.0, 0.0, 0.0, 0.0, 0.0, 0.0]",1,1,"[{'active': [2], 'minimum': 1.0, 'action': 'add', 'coordinate': 1}, {'active': [1, 2], 'minimum': 0.0812814855909767, 'action': 'accept'}]",True,False,3.9898639947466563e-17,0.0019050009084085572,0.003051525622069846,2,0,0.1625629711819534,True
97,A,brightness_dark,"[0.0, 0.0889357555710667, 0.9110642444289333, 0.0, 0.0, 0.0, 0.0, 0.0, 0.0, 0.0]",1,1,"[{'active': [2], 'minimum': 1.0, 'action': 'add', 'coordinate': 1}, {'active': [1, 2], 'minimum': 0.0889357555710667, 'action': 'accept'}]",True,False,1.3010426069826053e-17,0.0030904462352821967,0.004422236581035128,2,0,0.1778715111421334,True
97,A,contrast_low,"[0.0, 0.07178909631256472, 0.9167417750479665, 0.0, 0.0, 0.0, 0.0, 0.0, 0.011469128639468917, 0.0]",2,2,"[{'active': [2], 'minimum': 1.0, 'action': 'add', 'coordinate': 1}, {'active': [1, 2], 'minimum': 0.07986558828004373, 'action': 'add', 'coordinate': 8}, {'active': [1, 2, 8], 'minimum': 0.011469128639468917, 'action': 'accept'}]",True,False,2.938187887435717e-17,0.0020810004922326613,0.002922333610059909,3,0,0.16651644990406714,True
97,A,gaussian_noise,"[0.0, 0.05643751290872315, 0.9244491799570127, 0.0, 0.0, 0.0, 0.0, 0.0, 0.019113307134263846, 0.0]",2,2,"[{'active': [2], 'minimum': 1.0, 'action': 'add', 'coordinate': 1}, {'active': [1, 2], 'minimum': 0.06979723809062774, 'action': 'add', 'coordinate': 8}, {'active': [1, 2, 8], 'minimum': 0.019113307134263846, 'action': 'accept'}]",True,False,3.3306690738754696e-16,0.00233141476487127,0.00307656153418821,3,0,0.1511016400859743,True
97,A,gaussian_blur,"[0.0, 0.0646311433336515, 0.9061092173332606, 0.0, 0.0, 0.0, 0.0, 0.0, 0.029259639333088228, 0.0]",2,2,"[{'active': [2], 'minimum': 1.0, 'action': 'add', 'coordinate': 1}, {'active': [1, 2], 'minimum': 0.08452746200464797, 'action': 'add', 'coordinate': 8}, {'active': [1, 2, 8], 'minimum': 0.029259639333088228, 'action': 'accept'}]",True,False,2.220446049250313e-16,0.0015268430678506634,0.0027258388283919795,3,0,0.18778156533347917,True
97,B,clean,"[0.0, 0.0812814855909767, 0.9187185144090233, 0.0, 0.0, 0.0, 0.0, 0.0, 0.0, 0.0]",1,1,"[{'active': [2], 'minimum': 1.0, 'action': 'add', 'coordinate': 1}, {'active': [1, 2], 'minimum': 0.0812814855909767, 'action': 'accept'}]",True,False,3.9898639947466563e-17,0.0019050009084085572,0.003051525622069846,2,0,0.1625629711819534,True
97,B,brightness_dark,"[0.0, 0.09002194260390528, 0.9099780573960947, 0.0, 0.0, 0.0, 0.0, 0.0, 0.0, 0.0]",1,1,"[{'active': [2], 'minimum': 1.0, 'action': 'add', 'coordinate': 1}, {'active': [1, 2], 'minimum': 0.09002194260390528, 'action': 'accept'}]",True,False,2.168404344971009e-17,0.0031078852973827013,0.004464662466131639,2,0,0.18004388520781056,True
97,B,contrast_low,"[0.0, 0.07421208172075863, 0.9216408265554571, 0.0, 0.0, 0.0, 0.0, 0.0, 0.004147091723784357, 0.0]",2,2,"[{'active': [2], 'minimum': 1.0, 'action': 'add', 'coordinate': 1}, {'active': [1, 2], 'minimum': 0.07704368216678759, 'action': 'add', 'coordinate': 8}, {'active': [1, 2, 8], 'minimum': 0.004147091723784357, 'action': 'accept'}]",True,False,2.6806898714704097e-17,0.0021779995164283657,0.0030124402303330455,3,0,0.1567183468890859,True
97,B,gaussian_noise,"[0.0, 0.057318310231156716, 0.9201085795375024, 0.0, 0.0, 0.0, 0.0, 0.0, 0.022573110231340898, 0.0]",2,2,"[{'active': [2], 'minimum': 1.0, 'action': 'add', 'coordinate': 1}, {'active': [1, 2], 'minimum': 0.07320805593306057, 'action': 'add', 'coordinate': 8}, {'active': [1, 2, 8], 'minimum': 0.022573110231340898, 'action': 'accept'}]",True,False,6.071532165918825e-18,0.0021927817705127343,0.0030063537527137887,3,0,0.15978284092499526,True
97,B,gaussian_blur,"[0.0, 0.06483669240570243, 0.9088615724168505, 0.0, 0.0, 0.0, 0.0, 0.0, 0.02630173517744716, 0.0]",2,2,"[{'active': [2], 'minimum': 1.0, 'action': 'add', 'coordinate': 1}, {'active': [1, 2], 'minimum': 0.08253268310878203, 'action': 'add', 'coordinate': 8}, {'active': [1, 2, 8], 'minimum': 0.02630173517744716, 'action': 'accept'}]",True,False,3.686287386450715e-17,0.0015777450274284679,0.0027398710865933957,3,0,0.1822768551662991,True
98,A,clean,"[0.0, 0.0, 0.0, 0.00530237333304906, 0.0, 0.7260610379311907, 0.0, 0.0, 0.07805590387414738, 0.19058068486161378]",2,2,"[{'active': [1, 3, 5, 8], 'minimum': 0.0187001487534858, 'action': 'add', 'coordinate': 9}, {'active': [1, 3, 5, 8, 9], 'minimum': -0.04391416269439219, 'action': 'remove', 'coordinate': 1}, {'active': [3, 5, 8, 9], 'minimum': 0.00530237333304906, 'action': 'accept'}]",True,False,8.881784197001252e-16,0.0003365786713281423,0.002409597218308845,4,0,1.2921641092312384,True
98,A,brightness_dark,"[0.0, 0.0, 0.0, 0.0, 0.0, 0.6321349112231994, 0.0, 0.10600785719022021, 0.08732407221954522, 0.17453315936703706]",3,3,"[{'active': [1, 3, 5, 7, 8], 'minimum': -0.7032565566456652, 'action': 'remove', 'coordinate': 3}, {'active': [1, 5, 7, 8], 'minimum': 0.11690220995786932, 'action': 'add', 'coordinate': 9}, {'active': [1, 5, 7, 8, 9], 'minimum': -1.5389269246394406, 'action': 'remove', 'coordinate': 1}, {'active': [5, 7, 8, 9], 'minimum': 0.08732407221954522, 'action': 'accept'}]",True,False,1.7763568394002505e-15,0.0011192718439428336,0.003244824212096036,4,0,1.2746016701735257,True
98,A,contrast_low,"[0.0, 0.36360155561210283, 0.0, 0.0, 0.0, 0.6363984443878972, 0.0, 0.0, 0.0, 0.0]",2,2,"[{'active': [1, 3, 4, 5], 'minimum': -0.48077985381809885, 'action': 'remove', 'coordinate': 3}, {'active': [1, 4, 5], 'minimum': -0.4160880643796787, 'action': 'remove', 'coordinate': 4}, {'active': [1, 5], 'minimum': 0.36360155561210283, 'action': 'accept'}]",True,False,1.0191500421363742e-17,0.0010460032527014182,0.001204165209605973,2,0,0.2493039296326345,True
98,A,gaussian_noise,"[0.0, 0.0, 0.0, 0.0, 0.0, 0.7434177386363678, 0.0, 0.0, 0.07897418524127842, 0.17760807612235396]",4,4,"[{'active': [1, 2, 3, 5, 8], 'minimum': -0.09828628092924485, 'action': 'remove', 'coordinate': 2}, {'active': [1, 3, 5, 8], 'minimum': -0.10835901349913352, 'action': 'remove', 'coordinate': 3}, {'active': [1, 5, 8], 'minimum': 0.10934550964992015, 'action': 'add', 'coordinate': 9}, {'active': [1, 5, 8, 9], 'minimum': -0.09967413017011628, 'action': 'remove', 'coordinate': 1}, {'active': [5, 8, 9], 'minimum': 0.07897418524127842, 'action': 'accept'}]",True,False,2.220446049250313e-16,0.0003594754913404596,0.003850747976664814,3,0,1.3597939352785637,True
98,A,gaussian_blur,"[0.0, 0.0009747334950134245, 0.0, 0.0, 0.0, 0.6902023917440268, 0.0, 0.024172392256502917, 0.06874435375139143, 0.21590612875306192]",4,4,"[{'active': [1, 2, 3, 5, 8], 'minimum': -0.25128965466700387, 'action': 'remove', 'coordinate': 3}, {'active': [1, 2, 5, 8], 'minimum': -0.049124912143701654, 'action': 'remove', 'coordinate': 2}, {'active': [1, 5, 8], 'minimum': 0.10327053889043003, 'action': 'add', 'coordinate': 7}, {'active': [1, 5, 7, 8], 'minimum': 0.04527234083923326, 'action': 'add', 'coordinate': 9}, {'active': [1, 5, 7, 8, 9], 'minimum': 0.0009747334950134245, 'action': 'accept'}]",True,False,3.552713678800501e-15,0.00042525265424485614,0.0019499439542615394,5,0,1.05009849693133,True
98,B,clean,"[0.0, 0.0, 0.0, 0.00530237333304906, 0.0, 0.7260610379311907, 0.0, 0.0, 0.07805590387414738, 0.19058068486161378]",2,2,"[{'active': [1, 3, 5, 8], 'minimum': 0.0187001487534858, 'action': 'add', 'coordinate': 9}, {'active': [1, 3, 5, 8, 9], 'minimum': -0.04391416269439219, 'action': 'remove', 'coordinate': 1}, {'active': [3, 5, 8, 9], 'minimum': 0.00530237333304906, 'action': 'accept'}]",True,False,8.881784197001252e-16,0.0003365786713281423,0.002409597218308845,4,0,1.2921641092312384,True
98,B,brightness_dark,"[0.0, 0.0, 0.0, 0.0, 0.0, 0.6295791612209525, 0.0, 0.10888218621120427, 0.08686394375863526, 0.17467470880920397]",3,3,"[{'active': [1, 3, 5, 7, 8], 'minimum': -0.7314034489618617, 'action': 'remove', 'coordinate': 3}, {'active': [1, 5, 7, 8], 'minimum': 0.11667643629342747, 'action': 'add', 'coordinate': 9}, {'active': [1, 5, 7, 8, 9], 'minimum': -1.5707028006025325, 'action': 'remove', 'coordinate': 1}, {'active': [5, 7, 8, 9], 'minimum': 0.08686394375863526, 'action': 'accept'}]",True,False,3.9968028886505635e-15,0.0011373997738175822,0.0031267636256592686,4,0,1.2219871722129811,True
98,B,contrast_low,"[0.0, 0.3727735233826922, 0.0, 0.0, 0.0, 0.6272264766173078, 0.0, 0.0, 0.0, 0.0]",2,2,"[{'active': [1, 3, 4, 5], 'minimum': -0.6500152666504448, 'action': 'remove', 'coordinate': 3}, {'active': [1, 4, 5], 'minimum': -0.45256662710743356, 'action': 'remove', 'coordinate': 4}, {'active': [1, 5], 'minimum': 0.3727735233826922, 'action': 'accept'}]",True,False,2.2985086056692694e-17,0.0012374584204607872,0.0014025092871365467,2,0,0.34701726543900985,True
98,B,gaussian_noise,"[0.0, 0.0, 0.0, 0.0, 0.0, 0.7432437441169969, 0.0, 0.0, 0.08476209780959043, 0.17199415807341256]",4,4,"[{'active': [1, 2, 3, 5, 8], 'minimum': -0.09337153929891895, 'action': 'remove', 'coordinate': 2}, {'active': [1, 3, 5, 8], 'minimum': -0.09986613443589748, 'action': 'remove', 'coordinate': 3}, {'active': [1, 5, 8], 'minimum': 0.1143198207482593, 'action': 'add', 'coordinate': 9}, {'active': [1, 5, 8, 9], 'minimum': -0.08618887071243542, 'action': 'remove', 'coordinate': 1}, {'active': [5, 8, 9], 'minimum': 0.08476209780959043, 'action': 'accept'}]",True,False,1.1102230246251565e-16,0.0003295113890398493,0.003746490533610193,3,0,1.3363780771084355,True
98,B,gaussian_blur,"[0.0, 0.0, 0.0, 0.0, 0.0, 0.6840734569424148, 0.0, 0.028178724195626947, 0.06349309580726087, 0.22425472305469868]",5,5,"[{'active': [1, 2, 3, 5, 8], 'minimum': -0.26729166740517285, 'action': 'remove', 'coordinate': 3}, {'active': [1, 2, 5, 8], 'minimum': -0.053023012856952476, 'action': 'remove', 'coordinate': 2}, {'active': [1, 5, 8], 'minimum': 0.09913772675411947, 'action': 'add', 'coordinate': 7}, {'active': [1, 5, 7, 8], 'minimum': 0.05034650935849749, 'action': 'add', 'coordinate': 9}, {'active': [1, 5, 7, 8, 9], 'minimum': -0.013583554218854488, 'action': 'remove', 'coordinate': 1}, {'active': [5, 7, 8, 9], 'minimum': 0.028178724195626947, 'action': 'accept'}]",True,False,1.3322676295501878e-15,0.0004538323995978883,0.0019486092374343983,4,0,1.060556530909946,True
99,A,clean,"[0.08672232125379775, 0.0, 0.0, 0.17405969137252486, 0.0, 0.5646489508244932, 0.0, 0.08516321727274523, 0.08940581927643532, 0.0]",6,6,"[{'active': [0, 4, 5, 7, 9], 'minimum': -0.016087989583025708, 'action': 'remove', 'coordinate': 9}, {'active': [0, 4, 5, 7], 'minimum': 0.001838239088092386, 'action': 'add', 'coordinate': 6}, {'active': [0, 4, 5, 6, 7], 'minimum': -0.08243901141704768, 'action': 'remove', 'coordinate': 4}, {'active': [0, 5, 6, 7], 'minimum': 0.030488612226514486, 'action': 'add', 'coordinate': 8}, {'active': [0, 5, 6, 7, 8], 'minimum': 0.028519086165631313, 'action': 'add', 'coordinate': 3}, {'active': [0, 3, 5, 6, 7, 8], 'minimum': -0.037697264917414985, 'action': 'remove', 'coordinate': 6}, {'active': [0, 3, 5, 7, 8], 'minimum': 0.08516321727274523, 'action': 'accept'}]",True,False,3.6637359812630166e-15,0.00016868160314094277,0.001633254400504319,5,0,0.7774108606930135,True
99,A,brightness_dark,"[0.19627882317160522, 0.0, 0.0, 0.0, 0.0, 0.7166125186078638, 0.0, 0.06219227291952745, 0.02491638530100526, 0.0]",5,5,"[{'active': [3, 4, 5], 'minimum': -0.054565283119734076, 'action': 'remove', 'coordinate': 3}, {'active': [4, 5], 'minimum': 0.27650257586402976, 'action': 'add', 'coordinate': 8}, {'active': [4, 5, 8], 'minimum': 0.11761171916801239, 'action': 'add', 'coordinate': 0}, {'active': [0, 4, 5, 8], 'minimum': -0.020461569866816076, 'action': 'remove', 'coordinate': 4}, {'active': [0, 5, 8], 'minimum': 0.018272500293381566, 'action': 'add', 'coordinate': 7}, {'active': [0, 5, 7, 8], 'minimum': 0.02491638530100526, 'action': 'accept'}]",True,False,1.7763568394002505e-15,0.0006434763694191665,0.005556947304433331,4,0,1.4063315233532212,True
99,A,contrast_low,"[0.12212491204059361, 0.0, 0.07263097473334668, 0.4627939162825405, 0.0, 0.2530242115295098, 0.0, 0.0, 0.08942598541403513, 0.0]",4,4,"[{'active': [4, 5, 8], 'minimum': 0.09038541692056157, 'action': 'add', 'coordinate': 2}, {'active': [2, 4, 5, 8], 'minimum': -0.721493017940755, 'action': 'remove', 'coordinate': 4}, {'active': [2, 5, 8], 'minimum': 0.16227506666990088, 'action': 'add', 'coordinate': 3}, {'active': [2, 3, 5, 8], 'minimum': 0.11479775581179841, 'action': 'add', 'coordinate': 0}, {'active': [0, 2, 3, 5, 8], 'minimum': 0.07263097473334668, 'action': 'accept'}]",True,False,2.5757174171303632e-14,0.0009262534122166979,0.005342252421391908,5,0,1.485972989301343,True
99,A,gaussian_noise,"[0.15339423224275478, 0.0, 0.0, 0.0, 0.0, 0.685020955592957, 0.0, 0.1032688835687221, 0.05831592859556788, 0.0]",4,4,"[{'active': [0, 4, 5, 9], 'minimum': -0.04054688071143278, 'action': 'remove', 'coordinate': 4}, {'active': [0, 5, 9], 'minimum': 0.017209279735681066, 'action': 'add', 'coordinate': 7}, {'active': [0, 5, 7, 9], 'minimum': 0.013292591371625796, 'action': 'add', 'coordinate': 8}, {'active': [0, 5, 7, 8, 9], 'minimum': -0.004973621651745308, 'action': 'remove', 'coordinate': 9}, {'active': [0, 5, 7, 8], 'minimum': 0.05831592859556788, 'action': 'accept'}]",True,False,1.7763568394002505e-15,0.00014608664715957817,0.0020567490410740227,4,0,0.738805143531886,True
99,A,gaussian_blur,"[0.1487174551589287, 0.0, 0.0, 0.0, 0.0, 0.6889861983722723, 0.0, 0.13283097711573255, 0.02946536935306654, 0.0]",3,3,"[{'active': [0, 4, 5], 'minimum': -0.028610361543552898, 'action': 'remove', 'coordinate': 4}, {'active': [0, 5], 'minimum': 0.2100211158015889, 'action': 'add', 'coordinate': 7}, {'active': [0, 5, 7], 'minimum': 0.1210261409568707, 'action': 'add', 'coordinate': 8}, {'active': [0, 5, 7, 8], 'minimum': 0.02946536935306654, 'action': 'accept'}]",True,False,1.3964523981613297e-16,0.00029238308137989063,0.0023364429274509474,4,0,0.6684071438681315,True
99,B,clean,"[0.08672232125379775, 0.0, 0.0, 0.17405969137252486, 0.0, 0.5646489508244932, 0.0, 0.08516321727274523, 0.08940581927643532, 0.0]",6,6,"[{'active': [0, 4, 5, 7, 9], 'minimum': -0.016087989583025708, 'action': 'remove', 'coordinate': 9}, {'active': [0, 4, 5, 7], 'minimum': 0.001838239088092386, 'action': 'add', 'coordinate': 6}, {'active': [0, 4, 5, 6, 7], 'minimum': -0.08243901141704768, 'action': 'remove', 'coordinate': 4}, {'active': [0, 5, 6, 7], 'minimum': 0.030488612226514486, 'action': 'add', 'coordinate': 8}, {'active': [0, 5, 6, 7, 8], 'minimum': 0.028519086165631313, 'action': 'add', 'coordinate': 3}, {'active': [0, 3, 5, 6, 7, 8], 'minimum': -0.037697264917414985, 'action': 'remove', 'coordinate': 6}, {'active': [0, 3, 5, 7, 8], 'minimum': 0.08516321727274523, 'action': 'accept'}]",True,False,3.6637359812630166e-15,0.00016868160314094277,0.001633254400504319,5,0,0.7774108606930135,True
99,B,brightness_dark,"[0.198207253339572, 0.0, 0.0, 0.0, 0.0, 0.7102198329365849, 0.0, 0.067740967846868, 0.023831945876975076, 0.0]",4,4,"[{'active': [0, 3, 4, 5], 'minimum': -0.4685348185145537, 'action': 'remove', 'coordinate': 3}, {'active': [0, 4, 5], 'minimum': -0.028044012978222455, 'action': 'remove', 'coordinate': 4}, {'active': [0, 5], 'minimum': 0.23566506186732075, 'action': 'add', 'coordinate': 7}, {'active': [0, 5, 7], 'minimum': 0.061591159273062246, 'action': 'add', 'coordinate': 8}, {'active': [0, 5, 7, 8], 'minimum': 0.023831945876975076, 'action': 'accept'}]",True,False,1.8735013540549517e-16,0.0006981543199047213,0.0054813480998535105,4,0,1.411125946970232,True
99,B,contrast_low,"[0.17670615277345547, 0.0, 0.05902941635703929, 0.39792834666106014, 0.0, 0.31452767204033405, 0.0, 0.0, 0.05180841216811771, 0.0]",5,5,"[{'active': [4, 5], 'minimum': 0.039169745571695835, 'action': 'add', 'coordinate': 8}, {'active': [4, 5, 8], 'minimum': 0.07319085517735147, 'action': 'add', 'coordinate': 2}, {'active': [2, 4, 5, 8], 'minimum': -0.8625033937399864, 'action': 'remove', 'coordinate': 4}, {'active': [2, 5, 8], 'minimum': 0.15117469838709674, 'action': 'add', 'coordinate': 0}, {'active': [0, 2, 5, 8], 'minimum': 0.06963948426895106, 'action': 'add', 'coordinate': 3}, {'active': [0, 2, 3, 5, 8], 'minimum': 0.05180841216811771, 'action': 'accept'}]",True,False,6.661338147750939e-15,0.0009227867818700637,0.005819501928733456,5,0,1.3709446559193386,True
99,B,gaussian_noise,"[0.15072182600198059, 0.0, 0.0, 0.0, 0.0, 0.6836058373779106, 0.0, 0.10552968021497622, 0.06014265640513447, 0.0]",4,4,"[{'active': [0, 4, 5, 9], 'minimum': -0.036239918123099714, 'action': 'remove', 'coordinate': 4}, {'active': [0, 5, 9], 'minimum': 0.020741886069753773, 'action': 'add', 'coordinate': 7}, {'active': [0, 5, 7, 9], 'minimum': 0.016848003059299968, 'action': 'add', 'coordinate': 8}, {'active': [0, 5, 7, 8, 9], 'minimum': -0.0008616748775001071, 'action': 'remove', 'coordinate': 9}, {'active': [0, 5, 7, 8], 'minimum': 0.06014265640513447, 'action': 'accept'}]",True,False,1.7763568394002505e-15,0.00013211960735842897,0.002042100178009104,4,0,0.7386285406633697,True
99,B,gaussian_blur,"[0.14698786607117909, 0.0, 0.0, 0.0, 0.0, 0.6911078747594168, 0.0, 0.13078934845690238, 0.03111491071250079, 0.0]",3,3,"[{'active': [0, 4, 5], 'minimum': -0.033200555681629496, 'action': 'remove', 'coordinate': 4}, {'active': [0, 5], 'minimum': 0.21018300517318061, 'action': 'add', 'coordinate': 7}, {'active': [0, 5, 7], 'minimum': 0.11864569854608309, 'action': 'add', 'coordinate': 8}, {'active': [0, 5, 7, 8], 'minimum': 0.03111491071250079, 'action': 'accept'}]",True,False,8.881784197001252e-16,0.00030220852930252254,0.002539046881249406,4,0,0.6895836093578955,True
