representation,comparison,bank,context,salt,new_mean,baseline_mean,new_mean_exact,baseline_mean_exact,new_p90,baseline_p90,mean_delta_pp,relative_mean_reduction,clients_better,clients_equal,clients_worse
L,vs_P,A,clean,T013-S0,0.014683470146408832,0.01410265346913888,277864274638071978486902720418483862600825327677310031003422721219334691056374910867585587790196238433263566540409568110575397083059535649994773567/18923610826833726219719915154539219867167541818419463238495819142844175124360809571697884269088046505187686985411131562418725148662354508606848000000,875592089616180909180391799613213452345866170565029487294519514474988511825103632022001134600088744624546549088560732148586673683801100403/62087045642315235377223819373606387455380907159622506133135234228295886849398238249158983674650935314640956651559355100299554480985841000000,0.0595223372597418,0.051541079253143975,0.05808166772699527,-0.04118492158521555,18,63,19
L,vs_P,A,clean,T013-S1,0.015296699128379262,0.015283455208744315,2627587189459133658721458359661568086163227487158168998365406983238182094770338634856717273247614854587476374792682391360617/171774784050259044839855504402305663841427875151397006175745375958262210460429404035033549923280573937409654084418318404000000,831744726262908300471537139283223755611156327372205558404242388285802788695251162225341789442511379014076414323022998536601501041/54421249311937774687282806540882600717444155439497563048237469173329753743684124889334226260916463599734375752338830393920032000000,0.06805212667547288,0.07082371232233402,0.001324391963494893,-0.0008665527169125684,15,65,20
L,vs_P,A,clean,T013-S2,0.014584244523719208,0.015446250276702178,2633735572471616423216151624661421230141422566783802172680930578982933300990398024826677341343819025729839205087437734367666663235827/180587727268849519064692731315867901027450486889889203359501294573681120612320841022804715343064761413890107392076481717985535728000000,222538550182435873215971831348424959554670747201456568907798496077077487862578788904709686191860706061115289586425832289469184118027579220401/14407286311946807237775465024348257930801064003274877576825571124321613868345360691743783528324374904578592383779699069839112477314108252000000,0.051053942433262826,0.0613591171675478,-0.08620057529829704,0.05580679695985162,17,63,20
L,vs_P,A,clean,T013-S3,0.015383116586144264,0.01525980667712776,41838706592563047543946010337919742711737841409445241788647133252839199629659461398265271256145405289117741693677819397099866573/2719780894740641328080513092672378251797177064487064813921715750724405638859902754513686865604391283919494717890718938354444000000,110681761470537721567431536046023016482917620205724259412003168711759039436185182685573070289795531093696777699627914368428826323787/7253156203900908974557095560019376311563037418207677900866333534869881809141435120424360169309217733080465434000175945587122852000000,0.06716685750361956,0.05586534930736403,0.012330990901650529,-0.008080699292300274,17,62,21
L,vs_P,A,brightness_dark,T013-S0,0.020906686202828824,0.02273440083162813,51596411626420714567104130051274956267832380488662409156082551909207811120032867159611107840117566934351639294824309178797757/2467938300974706816650741526089292879857582870642570823736580143017397188225557828862027984538653191536704369944606017152000000,236636852624469859275930153804784561910418181724832258414932741922498361255222921754810816869034667031488984276112562650534232613797/10408756948424184971445463211348882526368977889334656896542294051981387321935493928691474411849195570210523025058293612567403136000000,0.07361081085104706,0.07428623006387206,-0.18277146287993046,0.08039422909516865,17,73,10
L,vs_P,A,brightness_dark,T013-S1,0.02046810803653045,0.022412535948232306,388264386315076314750555162924907417680928415432544115307004664179461437293840047731483970316840254704489365650977/18969236708254691411092768099092591202598067015568105541173628446007693961943375247463648604067786607643300368000000,119223064029154685143032569697057733982727266641168641521362172945450163578924741703347600989759784005258806885753715422516656083613/5319481218213412698600438791077276726633553468758189406163401916230887281163294782736085454576864485896761938721911821861722768000000,0.06747825146647352,0.08131788068294155,-0.19444279117018523,0.08675626516307768,18,73,9
L,vs_P,A,brightness_dark,T013-S2,0.020541133637306197,0.023234295959268885,4828604288266922030960336118886106927013697648133962593025967820433798923221884840769245418288224722937354082429328021216394603/235070000201807465761243165841906037303122325074611908332779754042726600946018752790321069603768527342316558040813692916536000000,41991736300677687095101139043645351784785007202504870820111886339892591660006688647691757768302451481103092092740176423490407695647499241263620389/1807316923839298645248078066256890867429080265319067212150539118296867495208419278258517251440157879782464413713469537679771723036514920714432000000,0.07288762000317167,0.07958095840426654,-0.2693162321962687,0.11591323131477546,19,72,9
L,vs_P,A,brightness_dark,T013-S3,0.020871830070359438,0.021643825196068216,125970328508778990177704475628566920780045903644296767570987000725664179606375426944097367529246991305323266631/6035423251537119854471713627698400827261119423937846968446458950496826070774808952518287401512562658596152000000,131837785784873785477846438756031365684484920338615826333986037676296651574585617869180113023552301235138389691452012783/6091242402420771087853568957951831602849901077550078187438436912420042101038350822849130394057051805059744223495593600000,0.07678728031519759,0.0770817031741112,-0.07719951257087798,0.035668146398124635,17,73,10
L,vs_P,A,contrast_low,T013-S0,0.031684389810628925,0.025156459413006402,4807658344667325953643639720975386360965338761499063353270936530515287299936529695551045453546739764956659573485895098912833308909779461789392518786341/151735866570311433288499350724836849236020601758373180559410072868599857040640342025948889660958942200728866721927661358306732338661890545424283744000000,1236011898195277350072122246838412448678714783816711469773233536665179089483513458106048781882536939662280958531286684097383914508529913/49132983219261530356063173800289765263908005458014592501017804840868128200740785541653730424087902287620716878462691791689711581472000000,0.10428713643462435,0.08376173645030946,0.6527930397622524,-0.259493209694185,11,72,17
L,vs_P,A,contrast_low,T013-S1,0.030626300161539794,0.02506281554541304,2574299349354839781435499094543987857401845170137181805787784319282423767757478482428643678591413564492881866127469579561659116476692830712227849758627/84055185764411059534973396672410121989718109865613566219774884887391923264474993740774260352832886824694283169145732827076785944523550076951841376000000,614160422377319456473870324373446217526320222007356568125701220822505878925007779459036397880263895726888647501424936361791375899753/24504845485714879979006044610906754070189635392233030212037503758654470019780544992753060057568811992115312392054886249819068775800000,0.10249520968143375,0.08389353546224376,0.5563484616126754,-0.2219816287617763,12,72,16
L,vs_P,A,contrast_low,T013-S2,0.03444817504916588,0.0259783509919807,20488073049096272061779742255415702128456478646548577829973277630354650772472269801941884977368940602346190950770773959974139213672386821222224095936150007/594750607829147366001883919737723358411013125299315985790133462746301029060746148749541968216230337484467623352574792565277318216833583772029451773548800000,3716406078038160826330942519527662995775865312232313441628376997181294474961345231107897731106296888989282632103819689331094145783045927610606204253/143057812991493737148803354161097419173914339312977755060942405662249322920347936395111090366883764394822226317272998434397598740464742707217696000000,0.12123559133735667,0.08521300539673568,0.8469824057185174,-0.32603393725027957,13,69,18
L,vs_P,A,contrast_low,T013-S3,0.030102142170052498,0.025299277978226165,5964499582986102919451871322804824997736711894819583241788277620916117091602524997020609475272644843490141601359427892036521544411/198142030865828594228466071108796345930858642581984261830933222347345787146672559670587300036812003657606490964553944973039576000000,415491647917048621093564117490994756536505465442023726008873785447135683127079951690654744923227914175050654620657159/16423063467449215922150606724819258648889531865769326523902047051020347794928890885030113095082206471994416127171750000,0.1020454563515636,0.08247223418908163,0.48028641918263326,-0.18984194710852695,12,74,14
L,vs_P,A,gaussian_noise,T013-S0,0.016168456733987892,0.013178013494602934,2161027945730557989518507130686873690761650861547498105331721958341422343315650470134772494263394084617589008176673331969627856750905097/133657032411005385282465397740306913196439118136309752074942617279894875170602696607154444751503675599234523339340279796197921129664000000,582086018314130191904015878111134275270813422676207301372249851714786447745868461271069223192648060653331307992372023225331073505013/44170998804373968358789430728232204965387224601202022566391138011906250843451507919287806635798337125220031638356109027978009144000000,0.06926528652178533,0.0572659441381927,0.2990443239384959,-0.22692670944749732,11,74,15
L,vs_P,A,gaussian_noise,T013-S1,0.016862576417283084,0.01307797019783079,5531595798109451589302691278057703707687897106286869768483292223052973989750682186589151613634815258104789754872757858179929/328039776438902491443646772791594853547390956954975307366077881259113838449185491999827862699973242233207007166055256592000000,211270916286194182246271169781237768237993457589447210248702269382662299091593809291967548474200579869469520375152493261/16154717673331078121917979499768306764531548759758267586144605963094644987980923374368106195560262644725220188171056000000,0.07560506574591928,0.047443781312606514,0.37846062194522934,-0.2893878914084111,11,70,19
L,vs_P,A,gaussian_noise,T013-S2,0.016350346630632253,0.013230630373728881,1089676333798024932179795195574335140415187505020507636144891255304024168774764207097086944392730848958452678320587685523409/66645457641645610616975226630719521106342957202387392162432243235548725649625433310461738796409833323291993996567937136000000,25580201639418892399586322131016615988221047980548328203192937757380999221560168540979605781105657386722442334927791536605586342273/1933407624342047402868372899995489630429135662086390474486334388405573906201193117510135926095443080200700750639113855008381358000000,0.07146787616220696,0.05196682196489976,0.3119716256903372,-0.23579498245963929,12,73,15
L,vs_P,A,gaussian_noise,T013-S3,0.017542955831674374,0.012981213800667652,82232496036579852601067552787136997039820889782594328322921220985202409655931782568726814776514903814906157703773055457201/4687493762488213024709623670543629684289847066059679550520547568404447084770002718779251734920994529087375660600183589200000,130495080671841069650311322888715623330316679003503819319664461921238805756733771227542502403208834490462618787784152997741479/10052610077582222953300610359944097349130343489090105180645136485925076787650900268117016536399971500874227922179913712242000000,0.07419262064278563,0.05266294608698942,0.45617420310067225,-0.351411054548081,10,74,16
L,vs_P,A,gaussian_blur,T013-S0,0.02534959526922785,0.018999883230678905,1064561271763951051044464766208704227791314217052265198416284429374807826721051640946251470637243753385415003633961632242848485750597203282191762575979271/41995197968948778290423268902002585613748623166887283090280291112997157935319780993348216130346373907162859229262267828704392533763620047373388286272000000,3264667254345118345033818092465021770943953633621381744518304500580088048999346621690031676844122765141646636582318509501368525142077169101497616029327330702130377368453/171825648332074761463123994471040926129028839945987587595807905545949421212793459061464521106538861361895091609868596479137400818152127998011562861292007899376400652800000,0.08584512077113633,0.06629783801485245,0.6349712038548945,-0.33419742434501565,20,66,14
L,vs_P,A,gaussian_blur,T013-S1,0.02505165764777396,0.018358503483926286,68132118257700284535700662900467545002583421908057014938646970442006155124546376045862869373412685597963200243462159681046561520720894994198473/2719665070297428435756882835899144697452321840127699520693363266408955335058821222674826346777691987039711458431884717654303139124862975468000000,46619080676289621956954309273141213894843199709570311759426182171457985937583484247692560871584986197580064054064099531965102030361602739993022620889/2539372597396447199259830261101952019111511847019465421387656480302805116840370713886699258146225775365379221338049626894630464941155170292584864000000,0.0901297329580615,0.06496259982923903,0.6693154163847675,-0.36458059719888597,19,64,17
L,vs_P,A,gaussian_blur,T013-S2,0.02489712401337674,0.01861224510247813,117998353106363113543261070794495178448784560126426471661269237012837184063473497805231651282407840737775510826781547238535960236605697462698500808354426351719399/4739437094941764785324336189284137544255568522740842474752667469982325059829692117638461242036678416670416847961276955420775539719996330280014269198692346928000000,157103493897936292425751050156299601115131214159182823089085871929448245452596224419808595538047641109103006186344101698368799702011260394851575689790838776364205987476337/8440867452203211930112212517175444243165822002614341685437945926061131379265663708823324847808003470312483847543270822528251642099236097782804312768333371646704400291200000,0.09264411896839722,0.06071953805974376,0.628487891089861,-0.3376744114583903,20,64,16
L,vs_P,A,gaussian_blur,T013-S3,0.024703113955803744,0.017871097174483982,5065316850132207448232599596789055981152584821033208602361239385280423987418949427141624937896782387694151462212685810108169940666521561/205047706098694617667934692277621741760720019481333888824362057241574607822727020494785350562505572022947848218692032381310515107904000000,16170633976468247939652107312016810860105510779186650838844246424600055461362242517406092946563757352779006416169586465123219150588206667694578949/904848416333182793898564652560844002849722095521116544941521812068222502586883022236614457600845646917841412605415179549023256387419922620632000000,0.08627483924046177,0.05994217611026342,0.6832016781319763,-0.3822941990978813,17,67,16
L,vs_P,B,clean,T013-S0,0.01517016851340523,0.013651751181850925,21386272006104211237515577879283665271517095168967987377772326178604011351128361861849695643007309363408014886668008577619086332933066618231/1409758368023801258333909839472746667317438384138312284889191476461528025782698982351904679424213596214918476744944878029953457984299424000000,106838830196051913734646702132889014357494667638549620797049534791592729204381907020537066560353855249440923337478082804045419234624099207625798683128127/7826016514136799679499043074974441145189201510373262741764709507092012422572846671333252837842141422636814247462804474241416459865659094141981105728000000,0.06689067889308457,0.049492032503386046,0.1518417331554304,-0.11122509569123532,17,67,16
L,vs_P,B,clean,T013-S1,0.015543437814347177,0.013657847972183007,138197970729550382256654705825132345649800245642846692927591522170439670539038777550089180736586439814878051638543494861978086631/8891081392688332513240092784134087355639208593822811893386978037478133987724848701978097088196561780575884496453176962571408000000,136964465591262369225795840026611344320316992546237448698194428731508254553458408102362189978803240318886854700444844952347372058061/10028261104547249249775740360179584548700993904052676131494482775606283208122889426173705056897763645203496763165725410348193064000000,0.06803848833568768,0.04867272452421841,0.18855898421641692,-0.13805907387492947,15,70,15
L,vs_P,B,clean,T013-S2,0.015335301511528215,0.01377544857879653,17572780231337669890286870000281008833826238026311816093738982730324944576062828546163436149664439394787153506983135666093483844105484703/1145903797074184963397755438817464402930721058298428483624825886413964925153539589708219309886442375267655203449759778332284254285596000000,8868679089179783541768582716020648238781796106592460208410299634558250874145715861837407294943636485269637974521674672030450151842020671/643803288034528818023673768429323247633234908006403193337458185125154371618968421456112953432945682837634362425265561008283893628912000000,0.06487467019527597,0.053608780315562585,0.15598529327316846,-0.11323427500812162,17,68,15
L,vs_P,B,clean,T013-S3,0.01591128421143083,0.014717120416458729,712772323729943838020166380757151717733257749565196883164364823226247797329343961569003968010516892722312930657224596760602497/44796655898955086216801361017558521168086089276928965244101427914463022670799620138380002776465249202403589422544882749176000000,74667911416412629299584068589830361766682237826236426552973511175562699053060870187582127260857620147125293174662254481017916907414481921/5073540835672486178432729564512457587188327648054930355283212763528181518602261867382115932942242694769637509964113730750098915100898400000,0.0657887866115973,0.05821327558274431,0.11941637949721011,-0.08114113095362196,19,64,17
L,vs_P,B,brightness_dark,T013-S0,0.018399219485885698,0.018254374356048993,161387179329307420707999741931231983762837165847444696888322287455003031826461985260683060874935339486556035671554079565773903/8771414431634440238511668134953324366486824200144064025425145126693412515844562024080645148527825481205419204719509008832000000,19640825503169443069548476823033997097751408398043999995254367997874452475719467455337596310891283522793135308607078220956188881/1075951720945233096076644946387107972541759136792914709173278277029293707043156287853160472591399169961807217806315238016064000000,0.058711185882791596,0.04843771885995619,0.014484512983670737,-0.007934817540800007,18,75,7
L,vs_P,B,brightness_dark,T013-S1,0.018188093824504988,0.0190245913159035,118469341682417518135341614146876732578481689182159184297961324941874005306909249466382394747540132309833479/6513565567976269919167077052345148912396203510489522421938107507188725076294477328590166656334204038264000000,9830685567372588902599501717618911569962483037230269157568701572310197977511218427940228947933965192857078229989137090216852146717933/516735702971694376228070673052756680073165489699918996521885097118745519976905177949808398639414805639154356376699861183409179372000000,0.052718275612240593,0.052109119990592104,-0.08364974913985154,0.04396927521377292,18,76,6
L,vs_P,B,brightness_dark,T013-S2,0.018497753051331226,0.018140619540135853,1571195758125536363128409640966285544570561721832247425368381832914237227321713289839483100690528006639192899140745331944413/84939816947792052598278739043008707959025426168546130701083604651171200113080368360580342419063719604586328285928239062240000,496873857947241279608495864997771745745622126771693703607912311589237291987981518674783234733747880354390617590193418476102293446287721341277/27390126166745031524512976092302990814387116757627435313696252787756306435832102317499513727452771493254044060864766134310615038001450176000000,0.05897678288765223,0.04913094308573106,0.03571335111953735,-0.019686952278846974,17,76,7
L,vs_P,B,brightness_dark,T013-S3,0.01868515800102798,0.018073268864106817,245547475121716910463197067841242931877361526490627549697095908691546799744998115154314209145769466710797716093/13141311146965303231510090986506064759412467172715766835555969504445240887373378440693021570063790653369641000000,12518362993504975710132478669257507418607605262663584394639224371999734848184600070080268639355123186815421283239/692645203677914397118485975790322551995210144228933311068364200398798391670676911199652068738384379292870209125000,0.062116972107179834,0.0523610031462748,0.061188913692116126,-0.03385603022463534,17,75,8
L,vs_P,B,contrast_low,T013-S0,0.03099101208065478,0.030747832962941944,29930229534075749065750790062473238377526068937641736703525357609274971434663908149831891408295364114008291298840174491512695733954654903471/965771284144631356002148246295001629081655945497671219284246793122511219495482900646465265516792123729354667053016333361824971129760384000000,1326841448399619243498597875260613816685840460331102379984440285441174574149784771244137318093584277081321181498896792580352562733413629/43152356460332073341439415294088806333761452377521669675885579276393790707950953922867405116493888663295439524907413685712519985024000000,0.10279936753117809,0.1001416458095041,0.024317911771283517,-0.007908821347049748,12,73,15
L,vs_P,B,contrast_low,T013-S1,0.03224020198505763,0.029405457234345414,1177340471352841039841367337311432064462941447343266753951526322194405342721442794021679060512496683004636733053842073054426653803096024688856511/36517775909049927912029768916189153331836683745748680951887191664865989736617750729380646992731157949038300685805331031025003269308157617968000000,16411181342168112167525391908009285323361721626617434047586128302420129178354230633326723255626367695524073226096234166349772112046460879421/558099852397463857109850079167585096634553686972357760026163615531898209738528549404677894260657696220452658908855658700172792408626608000000,0.10349928050316248,0.09655729472056884,0.28347447507122103,-0.09640199532082921,14,69,17
L,vs_P,B,contrast_low,T013-S2,0.028747937691018015,0.03163709316235362,108442883226071840696725994934602735758907176482862303571561956684721608833464799080361428335847917565365652354472626246942159882688059156633096083543/3772196962147780914859588773401654372678219011230250440044699096202433464321142603250585137474606328796021883209472367785810482752759028378179424000000,1335819822485299196692564642708516274233007356327248338765171192008963643769115535520546523115418637022563502359638783818815442131689955716168777517/42223216135256397523331274149647673220476709693266791328260836153569301081164841919503928525818924526021795722630013534309364383625040529740576000000,0.09180318943655894,0.09653577408450131,-0.28891554713356066,0.0913217739856562,14,72,14
L,vs_P,B,contrast_low,T013-S3,0.033764592549363766,0.030968087569511766,234796369275720366117483420442544120334223664936181385029184568452530912151317466109176678053833509964942567770178198296128557377/6953922779682548852414798507827287003321975926010671300520553761135635258476776261381206604085978842446707122749248324055875200000,547856939268884975347182881156627697937170504038212921604081529741012525777317818251123834866797143292409722952234018524272039824531418517/17691016212710945889775103564528994328699097767178246303044787903202682286117127215341265090959464410461165641946926724581639201029712000000,0.11064636879488599,0.09991135138837492,0.27965049798520003,-0.0903027987625937,13,73,14
L,vs_P,B,gaussian_noise,T013-S0,0.017681116664380374,0.012506677980768816,298553385375561570035996468477112280918569137559530835278897265054757204548727566641083485369551242474731031350978013728610251776547445799193171197/16885437217719090516364324705033290369177245911436288124983508131188662887626250992884288899147559665840058440373538361750250768208927579005465600000,91222456965086196515737409023286357400622818911734726023830343865800053102432062156503802222721724643622869039987991616246403945201543253/7293899875359110155788057342020992274219839332282833917789045547611163532656237070602056969634841380787565562346696139626999360861312000000,0.07677463818289909,0.04372400823869221,0.5174438683611556,-0.41373406204014784,11,69,20
L,vs_P,B,gaussian_noise,T013-S1,0.017887572050518722,0.012662662762279757,19015124328797358344836513405521733307064133027303342090166738045484490994734951585824234669171426457600536610944355480918577849306317/1063035512874199153750172564824822914190520048656128662733347573995408314957551054559750102053036249385526586778471767822778011088000000,24887853831762665732157206028949869346195974671221921197683371147130579376478527130003841274647528719841218764960370477/1965451840500719037545282246202673342383109072294404521856309338998191448730547496908784746142611719953128779759952000000,0.07560024790197305,0.04260654298649791,0.5224909288238965,-0.4126232678171936,11,72,17
L,vs_P,B,gaussian_noise,T013-S2,0.01843637956229875,0.011799907990129394,49436782851377635504243135924468571263886380730537606575289713457030946115924993955459984936127202530330721550152717905814999/2681479988211611143173998243486999931713708883038056723655461306582302976512679309246428060473549643762653378451910950666960000,116515495304878975237917271938630733412708640536064154643535312846634443260978054836586682219940152817648045463774971816807531/9874271511468057903939786239784467075922404569742008400386255439501826709978311247256115118345774463188684006630834599888000000,0.07601563742518072,0.03836433680320934,0.6636471572169355,-0.5624172305174544,10,74,16
L,vs_P,B,gaussian_noise,T013-S3,0.01828182179791916,0.012649836833747598,174569565109992446789236267037521463376443212692312441936308142302641279165659786821845182068979107386367265179776201817431/9548805750303394684670692668573585924590145511270827915844309932688580360643091306315714148709406773253134021198077616000000,9271786274803225732651461362244272714590979092331150590600362921378956810516241007272280645094558395238655420756802799863/732956985663853618541473450305981257086280950648222129576096859642679289060305386984760025998535980997425655892130576000000,0.07679180948362582,0.04260507745643062,0.5631984964171565,-0.44522194540457577,11,73,16
L,vs_P,B,gaussian_blur,T013-S0,0.026850248569974467,0.017516103407535746,30067255998908818759041259481092045391123365188204814274097170508947012371762701757464300009062496768908797599868553138153757793676003559564813733374257883841039/1119812947747969777757600606520526534430397384048119052167706114525539752014383023401068412817713708437854560720057983524327017773600174206319740163384168083200000,5583219950337278503317967889522369015592901500213780797487053337018272965539113658566043344022016286324950117294152651417076861660710073050469632495599748273568191881/318747829950311673371448498952631316625053092000934743670948929830282127363474385287787861290638078141902678487489580607780032742237820856658877237764496633890624000000,0.09230019313089491,0.05840751809423723,0.9334145162438723,-0.5328893615930016,16,66,18
L,vs_P,B,gaussian_blur,T013-S1,0.026557844627393013,0.01782892488406006,1645762632124340938721389708442495865240969798909944853217843960894830300659020021754681910357837382162688156165551694955956024617059930384941175057119/61968983372499430893074369948558398114471491082904498830691598000698969132507403848103413555923308502621260223214891983784437990620889128068251023000000,2486432227280503348930548974868135818373559598604158829019295107591817802445023724810592256411908668042474501606424157694915907912836696914199457743/139460581243656284616886924867396923892800443235349439942100299904196909172891082338321015210403124230741711752628322018164910119894400482762804000000,0.09172768269753387,0.058663663022515904,0.8728919743332951,-0.48959316392302693,16,65,19
L,vs_P,B,gaussian_blur,T013-S2,0.026503798306559547,0.01774060960995557,5208271202046730788393746605067397758045921057369563152831735313835648179225901447596204953088792101690506398148520516741215439826941388023797880178143457787/196510369638517488403861687921226368034479165881948854579677729081280581301504773100524970645852824308417648559635001054016731889874630163364054614756296000000,418259339587211539490756182206141129800450778843204435579069956527124232357869428470390052822063922765486174073542956127759237509178498958642098066630828724611266609/23576379210356742883505901446433683343493975234362653057753180253453863548837758876136618641080047509669495807899234777536485992694709847379517327931598645258366000000,0.09355501178184793,0.05846613551042816,0.876318869660398,-0.49396209539982805,18,63,19
L,vs_P,B,gaussian_blur,T013-S3,0.02677937721694431,0.017569016159216168,3097118328059278223933207809761057153514305061662286562385927652072403450174885074100736752880537662754132432491300809905177629666683959148007/115653112578720317924116097370096137515656504298231727160827184452980915419408607389375621789630236319237560770336278941562702239126838912000000,16186734352818977271522170099252056023473441184085341666702578453454683104551757085240618689589727715792992310798789076484100258684207398087421/921322753996552695369519146347166044171318484204327121027071418659877848372146343002107288287740119439040937674037354369631829200628652432000000,0.09308418009297183,0.05939761216502052,0.921036105772814,-0.5242388631361504,15,68,17
H,vs_P,A,clean,T013-S0,0.01608926185128622,0.01410265346913888,1095964788562171832889330193240035405444482878011093975433843325062927389473449919699319587288362684638301843040986554420644559866115949/68117779342037218226364029163494757111474807760894708555404794311998299218329805600681638169573237541382077789994045503627250245568000000,875592089616180909180391799613213452345866170565029487294519514474988511825103632022001134600088744624546549088560732148586673683801100403/62087045642315235377223819373606387455380907159622506133135234228295886849398238249158983674650935314640956651559355100299554480985841000000,0.06044513164572617,0.051541079253143975,0.19866083821473385,-0.14086770170554594,14,70,16
H,vs_P,A,clean,T013-S1,0.016170380227474322,0.015283455208744315,1809838706877316471933709326395329490323644542434619955653789830660754678469477624946449669112946591687205212660223130191632017/111923076725326819182247156313410531316472257963463975708290905251806825198727345289290466139341630554991614205477825439649750000,831744726262908300471537139283223755611156327372205558404242388285802788695251162225341789442511379014076414323022998536601501041/54421249311937774687282806540882600717444155439497563048237469173329753743684124889334226260916463599734375752338830393920032000000,0.061224644420425654,0.07082371232233402,0.08869250187300096,-0.05803170857742705,13,72,15
H,vs_P,A,clean,T013-S2,0.016053090378053293,0.015446250276702178,126228313635923219201655045383013807889255254832675928099542617945843497592611571936825965464049972003961897154363561031235782111/7863178407597711282901369495924783414457763885791568941144259339751578419245497062472445936728803502290196868965722842705872000000,222538550182435873215971831348424959554670747201456568907798496077077487862578788904709686191860706061115289586425832289469184118027579220401/14407286311946807237775465024348257930801064003274877576825571124321613868345360691743783528324374904578592383779699069839112477314108252000000,0.049459627213464176,0.0613591171675478,0.060684010135111315,-0.039287211490184104,16,70,14
H,vs_P,A,clean,T013-S3,0.01632969836439621,0.01525980667712776,19970988439487002713659812442960470603714937934389453594022729278450641753942195424279073386354347750431405428626617359/1222985752329016066726849417739793170216065627600927248736222125279459997590257391235551921701400384925261622436366375000,110681761470537721567431536046023016482917620205724259412003168711759039436185182685573070289795531093696777699627914368428826323787/7253156203900908974557095560019376311563037418207677900866333534869881809141435120424360169309217733080465434000175945587122852000000,0.04996730034298513,0.05586534930736403,0.10698916872684514,-0.0701117458369944,14,72,14
H,vs_P,A,brightness_dark,T013-S0,0.023981847077187694,0.02273440083162813,914683875064659272780749679953938966443573381275891093064722034624411825404529008267205085649177894168544987645555020258070341589285416231/38140676659336052048922698055983335068626468353228572659143758131602523719310926996048632979420355252826867836429160407345600242564992000000,236636852624469859275930153804784561910418181724832258414932741922498361255222921754810816869034667031488984276112562650534232613797/10408756948424184971445463211348882526368977889334656896542294051981387321935493928691474411849195570210523025058293612567403136000000,0.07946246835345067,0.07428623006387206,0.12474462455595667,-0.05487042543140692,12,74,14
H,vs_P,A,brightness_dark,T013-S1,0.023461760431697645,0.022412535948232306,337648074387048136121747351758528229863300608441974421734275719471066721173430692683452956949676032979593486762184057143321/14391421111387446253079082048409109296920209880942235710808482849097348690825057857265668324637138777033337941036240632000000,119223064029154685143032569697057733982727266641168641521362172945450163578924741703347600989759784005258806885753715422516656083613/5319481218213412698600438791077276726633553468758189406163401916230887281163294782736085454576864485896761938721911821861722768000000,0.07999561477779411,0.08131788068294155,0.10492244834653405,-0.04681417961308808,13,73,14
H,vs_P,A,brightness_dark,T013-S2,0.02373177135845868,0.023234295959268885,72035104650677085760187621673983898041608005361386024344683993933271042072262158609109504951053490929041887682768785605152639628321195435589308509/3035386763281018661227913855480927042549006421315498746353618652486399634305155302240264550093085029296994807988159037133517988015388581618168000000,41991736300677687095101139043645351784785007202504870820111886339892591660006688647691757768302451481103092092740176423490407695647499241263620389/1807316923839298645248078066256890867429080265319067212150539118296867495208419278258517251440157879782464413713469537679771723036514920714432000000,0.07944034250840049,0.07958095840426654,0.04974753991897986,-0.02141125343595101,13,73,14
H,vs_P,A,brightness_dark,T013-S3,0.024049689854306777,0.021643825196068216,266280772882210909839333025901784323803025429004537830233051889339337339687572834963166856318886386864632296152909357297963814309/11072108392887478455261488309521519491778418348741238127562257530035999689172678825010322033215241143226085350353257833968558000000,131837785784873785477846438756031365684484920338615826333986037676296651574585617869180113023552301235138389691452012783/6091242402420771087853568957951831602849901077550078187438436912420042101038350822849130394057051805059744223495593600000,0.07988560424287929,0.0770817031741112,0.240586465823856,-0.11115709152352633,12,74,14
H,vs_P,A,contrast_low,T013-S0,0.044478660444243825,0.025156459413006402,44939861796749531655336532485223938455714627855131600204872224725818876539804528372008316840542772970551202137664544881698372553959321465895249057091618067/1010369047716350357302904223929173169367998130812546979220936295982907596236458116877956320201974015689991605670252893869185888339912786902768711616784640000,1236011898195277350072122246838412448678714783816711469773233536665179089483513458106048781882536939662280958531286684097383914508529913/49132983219261530356063173800289765263908005458014592501017804840868128200740785541653730424087902287620716878462691791689711581472000000,0.1661570611892044,0.08376173645030946,1.932220103123742,-0.7680811005243229,8,66,26
H,vs_P,A,contrast_low,T013-S1,0.045453371717375575,0.02506281554541304,78851039761131446505421631652146481334489897994516857645179955734413669499215879364544358892397219139376493838313927359622756051912437509539227565038207163162810499/1734767670293397885201630620584188211657309888720688268947023472413922607321880653854087316343936834384692300949223312686408625887448901710511299449933984364985600000,614160422377319456473870324373446217526320222007356568125701220822505878925007779459036397880263895726888647501424936361791375899753/24504845485714879979006044610906754070189635392233030212037503758654470019780544992753060057568811992115312392054886249819068775800000,0.1725039221904497,0.08389353546224376,2.0390556171962535,-0.8135780329634347,8,69,23
H,vs_P,A,contrast_low,T013-S2,0.04632683118720859,0.0259783509919807,744062485183474187416546934868941785606968710185319362794886089152731124082635635662134287147733975869131576948192219463403889780899557662480816840669307816866486738623/16061156485680787473201745621348311560803790356380400599362398502232521447329690867371268714113017941460871928020395756441062195106443345818074083240145594048992416000000,3716406078038160826330942519527662995775865312232313441628376997181294474961345231107897731106296888989282632103819689331094145783045927610606204253/143057812991493737148803354161097419173914339312977755060942405662249322920347936395111090366883764394822226317272998434397598740464742707217696000000,0.1782057095847969,0.08521300539673568,2.034848019522789,-0.7832860600547469,9,65,26
H,vs_P,A,contrast_low,T013-S3,0.044580775434751106,0.025299277978226165,597759805377988384626931728014411818498254703286159822534012637589969288981723802493328547969087654270208682352719213713093284093867759499031/13408465858851555935164872547140177445569697606461151731074296337313520415642138956760778740475306156650757112534004604810008587217248896000000,415491647917048621093564117490994756536505465442023726008873785447135683127079951690654744923227914175050654620657159/16423063467449215922150606724819258648889531865769326523902047051020347794928890885030113095082206471994416127171750000,0.1655809997729907,0.08247223418908163,1.9281497456524943,-0.76213627413081,7,70,23
H,vs_P,A,gaussian_noise,T013-S0,0.01755371523985623,0.013178013494602934,37819191783225859296726652893376093104302740709790397985654229441721049234191200499927915678721830218159446949521195431882012945553/2154483610247719310969927009316878876873266312770518899958505251192788409011467766378682021304537072796130228578042685126724192000000,582086018314130191904015878111134275270813422676207301372249851714786447745868461271069223192648060653331307992372023225331073505013/44170998804373968358789430728232204965387224601202022566391138011906250843451507919287806635798337125220031638356109027978009144000000,0.0827371859180296,0.0572659441381927,0.4375701745253296,-0.3320456263795274,14,71,15
H,vs_P,A,gaussian_noise,T013-S1,0.01756954058849315,0.01307797019783079,1716975193418914250502509024915626991862820608485386364698621096373786654543128576357696893450810647378605207250508974143343743/97724535526183068754629599639546080136084378898946966604463335465075957480585854947035456012565089180756089404463164208008000000,211270916286194182246271169781237768237993457589447210248702269382662299091593809291967548474200579869469520375152493261/16154717673331078121917979499768306764531548759758267586144605963094644987980923374368106195560262644725220188171056000000,0.07868760974493108,0.047443781312606514,0.44915703906623616,-0.34344552883347046,14,70,16
H,vs_P,A,gaussian_noise,T013-S2,0.01814203015071799,0.013230630373728881,237152055167526194022954040861885491635043058658318205558414302571248223469688818551644743791570456758110401713182860176271607/13071968969147625505123587648288646417908175653483005288847829087232851190034502151125602003044884470974734859676862154352000000,25580201639418892399586322131016615988221047980548328203192937757380999221560168540979605781105657386722442334927791536605586342273/1933407624342047402868372899995489630429135662086390474486334388405573906201193117510135926095443080200700750639113855008381358000000,0.08138535866088627,0.05196682196489976,0.4911399776989109,-0.37121434415863697,14,71,15
H,vs_P,A,gaussian_noise,T013-S3,0.017273331109246982,0.012981213800667652,4940705914387958325983307342050139244356568328490057307370843248480621740133023220552874916996387114329768703065255517927006149/286030869387030758767781236376572283335366467970961646172763812624039361112665565899909940864879086164911662809823202612984000000,130495080671841069650311322888715623330316679003503819319664461921238805756733771227542502403208834490462618787784152997741479/10052610077582222953300610359944097349130343489090105180645136485925076787650900268117016536399971500874227922179913712242000000,0.07956654802658646,0.05266294608698942,0.4292117308579329,-0.3306406761714822,13,71,16
H,vs_P,A,gaussian_blur,T013-S0,0.02117046089736536,0.018999883230678905,52302845229616835129248826463274694788144516595360440224097097217535773198982713632599825041746037341289316781850237134024527334372397245002088461023318293/2470557702223944495243510633709312405415587028867155784064999512155739689243007538331670295053710148868855327137993280510332676033479422091903533156188000000,3264667254345118345033818092465021770943953633621381744518304500580088048999346621690031676844122765141646636582318509501368525142077169101497616029327330702130377368453/171825648332074761463123994471040926129028839945987587595807905545949421212793459061464521106538861361895091609868596479137400818152127998011562861292007899376400652800000,0.10458171927779256,0.06629783801485245,0.2170577666686455,-0.11424163192653979,21,66,13
H,vs_P,A,gaussian_blur,T013-S1,0.023011145355905968,0.018358503483926286,3705598836429344579855796301598315327814974839959831696235247188603541774193454466757712240786569272319100780740343371802223236491933924334806524057/161034958456697470310051420760674356983620083253104542471494608342333655479736138715959710270709517719566745389913167340382429129363307345883232000000,46619080676289621956954309273141213894843199709570311759426182171457985937583484247692560871584986197580064054064099531965102030361602739993022620889/2539372597396447199259830261101952019111511847019465421387656480302805116840370713886699258146225775365379221338049626894630464941155170292584864000000,0.10860230602998376,0.06496259982923903,0.4652641871979681,-0.2534325238466895,20,62,18
H,vs_P,A,gaussian_blur,T013-S2,0.023649339570928036,0.01861224510247813,4614233915288301515252494874156357603510570333060962115616551806472791817772551656806623751751360091791463476805386782360838337137059042719240873339544797033727989/195110476613923987855201100816183076500783159752389918157176113031020658538621830909035429845197629654823885751489589864843041378933140370390896056901332678736000000,157103493897936292425751050156299601115131214159182823089085871929448245452596224419808595538047641109103006186344101698368799702011260394851575689790838776364205987476337/8440867452203211930112212517175444243165822002614341685437945926061131379265663708823324847808003470312483847543270822528251642099236097782804312768333371646704400291200000,0.11252555273884018,0.06071953805974376,0.5037094468449904,-0.2706333621073601,20,65,15
H,vs_P,A,gaussian_blur,T013-S3,0.021406198673326955,0.017871097174483982,15854739579972547094173100524461425042511905278621304060889580384880957139539622396186684735168811093678083170184719494203987963285419/740661143154213328994270853702934529881701994816227870367051932777520712000529551776725090361194211527985630895107256091850072358400000,16170633976468247939652107312016810860105510779186650838844246424600055461362242517406092946563757352779006416169586465123219150588206667694578949/904848416333182793898564652560844002849722095521116544941521812068222502586883022236614457600845646917841412605415179549023256387419922620632000000,0.10220133965972139,0.05994217611026342,0.35351014988429735,-0.19781110607413213,19,65,16
H,vs_P,B,clean,T013-S0,0.016976867821199927,0.013651751181850925,7576928749174802343901191321407919649697239889231005621019465595929168915625407593341760068880518208894669126812028983716856992257504172609/446308991091577248865795706896759337713321613238443888524178789794973643785340536823298597525080311311360335777776425578863662086747624000000,106838830196051913734646702132889014357494667638549620797049534791592729204381907020537066560353855249440923337478082804045419234624099207625798683128127/7826016514136799679499043074974441145189201510373262741764709507092012422572846671333252837842141422636814247462804474241416459865659094141981105728000000,0.06142573577392224,0.049492032503386046,0.3325116639349001,-0.24356704096464324,14,72,14
H,vs_P,B,clean,T013-S1,0.018243783346018397,0.013657847972183007,9317991782208717972315145791060592452508310439114189386643487638231991478306817599622205267053706469713004396236471782920510515909027/510748872943742604041713215143367111325338970212407799035409050698853251657270777674385798856542482141604292332363864788694151952000000,136964465591262369225795840026611344320316992546237448698194428731508254553458408102362189978803240318886854700444844952347372058061/10028261104547249249775740360179584548700993904052676131494482775606283208122889426173705056897763645203496763165725410348193064000000,0.0738386301757797,0.04867272452421841,0.4585935373835391,-0.335772911162548,12,73,15
H,vs_P,B,clean,T013-S2,0.017180596763327397,0.01377544857879653,653386592357756496644888226004571740403834554145609656086558650476317365441657892345355339926917342933162421221372157172726078951291361/38030494595649533939846709624038912002012847439464754037718177962118749649614489622040709420916803471437769636999235766763983001968000000,8868679089179783541768582716020648238781796106592460208410299634558250874145715861837407294943636485269637974521674672030450151842020671/643803288034528818023673768429323247633234908006403193337458185125154371618968421456112953432945682837634362425265561008283893628912000000,0.06445395780623651,0.053608780315562585,0.34051481845308673,-0.2471896406896067,12,74,14
H,vs_P,B,clean,T013-S3,0.016758759649320703,0.014717120416458729,23482425685209836105066576392256464038722865687540538231272755771714186110667543832572556671805516411755949576860678780096700667/1401203082840421749394335481533148125400472735693276528754092749068478855391502895572867652579155339883365925350582978939192000000,74667911416412629299584068589830361766682237826236426552973511175562699053060870187582127260857620147125293174662254481017916907414481921/5073540835672486178432729564512457587188327648054930355283212763528181518602261867382115932942242694769637509964113730750098915100898400000,0.0657887866115973,0.05821327558274431,0.2041639232861975,-0.13872545546197546,16,72,12
H,vs_P,B,brightness_dark,T013-S0,0.01964125855342891,0.018254374356048993,1238639633273670631730850413910196077773081559866901889755865643742634341858782278902552765621700177130650470774625969325633158457241/63063149945522852265091584603771028564606890856202439891315096440257129322903904079831539354479035363622799704938713156370181696000000,19640825503169443069548476823033997097751408398043999995254367997874452475719467455337596310891283522793135308607078220956188881/1075951720945233096076644946387107972541759136792914709173278277029293707043156287853160472591399169961807217806315238016064000000,0.058711185882791596,0.04843771885995619,0.13868841973799192,-0.07597544404036748,13,78,9
H,vs_P,B,brightness_dark,T013-S1,0.019243690050819804,0.0190245913159035,629845380676648747231119348163529573709228671726807628569267984468308630380508947628654316077287900121296992171/32729969097055616029180365715493050590264594475548012007122353997819001859264431310737524215937625198986786000000,9830685567372588902599501717618911569962483037230269157568701572310197977511218427940228947933965192857078229989137090216852146717933/516735702971694376228070673052756680073165489699918996521885097118745519976905177949808398639414805639154356376699861183409179372000000,0.052718275612240593,0.052109119990592104,0.021909873491629907,-0.011516606652840142,13,80,7
H,vs_P,B,brightness_dark,T013-S2,0.01905802534509878,0.018140619540135853,129995893212931913101581018990504128800590727759957568370386808742764035882987397502421480967103778037932669562934473279672955274480123/6821057840935416327644069425464235712439578878635810788112780646534191128675766305247785980414726121857083790982029082136274885810560000,496873857947241279608495864997771745745622126771693703607912311589237291987981518674783234733747880354390617590193418476102293446287721341277/27390126166745031524512976092302990814387116757627435313696252787756306435832102317499513727452771493254044060864766134310615038001450176000000,0.05897678288765223,0.04913094308573106,0.09174058049629238,-0.050571911446198235,13,80,7
H,vs_P,B,brightness_dark,T013-S3,0.019556690626693136,0.018073268864106817,2304356293399022911363579530092881755708506847859836777426482535148069126082794059371850073433145248611533898436606591/117829562137357847813926244388242623191911161028517452358573938993098026058603865487400829630364615615948268876092000000,12518362993504975710132478669257507418607605262663584394639224371999734848184600070080268639355123186815421283239/692645203677914397118485975790322551995210144228933311068364200398798391670676911199652068738384379292870209125000,0.062116972107179834,0.0523610031462748,0.148342176258632,-0.08207822136328467,14,76,10
H,vs_P,B,contrast_low,T013-S0,0.03873083875527083,0.030747832962941944,14298202666721002306503675910952634567803787252663450311039500314076894020891509759900642971045249263027199574421357161194660548958552914799991/369168423050873848961335096526647168162548608195661872912726928394982008254129405285385151925953380927870872581345059917589773378498341299200000,1326841448399619243498597875260613816685840460331102379984440285441174574149784771244137318093584277081321181498896792580352562733413629/43152356460332073341439415294088806333761452377521669675885579276393790707950953922867405116493888663295439524907413685712519985024000000,0.1482348550293534,0.1001416458095041,0.7983005792328888,-0.25962824118207634,12,70,18
H,vs_P,B,contrast_low,T013-S1,0.03864987722899762,0.029405457234345414,746174430989972810607280898458753586270371505813085697818594517515341100005888025559910579989282224730923928649637940210927722522904014655490443105362739/19305997443897308726291607320102608002817803511653469246570996203336107303279331084481139505867748882279601691119302597470655385122448246056821606624000000,16411181342168112167525391908009285323361721626617434047586128302420129178354230633326723255626367695524073226096234166349772112046460879421/558099852397463857109850079167585096634553686972357760026163615531898209738528549404677894260657696220452658908855658700172792408626608000000,0.1437920827064586,0.09655729472056884,0.9244419994652202,-0.314377699383459,11,69,20
H,vs_P,B,contrast_low,T013-S2,0.04206099746898902,0.03163709316235362,19356392247174818965215424776519104261331950736747278805031740288460408743595373461406987435957792602388969602952694798415222266241662479708662288831410211/460198126814420328453237232802624983496623997828052458315423705832915139542838506140819043173044632053161400613339076491973840257388907244768734766768000000,1335819822485299196692564642708516274233007356327248338765171192008963643769115535520546523115418637022563502359638783818815442131689955716168777517/42223216135256397523331274149647673220476709693266791328260836153569301081164841919503928525818924526021795722630013534309364383625040529740576000000,0.18089877976646357,0.09653577408450131,1.0423904306635394,-0.32948363027989125,15,64,21
H,vs_P,B,contrast_low,T013-S3,0.03650438295001408,0.030968087569511766,3086604472542551684040051881616547594743662502178212001393589028095976442647668788014709506415840612126332313753870917417123141433361/84554352740849731982461667581512110735955143720896205100343006321772582137535147690540720777899422306615277162712232977548491310080000,547856939268884975347182881156627697937170504038212921604081529741012525777317818251123834866797143292409722952234018524272039824531418517/17691016212710945889775103564528994328699097767178246303044787903202682286117127215341265090959464410461165641946926724581639201029712000000,0.13330760874893963,0.09991135138837492,0.5536295380502319,-0.17877420967876712,13,71,16
H,vs_P,B,gaussian_noise,T013-S0,0.017969750336946207,0.012506677980768816,9342985003467304605252242499350646616770009495995909469469754432737988404732450058827511188648719121324272785911940711664155227583441/519928481380062291185334216586414122202064014126902406082944070055454036619753362100455461310308988806885849809242019252975947968000000,91222456965086196515737409023286357400622818911734726023830343865800053102432062156503802222721724643622869039987991616246403945201543253/7293899875359110155788057342020992274219839332282833917789045547611163532656237070602056969634841380787565562346696139626999360861312000000,0.07619593026119839,0.04372400823869221,0.5463072356177392,-0.436812426495494,15,71,14
H,vs_P,B,gaussian_noise,T013-S1,0.018888835514247998,0.012662662762279757,5450397040246953655472499333583929647036657782141655101513925162777822117813505310342843205410464489459325553504145136572735520982537/288551246906442472243246902703421004100714138473185030398217402234767053550254462856095473972240495775695080824123874341781244712000000,24887853831762665732157206028949869346195974671221921197683371147130579376478527130003841274647528719841218764960370477/1965451840500719037545282246202673342383109072294404521856309338998191448730547496908784746142611719953128779759952000000,0.07622593529021537,0.04260654298649791,0.6226172751968243,-0.49169537788806256,13,71,16
H,vs_P,B,gaussian_noise,T013-S2,0.01798568156406033,0.011799907990129394,1767119919923174173095443462833741040940003191385182915800939821511814566981703233221529836580222475742822763938285411373561/98251484861952648540825091090530906503548894208764199841697815058377890195195675861575036136984687536525092727336581768000000,116515495304878975237917271938630733412708640536064154643535312846634443260978054836586682219940152817648045463774971816807531/9874271511468057903939786239784467075922404569742008400386255439501826709978311247256115118345774463188684006630834599888000000,0.0747258951968784,0.03836433680320934,0.6185773573930935,-0.5242221870802151,12,74,14
H,vs_P,B,gaussian_noise,T013-S3,0.01811698532922477,0.012649836833747598,17046108764441587111280525944135378556915825889692089722663470975113678981565062819038257022459418607045770562416491180007943/940891017720495916999280382817671984655810749904479099252512541526445266817978835197072173897628572910893627663892113858500000,9271786274803225732651461362244272714590979092331150590600362921378956810516241007272280645094558395238655420756802799863/732956985663853618541473450305981257086280950648222129576096859642679289060305386984760025998535980997425655892130576000000,0.07436660950930225,0.04260507745643062,0.5467148495477171,-0.4321912264426807,13,73,14
H,vs_P,B,gaussian_blur,T013-S0,0.020897352436679322,0.017516103407535746,17179212444707696560228856670229178324112268528903799207220291769993616677216555652826086544909882898222914721660836064788222591750812115004537280333623/822076025982818084036170004535407748672079283968954744838240996018218225592831032833657341301810242525248207651264382710915402729654440377747233551360000,5583219950337278503317967889522369015592901500213780797487053337018272965539113658566043344022016286324950117294152651417076861660710073050469632495599748273568191881/318747829950311673371448498952631316625053092000934743670948929830282127363474385287787861290638078141902678487489580607780032742237820856658877237764496633890624000000,0.07179948551684914,0.05840751809423723,0.33812490291435765,-0.19303659897833794,19,67,14
H,vs_P,B,gaussian_blur,T013-S1,0.022224239437476274,0.01782892488406006,134750060215874690499665720495041959243275101331024555727887262505647915839352053747144674233495652752530975301562881381124599186453603958332196584659/6063202324424585529572674622120476366207127623156545440584008458986645951411302717852140400280235484138343980974615100861140791469967144448082412000000,2486432227280503348930548974868135818373559598604158829019295107591817802445023724810592256411908668042474501606424157694915907912836696914199457743/139460581243656284616886924867396923892800443235349439942100299904196909172891082338321015210403124230741711752628322018164910119894400482762804000000,0.09908062573595013,0.058663663022515904,0.43953145534162136,-0.24652717883992217,20,63,17
H,vs_P,B,gaussian_blur,T013-S2,0.02196927788565654,0.01774060960995557,14754407556839873167284535421105400797138836279519558916227099111401228078549293598339105155988839162063100466595076994307209541894652681745173690431493413/671592741173929843089052282034485044501581899661273010178324768861628394545791615257834833827682663764106875640065138103532075173180393115500028398832000000,418259339587211539490756182206141129800450778843204435579069956527124232357869428470390052822063922765486174073542956127759237509178498958642098066630828724611266609/23576379210356742883505901446433683343493975234362653057753180253453863548837758876136618641080047509669495807899234777536485992694709847379517327931598645258366000000,0.0796031542418091,0.05846613551042816,0.422866827570097,-0.23836093396294292,21,63,16
H,vs_P,B,gaussian_blur,T013-S3,0.020960100009719585,0.017569016159216168,84291160790606704873287409666510732281760940972384775438332595865021417478341546611967428947433317629111791813229060077248401214988551/4021505658442438002034706463432752383452751233280067230329331335190560355834685134875454329749080088186686149467035741485913555584000000,16186734352818977271522170099252056023473441184085341666702578453454683104551757085240618689589727715792992310798789076484100258684207398087421/921322753996552695369519146347166044171318484204327121027071418659877848372146343002107288287740119439040937674037354369631829200628652432000000,0.07247307838167148,0.05939761216502052,0.33910838505034147,-0.19301501118630118,18,68,14
L,context_vs_clean_same_state,A,clean,T013-S0,0.014683470146408832,0.014683470146408832,277864274638071978486902720418483862600825327677310031003422721219334691056374910867585587790196238433263566540409568110575397083059535649994773567/18923610826833726219719915154539219867167541818419463238495819142844175124360809571697884269088046505187686985411131562418725148662354508606848000000,277864274638071978486902720418483862600825327677310031003422721219334691056374910867585587790196238433263566540409568110575397083059535649994773567/18923610826833726219719915154539219867167541818419463238495819142844175124360809571697884269088046505187686985411131562418725148662354508606848000000,0.0595223372597418,0.0595223372597418,0.0,0.0,0,100,0
L,context_vs_clean_same_state,A,clean,T013-S1,0.015296699128379262,0.015296699128379262,2627587189459133658721458359661568086163227487158168998365406983238182094770338634856717273247614854587476374792682391360617/171774784050259044839855504402305663841427875151397006175745375958262210460429404035033549923280573937409654084418318404000000,2627587189459133658721458359661568086163227487158168998365406983238182094770338634856717273247614854587476374792682391360617/171774784050259044839855504402305663841427875151397006175745375958262210460429404035033549923280573937409654084418318404000000,0.06805212667547288,0.06805212667547288,0.0,0.0,0,100,0
L,context_vs_clean_same_state,A,clean,T013-S2,0.014584244523719208,0.014584244523719208,2633735572471616423216151624661421230141422566783802172680930578982933300990398024826677341343819025729839205087437734367666663235827/180587727268849519064692731315867901027450486889889203359501294573681120612320841022804715343064761413890107392076481717985535728000000,2633735572471616423216151624661421230141422566783802172680930578982933300990398024826677341343819025729839205087437734367666663235827/180587727268849519064692731315867901027450486889889203359501294573681120612320841022804715343064761413890107392076481717985535728000000,0.051053942433262826,0.051053942433262826,0.0,0.0,0,100,0
L,context_vs_clean_same_state,A,clean,T013-S3,0.015383116586144264,0.015383116586144264,41838706592563047543946010337919742711737841409445241788647133252839199629659461398265271256145405289117741693677819397099866573/2719780894740641328080513092672378251797177064487064813921715750724405638859902754513686865604391283919494717890718938354444000000,41838706592563047543946010337919742711737841409445241788647133252839199629659461398265271256145405289117741693677819397099866573/2719780894740641328080513092672378251797177064487064813921715750724405638859902754513686865604391283919494717890718938354444000000,0.06716685750361956,0.06716685750361956,0.0,0.0,0,100,0
L,context_vs_clean_same_state,A,brightness_dark,T013-S0,0.020906686202828824,0.05265807720752624,51596411626420714567104130051274956267832380488662409156082551909207811120032867159611107840117566934351639294824309178797757/2467938300974706816650741526089292879857582870642570823736580143017397188225557828862027984538653191536704369944606017152000000,16415831761017264793024694207008409309542494257189124896774537215548696875480769389477610950618132213432397941909096816901109790534822601590225179/311743850735799491248860883617320453227641092647075879193161294661490492248848500588636612990981240823843777568041323806690265630178488690048000000,0.07361081085104706,0.2443480018473573,-3.175139100469741,0.6029728521906473,23,69,8
L,context_vs_clean_same_state,A,brightness_dark,T013-S1,0.02046810803653045,0.05175264577846237,388264386315076314750555162924907417680928415432544115307004664179461437293840047731483970316840254704489365650977/18969236708254691411092768099092591202598067015568105541173628446007693961943375247463648604067786607643300368000000,137340902068331898815327775009944324723727947241116104726590620948283249348940658164581391185173778108139678695745975244129132769489170905769/2653794796429293922243736818601798229529549942624054530073437750618390893365730062078777877337428939421784500307125004673417070928995456000000,0.06747825146647352,0.24859235565159787,-3.1284537741931917,0.6045012244562662,23,69,8
L,context_vs_clean_same_state,A,brightness_dark,T013-S2,0.020541133637306197,0.05264890239284756,4828604288266922030960336118886106927013697648133962593025967820433798923221884840769245418288224722937354082429328021216394603/235070000201807465761243165841906037303122325074611908332779754042726600946018752790321069603768527342316558040813692916536000000,4293167558446023284150902438080943484437083571434478729813302094293244204329850428640272952283979603973508207403150993468515153513937300542815807829/81543343988672732201410187563736708776618828083263762455546375137483685557646985690031502755122298611964298112754857270707462910978299272112608000000,0.07288762000317167,0.24473137637891954,-3.210776875554136,0.6098468780215873,23,70,7
L,context_vs_clean_same_state,A,brightness_dark,T013-S3,0.020871830070359438,0.05232204887165246,125970328508778990177704475628566920780045903644296767570987000725664179606375426944097367529246991305323266631/6035423251537119854471713627698400827261119423937846968446458950496826070774808952518287401512562658596152000000,66550424249994324806117125197182940509478694773043029120626267435124827415617482981430126269040920227595492157323154079265949982821408671/1271938421472073645292729224148431662203398771540739037327027712750284136344725917032981159789597321428756907199710337655672021926272000000,0.07678728031519759,0.24557887093456776,-3.1450218801293026,0.6010892057847609,24,67,9
L,context_vs_clean_same_state,A,contrast_low,T013-S0,0.031684389810628925,0.11438870774956503,4807658344667325953643639720975386360965338761499063353270936530515287299936529695551045453546739764956659573485895098912833308909779461789392518786341/151735866570311433288499350724836849236020601758373180559410072868599857040640342025948889660958942200728866721927661358306732338661890545424283744000000,2411085216184748331011010926260812558834298685557310310506775186668631087496068597439610118665184389733275571393004087874384890066491829649426385786611874352252655157793774793/21078000299325145487128430538327901114727071038166172535120900201621411079926555441369610499178358314943912916150747683105067240363300984519916181591511946345136732013592000000,0.10428713643462435,0.33346942978318217,-8.27043179389361,0.7230112094631176,51,37,12
L,context_vs_clean_same_state,A,contrast_low,T013-S1,0.030626300161539794,0.11405431924923169,2574299349354839781435499094543987857401845170137181805787784319282423767757478482428643678591413564492881866127469579561659116476692830712227849758627/84055185764411059534973396672410121989718109865613566219774884887391923264474993740774260352832886824694283169145732827076785944523550076951841376000000,350438855060707731770411358730701767423753533167955289334684741996592735892439502201662764635598948901852672510922193676692141114803092673195441765580927839523780384598178159/3072561016255142105251012698494771518861105201361573023357356904188067492699278035255801574773639671612180472048067977349409540619903053649717098406709381662662331645376000000,0.10249520968143375,0.3359142487516664,-8.34280190876919,0.7314761916678039,51,36,13
L,context_vs_clean_same_state,A,contrast_low,T013-S2,0.03444817504916588,0.11413329858155738,20488073049096272061779742255415702128456478646548577829973277630354650772472269801941884977368940602346190950770773959974139213672386821222224095936150007/594750607829147366001883919737723358411013125299315985790133462746301029060746148749541968216230337484467623352574792565277318216833583772029451773548800000,28298923780456392373361407874294402457739725645188587648391724058229039758122733818589076190543630617628835441018019808363468606746887239330561777005559356404638670084812163/247946253478642317549661726827623830547982797738397114894016913929703940749141064730706619952996393849503503745941607926071140091983251256443921436491921278288721471712000000,0.12123559133735667,0.348139884939669,-7.96851235323915,0.6981759444676884,52,35,13
L,context_vs_clean_same_state,A,contrast_low,T013-S3,0.030102142170052498,0.11394418691231002,5964499582986102919451871322804824997736711894819583241788277620916117091602524997020609475272644843490141601359427892036521544411/198142030865828594228466071108796345930858642581984261830933222347345787146672559670587300036812003657606490964553944973039576000000,1082845485517518917004027648282272940891547141596379582924436315007377680572054707213002629946395710628120712870268765507081719597987157886378156951818841496091/9503297314770984263782750157278724538302436854412833112382512824116824197698873009190972359947351341929469732632210249978675220493244937830852228875204902400000,0.1020454563515636,0.33332045307193436,-8.384204474225752,0.7358167802520832,51,38,11
L,context_vs_clean_same_state,A,gaussian_noise,T013-S0,0.016168456733987892,0.019880544295521867,2161027945730557989518507130686873690761650861547498105331721958341422343315650470134772494263394084617589008176673331969627856750905097/133657032411005385282465397740306913196439118136309752074942617279894875170602696607154444751503675599234523339340279796197921129664000000,297124525879616067884444539524927200954441128019430458063699563863676196516015978468935119611325074912433286084382909781579820938772366733238729896431/14945492510813398121798909105641598796392071338212848500160753363833171403785208363080453676405216293149246969274409468183964996377604388413346528000000,0.06926528652178533,0.0724071101512746,-0.3712087561533973,0.1867196142295827,25,65,10
L,context_vs_clean_same_state,A,gaussian_noise,T013-S1,0.016862576417283084,0.02035736317941582,5531595798109451589302691278057703707687897106286869768483292223052973989750682186589151613634815258104789754872757858179929/328039776438902491443646772791594853547390956954975307366077881259113838449185491999827862699973242233207007166055256592000000,1264549027458129506740064031349366574879852651565267276064271094300282150987470532613575962985116302805242175950190385815453774889982428371851/62117525551480452713873912718679244490063262479513416941544467130568568052781709263143506863602796471824911785724458716279806692724775328000000,0.07560506574591928,0.07560506574591928,-0.3494786762132737,0.17167187770498993,24,65,11
L,context_vs_clean_same_state,A,gaussian_noise,T013-S2,0.016350346630632253,0.021090875246342393,1089676333798024932179795195574335140415187505020507636144891255304024168774764207097086944392730848958452678320587685523409/66645457641645610616975226630719521106342957202387392162432243235548725649625433310461738796409833323291993996567937136000000,495302744552750834292133104444991247773064819114439793167281098405259947259254791365380884659916568370007138621134940002412232243414238266066222816718361526997/23484219538904478721722306651157386357088664732001660236438782728342183672124906602170419041194242082193148321665956313103277519877136745105693244274068489600000,0.07146787616220696,0.07394807279098396,-0.47405286157101384,0.22476680366938528,25,66,9
L,context_vs_clean_same_state,A,gaussian_noise,T013-S3,0.017542955831674374,0.02078563687187376,82232496036579852601067552787136997039820889782594328322921220985202409655931782568726814776514903814906157703773055457201/4687493762488213024709623670543629684289847066059679550520547568404447084770002718779251734920994529087375660600183589200000,2994712532976990163297200470245443431470067727206843993243907703174560520269513865506033167099337628705982018109452135183058957315863464423/144076053644009712240414337970552781814625535608327074144839042042140493797655290103484483567582460109383740393007343137296726224172416000000,0.07419262064278563,0.0718343930488438,-0.3242681040199386,0.1560058544363028,24,65,11
L,context_vs_clean_same_state,A,gaussian_blur,T013-S0,0.02534959526922785,0.06236598559113788,1064561271763951051044464766208704227791314217052265198416284429374807826721051640946251470637243753385415003633961632242848485750597203282191762575979271/41995197968948778290423268902002585613748623166887283090280291112997157935319780993348216130346373907162859229262267828704392533763620047373388286272000000,1310715622884601430878694072439964574209152307972795797922402479329083394610115939088933851524859577029042971303380856933430496312835012525093893974601713451577236767306319743/21016514217821522817430762681967332267488838584158652796921298561635483209419938782048867129211948204632005197093646804112629291670779508418478552481056826800470003252334400000,0.08584512077113633,0.17631899204793916,-3.7016390321910024,0.59353492085548,39,46,15
L,context_vs_clean_same_state,A,gaussian_blur,T013-S1,0.02505165764777396,0.06132984450815541,68132118257700284535700662900467545002583421908057014938646970442006155124546376045862869373412685597963200243462159681046561520720894994198473/2719665070297428435756882835899144697452321840127699520693363266408955335058821222674826346777691987039711458431884717654303139124862975468000000,4065065971952302893677911931066816369234824231377116369029035137894688030765262693437519772604981898800544792327714611487551550246849217774297937588103196120192753401619/66282019864109488161368898293378450115606049625219150840822673356991867326920765275754226455665899506799984185268317825282701985665340503913577833801716652317156672000000,0.0901297329580615,0.16972843057163825,-3.6278186860381445,0.5915258248462918,39,46,15
L,context_vs_clean_same_state,A,gaussian_blur,T013-S2,0.02489712401337674,0.05989497288308927,117998353106363113543261070794495178448784560126426471661269237012837184063473497805231651282407840737775510826781547238535960236605697462698500808354426351719399/4739437094941764785324336189284137544255568522740842474752667469982325059829692117638461242036678416670416847961276955420775539719996330280014269198692346928000000,12131417216289166092043217983418601104486379195767109125194835075398914916165523471836908152119551421838883255133446415092576712148350872589720341556240212853481116437055949467/202544831933872465252478409588873417545071936166791366216060661748583873015711924554881660274147281101678343216024434906976402913646801996347796736096976037626420423235315200000,0.09264411896839722,0.17031112855430242,-3.4997848869712533,0.5843203057796827,39,45,16
L,context_vs_clean_same_state,A,gaussian_blur,T013-S3,0.024703113955803744,0.0625004745909245,5065316850132207448232599596789055981152584821033208602361239385280423987418949427141624937896782387694151462212685810108169940666521561/205047706098694617667934692277621741760720019481333888824362057241574607822727020494785350562505572022947848218692032381310515107904000000,24320832135486527053415450270828716236230674204919683642594032497985508237684586799236693920418430249470461370792249342613589952938057445726506612136932051/389130359323992677073147159202519799245816392386609915350663669099183012960620771938922784485858092080708409904266122090329633090749288916606188772288000000,0.08627483924046177,0.17327554833869802,-3.7797360635120762,0.6047531779960147,39,44,17
L,context_vs_clean_same_state,B,clean,T013-S0,0.01517016851340523,0.01517016851340523,21386272006104211237515577879283665271517095168967987377772326178604011351128361861849695643007309363408014886668008577619086332933066618231/1409758368023801258333909839472746667317438384138312284889191476461528025782698982351904679424213596214918476744944878029953457984299424000000,21386272006104211237515577879283665271517095168967987377772326178604011351128361861849695643007309363408014886668008577619086332933066618231/1409758368023801258333909839472746667317438384138312284889191476461528025782698982351904679424213596214918476744944878029953457984299424000000,0.06689067889308457,0.06689067889308457,0.0,0.0,0,100,0
L,context_vs_clean_same_state,B,clean,T013-S1,0.015543437814347177,0.015543437814347177,138197970729550382256654705825132345649800245642846692927591522170439670539038777550089180736586439814878051638543494861978086631/8891081392688332513240092784134087355639208593822811893386978037478133987724848701978097088196561780575884496453176962571408000000,138197970729550382256654705825132345649800245642846692927591522170439670539038777550089180736586439814878051638543494861978086631/8891081392688332513240092784134087355639208593822811893386978037478133987724848701978097088196561780575884496453176962571408000000,0.06803848833568768,0.06803848833568768,0.0,0.0,0,100,0
L,context_vs_clean_same_state,B,clean,T013-S2,0.015335301511528215,0.015335301511528215,17572780231337669890286870000281008833826238026311816093738982730324944576062828546163436149664439394787153506983135666093483844105484703/1145903797074184963397755438817464402930721058298428483624825886413964925153539589708219309886442375267655203449759778332284254285596000000,17572780231337669890286870000281008833826238026311816093738982730324944576062828546163436149664439394787153506983135666093483844105484703/1145903797074184963397755438817464402930721058298428483624825886413964925153539589708219309886442375267655203449759778332284254285596000000,0.06487467019527597,0.06487467019527597,0.0,0.0,0,100,0
L,context_vs_clean_same_state,B,clean,T013-S3,0.01591128421143083,0.01591128421143083,712772323729943838020166380757151717733257749565196883164364823226247797329343961569003968010516892722312930657224596760602497/44796655898955086216801361017558521168086089276928965244101427914463022670799620138380002776465249202403589422544882749176000000,712772323729943838020166380757151717733257749565196883164364823226247797329343961569003968010516892722312930657224596760602497/44796655898955086216801361017558521168086089276928965244101427914463022670799620138380002776465249202403589422544882749176000000,0.0657887866115973,0.0657887866115973,0.0,0.0,0,100,0
L,context_vs_clean_same_state,B,brightness_dark,T013-S0,0.018399219485885698,0.04020211587765851,161387179329307420707999741931231983762837165847444696888322287455003031826461985260683060874935339486556035671554079565773903/8771414431634440238511668134953324366486824200144064025425145126693412515844562024080645148527825481205419204719509008832000000,8043037076573818143467237405961489063995018268970159915762204838526759221427180168725649223086730118158550494929598275202397170998823/200065018991788137521830437965394654633212637068402995500496768880099200459581834360440935099103190361850789267002847003855362752000000,0.058711185882791596,0.14917970878971795,-2.1802896391772815,0.5423320617781046,17,75,8
L,context_vs_clean_same_state,B,brightness_dark,T013-S1,0.018188093824504988,0.039074400499536296,118469341682417518135341614146876732578481689182159184297961324941874005306909249466382394747540132309833479/6513565567976269919167077052345148912396203510489522421938107507188725076294477328590166656334204038264000000,25341507242713493757110885159387281727907373281277486660583737698093088954084827847067489958966180140606466536380412641235784919/648545004369656960461327979012533423248713799189876660607770981827286073665057065431331062952466174192339967336309228637823000000,0.052718275612240593,0.15198812509564635,-2.0886306675031308,0.534526605859997,17,75,8
L,context_vs_clean_same_state,B,brightness_dark,T013-S2,0.018497753051331226,0.0391150407071621,1571195758125536363128409640966285544570561721832247425368381832914237227321713289839483100690528006639192899140745331944413/84939816947792052598278739043008707959025426168546130701083604651171200113080368360580342419063719604586328285928239062240000,77732606774514665013234331583539326173910546753767144351909718045512108972140847643664639345531549438173731022086049929569425722264872533857/1987281755794812353361832524809785813609496260313359001909043824701578206675314077134797982580978958094646856719865980521139335606704048560000,0.05897678288765223,0.14386002154418015,-2.0617287655830876,0.5270936009036488,16,76,8
L,context_vs_clean_same_state,B,brightness_dark,T013-S3,0.01868515800102798,0.04018551300657295,245547475121716910463197067841242931877361526490627549697095908691546799744998115154314209145769466710797716093/13141311146965303231510090986506064759412467172715766835555969504445240887373378440693021570063790653369641000000,575573616802238263495294952431580795572245751065625628742246826226799410199823890318637475870313540718944044435285059972894870588912667/14322913252546869833465542090850620349168682233643544604213636707070087132889201510233854443836244402728408171375896253113397147496000000,0.062116972107179834,0.16122508899214674,-2.150035500554497,0.5350275110841128,16,76,8
L,context_vs_clean_same_state,B,contrast_low,T013-S0,0.03099101208065478,0.10809123295673036,29930229534075749065750790062473238377526068937641736703525357609274971434663908149831891408295364114008291298840174491512695733954654903471/965771284144631356002148246295001629081655945497671219284246793122511219495482900646465265516792123729354667053016333361824971129760384000000,246692443752320858633600991716773447256444485467872519178910125142222087013202035314357818327088726669369728125027386698471833931033890840249253107812459001020147928277150301/2282261354638016794025358434134410948393144599655681357264522249837195994078460974390879221149973206407253454741986214516321700153860804154160627678831069671935679468416000000,0.10279936753117809,0.31925571275925435,-7.710022087607557,0.7132883839611609,50,35,15
L,context_vs_clean_same_state,B,contrast_low,T013-S1,0.03224020198505763,0.10809937496625274,1177340471352841039841367337311432064462941447343266753951526322194405342721442794021679060512496683004636733053842073054426653803096024688856511/36517775909049927912029768916189153331836683745748680951887191664865989736617750729380646992731157949038300685805331031025003269308157617968000000,172373815116028934208574468989905508226653805177066138070118767189426593636250151146886015329806331414600054187717367778270253973825467214972691589571534618706327860944223/1594586603020062485387151335757552034261811855709742755761546851311960778585449582170586725316090703968228976259085947490105302305461542136895527365406365747497509744000000,0.10349928050316248,0.3156284795045814,-7.5859172981195115,0.7017540388635678,50,35,15
L,context_vs_clean_same_state,B,contrast_low,T013-S2,0.028747937691018015,0.10816851059364155,108442883226071840696725994934602735758907176482862303571561956684721608833464799080361428335847917565365652354472626246942159882688059156633096083543/3772196962147780914859588773401654372678219011230250440044699096202433464321142603250585137474606328796021883209472367785810482752759028378179424000000,1048243295164356458606238452213187583564360553357856609587787363182763232655103050941696491763115311974358156949601540688337176699898594961821509966680238042240394885719195327/9690835987400340191747940256655561208577459357763139063480124147678005697011017121360098948535236377295572958946840857835317748319185783156082484176092361223950112105568000000,0.09180318943655894,0.31309659140541496,-7.942057290262354,0.734230068129385,50,35,15
L,context_vs_clean_same_state,B,contrast_low,T013-S3,0.033764592549363766,0.10796360486514757,234796369275720366117483420442544120334223664936181385029184568452530912151317466109176678053833509964942567770178198296128557377/6953922779682548852414798507827287003321975926010671300520553761135635258476776261381206604085978842446707122749248324055875200000,10612235635437213427279121913367782542234774013791658901288109502358212627512936636122098222793546477566955821095429462012032246551773846960763262986865165531/98294565550052493560517397019338006508064697130739223541332995830075285542724591538411561786009275751033537432020980488731008392501828223920427379057126400000,0.11064636879488599,0.30870127265491487,-7.41990123157838,0.6872594927564933,50,35,15
L,context_vs_clean_same_state,B,gaussian_noise,T013-S0,0.017681116664380374,0.018999332319902255,298553385375561570035996468477112280918569137559530835278897265054757204548727566641083485369551242474731031350978013728610251776547445799193171197/16885437217719090516364324705033290369177245911436288124983508131188662887626250992884288899147559665840058440373538361750250768208927579005465600000,35892565758420415506648131876869030980465968392529578419539391741795758469314777277688459665157084261784664069093553397651970392110939106212043/1889148795024870101985254773326881593571477224999857607515284709021032428933652469897599207557612246836079867883317965078249515957453952288000000,0.07677463818289909,0.06510982995855794,-0.13182156555218824,0.0693822095074899,20,67,13
L,context_vs_clean_same_state,B,gaussian_noise,T013-S1,0.017887572050518722,0.019535395905761303,19015124328797358344836513405521733307064133027303342090166738045484490994734951585824234669171426457600536610944355480918577849306317/1063035512874199153750172564824822914190520048656128662733347573995408314957551054559750102053036249385526586778471767822778011088000000,61560580729157989328251075636532480782012273303317754988144853587721190982027158519840455448450178064826086059187452761061520089967911/3151232819960550989308073084005577112773457240741692379021036720635342285984178899646412993272735572421610090677913012627471703803776000,0.07560024790197305,0.06634590517450524,-0.1647823855242581,0.08435067623874526,21,69,10
L,context_vs_clean_same_state,B,gaussian_noise,T013-S2,0.01843637956229875,0.019466933041405288,49436782851377635504243135924468571263886380730537606575289713457030946115924993955459984936127202530330721550152717905814999/2681479988211611143173998243486999931713708883038056723655461306582302976512679309246428060473549643762653378451910950666960000,113222471837366807451962866365756743236729822915550150588986060200708189627941481017613916034747598688232558501726601125357202821870238377892954943/5816143282382885507787977870190791151043944395532022853194716694047300989946564007350527068234886432941272097727346946728272266233403896836750400000,0.07601563742518072,0.07080013914940696,-0.10305534791065413,0.0529386666566634,21,69,10
L,context_vs_clean_same_state,B,gaussian_noise,T013-S3,0.01828182179791916,0.01909461952909992,174569565109992446789236267037521463376443212692312441936308142302641279165659786821845182068979107386367265179776201817431/9548805750303394684670692668573585924590145511270827915844309932688580360643091306315714148709406773253134021198077616000000,626597462703308545702214533673291237774261837933698910025048374502714551160557706117306669913085425712427904792775057663100003431/32815393977784330044602968775029090470752078548432971398241960317585485286419354616418454962104853270759310105629015070065216000000,0.07679180948362582,0.06890078323962733,-0.08127977311807563,0.042566846118199136,21,69,10
L,context_vs_clean_same_state,B,gaussian_blur,T013-S0,0.026850248569974467,0.0622295273076786,30067255998908818759041259481092045391123365188204814274097170508947012371762701757464300009062496768908797599868553138153757793676003559564813733374257883841039/1119812947747969777757600606520526534430397384048119052167706114525539752014383023401068412817713708437854560720057983524327017773600174206319740163384168083200000,56160909496796085915941828499649730868271434870408956171071373144854775217365478106417112286783292011535755893889858863148947428239407906704656626982391244704143853882051991/902480091470440979140297748205205984115781544921921743379160526200758241822791441193639718774227555353754480507164973715203289406961307169164050013538729464174181757232000000,0.09230019313089491,0.17150704167459332,-3.537927873770413,0.5685288040640255,38,42,20
L,context_vs_clean_same_state,B,gaussian_blur,T013-S1,0.026557844627393013,0.06279687037155944,1645762632124340938721389708442495865240969798909944853217843960894830300659020021754681910357837382162688156165551694955956024617059930384941175057119/61968983372499430893074369948558398114471491082904498830691598000698969132507403848103413555923308502621260223214891983784437990620889128068251023000000,206181849384322689225022142699413502489258617283953438909479466919977470149941392820319299957893834249888468311177399913179680609784656664250837497244276640207374534152241135767/3283314091361182950087375589466601162643966559940699400100584267800902878449924293618252634129254596386793046736155986896113194181266555066537487756760633174546080889647539200000,0.09172768269753387,0.17054129400590906,-3.6239025744166433,0.5770833089252009,38,43,19
L,context_vs_clean_same_state,B,gaussian_blur,T013-S2,0.026503798306559547,0.060427235876304886,5208271202046730788393746605067397758045921057369563152831735313835648179225901447596204953088792101690506398148520516741215439826941388023797880178143457787/196510369638517488403861687921226368034479165881948854579677729081280581301504773100524970645852824308417648559635001054016731889874630163364054614756296000000,573424237856346400640066699998621268933307881345851736325854568826258716802594029526649883392559736067042990909401639070795216337483680811323312872114659025706112863383/9489499718804797893092916539875492789624697181188296362329583775960924743014125869102780042945530392254577266094091080754751170002454712988772717470806791857480512000000,0.09355501178184793,0.17543590597419642,-3.3923437569745336,0.5613931711056076,38,43,19
L,context_vs_clean_same_state,B,gaussian_blur,T013-S3,0.02677937721694431,0.06165023703039585,3097118328059278223933207809761057153514305061662286562385927652072403450174885074100736752880537662754132432491300809905177629666683959148007/115653112578720317924116097370096137515656504298231727160827184452980915419408607389375621789630236319237560770336278941562702239126838912000000,12695343028303574135280505187318944357982144404273457973843178723870456737235732530681252440260228708724278786148987253341000299236588519349624520816481569059/205925291447692241217021700960005200199320525482273892718414832168796532937713960099204278837737321670790714992477001232966762264652639287115581405183104000000,0.09308418009297183,0.17237017151451137,-3.487085981345154,0.5656240996487802,37,43,20
H,context_vs_clean_same_state,A,clean,T013-S0,0.01608926185128622,0.01608926185128622,1095964788562171832889330193240035405444482878011093975433843325062927389473449919699319587288362684638301843040986554420644559866115949/68117779342037218226364029163494757111474807760894708555404794311998299218329805600681638169573237541382077789994045503627250245568000000,1095964788562171832889330193240035405444482878011093975433843325062927389473449919699319587288362684638301843040986554420644559866115949/68117779342037218226364029163494757111474807760894708555404794311998299218329805600681638169573237541382077789994045503627250245568000000,0.06044513164572617,0.06044513164572617,0.0,0.0,0,100,0
H,context_vs_clean_same_state,A,clean,T013-S1,0.016170380227474322,0.016170380227474322,1809838706877316471933709326395329490323644542434619955653789830660754678469477624946449669112946591687205212660223130191632017/111923076725326819182247156313410531316472257963463975708290905251806825198727345289290466139341630554991614205477825439649750000,1809838706877316471933709326395329490323644542434619955653789830660754678469477624946449669112946591687205212660223130191632017/111923076725326819182247156313410531316472257963463975708290905251806825198727345289290466139341630554991614205477825439649750000,0.061224644420425654,0.061224644420425654,0.0,0.0,0,100,0
H,context_vs_clean_same_state,A,clean,T013-S2,0.016053090378053293,0.016053090378053293,126228313635923219201655045383013807889255254832675928099542617945843497592611571936825965464049972003961897154363561031235782111/7863178407597711282901369495924783414457763885791568941144259339751578419245497062472445936728803502290196868965722842705872000000,126228313635923219201655045383013807889255254832675928099542617945843497592611571936825965464049972003961897154363561031235782111/7863178407597711282901369495924783414457763885791568941144259339751578419245497062472445936728803502290196868965722842705872000000,0.049459627213464176,0.049459627213464176,0.0,0.0,0,100,0
H,context_vs_clean_same_state,A,clean,T013-S3,0.01632969836439621,0.01632969836439621,19970988439487002713659812442960470603714937934389453594022729278450641753942195424279073386354347750431405428626617359/1222985752329016066726849417739793170216065627600927248736222125279459997590257391235551921701400384925261622436366375000,19970988439487002713659812442960470603714937934389453594022729278450641753942195424279073386354347750431405428626617359/1222985752329016066726849417739793170216065627600927248736222125279459997590257391235551921701400384925261622436366375000,0.04996730034298513,0.04996730034298513,0.0,0.0,0,100,0
H,context_vs_clean_same_state,A,brightness_dark,T013-S0,0.023981847077187694,0.04273016615939994,914683875064659272780749679953938966443573381275891093064722034624411825404529008267205085649177894168544987645555020258070341589285416231/38140676659336052048922698055983335068626468353228572659143758131602523719310926996048632979420355252826867836429160407345600242564992000000,3708298867125860290772338103040954864325973026814435636385709806283683837708429757464841837048300822632269388262439583690196183958388193903/86784096586296448066438498105759741123809564764165619562207902772396861366030332235692655907762831176866368033670644386438864990709376000000,0.07946246835345067,0.15080324817618995,-1.8748319082212244,0.43876073433166185,14,70,16
H,context_vs_clean_same_state,A,brightness_dark,T013-S1,0.023461760431697645,0.04266936688391118,337648074387048136121747351758528229863300608441974421734275719471066721173430692683452956949676032979593486762184057143321/14391421111387446253079082048409109296920209880942235710808482849097348690825057857265668324637138777033337941036240632000000,211249270898221950082674997504322183312848856800403557395657065731059341440848129605228885832379634913997876947237727120180314079357/4950841466032511801770894592458402982091258830649384754738687338784523041743668292476574135647239437256233059924464894850650656000000,0.07999561477779411,0.14973242436915155,-1.9207606452213537,0.45014978789047644,14,70,16
H,context_vs_clean_same_state,A,brightness_dark,T013-S2,0.02373177135845868,0.04266008984408382,72035104650677085760187621673983898041608005361386024344683993933271042072262158609109504951053490929041887682768785605152639628321195435589308509/3035386763281018661227913855480927042549006421315498746353618652486399634305155302240264550093085029296994807988159037133517988015388581618168000000,10531727679866713340200837122891338382563330169104639755853633426614585280474983340281796066787789061025074615722373657322727280815411779509403/246875421930862914910086871629078600866467174673823842287140647802514345185198021590453139850620028171698673670618335607344310005184700576000000,0.07944034250840049,0.14700659839763067,-1.8928318485625137,0.4437008584558842,14,71,15
H,context_vs_clean_same_state,A,brightness_dark,T013-S3,0.024049689854306777,0.04268131329824024,266280772882210909839333025901784323803025429004537830233051889339337339687572834963166856318886386864632296152909357297963814309/11072108392887478455261488309521519491778418348741238127562257530035999689172678825010322033215241143226085350353257833968558000000,20034088670308190596270855762137971343418330208012731177774024950802418856115473701095462107336977136733525809126246458053481979284120651/469387821558297754341021758588077712516715941925378713438759651279350573623476315264912156035250882003508839602875848348675961551832000000,0.07988560424287929,0.15200530821074043,-1.8631623443933463,0.4365288226663271,14,71,15
H,context_vs_clean_same_state,A,contrast_low,T013-S0,0.044478660444243825,0.11174284688419732,44939861796749531655336532485223938455714627855131600204872224725818876539804528372008316840542772970551202137664544881698372553959321465895249057091618067/1010369047716350357302904223929173169367998130812546979220936295982907596236458116877956320201974015689991605670252893869185888339912786902768711616784640000,1786376744852334606308546841698000565165758742804771736437740492870466166106632103520949341743045251499817724293174942575744938717843929102964257235841475827038718340559/15986497522330121881217584640860102385688691835201078984817806192966589946752378435705398465575342662960297259189976798244432126262583158637343545167960386600583061760000,0.1661570611892044,0.35781492975963713,-6.726418643995349,0.6019551883232537,50,24,26
H,context_vs_clean_same_state,A,contrast_low,T013-S1,0.045453371717375575,0.11203665352396801,78851039761131446505421631652146481334489897994516857645179955734413669499215879364544358892397219139376493838313927359622756051912437509539227565038207163162810499/1734767670293397885201630620584188211657309888720688268947023472413922607321880653854087316343936834384692300949223312686408625887448901710511299449933984364985600000,97650584806932871523397348999910417919661917571391058824979958343487160401970264757765071040909647787695971945856255452487090271549589191321572444042789061282761055003/871594980173541786341908044757199237356599046554799418541714718128568329804527887086623368714426285243387368685594363680330405972833288899749831179954226028290547200000,0.1725039221904497,0.36865367816492445,-6.658328180659244,0.5942990950934488,49,23,28
H,context_vs_clean_same_state,A,contrast_low,T013-S2,0.04632683118720859,0.11183930259575953,744062485183474187416546934868941785606968710185319362794886089152731124082635635662134287147733975869131576948192219463403889780899557662480816840669307816866486738623/16061156485680787473201745621348311560803790356380400599362398502232521447329690867371268714113017941460871928020395756441062195106443345818074083240145594048992416000000,1414515893418905556078722551012363162139052690746591394042954873106966823820541329081730025206516947255398599879623152295230550889905470599439951539222559308447747557001/12647753165375496518099447264005812437713589991406361588338965698789987561873974171331754442319152103533358785194852661989771015317227702077980197570365537650105952000000,0.1782057095847969,0.3640448932637951,-6.551247140855094,0.5857732468642459,50,23,27
H,context_vs_clean_same_state,A,contrast_low,T013-S3,0.044580775434751106,0.11333560793529797,597759805377988384626931728014411818498254703286159822534012637589969288981723802493328547969087654270208682352719213713093284093867759499031/13408465858851555935164872547140177445569697606461151731074296337313520415642138956760778740475306156650757112534004604810008587217248896000000,3823179198799740466327569750100241121497559025423435764101796196817116984914997973814251091467364315822700507515036021930843852919656052895378259613738160569/33733257080002171383178820769365990966285662655879760244970902147554394985868623847511977023133962266821350082786172389563279220440904129776504010562944000000,0.1655809997729907,0.3649772540695056,-6.875483250054686,0.6066481113314204,48,24,28
H,context_vs_clean_same_state,A,gaussian_noise,T013-S0,0.01755371523985623,0.07669173207042992,37819191783225859296726652893376093104302740709790397985654229441721049234191200499927915678721830218159446949521195431882012945553/2154483610247719310969927009316878876873266312770518899958505251192788409011467766378682021304537072796130228578042685126724192000000,29379907973413490384389372465500461444427469213593630532717535640596241740606816555899772534560258048581265793212256382179759041654763690147670265599596376349937472414689/383090943185797691835705582550062739065358486706854253874154618705896878854808594492319195692874626987973526822346335908081025828633670452791310494881086831217702208000000,0.0827371859180296,0.2539584913379482,-5.91380168305737,0.7711133290908626,48,42,10
H,context_vs_clean_same_state,A,gaussian_noise,T013-S1,0.01756954058849315,0.07898472572122599,1716975193418914250502509024915626991862820608485386364698621096373786654543128576357696893450810647378605207250508974143343743/97724535526183068754629599639546080136084378898946966604463335465075957480585854947035456012565089180756089404463164208008000000,40770367557075515237467292723067001262401419118382392787685893642739684243966044462689051546749676053337944721376719806599192719060663241899620168876268333229/516180403043661891332761402546449201700236704081254425039802300339626715418055448051410585029512155177462137852970545462402432059057648034425347263335104000000,0.07868760974493108,0.25269722878329065,-6.141518513273283,0.7775577438794398,49,42,9
H,context_vs_clean_same_state,A,gaussian_noise,T013-S2,0.01814203015071799,0.07679052396960592,237152055167526194022954040861885491635043058658318205558414302571248223469688818551644743791570456758110401713182860176271607/13071968969147625505123587648288646417908175653483005288847829087232851190034502151125602003044884470974734859676862154352000000,330596137515435842278747426421709801438516275682615239972999992639567025615880037231716035691683608295345649805257119775112229258147042016297362870322883007472585857731148540820511/4305168403933373976942435859915934497710699388163618046325634540239635224384504276161168026319652754623820072052159482726799109359914747260710904215421462805848256993923566536000000,0.08138535866088627,0.26483788139552794,-5.864849381888794,0.7637464987490032,47,43,10
H,context_vs_clean_same_state,A,gaussian_noise,T013-S3,0.017273331109246982,0.07722825614821872,4940705914387958325983307342050139244356568328490057307370843248480621740133023220552874916996387114329768703065255517927006149/286030869387030758767781236376572283335366467970961646172763812624039361112665565899909940864879086164911662809823202612984000000,42752796618286492671597163439796308349746320020466488007120546445356215699185645226560115598824883898448468485779495631328672485872747957322476358991811123/553590081540026954770181293803790383452213376210209704171934803488030814857299062774800697073320211924358212135171282676302260217092807043634772695936000000,0.07956654802658646,0.246465840416695,-5.995492503897174,0.776334052188159,49,42,9
H,context_vs_clean_same_state,A,gaussian_blur,T013-S0,0.02117046089736536,0.07671549406089112,52302845229616835129248826463274694788144516595360440224097097217535773198982713632599825041746037341289316781850237134024527334372397245002088461023318293/2470557702223944495243510633709312405415587028867155784064999512155739689243007538331670295053710148868855327137993280510332676033479422091903533156188000000,3225726110538965810714941962331361950178550672002258364489325829279202869731828548803139883078983298687378387600217307336544819732461316358360307103291771884112721135662019094931/42047908965803195919924483991669161285631012252784927584430696921202436350800431501198850259595265952192146876199017863396507172376395155054894250427139253144540750418709632000000,0.10458171927779256,0.24371488481642387,-5.5545033163525765,0.7240393070979664,44,40,16
H,context_vs_clean_same_state,A,gaussian_blur,T013-S1,0.023011145355905968,0.07706174702931808,3705598836429344579855796301598315327814974839959831696235247188603541774193454466757712240786569272319100780740343371802223236491933924334806524057/161034958456697470310051420760674356983620083253104542471494608342333655479736138715959710270709517719566745389913167340382429129363307345883232000000,38749797501464701059309090841517604083690682417654041978955335649465862111790114297342369730081920340416155978080748114275563334968385486352286826061666290718916287747/502840890522795612620704786917894371572937261167456720622924800294825589090449647388405932529838627704844765829963672028340267215985336108822290117115679059810496000000,0.10860230602998376,0.24584676958221718,-5.405060167341211,0.7013934118681296,44,39,17
H,context_vs_clean_same_state,A,gaussian_blur,T013-S2,0.023649339570928036,0.07706315436666081,4614233915288301515252494874156357603510570333060962115616551806472791817772551656806623751751360091791463476805386782360838337137059042719240873339544797033727989/195110476613923987855201100816183076500783159752389918157176113031020658538621830909035429845197629654823885751489589864843041378933140370390896056901332678736000000,923091148971359506722162552134494845257025385778873439591596585388814504137746988066140204406690941514631093737468680817316894154256222680468556555575345333826212931060148511/11978372239726392913727336771583590007840823953763545370045248946046036610719644987923461912359782978123422344001426367365015615647924753819224440481386376898552008581568000000,0.11252555273884018,0.23078971859035102,-5.341381479573276,0.6931174208311507,53,28,19
H,context_vs_clean_same_state,A,gaussian_blur,T013-S3,0.021406198673326955,0.07509512892461238,15854739579972547094173100524461425042511905278621304060889580384880957139539622396186684735168811093678083170184719494203987963285419/740661143154213328994270853702934529881701994816227870367051932777520712000529551776725090361194211527985630895107256091850072358400000,618056025571307853474167936623326503811985317668332300530812129276105885680989729062418920160557894280873337510341889958698986076267965423745774748137/8230307803210128182642591107136070871071604287281856066035950141425048471968204973301938773714661616075087094716435214554911545595729254148586368000000,0.10220133965972139,0.24452062851251802,-5.368893025128543,0.7149455766323202,44,40,16
H,context_vs_clean_same_state,B,clean,T013-S0,0.016976867821199927,0.016976867821199927,7576928749174802343901191321407919649697239889231005621019465595929168915625407593341760068880518208894669126812028983716856992257504172609/446308991091577248865795706896759337713321613238443888524178789794973643785340536823298597525080311311360335777776425578863662086747624000000,7576928749174802343901191321407919649697239889231005621019465595929168915625407593341760068880518208894669126812028983716856992257504172609/446308991091577248865795706896759337713321613238443888524178789794973643785340536823298597525080311311360335777776425578863662086747624000000,0.06142573577392224,0.06142573577392224,0.0,0.0,0,100,0
H,context_vs_clean_same_state,B,clean,T013-S1,0.018243783346018397,0.018243783346018397,9317991782208717972315145791060592452508310439114189386643487638231991478306817599622205267053706469713004396236471782920510515909027/510748872943742604041713215143367111325338970212407799035409050698853251657270777674385798856542482141604292332363864788694151952000000,9317991782208717972315145791060592452508310439114189386643487638231991478306817599622205267053706469713004396236471782920510515909027/510748872943742604041713215143367111325338970212407799035409050698853251657270777674385798856542482141604292332363864788694151952000000,0.0738386301757797,0.0738386301757797,0.0,0.0,0,100,0
H,context_vs_clean_same_state,B,clean,T013-S2,0.017180596763327397,0.017180596763327397,653386592357756496644888226004571740403834554145609656086558650476317365441657892345355339926917342933162421221372157172726078951291361/38030494595649533939846709624038912002012847439464754037718177962118749649614489622040709420916803471437769636999235766763983001968000000,653386592357756496644888226004571740403834554145609656086558650476317365441657892345355339926917342933162421221372157172726078951291361/38030494595649533939846709624038912002012847439464754037718177962118749649614489622040709420916803471437769636999235766763983001968000000,0.06445395780623651,0.06445395780623651,0.0,0.0,0,100,0
H,context_vs_clean_same_state,B,clean,T013-S3,0.016758759649320703,0.016758759649320703,23482425685209836105066576392256464038722865687540538231272755771714186110667543832572556671805516411755949576860678780096700667/1401203082840421749394335481533148125400472735693276528754092749068478855391502895572867652579155339883365925350582978939192000000,23482425685209836105066576392256464038722865687540538231272755771714186110667543832572556671805516411755949576860678780096700667/1401203082840421749394335481533148125400472735693276528754092749068478855391502895572867652579155339883365925350582978939192000000,0.0657887866115973,0.0657887866115973,0.0,0.0,0,100,0
H,context_vs_clean_same_state,B,brightness_dark,T013-S0,0.01964125855342891,0.03825065784166169,1238639633273670631730850413910196077773081559866901889755865643742634341858782278902552765621700177130650470774625969325633158457241/63063149945522852265091584603771028564606890856202439891315096440257129322903904079831539354479035363622799704938713156370181696000000,537742856267334419820799946958184745023028733867267473450479387523702057510509545645032921780519686696095995019769802387770284233/14058394982207022522790417958358137490915089387140959560150148891862778473725095521076588792010624015308185599536423793398592000000,0.058711185882791596,0.14726445134466737,-1.8609399288232782,0.48651187556737585,13,76,11
H,context_vs_clean_same_state,B,brightness_dark,T013-S1,0.019243690050819804,0.03822244633259109,629845380676648747231119348163529573709228671726807628569267984468308630380508947628654316077287900121296992171/32729969097055616029180365715493050590264594475548012007122353997819001859264431310737524215937625198986786000000,4363598887144204908974223665119126684569800984257699695375634829062420623555619304562410529905002856401169074116156055025887/114163254993532428024597483256251585302626914218890752544924114526218382423985305569698206477585301443140306419694586754000000,0.052718275612240593,0.15392184899629557,-1.8978756281771287,0.4965343169463408,13,77,10
H,context_vs_clean_same_state,B,brightness_dark,T013-S2,0.01905802534509878,0.038208673127212434,129995893212931913101581018990504128800590727759957568370386808742764035882987397502421480967103778037932669562934473279672955274480123/6821057840935416327644069425464235712439578878635810788112780646534191128675766305247785980414726121857083790982029082136274885810560000,16415040816088300653023683670330677975021430113756549044370194151081749976425599687497153077689137442745304689863466828364370060052023/429615568209758511886435114614518647711242476645988593326109340511798745898274901822828913066953012966983278221895782413409571309360000,0.05897678288765223,0.14752799759228719,-1.9150647782113657,0.5012120603705146,13,77,10
H,context_vs_clean_same_state,B,brightness_dark,T013-S3,0.019556690626693136,0.03823947930616409,2304356293399022911363579530092881755708506847859836777426482535148069126082794059371850073433145248611533898436606591/117829562137357847813926244388242623191911161028517452358573938993098026058603865487400829630364615615948268876092000000,136925186231187355481046595074093147149887624943929340117007381032899227811673046072419527469374986819939281598480898730749717118131823/3580728313136717458366385522712655087292170558410886151053409176767521783222300377558463610959061100682102042843974063278349286874000000,0.062116972107179834,0.14785770955460387,-1.8682788679470952,0.48857330221176265,13,76,11
H,context_vs_clean_same_state,B,contrast_low,T013-S0,0.03873083875527083,0.11821101832805207,14298202666721002306503675910952634567803787252663450311039500314076894020891509759900642971045249263027199574421357161194660548958552914799991/369168423050873848961335096526647168162548608195661872912726928394982008254129405285385151925953380927870872581345059917589773378498341299200000,8326739269808620434907308925428137467350141518835309491294271225892382959739794028766832991372150504050678590244576253937636319715698880114573513306911239097449000471085913/70439620498833342342108277811364999803844244820766524128679519499805886145911586045466530053185514264494973498678667680052236775806550041464896912735641384853365543808000000,0.1482348550293534,0.36249032025960143,-7.9480179572781235,0.6723584712908288,50,31,19
H,context_vs_clean_same_state,B,contrast_low,T013-S1,0.03864987722899762,0.11824860501992915,746174430989972810607280898458753586270371505813085697818594517515341100005888025559910579989282224730923928649637940210927722522904014655490443105362739/19305997443897308726291607320102608002817803511653469246570996203336107303279331084481139505867748882279601691119302597470655385122448246056821606624000000,23675892462481030703326735887749416089112072955341089503509493743559052917246643956260111530812860716999396235294652249608995945206121811133406005455428654572383323949723/200221325727189669510373524084365064243466626046602514315709395108126048719885208991307424559609756511544337792423155938397027062210013266970700655564132767907307392000000,0.1437920827064586,0.35290130755100396,-7.959872779093153,0.6731472881013377,51,26,23
H,context_vs_clean_same_state,B,contrast_low,T013-S2,0.04206099746898902,0.11831532722704277,19356392247174818965215424776519104261331950736747278805031740288460408743595373461406987435957792602388969602952694798415222266241662479708662288831410211/460198126814420328453237232802624983496623997828052458315423705832915139542838506140819043173044632053161400613339076491973840257388907244768734766768000000,52149901322528774656053557957467741142009955874846393586521048679963971886266719104238502640832448224979180203141059421601596232074197732801306548953849551560939364160135223/440770460977173556349976298677547289009734741276196058564961854453874605853164718923997385205555401967743327898944989518420659269641768963778359572996138651833704895896000000,0.18089877976646357,0.35994140036781574,-7.625432975805375,0.6445008566956375,53,20,27
H,context_vs_clean_same_state,B,contrast_low,T013-S3,0.03650438295001408,0.11810711531218511,3086604472542551684040051881616547594743662502178212001393589028095976442647668788014709506415840612126332313753870917417123141433361/84554352740849731982461667581512110735955143720896205100343006321772582137535147690540720777899422306615277162712232977548491310080000,287228766731749391907567248330885568857769562033145342585524057236019114689582763790997920899000431748975594630607388614922084803387737585037828433880299147979/2431934485678831830752310317786169661488888638082355648889396465209863595090377012715075198710126692593214443132723446319581492394125937920362107965904768000000,0.13330760874893963,0.3533767673034052,-8.160273236217103,0.6909213906924715,49,31,20
H,context_vs_clean_same_state,B,gaussian_noise,T013-S0,0.017969750336946207,0.07384223606807337,9342985003467304605252242499350646616770009495995909469469754432737988404732450058827511188648719121324272785911940711664155227583441/519928481380062291185334216586414122202064014126902406082944070055454036619753362100455461310308988806885849809242019252975947968000000,697075386863875057058436140833226273441881288805853641053538339320663459945909074691126674727022217072709012650388574252648898574287346569608463642065473735912485657541/9440063356440860028043174813554554601610552967561451528131030718827258332811902328464026025669689948700780317112259280256437885748566091386834585260680076643186931200000,0.07619593026119839,0.24800817337572728,-5.587248573112716,0.7566467201727162,47,42,11
H,context_vs_clean_same_state,B,gaussian_noise,T013-S1,0.018888835514247998,0.07268488062366445,5450397040246953655472499333583929647036657782141655101513925162777822117813505310342843205410464489459325553504145136572735520982537/288551246906442472243246902703421004100714138473185030398217402234767053550254462856095473972240495775695080824123874341781244712000000,399660105422919643135305934007309988191054687149014951006347236688165648940735461149034717259792551225335806316495308407304835163195591641189495053586139/5498531496422379178791010393810869014948075996834551682006878310729578125911681267775762025235565204891298263450508840635757829093831051913216779088000000,0.07622593529021537,0.24229341508450872,-5.379604510941644,0.7401270339556938,46,42,12
H,context_vs_clean_same_state,B,gaussian_noise,T013-S2,0.01798568156406033,0.07275265982678795,1767119919923174173095443462833741040940003191385182915800939821511814566981703233221529836580222475742822763938285411373561/98251484861952648540825091090530906503548894208764199841697815058377890195195675861575036136984687536525092727336581768000000,47050090489469793881225215216581911207354615025441771331710486413750884796118297495514450649558423870029526581644331985953412097269033788027682882335982135694854600909413921447/646712994431932398519218245443282934912227638300077819787537109845220853895824587075434584094885497164461479953756869870331847582982536767419393753255439808599708125871048000000,0.0747258951968784,0.24200867397212655,-5.476697826272763,0.7527831751185282,47,43,10
H,context_vs_clean_same_state,B,gaussian_noise,T013-S3,0.01811698532922477,0.07210736480664387,17046108764441587111280525944135378556915825889692089722663470975113678981565062819038257022459418607045770562416491180007943/940891017720495916999280382817671984655810749904479099252512541526445266817978835197072173897628572910893627663892113858500000,20487072175326073232182461824174477767131016652354248280871672715253912752518117632798668470473231783112694226043277785981998332375584171314507701037041/284118997140752885089623154894737309025428854122484451274373473505490267661706863878490321262538886138185670005505334402755493952659401425223138359000000,0.07436660950930225,0.24523009474812163,-5.39903794774191,0.7487498624057956,46,43,11
H,context_vs_clean_same_state,B,gaussian_blur,T013-S0,0.020897352436679322,0.07398986015785446,17179212444707696560228856670229178324112268528903799207220291769993616677216555652826086544909882898222914721660836064788222591750812115004537280333623/822076025982818084036170004535407748672079283968954744838240996018218225592831032833657341301810242525248207651264382710915402729654440377747233551360000,3816818022041218073993636645216429363438350663517585077293252613878361018044821132657992377396093187125076731032611678129646234180631874983524877212428574295597512006928793/51585690443233529691678261030034254706898978114292741065516099610361370948144824368303157691490288344847734136088736539693521806161140799814128005647275272901923119904000000,0.07179948551684914,0.2279694432616359,-5.3092507721175135,0.7175646447757079,44,38,18
H,context_vs_clean_same_state,B,gaussian_blur,T013-S1,0.022224239437476274,0.07527678694393708,134750060215874690499665720495041959243275101331024555727887262505647915839352053747144674233495652752530975301562881381124599186453603958332196584659/6063202324424585529572674622120476366207127623156545440584008458986645951411302717852140400280235484138343980974615100861140791469967144448082412000000,52799750517377970697967301543990562050771830572290729115713089389883747506988448877039293796006881021730814842071949505246276653168161716735528715139050960411567397690024547/701408132054054790324984996787731214278871714579682638995088073023089501826848581005331461951292627270113079284370690446549178009119558273104011319295583256282310613836800000,0.09908062573595013,0.22454710496499164,-5.305254750646081,0.7047663650412187,45,37,18
H,context_vs_clean_same_state,B,gaussian_blur,T013-S2,0.02196927788565654,0.073895270730502,14754407556839873167284535421105400797138836279519558916227099111401228078549293598339105155988839162063100466595076994307209541894652681745173690431493413/671592741173929843089052282034485044501581899661273010178324768861628394545791615257834833827682663764106875640065138103532075173180393115500028398832000000,141580982782736635405905785809830410230745777289260007919866531480724405354899688265901814118220826407308680794156816924380732516868137061786165179056442410017702748050451/1915968117893311426217702749097072916675660941735844690300172301128879139560039222466603122147338816958626468623641539902880421139483776166159573656632859527615922444800000,0.0796031542418091,0.22526270686541638,-5.1925992844845466,0.7026971053969194,46,37,17
H,context_vs_clean_same_state,B,gaussian_blur,T013-S3,0.020960100009719585,0.07628052801609775,84291160790606704873287409666510732281760940972384775438332595865021417478341546611967428947433317629111791813229060077248401214988551/4021505658442438002034706463432752383452751233280067230329331335190560355834685134875454329749080088186686149467035741485913555584000000,13270096386904587713437676176570145000888132560988993881443593348636750554147450010780106362807656523827074650123435540364130262630017062888365423756786324803/173964401296542581771800472425112407393131062462731102493537342890083525029928744411554559074467621350845409502545931706602394185125349784952691901299123200000,0.07247307838167148,0.22164866994450325,-5.532042800637816,0.725223454073413,45,37,18
