client,bank,target,estimator,quartile,context_correct,L1,JS,top_class_agreement,top_class_in_true_argmax,spearman
0,A,clean,pi_zero_soft,2,True,1.5410980302961892,0.40496926972724534,0,0,0.4846833886276331
0,A,clean,pi_zero_hard,2,True,1.6,0.43711507010311856,0,0,0.3859192080891638
0,A,clean,pi_oracle_state_soft,2,True,1.5410980302961892,0.40496926972724534,0,0,0.4846833886276331
0,A,clean,pi_source_state_soft,2,True,1.5410980302961892,0.40496926972724534,0,0,0.4846833886276331
0,B,clean,pi_zero_soft,2,True,1.5410980302961892,0.40496926972724534,0,0,0.4846833886276331
0,B,clean,pi_zero_hard,2,True,1.6,0.43711507010311856,0,0,0.3859192080891638
0,B,clean,pi_oracle_state_soft,2,True,1.5410980302961892,0.40496926972724534,0,0,0.4846833886276331
0,B,clean,pi_source_state_soft,2,True,1.5410980302961892,0.40496926972724534,0,0,0.4846833886276331
0,A,brightness_dark,pi_zero_soft,2,True,1.7668578021419965,0.5189884011710719,0,0,0.03728333758674101
0,A,brightness_dark,pi_zero_hard,2,True,1.9,0.6255629992299996,0,0,0.0638550856814101
0,A,brightness_dark,pi_oracle_state_soft,2,True,1.5102405032441861,0.39323549513230005,0,0,0.49959672366232943
0,A,brightness_dark,pi_source_state_soft,2,True,1.5102405032441861,0.39323549513230005,0,0,0.49959672366232943
0,B,brightness_dark,pi_zero_soft,2,True,1.7668578021419965,0.5189884011710719,0,0,0.03728333758674101
0,B,brightness_dark,pi_zero_hard,2,True,1.9,0.6255629992299996,0,0,0.0638550856814101
0,B,brightness_dark,pi_oracle_state_soft,2,True,1.507384233839361,0.3925577327210956,0,0,0.49959672366232943
0,B,brightness_dark,pi_source_state_soft,2,True,1.507384233839361,0.3925577327210956,0,0,0.49959672366232943
0,A,contrast_low,pi_zero_soft,2,True,1.7574807120586136,0.499775656559557,0,0,-0.12676334779491943
0,A,contrast_low,pi_zero_hard,2,True,1.9,0.6093722537889048,0,0,0.10708823421952984
0,A,contrast_low,pi_oracle_state_soft,2,True,1.596567426482588,0.43381514673149746,0,0,0.39520337841945463
0,A,contrast_low,pi_source_state_soft,2,True,1.596567426482588,0.43381514673149746,0,0,0.39520337841945463
0,B,contrast_low,pi_zero_soft,2,True,1.7574807120586136,0.499775656559557,0,0,-0.12676334779491943
0,B,contrast_low,pi_zero_hard,2,True,1.9,0.6093722537889048,0,0,0.10708823421952984
0,B,contrast_low,pi_oracle_state_soft,2,True,1.594965957858511,0.4302593042148568,0,0,0.39520337841945463
0,B,contrast_low,pi_source_state_soft,2,True,1.594965957858511,0.4302593042148568,0,0,0.39520337841945463
0,A,gaussian_noise,pi_zero_soft,2,True,1.5837991369079978,0.413188638374945,0,0,0.4846833886276331
0,A,gaussian_noise,pi_zero_hard,2,True,1.6999999999999997,0.49547606420729073,0,0,0.32725731411722675
0,A,gaussian_noise,pi_oracle_state_soft,2,True,1.5592273881153909,0.4149233976063904,0,0,0.4846833886276331
0,A,gaussian_noise,pi_source_state_soft,2,True,1.5592273881153909,0.4149233976063904,0,0,0.4846833886276331
0,B,gaussian_noise,pi_zero_soft,2,True,1.5837991369079978,0.413188638374945,0,0,0.4846833886276331
0,B,gaussian_noise,pi_zero_hard,2,True,1.6999999999999997,0.49547606420729073,0,0,0.32725731411722675
0,B,gaussian_noise,pi_oracle_state_soft,2,True,1.560177587721386,0.41540192508643137,0,0,0.4846833886276331
0,B,gaussian_noise,pi_source_state_soft,2,True,1.560177587721386,0.41540192508643137,0,0,0.4846833886276331
0,A,gaussian_blur,pi_zero_soft,2,True,1.5838025776498885,0.438543399760013,0,0,0.17150335289900864
0,A,gaussian_blur,pi_zero_hard,2,True,1.7999999999999998,0.5669213963731522,0,0,0.0874974578199873
0,A,gaussian_blur,pi_oracle_state_soft,2,True,1.5520514206240237,0.4050027438914021,0,0,0.4846833886276331
0,A,gaussian_blur,pi_source_state_soft,2,True,1.5520514206240237,0.4050027438914021,0,0,0.4846833886276331
0,B,gaussian_blur,pi_zero_soft,2,True,1.5838025776498885,0.438543399760013,0,0,0.17150335289900864
0,B,gaussian_blur,pi_zero_hard,2,True,1.7999999999999998,0.5669213963731522,0,0,0.0874974578199873
0,B,gaussian_blur,pi_oracle_state_soft,2,True,1.5495420392887984,0.40223437687113006,0,0,0.4846833886276331
0,B,gaussian_blur,pi_source_state_soft,2,True,1.5495420392887984,0.40223437687113006,0,0,0.4846833886276331
1,A,clean,pi_zero_soft,2,True,1.4543962323179516,0.39633100055710146,0,0,0.4930493313022979
1,A,clean,pi_zero_hard,2,True,1.5,0.42933961862378345,0,0,0.210409329495516
1,A,clean,pi_oracle_state_soft,2,True,1.4543962323179516,0.39633100055710146,0,0,0.4930493313022979
1,A,clean,pi_source_state_soft,2,True,1.4543962323179516,0.39633100055710146,0,0,0.4930493313022979
1,B,clean,pi_zero_soft,2,True,1.4543962323179516,0.39633100055710146,0,0,0.4930493313022979
1,B,clean,pi_zero_hard,2,True,1.5,0.42933961862378345,0,0,0.210409329495516
1,B,clean,pi_oracle_state_soft,2,True,1.4543962323179516,0.39633100055710146,0,0,0.4930493313022979
1,B,clean,pi_source_state_soft,2,True,1.4543962323179516,0.39633100055710146,0,0,0.4930493313022979
1,A,brightness_dark,pi_zero_soft,2,True,1.8361689397922656,0.565137591332854,0,0,-0.27679962459076374
1,A,brightness_dark,pi_zero_hard,2,True,2.0,0.6931471805599451,0,0,-0.3192754284070505
1,A,brightness_dark,pi_oracle_state_soft,2,True,1.4661682784899193,0.4074362869556183,0,0,0.4151994368861456
1,A,brightness_dark,pi_source_state_soft,2,True,1.4661682784899193,0.4074362869556183,0,0,0.4151994368861456
1,B,brightness_dark,pi_zero_soft,2,True,1.8361689397922656,0.565137591332854,0,0,-0.27679962459076374
1,B,brightness_dark,pi_zero_hard,2,True,2.0,0.6931471805599451,0,0,-0.3192754284070505
1,B,brightness_dark,pi_oracle_state_soft,2,True,1.4616983426464605,0.4061557083908358,0,0,0.4151994368861456
1,B,brightness_dark,pi_source_state_soft,2,True,1.4616983426464605,0.4061557083908358,0,0,0.4151994368861456
1,A,contrast_low,pi_zero_soft,2,True,1.8559590472397522,0.5657297744460472,0,0,-0.4151994368861456
1,A,contrast_low,pi_zero_hard,2,True,2.0,0.6931471805599452,0,0,-0.3192754284070505
1,A,contrast_low,pi_oracle_state_soft,2,True,1.5800301381341386,0.4766777615152815,0,0,0.0518999296107682
1,A,contrast_low,pi_source_state_soft,2,True,1.5800301381341386,0.4766777615152815,0,0,0.0518999296107682
1,B,contrast_low,pi_zero_soft,2,True,1.8559590472397522,0.5657297744460472,0,0,-0.4151994368861456
1,B,contrast_low,pi_zero_hard,2,True,2.0,0.6931471805599452,0,0,-0.3192754284070505
1,B,contrast_low,pi_oracle_state_soft,2,True,1.577393433798666,0.4736582972581933,0,0,0.0518999296107682
1,B,contrast_low,pi_source_state_soft,2,True,1.577393433798666,0.4736582972581933,0,0,0.0518999296107682
1,A,gaussian_noise,pi_zero_soft,2,True,1.5071663302331708,0.4006262057258021,0,0,0.39789946034922286
1,A,gaussian_noise,pi_zero_hard,2,True,1.5,0.37217472567429855,0,0,0.47685185185185186
1,A,gaussian_noise,pi_oracle_state_soft,2,True,1.4895898690429314,0.40829885190295623,0,0,0.39789946034922286
1,A,gaussian_noise,pi_source_state_soft,2,True,1.4895898690429314,0.40829885190295623,0,0,0.39789946034922286
1,B,gaussian_noise,pi_zero_soft,2,True,1.5071663302331708,0.4006262057258021,0,0,0.39789946034922286
1,B,gaussian_noise,pi_zero_hard,2,True,1.5,0.37217472567429855,0,0,0.47685185185185186
1,B,gaussian_noise,pi_oracle_state_soft,2,True,1.4894101830946473,0.4084798661348623,0,0,0.39789946034922286
1,B,gaussian_noise,pi_source_state_soft,2,True,1.4894101830946473,0.4084798661348623,0,0,0.39789946034922286
1,A,gaussian_blur,pi_zero_soft,2,True,1.6022733055789868,0.447957476211321,0,0,0.18164975363768868
1,A,gaussian_blur,pi_zero_hard,2,True,1.6,0.44918523733161797,0,0,0.1851851851851852
1,A,gaussian_blur,pi_oracle_state_soft,2,True,1.4643439022168925,0.39778895477606735,0,0,0.39789946034922286
1,A,gaussian_blur,pi_source_state_soft,2,True,1.4643439022168925,0.39778895477606735,0,0,0.39789946034922286
1,B,gaussian_blur,pi_zero_soft,2,True,1.6022733055789868,0.447957476211321,0,0,0.18164975363768868
1,B,gaussian_blur,pi_zero_hard,2,True,1.6,0.44918523733161797,0,0,0.1851851851851852
1,B,gaussian_blur,pi_oracle_state_soft,2,True,1.4591656901073036,0.3934906140275465,0,0,0.39789946034922286
1,B,gaussian_blur,pi_source_state_soft,2,True,1.4591656901073036,0.3934906140275465,0,0,0.39789946034922286
2,A,clean,pi_zero_soft,2,True,1.79228032571354,0.5535395029206567,0,0,-0.3146266024828463
2,A,clean,pi_zero_hard,2,True,2.0,0.6931471805599453,0,0,-0.5063696835418334
2,A,clean,pi_oracle_state_soft,2,True,1.79228032571354,0.5535395029206567,0,0,-0.3146266024828463
2,A,clean,pi_source_state_soft,2,True,1.79228032571354,0.5535395029206567,0,0,-0.3146266024828463
2,B,clean,pi_zero_soft,2,True,1.79228032571354,0.5535395029206567,0,0,-0.3146266024828463
2,B,clean,pi_zero_hard,2,True,2.0,0.6931471805599453,0,0,-0.5063696835418334
2,B,clean,pi_oracle_state_soft,2,True,1.79228032571354,0.5535395029206567,0,0,-0.3146266024828463
2,B,clean,pi_source_state_soft,2,True,1.79228032571354,0.5535395029206567,0,0,-0.3146266024828463
2,A,brightness_dark,pi_zero_soft,2,True,1.7613800202349954,0.5555948220353366,0,0,-0.1797866299901979
2,A,brightness_dark,pi_zero_hard,2,True,2.0,0.6931471805599452,0,0,-0.32075014954979214
2,A,brightness_dark,pi_oracle_state_soft,2,True,1.8160357383523427,0.5769405710255859,0,0,-0.4944132324730442
2,A,brightness_dark,pi_source_state_soft,2,True,1.8160357383523427,0.5769405710255859,0,0,-0.4944132324730442
2,B,brightness_dark,pi_zero_soft,2,True,1.7613800202349954,0.5555948220353366,0,0,-0.1797866299901979
2,B,brightness_dark,pi_zero_hard,2,True,2.0,0.6931471805599452,0,0,-0.32075014954979214
2,B,brightness_dark,pi_oracle_state_soft,2,True,1.8180617880740355,0.5780434949752837,0,0,-0.4944132324730442
2,B,brightness_dark,pi_source_state_soft,2,True,1.8180617880740355,0.5780434949752837,0,0,-0.4944132324730442
2,A,contrast_low,pi_zero_soft,2,True,1.7551745601294917,0.5475160341371998,0,0,-0.26967994498529685
2,A,contrast_low,pi_zero_hard,2,True,2.0,0.6931471805599453,0,0,-0.41666666666666674
2,A,contrast_low,pi_oracle_state_soft,2,True,1.8059860463461772,0.5712891537971276,0,0,-0.42699324622672
2,A,contrast_low,pi_source_state_soft,2,True,1.8059860463461772,0.5712891537971276,0,0,-0.42699324622672
2,B,contrast_low,pi_zero_soft,2,True,1.7551745601294917,0.5475160341371998,0,0,-0.26967994498529685
2,B,contrast_low,pi_zero_hard,2,True,2.0,0.6931471805599453,0,0,-0.41666666666666674
2,B,contrast_low,pi_oracle_state_soft,2,True,1.806868204203548,0.5725278747739782,0,0,-0.42699324622672
2,B,contrast_low,pi_source_state_soft,2,True,1.806868204203548,0.5725278747739782,0,0,-0.42699324622672
2,A,gaussian_noise,pi_zero_soft,2,True,1.83596353832796,0.5794641766722357,0,0,-0.3146266024828463
2,A,gaussian_noise,pi_zero_hard,2,True,2.0,0.6931471805599452,0,0,-0.5083285677753488
2,A,gaussian_noise,pi_oracle_state_soft,2,True,1.7808809735638687,0.5491372233346874,0,0,-0.3146266024828463
2,A,gaussian_noise,pi_source_state_soft,2,True,1.7808809735638687,0.5491372233346874,0,0,-0.3146266024828463
2,B,gaussian_noise,pi_zero_soft,2,True,1.83596353832796,0.5794641766722357,0,0,-0.3146266024828463
2,B,gaussian_noise,pi_zero_hard,2,True,2.0,0.6931471805599452,0,0,-0.5083285677753488
2,B,gaussian_noise,pi_oracle_state_soft,2,True,1.7811340851191921,0.5494548092539826,0,0,-0.3146266024828463
2,B,gaussian_noise,pi_source_state_soft,2,True,1.7811340851191921,0.5494548092539826,0,0,-0.3146266024828463
2,A,gaussian_blur,pi_zero_soft,2,True,1.7369415927586749,0.5259965443114569,0,0,-0.3370999312316211
2,A,gaussian_blur,pi_zero_hard,2,True,2.0,0.6931471805599452,0,0,-0.5083285677753488
2,A,gaussian_blur,pi_oracle_state_soft,2,True,1.7826780560264024,0.549700190498227,0,0,-0.3146266024828463
2,A,gaussian_blur,pi_source_state_soft,2,True,1.7826780560264024,0.549700190498227,0,0,-0.3146266024828463
2,B,gaussian_blur,pi_zero_soft,2,True,1.7369415927586749,0.5259965443114569,0,0,-0.3370999312316211
2,B,gaussian_blur,pi_zero_hard,2,True,2.0,0.6931471805599452,0,0,-0.5083285677753488
2,B,gaussian_blur,pi_oracle_state_soft,2,True,1.785212771472676,0.5514885867188559,0,0,-0.3146266024828463
2,B,gaussian_blur,pi_source_state_soft,2,True,1.785212771472676,0.5514885867188559,0,0,-0.3146266024828463
3,A,clean,pi_zero_soft,1,True,1.5818674697688844,0.41477231877952736,0,0,0.40618119722996154
3,A,clean,pi_zero_hard,1,True,1.5,0.38039566584857787,0,0,0.43479099562495904
3,A,clean,pi_oracle_state_soft,1,True,1.5818674697688844,0.41477231877952736,0,0,0.40618119722996154
3,A,clean,pi_source_state_soft,1,True,1.5818674697688844,0.41477231877952736,0,0,0.40618119722996154
3,B,clean,pi_zero_soft,1,True,1.5818674697688844,0.41477231877952736,0,0,0.40618119722996154
3,B,clean,pi_zero_hard,1,True,1.5,0.38039566584857787,0,0,0.43479099562495904
3,B,clean,pi_oracle_state_soft,1,True,1.5818674697688844,0.41477231877952736,0,0,0.40618119722996154
3,B,clean,pi_source_state_soft,1,True,1.5818674697688844,0.41477231877952736,0,0,0.40618119722996154
3,A,brightness_dark,pi_zero_soft,1,True,1.8354719276383777,0.5476274643591581,0,0,-0.058025885318565944
3,A,brightness_dark,pi_zero_hard,1,True,2.0000000000000004,0.6931471805599453,0,0,-0.2614881801842454
3,A,brightness_dark,pi_oracle_state_soft,1,True,1.5732714076835346,0.41101902378571387,0,0,0.40618119722996154
3,A,brightness_dark,pi_source_state_soft,1,True,1.5732714076835346,0.41101902378571387,0,0,0.40618119722996154
3,B,brightness_dark,pi_zero_soft,1,True,1.8354719276383777,0.5476274643591581,0,0,-0.058025885318565944
3,B,brightness_dark,pi_zero_hard,1,True,2.0000000000000004,0.6931471805599453,0,0,-0.2614881801842454
3,B,brightness_dark,pi_oracle_state_soft,1,True,1.5674589706417454,0.40850141309552634,0,0,0.40618119722996154
3,B,brightness_dark,pi_source_state_soft,1,True,1.5674589706417454,0.40850141309552634,0,0,0.40618119722996154
3,A,contrast_low,pi_zero_soft,1,True,1.6371789251298825,0.4398380122903487,0,0,0.2901294265928297
3,A,contrast_low,pi_zero_hard,1,True,1.8000000000000003,0.5255973270178644,0,0,0.19611613513818402
3,A,contrast_low,pi_oracle_state_soft,1,True,1.62360265560655,0.43353153327152194,0,0,0.2901294265928297
3,A,contrast_low,pi_source_state_soft,1,True,1.62360265560655,0.43353153327152194,0,0,0.2901294265928297
3,B,contrast_low,pi_zero_soft,1,True,1.6371789251298825,0.4398380122903487,0,0,0.2901294265928297
3,B,contrast_low,pi_zero_hard,1,True,1.8000000000000003,0.5255973270178644,0,0,0.19611613513818402
3,B,contrast_low,pi_oracle_state_soft,1,True,1.6620157587574567,0.4516570154400552,0,0,0.2901294265928297
3,B,contrast_low,pi_source_state_soft,1,True,1.6620157587574567,0.4516570154400552,0,0,0.2901294265928297
3,A,gaussian_noise,pi_zero_soft,1,True,1.6637926602885051,0.4525171683029753,0,0,0.2901294265928297
3,A,gaussian_noise,pi_zero_hard,1,True,1.7000000000000002,0.47050006482778794,0,0,0.24845199749997662
3,A,gaussian_noise,pi_oracle_state_soft,1,True,1.5952829693513306,0.42070327711291433,0,0,0.2901294265928297
3,A,gaussian_noise,pi_source_state_soft,1,True,1.5952829693513306,0.42070327711291433,0,0,0.2901294265928297
3,B,gaussian_noise,pi_zero_soft,1,True,1.6637926602885051,0.4525171683029753,0,0,0.2901294265928297
3,B,gaussian_noise,pi_zero_hard,1,True,1.7000000000000002,0.47050006482778794,0,0,0.24845199749997662
3,B,gaussian_noise,pi_oracle_state_soft,1,True,1.6050955614349942,0.42509975572338043,0,0,0.2901294265928297
3,B,gaussian_noise,pi_source_state_soft,1,True,1.6050955614349942,0.42509975572338043,0,0,0.2901294265928297
3,A,gaussian_blur,pi_zero_soft,1,True,1.608607679143084,0.4266856359938881,0,0,0.40618119722996154
3,A,gaussian_blur,pi_zero_hard,1,True,1.6,0.4228104552401626,0,0,0.30949223029508643
3,A,gaussian_blur,pi_oracle_state_soft,1,True,1.630940508376553,0.4369270540166217,0,0,0.2901294265928297
3,A,gaussian_blur,pi_source_state_soft,1,True,1.630940508376553,0.4369270540166217,0,0,0.2901294265928297
3,B,gaussian_blur,pi_zero_soft,1,True,1.608607679143084,0.4266856359938881,0,0,0.40618119722996154
3,B,gaussian_blur,pi_zero_hard,1,True,1.6,0.4228104552401626,0,0,0.30949223029508643
3,B,gaussian_blur,pi_oracle_state_soft,1,True,1.6342587670699784,0.4384726150443,0,0,0.2901294265928297
3,B,gaussian_blur,pi_source_state_soft,1,True,1.6342587670699784,0.4384726150443,0,0,0.2901294265928297
4,A,clean,pi_zero_soft,3,True,1.6118840500991163,0.4387629963333788,0,0,-0.49959672366232943
4,A,clean,pi_zero_hard,3,True,1.8000000000000003,0.5536171984324949,0,0,-0.469237132203465
4,A,clean,pi_oracle_state_soft,3,True,1.6118840500991163,0.4387629963333788,0,0,-0.49959672366232943
4,A,clean,pi_source_state_soft,3,True,1.6118840500991163,0.4387629963333788,0,0,-0.49959672366232943
4,B,clean,pi_zero_soft,3,True,1.6118840500991163,0.4387629963333788,0,0,-0.49959672366232943
4,B,clean,pi_zero_hard,3,True,1.8000000000000003,0.5536171984324949,0,0,-0.469237132203465
4,B,clean,pi_oracle_state_soft,3,True,1.6118840500991163,0.4387629963333788,0,0,-0.49959672366232943
4,B,clean,pi_source_state_soft,3,True,1.6118840500991163,0.4387629963333788,0,0,-0.49959672366232943
4,A,brightness_dark,pi_zero_soft,3,True,1.725292449987002,0.5092606601245642,0,0,-0.20133002296840144
4,A,brightness_dark,pi_zero_hard,3,True,2.0,0.6931471805599452,0,0,-0.3192754284070505
4,A,brightness_dark,pi_oracle_state_soft,3,True,1.680754928841921,0.4805804072474764,0,0,-0.5890767338705079
4,A,brightness_dark,pi_source_state_soft,3,True,1.680754928841921,0.4805804072474764,0,0,-0.5890767338705079
4,B,brightness_dark,pi_zero_soft,3,True,1.725292449987002,0.5092606601245642,0,0,-0.20133002296840144
4,B,brightness_dark,pi_zero_hard,3,True,2.0,0.6931471805599452,0,0,-0.3192754284070505
4,B,brightness_dark,pi_oracle_state_soft,3,True,1.6804910164703348,0.48044952416702147,0,0,-0.5890767338705079
4,B,brightness_dark,pi_source_state_soft,3,True,1.6804910164703348,0.48044952416702147,0,0,-0.5890767338705079
4,A,contrast_low,pi_zero_soft,3,True,1.7076677895665613,0.4883862217571351,0,0,-0.14167668282961582
4,A,contrast_low,pi_zero_hard,3,True,2.0,0.6931471805599454,0,0,-0.4128440366972478
4,A,contrast_low,pi_oracle_state_soft,3,True,1.7025611068985145,0.4902945501696101,0,0,-0.5294233937317222
4,A,contrast_low,pi_source_state_soft,3,True,1.7025611068985145,0.4902945501696101,0,0,-0.5294233937317222
4,B,contrast_low,pi_zero_soft,3,True,1.7076677895665613,0.4883862217571351,0,0,-0.14167668282961582
4,B,contrast_low,pi_zero_hard,3,True,2.0,0.6931471805599454,0,0,-0.4128440366972478
4,B,contrast_low,pi_oracle_state_soft,3,True,1.7015052534879922,0.4910640674304694,0,0,-0.5294233937317222
4,B,contrast_low,pi_source_state_soft,3,True,1.7015052534879922,0.4910640674304694,0,0,-0.5294233937317222
4,A,gaussian_noise,pi_zero_soft,3,True,1.7085504749387415,0.4797153181476135,0,0,-0.4250300484888475
4,A,gaussian_noise,pi_zero_hard,3,True,1.7999999999999998,0.5536171984324951,0,0,-0.37048243976559725
4,A,gaussian_noise,pi_oracle_state_soft,3,True,1.6322723399873047,0.4451008968575465,0,0,-0.4250300484888475
4,A,gaussian_noise,pi_source_state_soft,3,True,1.6322723399873047,0.4451008968575465,0,0,-0.4250300484888475
4,B,gaussian_noise,pi_zero_soft,3,True,1.7085504749387415,0.4797153181476135,0,0,-0.4250300484888475
4,B,gaussian_noise,pi_zero_hard,3,True,1.7999999999999998,0.5536171984324951,0,0,-0.37048243976559725
4,B,gaussian_noise,pi_oracle_state_soft,3,True,1.633158722014412,0.44523433566786697,0,0,-0.4250300484888475
4,B,gaussian_noise,pi_source_state_soft,3,True,1.633158722014412,0.44523433566786697,0,0,-0.4250300484888475
4,A,gaussian_blur,pi_zero_soft,3,True,1.594320215397278,0.4349749443019755,0,0,-0.38029004338475825
4,A,gaussian_blur,pi_zero_hard,3,True,1.8000000000000003,0.5536171984324951,0,0,-0.32417213479489754
4,A,gaussian_blur,pi_oracle_state_soft,3,True,1.628434884939788,0.4443571093441765,0,0,-0.4250300484888475
4,A,gaussian_blur,pi_source_state_soft,3,True,1.628434884939788,0.4443571093441765,0,0,-0.4250300484888475
4,B,gaussian_blur,pi_zero_soft,3,True,1.594320215397278,0.4349749443019755,0,0,-0.38029004338475825
4,B,gaussian_blur,pi_zero_hard,3,True,1.8000000000000003,0.5536171984324951,0,0,-0.32417213479489754
4,B,gaussian_blur,pi_oracle_state_soft,3,True,1.6311692799517155,0.4453764358371233,0,0,-0.4250300484888475
4,B,gaussian_blur,pi_source_state_soft,3,True,1.6311692799517155,0.4453764358371233,0,0,-0.4250300484888475
5,A,clean,pi_zero_soft,3,True,1.2800817162102023,0.317556231716561,0,0,0.3504633733153655
5,A,clean,pi_zero_hard,3,True,1.2999999999999998,0.3317910444917114,0,0,0.25722443221880653
5,A,clean,pi_oracle_state_soft,3,True,1.2800817162102023,0.317556231716561,0,0,0.3504633733153655
5,A,clean,pi_source_state_soft,3,True,1.2800817162102023,0.317556231716561,0,0,0.3504633733153655
5,B,clean,pi_zero_soft,3,True,1.2800817162102023,0.317556231716561,0,0,0.3504633733153655
5,B,clean,pi_zero_hard,3,True,1.2999999999999998,0.3317910444917114,0,0,0.25722443221880653
5,B,clean,pi_oracle_state_soft,3,True,1.2800817162102023,0.317556231716561,0,0,0.3504633733153655
5,B,clean,pi_source_state_soft,3,True,1.2800817162102023,0.317556231716561,0,0,0.3504633733153655
5,A,brightness_dark,pi_zero_soft,3,True,1.4793136847329458,0.3748683997532185,0,0,0.11185001276022301
5,A,brightness_dark,pi_zero_hard,3,True,1.7,0.47050006482778794,0,0,0.35696078073176607
5,A,brightness_dark,pi_oracle_state_soft,3,True,1.3099809312413455,0.3245265711727796,0,0,0.29081003317657983
5,A,brightness_dark,pi_source_state_soft,3,True,1.3099809312413455,0.3245265711727796,0,0,0.29081003317657983
5,B,brightness_dark,pi_zero_soft,3,True,1.4793136847329458,0.3748683997532185,0,0,0.11185001276022301
5,B,brightness_dark,pi_zero_hard,3,True,1.7,0.47050006482778794,0,0,0.35696078073176607
5,B,brightness_dark,pi_oracle_state_soft,3,True,1.3034868452073343,0.3218525144879405,0,0,0.3504633733153655
5,B,brightness_dark,pi_source_state_soft,3,True,1.3034868452073343,0.3218525144879405,0,0,0.3504633733153655
5,A,contrast_low,pi_zero_soft,3,True,1.2762309422408222,0.29819180903848896,0,0,0.38029004338475825
5,A,contrast_low,pi_zero_hard,3,True,1.5000000000000002,0.377193711963971,0,0,0.28562353634913273
5,A,contrast_low,pi_oracle_state_soft,3,True,1.2946995134640236,0.3227999237795993,0,0,0.3504633733153655
5,A,contrast_low,pi_source_state_soft,3,True,1.2946995134640236,0.3227999237795993,0,0,0.3504633733153655
5,B,contrast_low,pi_zero_soft,3,True,1.2762309422408222,0.29819180903848896,0,0,0.38029004338475825
5,B,contrast_low,pi_zero_hard,3,True,1.5000000000000002,0.377193711963971,0,0,0.28562353634913273
5,B,contrast_low,pi_oracle_state_soft,3,True,1.324520957003672,0.33545173628541325,0,0,0.29081003317657983
5,B,contrast_low,pi_source_state_soft,3,True,1.324520957003672,0.33545173628541325,0,0,0.29081003317657983
5,A,gaussian_noise,pi_zero_soft,3,True,1.439955621727844,0.3720534982474013,0,0,0.20133002296840144
5,A,gaussian_noise,pi_zero_hard,3,True,1.7,0.5001161544891404,0,0,-0.07208771201918647
5,A,gaussian_noise,pi_oracle_state_soft,3,True,1.3159840446293012,0.3303569537541675,0,0,0.3504633733153655
5,A,gaussian_noise,pi_source_state_soft,3,True,1.3159840446293012,0.3303569537541675,0,0,0.3504633733153655
5,B,gaussian_noise,pi_zero_soft,3,True,1.439955621727844,0.3720534982474013,0,0,0.20133002296840144
5,B,gaussian_noise,pi_zero_hard,3,True,1.7,0.5001161544891404,0,0,-0.07208771201918647
5,B,gaussian_noise,pi_oracle_state_soft,3,True,1.3239790076645772,0.33343795711324775,0,0,0.3504633733153655
5,B,gaussian_noise,pi_source_state_soft,3,True,1.3239790076645772,0.33343795711324775,0,0,0.3504633733153655
5,A,gaussian_blur,pi_zero_soft,3,True,1.2686181941778285,0.3094618334089021,0,0,0.39520337841945463
5,A,gaussian_blur,pi_zero_hard,3,True,1.3000000000000003,0.3335937744628754,0,0,0.38100283909133376
5,A,gaussian_blur,pi_oracle_state_soft,3,True,1.3290843363624967,0.3376937595512379,0,0,0.3504633733153655
5,A,gaussian_blur,pi_source_state_soft,3,True,1.3290843363624967,0.3376937595512379,0,0,0.3504633733153655
5,B,gaussian_blur,pi_zero_soft,3,True,1.2686181941778285,0.3094618334089021,0,0,0.39520337841945463
5,B,gaussian_blur,pi_zero_hard,3,True,1.3000000000000003,0.3335937744628754,0,0,0.38100283909133376
5,B,gaussian_blur,pi_oracle_state_soft,3,True,1.3366108897167108,0.33993810813606573,0,0,0.3504633733153655
5,B,gaussian_blur,pi_source_state_soft,3,True,1.3366108897167108,0.33993810813606573,0,0,0.3504633733153655
6,A,clean,pi_zero_soft,3,True,1.08987749759146,0.25381942022083415,1,1,0.49959672366232943
6,A,clean,pi_zero_hard,3,True,1.0,0.26808636871529035,1,1,0.27607491849320603
6,A,clean,pi_oracle_state_soft,3,True,1.08987749759146,0.25381942022083415,1,1,0.49959672366232943
6,A,clean,pi_source_state_soft,3,True,1.08987749759146,0.25381942022083415,1,1,0.49959672366232943
6,B,clean,pi_zero_soft,3,True,1.08987749759146,0.25381942022083415,1,1,0.49959672366232943
6,B,clean,pi_zero_hard,3,True,1.0,0.26808636871529035,1,1,0.27607491849320603
6,B,clean,pi_oracle_state_soft,3,True,1.08987749759146,0.25381942022083415,1,1,0.49959672366232943
6,B,clean,pi_source_state_soft,3,True,1.08987749759146,0.25381942022083415,1,1,0.49959672366232943
6,A,brightness_dark,pi_zero_soft,3,True,1.154715746914502,0.2624311248389768,0,0,0.29081003317657983
6,A,brightness_dark,pi_zero_hard,3,True,1.1,0.3645604686050469,0,0,0.2554203427256404
6,A,brightness_dark,pi_oracle_state_soft,3,True,1.0921499918345634,0.25109604463669166,1,1,0.49959672366232943
6,A,brightness_dark,pi_source_state_soft,3,True,1.0921499918345634,0.25109604463669166,1,1,0.49959672366232943
6,B,brightness_dark,pi_zero_soft,3,True,1.154715746914502,0.2624311248389768,0,0,0.29081003317657983
6,B,brightness_dark,pi_zero_hard,3,True,1.1,0.3645604686050469,0,0,0.2554203427256404
6,B,brightness_dark,pi_oracle_state_soft,3,True,1.0872302760337536,0.2491037219153902,1,1,0.49959672366232943
6,B,brightness_dark,pi_source_state_soft,3,True,1.0872302760337536,0.2491037219153902,1,1,0.49959672366232943
6,A,contrast_low,pi_zero_soft,3,True,1.1463928615551755,0.27116736967198785,1,1,0.4250300484888475
6,A,contrast_low,pi_zero_hard,3,True,1.2000000000000002,0.38401447109114994,0,0,0.2554203427256404
6,A,contrast_low,pi_oracle_state_soft,3,True,1.1739323345933157,0.27339485263668895,1,1,0.4250300484888475
6,A,contrast_low,pi_source_state_soft,3,True,1.1739323345933157,0.27339485263668895,1,1,0.4250300484888475
6,B,contrast_low,pi_zero_soft,3,True,1.1463928615551755,0.27116736967198785,1,1,0.4250300484888475
6,B,contrast_low,pi_zero_hard,3,True,1.2000000000000002,0.38401447109114994,0,0,0.2554203427256404
6,B,contrast_low,pi_oracle_state_soft,3,True,1.1782235089080932,0.2766264295354768,1,1,0.4250300484888475
6,B,contrast_low,pi_source_state_soft,3,True,1.1782235089080932,0.2766264295354768,1,1,0.4250300484888475
6,A,gaussian_noise,pi_zero_soft,3,True,1.045797621084562,0.24964184702901981,1,1,0.4250300484888475
6,A,gaussian_noise,pi_zero_hard,3,True,1.0000000000000002,0.3465735902799727,1,1,0.1512124604201291
6,A,gaussian_noise,pi_oracle_state_soft,3,True,1.0847805688343697,0.25143950733684894,1,1,0.4250300484888475
6,A,gaussian_noise,pi_source_state_soft,3,True,1.0847805688343697,0.25143950733684894,1,1,0.4250300484888475
6,B,gaussian_noise,pi_zero_soft,3,True,1.045797621084562,0.24964184702901981,1,1,0.4250300484888475
6,B,gaussian_noise,pi_zero_hard,3,True,1.0000000000000002,0.3465735902799727,1,1,0.1512124604201291
6,B,gaussian_noise,pi_oracle_state_soft,3,True,1.0752089700951455,0.24900869452799146,1,1,0.49959672366232943
6,B,gaussian_noise,pi_source_state_soft,3,True,1.0752089700951455,0.24900869452799146,1,1,0.49959672366232943
6,A,gaussian_blur,pi_zero_soft,3,True,1.1085260820011116,0.2560583674010375,1,1,0.49959672366232943
6,A,gaussian_blur,pi_zero_hard,3,True,0.8000000000000002,0.23064548790411332,1,1,0.5727106330035533
6,A,gaussian_blur,pi_oracle_state_soft,3,True,1.1048287839441377,0.25616674834067377,1,1,0.4250300484888475
6,A,gaussian_blur,pi_source_state_soft,3,True,1.1048287839441377,0.25616674834067377,1,1,0.4250300484888475
6,B,gaussian_blur,pi_zero_soft,3,True,1.1085260820011116,0.2560583674010375,1,1,0.49959672366232943
6,B,gaussian_blur,pi_zero_hard,3,True,0.8000000000000002,0.23064548790411332,1,1,0.5727106330035533
6,B,gaussian_blur,pi_oracle_state_soft,3,True,1.1048967306564608,0.25635775451654763,1,1,0.4250300484888475
6,B,gaussian_blur,pi_source_state_soft,3,True,1.1048967306564608,0.25635775451654763,1,1,0.4250300484888475
7,A,clean,pi_zero_soft,1,True,1.557711313008252,0.41944602451961477,0,0,0.19894973017461143
7,A,clean,pi_zero_hard,1,True,1.6,0.4323705583781349,0,0,0.04613637769652221
7,A,clean,pi_oracle_state_soft,1,True,1.557711313008252,0.41944602451961477,0,0,0.19894973017461143
7,A,clean,pi_source_state_soft,1,True,1.557711313008252,0.41944602451961477,0,0,0.19894973017461143
7,B,clean,pi_zero_soft,1,True,1.557711313008252,0.41944602451961477,0,0,0.19894973017461143
7,B,clean,pi_zero_hard,1,True,1.6,0.4323705583781349,0,0,0.04613637769652221
7,B,clean,pi_oracle_state_soft,1,True,1.557711313008252,0.41944602451961477,0,0,0.19894973017461143
7,B,clean,pi_source_state_soft,1,True,1.557711313008252,0.41944602451961477,0,0,0.19894973017461143
7,A,brightness_dark,pi_zero_soft,1,True,1.5985587092188374,0.42703475766175636,0,0,0.19894973017461143
7,A,brightness_dark,pi_zero_hard,1,True,1.8,0.5474673938870493,0,0,0.3913115139224996
7,A,brightness_dark,pi_oracle_state_soft,1,True,1.5348260662972586,0.41868630867675094,0,0,0.354649519006916
7,A,brightness_dark,pi_source_state_soft,1,True,1.5348260662972586,0.41868630867675094,0,0,0.354649519006916
7,B,brightness_dark,pi_zero_soft,1,True,1.5985587092188374,0.42703475766175636,0,0,0.19894973017461143
7,B,brightness_dark,pi_zero_hard,1,True,1.8,0.5474673938870493,0,0,0.3913115139224996
7,B,brightness_dark,pi_oracle_state_soft,1,True,1.5303526652792199,0.4173881756595901,0,0,0.354649519006916
7,B,brightness_dark,pi_source_state_soft,1,True,1.5303526652792199,0.4173881756595901,0,0,0.354649519006916
7,A,contrast_low,pi_zero_soft,1,True,1.7148559118187823,0.47823929870864523,0,0,-0.03459995307384547
7,A,contrast_low,pi_zero_hard,1,True,1.9000000000000004,0.5952059565091602,0,0,-0.014617633655117155
7,A,contrast_low,pi_oracle_state_soft,1,True,1.5014615236131954,0.40202017589645456,0,0,0.19894973017461143
7,A,contrast_low,pi_source_state_soft,1,True,1.5014615236131954,0.40202017589645456,0,0,0.19894973017461143
7,B,contrast_low,pi_zero_soft,1,True,1.7148559118187823,0.47823929870864523,0,0,-0.03459995307384547
7,B,contrast_low,pi_zero_hard,1,True,1.9000000000000004,0.5952059565091602,0,0,-0.014617633655117155
7,B,contrast_low,pi_oracle_state_soft,1,True,1.4972199618712034,0.4054455078588992,0,0,0.27679962459076374
7,B,contrast_low,pi_source_state_soft,1,True,1.4972199618712034,0.4054455078588992,0,0,0.27679962459076374
7,A,gaussian_noise,pi_zero_soft,1,True,1.5200804455788581,0.407088719971777,0,0,0.354649519006916
7,A,gaussian_noise,pi_zero_hard,1,True,1.4,0.3276733803757149,0,0,0.544409256818962
7,A,gaussian_noise,pi_oracle_state_soft,1,True,1.532183634662358,0.4153402955011829,0,0,0.19894973017461143
7,A,gaussian_noise,pi_source_state_soft,1,True,1.532183634662358,0.4153402955011829,0,0,0.19894973017461143
7,B,gaussian_noise,pi_zero_soft,1,True,1.5200804455788581,0.407088719971777,0,0,0.354649519006916
7,B,gaussian_noise,pi_zero_hard,1,True,1.4,0.3276733803757149,0,0,0.544409256818962
7,B,gaussian_noise,pi_oracle_state_soft,1,True,1.5255673933053588,0.41252570393140475,0,0,0.19894973017461143
7,B,gaussian_noise,pi_source_state_soft,1,True,1.5255673933053588,0.41252570393140475,0,0,0.19894973017461143
7,A,gaussian_blur,pi_zero_soft,1,True,1.6361563869303934,0.44165022317339586,0,0,-0.03459995307384547
7,A,gaussian_blur,pi_zero_hard,1,True,1.8000000000000003,0.5306056938642213,0,0,-0.004629629629629629
7,A,gaussian_blur,pi_oracle_state_soft,1,True,1.5572176211089064,0.4180859614477581,0,0,0.19894973017461143
7,A,gaussian_blur,pi_source_state_soft,1,True,1.5572176211089064,0.4180859614477581,0,0,0.19894973017461143
7,B,gaussian_blur,pi_zero_soft,1,True,1.6361563869303934,0.44165022317339586,0,0,-0.03459995307384547
7,B,gaussian_blur,pi_zero_hard,1,True,1.8000000000000003,0.5306056938642213,0,0,-0.004629629629629629
7,B,gaussian_blur,pi_oracle_state_soft,1,True,1.5521385225690612,0.4168273658540833,0,0,0.19894973017461143
7,B,gaussian_blur,pi_source_state_soft,1,True,1.5521385225690612,0.4168273658540833,0,0,0.19894973017461143
8,A,clean,pi_zero_soft,2,True,1.5637941470352776,0.413678169591156,0,0,0.1037998592215364
8,A,clean,pi_zero_hard,2,True,1.8,0.5361727374305809,0,0,-0.09401267913629435
8,A,clean,pi_oracle_state_soft,2,True,1.5637941470352776,0.413678169591156,0,0,0.1037998592215364
8,A,clean,pi_source_state_soft,2,True,1.5637941470352776,0.413678169591156,0,0,0.1037998592215364
8,B,clean,pi_zero_soft,2,True,1.5637941470352776,0.413678169591156,0,0,0.1037998592215364
8,B,clean,pi_zero_hard,2,True,1.8,0.5361727374305809,0,0,-0.09401267913629435
8,B,clean,pi_oracle_state_soft,2,True,1.5637941470352776,0.413678169591156,0,0,0.1037998592215364
8,B,clean,pi_source_state_soft,2,True,1.5637941470352776,0.413678169591156,0,0,0.1037998592215364
8,A,brightness_dark,pi_zero_soft,2,True,1.7818044776396724,0.5151852971254376,0,0,-0.22489969497999554
8,A,brightness_dark,pi_zero_hard,2,True,2.0,0.6931471805599454,0,0,-0.24691358024691362
8,A,brightness_dark,pi_oracle_state_soft,2,True,1.6068339090680361,0.4343678598731777,0,0,0.0259499648053841
8,A,brightness_dark,pi_source_state_soft,2,True,1.6068339090680361,0.4343678598731777,0,0,0.0259499648053841
8,B,brightness_dark,pi_zero_soft,2,True,1.7818044776396724,0.5151852971254376,0,0,-0.22489969497999554
8,B,brightness_dark,pi_zero_hard,2,True,2.0,0.6931471805599454,0,0,-0.24691358024691362
8,B,brightness_dark,pi_oracle_state_soft,2,True,1.602220945264043,0.4326059039627628,0,0,0.0259499648053841
8,B,brightness_dark,pi_source_state_soft,2,True,1.602220945264043,0.4326059039627628,0,0,0.0259499648053841
8,A,contrast_low,pi_zero_soft,2,True,1.6963732694261686,0.47613951117959497,0,0,-0.06919990614769093
8,A,contrast_low,pi_zero_hard,2,True,2.0,0.6931471805599453,0,0,-0.3192754284070505
8,A,contrast_low,pi_oracle_state_soft,2,True,1.6341617043564718,0.4469348429615869,0,0,0.0259499648053841
8,A,contrast_low,pi_source_state_soft,2,True,1.6341617043564718,0.4469348429615869,0,0,0.0259499648053841
8,B,contrast_low,pi_zero_soft,2,True,1.6963732694261686,0.47613951117959497,0,0,-0.06919990614769093
8,B,contrast_low,pi_zero_hard,2,True,2.0,0.6931471805599453,0,0,-0.3192754284070505
8,B,contrast_low,pi_oracle_state_soft,2,True,1.654434343071268,0.4546768871640454,0,0,0.0259499648053841
8,B,contrast_low,pi_source_state_soft,2,True,1.654434343071268,0.4546768871640454,0,0,0.0259499648053841
8,A,gaussian_noise,pi_zero_soft,2,True,1.6426565318145547,0.44749140833488865,0,0,-0.06919990614769093
8,A,gaussian_noise,pi_zero_hard,2,True,1.9000000000000001,0.598066998231966,0,0,-0.290991625898054
8,A,gaussian_noise,pi_oracle_state_soft,2,True,1.5778276460445022,0.4205388614456511,0,0,0.1037998592215364
8,A,gaussian_noise,pi_source_state_soft,2,True,1.5778276460445022,0.4205388614456511,0,0,0.1037998592215364
8,B,gaussian_noise,pi_zero_soft,2,True,1.6426565318145547,0.44749140833488865,0,0,-0.06919990614769093
8,B,gaussian_noise,pi_zero_hard,2,True,1.9000000000000001,0.598066998231966,0,0,-0.290991625898054
8,B,gaussian_noise,pi_oracle_state_soft,2,True,1.5800246779274678,0.42078631728919924,0,0,0.1037998592215364
8,B,gaussian_noise,pi_source_state_soft,2,True,1.5800246779274678,0.42078631728919924,0,0,0.1037998592215364
8,A,gaussian_blur,pi_zero_soft,2,True,1.5835625589860776,0.42312149460548687,0,0,0.1037998592215364
8,A,gaussian_blur,pi_zero_hard,2,True,1.9000000000000001,0.598066998231966,0,0,-0.19440502070644367
8,A,gaussian_blur,pi_oracle_state_soft,2,True,1.5857625142081302,0.4241069647573614,0,0,0.1037998592215364
8,A,gaussian_blur,pi_source_state_soft,2,True,1.5857625142081302,0.4241069647573614,0,0,0.1037998592215364
8,B,gaussian_blur,pi_zero_soft,2,True,1.5835625589860776,0.42312149460548687,0,0,0.1037998592215364
8,B,gaussian_blur,pi_zero_hard,2,True,1.9000000000000001,0.598066998231966,0,0,-0.19440502070644367
8,B,gaussian_blur,pi_oracle_state_soft,2,True,1.5873532245499975,0.4246432983688362,0,0,0.0259499648053841
8,B,gaussian_blur,pi_source_state_soft,2,True,1.5873532245499975,0.4246432983688362,0,0,0.0259499648053841
9,A,clean,pi_zero_soft,2,True,1.3880036068485808,0.3879140911701924,0,0,0.3027495893961478
9,A,clean,pi_zero_hard,2,True,1.2999999999999998,0.3933542663439733,0,0,0.31337559712098123
9,A,clean,pi_oracle_state_soft,2,True,1.3880036068485808,0.3879140911701924,0,0,0.3027495893961478
9,A,clean,pi_source_state_soft,2,True,1.3880036068485808,0.3879140911701924,0,0,0.3027495893961478
9,B,clean,pi_zero_soft,2,True,1.3880036068485808,0.3879140911701924,0,0,0.3027495893961478
9,B,clean,pi_zero_hard,2,True,1.2999999999999998,0.3933542663439733,0,0,0.31337559712098123
9,B,clean,pi_oracle_state_soft,2,True,1.3880036068485808,0.3879140911701924,0,0,0.3027495893961478
9,B,clean,pi_source_state_soft,2,True,1.3880036068485808,0.3879140911701924,0,0,0.3027495893961478
9,A,brightness_dark,pi_zero_soft,2,True,1.7941426979921773,0.5381212152885568,0,0,-0.37194949554383877
9,A,brightness_dark,pi_zero_hard,2,True,1.9,0.621376824859474,0,0,-0.03913115139224995
9,A,brightness_dark,pi_oracle_state_soft,2,True,1.4588024976543166,0.4043904631245896,0,0,0.22489969497999554
9,A,brightness_dark,pi_source_state_soft,2,True,1.4588024976543166,0.4043904631245896,0,0,0.22489969497999554
9,B,brightness_dark,pi_zero_soft,2,True,1.7941426979921773,0.5381212152885568,0,0,-0.37194949554383877
9,B,brightness_dark,pi_zero_hard,2,True,1.9,0.621376824859474,0,0,-0.03913115139224995
9,B,brightness_dark,pi_oracle_state_soft,2,True,1.4539984137696162,0.40229604143286823,0,0,0.22489969497999554
9,B,brightness_dark,pi_source_state_soft,2,True,1.4539984137696162,0.40229604143286823,0,0,0.22489969497999554
9,A,contrast_low,pi_zero_soft,2,True,1.6997668754022568,0.48947647030535824,0,0,-0.12109983575845912
9,A,contrast_low,pi_zero_hard,2,True,1.6,0.5248942638076313,0,0,0.0638550856814101
9,A,contrast_low,pi_oracle_state_soft,2,True,1.533143123995253,0.4459875224243486,0,0,0.03459995307384547
9,A,contrast_low,pi_source_state_soft,2,True,1.533143123995253,0.4459875224243486,0,0,0.03459995307384547
9,B,contrast_low,pi_zero_soft,2,True,1.6997668754022568,0.48947647030535824,0,0,-0.12109983575845912
9,B,contrast_low,pi_zero_hard,2,True,1.6,0.5248942638076313,0,0,0.0638550856814101
9,B,contrast_low,pi_oracle_state_soft,2,True,1.546465328312696,0.4485697824623336,0,0,0.03459995307384547
9,B,contrast_low,pi_source_state_soft,2,True,1.546465328312696,0.4485697824623336,0,0,0.03459995307384547
9,A,gaussian_noise,pi_zero_soft,2,True,1.4239511807900787,0.40767847525120904,0,0,0.32004956593307055
9,A,gaussian_noise,pi_zero_hard,2,True,1.4,0.41182087993087557,0,0,0.27308444891971223
9,A,gaussian_noise,pi_oracle_state_soft,2,True,1.3844990384658713,0.3899815039551988,0,0,0.3027495893961478
9,A,gaussian_noise,pi_source_state_soft,2,True,1.3844990384658713,0.3899815039551988,0,0,0.3027495893961478
9,B,gaussian_noise,pi_zero_soft,2,True,1.4239511807900787,0.40767847525120904,0,0,0.32004956593307055
9,B,gaussian_noise,pi_zero_hard,2,True,1.4,0.41182087993087557,0,0,0.27308444891971223
9,B,gaussian_noise,pi_oracle_state_soft,2,True,1.3895336337598228,0.3908874947250278,0,0,0.3027495893961478
9,B,gaussian_noise,pi_source_state_soft,2,True,1.3895336337598228,0.3908874947250278,0,0,0.3027495893961478
9,A,gaussian_blur,pi_zero_soft,2,True,1.4490152699225776,0.4009466476938306,0,0,0.11244984748999777
9,A,gaussian_blur,pi_zero_hard,2,True,1.2999999999999998,0.3933542663439733,0,0,0.31337559712098123
9,A,gaussian_blur,pi_oracle_state_soft,2,True,1.416663753720356,0.39547932963479404,0,0,0.3027495893961478
9,A,gaussian_blur,pi_source_state_soft,2,True,1.416663753720356,0.39547932963479404,0,0,0.3027495893961478
9,B,gaussian_blur,pi_zero_soft,2,True,1.4490152699225776,0.4009466476938306,0,0,0.11244984748999777
9,B,gaussian_blur,pi_zero_hard,2,True,1.2999999999999998,0.3933542663439733,0,0,0.31337559712098123
9,B,gaussian_blur,pi_oracle_state_soft,2,True,1.4166022680290709,0.39515217502998934,0,0,0.39789946034922286
9,B,gaussian_blur,pi_source_state_soft,2,True,1.4166022680290709,0.39515217502998934,0,0,0.39789946034922286
10,A,clean,pi_zero_soft,3,True,1.3449837277703935,0.36958304086606986,0,0,0.1797866299901979
10,A,clean,pi_zero_hard,3,True,1.6,0.4841975905843412,0,0,0.03535533905932738
10,A,clean,pi_oracle_state_soft,3,True,1.3449837277703935,0.36958304086606986,0,0,0.1797866299901979
10,A,clean,pi_source_state_soft,3,True,1.3449837277703935,0.36958304086606986,0,0,0.1797866299901979
10,B,clean,pi_zero_soft,3,True,1.3449837277703935,0.36958304086606986,0,0,0.1797866299901979
10,B,clean,pi_zero_hard,3,True,1.6,0.4841975905843412,0,0,0.03535533905932738
10,B,clean,pi_oracle_state_soft,3,True,1.3449837277703935,0.36958304086606986,0,0,0.1797866299901979
10,B,clean,pi_source_state_soft,3,True,1.3449837277703935,0.36958304086606986,0,0,0.1797866299901979
10,A,brightness_dark,pi_zero_soft,3,True,1.214570399551671,0.28755104061937664,0,0,0.6067798762169179
10,A,brightness_dark,pi_zero_hard,3,True,1.7000000000000002,0.48179263665695005,0,0,0.2084875972073649
10,A,brightness_dark,pi_oracle_state_soft,3,True,1.3349626183826997,0.36783057640714123,0,0,0.3370999312316211
10,A,brightness_dark,pi_source_state_soft,3,True,1.3349626183826997,0.36783057640714123,0,0,0.3370999312316211
10,B,brightness_dark,pi_zero_soft,3,True,1.214570399551671,0.28755104061937664,0,0,0.6067798762169179
10,B,brightness_dark,pi_zero_hard,3,True,1.7000000000000002,0.48179263665695005,0,0,0.2084875972073649
10,B,brightness_dark,pi_oracle_state_soft,3,True,1.3313967415280241,0.3676828578367146,0,0,0.2472066162365221
10,B,brightness_dark,pi_source_state_soft,3,True,1.3313967415280241,0.3676828578367146,0,0,0.2472066162365221
10,A,contrast_low,pi_zero_soft,3,True,1.2286849276243217,0.2846775267869286,0,0,0.6292532049656926
10,A,contrast_low,pi_zero_hard,3,True,1.7000000000000002,0.511294236864265,0,0,0.08295018954139967
10,A,contrast_low,pi_oracle_state_soft,3,True,1.3426015412007835,0.38256279506033586,0,0,0.26967994498529685
10,A,contrast_low,pi_source_state_soft,3,True,1.3426015412007835,0.38256279506033586,0,0,0.26967994498529685
10,B,contrast_low,pi_zero_soft,3,True,1.2286849276243217,0.2846775267869286,0,0,0.6292532049656926
10,B,contrast_low,pi_zero_hard,3,True,1.7000000000000002,0.511294236864265,0,0,0.08295018954139967
10,B,contrast_low,pi_oracle_state_soft,3,True,1.3476599885626996,0.3828523882909922,0,0,0.26967994498529685
10,B,contrast_low,pi_source_state_soft,3,True,1.3476599885626996,0.3828523882909922,0,0,0.26967994498529685
10,A,gaussian_noise,pi_zero_soft,3,True,1.4036336108325027,0.4228020869546769,0,0,-0.044946657497549475
10,A,gaussian_noise,pi_zero_hard,3,True,1.6,0.5046010184664682,0,0,-0.03500700210070024
10,A,gaussian_noise,pi_oracle_state_soft,3,True,1.3477707174741507,0.381096293994458,0,0,0.11236664374387367
10,A,gaussian_noise,pi_source_state_soft,3,True,1.3477707174741507,0.381096293994458,0,0,0.11236664374387367
10,B,gaussian_noise,pi_zero_soft,3,True,1.4036336108325027,0.4228020869546769,0,0,-0.044946657497549475
10,B,gaussian_noise,pi_zero_hard,3,True,1.6,0.5046010184664682,0,0,-0.03500700210070024
10,B,gaussian_noise,pi_oracle_state_soft,3,True,1.3462054947183524,0.3837742186413742,0,0,0.11236664374387367
10,B,gaussian_noise,pi_source_state_soft,3,True,1.3462054947183524,0.3837742186413742,0,0,0.11236664374387367
10,A,gaussian_blur,pi_zero_soft,3,True,1.2774359282550596,0.33091961568652994,0,0,0.42699324622672
10,A,gaussian_blur,pi_zero_hard,3,True,1.5999999999999999,0.46134731982168486,0,0,0.02431083191631576
10,A,gaussian_blur,pi_oracle_state_soft,3,True,1.337923801343329,0.38062793747494084,0,0,0.1797866299901979
10,A,gaussian_blur,pi_source_state_soft,3,True,1.337923801343329,0.38062793747494084,0,0,0.1797866299901979
10,B,gaussian_blur,pi_zero_soft,3,True,1.2774359282550596,0.33091961568652994,0,0,0.42699324622672
10,B,gaussian_blur,pi_zero_hard,3,True,1.5999999999999999,0.46134731982168486,0,0,0.02431083191631576
10,B,gaussian_blur,pi_oracle_state_soft,3,True,1.3394742409466622,0.3825569265966735,0,0,0.1797866299901979
10,B,gaussian_blur,pi_source_state_soft,3,True,1.3394742409466622,0.3825569265966735,0,0,0.1797866299901979
11,A,clean,pi_zero_soft,3,True,1.127625119666325,0.253805170343943,0,0,0.683349073208448
11,A,clean,pi_zero_hard,3,True,0.7000000000000001,0.14309094682923007,0,0,0.7314814814814814
11,A,clean,pi_oracle_state_soft,3,True,1.127625119666325,0.253805170343943,0,0,0.683349073208448
11,A,clean,pi_source_state_soft,3,True,1.127625119666325,0.253805170343943,0,0,0.683349073208448
11,B,clean,pi_zero_soft,3,True,1.127625119666325,0.253805170343943,0,0,0.683349073208448
11,B,clean,pi_zero_hard,3,True,0.7000000000000001,0.14309094682923007,0,0,0.7314814814814814
11,B,clean,pi_oracle_state_soft,3,True,1.127625119666325,0.253805170343943,0,0,0.683349073208448
11,B,clean,pi_source_state_soft,3,True,1.127625119666325,0.253805170343943,0,0,0.683349073208448
11,A,brightness_dark,pi_zero_soft,3,True,1.123702838909896,0.2865876694497642,1,1,0.4670993664969138
11,A,brightness_dark,pi_zero_hard,3,True,0.9000000000000001,0.22414089468074638,1,1,0.5000000000000001
11,A,brightness_dark,pi_oracle_state_soft,3,True,1.138391350973011,0.2567588026872065,0,0,0.683349073208448
11,A,brightness_dark,pi_source_state_soft,3,True,1.138391350973011,0.2567588026872065,0,0,0.683349073208448
11,B,brightness_dark,pi_zero_soft,3,True,1.123702838909896,0.2865876694497642,1,1,0.4670993664969138
11,B,brightness_dark,pi_zero_hard,3,True,0.9000000000000001,0.22414089468074638,1,1,0.5000000000000001
11,B,brightness_dark,pi_oracle_state_soft,3,True,1.1358701252291608,0.25608336903459605,0,0,0.683349073208448
11,B,brightness_dark,pi_source_state_soft,3,True,1.1358701252291608,0.25608336903459605,0,0,0.683349073208448
11,A,contrast_low,pi_zero_soft,3,True,1.2031698830297715,0.28538072229562106,1,1,0.5449492609130662
11,A,contrast_low,pi_zero_hard,3,True,0.6,0.14321568786633287,1,1,0.7016464154456235
11,A,contrast_low,pi_oracle_state_soft,3,True,1.197675975477624,0.2753990598705749,0,0,0.683349073208448
11,A,contrast_low,pi_source_state_soft,3,True,1.197675975477624,0.2753990598705749,0,0,0.683349073208448
11,B,contrast_low,pi_zero_soft,3,True,1.2031698830297715,0.28538072229562106,1,1,0.5449492609130662
11,B,contrast_low,pi_zero_hard,3,True,0.6,0.14321568786633287,1,1,0.7016464154456235
11,B,contrast_low,pi_oracle_state_soft,3,True,1.2036371839802118,0.2775633886956608,0,0,0.683349073208448
11,B,contrast_low,pi_source_state_soft,3,True,1.2036371839802118,0.2775633886956608,0,0,0.683349073208448
11,A,gaussian_noise,pi_zero_soft,3,True,1.2144793699109055,0.28235770612055466,0,0,0.5881992022553729
11,A,gaussian_noise,pi_zero_hard,3,True,1.0,0.22329961614968585,0,0,0.5787037037037037
11,A,gaussian_noise,pi_oracle_state_soft,3,True,1.1565887327588442,0.26254130628764516,0,0,0.683349073208448
11,A,gaussian_noise,pi_source_state_soft,3,True,1.1565887327588442,0.26254130628764516,0,0,0.683349073208448
11,B,gaussian_noise,pi_zero_soft,3,True,1.2144793699109055,0.28235770612055466,0,0,0.5881992022553729
11,B,gaussian_noise,pi_zero_hard,3,True,1.0,0.22329961614968585,0,0,0.5787037037037037
11,B,gaussian_noise,pi_oracle_state_soft,3,True,1.1687021052885918,0.26625071301228176,0,0,0.683349073208448
11,B,gaussian_noise,pi_source_state_soft,3,True,1.1687021052885918,0.26625071301228176,0,0,0.683349073208448
11,A,gaussian_blur,pi_zero_soft,3,True,1.1144956992602497,0.24841370061790524,1,1,0.7006490497453707
11,A,gaussian_blur,pi_zero_hard,3,True,0.5,0.09572249090082185,1,1,0.75
11,A,gaussian_blur,pi_oracle_state_soft,3,True,1.1461005550020207,0.2596189716832771,0,0,0.683349073208448
11,A,gaussian_blur,pi_source_state_soft,3,True,1.1461005550020207,0.2596189716832771,0,0,0.683349073208448
11,B,gaussian_blur,pi_zero_soft,3,True,1.1144956992602497,0.24841370061790524,1,1,0.7006490497453707
11,B,gaussian_blur,pi_zero_hard,3,True,0.5,0.09572249090082185,1,1,0.75
11,B,gaussian_blur,pi_oracle_state_soft,3,True,1.1507297811559756,0.261179508650911,0,0,0.683349073208448
11,B,gaussian_blur,pi_source_state_soft,3,True,1.1507297811559756,0.261179508650911,0,0,0.683349073208448
12,A,clean,pi_zero_soft,2,True,1.2668250139808515,0.29567509798082847,0,0,0.683349073208448
12,A,clean,pi_zero_hard,2,True,1.1,0.19441705462314185,0,0,0.7314814814814814
12,A,clean,pi_oracle_state_soft,2,True,1.2668250139808515,0.29567509798082847,0,0,0.683349073208448
12,A,clean,pi_source_state_soft,2,True,1.2668250139808515,0.29567509798082847,0,0,0.683349073208448
12,B,clean,pi_zero_soft,2,True,1.2668250139808515,0.29567509798082847,0,0,0.683349073208448
12,B,clean,pi_zero_hard,2,True,1.1,0.19441705462314185,0,0,0.7314814814814814
12,B,clean,pi_oracle_state_soft,2,True,1.2668250139808515,0.29567509798082847,0,0,0.683349073208448
12,B,clean,pi_source_state_soft,2,True,1.2668250139808515,0.29567509798082847,0,0,0.683349073208448
12,A,brightness_dark,pi_zero_soft,2,True,1.5973322990901695,0.4360953621060353,0,0,0.3027495893961478
12,A,brightness_dark,pi_zero_hard,2,True,1.7,0.4778361134585305,0,0,0.3641975308641976
12,A,brightness_dark,pi_oracle_state_soft,2,True,1.3331684464630766,0.3231903327498753,0,0,0.683349073208448
12,A,brightness_dark,pi_source_state_soft,2,True,1.3331684464630766,0.3231903327498753,0,0,0.683349073208448
12,B,brightness_dark,pi_zero_soft,2,True,1.5973322990901695,0.4360953621060353,0,0,0.3027495893961478
12,B,brightness_dark,pi_zero_hard,2,True,1.7,0.4778361134585305,0,0,0.3641975308641976
12,B,brightness_dark,pi_oracle_state_soft,2,True,1.3264882316992084,0.32031172481986725,0,0,0.683349073208448
12,B,brightness_dark,pi_source_state_soft,2,True,1.3264882316992084,0.32031172481986725,0,0,0.683349073208448
12,A,contrast_low,pi_zero_soft,2,True,1.5677997009666527,0.42853208353006633,0,0,0.3027495893961478
12,A,contrast_low,pi_zero_hard,2,True,1.7000000000000002,0.4859700760019068,0,0,0.3641975308641976
12,A,contrast_low,pi_oracle_state_soft,2,True,1.4870847742654485,0.3960731054010598,0,0,0.5881992022553729
12,A,contrast_low,pi_source_state_soft,2,True,1.4870847742654485,0.3960731054010598,0,0,0.5881992022553729
12,B,contrast_low,pi_zero_soft,2,True,1.5677997009666527,0.42853208353006633,0,0,0.3027495893961478
12,B,contrast_low,pi_zero_hard,2,True,1.7000000000000002,0.4859700760019068,0,0,0.3641975308641976
12,B,contrast_low,pi_oracle_state_soft,2,True,1.4787033977579445,0.3922784740313039,0,0,0.5881992022553729
12,B,contrast_low,pi_source_state_soft,2,True,1.4787033977579445,0.3922784740313039,0,0,0.5881992022553729
12,A,gaussian_noise,pi_zero_soft,2,True,1.3597911777305276,0.33969266882303195,0,0,0.683349073208448
12,A,gaussian_noise,pi_zero_hard,2,True,1.2000000000000002,0.25515355362469305,0,0,0.7289547676050508
12,A,gaussian_noise,pi_oracle_state_soft,2,True,1.3304205871055974,0.32138808820671305,0,0,0.683349073208448
12,A,gaussian_noise,pi_source_state_soft,2,True,1.3304205871055974,0.32138808820671305,0,0,0.683349073208448
12,B,gaussian_noise,pi_zero_soft,2,True,1.3597911777305276,0.33969266882303195,0,0,0.683349073208448
12,B,gaussian_noise,pi_zero_hard,2,True,1.2000000000000002,0.25515355362469305,0,0,0.7289547676050508
12,B,gaussian_noise,pi_oracle_state_soft,2,True,1.331831714550464,0.322823961693669,0,0,0.683349073208448
12,B,gaussian_noise,pi_source_state_soft,2,True,1.331831714550464,0.322823961693669,0,0,0.683349073208448
12,A,gaussian_blur,pi_zero_soft,2,True,1.337514881490829,0.31623458143289906,0,0,0.683349073208448
12,A,gaussian_blur,pi_zero_hard,2,True,1.2,0.22280289521464625,0,0,0.7314814814814814
12,A,gaussian_blur,pi_oracle_state_soft,2,True,1.2686230957263527,0.2995890034894044,0,0,0.683349073208448
12,A,gaussian_blur,pi_source_state_soft,2,True,1.2686230957263527,0.2995890034894044,0,0,0.683349073208448
12,B,gaussian_blur,pi_zero_soft,2,True,1.337514881490829,0.31623458143289906,0,0,0.683349073208448
12,B,gaussian_blur,pi_zero_hard,2,True,1.2,0.22280289521464625,0,0,0.7314814814814814
12,B,gaussian_blur,pi_oracle_state_soft,2,True,1.2615432450381938,0.29758269360276923,1,1,0.7006490497453707
12,B,gaussian_blur,pi_source_state_soft,2,True,1.2615432450381938,0.29758269360276923,1,1,0.7006490497453707
13,A,clean,pi_zero_soft,3,True,0.9200756283680612,0.19678978879441367,1,1,0.410116713454151
13,A,clean,pi_zero_hard,3,True,0.6000000000000001,0.15349787556374994,1,1,0.3512029712477555
13,A,clean,pi_oracle_state_soft,3,True,0.9200756283680612,0.19678978879441367,1,1,0.410116713454151
13,A,clean,pi_source_state_soft,3,True,0.9200756283680612,0.19678978879441367,1,1,0.410116713454151
13,B,clean,pi_zero_soft,3,True,0.9200756283680612,0.19678978879441367,1,1,0.410116713454151
13,B,clean,pi_zero_hard,3,True,0.6000000000000001,0.15349787556374994,1,1,0.3512029712477555
13,B,clean,pi_oracle_state_soft,3,True,0.9200756283680612,0.19678978879441367,1,1,0.410116713454151
13,B,clean,pi_source_state_soft,3,True,0.9200756283680612,0.19678978879441367,1,1,0.410116713454151
13,A,brightness_dark,pi_zero_soft,3,True,1.4679539043433893,0.3894467892366573,0,0,0.17150335289900864
13,A,brightness_dark,pi_zero_hard,3,True,1.9,0.5996305170773617,0,0,0.02752293577981652
13,A,brightness_dark,pi_oracle_state_soft,3,True,0.9062910345271777,0.19421113789468358,1,1,0.39520337841945463
13,A,brightness_dark,pi_source_state_soft,3,True,0.9062910345271777,0.19421113789468358,1,1,0.39520337841945463
13,B,brightness_dark,pi_zero_soft,3,True,1.4679539043433893,0.3894467892366573,0,0,0.17150335289900864
13,B,brightness_dark,pi_zero_hard,3,True,1.9,0.5996305170773617,0,0,0.02752293577981652
13,B,brightness_dark,pi_oracle_state_soft,3,True,0.9106556699786271,0.19518819721759018,1,1,0.39520337841945463
13,B,brightness_dark,pi_source_state_soft,3,True,0.9106556699786271,0.19518819721759018,1,1,0.39520337841945463
13,A,contrast_low,pi_zero_soft,3,True,1.5202356419674192,0.4385511283641925,0,0,-0.022370002552044604
13,A,contrast_low,pi_zero_hard,3,True,1.9000000000000004,0.6369136660980645,0,0,-0.21001730613906822
13,A,contrast_low,pi_oracle_state_soft,3,True,0.9827167092653062,0.21308986422108633,1,1,0.39520337841945463
13,A,contrast_low,pi_source_state_soft,3,True,0.9827167092653062,0.21308986422108633,1,1,0.39520337841945463
13,B,contrast_low,pi_zero_soft,3,True,1.5202356419674192,0.4385511283641925,0,0,-0.022370002552044604
13,B,contrast_low,pi_zero_hard,3,True,1.9000000000000004,0.6369136660980645,0,0,-0.21001730613906822
13,B,contrast_low,pi_oracle_state_soft,3,True,0.9628396768527383,0.2079398113727915,1,1,0.39520337841945463
13,B,contrast_low,pi_source_state_soft,3,True,0.9628396768527383,0.2079398113727915,1,1,0.39520337841945463
13,A,gaussian_noise,pi_zero_soft,3,True,0.8157778569507073,0.1724053052691732,1,1,0.39520337841945463
13,A,gaussian_noise,pi_zero_hard,3,True,0.6000000000000001,0.15349787556374994,1,1,0.3512029712477555
13,A,gaussian_noise,pi_oracle_state_soft,3,True,0.9875696657284588,0.21393570784056815,1,1,0.39520337841945463
13,A,gaussian_noise,pi_source_state_soft,3,True,0.9875696657284588,0.21393570784056815,1,1,0.39520337841945463
13,B,gaussian_noise,pi_zero_soft,3,True,0.8157778569507073,0.1724053052691732,1,1,0.39520337841945463
13,B,gaussian_noise,pi_zero_hard,3,True,0.6000000000000001,0.15349787556374994,1,1,0.3512029712477555
13,B,gaussian_noise,pi_oracle_state_soft,3,True,0.9874672275148165,0.21386648077206494,1,1,0.39520337841945463
13,B,gaussian_noise,pi_source_state_soft,3,True,0.9874672275148165,0.21386648077206494,1,1,0.39520337841945463
13,A,gaussian_blur,pi_zero_soft,3,True,1.2422459233432843,0.2931406326435875,1,1,0.39520337841945463
13,A,gaussian_blur,pi_zero_hard,3,True,1.3,0.32282213209080424,0,0,0.21476648737633247
13,A,gaussian_blur,pi_oracle_state_soft,3,True,0.9170057518937862,0.19608144277240225,1,1,0.39520337841945463
13,A,gaussian_blur,pi_source_state_soft,3,True,0.9170057518937862,0.19608144277240225,1,1,0.39520337841945463
13,B,gaussian_blur,pi_zero_soft,3,True,1.2422459233432843,0.2931406326435875,1,1,0.39520337841945463
13,B,gaussian_blur,pi_zero_hard,3,True,1.3,0.32282213209080424,0,0,0.21476648737633247
13,B,gaussian_blur,pi_oracle_state_soft,3,True,0.9004337869336367,0.19199931217655464,1,1,0.39520337841945463
13,B,gaussian_blur,pi_source_state_soft,3,True,0.9004337869336367,0.19199931217655464,1,1,0.39520337841945463
14,A,clean,pi_zero_soft,1,True,1.3685142702816935,0.33783402261548723,1,1,0.2335496832484569
14,A,clean,pi_zero_hard,1,True,1.2999999999999998,0.31452722203472094,0,0,0.19977432661993444
14,A,clean,pi_oracle_state_soft,1,True,1.3685142702816935,0.33783402261548723,1,1,0.2335496832484569
14,A,clean,pi_source_state_soft,1,True,1.3685142702816935,0.33783402261548723,1,1,0.2335496832484569
14,B,clean,pi_zero_soft,1,True,1.3685142702816935,0.33783402261548723,1,1,0.2335496832484569
14,B,clean,pi_zero_hard,1,True,1.2999999999999998,0.31452722203472094,0,0,0.19977432661993444
14,B,clean,pi_oracle_state_soft,1,True,1.3685142702816935,0.33783402261548723,1,1,0.2335496832484569
14,B,clean,pi_source_state_soft,1,True,1.3685142702816935,0.33783402261548723,1,1,0.2335496832484569
14,A,brightness_dark,pi_zero_soft,1,True,1.1683867491884876,0.2650138175950746,1,1,0.2335496832484569
14,A,brightness_dark,pi_zero_hard,1,True,0.2999999999999999,0.07070432227739737,1,1,0.5000000000000001
14,A,brightness_dark,pi_oracle_state_soft,1,True,1.3923312109463761,0.34272579546255266,1,1,0.3113995776646092
14,A,brightness_dark,pi_source_state_soft,1,True,1.3923312109463761,0.34272579546255266,1,1,0.3113995776646092
14,B,brightness_dark,pi_zero_soft,1,True,1.1683867491884876,0.2650138175950746,1,1,0.2335496832484569
14,B,brightness_dark,pi_zero_hard,1,True,0.2999999999999999,0.07070432227739737,1,1,0.5000000000000001
14,B,brightness_dark,pi_oracle_state_soft,1,True,1.3908041876607997,0.34298957075271463,1,1,0.3113995776646092
14,B,brightness_dark,pi_source_state_soft,1,True,1.3908041876607997,0.34298957075271463,1,1,0.3113995776646092
14,A,contrast_low,pi_zero_soft,1,True,1.3774358057128935,0.33395860221431195,1,1,0.1556997888323046
14,A,contrast_low,pi_zero_hard,1,True,1.0999999999999999,0.2535880684420111,0,0,0.26606285700587545
14,A,contrast_low,pi_oracle_state_soft,1,True,1.4254437406666707,0.3599651148305769,0,0,0.13839981229538187
14,A,contrast_low,pi_source_state_soft,1,True,1.4254437406666707,0.3599651148305769,0,0,0.13839981229538187
14,B,contrast_low,pi_zero_soft,1,True,1.3774358057128935,0.33395860221431195,1,1,0.1556997888323046
14,B,contrast_low,pi_zero_hard,1,True,1.0999999999999999,0.2535880684420111,0,0,0.26606285700587545
14,B,contrast_low,pi_oracle_state_soft,1,True,1.4305071655044939,0.36253008934952025,0,0,0.13839981229538187
14,B,contrast_low,pi_source_state_soft,1,True,1.4305071655044939,0.36253008934952025,0,0,0.13839981229538187
14,A,gaussian_noise,pi_zero_soft,1,True,1.4070537680751964,0.3473223162815062,0,0,0.4497993899599911
14,A,gaussian_noise,pi_zero_hard,1,True,1.4,0.3487222255055873,0,0,0.19977432661993444
14,A,gaussian_noise,pi_oracle_state_soft,1,True,1.3540565406168028,0.3316555928772933,1,1,0.2335496832484569
14,A,gaussian_noise,pi_source_state_soft,1,True,1.3540565406168028,0.3316555928772933,1,1,0.2335496832484569
14,B,gaussian_noise,pi_zero_soft,1,True,1.4070537680751964,0.3473223162815062,0,0,0.4497993899599911
14,B,gaussian_noise,pi_zero_hard,1,True,1.4,0.3487222255055873,0,0,0.19977432661993444
14,B,gaussian_noise,pi_oracle_state_soft,1,True,1.3611822052281146,0.33446753955382813,1,1,0.2335496832484569
14,B,gaussian_noise,pi_source_state_soft,1,True,1.3611822052281146,0.33446753955382813,1,1,0.2335496832484569
14,A,gaussian_blur,pi_zero_soft,1,True,1.325969571691873,0.3162715621028931,1,1,0.1556997888323046
14,A,gaussian_blur,pi_zero_hard,1,True,1.1,0.2535880684420111,1,1,0.3069703067574603
14,A,gaussian_blur,pi_oracle_state_soft,1,True,1.3699426534404993,0.33797775466342417,1,1,0.3113995776646092
14,A,gaussian_blur,pi_source_state_soft,1,True,1.3699426534404993,0.33797775466342417,1,1,0.3113995776646092
14,B,gaussian_blur,pi_zero_soft,1,True,1.325969571691873,0.3162715621028931,1,1,0.1556997888323046
14,B,gaussian_blur,pi_zero_hard,1,True,1.1,0.2535880684420111,1,1,0.3069703067574603
14,B,gaussian_blur,pi_oracle_state_soft,1,True,1.374985174611881,0.3391019786570628,1,1,0.3113995776646092
14,B,gaussian_blur,pi_source_state_soft,1,True,1.374985174611881,0.3391019786570628,1,1,0.3113995776646092
15,A,clean,pi_zero_soft,1,False,1.7936386215918296,0.5218065781499124,0,0,0.2901294265928297
15,A,clean,pi_zero_hard,1,False,2.0,0.6931471805599453,0,0,-0.21417646843905966
15,A,clean,pi_oracle_state_soft,1,False,1.7936386215918296,0.5218065781499124,0,0,0.2901294265928297
15,A,clean,pi_source_state_soft,1,False,1.87530320797512,0.5745118024715524,0,0,0.058025885318565944
15,B,clean,pi_zero_soft,1,False,1.7936386215918296,0.5218065781499124,0,0,0.2901294265928297
15,B,clean,pi_zero_hard,1,False,2.0,0.6931471805599453,0,0,-0.21417646843905966
15,B,clean,pi_oracle_state_soft,1,False,1.7936386215918296,0.5218065781499124,0,0,0.2901294265928297
15,B,clean,pi_source_state_soft,1,False,1.878463028559744,0.5767612263780731,0,0,0.058025885318565944
15,A,brightness_dark,pi_zero_soft,1,True,1.778414599057464,0.5129123179935268,0,0,0.1740776559556978
15,A,brightness_dark,pi_zero_hard,1,True,2.0,0.6931471805599452,0,0,-0.16563466499998444
15,A,brightness_dark,pi_oracle_state_soft,1,True,1.8099786730489478,0.5316369094023461,0,0,0.1740776559556978
15,A,brightness_dark,pi_source_state_soft,1,True,1.8099786730489478,0.5316369094023461,0,0,0.1740776559556978
15,B,brightness_dark,pi_zero_soft,1,True,1.778414599057464,0.5129123179935268,0,0,0.1740776559556978
15,B,brightness_dark,pi_zero_hard,1,True,2.0,0.6931471805599452,0,0,-0.16563466499998444
15,B,brightness_dark,pi_oracle_state_soft,1,True,1.8106168958349602,0.5320271931269175,0,0,0.1740776559556978
15,B,brightness_dark,pi_source_state_soft,1,True,1.8106168958349602,0.5320271931269175,0,0,0.1740776559556978
15,A,contrast_low,pi_zero_soft,1,True,1.650608322115556,0.44618203964742653,0,0,0.2901294265928297
15,A,contrast_low,pi_zero_hard,1,True,2.0,0.6931471805599452,0,0,-0.16563466499998444
15,A,contrast_low,pi_oracle_state_soft,1,True,1.8195215223608638,0.5375245838812116,0,0,0.1740776559556978
15,A,contrast_low,pi_source_state_soft,1,True,1.8195215223608638,0.5375245838812116,0,0,0.1740776559556978
15,B,contrast_low,pi_zero_soft,1,True,1.650608322115556,0.44618203964742653,0,0,0.2901294265928297
15,B,contrast_low,pi_zero_hard,1,True,2.0,0.6931471805599452,0,0,-0.16563466499998444
15,B,contrast_low,pi_oracle_state_soft,1,True,1.8161648803170638,0.5354407677226959,0,0,0.1740776559556978
15,B,contrast_low,pi_source_state_soft,1,True,1.8161648803170638,0.5354407677226959,0,0,0.1740776559556978
15,A,gaussian_noise,pi_zero_soft,1,True,1.86897913816373,0.5700659081109638,0,0,0.058025885318565944
15,A,gaussian_noise,pi_zero_hard,1,True,2.0,0.6931471805599452,0,0,-0.2614881801842454
15,A,gaussian_noise,pi_oracle_state_soft,1,True,1.8015890032609025,0.5265513316513277,0,0,0.2901294265928297
15,A,gaussian_noise,pi_source_state_soft,1,True,1.8015890032609025,0.5265513316513277,0,0,0.2901294265928297
15,B,gaussian_noise,pi_zero_soft,1,True,1.86897913816373,0.5700659081109638,0,0,0.058025885318565944
15,B,gaussian_noise,pi_zero_hard,1,True,2.0,0.6931471805599452,0,0,-0.2614881801842454
15,B,gaussian_noise,pi_oracle_state_soft,1,True,1.8092197749149619,0.5311734675260679,0,0,0.2901294265928297
15,B,gaussian_noise,pi_source_state_soft,1,True,1.8092197749149619,0.5311734675260679,0,0,0.2901294265928297
15,A,gaussian_blur,pi_zero_soft,1,False,1.7239391573902711,0.4829045220055388,0,0,0.2901294265928297
15,A,gaussian_blur,pi_zero_hard,1,False,2.0,0.6931471805599453,0,0,-0.16563466499998444
15,A,gaussian_blur,pi_oracle_state_soft,1,False,1.8054151859166705,0.5288604170151265,0,0,0.2901294265928297
15,A,gaussian_blur,pi_source_state_soft,1,False,1.9060831490660308,0.5973141271269182,0,0,-0.058025885318565944
15,B,gaussian_blur,pi_zero_soft,1,False,1.7239391573902711,0.4829045220055388,0,0,0.2901294265928297
15,B,gaussian_blur,pi_zero_hard,1,False,2.0,0.6931471805599453,0,0,-0.16563466499998444
15,B,gaussian_blur,pi_oracle_state_soft,1,False,1.8080320966086938,0.5304495610656399,0,0,0.2901294265928297
15,B,gaussian_blur,pi_source_state_soft,1,False,1.9060500906268005,0.5972884720113316,0,0,-0.058025885318565944
16,A,clean,pi_zero_soft,4,True,0.4918994666598033,0.09162525192521342,0,0,0.544159936540323
16,A,clean,pi_zero_hard,4,True,0.49999999999999994,0.11196556376292754,1,1,0.497012816875114
16,A,clean,pi_oracle_state_soft,4,True,0.4918994666598033,0.09162525192521342,0,0,0.544159936540323
16,A,clean,pi_source_state_soft,4,True,0.4918994666598033,0.09162525192521342,0,0,0.544159936540323
16,B,clean,pi_zero_soft,4,True,0.4918994666598033,0.09162525192521342,0,0,0.544159936540323
16,B,clean,pi_zero_hard,4,True,0.49999999999999994,0.11196556376292754,1,1,0.497012816875114
16,B,clean,pi_oracle_state_soft,4,True,0.4918994666598033,0.09162525192521342,0,0,0.544159936540323
16,B,clean,pi_source_state_soft,4,True,0.4918994666598033,0.09162525192521342,0,0,0.544159936540323
16,A,brightness_dark,pi_zero_soft,4,True,1.3147625875035474,0.29713816074598687,0,0,0.2556896087358144
16,A,brightness_dark,pi_zero_hard,4,True,1.6,0.47788080210394845,0,0,0.10486258199911003
16,A,brightness_dark,pi_oracle_state_soft,4,True,0.5414804045448658,0.105877288830865,0,0,0.4917107860304124
16,A,brightness_dark,pi_source_state_soft,4,True,0.5414804045448658,0.105877288830865,0,0,0.4917107860304124
16,B,brightness_dark,pi_zero_soft,4,True,1.3147625875035474,0.29713816074598687,0,0,0.2556896087358144
16,B,brightness_dark,pi_zero_hard,4,True,1.6,0.47788080210394845,0,0,0.10486258199911003
16,B,brightness_dark,pi_oracle_state_soft,4,True,0.5467869662799392,0.10658513228453681,0,0,0.4917107860304124
16,B,brightness_dark,pi_source_state_soft,4,True,0.5467869662799392,0.10658513228453681,0,0,0.4917107860304124
16,A,contrast_low,pi_zero_soft,4,True,1.2365109311370652,0.2669366592480571,0,0,0.2556896087358144
16,A,contrast_low,pi_zero_hard,4,True,1.0999999999999999,0.32146416814887613,0,0,0.2755227617182453
16,A,contrast_low,pi_oracle_state_soft,4,True,0.6097746312861219,0.10946338712254455,0,0,0.4917107860304124
16,A,contrast_low,pi_source_state_soft,4,True,0.6097746312861219,0.10946338712254455,0,0,0.4917107860304124
16,B,contrast_low,pi_zero_soft,4,True,1.2365109311370652,0.2669366592480571,0,0,0.2556896087358144
16,B,contrast_low,pi_zero_hard,4,True,1.0999999999999999,0.32146416814887613,0,0,0.2755227617182453
16,B,contrast_low,pi_oracle_state_soft,4,True,0.5952897717545363,0.10824703835952221,0,0,0.4917107860304124
16,B,contrast_low,pi_source_state_soft,4,True,0.5952897717545363,0.10824703835952221,0,0,0.4917107860304124
16,A,gaussian_noise,pi_zero_soft,4,True,0.5601176653188511,0.08809497903473962,0,0,0.544159936540323
16,A,gaussian_noise,pi_zero_hard,4,True,0.4000000000000001,0.09367439527305788,1,1,0.5684525467199003
16,A,gaussian_noise,pi_oracle_state_soft,4,True,0.5313162505432868,0.09818505008217793,0,0,0.544159936540323
16,A,gaussian_noise,pi_source_state_soft,4,True,0.5313162505432868,0.09818505008217793,0,0,0.544159936540323
16,B,gaussian_noise,pi_zero_soft,4,True,0.5601176653188511,0.08809497903473962,0,0,0.544159936540323
16,B,gaussian_noise,pi_zero_hard,4,True,0.4000000000000001,0.09367439527305788,1,1,0.5684525467199003
16,B,gaussian_noise,pi_oracle_state_soft,4,True,0.5354452675776951,0.09869913395880014,0,0,0.4917107860304124
16,B,gaussian_noise,pi_source_state_soft,4,True,0.5354452675776951,0.09869913395880014,0,0,0.4917107860304124
16,A,gaussian_blur,pi_zero_soft,4,True,0.6992520315256721,0.12991813731669732,1,1,0.50482307365789
16,A,gaussian_blur,pi_zero_hard,4,True,0.7000000000000001,0.14752346880638578,1,1,0.497012816875114
16,A,gaussian_blur,pi_oracle_state_soft,4,True,0.46695144841183195,0.08819875733476978,0,0,0.544159936540323
16,A,gaussian_blur,pi_source_state_soft,4,True,0.46695144841183195,0.08819875733476978,0,0,0.544159936540323
16,B,gaussian_blur,pi_zero_soft,4,True,0.6992520315256721,0.12991813731669732,1,1,0.50482307365789
16,B,gaussian_blur,pi_zero_hard,4,True,0.7000000000000001,0.14752346880638578,1,1,0.497012816875114
16,B,gaussian_blur,pi_oracle_state_soft,4,True,0.47039127000346925,0.08748108270317068,0,0,0.544159936540323
16,B,gaussian_blur,pi_source_state_soft,4,True,0.47039127000346925,0.08748108270317068,0,0,0.544159936540323
17,A,clean,pi_zero_soft,4,True,0.6774896353919762,0.14609963416552074,1,1,0.4548567185582403
17,A,clean,pi_zero_hard,4,True,0.49999999999999994,0.12476742899703952,1,1,0.550750114002162
17,A,clean,pi_oracle_state_soft,4,True,0.6774896353919762,0.14609963416552074,1,1,0.4548567185582403
17,A,clean,pi_source_state_soft,4,True,0.6774896353919762,0.14609963416552074,1,1,0.4548567185582403
17,B,clean,pi_zero_soft,4,True,0.6774896353919762,0.14609963416552074,1,1,0.4548567185582403
17,B,clean,pi_zero_hard,4,True,0.49999999999999994,0.12476742899703952,1,1,0.550750114002162
17,B,clean,pi_oracle_state_soft,4,True,0.6774896353919762,0.14609963416552074,1,1,0.4548567185582403
17,B,clean,pi_source_state_soft,4,True,0.6774896353919762,0.14609963416552074,1,1,0.4548567185582403
17,A,brightness_dark,pi_zero_soft,4,True,1.380484278612722,0.3420040867520835,0,0,0.3057233682112762
17,A,brightness_dark,pi_zero_hard,4,True,1.5,0.4447126307378474,0,0,0.13761467889908258
17,A,brightness_dark,pi_oracle_state_soft,4,True,0.6696617069930131,0.14411615264521505,1,1,0.4548567185582403
17,A,brightness_dark,pi_source_state_soft,4,True,0.6696617069930131,0.14411615264521505,1,1,0.4548567185582403
17,B,brightness_dark,pi_zero_soft,4,True,1.380484278612722,0.3420040867520835,0,0,0.3057233682112762
17,B,brightness_dark,pi_zero_hard,4,True,1.5,0.4447126307378474,0,0,0.13761467889908258
17,B,brightness_dark,pi_oracle_state_soft,4,True,0.6755808240454285,0.1459063631167692,1,1,0.4548567185582403
17,B,brightness_dark,pi_source_state_soft,4,True,0.6755808240454285,0.1459063631167692,1,1,0.4548567185582403
17,A,contrast_low,pi_zero_soft,4,True,1.304637760499173,0.3340782476521946,0,0,0.27589669814188345
17,A,contrast_low,pi_zero_hard,4,True,1.3000000000000003,0.34985921863503733,0,0,0.3108256130858209
17,A,contrast_low,pi_oracle_state_soft,4,True,0.6760283198713182,0.14597534607583862,1,1,0.4548567185582403
17,A,contrast_low,pi_source_state_soft,4,True,0.6760283198713182,0.14597534607583862,1,1,0.4548567185582403
17,B,contrast_low,pi_zero_soft,4,True,1.304637760499173,0.3340782476521946,0,0,0.27589669814188345
17,B,contrast_low,pi_zero_hard,4,True,1.3000000000000003,0.34985921863503733,0,0,0.3108256130858209
17,B,contrast_low,pi_oracle_state_soft,4,True,0.6423544499690717,0.13864438429083403,1,1,0.4548567185582403
17,B,contrast_low,pi_source_state_soft,4,True,0.6423544499690717,0.13864438429083403,1,1,0.4548567185582403
17,A,gaussian_noise,pi_zero_soft,4,True,0.5797334143128915,0.12863444244016953,1,1,0.39520337841945463
17,A,gaussian_noise,pi_zero_hard,4,True,0.49999999999999994,0.099087135722846,1,1,0.6132505339260791
17,A,gaussian_noise,pi_oracle_state_soft,4,True,0.7185092288658013,0.15568503924050203,1,1,0.4548567185582403
17,A,gaussian_noise,pi_source_state_soft,4,True,0.7185092288658013,0.15568503924050203,1,1,0.4548567185582403
17,B,gaussian_noise,pi_zero_soft,4,True,0.5797334143128915,0.12863444244016953,1,1,0.39520337841945463
17,B,gaussian_noise,pi_zero_hard,4,True,0.49999999999999994,0.099087135722846,1,1,0.6132505339260791
17,B,gaussian_noise,pi_oracle_state_soft,4,True,0.7236109930758268,0.15683952335235718,1,1,0.4548567185582403
17,B,gaussian_noise,pi_source_state_soft,4,True,0.7236109930758268,0.15683952335235718,1,1,0.4548567185582403
17,A,gaussian_blur,pi_zero_soft,4,True,0.9465548563323125,0.21438286649212457,0,0,0.43994338352354384
17,A,gaussian_blur,pi_zero_hard,4,True,0.9000000000000001,0.21658275028547536,0,0,0.49564084248820095
17,A,gaussian_blur,pi_oracle_state_soft,4,True,0.6691403101930029,0.1445493418958972,1,1,0.4548567185582403
17,A,gaussian_blur,pi_source_state_soft,4,True,0.6691403101930029,0.1445493418958972,1,1,0.4548567185582403
17,B,gaussian_blur,pi_zero_soft,4,True,0.9465548563323125,0.21438286649212457,0,0,0.43994338352354384
17,B,gaussian_blur,pi_zero_hard,4,True,0.9000000000000001,0.21658275028547536,0,0,0.49564084248820095
17,B,gaussian_blur,pi_oracle_state_soft,4,True,0.6545067125708561,0.14154619323983142,1,1,0.4548567185582403
17,B,gaussian_blur,pi_source_state_soft,4,True,0.6545067125708561,0.14154619323983142,1,1,0.4548567185582403
18,A,clean,pi_zero_soft,3,True,1.2489790726758727,0.32343794324553077,0,0,0.4548567185582403
18,A,clean,pi_zero_hard,3,True,1.5,0.44506416234296386,0,0,0.16761959991370148
18,A,clean,pi_oracle_state_soft,3,True,1.2489790726758727,0.32343794324553077,0,0,0.4548567185582403
18,A,clean,pi_source_state_soft,3,True,1.2489790726758727,0.32343794324553077,0,0,0.4548567185582403
18,B,clean,pi_zero_soft,3,True,1.2489790726758727,0.32343794324553077,0,0,0.4548567185582403
18,B,clean,pi_zero_hard,3,True,1.5,0.44506416234296386,0,0,0.16761959991370148
18,B,clean,pi_oracle_state_soft,3,True,1.2489790726758727,0.32343794324553077,0,0,0.4548567185582403
18,B,clean,pi_source_state_soft,3,True,1.2489790726758727,0.32343794324553077,0,0,0.4548567185582403
18,A,brightness_dark,pi_zero_soft,3,True,1.4297622237917278,0.40873952262107993,0,0,0.3057233682112762
18,A,brightness_dark,pi_zero_hard,3,True,1.7000000000000002,0.5736382622373628,0,0,0.04587155963302753
18,A,brightness_dark,pi_oracle_state_soft,3,True,1.2381852700729203,0.31473840002438536,0,0,0.4697700535929367
18,A,brightness_dark,pi_source_state_soft,3,True,1.2381852700729203,0.31473840002438536,0,0,0.4697700535929367
18,B,brightness_dark,pi_zero_soft,3,True,1.4297622237917278,0.40873952262107993,0,0,0.3057233682112762
18,B,brightness_dark,pi_zero_hard,3,True,1.7000000000000002,0.5736382622373628,0,0,0.04587155963302753
18,B,brightness_dark,pi_oracle_state_soft,3,True,1.2305383635642193,0.3119858602363992,0,0,0.4697700535929367
18,B,brightness_dark,pi_source_state_soft,3,True,1.2305383635642193,0.3119858602363992,0,0,0.4697700535929367
18,A,contrast_low,pi_zero_soft,3,True,1.2753065109684667,0.3426220531367543,0,0,0.36537670835006186
18,A,contrast_low,pi_zero_hard,3,True,1.6,0.5128896927370622,0,0,0.04587155963302753
18,A,contrast_low,pi_oracle_state_soft,3,True,1.2171398935885511,0.3186271620732857,0,0,0.36537670835006186
18,A,contrast_low,pi_source_state_soft,3,True,1.2171398935885511,0.3186271620732857,0,0,0.36537670835006186
18,B,contrast_low,pi_zero_soft,3,True,1.2753065109684667,0.3426220531367543,0,0,0.36537670835006186
18,B,contrast_low,pi_zero_hard,3,True,1.6,0.5128896927370622,0,0,0.04587155963302753
18,B,contrast_low,pi_oracle_state_soft,3,True,1.2412280472828956,0.32775953082731,0,0,0.36537670835006186
18,B,contrast_low,pi_source_state_soft,3,True,1.2412280472828956,0.32775953082731,0,0,0.36537670835006186
18,A,gaussian_noise,pi_zero_soft,3,True,1.2909547543144124,0.34721191415811825,0,0,0.29081003317657983
18,A,gaussian_noise,pi_zero_hard,3,True,1.6,0.5385808258255474,0,0,-0.08433190209254683
18,A,gaussian_noise,pi_oracle_state_soft,3,True,1.2494013148084928,0.32242675487426364,0,0,0.4548567185582403
18,A,gaussian_noise,pi_source_state_soft,3,True,1.2494013148084928,0.32242675487426364,0,0,0.4548567185582403
18,B,gaussian_noise,pi_zero_soft,3,True,1.2909547543144124,0.34721191415811825,0,0,0.29081003317657983
18,B,gaussian_noise,pi_zero_hard,3,True,1.6,0.5385808258255474,0,0,-0.08433190209254683
18,B,gaussian_noise,pi_oracle_state_soft,3,True,1.2511386425366373,0.32509572545991805,0,0,0.4548567185582403
18,B,gaussian_noise,pi_source_state_soft,3,True,1.2511386425366373,0.32509572545991805,0,0,0.4548567185582403
18,A,gaussian_blur,pi_zero_soft,3,True,1.2654197434777683,0.33322319673793555,0,0,0.23115669303779424
18,A,gaussian_blur,pi_zero_hard,3,True,1.5,0.4610010809653726,0,0,0.22681869063019364
18,A,gaussian_blur,pi_oracle_state_soft,3,True,1.272090785166807,0.33897305019622337,0,0,0.36537670835006186
18,A,gaussian_blur,pi_source_state_soft,3,True,1.272090785166807,0.33897305019622337,0,0,0.36537670835006186
18,B,gaussian_blur,pi_zero_soft,3,True,1.2654197434777683,0.33322319673793555,0,0,0.23115669303779424
18,B,gaussian_blur,pi_zero_hard,3,True,1.5,0.4610010809653726,0,0,0.22681869063019364
18,B,gaussian_blur,pi_oracle_state_soft,3,True,1.27244352700029,0.33984999142785166,0,0,0.36537670835006186
18,B,gaussian_blur,pi_source_state_soft,3,True,1.27244352700029,0.33984999142785166,0,0,0.36537670835006186
19,A,clean,pi_zero_soft,3,True,1.2933303130544926,0.30586774198500066,1,1,0.0820233426908302
19,A,clean,pi_zero_hard,3,True,1.1,0.29620923766515594,1,1,0.15179742376658428
19,A,clean,pi_oracle_state_soft,3,True,1.2933303130544926,0.30586774198500066,1,1,0.0820233426908302
19,A,clean,pi_source_state_soft,3,True,1.2933303130544926,0.30586774198500066,1,1,0.0820233426908302
19,B,clean,pi_zero_soft,3,True,1.2933303130544926,0.30586774198500066,1,1,0.0820233426908302
19,B,clean,pi_zero_hard,3,True,1.1,0.29620923766515594,1,1,0.15179742376658428
19,B,clean,pi_oracle_state_soft,3,True,1.2933303130544926,0.30586774198500066,1,1,0.0820233426908302
19,B,clean,pi_source_state_soft,3,True,1.2933303130544926,0.30586774198500066,1,1,0.0820233426908302
19,A,brightness_dark,pi_zero_soft,3,True,1.1208887347203016,0.26027954409706466,1,1,0.007456667517348202
19,A,brightness_dark,pi_zero_hard,3,True,0.5000000000000001,0.15636141139319815,1,1,0.24770642201834867
19,A,brightness_dark,pi_oracle_state_soft,3,True,1.2590790705052215,0.29482738105878026,1,1,0.1565900178643122
19,A,brightness_dark,pi_source_state_soft,3,True,1.2590790705052215,0.29482738105878026,1,1,0.1565900178643122
19,B,brightness_dark,pi_zero_soft,3,True,1.1208887347203016,0.26027954409706466,1,1,0.007456667517348202
19,B,brightness_dark,pi_zero_hard,3,True,0.5000000000000001,0.15636141139319815,1,1,0.24770642201834867
19,B,brightness_dark,pi_oracle_state_soft,3,True,1.2558623247854794,0.2938752755061118,1,1,0.1565900178643122
19,B,brightness_dark,pi_source_state_soft,3,True,1.2558623247854794,0.2938752755061118,1,1,0.1565900178643122
19,A,contrast_low,pi_zero_soft,3,True,1.2058314517075708,0.2766550594011632,1,1,0.14167668282961582
19,A,contrast_low,pi_zero_hard,3,True,0.7000000000000001,0.2097313900256308,1,1,0.24770642201834867
19,A,contrast_low,pi_oracle_state_soft,3,True,1.3555777199569905,0.3277584333844077,1,1,0.1565900178643122
19,A,contrast_low,pi_source_state_soft,3,True,1.3555777199569905,0.3277584333844077,1,1,0.1565900178643122
19,B,contrast_low,pi_zero_soft,3,True,1.2058314517075708,0.2766550594011632,1,1,0.14167668282961582
19,B,contrast_low,pi_zero_hard,3,True,0.7000000000000001,0.2097313900256308,1,1,0.24770642201834867
19,B,contrast_low,pi_oracle_state_soft,3,True,1.3694016642137135,0.3324181521676717,1,1,0.1565900178643122
19,B,contrast_low,pi_source_state_soft,3,True,1.3694016642137135,0.3324181521676717,1,1,0.1565900178643122
19,A,gaussian_noise,pi_zero_soft,3,True,1.4064570831978873,0.3446501973063065,0,0,0.06711000765613381
19,A,gaussian_noise,pi_zero_hard,3,True,1.3,0.34912693271088013,0,0,0.050404153473376366
19,A,gaussian_noise,pi_oracle_state_soft,3,True,1.3168419095992994,0.3137666914423569,1,1,0.1565900178643122
19,A,gaussian_noise,pi_source_state_soft,3,True,1.3168419095992994,0.3137666914423569,1,1,0.1565900178643122
19,B,gaussian_noise,pi_zero_soft,3,True,1.4064570831978873,0.3446501973063065,0,0,0.06711000765613381
19,B,gaussian_noise,pi_zero_hard,3,True,1.3,0.34912693271088013,0,0,0.050404153473376366
19,B,gaussian_noise,pi_oracle_state_soft,3,True,1.3274817421824578,0.3173043387067809,1,1,0.1565900178643122
19,B,gaussian_noise,pi_source_state_soft,3,True,1.3274817421824578,0.3173043387067809,1,1,0.1565900178643122
19,A,gaussian_blur,pi_zero_soft,3,True,1.2475485182426267,0.2898727671589205,1,1,0.007456667517348202
19,A,gaussian_blur,pi_zero_hard,3,True,0.9,0.2503244562788627,1,1,0.1512124604201291
19,A,gaussian_blur,pi_oracle_state_soft,3,True,1.3475038030749,0.3242640877323386,1,1,0.0820233426908302
19,A,gaussian_blur,pi_source_state_soft,3,True,1.3475038030749,0.3242640877323386,1,1,0.0820233426908302
19,B,gaussian_blur,pi_zero_soft,3,True,1.2475485182426267,0.2898727671589205,1,1,0.007456667517348202
19,B,gaussian_blur,pi_zero_hard,3,True,0.9,0.2503244562788627,1,1,0.1512124604201291
19,B,gaussian_blur,pi_oracle_state_soft,3,True,1.352644821365394,0.32605519599242494,1,1,0.0820233426908302
19,B,gaussian_blur,pi_source_state_soft,3,True,1.352644821365394,0.32605519599242494,1,1,0.0820233426908302
20,A,clean,pi_zero_soft,1,True,0.9577845420008139,0.20431273684132634,1,1,0.5222329678670935
20,A,clean,pi_zero_hard,1,True,0.29999999999999993,0.05502991936492507,1,1,0.6425294053171791
20,A,clean,pi_oracle_state_soft,1,True,0.9577845420008139,0.20431273684132634,1,1,0.5222329678670935
20,A,clean,pi_source_state_soft,1,True,0.9577845420008139,0.20431273684132634,1,1,0.5222329678670935
20,B,clean,pi_zero_soft,1,True,0.9577845420008139,0.20431273684132634,1,1,0.5222329678670935
20,B,clean,pi_zero_hard,1,True,0.29999999999999993,0.05502991936492507,1,1,0.6425294053171791
20,B,clean,pi_oracle_state_soft,1,True,0.9577845420008139,0.20431273684132634,1,1,0.5222329678670935
20,B,clean,pi_source_state_soft,1,True,0.9577845420008139,0.20431273684132634,1,1,0.5222329678670935
20,A,brightness_dark,pi_zero_soft,1,True,1.3362988774534312,0.3192861024376298,1,1,0.5222329678670935
20,A,brightness_dark,pi_zero_hard,1,True,0.8999999999999999,0.1890944338805044,1,1,0.7453559924999299
20,A,brightness_dark,pi_oracle_state_soft,1,True,1.1036140606383058,0.2451578009062899,1,1,0.5222329678670935
20,A,brightness_dark,pi_source_state_soft,1,True,1.1036140606383058,0.2451578009062899,1,1,0.5222329678670935
20,B,brightness_dark,pi_zero_soft,1,True,1.3362988774534312,0.3192861024376298,1,1,0.5222329678670935
20,B,brightness_dark,pi_zero_hard,1,True,0.8999999999999999,0.1890944338805044,1,1,0.7453559924999299
20,B,brightness_dark,pi_oracle_state_soft,1,True,1.1032299405654495,0.24504518650082618,1,1,0.5222329678670935
20,B,brightness_dark,pi_source_state_soft,1,True,1.1032299405654495,0.24504518650082618,1,1,0.5222329678670935
20,A,contrast_low,pi_zero_soft,1,True,1.2086636559665542,0.27708026161079913,1,1,0.5222329678670935
20,A,contrast_low,pi_zero_hard,1,True,0.5,0.09560258894703261,1,1,0.6425294053171791
20,A,contrast_low,pi_oracle_state_soft,1,True,1.053479357190961,0.2306939955298064,1,1,0.5222329678670935
20,A,contrast_low,pi_source_state_soft,1,True,1.053479357190961,0.2306939955298064,1,1,0.5222329678670935
20,B,contrast_low,pi_zero_soft,1,True,1.2086636559665542,0.27708026161079913,1,1,0.5222329678670935
20,B,contrast_low,pi_zero_hard,1,True,0.5,0.09560258894703261,1,1,0.6425294053171791
20,B,contrast_low,pi_oracle_state_soft,1,True,1.043628389287229,0.22790599558044555,1,1,0.5222329678670935
20,B,contrast_low,pi_source_state_soft,1,True,1.043628389287229,0.22790599558044555,1,1,0.5222329678670935
20,A,gaussian_noise,pi_zero_soft,1,True,0.8743568947114102,0.18249998795009803,1,1,0.5222329678670935
20,A,gaussian_noise,pi_zero_hard,1,True,0.19999999999999996,0.035973756650148514,1,1,0.6454972243679028
20,A,gaussian_noise,pi_oracle_state_soft,1,True,1.0020799168655459,0.21633317073395297,1,1,0.5222329678670935
20,A,gaussian_noise,pi_source_state_soft,1,True,1.0020799168655459,0.21633317073395297,1,1,0.5222329678670935
20,B,gaussian_noise,pi_zero_soft,1,True,0.8743568947114102,0.18249998795009803,1,1,0.5222329678670935
20,B,gaussian_noise,pi_zero_hard,1,True,0.19999999999999996,0.035973756650148514,1,1,0.6454972243679028
20,B,gaussian_noise,pi_oracle_state_soft,1,True,0.9924956566518859,0.21370514072560676,1,1,0.5222329678670935
20,B,gaussian_noise,pi_source_state_soft,1,True,0.9924956566518859,0.21370514072560676,1,1,0.5222329678670935
20,A,gaussian_blur,pi_zero_soft,1,True,1.0746983957951597,0.23675877786470279,1,1,0.5222329678670935
20,A,gaussian_blur,pi_zero_hard,1,True,0.5,0.09560258894703266,1,1,0.6425294053171791
20,A,gaussian_blur,pi_oracle_state_soft,1,True,0.996318522994575,0.21475155296426973,1,1,0.5222329678670935
20,A,gaussian_blur,pi_source_state_soft,1,True,0.996318522994575,0.21475155296426973,1,1,0.5222329678670935
20,B,gaussian_blur,pi_zero_soft,1,True,1.0746983957951597,0.23675877786470279,1,1,0.5222329678670935
20,B,gaussian_blur,pi_zero_hard,1,True,0.5,0.09560258894703266,1,1,0.6425294053171791
20,B,gaussian_blur,pi_oracle_state_soft,1,True,0.9945260314288747,0.21426060302448646,1,1,0.5222329678670935
20,B,gaussian_blur,pi_source_state_soft,1,True,0.9945260314288747,0.21426060302448646,1,1,0.5222329678670935
21,A,clean,pi_zero_soft,1,False,1.7681982362328956,0.5070768398948724,0,0,0.2901294265928297
21,A,clean,pi_zero_hard,1,False,2.0,0.6931471805599454,0,0,-0.3138514904811289
21,A,clean,pi_oracle_state_soft,1,False,1.7681982362328956,0.5070768398948724,0,0,0.2901294265928297
21,A,clean,pi_source_state_soft,1,False,1.839021492538357,0.5499230758620808,0,0,-0.058025885318565944
21,B,clean,pi_zero_soft,1,True,1.7681982362328956,0.5070768398948724,0,0,0.2901294265928297
21,B,clean,pi_zero_hard,1,True,2.0,0.6931471805599454,0,0,-0.3138514904811289
21,B,clean,pi_oracle_state_soft,1,True,1.7681982362328956,0.5070768398948724,0,0,0.2901294265928297
21,B,clean,pi_source_state_soft,1,True,1.7681982362328956,0.5070768398948724,0,0,0.2901294265928297
21,A,brightness_dark,pi_zero_soft,1,True,1.762319625223506,0.5037650899663869,0,0,0.1740776559556978
21,A,brightness_dark,pi_zero_hard,1,True,2.0,0.6931471805599453,0,0,-0.16563466499998444
21,A,brightness_dark,pi_oracle_state_soft,1,True,1.7781419569383015,0.512755234234882,0,0,0.2901294265928297
21,A,brightness_dark,pi_source_state_soft,1,True,1.7781419569383015,0.512755234234882,0,0,0.2901294265928297
21,B,brightness_dark,pi_zero_soft,1,True,1.762319625223506,0.5037650899663869,0,0,0.1740776559556978
21,B,brightness_dark,pi_zero_hard,1,True,2.0,0.6931471805599453,0,0,-0.16563466499998444
21,B,brightness_dark,pi_oracle_state_soft,1,True,1.7775916421495246,0.5124383979294764,0,0,0.2901294265928297
21,B,brightness_dark,pi_source_state_soft,1,True,1.7775916421495246,0.5124383979294764,0,0,0.2901294265928297
21,A,contrast_low,pi_zero_soft,1,True,1.6532006482118122,0.44741915288319023,0,0,0.2901294265928297
21,A,contrast_low,pi_zero_hard,1,True,2.0,0.6931471805599452,0,0,-0.16563466499998444
21,A,contrast_low,pi_oracle_state_soft,1,True,1.810493586764826,0.5319517493762185,0,0,0.1740776559556978
21,A,contrast_low,pi_source_state_soft,1,True,1.810493586764826,0.5319517493762185,0,0,0.1740776559556978
21,B,contrast_low,pi_zero_soft,1,True,1.6532006482118122,0.44741915288319023,0,0,0.2901294265928297
21,B,contrast_low,pi_zero_hard,1,True,2.0,0.6931471805599452,0,0,-0.16563466499998444
21,B,contrast_low,pi_oracle_state_soft,1,True,1.804361969839696,0.5282231110959161,0,0,0.1740776559556978
21,B,contrast_low,pi_source_state_soft,1,True,1.804361969839696,0.5282231110959161,0,0,0.1740776559556978
21,A,gaussian_noise,pi_zero_soft,1,True,1.8502714294366411,0.557320539583618,0,0,0.1740776559556978
21,A,gaussian_noise,pi_zero_hard,1,True,2.0,0.6931471805599454,0,0,-0.2614881801842454
21,A,gaussian_noise,pi_oracle_state_soft,1,True,1.7886022115833433,0.5188369763768288,0,0,0.2901294265928297
21,A,gaussian_noise,pi_source_state_soft,1,True,1.7886022115833433,0.5188369763768288,0,0,0.2901294265928297
21,B,gaussian_noise,pi_zero_soft,1,True,1.8502714294366411,0.557320539583618,0,0,0.1740776559556978
21,B,gaussian_noise,pi_zero_hard,1,True,2.0,0.6931471805599454,0,0,-0.2614881801842454
21,B,gaussian_noise,pi_oracle_state_soft,1,True,1.7962418783198917,0.523352401849658,0,0,0.1740776559556978
21,B,gaussian_noise,pi_source_state_soft,1,True,1.7962418783198917,0.523352401849658,0,0,0.1740776559556978
21,A,gaussian_blur,pi_zero_soft,1,True,1.7182098494313058,0.4798958734068848,0,0,0.2901294265928297
21,A,gaussian_blur,pi_zero_hard,1,True,2.0,0.6931471805599452,0,0,-0.2624997436527193
21,A,gaussian_blur,pi_oracle_state_soft,1,True,1.7883385163413283,0.5186822482723323,0,0,0.1740776559556978
21,A,gaussian_blur,pi_source_state_soft,1,True,1.7883385163413283,0.5186822482723323,0,0,0.1740776559556978
21,B,gaussian_blur,pi_zero_soft,1,True,1.7182098494313058,0.4798958734068848,0,0,0.2901294265928297
21,B,gaussian_blur,pi_zero_hard,1,True,2.0,0.6931471805599452,0,0,-0.2624997436527193
21,B,gaussian_blur,pi_oracle_state_soft,1,True,1.7909999065994426,0.520247293848676,0,0,0.1740776559556978
21,B,gaussian_blur,pi_source_state_soft,1,True,1.7909999065994426,0.520247293848676,0,0,0.1740776559556978
22,A,clean,pi_zero_soft,2,True,1.254761007859664,0.2928084415992469,0,0,0.5276492843761433
22,A,clean,pi_zero_hard,2,True,1.1,0.2447289928382721,0,0,0.5527275134155306
22,A,clean,pi_oracle_state_soft,2,True,1.254761007859664,0.2928084415992469,0,0,0.5276492843761433
22,A,clean,pi_source_state_soft,2,True,1.254761007859664,0.2928084415992469,0,0,0.5276492843761433
22,B,clean,pi_zero_soft,2,True,1.254761007859664,0.2928084415992469,0,0,0.5276492843761433
22,B,clean,pi_zero_hard,2,True,1.1,0.2447289928382721,0,0,0.5527275134155306
22,B,clean,pi_oracle_state_soft,2,True,1.254761007859664,0.2928084415992469,0,0,0.5276492843761433
22,B,clean,pi_source_state_soft,2,True,1.254761007859664,0.2928084415992469,0,0,0.5276492843761433
22,A,brightness_dark,pi_zero_soft,2,True,1.2059423085284595,0.3016138811700362,1,1,0.3113995776646092
22,A,brightness_dark,pi_zero_hard,2,True,0.7000000000000002,0.18194310456403728,1,1,0.7662610281769212
22,A,brightness_dark,pi_oracle_state_soft,2,True,1.272412738386387,0.29975601493843507,0,0,0.5276492843761433
22,A,brightness_dark,pi_source_state_soft,2,True,1.272412738386387,0.29975601493843507,0,0,0.5276492843761433
22,B,brightness_dark,pi_zero_soft,2,True,1.2059423085284595,0.3016138811700362,1,1,0.3113995776646092
22,B,brightness_dark,pi_zero_hard,2,True,0.7000000000000002,0.18194310456403728,1,1,0.7662610281769212
22,B,brightness_dark,pi_oracle_state_soft,2,True,1.2774280208739552,0.30123183716824986,0,0,0.5276492843761433
22,B,brightness_dark,pi_source_state_soft,2,True,1.2774280208739552,0.30123183716824986,0,0,0.5276492843761433
22,A,contrast_low,pi_zero_soft,2,True,1.3950108352609352,0.36131773057229855,1,1,0.2335496832484569
22,A,contrast_low,pi_zero_hard,2,True,1.1,0.3346204255921976,1,1,0.3069703067574603
22,A,contrast_low,pi_oracle_state_soft,2,True,1.2647192304078663,0.29892582871813467,0,0,0.5103493078392206
22,A,contrast_low,pi_source_state_soft,2,True,1.2647192304078663,0.29892582871813467,0,0,0.5103493078392206
22,B,contrast_low,pi_zero_soft,2,True,1.3950108352609352,0.36131773057229855,1,1,0.2335496832484569
22,B,contrast_low,pi_zero_hard,2,True,1.1,0.3346204255921976,1,1,0.3069703067574603
22,B,contrast_low,pi_oracle_state_soft,2,True,1.2510401324805278,0.2958084844535587,0,0,0.5881992022553729
22,B,contrast_low,pi_source_state_soft,2,True,1.2510401324805278,0.2958084844535587,0,0,0.5881992022553729
22,A,gaussian_noise,pi_zero_soft,2,True,1.2219137539316962,0.28853790684760394,0,0,0.5103493078392206
22,A,gaussian_noise,pi_zero_hard,2,True,0.9,0.19666540668155097,0,0,0.5749602571012747
22,A,gaussian_noise,pi_oracle_state_soft,2,True,1.2677830027985622,0.297225978199553,0,0,0.5276492843761433
22,A,gaussian_noise,pi_source_state_soft,2,True,1.2677830027985622,0.297225978199553,0,0,0.5276492843761433
22,B,gaussian_noise,pi_zero_soft,2,True,1.2219137539316962,0.28853790684760394,0,0,0.5103493078392206
22,B,gaussian_noise,pi_zero_hard,2,True,0.9,0.19666540668155097,0,0,0.5749602571012747
22,B,gaussian_noise,pi_oracle_state_soft,2,True,1.2764614850724796,0.30012160685520684,0,0,0.5276492843761433
22,B,gaussian_noise,pi_source_state_soft,2,True,1.2764614850724796,0.30012160685520684,0,0,0.5276492843761433
22,A,gaussian_blur,pi_zero_soft,2,True,1.3067898323049136,0.3110615818025646,1,1,0.5449492609130662
22,A,gaussian_blur,pi_zero_hard,2,True,0.7999999999999999,0.17348345555872102,1,1,0.6603381797442179
22,A,gaussian_blur,pi_oracle_state_soft,2,True,1.2612014910777576,0.2954893840908026,0,0,0.5276492843761433
22,A,gaussian_blur,pi_source_state_soft,2,True,1.2612014910777576,0.2954893840908026,0,0,0.5276492843761433
22,B,gaussian_blur,pi_zero_soft,2,True,1.3067898323049136,0.3110615818025646,1,1,0.5449492609130662
22,B,gaussian_blur,pi_zero_hard,2,True,0.7999999999999999,0.17348345555872102,1,1,0.6603381797442179
22,B,gaussian_blur,pi_oracle_state_soft,2,True,1.2601972113346989,0.2954832020905249,0,0,0.5276492843761433
22,B,gaussian_blur,pi_source_state_soft,2,True,1.2601972113346989,0.2954832020905249,0,0,0.5276492843761433
23,A,clean,pi_zero_soft,4,True,0.9067451565607119,0.23466928746523252,0,0,0.22057470084576483
23,A,clean,pi_zero_hard,4,True,1.1,0.32454980821276025,0,0,0.04042260417272216
23,A,clean,pi_oracle_state_soft,4,True,0.9067451565607119,0.23466928746523252,0,0,0.22057470084576483
23,A,clean,pi_source_state_soft,4,True,0.9067451565607119,0.23466928746523252,0,0,0.22057470084576483
23,B,clean,pi_zero_soft,4,True,0.9067451565607119,0.23466928746523252,0,0,0.22057470084576483
23,B,clean,pi_zero_hard,4,True,1.1,0.32454980821276025,0,0,0.04042260417272216
23,B,clean,pi_oracle_state_soft,4,True,0.9067451565607119,0.23466928746523252,0,0,0.22057470084576483
23,B,clean,pi_source_state_soft,4,True,0.9067451565607119,0.23466928746523252,0,0,0.22057470084576483
23,A,brightness_dark,pi_zero_soft,4,True,1.4104558212120326,0.3447389667311427,0,0,-0.09082487681884432
23,A,brightness_dark,pi_zero_hard,4,True,1.6,0.429972087133609,0,0,0.13886751972361297
23,A,brightness_dark,pi_oracle_state_soft,4,True,0.926657625713271,0.23830640313269602,0,0,0.22057470084576483
23,A,brightness_dark,pi_source_state_soft,4,True,0.926657625713271,0.23830640313269602,0,0,0.22057470084576483
23,B,brightness_dark,pi_zero_soft,4,True,1.4104558212120326,0.3447389667311427,0,0,-0.09082487681884432
23,B,brightness_dark,pi_zero_hard,4,True,1.6,0.429972087133609,0,0,0.13886751972361297
23,B,brightness_dark,pi_oracle_state_soft,4,True,0.9214716819778406,0.23630541521233117,0,0,0.22057470084576483
23,B,brightness_dark,pi_source_state_soft,4,True,0.9214716819778406,0.23630541521233117,0,0,0.22057470084576483
23,A,contrast_low,pi_zero_soft,4,True,1.252842840838685,0.2813019969114152,0,0,0.25949964805384096
23,A,contrast_low,pi_zero_hard,4,True,1.4000000000000001,0.38972590114773986,0,0,0.13886751972361297
23,A,contrast_low,pi_oracle_state_soft,4,True,1.0180229450244205,0.244460870754853,0,0,0.28544961285922504
23,A,contrast_low,pi_source_state_soft,4,True,1.0180229450244205,0.244460870754853,0,0,0.28544961285922504
23,B,contrast_low,pi_zero_soft,4,True,1.252842840838685,0.2813019969114152,0,0,0.25949964805384096
23,B,contrast_low,pi_zero_hard,4,True,1.4000000000000001,0.38972590114773986,0,0,0.13886751972361297
23,B,contrast_low,pi_oracle_state_soft,4,True,1.0400692491332448,0.2534817863872991,0,0,0.22057470084576483
23,B,contrast_low,pi_source_state_soft,4,True,1.0400692491332448,0.2534817863872991,0,0,0.22057470084576483
23,A,gaussian_noise,pi_zero_soft,4,True,1.013482223377057,0.275246152983873,0,0,0.12974982402692048
23,A,gaussian_noise,pi_zero_hard,4,True,1.3,0.40639078129266926,0,0,-0.20145574100634503
23,A,gaussian_noise,pi_oracle_state_soft,4,True,0.9328920340637781,0.2368411897933711,0,0,0.22057470084576483
23,A,gaussian_noise,pi_source_state_soft,4,True,0.9328920340637781,0.2368411897933711,0,0,0.22057470084576483
23,B,gaussian_noise,pi_zero_soft,4,True,1.013482223377057,0.275246152983873,0,0,0.12974982402692048
23,B,gaussian_noise,pi_zero_hard,4,True,1.3,0.40639078129266926,0,0,-0.20145574100634503
23,B,gaussian_noise,pi_oracle_state_soft,4,True,0.9452152428048167,0.2404525980917207,0,0,0.22057470084576483
23,B,gaussian_noise,pi_source_state_soft,4,True,0.9452152428048167,0.2404525980917207,0,0,0.22057470084576483
23,A,gaussian_blur,pi_zero_soft,4,True,1.0560205277653532,0.24198905821346361,0,0,0.3503245248726853
23,A,gaussian_blur,pi_zero_hard,4,True,1.2000000000000002,0.3727359974682001,0,0,0.026948402781814772
23,A,gaussian_blur,pi_oracle_state_soft,4,True,1.0190013628986847,0.2571270403303858,0,0,0.12974982402692048
23,A,gaussian_blur,pi_source_state_soft,4,True,1.0190013628986847,0.2571270403303858,0,0,0.12974982402692048
23,B,gaussian_blur,pi_zero_soft,4,True,1.0560205277653532,0.24198905821346361,0,0,0.3503245248726853
23,B,gaussian_blur,pi_zero_hard,4,True,1.2000000000000002,0.3727359974682001,0,0,0.026948402781814772
23,B,gaussian_blur,pi_oracle_state_soft,4,True,1.0219520762179708,0.2592360782263563,0,0,0.12974982402692048
23,B,gaussian_blur,pi_source_state_soft,4,True,1.0219520762179708,0.2592360782263563,0,0,0.12974982402692048
24,A,clean,pi_zero_soft,2,True,1.702150152254107,0.5043758244085677,0,0,-0.23115669303779424
24,A,clean,pi_zero_hard,2,True,1.9000000000000001,0.6369136660980641,0,0,-0.46310304970699645
24,A,clean,pi_oracle_state_soft,2,True,1.702150152254107,0.5043758244085677,0,0,-0.23115669303779424
24,A,clean,pi_source_state_soft,2,True,1.702150152254107,0.5043758244085677,0,0,-0.23115669303779424
24,B,clean,pi_zero_soft,2,True,1.702150152254107,0.5043758244085677,0,0,-0.23115669303779424
24,B,clean,pi_zero_hard,2,True,1.9000000000000001,0.6369136660980641,0,0,-0.46310304970699645
24,B,clean,pi_oracle_state_soft,2,True,1.702150152254107,0.5043758244085677,0,0,-0.23115669303779424
24,B,clean,pi_source_state_soft,2,True,1.702150152254107,0.5043758244085677,0,0,-0.23115669303779424
24,A,brightness_dark,pi_zero_soft,2,True,1.8139735843623794,0.5591511512561016,0,0,-0.5145100586970259
24,A,brightness_dark,pi_zero_hard,2,True,2.0,0.6931471805599453,0,0,-0.4128440366972478
24,A,brightness_dark,pi_oracle_state_soft,2,True,1.7383736408724366,0.5337966549233308,0,0,-0.3206367032459727
24,A,brightness_dark,pi_source_state_soft,2,True,1.7383736408724366,0.5337966549233308,0,0,-0.3206367032459727
24,B,brightness_dark,pi_zero_soft,2,True,1.8139735843623794,0.5591511512561016,0,0,-0.5145100586970259
24,B,brightness_dark,pi_zero_hard,2,True,2.0,0.6931471805599453,0,0,-0.4128440366972478
24,B,brightness_dark,pi_oracle_state_soft,2,True,1.738194274236762,0.5341946292144972,0,0,-0.3206367032459727
24,B,brightness_dark,pi_source_state_soft,2,True,1.738194274236762,0.5341946292144972,0,0,-0.3206367032459727
24,A,contrast_low,pi_zero_soft,2,True,1.7632391282266715,0.5358898303704547,0,0,-0.5145100586970259
24,A,contrast_low,pi_zero_hard,2,True,2.0,0.6931471805599452,0,0,-0.5040415347337637
24,A,contrast_low,pi_oracle_state_soft,2,True,1.7717081273075794,0.5435467268417686,0,0,-0.4697700535929367
24,A,contrast_low,pi_source_state_soft,2,True,1.7717081273075794,0.5435467268417686,0,0,-0.4697700535929367
24,B,contrast_low,pi_zero_soft,2,True,1.7632391282266715,0.5358898303704547,0,0,-0.5145100586970259
24,B,contrast_low,pi_zero_hard,2,True,2.0,0.6931471805599452,0,0,-0.5040415347337637
24,B,contrast_low,pi_oracle_state_soft,2,True,1.770655787365155,0.5453012539319113,0,0,-0.4697700535929367
24,B,contrast_low,pi_source_state_soft,2,True,1.770655787365155,0.5453012539319113,0,0,-0.4697700535929367
24,A,gaussian_noise,pi_zero_soft,2,True,1.7651200635667972,0.5420411451678071,0,0,-0.3057233682112762
24,A,gaussian_noise,pi_zero_hard,2,True,2.0,0.6931471805599454,0,0,-0.5040415347337637
24,A,gaussian_noise,pi_oracle_state_soft,2,True,1.7162865131969811,0.5075015527402076,0,0,-0.27589669814188345
24,A,gaussian_noise,pi_source_state_soft,2,True,1.7162865131969811,0.5075015527402076,0,0,-0.27589669814188345
24,B,gaussian_noise,pi_zero_soft,2,True,1.7651200635667972,0.5420411451678071,0,0,-0.3057233682112762
24,B,gaussian_noise,pi_zero_hard,2,True,2.0,0.6931471805599454,0,0,-0.5040415347337637
24,B,gaussian_noise,pi_oracle_state_soft,2,True,1.7164068631844156,0.507227507038895,0,0,-0.27589669814188345
24,B,gaussian_noise,pi_source_state_soft,2,True,1.7164068631844156,0.507227507038895,0,0,-0.27589669814188345
24,A,gaussian_blur,pi_zero_soft,2,True,1.6819473498412163,0.4866665359640898,0,0,-0.27589669814188345
24,A,gaussian_blur,pi_zero_hard,2,True,2.0,0.693147180559945,0,0,-0.5986414282632195
24,A,gaussian_blur,pi_oracle_state_soft,2,True,1.7044930644950047,0.5070816352610636,0,0,-0.23115669303779424
24,A,gaussian_blur,pi_source_state_soft,2,True,1.7044930644950047,0.5070816352610636,0,0,-0.23115669303779424
24,B,gaussian_blur,pi_zero_soft,2,True,1.6819473498412163,0.4866665359640898,0,0,-0.27589669814188345
24,B,gaussian_blur,pi_zero_hard,2,True,2.0,0.693147180559945,0,0,-0.5986414282632195
24,B,gaussian_blur,pi_oracle_state_soft,2,True,1.7051601887273655,0.5084205566896611,0,0,-0.23115669303779424
24,B,gaussian_blur,pi_source_state_soft,2,True,1.7051601887273655,0.5084205566896611,0,0,-0.23115669303779424
25,A,clean,pi_zero_soft,4,True,1.4342846774474605,0.3666700842970121,0,0,0.27589669814188345
25,A,clean,pi_zero_hard,4,True,1.7000000000000002,0.5499314926936125,0,0,-0.183583371334054
25,A,clean,pi_oracle_state_soft,4,True,1.4342846774474605,0.3666700842970121,0,0,0.27589669814188345
25,A,clean,pi_source_state_soft,4,True,1.4342846774474605,0.3666700842970121,0,0,0.27589669814188345
25,B,clean,pi_zero_soft,4,True,1.4342846774474605,0.3666700842970121,0,0,0.27589669814188345
25,B,clean,pi_zero_hard,4,True,1.7000000000000002,0.5499314926936125,0,0,-0.183583371334054
25,B,clean,pi_oracle_state_soft,4,True,1.4342846774474605,0.3666700842970121,0,0,0.27589669814188345
25,B,clean,pi_source_state_soft,4,True,1.4342846774474605,0.3666700842970121,0,0,0.27589669814188345
25,A,brightness_dark,pi_zero_soft,4,True,1.576958573714103,0.4359592124895981,0,0,-0.0820233426908302
25,A,brightness_dark,pi_zero_hard,4,True,1.8000000000000003,0.6090207221837881,0,0,-0.11926605504587157
25,A,brightness_dark,pi_oracle_state_soft,4,True,1.4049947839345809,0.3590150457053871,0,0,0.20133002296840144
25,A,brightness_dark,pi_source_state_soft,4,True,1.4049947839345809,0.3590150457053871,0,0,0.20133002296840144
25,B,brightness_dark,pi_zero_soft,4,True,1.576958573714103,0.4359592124895981,0,0,-0.0820233426908302
25,B,brightness_dark,pi_zero_hard,4,True,1.8000000000000003,0.6090207221837881,0,0,-0.11926605504587157
25,B,brightness_dark,pi_oracle_state_soft,4,True,1.4040203353940814,0.3593654049054271,0,0,0.20133002296840144
25,B,brightness_dark,pi_source_state_soft,4,True,1.4040203353940814,0.3593654049054271,0,0,0.20133002296840144
25,A,contrast_low,pi_zero_soft,4,True,1.536160902339648,0.397174349076304,0,0,0.007456667517348202
25,A,contrast_low,pi_zero_hard,4,True,1.8,0.5556429227502027,0,0,-0.04004872889954804
25,A,contrast_low,pi_oracle_state_soft,4,True,1.4658937953722355,0.3872349475038013,0,0,0.12676334779491943
25,A,contrast_low,pi_source_state_soft,4,True,1.4658937953722355,0.3872349475038013,0,0,0.12676334779491943
25,B,contrast_low,pi_zero_soft,4,True,1.536160902339648,0.397174349076304,0,0,0.007456667517348202
25,B,contrast_low,pi_zero_hard,4,True,1.8,0.5556429227502027,0,0,-0.04004872889954804
25,B,contrast_low,pi_oracle_state_soft,4,True,1.473377857499017,0.38701852680796356,0,0,0.12676334779491943
25,B,contrast_low,pi_source_state_soft,4,True,1.473377857499017,0.38701852680796356,0,0,0.12676334779491943
25,A,gaussian_noise,pi_zero_soft,4,True,1.5157703781191874,0.39843792401515676,0,0,0.0521966726214374
25,A,gaussian_noise,pi_zero_hard,4,True,1.7,0.5320102105264688,0,0,-0.15113197259815989
25,A,gaussian_noise,pi_oracle_state_soft,4,True,1.4497786047149759,0.37616584250024765,0,0,0.20133002296840144
25,A,gaussian_noise,pi_source_state_soft,4,True,1.4497786047149759,0.37616584250024765,0,0,0.20133002296840144
25,B,gaussian_noise,pi_zero_soft,4,True,1.5157703781191874,0.39843792401515676,0,0,0.0521966726214374
25,B,gaussian_noise,pi_zero_hard,4,True,1.7,0.5320102105264688,0,0,-0.15113197259815989
25,B,gaussian_noise,pi_oracle_state_soft,4,True,1.4566380928139573,0.37972472570026383,0,0,0.20133002296840144
25,B,gaussian_noise,pi_source_state_soft,4,True,1.4566380928139573,0.37972472570026383,0,0,0.20133002296840144
25,A,gaussian_blur,pi_zero_soft,4,True,1.3963325968876295,0.3729634886707138,0,0,0.09693667772552661
25,A,gaussian_blur,pi_zero_hard,4,True,1.7000000000000002,0.5891751034759538,0,0,-0.26986208669614986
25,A,gaussian_blur,pi_oracle_state_soft,4,True,1.4619063242586587,0.37643118330078806,0,0,0.20133002296840144
25,A,gaussian_blur,pi_source_state_soft,4,True,1.4619063242586587,0.37643118330078806,0,0,0.20133002296840144
25,B,gaussian_blur,pi_zero_soft,4,True,1.3963325968876295,0.3729634886707138,0,0,0.09693667772552661
25,B,gaussian_blur,pi_zero_hard,4,True,1.7000000000000002,0.5891751034759538,0,0,-0.26986208669614986
25,B,gaussian_blur,pi_oracle_state_soft,4,True,1.4649771624451902,0.3769785492048452,0,0,0.20133002296840144
25,B,gaussian_blur,pi_source_state_soft,4,True,1.4649771624451902,0.3769785492048452,0,0,0.20133002296840144
26,A,clean,pi_zero_soft,1,False,1.0522296717859605,0.23235522044206103,1,1,0.4670993664969138
26,A,clean,pi_zero_hard,1,False,0.5999999999999999,0.13080702281949885,1,1,0.3831305140884606
26,A,clean,pi_oracle_state_soft,1,False,1.0522296717859605,0.23235522044206103,1,1,0.4670993664969138
26,A,clean,pi_source_state_soft,1,False,1.0394290776032589,0.22932045019980052,1,1,0.38924947208076155
26,B,clean,pi_zero_soft,1,False,1.0522296717859605,0.23235522044206103,1,1,0.4670993664969138
26,B,clean,pi_zero_hard,1,False,0.5999999999999999,0.13080702281949885,1,1,0.3831305140884606
26,B,clean,pi_oracle_state_soft,1,False,1.0522296717859605,0.23235522044206103,1,1,0.4670993664969138
26,B,clean,pi_source_state_soft,1,False,1.0460234338374783,0.2311735738752092,1,1,0.38924947208076155
26,A,brightness_dark,pi_zero_soft,1,True,1.3183034656003583,0.3155710411095771,0,0,0.37194949554383877
26,A,brightness_dark,pi_zero_hard,1,True,1.1,0.2535880684420112,0,0,0.3641975308641976
26,A,brightness_dark,pi_oracle_state_soft,1,True,1.1430775291311865,0.25354604892776034,1,1,0.5449492609130662
26,A,brightness_dark,pi_source_state_soft,1,True,1.1430775291311865,0.25354604892776034,1,1,0.5449492609130662
26,B,brightness_dark,pi_zero_soft,1,True,1.3183034656003583,0.3155710411095771,0,0,0.37194949554383877
26,B,brightness_dark,pi_zero_hard,1,True,1.1,0.2535880684420112,0,0,0.3641975308641976
26,B,brightness_dark,pi_oracle_state_soft,1,True,1.1444143887295193,0.25376238493633263,1,1,0.5449492609130662
26,B,brightness_dark,pi_source_state_soft,1,True,1.1444143887295193,0.25376238493633263,1,1,0.5449492609130662
26,A,contrast_low,pi_zero_soft,1,True,1.2193262911950122,0.2809711785353679,1,1,0.4670993664969138
26,A,contrast_low,pi_zero_hard,1,True,0.7999999999999998,0.1758876071244163,1,1,0.5000000000000001
26,A,contrast_low,pi_oracle_state_soft,1,True,1.1146225765095268,0.24589762117727543,1,1,0.5449492609130662
26,A,contrast_low,pi_source_state_soft,1,True,1.1146225765095268,0.24589762117727543,1,1,0.5449492609130662
26,B,contrast_low,pi_zero_soft,1,True,1.2193262911950122,0.2809711785353679,1,1,0.4670993664969138
26,B,contrast_low,pi_zero_hard,1,True,0.7999999999999998,0.1758876071244163,1,1,0.5000000000000001
26,B,contrast_low,pi_oracle_state_soft,1,True,1.1056323202998084,0.24345582673182553,1,1,0.5449492609130662
26,B,contrast_low,pi_source_state_soft,1,True,1.1056323202998084,0.24345582673182553,1,1,0.5449492609130662
26,A,gaussian_noise,pi_zero_soft,1,True,0.9111086419524783,0.19383831004140895,1,1,0.4670993664969138
26,A,gaussian_noise,pi_zero_hard,1,True,0.3999999999999999,0.08986163075668008,1,1,0.30815781721396834
26,A,gaussian_noise,pi_oracle_state_soft,1,True,1.0474359051389381,0.2302053381615421,1,1,0.4670993664969138
26,A,gaussian_noise,pi_source_state_soft,1,True,1.0474359051389381,0.2302053381615421,1,1,0.4670993664969138
26,B,gaussian_noise,pi_zero_soft,1,True,0.9111086419524783,0.19383831004140895,1,1,0.4670993664969138
26,B,gaussian_noise,pi_zero_hard,1,True,0.3999999999999999,0.08986163075668008,1,1,0.30815781721396834
26,B,gaussian_noise,pi_oracle_state_soft,1,True,1.0373279324963438,0.22699345941021942,1,1,0.5449492609130662
26,B,gaussian_noise,pi_source_state_soft,1,True,1.0373279324963438,0.22699345941021942,1,1,0.5449492609130662
26,A,gaussian_blur,pi_zero_soft,1,False,1.1375526185589073,0.256153370417468,1,1,0.4670993664969138
26,A,gaussian_blur,pi_zero_hard,1,False,0.49999999999999994,0.10986807515359615,1,1,0.3831305140884606
26,A,gaussian_blur,pi_oracle_state_soft,1,False,1.0484927627604057,0.2309846139518834,1,1,0.38924947208076155
26,A,gaussian_blur,pi_source_state_soft,1,False,1.2029051849255263,0.27971321399747984,1,1,0.38924947208076155
26,B,gaussian_blur,pi_zero_soft,1,True,1.1375526185589073,0.256153370417468,1,1,0.4670993664969138
26,B,gaussian_blur,pi_zero_hard,1,True,0.49999999999999994,0.10986807515359615,1,1,0.3831305140884606
26,B,gaussian_blur,pi_oracle_state_soft,1,True,1.042503090048175,0.22921833095779387,1,1,0.38924947208076155
26,B,gaussian_blur,pi_source_state_soft,1,True,1.042503090048175,0.22921833095779387,1,1,0.38924947208076155
27,A,clean,pi_zero_soft,1,True,1.083529186253013,0.23930714379495344,1,1,0.5222329678670935
27,A,clean,pi_zero_hard,1,True,0.7,0.14000312030209405,1,1,0.6425294053171791
27,A,clean,pi_oracle_state_soft,1,True,1.083529186253013,0.23930714379495344,1,1,0.5222329678670935
27,A,clean,pi_source_state_soft,1,True,1.083529186253013,0.23930714379495344,1,1,0.5222329678670935
27,B,clean,pi_zero_soft,1,True,1.083529186253013,0.23930714379495344,1,1,0.5222329678670935
27,B,clean,pi_zero_hard,1,True,0.7,0.14000312030209405,1,1,0.6425294053171791
27,B,clean,pi_oracle_state_soft,1,True,1.083529186253013,0.23930714379495344,1,1,0.5222329678670935
27,B,clean,pi_source_state_soft,1,True,1.083529186253013,0.23930714379495344,1,1,0.5222329678670935
27,A,brightness_dark,pi_zero_soft,1,True,1.6994188653355227,0.4702042614261286,0,0,0.2901294265928297
27,A,brightness_dark,pi_zero_hard,1,True,1.7000000000000002,0.47050006482778806,0,0,0.3268602252303067
27,A,brightness_dark,pi_oracle_state_soft,1,True,1.0511435112423717,0.2300313447061304,1,1,0.5222329678670935
27,A,brightness_dark,pi_source_state_soft,1,True,1.0511435112423717,0.2300313447061304,1,1,0.5222329678670935
27,B,brightness_dark,pi_zero_soft,1,True,1.6994188653355227,0.4702042614261286,0,0,0.2901294265928297
27,B,brightness_dark,pi_zero_hard,1,True,1.7000000000000002,0.47050006482778806,0,0,0.3268602252303067
27,B,brightness_dark,pi_oracle_state_soft,1,True,1.0628825511408313,0.23337149379083866,1,1,0.5222329678670935
27,B,brightness_dark,pi_source_state_soft,1,True,1.0628825511408313,0.23337149379083866,1,1,0.5222329678670935
27,A,contrast_low,pi_zero_soft,1,True,1.8565402727674243,0.5615270051152523,0,0,-0.1740776559556978
27,A,contrast_low,pi_zero_hard,1,True,2.0,0.6931471805599454,0,0,-0.2151657414559676
27,A,contrast_low,pi_oracle_state_soft,1,True,1.240560536277446,0.28724936496140985,1,1,0.5222329678670935
27,A,contrast_low,pi_source_state_soft,1,True,1.240560536277446,0.28724936496140985,1,1,0.5222329678670935
27,B,contrast_low,pi_zero_soft,1,True,1.8565402727674243,0.5615270051152523,0,0,-0.1740776559556978
27,B,contrast_low,pi_zero_hard,1,True,2.0,0.6931471805599454,0,0,-0.2151657414559676
27,B,contrast_low,pi_oracle_state_soft,1,True,1.1836135873066393,0.2692561036932185,1,1,0.5222329678670935
27,B,contrast_low,pi_source_state_soft,1,True,1.1836135873066393,0.2692561036932185,1,1,0.5222329678670935
27,A,gaussian_noise,pi_zero_soft,1,True,0.8675008036840738,0.18075281216116856,1,1,0.5222329678670935
27,A,gaussian_noise,pi_zero_hard,1,True,0.39999999999999997,0.07488176162235427,1,1,0.6425294053171791
27,A,gaussian_noise,pi_oracle_state_soft,1,True,1.0957107403434077,0.24284644422002755,1,1,0.5222329678670935
27,A,gaussian_noise,pi_source_state_soft,1,True,1.0957107403434077,0.24284644422002755,1,1,0.5222329678670935
27,B,gaussian_noise,pi_zero_soft,1,True,0.8675008036840738,0.18075281216116856,1,1,0.5222329678670935
27,B,gaussian_noise,pi_zero_hard,1,True,0.39999999999999997,0.07488176162235427,1,1,0.6425294053171791
27,B,gaussian_noise,pi_oracle_state_soft,1,True,1.096824571189408,0.2431714653581949,1,1,0.5222329678670935
27,B,gaussian_noise,pi_source_state_soft,1,True,1.096824571189408,0.2431714653581949,1,1,0.5222329678670935
27,A,gaussian_blur,pi_zero_soft,1,True,1.5030166192309322,0.3816112555922394,0,0,0.40618119722996154
27,A,gaussian_blur,pi_zero_hard,1,True,1.7,0.47050006482778783,0,0,0.3268602252303067
27,A,gaussian_blur,pi_oracle_state_soft,1,True,1.1530679403996955,0.25989961541498885,1,1,0.5222329678670935
27,A,gaussian_blur,pi_source_state_soft,1,True,1.1530679403996955,0.25989961541498885,1,1,0.5222329678670935
27,B,gaussian_blur,pi_zero_soft,1,True,1.5030166192309322,0.3816112555922394,0,0,0.40618119722996154
27,B,gaussian_blur,pi_zero_hard,1,True,1.7,0.47050006482778783,0,0,0.3268602252303067
27,B,gaussian_blur,pi_oracle_state_soft,1,True,1.1328677774027345,0.25381894065674604,1,1,0.5222329678670935
27,B,gaussian_blur,pi_source_state_soft,1,True,1.1328677774027345,0.25381894065674604,1,1,0.5222329678670935
28,A,clean,pi_zero_soft,4,True,1.2360874654074205,0.2682631213322253,0,0,0.16809212779716134
28,A,clean,pi_zero_hard,4,True,1.7000000000000002,0.4966579416411354,0,0,-0.06993691039471801
28,A,clean,pi_oracle_state_soft,4,True,1.2360874654074205,0.2682631213322253,0,0,0.16809212779716134
28,A,clean,pi_source_state_soft,4,True,1.2360874654074205,0.2682631213322253,0,0,0.16809212779716134
28,B,clean,pi_zero_soft,4,True,1.2360874654074205,0.2682631213322253,0,0,0.16809212779716134
28,B,clean,pi_zero_hard,4,True,1.7000000000000002,0.4966579416411354,0,0,-0.06993691039471801
28,B,clean,pi_oracle_state_soft,4,True,1.2360874654074205,0.2682631213322253,0,0,0.16809212779716134
28,B,clean,pi_source_state_soft,4,True,1.2360874654074205,0.2682631213322253,0,0,0.16809212779716134
28,A,brightness_dark,pi_zero_soft,4,True,1.2028464551137277,0.2484450029064562,0,0,0.3685096647860845
28,A,brightness_dark,pi_zero_hard,4,True,1.8,0.5684282973416068,0,0,-0.07954314347271572
28,A,brightness_dark,pi_oracle_state_soft,4,True,1.1900322886955517,0.24554890201782364,0,0,0.16809212779716134
28,A,brightness_dark,pi_source_state_soft,4,True,1.1900322886955517,0.24554890201782364,0,0,0.16809212779716134
28,B,brightness_dark,pi_zero_soft,4,True,1.2028464551137277,0.2484450029064562,0,0,0.3685096647860845
28,B,brightness_dark,pi_zero_hard,4,True,1.8,0.5684282973416068,0,0,-0.07954314347271572
28,B,brightness_dark,pi_oracle_state_soft,4,True,1.1836776625329848,0.24279224559806423,0,0,0.16809212779716134
28,B,brightness_dark,pi_source_state_soft,4,True,1.1836776625329848,0.24279224559806423,0,0,0.16809212779716134
28,A,contrast_low,pi_zero_soft,4,True,1.1959341302121185,0.2758808850937655,0,0,0.40730015581619866
28,A,contrast_low,pi_zero_hard,4,True,1.8,0.5800025999672658,0,0,-0.14317765825088832
28,A,contrast_low,pi_oracle_state_soft,4,True,1.2740322561966841,0.2903372765828065,0,0,0.01939524551505708
28,A,contrast_low,pi_source_state_soft,4,True,1.2740322561966841,0.2903372765828065,0,0,0.01939524551505708
28,B,contrast_low,pi_zero_soft,4,True,1.1959341302121185,0.2758808850937655,0,0,0.40730015581619866
28,B,contrast_low,pi_zero_hard,4,True,1.8,0.5800025999672658,0,0,-0.14317765825088832
28,B,contrast_low,pi_oracle_state_soft,4,True,1.2847652806257672,0.29482283696277856,0,0,0.01939524551505708
28,B,contrast_low,pi_source_state_soft,4,True,1.2847652806257672,0.29482283696277856,0,0,0.01939524551505708
28,A,gaussian_noise,pi_zero_soft,4,True,1.327155851963881,0.31300082115721173,0,0,0.01939524551505708
28,A,gaussian_noise,pi_zero_hard,4,True,1.8,0.6022563070700673,0,0,-0.38021083361805286
28,A,gaussian_noise,pi_oracle_state_soft,4,True,1.2527783544680906,0.27501023672138647,0,0,0.11637147309034247
28,A,gaussian_noise,pi_source_state_soft,4,True,1.2527783544680906,0.27501023672138647,0,0,0.11637147309034247
28,B,gaussian_noise,pi_zero_soft,4,True,1.327155851963881,0.31300082115721173,0,0,0.01939524551505708
28,B,gaussian_noise,pi_zero_hard,4,True,1.8,0.6022563070700673,0,0,-0.38021083361805286
28,B,gaussian_noise,pi_oracle_state_soft,4,True,1.2537588243143316,0.2755175501536953,0,0,0.11637147309034247
28,B,gaussian_noise,pi_source_state_soft,4,True,1.2537588243143316,0.2755175501536953,0,0,0.11637147309034247
28,A,gaussian_blur,pi_zero_soft,4,True,1.2053962584817586,0.26111581078952617,0,0,0.3361842555943227
28,A,gaussian_blur,pi_zero_hard,4,True,1.8000000000000003,0.5867194658314765,0,0,-0.14317765825088832
28,A,gaussian_blur,pi_oracle_state_soft,4,True,1.2621656235425422,0.28098169050561883,0,0,0.11637147309034247
28,A,gaussian_blur,pi_source_state_soft,4,True,1.2621656235425422,0.28098169050561883,0,0,0.11637147309034247
28,B,gaussian_blur,pi_zero_soft,4,True,1.2053962584817586,0.26111581078952617,0,0,0.3361842555943227
28,B,gaussian_blur,pi_zero_hard,4,True,1.8000000000000003,0.5867194658314765,0,0,-0.14317765825088832
28,B,gaussian_blur,pi_oracle_state_soft,4,True,1.2655812268873845,0.2826212958333709,0,0,0.11637147309034247
28,B,gaussian_blur,pi_source_state_soft,4,True,1.2655812268873845,0.2826212958333709,0,0,0.11637147309034247
29,A,clean,pi_zero_soft,1,False,0.8660557391892142,0.18038540553320026,1,1,0.5222329678670935
29,A,clean,pi_zero_hard,1,False,0.7,0.14000312030209405,1,1,0.6425294053171791
29,A,clean,pi_oracle_state_soft,1,False,0.8660557391892142,0.18038540553320026,1,1,0.5222329678670935
29,A,clean,pi_source_state_soft,1,False,1.06033024501156,0.2326431618979422,1,1,0.5222329678670935
29,B,clean,pi_zero_soft,1,False,0.8660557391892142,0.18038540553320026,1,1,0.5222329678670935
29,B,clean,pi_zero_hard,1,False,0.7,0.14000312030209405,1,1,0.6425294053171791
29,B,clean,pi_oracle_state_soft,1,False,0.8660557391892142,0.18038540553320026,1,1,0.5222329678670935
29,B,clean,pi_source_state_soft,1,False,1.0535268985532023,0.230707492576944,1,1,0.5222329678670935
29,A,brightness_dark,pi_zero_soft,1,True,1.5902507894454743,0.4184679152855748,0,0,0.40618119722996154
29,A,brightness_dark,pi_zero_hard,1,True,1.5000000000000002,0.3803956658485781,0,0,0.3268602252303067
29,A,brightness_dark,pi_oracle_state_soft,1,True,0.8242523862279687,0.16988210406491955,1,1,0.5222329678670935
29,A,brightness_dark,pi_source_state_soft,1,True,0.8242523862279687,0.16988210406491955,1,1,0.5222329678670935
29,B,brightness_dark,pi_zero_soft,1,True,1.5902507894454743,0.4184679152855748,0,0,0.40618119722996154
29,B,brightness_dark,pi_zero_hard,1,True,1.5000000000000002,0.3803956658485781,0,0,0.3268602252303067
29,B,brightness_dark,pi_oracle_state_soft,1,True,0.8319488517597944,0.17179795886753924,1,1,0.5222329678670935
29,B,brightness_dark,pi_source_state_soft,1,True,0.8319488517597944,0.17179795886753924,1,1,0.5222329678670935
29,A,contrast_low,pi_zero_soft,1,True,1.7964944243812104,0.5235027645219035,0,0,0.1740776559556978
29,A,contrast_low,pi_zero_hard,1,True,2.0,0.6931471805599452,0,0,-0.21417646843905966
29,A,contrast_low,pi_oracle_state_soft,1,True,0.9992494574887207,0.21555546245950652,1,1,0.5222329678670935
29,A,contrast_low,pi_source_state_soft,1,True,0.9992494574887207,0.21555546245950652,1,1,0.5222329678670935
29,B,contrast_low,pi_zero_soft,1,True,1.7964944243812104,0.5235027645219035,0,0,0.1740776559556978
29,B,contrast_low,pi_zero_hard,1,True,2.0,0.6931471805599452,0,0,-0.21417646843905966
29,B,contrast_low,pi_oracle_state_soft,1,True,0.9417258873741814,0.20003227368231968,1,1,0.5222329678670935
29,B,contrast_low,pi_source_state_soft,1,True,0.9417258873741814,0.20003227368231968,1,1,0.5222329678670935
29,A,gaussian_noise,pi_zero_soft,1,True,0.7653442807689336,0.15547592676465216,1,1,0.5222329678670935
29,A,gaussian_noise,pi_zero_hard,1,True,0.5999999999999999,0.117276936778544,1,1,0.6425294053171791
29,A,gaussian_noise,pi_oracle_state_soft,1,True,0.9608555662894838,0.2051359304171082,1,1,0.5222329678670935
29,A,gaussian_noise,pi_source_state_soft,1,True,0.9608555662894838,0.2051359304171082,1,1,0.5222329678670935
29,B,gaussian_noise,pi_zero_soft,1,True,0.7653442807689336,0.15547592676465216,1,1,0.5222329678670935
29,B,gaussian_noise,pi_zero_hard,1,True,0.5999999999999999,0.117276936778544,1,1,0.6425294053171791
29,B,gaussian_noise,pi_oracle_state_soft,1,True,0.9636065009734738,0.20587459106061634,1,1,0.5222329678670935
29,B,gaussian_noise,pi_source_state_soft,1,True,0.9636065009734738,0.20587459106061634,1,1,0.5222329678670935
29,A,gaussian_blur,pi_zero_soft,1,False,1.2648609810214362,0.29515890738377537,1,1,0.5222329678670935
29,A,gaussian_blur,pi_zero_hard,1,False,0.7999999999999999,0.16389659003355972,1,1,0.6425294053171791
29,A,gaussian_blur,pi_oracle_state_soft,1,False,0.8745122269161517,0.18253964929807387,1,1,0.5222329678670935
29,A,gaussian_blur,pi_source_state_soft,1,False,1.2648609810214362,0.29515890738377537,1,1,0.5222329678670935
29,B,gaussian_blur,pi_zero_soft,1,False,1.2648609810214362,0.29515890738377537,1,1,0.5222329678670935
29,B,gaussian_blur,pi_zero_hard,1,False,0.7999999999999999,0.16389659003355972,1,1,0.6425294053171791
29,B,gaussian_blur,pi_oracle_state_soft,1,False,0.8545255442097652,0.17746434404557776,1,1,0.5222329678670935
29,B,gaussian_blur,pi_source_state_soft,1,False,1.2648609810214362,0.29515890738377537,1,1,0.5222329678670935
30,A,clean,pi_zero_soft,3,False,1.3001504467787401,0.3196361007738735,0,0,0.4250300484888475
30,A,clean,pi_zero_hard,3,False,1.2,0.3055994427715828,0,0,0.4116339200325736
30,A,clean,pi_oracle_state_soft,3,False,1.3001504467787401,0.3196361007738735,0,0,0.4250300484888475
30,A,clean,pi_source_state_soft,3,False,1.4641424578258573,0.3758159985986953,0,0,0.21624335800309782
30,B,clean,pi_zero_soft,3,False,1.3001504467787401,0.3196361007738735,0,0,0.4250300484888475
30,B,clean,pi_zero_hard,3,False,1.2,0.3055994427715828,0,0,0.4116339200325736
30,B,clean,pi_oracle_state_soft,3,False,1.3001504467787401,0.3196361007738735,0,0,0.4250300484888475
30,B,clean,pi_source_state_soft,3,False,1.4751450915120166,0.3795936798726449,0,0,0.1565900178643122
30,A,brightness_dark,pi_zero_soft,3,True,1.08489866441006,0.27077457027007723,0,0,0.4697700535929367
30,A,brightness_dark,pi_zero_hard,3,True,1.1,0.29620923766515617,0,0,0.2660628570058754
30,A,brightness_dark,pi_oracle_state_soft,3,True,1.2704788643930354,0.3124466648455526,0,0,0.4250300484888475
30,A,brightness_dark,pi_source_state_soft,3,True,1.2704788643930354,0.3124466648455526,0,0,0.4250300484888475
30,B,brightness_dark,pi_zero_soft,3,True,1.08489866441006,0.27077457027007723,0,0,0.4697700535929367
30,B,brightness_dark,pi_zero_hard,3,True,1.1,0.29620923766515617,0,0,0.2660628570058754
30,B,brightness_dark,pi_oracle_state_soft,3,True,1.2712645317094624,0.31262919828370905,0,0,0.4250300484888475
30,B,brightness_dark,pi_source_state_soft,3,True,1.2712645317094624,0.31262919828370905,0,0,0.4250300484888475
30,A,contrast_low,pi_zero_soft,3,True,1.225614137671779,0.29842089584114895,0,0,0.4548567185582403
30,A,contrast_low,pi_zero_hard,3,True,1.1,0.38123094930796986,0,0,0.15963771420352524
30,A,contrast_low,pi_oracle_state_soft,3,True,1.3633187547478673,0.3490714752971269,0,0,0.36537670835006186
30,A,contrast_low,pi_source_state_soft,3,True,1.3633187547478673,0.3490714752971269,0,0,0.36537670835006186
30,B,contrast_low,pi_zero_soft,3,True,1.225614137671779,0.29842089584114895,0,0,0.4548567185582403
30,B,contrast_low,pi_zero_hard,3,True,1.1,0.38123094930796986,0,0,0.15963771420352524
30,B,contrast_low,pi_oracle_state_soft,3,True,1.373427392109723,0.3520923039144579,0,0,0.36537670835006186
30,B,contrast_low,pi_source_state_soft,3,True,1.373427392109723,0.3520923039144579,0,0,0.36537670835006186
30,A,gaussian_noise,pi_zero_soft,3,True,1.4475725734570757,0.3737435215657867,0,0,0.21624335800309782
30,A,gaussian_noise,pi_zero_hard,3,True,1.5,0.46503238414951675,0,0,-0.042165951046273416
30,A,gaussian_noise,pi_oracle_state_soft,3,True,1.3332019713092138,0.3339273933603406,0,0,0.36537670835006186
30,A,gaussian_noise,pi_source_state_soft,3,True,1.3332019713092138,0.3339273933603406,0,0,0.36537670835006186
30,B,gaussian_noise,pi_zero_soft,3,True,1.4475725734570757,0.3737435215657867,0,0,0.21624335800309782
30,B,gaussian_noise,pi_zero_hard,3,True,1.5,0.46503238414951675,0,0,-0.042165951046273416
30,B,gaussian_noise,pi_oracle_state_soft,3,True,1.3394300353999413,0.3359472028223207,0,0,0.36537670835006186
30,B,gaussian_noise,pi_source_state_soft,3,True,1.3394300353999413,0.3359472028223207,0,0,0.36537670835006186
30,A,gaussian_blur,pi_zero_soft,3,True,1.2593593709862534,0.3036403623434072,0,0,0.39520337841945463
30,A,gaussian_blur,pi_zero_hard,3,True,1.2000000000000002,0.33524657087832166,0,0,0.48623853211009177
30,A,gaussian_blur,pi_oracle_state_soft,3,True,1.3580004157460284,0.3423885899004133,0,0,0.36537670835006186
30,A,gaussian_blur,pi_source_state_soft,3,True,1.3580004157460284,0.3423885899004133,0,0,0.36537670835006186
30,B,gaussian_blur,pi_zero_soft,3,True,1.2593593709862534,0.3036403623434072,0,0,0.39520337841945463
30,B,gaussian_blur,pi_zero_hard,3,True,1.2000000000000002,0.33524657087832166,0,0,0.48623853211009177
30,B,gaussian_blur,pi_oracle_state_soft,3,True,1.3625256364260758,0.34415171683932955,0,0,0.36537670835006186
30,B,gaussian_blur,pi_source_state_soft,3,True,1.3625256364260758,0.34415171683932955,0,0,0.36537670835006186
31,A,clean,pi_zero_soft,1,True,1.0075212273676857,0.2178320124361407,1,1,0.5222329678670935
31,A,clean,pi_zero_hard,1,True,0.39999999999999997,0.07488176162235427,1,1,0.6425294053171791
31,A,clean,pi_oracle_state_soft,1,True,1.0075212273676857,0.2178320124361407,1,1,0.5222329678670935
31,A,clean,pi_source_state_soft,1,True,1.0075212273676857,0.2178320124361407,1,1,0.5222329678670935
31,B,clean,pi_zero_soft,1,True,1.0075212273676857,0.2178320124361407,1,1,0.5222329678670935
31,B,clean,pi_zero_hard,1,True,0.39999999999999997,0.07488176162235427,1,1,0.6425294053171791
31,B,clean,pi_oracle_state_soft,1,True,1.0075212273676857,0.2178320124361407,1,1,0.5222329678670935
31,B,clean,pi_source_state_soft,1,True,1.0075212273676857,0.2178320124361407,1,1,0.5222329678670935
31,A,brightness_dark,pi_zero_soft,1,True,1.6904837314186132,0.46568661132906053,0,0,0.40618119722996154
31,A,brightness_dark,pi_zero_hard,1,True,1.8,0.5255973270178644,0,0,0.2624997436527193
31,A,brightness_dark,pi_oracle_state_soft,1,True,1.096775168598195,0.24315704443621622,1,1,0.5222329678670935
31,A,brightness_dark,pi_source_state_soft,1,True,1.096775168598195,0.24315704443621622,1,1,0.5222329678670935
31,B,brightness_dark,pi_zero_soft,1,True,1.6904837314186132,0.46568661132906053,0,0,0.40618119722996154
31,B,brightness_dark,pi_zero_hard,1,True,1.8,0.5255973270178644,0,0,0.2624997436527193
31,B,brightness_dark,pi_oracle_state_soft,1,True,1.0880923380741192,0.24062967098501975,1,1,0.5222329678670935
31,B,brightness_dark,pi_source_state_soft,1,True,1.0880923380741192,0.24062967098501975,1,1,0.5222329678670935
31,A,contrast_low,pi_zero_soft,1,True,1.464531722210448,0.3663693797529517,1,1,0.5222329678670935
31,A,contrast_low,pi_zero_hard,1,True,0.9,0.1890944338805044,1,1,0.6425294053171791
31,A,contrast_low,pi_oracle_state_soft,1,True,1.0997993056578907,0.24404066768501986,1,1,0.5222329678670935
31,A,contrast_low,pi_source_state_soft,1,True,1.0997993056578907,0.24404066768501986,1,1,0.5222329678670935
31,B,contrast_low,pi_zero_soft,1,True,1.464531722210448,0.3663693797529517,1,1,0.5222329678670935
31,B,contrast_low,pi_zero_hard,1,True,0.9,0.1890944338805044,1,1,0.6425294053171791
31,B,contrast_low,pi_oracle_state_soft,1,True,1.1220087520242692,0.2505842217333293,1,1,0.5222329678670935
31,B,contrast_low,pi_source_state_soft,1,True,1.1220087520242692,0.2505842217333293,1,1,0.5222329678670935
31,A,gaussian_noise,pi_zero_soft,1,True,1.0184643955439023,0.22086150397124138,1,1,0.5222329678670935
31,A,gaussian_noise,pi_zero_hard,1,True,0.5,0.09560258894703261,1,1,0.7453559924999299
31,A,gaussian_noise,pi_oracle_state_soft,1,True,0.9887733605804291,0.21268857436148259,1,1,0.5222329678670935
31,A,gaussian_noise,pi_source_state_soft,1,True,0.9887733605804291,0.21268857436148259,1,1,0.5222329678670935
31,B,gaussian_noise,pi_zero_soft,1,True,1.0184643955439023,0.22086150397124138,1,1,0.5222329678670935
31,B,gaussian_noise,pi_zero_hard,1,True,0.5,0.09560258894703261,1,1,0.7453559924999299
31,B,gaussian_noise,pi_oracle_state_soft,1,True,0.9980227828678899,0.21521883107548,1,1,0.5222329678670935
31,B,gaussian_noise,pi_source_state_soft,1,True,0.9980227828678899,0.21521883107548,1,1,0.5222329678670935
31,A,gaussian_blur,pi_zero_soft,1,True,1.1417698003684356,0.25648837416689363,1,1,0.5222329678670935
31,A,gaussian_blur,pi_zero_hard,1,True,0.5,0.09560258894703261,1,1,0.5906244232186183
31,A,gaussian_blur,pi_oracle_state_soft,1,True,1.0689347732404233,0.23510330754234154,1,1,0.5222329678670935
31,A,gaussian_blur,pi_source_state_soft,1,True,1.0689347732404233,0.23510330754234154,1,1,0.5222329678670935
31,B,gaussian_blur,pi_zero_soft,1,True,1.1417698003684356,0.25648837416689363,1,1,0.5222329678670935
31,B,gaussian_blur,pi_zero_hard,1,True,0.5,0.09560258894703261,1,1,0.5906244232186183
31,B,gaussian_blur,pi_oracle_state_soft,1,True,1.0694402113656183,0.23524823903263448,1,1,0.5222329678670935
31,B,gaussian_blur,pi_source_state_soft,1,True,1.0694402113656183,0.23524823903263448,1,1,0.5222329678670935
32,A,clean,pi_zero_soft,4,True,0.9025948603728113,0.21758075800276622,0,0,0.21334770066562783
32,A,clean,pi_zero_hard,4,True,1.1,0.28336938313519533,0,0,0.19406786870148715
32,A,clean,pi_oracle_state_soft,4,True,0.9025948603728113,0.21758075800276622,0,0,0.21334770066562783
32,A,clean,pi_source_state_soft,4,True,0.9025948603728113,0.21758075800276622,0,0,0.21334770066562783
32,B,clean,pi_zero_soft,4,True,0.9025948603728113,0.21758075800276622,0,0,0.21334770066562783
32,B,clean,pi_zero_hard,4,True,1.1,0.28336938313519533,0,0,0.19406786870148715
32,B,clean,pi_oracle_state_soft,4,True,0.9025948603728113,0.21758075800276622,0,0,0.21334770066562783
32,B,clean,pi_source_state_soft,4,True,0.9025948603728113,0.21758075800276622,0,0,0.21334770066562783
32,A,brightness_dark,pi_zero_soft,4,True,1.1745785680489826,0.2570494050429839,0,0,0.09697622757528537
32,A,brightness_dark,pi_zero_hard,4,True,1.6,0.43254719340922887,0,0,0.10340608651453044
32,A,brightness_dark,pi_oracle_state_soft,4,True,0.9163049918324444,0.221828047182959,0,0,0.27799851904915146
32,A,brightness_dark,pi_source_state_soft,4,True,0.9163049918324444,0.221828047182959,0,0,0.27799851904915146
32,B,brightness_dark,pi_zero_soft,4,True,1.1745785680489826,0.2570494050429839,0,0,0.09697622757528537
32,B,brightness_dark,pi_zero_hard,4,True,1.6,0.43254719340922887,0,0,0.10340608651453044
32,B,brightness_dark,pi_oracle_state_soft,4,True,0.9118451907274472,0.22035742858402285,0,0,0.27799851904915146
32,B,brightness_dark,pi_source_state_soft,4,True,0.9118451907274472,0.22035742858402285,0,0,0.27799851904915146
32,A,contrast_low,pi_zero_soft,4,True,0.9894297156678872,0.19642008012720402,0,0,0.5107414652298363
32,A,contrast_low,pi_zero_hard,4,True,1.5,0.3675919365395641,0,0,0.35096384641666406
32,A,contrast_low,pi_oracle_state_soft,4,True,0.8919061261193418,0.22203974120423742,0,0,0.21334770066562783
32,A,contrast_low,pi_source_state_soft,4,True,0.8919061261193418,0.22203974120423742,0,0,0.21334770066562783
32,B,contrast_low,pi_zero_soft,4,True,0.9894297156678872,0.19642008012720402,0,0,0.5107414652298363
32,B,contrast_low,pi_zero_hard,4,True,1.5,0.3675919365395641,0,0,0.35096384641666406
32,B,contrast_low,pi_oracle_state_soft,4,True,0.9145111787995706,0.23102252934481626,0,0,0.14869688228210426
32,B,contrast_low,pi_source_state_soft,4,True,0.9145111787995706,0.23102252934481626,0,0,0.14869688228210426
32,A,gaussian_noise,pi_zero_soft,4,True,1.0161289860222367,0.263505788187977,0,0,0.16162704595880897
32,A,gaussian_noise,pi_zero_hard,4,True,1.1,0.30906051622368036,0,0,0.13471755760359808
32,A,gaussian_noise,pi_oracle_state_soft,4,True,0.9092957969351804,0.2196360896923264,0,0,0.21334770066562783
32,A,gaussian_noise,pi_source_state_soft,4,True,0.9092957969351804,0.2196360896923264,0,0,0.21334770066562783
32,B,gaussian_noise,pi_zero_soft,4,True,1.0161289860222367,0.263505788187977,0,0,0.16162704595880897
32,B,gaussian_noise,pi_zero_hard,4,True,1.1,0.30906051622368036,0,0,0.13471755760359808
32,B,gaussian_noise,pi_oracle_state_soft,4,True,0.9138039849960956,0.2233653167704841,0,0,0.21334770066562783
32,B,gaussian_noise,pi_source_state_soft,4,True,0.9138039849960956,0.2233653167704841,0,0,0.21334770066562783
32,A,gaussian_blur,pi_zero_soft,4,True,0.872621967953201,0.19524452696297434,0,0,0.45902081052301746
32,A,gaussian_blur,pi_zero_hard,4,True,1.1,0.2989062243737859,0,0,0.08616076077126703
32,A,gaussian_blur,pi_oracle_state_soft,4,True,0.9341844973095049,0.23643372864470225,0,0,0.16162704595880897
32,A,gaussian_blur,pi_source_state_soft,4,True,0.9341844973095049,0.23643372864470225,0,0,0.16162704595880897
32,B,gaussian_blur,pi_zero_soft,4,True,0.872621967953201,0.19524452696297434,0,0,0.45902081052301746
32,B,gaussian_blur,pi_zero_hard,4,True,1.1,0.2989062243737859,0,0,0.08616076077126703
32,B,gaussian_blur,pi_oracle_state_soft,4,True,0.9433773214041974,0.23887792142858544,0,0,0.16162704595880897
32,B,gaussian_blur,pi_source_state_soft,4,True,0.9433773214041974,0.23887792142858544,0,0,0.16162704595880897
33,A,clean,pi_zero_soft,2,True,1.5705462690694312,0.4106541153028369,0,0,0.12109983575845912
33,A,clean,pi_zero_hard,2,True,1.6,0.425559122195069,0,0,0.20395553714172568
33,A,clean,pi_oracle_state_soft,2,True,1.5705462690694312,0.4106541153028369,0,0,0.12109983575845912
33,A,clean,pi_source_state_soft,2,True,1.5705462690694312,0.4106541153028369,0,0,0.12109983575845912
33,B,clean,pi_zero_soft,2,True,1.5705462690694312,0.4106541153028369,0,0,0.12109983575845912
33,B,clean,pi_zero_hard,2,True,1.6,0.425559122195069,0,0,0.20395553714172568
33,B,clean,pi_oracle_state_soft,2,True,1.5705462690694312,0.4106541153028369,0,0,0.12109983575845912
33,B,clean,pi_source_state_soft,2,True,1.5705462690694312,0.4106541153028369,0,0,0.12109983575845912
33,A,brightness_dark,pi_zero_soft,2,True,1.603867118615354,0.42610702807891965,0,0,-0.03459995307384547
33,A,brightness_dark,pi_zero_hard,2,True,1.5999999999999996,0.43751800809102914,0,0,0.26606285700587545
33,A,brightness_dark,pi_oracle_state_soft,2,True,1.5528465544528638,0.4032687807462003,0,0,0.21624970671153415
33,A,brightness_dark,pi_source_state_soft,2,True,1.5528465544528638,0.4032687807462003,0,0,0.21624970671153415
33,B,brightness_dark,pi_zero_soft,2,True,1.603867118615354,0.42610702807891965,0,0,-0.03459995307384547
33,B,brightness_dark,pi_zero_hard,2,True,1.5999999999999996,0.43751800809102914,0,0,0.26606285700587545
33,B,brightness_dark,pi_oracle_state_soft,2,True,1.5432023091024711,0.3991073827315821,0,0,0.21624970671153415
33,B,brightness_dark,pi_source_state_soft,2,True,1.5432023091024711,0.3991073827315821,0,0,0.21624970671153415
33,A,contrast_low,pi_zero_soft,2,True,1.666039083795668,0.45456495732051194,0,0,0.043249941342306836
33,A,contrast_low,pi_zero_hard,2,True,1.9,0.5965955607305631,0,0,0.14899519992329022
33,A,contrast_low,pi_oracle_state_soft,2,True,1.5919825037382267,0.4221963085688558,0,0,0.12109983575845912
33,A,contrast_low,pi_source_state_soft,2,True,1.5919825037382267,0.4221963085688558,0,0,0.12109983575845912
33,B,contrast_low,pi_zero_soft,2,True,1.666039083795668,0.45456495732051194,0,0,0.043249941342306836
33,B,contrast_low,pi_zero_hard,2,True,1.9,0.5965955607305631,0,0,0.14899519992329022
33,B,contrast_low,pi_oracle_state_soft,2,True,1.610733470665775,0.429947332561462,0,0,0.0259499648053841
33,B,contrast_low,pi_source_state_soft,2,True,1.610733470665775,0.429947332561462,0,0,0.0259499648053841
33,A,gaussian_noise,pi_zero_soft,2,True,1.6069217766823511,0.42599436272276225,0,0,0.12109983575845912
33,A,gaussian_noise,pi_zero_hard,2,True,1.7000000000000002,0.4817926366569498,0,0,-0.09494198685663525
33,A,gaussian_noise,pi_oracle_state_soft,2,True,1.5672913678989593,0.4090541576205784,0,0,0.12109983575845912
33,A,gaussian_noise,pi_source_state_soft,2,True,1.5672913678989593,0.4090541576205784,0,0,0.12109983575845912
33,B,gaussian_noise,pi_zero_soft,2,True,1.6069217766823511,0.42599436272276225,0,0,0.12109983575845912
33,B,gaussian_noise,pi_zero_hard,2,True,1.7000000000000002,0.4817926366569498,0,0,-0.09494198685663525
33,B,gaussian_noise,pi_oracle_state_soft,2,True,1.5659465456682216,0.4082864137113231,0,0,0.12109983575845912
33,B,gaussian_noise,pi_source_state_soft,2,True,1.5659465456682216,0.4082864137113231,0,0,0.12109983575845912
33,A,gaussian_blur,pi_zero_soft,2,True,1.5738364736445505,0.41145604452761564,0,0,0.043249941342306836
33,A,gaussian_blur,pi_zero_hard,2,True,1.5999999999999999,0.43751800809102914,0,0,0.0462962962962963
33,A,gaussian_blur,pi_oracle_state_soft,2,True,1.5627917896136059,0.40667378009920774,0,0,0.043249941342306836
33,A,gaussian_blur,pi_source_state_soft,2,True,1.5627917896136059,0.40667378009920774,0,0,0.043249941342306836
33,B,gaussian_blur,pi_zero_soft,2,True,1.5738364736445505,0.41145604452761564,0,0,0.043249941342306836
33,B,gaussian_blur,pi_zero_hard,2,True,1.5999999999999999,0.43751800809102914,0,0,0.0462962962962963
33,B,gaussian_blur,pi_oracle_state_soft,2,True,1.562953451420511,0.40672787391042076,0,0,0.043249941342306836
33,B,gaussian_blur,pi_source_state_soft,2,True,1.562953451420511,0.40672787391042076,0,0,0.043249941342306836
34,A,clean,pi_zero_soft,3,True,1.2676771376536604,0.3271736720846079,0,0,0.5443367287664187
34,A,clean,pi_zero_hard,3,True,1.3,0.35038405739880263,0,0,0.4374872890999365
34,A,clean,pi_oracle_state_soft,3,True,1.2676771376536604,0.3271736720846079,0,0,0.5443367287664187
34,A,clean,pi_source_state_soft,3,True,1.2676771376536604,0.3271736720846079,0,0,0.5443367287664187
34,B,clean,pi_zero_soft,3,True,1.2676771376536604,0.3271736720846079,0,0,0.5443367287664187
34,B,clean,pi_zero_hard,3,True,1.3,0.35038405739880263,0,0,0.4374872890999365
34,B,clean,pi_oracle_state_soft,3,True,1.2676771376536604,0.3271736720846079,0,0,0.5443367287664187
34,B,clean,pi_source_state_soft,3,True,1.2676771376536604,0.3271736720846079,0,0,0.5443367287664187
34,A,brightness_dark,pi_zero_soft,3,True,1.3192159616276269,0.29749030611563687,0,0,0.5294233937317222
34,A,brightness_dark,pi_zero_hard,3,True,1.7,0.4859700760019068,0,0,0.2660628570058754
34,A,brightness_dark,pi_oracle_state_soft,3,True,1.2731222922972458,0.32859462687482766,0,0,0.4548567185582403
34,A,brightness_dark,pi_source_state_soft,3,True,1.2731222922972458,0.32859462687482766,0,0,0.4548567185582403
34,B,brightness_dark,pi_zero_soft,3,True,1.3192159616276269,0.29749030611563687,0,0,0.5294233937317222
34,B,brightness_dark,pi_zero_hard,3,True,1.7,0.4859700760019068,0,0,0.2660628570058754
34,B,brightness_dark,pi_oracle_state_soft,3,True,1.2680571692204416,0.3258497415920798,0,0,0.4548567185582403
34,B,brightness_dark,pi_source_state_soft,3,True,1.2680571692204416,0.3258497415920798,0,0,0.4548567185582403
34,A,contrast_low,pi_zero_soft,3,True,1.35931723654859,0.3455992327306403,0,0,0.43994338352354384
34,A,contrast_low,pi_zero_hard,3,True,1.5,0.44197951880827036,0,0,0.4311926605504588
34,A,contrast_low,pi_oracle_state_soft,3,True,1.2941730582131326,0.34590449033522397,0,0,0.4548567185582403
34,A,contrast_low,pi_source_state_soft,3,True,1.2941730582131326,0.34590449033522397,0,0,0.4548567185582403
34,B,contrast_low,pi_zero_soft,3,True,1.35931723654859,0.3455992327306403,0,0,0.43994338352354384
34,B,contrast_low,pi_zero_hard,3,True,1.5,0.44197951880827036,0,0,0.4311926605504588
34,B,contrast_low,pi_oracle_state_soft,3,True,1.3008415919688832,0.3513180023357063,0,0,0.39520337841945463
34,B,contrast_low,pi_source_state_soft,3,True,1.3008415919688832,0.3513180023357063,0,0,0.39520337841945463
34,A,gaussian_noise,pi_zero_soft,3,True,1.2876633102649828,0.3424872965652359,0,0,0.3057233682112762
34,A,gaussian_noise,pi_zero_hard,3,True,1.4,0.38576651734522804,0,0,0.3507605893892816
34,A,gaussian_noise,pi_oracle_state_soft,3,True,1.2489154055839482,0.3186648285435105,0,0,0.5443367287664187
34,A,gaussian_noise,pi_source_state_soft,3,True,1.2489154055839482,0.3186648285435105,0,0,0.5443367287664187
34,B,gaussian_noise,pi_zero_soft,3,True,1.2876633102649828,0.3424872965652359,0,0,0.3057233682112762
34,B,gaussian_noise,pi_zero_hard,3,True,1.4,0.38576651734522804,0,0,0.3507605893892816
34,B,gaussian_noise,pi_oracle_state_soft,3,True,1.2425044814610748,0.31705240014042135,0,0,0.5443367287664187
34,B,gaussian_noise,pi_source_state_soft,3,True,1.2425044814610748,0.31705240014042135,0,0,0.5443367287664187
34,A,gaussian_blur,pi_zero_soft,3,True,1.2448360775840945,0.31364400192738406,0,0,0.5741633988358115
34,A,gaussian_blur,pi_zero_hard,3,True,1.4,0.36917882898789056,0,0,0.5347863425818096
34,A,gaussian_blur,pi_oracle_state_soft,3,True,1.26428500043942,0.32928216615541417,0,0,0.5443367287664187
34,A,gaussian_blur,pi_source_state_soft,3,True,1.26428500043942,0.32928216615541417,0,0,0.5443367287664187
34,B,gaussian_blur,pi_zero_soft,3,True,1.2448360775840945,0.31364400192738406,0,0,0.5741633988358115
34,B,gaussian_blur,pi_zero_hard,3,True,1.4,0.36917882898789056,0,0,0.5347863425818096
34,B,gaussian_blur,pi_oracle_state_soft,3,True,1.2661783603251076,0.3309006468912583,0,0,0.5443367287664187
34,B,gaussian_blur,pi_source_state_soft,3,True,1.2661783603251076,0.3309006468912583,0,0,0.5443367287664187
35,A,clean,pi_zero_soft,3,True,0.3377337206652679,0.06614276942048947,0,0,0.683349073208448
35,A,clean,pi_zero_hard,3,True,0.20000000000000007,0.00500836684635686,0,0,0.9753086419753086
35,A,clean,pi_oracle_state_soft,3,True,0.3377337206652679,0.06614276942048947,0,0,0.683349073208448
35,A,clean,pi_source_state_soft,3,True,0.3377337206652679,0.06614276942048947,0,0,0.683349073208448
35,B,clean,pi_zero_soft,3,True,0.3377337206652679,0.06614276942048947,0,0,0.683349073208448
35,B,clean,pi_zero_hard,3,True,0.20000000000000007,0.00500836684635686,0,0,0.9753086419753086
35,B,clean,pi_oracle_state_soft,3,True,0.3377337206652679,0.06614276942048947,0,0,0.683349073208448
35,B,clean,pi_source_state_soft,3,True,0.3377337206652679,0.06614276942048947,0,0,0.683349073208448
35,A,brightness_dark,pi_zero_soft,3,True,1.283930231243489,0.30493477037705463,0,0,0.5103493078392206
35,A,brightness_dark,pi_zero_hard,3,True,1.1,0.24756419486772896,0,0,0.5749602571012747
35,A,brightness_dark,pi_oracle_state_soft,3,True,0.39371794030956325,0.07347354104932569,0,0,0.683349073208448
35,A,brightness_dark,pi_source_state_soft,3,True,0.39371794030956325,0.07347354104932569,0,0,0.683349073208448
35,B,brightness_dark,pi_zero_soft,3,True,1.283930231243489,0.30493477037705463,0,0,0.5103493078392206
35,B,brightness_dark,pi_zero_hard,3,True,1.1,0.24756419486772896,0,0,0.5749602571012747
35,B,brightness_dark,pi_oracle_state_soft,3,True,0.3856604108485559,0.07304377920741123,0,0,0.683349073208448
35,B,brightness_dark,pi_source_state_soft,3,True,0.3856604108485559,0.07304377920741123,0,0,0.683349073208448
35,A,contrast_low,pi_zero_soft,3,True,1.303410987077223,0.31811625193128634,1,1,0.4670993664969138
35,A,contrast_low,pi_zero_hard,3,True,0.9000000000000001,0.21868946261224587,1,1,0.6139406135149206
35,A,contrast_low,pi_oracle_state_soft,3,True,0.5535689263124187,0.10724522230057376,1,1,0.7006490497453707
35,A,contrast_low,pi_source_state_soft,3,True,0.5535689263124187,0.10724522230057376,1,1,0.7006490497453707
35,B,contrast_low,pi_zero_soft,3,True,1.303410987077223,0.31811625193128634,1,1,0.4670993664969138
35,B,contrast_low,pi_zero_hard,3,True,0.9000000000000001,0.21868946261224587,1,1,0.6139406135149206
35,B,contrast_low,pi_oracle_state_soft,3,True,0.5177483446668555,0.10045418425158181,0,0,0.683349073208448
35,B,contrast_low,pi_source_state_soft,3,True,0.5177483446668555,0.10045418425158181,0,0,0.683349073208448
35,A,gaussian_noise,pi_zero_soft,3,True,0.444695243276173,0.06203287904281263,0,0,0.683349073208448
35,A,gaussian_noise,pi_zero_hard,3,True,0.5,0.032353050846542386,0,0,0.9753086419753086
35,A,gaussian_noise,pi_oracle_state_soft,3,True,0.3834780836550535,0.07439010801913559,0,0,0.683349073208448
35,A,gaussian_noise,pi_source_state_soft,3,True,0.3834780836550535,0.07439010801913559,0,0,0.683349073208448
35,B,gaussian_noise,pi_zero_soft,3,True,0.444695243276173,0.06203287904281263,0,0,0.683349073208448
35,B,gaussian_noise,pi_zero_hard,3,True,0.5,0.032353050846542386,0,0,0.9753086419753086
35,B,gaussian_noise,pi_oracle_state_soft,3,True,0.3876327958336473,0.07536631201551836,0,0,0.683349073208448
35,B,gaussian_noise,pi_source_state_soft,3,True,0.3876327958336473,0.07536631201551836,0,0,0.683349073208448
35,A,gaussian_blur,pi_zero_soft,3,True,0.6691861876218393,0.13322082902252852,1,1,0.7006490497453707
35,A,gaussian_blur,pi_zero_hard,3,True,0.3,0.04275182622816509,1,1,0.7924058156930615
35,A,gaussian_blur,pi_oracle_state_soft,3,True,0.3915499401823414,0.07839932555790385,0,0,0.683349073208448
35,A,gaussian_blur,pi_source_state_soft,3,True,0.3915499401823414,0.07839932555790385,0,0,0.683349073208448
35,B,gaussian_blur,pi_zero_soft,3,True,0.6691861876218393,0.13322082902252852,1,1,0.7006490497453707
35,B,gaussian_blur,pi_zero_hard,3,True,0.3,0.04275182622816509,1,1,0.7924058156930615
35,B,gaussian_blur,pi_oracle_state_soft,3,True,0.3951577528460852,0.07685045877287933,0,0,0.683349073208448
35,B,gaussian_blur,pi_source_state_soft,3,True,0.3951577528460852,0.07685045877287933,0,0,0.683349073208448
36,A,clean,pi_zero_soft,4,True,1.4623950029080328,0.38074170470516555,0,0,-0.11718243393372539
36,A,clean,pi_zero_hard,4,True,1.6,0.4845254747230441,0,0,0.024390391958540144
36,A,clean,pi_oracle_state_soft,4,True,1.4623950029080328,0.38074170470516555,0,0,-0.11718243393372539
36,A,clean,pi_source_state_soft,4,True,1.4623950029080328,0.38074170470516555,0,0,-0.11718243393372539
36,B,clean,pi_zero_soft,4,True,1.4623950029080328,0.38074170470516555,0,0,-0.11718243393372539
36,B,clean,pi_zero_hard,4,True,1.6,0.4845254747230441,0,0,0.024390391958540144
36,B,clean,pi_oracle_state_soft,4,True,1.4623950029080328,0.38074170470516555,0,0,-0.11718243393372539
36,B,clean,pi_source_state_soft,4,True,1.4623950029080328,0.38074170470516555,0,0,-0.11718243393372539
36,A,brightness_dark,pi_zero_soft,4,True,1.6572417494033576,0.47838140731377,0,0,-0.631483116198409
36,A,brightness_dark,pi_zero_hard,4,True,1.8,0.5891751034759536,0,0,0.03203898311963843
36,A,brightness_dark,pi_oracle_state_soft,4,True,1.4620645478409655,0.38217242377612015,0,0,-0.23436486786745078
36,A,brightness_dark,pi_source_state_soft,4,True,1.4620645478409655,0.38217242377612015,0,0,-0.23436486786745078
36,B,brightness_dark,pi_zero_soft,4,True,1.6572417494033576,0.47838140731377,0,0,-0.631483116198409
36,B,brightness_dark,pi_zero_hard,4,True,1.8,0.5891751034759536,0,0,0.03203898311963843
36,B,brightness_dark,pi_oracle_state_soft,4,True,1.4624035350587499,0.38280542252962957,0,0,-0.23436486786745078
36,B,brightness_dark,pi_source_state_soft,4,True,1.4624035350587499,0.38280542252962957,0,0,-0.23436486786745078
36,A,contrast_low,pi_zero_soft,4,True,1.6619293564648947,0.47222416286203006,0,0,-0.7096047388208926
36,A,contrast_low,pi_zero_hard,4,True,1.9000000000000004,0.6146599589952632,0,0,-0.3203898311963843
36,A,contrast_low,pi_oracle_state_soft,4,True,1.5081830269126666,0.41809948220658044,0,0,-0.32550676092701497
36,A,contrast_low,pi_source_state_soft,4,True,1.5081830269126666,0.41809948220658044,0,0,-0.32550676092701497
36,B,contrast_low,pi_zero_soft,4,True,1.6619293564648947,0.47222416286203006,0,0,-0.7096047388208926
36,B,contrast_low,pi_zero_hard,4,True,1.9000000000000004,0.6146599589952632,0,0,-0.3203898311963843
36,B,contrast_low,pi_oracle_state_soft,4,True,1.5081007506788104,0.41459899541210854,0,0,-0.2538952735230717
36,B,contrast_low,pi_source_state_soft,4,True,1.5081007506788104,0.41459899541210854,0,0,-0.2538952735230717
36,A,gaussian_noise,pi_zero_soft,4,True,1.4877541906323255,0.387920548593536,0,0,-0.11718243393372539
36,A,gaussian_noise,pi_zero_hard,4,True,1.7000000000000002,0.5021929300715016,0,0,-0.06944611899489488
36,A,gaussian_noise,pi_oracle_state_soft,4,True,1.4614828163272664,0.3838612139425104,0,0,-0.18879392133766867
36,A,gaussian_noise,pi_source_state_soft,4,True,1.4614828163272664,0.3838612139425104,0,0,-0.18879392133766867
36,B,gaussian_noise,pi_zero_soft,4,True,1.4877541906323255,0.387920548593536,0,0,-0.11718243393372539
36,B,gaussian_noise,pi_zero_hard,4,True,1.7000000000000002,0.5021929300715016,0,0,-0.06944611899489488
36,B,gaussian_noise,pi_oracle_state_soft,4,True,1.461660930267519,0.38402477170503246,0,0,-0.18879392133766867
36,B,gaussian_noise,pi_source_state_soft,4,True,1.461660930267519,0.38402477170503246,0,0,-0.18879392133766867
36,A,gaussian_blur,pi_zero_soft,4,True,1.4827332837330514,0.4052855136569655,0,0,-0.5143006822646836
36,A,gaussian_blur,pi_zero_hard,4,True,1.7000000000000002,0.5389809032093658,0,0,-0.28241750004059724
36,A,gaussian_blur,pi_oracle_state_soft,4,True,1.4555146691198202,0.3772483652995424,0,0,-0.11718243393372539
36,A,gaussian_blur,pi_source_state_soft,4,True,1.4555146691198202,0.3772483652995424,0,0,-0.11718243393372539
36,B,gaussian_blur,pi_zero_soft,4,True,1.4827332837330514,0.4052855136569655,0,0,-0.5143006822646836
36,B,gaussian_blur,pi_zero_hard,4,True,1.7000000000000002,0.5389809032093658,0,0,-0.28241750004059724
36,B,gaussian_blur,pi_oracle_state_soft,4,True,1.4539013342527727,0.37538192843866436,0,0,-0.11718243393372539
36,B,gaussian_blur,pi_source_state_soft,4,True,1.4539013342527727,0.37538192843866436,0,0,-0.11718243393372539
37,A,clean,pi_zero_soft,3,True,1.4937780265543974,0.4098774733844024,0,0,0.0521966726214374
37,A,clean,pi_zero_hard,3,True,1.4,0.4474361255169832,0,0,0.19885785868178932
37,A,clean,pi_oracle_state_soft,3,True,1.4937780265543974,0.4098774733844024,0,0,0.0521966726214374
37,A,clean,pi_source_state_soft,3,True,1.4937780265543974,0.4098774733844024,0,0,0.0521966726214374
37,B,clean,pi_zero_soft,3,True,1.4937780265543974,0.4098774733844024,0,0,0.0521966726214374
37,B,clean,pi_zero_hard,3,True,1.4,0.4474361255169832,0,0,0.19885785868178932
37,B,clean,pi_oracle_state_soft,3,True,1.4937780265543974,0.4098774733844024,0,0,0.0521966726214374
37,B,clean,pi_source_state_soft,3,True,1.4937780265543974,0.4098774733844024,0,0,0.0521966726214374
37,A,brightness_dark,pi_zero_soft,3,True,1.274983453294177,0.3785055665303054,0,0,0.14167668282961582
37,A,brightness_dark,pi_zero_hard,3,True,1.3000000000000003,0.3251647265902251,0,0,0.5045871559633028
37,A,brightness_dark,pi_oracle_state_soft,3,True,1.534030923425585,0.4422322627715367,0,0,-0.0521966726214374
37,A,brightness_dark,pi_source_state_soft,3,True,1.534030923425585,0.4422322627715367,0,0,-0.0521966726214374
37,B,brightness_dark,pi_zero_soft,3,True,1.274983453294177,0.3785055665303054,0,0,0.14167668282961582
37,B,brightness_dark,pi_zero_hard,3,True,1.3000000000000003,0.3251647265902251,0,0,0.5045871559633028
37,B,brightness_dark,pi_oracle_state_soft,3,True,1.5341638883336524,0.44319494683300165,0,0,-0.0521966726214374
37,B,brightness_dark,pi_source_state_soft,3,True,1.5341638883336524,0.44319494683300165,0,0,-0.0521966726214374
37,A,contrast_low,pi_zero_soft,3,True,1.296723069968848,0.38778313586358926,0,0,0.14167668282961582
37,A,contrast_low,pi_zero_hard,3,True,1.3,0.35316785304546494,0,0,0.5045871559633028
37,A,contrast_low,pi_oracle_state_soft,3,True,1.510913853268417,0.42855562857425666,0,0,0.0820233426908302
37,A,contrast_low,pi_source_state_soft,3,True,1.510913853268417,0.42855562857425666,0,0,0.0820233426908302
37,B,contrast_low,pi_zero_soft,3,True,1.296723069968848,0.38778313586358926,0,0,0.14167668282961582
37,B,contrast_low,pi_zero_hard,3,True,1.3,0.35316785304546494,0,0,0.5045871559633028
37,B,contrast_low,pi_oracle_state_soft,3,True,1.520628015150743,0.4317758992045624,0,0,-0.007456667517348202
37,B,contrast_low,pi_source_state_soft,3,True,1.520628015150743,0.4317758992045624,0,0,-0.007456667517348202
37,A,gaussian_noise,pi_zero_soft,3,True,1.5577413704913594,0.4375783874680357,0,0,0.17150335289900864
37,A,gaussian_noise,pi_zero_hard,3,True,1.4000000000000001,0.44111933703659045,0,0,0.3394495412844037
37,A,gaussian_noise,pi_oracle_state_soft,3,True,1.4895465922218198,0.4089723108714154,0,0,0.0521966726214374
37,A,gaussian_noise,pi_source_state_soft,3,True,1.4895465922218198,0.4089723108714154,0,0,0.0521966726214374
37,B,gaussian_noise,pi_zero_soft,3,True,1.5577413704913594,0.4375783874680357,0,0,0.17150335289900864
37,B,gaussian_noise,pi_zero_hard,3,True,1.4000000000000001,0.44111933703659045,0,0,0.3394495412844037
37,B,gaussian_noise,pi_oracle_state_soft,3,True,1.495089714939776,0.4104022326215411,0,0,0.0521966726214374
37,B,gaussian_noise,pi_source_state_soft,3,True,1.495089714939776,0.4104022326215411,0,0,0.0521966726214374
37,A,gaussian_blur,pi_zero_soft,3,True,1.3848158079100958,0.3786398179456387,0,0,0.17150335289900864
37,A,gaussian_blur,pi_zero_hard,3,True,1.3,0.40125265452388836,0,0,0.3112935426968742
37,A,gaussian_blur,pi_oracle_state_soft,3,True,1.4881285730249134,0.406994286567842,0,0,0.27589669814188345
37,A,gaussian_blur,pi_source_state_soft,3,True,1.4881285730249134,0.406994286567842,0,0,0.27589669814188345
37,B,gaussian_blur,pi_zero_soft,3,True,1.3848158079100958,0.3786398179456387,0,0,0.17150335289900864
37,B,gaussian_blur,pi_zero_hard,3,True,1.3,0.40125265452388836,0,0,0.3112935426968742
37,B,gaussian_blur,pi_oracle_state_soft,3,True,1.493676155834538,0.40908242453205146,0,0,0.27589669814188345
37,B,gaussian_blur,pi_source_state_soft,3,True,1.493676155834538,0.40908242453205146,0,0,0.27589669814188345
38,A,clean,pi_zero_soft,1,True,1.0384771594285989,0.22645495356115886,1,1,0.5222329678670935
38,A,clean,pi_zero_hard,1,True,0.5999999999999999,0.117276936778544,1,1,0.5906244232186183
38,A,clean,pi_oracle_state_soft,1,True,1.0384771594285989,0.22645495356115886,1,1,0.5222329678670935
38,A,clean,pi_source_state_soft,1,True,1.0384771594285989,0.22645495356115886,1,1,0.5222329678670935
38,B,clean,pi_zero_soft,1,True,1.0384771594285989,0.22645495356115886,1,1,0.5222329678670935
38,B,clean,pi_zero_hard,1,True,0.5999999999999999,0.117276936778544,1,1,0.5906244232186183
38,B,clean,pi_oracle_state_soft,1,True,1.0384771594285989,0.22645495356115886,1,1,0.5222329678670935
38,B,clean,pi_source_state_soft,1,True,1.0384771594285989,0.22645495356115886,1,1,0.5222329678670935
38,A,brightness_dark,pi_zero_soft,1,True,1.7247681534085308,0.4833420041543386,0,0,0.2901294265928297
38,A,brightness_dark,pi_zero_hard,1,True,1.6,0.4228104552401626,0,0,0.4393920866735805
38,A,brightness_dark,pi_oracle_state_soft,1,True,1.1446594445944314,0.25735834870315066,1,1,0.5222329678670935
38,A,brightness_dark,pi_source_state_soft,1,True,1.1446594445944314,0.25735834870315066,1,1,0.5222329678670935
38,B,brightness_dark,pi_zero_soft,1,True,1.7247681534085308,0.4833420041543386,0,0,0.2901294265928297
38,B,brightness_dark,pi_zero_hard,1,True,1.6,0.4228104552401626,0,0,0.4393920866735805
38,B,brightness_dark,pi_oracle_state_soft,1,True,1.1357133417888803,0.254670491661661,1,1,0.5222329678670935
38,B,brightness_dark,pi_source_state_soft,1,True,1.1357133417888803,0.254670491661661,1,1,0.5222329678670935
38,A,contrast_low,pi_zero_soft,1,True,1.502542913382741,0.3814201270697244,1,1,0.5222329678670935
38,A,contrast_low,pi_zero_hard,1,True,1.2000000000000002,0.2743584685502653,0,0,0.49974509302447256
38,A,contrast_low,pi_oracle_state_soft,1,True,1.1832802334981458,0.2691529159233519,1,1,0.5222329678670935
38,A,contrast_low,pi_source_state_soft,1,True,1.1832802334981458,0.2691529159233519,1,1,0.5222329678670935
38,B,contrast_low,pi_zero_soft,1,True,1.502542913382741,0.3814201270697244,1,1,0.5222329678670935
38,B,contrast_low,pi_zero_hard,1,True,1.2000000000000002,0.2743584685502653,0,0,0.49974509302447256
38,B,contrast_low,pi_oracle_state_soft,1,True,1.2117116383870714,0.2780418503801687,1,1,0.5222329678670935
38,B,contrast_low,pi_source_state_soft,1,True,1.2117116383870714,0.2780418503801687,1,1,0.5222329678670935
38,A,gaussian_noise,pi_zero_soft,1,True,1.119285083637283,0.2497765622806256,1,1,0.5222329678670935
38,A,gaussian_noise,pi_zero_hard,1,True,0.7999999999999999,0.16389659003355972,1,1,0.5906244232186183
38,A,gaussian_noise,pi_oracle_state_soft,1,True,1.041408414325149,0.22728008081485218,1,1,0.5222329678670935
38,A,gaussian_noise,pi_source_state_soft,1,True,1.041408414325149,0.22728008081485218,1,1,0.5222329678670935
38,B,gaussian_noise,pi_zero_soft,1,True,1.119285083637283,0.2497765622806256,1,1,0.5222329678670935
38,B,gaussian_noise,pi_zero_hard,1,True,0.7999999999999999,0.16389659003355972,1,1,0.5906244232186183
38,B,gaussian_noise,pi_oracle_state_soft,1,True,1.0515521588775607,0.2301472025686524,1,1,0.5222329678670935
38,B,gaussian_noise,pi_source_state_soft,1,True,1.0515521588775607,0.2301472025686524,1,1,0.5222329678670935
38,A,gaussian_blur,pi_zero_soft,1,True,1.1248184509829802,0.2514189304073454,1,1,0.5222329678670935
38,A,gaussian_blur,pi_zero_hard,1,True,0.5,0.09560258894703261,1,1,0.5906244232186183
38,A,gaussian_blur,pi_oracle_state_soft,1,True,1.0890520322588562,0.24090831496275245,1,1,0.5222329678670935
38,A,gaussian_blur,pi_source_state_soft,1,True,1.0890520322588562,0.24090831496275245,1,1,0.5222329678670935
38,B,gaussian_blur,pi_zero_soft,1,True,1.1248184509829802,0.2514189304073454,1,1,0.5222329678670935
38,B,gaussian_blur,pi_zero_hard,1,True,0.5,0.09560258894703261,1,1,0.5906244232186183
38,B,gaussian_blur,pi_oracle_state_soft,1,True,1.0927802813745557,0.24199244952725807,1,1,0.5222329678670935
38,B,gaussian_blur,pi_source_state_soft,1,True,1.0927802813745557,0.24199244952725807,1,1,0.5222329678670935
39,A,clean,pi_zero_soft,1,True,1.371595426150984,0.3317286652370922,1,1,0.5222329678670935
39,A,clean,pi_zero_hard,1,True,0.7,0.14000312030209416,1,1,0.5883484054145521
39,A,clean,pi_oracle_state_soft,1,True,1.371595426150984,0.3317286652370922,1,1,0.5222329678670935
39,A,clean,pi_source_state_soft,1,True,1.371595426150984,0.3317286652370922,1,1,0.5222329678670935
39,B,clean,pi_zero_soft,1,True,1.371595426150984,0.3317286652370922,1,1,0.5222329678670935
39,B,clean,pi_zero_hard,1,True,0.7,0.14000312030209416,1,1,0.5883484054145521
39,B,clean,pi_oracle_state_soft,1,True,1.371595426150984,0.3317286652370922,1,1,0.5222329678670935
39,B,clean,pi_source_state_soft,1,True,1.371595426150984,0.3317286652370922,1,1,0.5222329678670935
39,A,brightness_dark,pi_zero_soft,1,True,1.1597352536962333,0.26192506417091277,1,1,0.5222329678670935
39,A,brightness_dark,pi_zero_hard,1,True,0.19999999999999998,0.035973756650148486,1,1,0.7453559924999299
39,A,brightness_dark,pi_oracle_state_soft,1,True,1.3970362170484338,0.3409294166541734,1,1,0.5222329678670935
39,A,brightness_dark,pi_source_state_soft,1,True,1.3970362170484338,0.3409294166541734,1,1,0.5222329678670935
39,B,brightness_dark,pi_zero_soft,1,True,1.1597352536962333,0.26192506417091277,1,1,0.5222329678670935
39,B,brightness_dark,pi_zero_hard,1,True,0.19999999999999998,0.035973756650148486,1,1,0.7453559924999299
39,B,brightness_dark,pi_oracle_state_soft,1,True,1.3953384606878416,0.34030911234317074,1,1,0.5222329678670935
39,B,brightness_dark,pi_source_state_soft,1,True,1.3953384606878416,0.34030911234317074,1,1,0.5222329678670935
39,A,contrast_low,pi_zero_soft,1,True,1.33087167162116,0.3174047880575598,1,1,0.5222329678670935
39,A,contrast_low,pi_zero_hard,1,True,0.5,0.09560258894703261,1,1,0.6425294053171791
39,A,contrast_low,pi_oracle_state_soft,1,True,1.4726131284096684,0.3695231100744074,1,1,0.5222329678670935
39,A,contrast_low,pi_source_state_soft,1,True,1.4726131284096684,0.3695231100744074,1,1,0.5222329678670935
39,B,contrast_low,pi_zero_soft,1,True,1.33087167162116,0.3174047880575598,1,1,0.5222329678670935
39,B,contrast_low,pi_zero_hard,1,True,0.5,0.09560258894703261,1,1,0.6425294053171791
39,B,contrast_low,pi_oracle_state_soft,1,True,1.4827565812045176,0.37351627394599585,1,1,0.5222329678670935
39,B,contrast_low,pi_source_state_soft,1,True,1.4827565812045176,0.37351627394599585,1,1,0.5222329678670935
39,A,gaussian_noise,pi_zero_soft,1,True,1.4894638967253386,0.376178381602821,1,1,0.5222329678670935
39,A,gaussian_noise,pi_zero_hard,1,True,1.0,0.2157615543388356,1,1,0.5883484054145521
39,A,gaussian_noise,pi_oracle_state_soft,1,True,1.4073324517440664,0.3447111090939694,1,1,0.5222329678670935
39,A,gaussian_noise,pi_source_state_soft,1,True,1.4073324517440664,0.3447111090939694,1,1,0.5222329678670935
39,B,gaussian_noise,pi_zero_soft,1,True,1.4894638967253386,0.376178381602821,1,1,0.5222329678670935
39,B,gaussian_noise,pi_zero_hard,1,True,1.0,0.2157615543388356,1,1,0.5883484054145521
39,B,gaussian_noise,pi_oracle_state_soft,1,True,1.4173938176137086,0.3484398581645456,1,1,0.5222329678670935
39,B,gaussian_noise,pi_source_state_soft,1,True,1.4173938176137086,0.3484398581645456,1,1,0.5222329678670935
39,A,gaussian_blur,pi_zero_soft,1,True,1.2970037835501822,0.30584772605641475,1,1,0.5222329678670935
39,A,gaussian_blur,pi_zero_hard,1,True,0.6,0.11727693677854412,1,1,0.6425294053171791
39,A,gaussian_blur,pi_oracle_state_soft,1,True,1.415972524743265,0.34791110197039243,1,1,0.5222329678670935
39,A,gaussian_blur,pi_source_state_soft,1,True,1.415972524743265,0.34791110197039243,1,1,0.5222329678670935
39,B,gaussian_blur,pi_zero_soft,1,True,1.2970037835501822,0.30584772605641475,1,1,0.5222329678670935
39,B,gaussian_blur,pi_zero_hard,1,True,0.6,0.11727693677854412,1,1,0.6425294053171791
39,B,gaussian_blur,pi_oracle_state_soft,1,True,1.4230856625351014,0.35056411287578904,1,1,0.5222329678670935
39,B,gaussian_blur,pi_source_state_soft,1,True,1.4230856625351014,0.35056411287578904,1,1,0.5222329678670935
40,A,clean,pi_zero_soft,1,True,1.9287019424762146,0.6155811365073488,0,0,-0.1740776559556978
40,A,clean,pi_zero_hard,1,True,2.0,0.6931471805599454,0,0,-0.21417646843905966
40,A,clean,pi_oracle_state_soft,1,True,1.9287019424762146,0.6155811365073488,0,0,-0.1740776559556978
40,A,clean,pi_source_state_soft,1,True,1.9287019424762146,0.6155811365073488,0,0,-0.1740776559556978
40,B,clean,pi_zero_soft,1,True,1.9287019424762146,0.6155811365073488,0,0,-0.1740776559556978
40,B,clean,pi_zero_hard,1,True,2.0,0.6931471805599454,0,0,-0.21417646843905966
40,B,clean,pi_oracle_state_soft,1,True,1.9287019424762146,0.6155811365073488,0,0,-0.1740776559556978
40,B,clean,pi_source_state_soft,1,True,1.9287019424762146,0.6155811365073488,0,0,-0.1740776559556978
40,A,brightness_dark,pi_zero_soft,1,True,1.9622021649702373,0.6461073863066049,0,0,-0.40618119722996154
40,A,brightness_dark,pi_zero_hard,1,True,2.0,0.6931471805599454,0,0,-0.2614881801842454
40,A,brightness_dark,pi_oracle_state_soft,1,True,1.9441168094769954,0.6290005245718249,0,0,-0.1740776559556978
40,A,brightness_dark,pi_source_state_soft,1,True,1.9441168094769954,0.6290005245718249,0,0,-0.1740776559556978
40,B,brightness_dark,pi_zero_soft,1,True,1.9622021649702373,0.6461073863066049,0,0,-0.40618119722996154
40,B,brightness_dark,pi_zero_hard,1,True,2.0,0.6931471805599454,0,0,-0.2614881801842454
40,B,brightness_dark,pi_oracle_state_soft,1,True,1.9457469854050777,0.6304756422853796,0,0,-0.1740776559556978
40,B,brightness_dark,pi_source_state_soft,1,True,1.9457469854050777,0.6304756422853796,0,0,-0.1740776559556978
40,A,contrast_low,pi_zero_soft,1,True,1.9574288652127834,0.6414201218810138,0,0,-0.5222329678670935
40,A,contrast_low,pi_zero_hard,1,True,2.0,0.6931471805599454,0,0,-0.2614881801842454
40,A,contrast_low,pi_oracle_state_soft,1,True,1.9498238702883652,0.6342177814084178,0,0,-0.2901294265928297
40,A,contrast_low,pi_source_state_soft,1,True,1.9498238702883652,0.6342177814084178,0,0,-0.2901294265928297
40,B,contrast_low,pi_zero_soft,1,True,1.9574288652127834,0.6414201218810138,0,0,-0.5222329678670935
40,B,contrast_low,pi_zero_hard,1,True,2.0,0.6931471805599454,0,0,-0.2614881801842454
40,B,contrast_low,pi_oracle_state_soft,1,True,1.9486330667100331,0.6331166874726013,0,0,-0.1740776559556978
40,B,contrast_low,pi_source_state_soft,1,True,1.9486330667100331,0.6331166874726013,0,0,-0.1740776559556978
40,A,gaussian_noise,pi_zero_soft,1,True,1.949174621597891,0.633616600181174,0,0,-0.1740776559556978
40,A,gaussian_noise,pi_zero_hard,1,True,2.0,0.6931471805599454,0,0,-0.21417646843905966
40,A,gaussian_noise,pi_oracle_state_soft,1,True,1.9264675315574578,0.6137075312635424,0,0,-0.1740776559556978
40,A,gaussian_noise,pi_source_state_soft,1,True,1.9264675315574578,0.6137075312635424,0,0,-0.1740776559556978
40,B,gaussian_noise,pi_zero_soft,1,True,1.949174621597891,0.633616600181174,0,0,-0.1740776559556978
40,B,gaussian_noise,pi_zero_hard,1,True,2.0,0.6931471805599454,0,0,-0.21417646843905966
40,B,gaussian_noise,pi_oracle_state_soft,1,True,1.9274807530154048,0.6145550806285318,0,0,-0.1740776559556978
40,B,gaussian_noise,pi_source_state_soft,1,True,1.9274807530154048,0.6145550806285318,0,0,-0.1740776559556978
40,A,gaussian_blur,pi_zero_soft,1,True,1.9154605871503505,0.6047077994622521,0,0,-0.1740776559556978
40,A,gaussian_blur,pi_zero_hard,1,True,2.0,0.6931471805599453,0,0,-0.31056499687497074
40,A,gaussian_blur,pi_oracle_state_soft,1,True,1.924418898604956,0.6120041066978346,0,0,-0.1740776559556978
40,A,gaussian_blur,pi_source_state_soft,1,True,1.924418898604956,0.6120041066978346,0,0,-0.1740776559556978
40,B,gaussian_blur,pi_zero_soft,1,True,1.9154605871503505,0.6047077994622521,0,0,-0.1740776559556978
40,B,gaussian_blur,pi_zero_hard,1,True,2.0,0.6931471805599453,0,0,-0.31056499687497074
40,B,gaussian_blur,pi_oracle_state_soft,1,True,1.9253003031383669,0.6127353268324001,0,0,-0.1740776559556978
40,B,gaussian_blur,pi_source_state_soft,1,True,1.9253003031383669,0.6127353268324001,0,0,-0.1740776559556978
41,A,clean,pi_zero_soft,3,True,1.4605710514039318,0.36455633911366725,0,0,0.1028145151440831
41,A,clean,pi_zero_hard,3,True,1.7000000000000002,0.47665739083510594,0,0,-0.09538218151860924
41,A,clean,pi_oracle_state_soft,3,True,1.4605710514039318,0.36455633911366725,0,0,0.1028145151440831
41,A,clean,pi_source_state_soft,3,True,1.4605710514039318,0.36455633911366725,0,0,0.1028145151440831
41,B,clean,pi_zero_soft,3,True,1.4605710514039318,0.36455633911366725,0,0,0.1028145151440831
41,B,clean,pi_zero_hard,3,True,1.7000000000000002,0.47665739083510594,0,0,-0.09538218151860924
41,B,clean,pi_oracle_state_soft,3,True,1.4605710514039318,0.36455633911366725,0,0,0.1028145151440831
41,B,clean,pi_source_state_soft,3,True,1.4605710514039318,0.36455633911366725,0,0,0.1028145151440831
41,A,brightness_dark,pi_zero_soft,3,True,1.484304134772429,0.39302139729608143,0,0,-0.33586074947067146
41,A,brightness_dark,pi_zero_hard,3,True,2.0,0.6931471805599454,0,0,-0.5059914125552809
41,A,brightness_dark,pi_oracle_state_soft,3,True,1.4910936411580755,0.3767238637944166,0,0,-0.006854301009605541
41,A,brightness_dark,pi_source_state_soft,3,True,1.4910936411580755,0.3767238637944166,0,0,-0.006854301009605541
41,B,brightness_dark,pi_zero_soft,3,True,1.484304134772429,0.39302139729608143,0,0,-0.33586074947067146
41,B,brightness_dark,pi_zero_hard,3,True,2.0,0.6931471805599454,0,0,-0.5059914125552809
41,B,brightness_dark,pi_oracle_state_soft,3,True,1.4833724204085073,0.3744161969268376,0,0,-0.006854301009605541
41,B,brightness_dark,pi_source_state_soft,3,True,1.4833724204085073,0.3744161969268376,0,0,-0.006854301009605541
41,A,contrast_low,pi_zero_soft,3,True,1.589761276262953,0.44218351250168797,0,0,-0.3906951575475158
41,A,contrast_low,pi_zero_hard,3,True,2.0,0.6931471805599452,0,0,-0.5059914125552809
41,A,contrast_low,pi_oracle_state_soft,3,True,1.5132418752768477,0.3913356775611512,0,0,-0.09596021413447756
41,A,contrast_low,pi_source_state_soft,3,True,1.5132418752768477,0.3913356775611512,0,0,-0.09596021413447756
41,B,contrast_low,pi_zero_soft,3,True,1.589761276262953,0.44218351250168797,0,0,-0.3906951575475158
41,B,contrast_low,pi_zero_hard,3,True,2.0,0.6931471805599452,0,0,-0.5059914125552809
41,B,contrast_low,pi_oracle_state_soft,3,True,1.5332612704110535,0.39707315580552294,0,0,-0.09596021413447756
41,B,contrast_low,pi_source_state_soft,3,True,1.5332612704110535,0.39707315580552294,0,0,-0.09596021413447756
41,A,gaussian_noise,pi_zero_soft,3,True,1.518662245975103,0.3751103081730014,0,0,0.06854301009605542
41,A,gaussian_noise,pi_zero_hard,3,True,1.7999999999999998,0.5370802141350879,0,0,-0.09538218151860924
41,A,gaussian_noise,pi_oracle_state_soft,3,True,1.4488923406551462,0.3573424317703664,0,0,0.1028145151440831
41,A,gaussian_noise,pi_source_state_soft,3,True,1.4488923406551462,0.3573424317703664,0,0,0.1028145151440831
41,B,gaussian_noise,pi_zero_soft,3,True,1.518662245975103,0.3751103081730014,0,0,0.06854301009605542
41,B,gaussian_noise,pi_zero_hard,3,True,1.7999999999999998,0.5370802141350879,0,0,-0.09538218151860924
41,B,gaussian_noise,pi_oracle_state_soft,3,True,1.4486792054423097,0.3569224174990677,0,0,0.1028145151440831
41,B,gaussian_noise,pi_source_state_soft,3,True,1.4486792054423097,0.3569224174990677,0,0,0.1028145151440831
41,A,gaussian_blur,pi_zero_soft,3,True,1.4424442490166018,0.37535307313595845,0,0,-0.13708602019211083
41,A,gaussian_blur,pi_zero_hard,3,True,1.6,0.44868692698120394,0,0,-0.25186808345002204
41,A,gaussian_blur,pi_oracle_state_soft,3,True,1.47263542900234,0.36723382400690685,0,0,0.06854301009605542
41,A,gaussian_blur,pi_source_state_soft,3,True,1.47263542900234,0.36723382400690685,0,0,0.06854301009605542
41,B,gaussian_blur,pi_zero_soft,3,True,1.4424442490166018,0.37535307313595845,0,0,-0.13708602019211083
41,B,gaussian_blur,pi_zero_hard,3,True,1.6,0.44868692698120394,0,0,-0.25186808345002204
41,B,gaussian_blur,pi_oracle_state_soft,3,True,1.4757368532482429,0.3675962027598416,0,0,0.06854301009605542
41,B,gaussian_blur,pi_source_state_soft,3,True,1.4757368532482429,0.3675962027598416,0,0,0.06854301009605542
42,A,clean,pi_zero_soft,4,True,1.0824830570499007,0.24355107593280634,0,0,0.43994338352354384
42,A,clean,pi_zero_hard,4,True,0.7999999999999999,0.18867738581344518,1,1,0.5108406854512807
42,A,clean,pi_oracle_state_soft,4,True,1.0824830570499007,0.24355107593280634,0,0,0.43994338352354384
42,A,clean,pi_source_state_soft,4,True,1.0824830570499007,0.24355107593280634,0,0,0.43994338352354384
42,B,clean,pi_zero_soft,4,True,1.0824830570499007,0.24355107593280634,0,0,0.43994338352354384
42,B,clean,pi_zero_hard,4,True,0.7999999999999999,0.18867738581344518,1,1,0.5108406854512807
42,B,clean,pi_oracle_state_soft,4,True,1.0824830570499007,0.24355107593280634,0,0,0.43994338352354384
42,B,clean,pi_source_state_soft,4,True,1.0824830570499007,0.24355107593280634,0,0,0.43994338352354384
42,A,brightness_dark,pi_zero_soft,4,True,1.1202760155924363,0.2804040443876341,1,1,0.1565900178643122
42,A,brightness_dark,pi_zero_hard,4,True,0.9,0.22414089468074616,1,1,0.3831305140884606
42,A,brightness_dark,pi_oracle_state_soft,4,True,1.081524758151572,0.24048998954945833,1,1,0.5145100586970259
42,A,brightness_dark,pi_source_state_soft,4,True,1.081524758151572,0.24048998954945833,1,1,0.5145100586970259
42,B,brightness_dark,pi_zero_soft,4,True,1.1202760155924363,0.2804040443876341,1,1,0.1565900178643122
42,B,brightness_dark,pi_zero_hard,4,True,0.9,0.22414089468074616,1,1,0.3831305140884606
42,B,brightness_dark,pi_oracle_state_soft,4,True,1.0854592901971494,0.24151414588043751,1,1,0.5145100586970259
42,B,brightness_dark,pi_source_state_soft,4,True,1.0854592901971494,0.24151414588043751,1,1,0.5145100586970259
42,A,contrast_low,pi_zero_soft,4,True,1.2511449169799378,0.30814023916653244,1,1,0.14167668282961582
42,A,contrast_low,pi_zero_hard,4,True,0.8,0.2365621990006881,1,1,0.44523668901482455
42,A,contrast_low,pi_oracle_state_soft,4,True,1.117103520040841,0.2552718448468849,0,0,0.3355500382806691
42,A,contrast_low,pi_source_state_soft,4,True,1.117103520040841,0.2552718448468849,0,0,0.3355500382806691
42,B,contrast_low,pi_zero_soft,4,True,1.2511449169799378,0.30814023916653244,1,1,0.14167668282961582
42,B,contrast_low,pi_zero_hard,4,True,0.8,0.2365621990006881,1,1,0.44523668901482455
42,B,contrast_low,pi_oracle_state_soft,4,True,1.1153626522190436,0.2562687989615249,0,0,0.3355500382806691
42,B,contrast_low,pi_source_state_soft,4,True,1.1153626522190436,0.2562687989615249,0,0,0.3355500382806691
42,A,gaussian_noise,pi_zero_soft,4,True,1.0750048255757647,0.25610007922097155,0,0,0.3504633733153655
42,A,gaussian_noise,pi_zero_hard,4,True,1.0000000000000002,0.2686927236682841,0,0,0.3990942855088131
42,A,gaussian_noise,pi_oracle_state_soft,4,True,1.104822736784265,0.2515120732320886,0,0,0.3504633733153655
42,A,gaussian_noise,pi_source_state_soft,4,True,1.104822736784265,0.2515120732320886,0,0,0.3504633733153655
42,B,gaussian_noise,pi_zero_soft,4,True,1.0750048255757647,0.25610007922097155,0,0,0.3504633733153655
42,B,gaussian_noise,pi_zero_hard,4,True,1.0000000000000002,0.2686927236682841,0,0,0.3990942855088131
42,B,gaussian_noise,pi_oracle_state_soft,4,True,1.1136989383237315,0.254492034566014,0,0,0.3504633733153655
42,B,gaussian_noise,pi_source_state_soft,4,True,1.1136989383237315,0.254492034566014,0,0,0.3504633733153655
42,A,gaussian_blur,pi_zero_soft,4,True,1.1734596126563448,0.267083781962574,1,1,0.43994338352354384
42,A,gaussian_blur,pi_zero_hard,4,True,0.7,0.16882028588026787,1,1,0.47093125690039944
42,A,gaussian_blur,pi_oracle_state_soft,4,True,1.1074289207515673,0.2516656382446141,0,0,0.3504633733153655
42,A,gaussian_blur,pi_source_state_soft,4,True,1.1074289207515673,0.2516656382446141,0,0,0.3504633733153655
42,B,gaussian_blur,pi_zero_soft,4,True,1.1734596126563448,0.267083781962574,1,1,0.43994338352354384
42,B,gaussian_blur,pi_zero_hard,4,True,0.7,0.16882028588026787,1,1,0.47093125690039944
42,B,gaussian_blur,pi_oracle_state_soft,4,True,1.1049910853433127,0.2516439782690525,0,0,0.3504633733153655
42,B,gaussian_blur,pi_source_state_soft,4,True,1.1049910853433127,0.2516439782690525,0,0,0.3504633733153655
43,A,clean,pi_zero_soft,2,True,1.6255649220162711,0.4363878810556552,0,0,0.12109983575845912
43,A,clean,pi_zero_hard,2,True,1.7,0.5054962717331248,0,0,-0.09401267913629435
43,A,clean,pi_oracle_state_soft,2,True,1.6255649220162711,0.4363878810556552,0,0,0.12109983575845912
43,A,clean,pi_source_state_soft,2,True,1.6255649220162711,0.4363878810556552,0,0,0.12109983575845912
43,B,clean,pi_zero_soft,2,True,1.6255649220162711,0.4363878810556552,0,0,0.12109983575845912
43,B,clean,pi_zero_hard,2,True,1.7,0.5054962717331248,0,0,-0.09401267913629435
43,B,clean,pi_oracle_state_soft,2,True,1.6255649220162711,0.4363878810556552,0,0,0.12109983575845912
43,B,clean,pi_source_state_soft,2,True,1.6255649220162711,0.4363878810556552,0,0,0.12109983575845912
43,A,brightness_dark,pi_zero_soft,2,True,1.7036938709535978,0.48092746367520034,0,0,-0.12109983575845912
43,A,brightness_dark,pi_zero_hard,2,True,2.0,0.6931471805599454,0,0,-0.39594258061099913
43,A,brightness_dark,pi_oracle_state_soft,2,True,1.6229666721877714,0.43523320949858757,0,0,0.0259499648053841
43,A,brightness_dark,pi_source_state_soft,2,True,1.6229666721877714,0.43523320949858757,0,0,0.0259499648053841
43,B,brightness_dark,pi_zero_soft,2,True,1.7036938709535978,0.48092746367520034,0,0,-0.12109983575845912
43,B,brightness_dark,pi_zero_hard,2,True,2.0,0.6931471805599454,0,0,-0.39594258061099913
43,B,brightness_dark,pi_oracle_state_soft,2,True,1.620719958777183,0.4343788345378006,0,0,0.12109983575845912
43,B,brightness_dark,pi_source_state_soft,2,True,1.620719958777183,0.4343788345378006,0,0,0.12109983575845912
43,A,contrast_low,pi_zero_soft,2,True,1.5747708794533624,0.4147653428170146,0,0,0.16434977710076598
43,A,contrast_low,pi_zero_hard,2,True,2.0,0.6931471805599454,0,0,-0.3192754284070505
43,A,contrast_low,pi_oracle_state_soft,2,True,1.6939463650553517,0.4691792494359883,0,0,-0.14704980056384323
43,A,contrast_low,pi_source_state_soft,2,True,1.6939463650553517,0.4691792494359883,0,0,-0.14704980056384323
43,B,contrast_low,pi_zero_soft,2,True,1.5747708794533624,0.4147653428170146,0,0,0.16434977710076598
43,B,contrast_low,pi_zero_hard,2,True,2.0,0.6931471805599454,0,0,-0.3192754284070505
43,B,contrast_low,pi_oracle_state_soft,2,True,1.7129674762566616,0.4779205442285803,0,0,-0.14704980056384323
43,B,contrast_low,pi_source_state_soft,2,True,1.7129674762566616,0.4779205442285803,0,0,-0.14704980056384323
43,A,gaussian_noise,pi_zero_soft,2,True,1.7312880895313667,0.48951960508467596,0,0,-0.22489969497999554
43,A,gaussian_noise,pi_zero_hard,2,True,1.9,0.6050106343213459,0,0,-0.24174688920761409
43,A,gaussian_noise,pi_oracle_state_soft,2,True,1.6507031695221304,0.44794126725140293,0,0,-0.06919990614769093
43,A,gaussian_noise,pi_source_state_soft,2,True,1.6507031695221304,0.44794126725140293,0,0,-0.06919990614769093
43,B,gaussian_noise,pi_zero_soft,2,True,1.7312880895313667,0.48951960508467596,0,0,-0.22489969497999554
43,B,gaussian_noise,pi_zero_hard,2,True,1.9,0.6050106343213459,0,0,-0.24174688920761409
43,B,gaussian_noise,pi_oracle_state_soft,2,True,1.6613346411198875,0.45301564002172356,0,0,-0.06919990614769093
43,B,gaussian_noise,pi_source_state_soft,2,True,1.6613346411198875,0.45301564002172356,0,0,-0.06919990614769093
43,A,gaussian_blur,pi_zero_soft,2,True,1.618130143900684,0.4312184305965452,0,0,0.18164975363768868
43,A,gaussian_blur,pi_zero_hard,2,True,1.9000000000000001,0.6050106343213457,0,0,-0.19440502070644367
43,A,gaussian_blur,pi_oracle_state_soft,2,True,1.679155659983001,0.4603541765068464,0,0,-0.06919990614769093
43,A,gaussian_blur,pi_source_state_soft,2,True,1.679155659983001,0.4603541765068464,0,0,-0.06919990614769093
43,B,gaussian_blur,pi_zero_soft,2,True,1.618130143900684,0.4312184305965452,0,0,0.18164975363768868
43,B,gaussian_blur,pi_zero_hard,2,True,1.9000000000000001,0.6050106343213457,0,0,-0.19440502070644367
43,B,gaussian_blur,pi_oracle_state_soft,2,True,1.6840147671226624,0.4627581381777499,0,0,-0.06919990614769093
43,B,gaussian_blur,pi_source_state_soft,2,True,1.6840147671226624,0.4627581381777499,0,0,-0.06919990614769093
44,A,clean,pi_zero_soft,3,True,1.1626095212927092,0.33828755047897685,0,0,0.23115669303779424
44,A,clean,pi_zero_hard,3,True,1.2000000000000002,0.41588830833596724,0,0,0.04200346122781364
44,A,clean,pi_oracle_state_soft,3,True,1.1626095212927092,0.33828755047897685,0,0,0.23115669303779424
44,A,clean,pi_source_state_soft,3,True,1.1626095212927092,0.33828755047897685,0,0,0.23115669303779424
44,B,clean,pi_zero_soft,3,True,1.1626095212927092,0.33828755047897685,0,0,0.23115669303779424
44,B,clean,pi_zero_hard,3,True,1.2000000000000002,0.41588830833596724,0,0,0.04200346122781364
44,B,clean,pi_oracle_state_soft,3,True,1.1626095212927092,0.33828755047897685,0,0,0.23115669303779424
44,B,clean,pi_source_state_soft,3,True,1.1626095212927092,0.33828755047897685,0,0,0.23115669303779424
44,A,brightness_dark,pi_zero_soft,3,True,1.654672650370935,0.48707286610231604,0,0,-0.4250300484888475
44,A,brightness_dark,pi_zero_hard,3,True,1.8,0.5680465746753982,0,0,-0.16866380418509366
44,A,brightness_dark,pi_oracle_state_soft,3,True,1.2962205247246847,0.3730065293394891,0,0,0.06711000765613381
44,A,brightness_dark,pi_source_state_soft,3,True,1.2962205247246847,0.3730065293394891,0,0,0.06711000765613381
44,B,brightness_dark,pi_zero_soft,3,True,1.654672650370935,0.48707286610231604,0,0,-0.4250300484888475
44,B,brightness_dark,pi_zero_hard,3,True,1.8,0.5680465746753982,0,0,-0.16866380418509366
44,B,brightness_dark,pi_oracle_state_soft,3,True,1.2940411744183733,0.37328946614496816,0,0,0.06711000765613381
44,B,brightness_dark,pi_source_state_soft,3,True,1.2940411744183733,0.37328946614496816,0,0,0.06711000765613381
44,A,contrast_low,pi_zero_soft,3,True,1.5034414167462233,0.4288143725037816,0,0,-0.0521966726214374
44,A,contrast_low,pi_zero_hard,3,True,1.5,0.4766066867751755,0,0,-0.04587155963302753
44,A,contrast_low,pi_oracle_state_soft,3,True,1.235873623749134,0.36132965100107195,0,0,0.0521966726214374
44,A,contrast_low,pi_source_state_soft,3,True,1.235873623749134,0.36132965100107195,0,0,0.0521966726214374
44,B,contrast_low,pi_zero_soft,3,True,1.5034414167462233,0.4288143725037816,0,0,-0.0521966726214374
44,B,contrast_low,pi_zero_hard,3,True,1.5,0.4766066867751755,0,0,-0.04587155963302753
44,B,contrast_low,pi_oracle_state_soft,3,True,1.26262862050078,0.369165303290266,0,0,0.0521966726214374
44,B,contrast_low,pi_source_state_soft,3,True,1.26262862050078,0.369165303290266,0,0,0.0521966726214374
44,A,gaussian_noise,pi_zero_soft,3,True,1.2448720766440857,0.37040897416203444,0,0,0.1565900178643122
44,A,gaussian_noise,pi_zero_hard,3,True,1.4000000000000001,0.45412934391478,0,0,-0.04200346122781364
44,A,gaussian_noise,pi_oracle_state_soft,3,True,1.1619162347810335,0.3379471590425729,0,0,0.23115669303779424
44,A,gaussian_noise,pi_source_state_soft,3,True,1.1619162347810335,0.3379471590425729,0,0,0.23115669303779424
44,B,gaussian_noise,pi_zero_soft,3,True,1.2448720766440857,0.37040897416203444,0,0,0.1565900178643122
44,B,gaussian_noise,pi_zero_hard,3,True,1.4000000000000001,0.45412934391478,0,0,-0.04200346122781364
44,B,gaussian_noise,pi_oracle_state_soft,3,True,1.1676597816629237,0.3398835011894963,0,0,0.23115669303779424
44,B,gaussian_noise,pi_source_state_soft,3,True,1.1676597816629237,0.3398835011894963,0,0,0.23115669303779424
44,A,gaussian_blur,pi_zero_soft,3,True,1.2128033691283526,0.34277106434884197,0,0,0.0521966726214374
44,A,gaussian_blur,pi_zero_hard,3,True,1.2000000000000002,0.3840144710911497,0,0,0.042165951046273416
44,A,gaussian_blur,pi_oracle_state_soft,3,True,1.1990086999105296,0.3455822630268266,0,0,0.23115669303779424
44,A,gaussian_blur,pi_source_state_soft,3,True,1.1990086999105296,0.3455822630268266,0,0,0.23115669303779424
44,B,gaussian_blur,pi_zero_soft,3,True,1.2128033691283526,0.34277106434884197,0,0,0.0521966726214374
44,B,gaussian_blur,pi_zero_hard,3,True,1.2000000000000002,0.3840144710911497,0,0,0.042165951046273416
44,B,gaussian_blur,pi_oracle_state_soft,3,True,1.2035129910877271,0.3471671345417946,0,0,0.23115669303779424
44,B,gaussian_blur,pi_source_state_soft,3,True,1.2035129910877271,0.3471671345417946,0,0,0.23115669303779424
45,A,clean,pi_zero_soft,3,False,1.1780954601901936,0.2687782826596128,0,0,0.40440375956672686
45,A,clean,pi_zero_hard,3,False,1.3,0.32313467787088146,0,0,0.13206763594884358
45,A,clean,pi_oracle_state_soft,3,False,1.1780954601901936,0.2687782826596128,0,0,0.40440375956672686
45,A,clean,pi_source_state_soft,3,False,1.3594657216795705,0.332288933576405,0,0,0.04798010706723878
45,B,clean,pi_zero_soft,3,False,1.1780954601901936,0.2687782826596128,0,0,0.40440375956672686
45,B,clean,pi_zero_hard,3,False,1.3,0.32313467787088146,0,0,0.13206763594884358
45,B,clean,pi_oracle_state_soft,3,False,1.1780954601901936,0.2687782826596128,0,0,0.40440375956672686
45,B,clean,pi_source_state_soft,3,False,1.36953878767646,0.3362826614793677,0,0,0.04798010706723878
45,A,brightness_dark,pi_zero_soft,3,True,0.8813689317399256,0.18838108782111318,1,1,0.5140725757204155
45,A,brightness_dark,pi_zero_hard,3,True,0.4000000000000001,0.12170405236520088,1,1,0.4216595104627342
45,A,brightness_dark,pi_oracle_state_soft,3,True,1.1922813104453283,0.26855057369200375,1,1,0.4729467696627823
45,A,brightness_dark,pi_source_state_soft,3,True,1.1922813104453283,0.26855057369200375,1,1,0.4729467696627823
45,B,brightness_dark,pi_zero_soft,3,True,0.8813689317399256,0.18838108782111318,1,1,0.5140725757204155
45,B,brightness_dark,pi_zero_hard,3,True,0.4000000000000001,0.12170405236520088,1,1,0.4216595104627342
45,B,brightness_dark,pi_oracle_state_soft,3,True,1.1942469814554684,0.2689845864839657,1,1,0.4729467696627823
45,B,brightness_dark,pi_source_state_soft,3,True,1.1942469814554684,0.2689845864839657,1,1,0.4729467696627823
45,A,contrast_low,pi_zero_soft,3,True,1.0357161601905356,0.2227269989248224,1,1,0.5894698868260766
45,A,contrast_low,pi_zero_hard,3,True,1.0000000000000002,0.2370222461917708,1,1,0.36853821163712797
45,A,contrast_low,pi_oracle_state_soft,3,True,1.2298937288553384,0.2840870634162793,0,0,0.43867526461475465
45,A,contrast_low,pi_source_state_soft,3,True,1.2298937288553384,0.2840870634162793,0,0,0.43867526461475465
45,B,contrast_low,pi_zero_soft,3,True,1.0357161601905356,0.2227269989248224,1,1,0.5894698868260766
45,B,contrast_low,pi_zero_hard,3,True,1.0000000000000002,0.2370222461917708,1,1,0.36853821163712797
45,B,contrast_low,pi_oracle_state_soft,3,True,1.2331697262114802,0.2863380819020618,0,0,0.4592381676435712
45,B,contrast_low,pi_source_state_soft,3,True,1.2331697262114802,0.2863380819020618,0,0,0.4592381676435712
45,A,gaussian_noise,pi_zero_soft,3,True,1.3237185006887302,0.3164290139145638,0,0,0.253609137355405
45,A,gaussian_noise,pi_zero_hard,3,True,1.3000000000000003,0.31463972603111157,0,0,0.21235679519973336
45,A,gaussian_noise,pi_oracle_state_soft,3,True,1.2090086259714052,0.27509584344819626,0,0,0.3084435454322494
45,A,gaussian_noise,pi_source_state_soft,3,True,1.2090086259714052,0.27509584344819626,0,0,0.3084435454322494
45,B,gaussian_noise,pi_zero_soft,3,True,1.3237185006887302,0.3164290139145638,0,0,0.253609137355405
45,B,gaussian_noise,pi_zero_hard,3,True,1.3000000000000003,0.31463972603111157,0,0,0.21235679519973336
45,B,gaussian_noise,pi_oracle_state_soft,3,True,1.2216460500369999,0.27921143141136495,0,0,0.3084435454322494
45,B,gaussian_noise,pi_source_state_soft,3,True,1.2216460500369999,0.27921143141136495,0,0,0.3084435454322494
45,A,gaussian_blur,pi_zero_soft,3,True,1.0710868926205748,0.23966567676386696,1,1,0.5894698868260766
45,A,gaussian_blur,pi_zero_hard,3,True,1.0000000000000002,0.2370222461917708,1,1,0.36853821163712797
45,A,gaussian_blur,pi_oracle_state_soft,3,True,1.2174627303626744,0.28147671576277755,0,0,0.32900644846106597
45,A,gaussian_blur,pi_source_state_soft,3,True,1.2174627303626744,0.28147671576277755,0,0,0.32900644846106597
45,B,gaussian_blur,pi_zero_soft,3,True,1.0710868926205748,0.23966567676386696,1,1,0.5894698868260766
45,B,gaussian_blur,pi_zero_hard,3,True,1.0000000000000002,0.2370222461917708,1,1,0.36853821163712797
45,B,gaussian_blur,pi_oracle_state_soft,3,True,1.2247686279144063,0.28387431295629084,0,0,0.32900644846106597
45,B,gaussian_blur,pi_source_state_soft,3,True,1.2247686279144063,0.28387431295629084,0,0,0.32900644846106597
46,A,clean,pi_zero_soft,2,True,1.409631445144365,0.3328567172563657,0,0,0.5843065474681431
46,A,clean,pi_zero_hard,2,True,1.5,0.3570165261268474,0,0,0.38490017945975047
46,A,clean,pi_oracle_state_soft,2,True,1.409631445144365,0.3328567172563657,0,0,0.5843065474681431
46,A,clean,pi_source_state_soft,2,True,1.409631445144365,0.3328567172563657,0,0,0.5843065474681431
46,B,clean,pi_zero_soft,2,True,1.409631445144365,0.3328567172563657,0,0,0.5843065474681431
46,B,clean,pi_zero_hard,2,True,1.5,0.3570165261268474,0,0,0.38490017945975047
46,B,clean,pi_oracle_state_soft,2,True,1.409631445144365,0.3328567172563657,0,0,0.5843065474681431
46,B,clean,pi_source_state_soft,2,True,1.409631445144365,0.3328567172563657,0,0,0.5843065474681431
46,A,brightness_dark,pi_zero_soft,2,True,1.6302109691748814,0.4252206339436393,0,0,0.4494665749754947
46,A,brightness_dark,pi_zero_hard,2,True,1.9000000000000001,0.5980669982319659,0,0,0.2084875972073649
46,A,brightness_dark,pi_oracle_state_soft,2,True,1.5283198679015717,0.38375226606796176,0,0,0.4719399037242695
46,A,brightness_dark,pi_source_state_soft,2,True,1.5283198679015717,0.38375226606796176,0,0,0.4719399037242695
46,B,brightness_dark,pi_zero_soft,2,True,1.6302109691748814,0.4252206339436393,0,0,0.4494665749754947
46,B,brightness_dark,pi_zero_hard,2,True,1.9000000000000001,0.5980669982319659,0,0,0.2084875972073649
46,B,brightness_dark,pi_oracle_state_soft,2,True,1.525159994064081,0.38246081253281305,0,0,0.4719399037242695
46,B,brightness_dark,pi_source_state_soft,2,True,1.525159994064081,0.38246081253281305,0,0,0.4719399037242695
46,A,contrast_low,pi_zero_soft,2,True,1.5952017332465491,0.40265101757507615,0,0,0.516886561221819
46,A,contrast_low,pi_zero_hard,2,True,1.9,0.6030856563696043,0,0,0.2084875972073649
46,A,contrast_low,pi_oracle_state_soft,2,True,1.5468968391698477,0.3988682062197426,0,0,0.3370999312316211
46,A,contrast_low,pi_source_state_soft,2,True,1.5468968391698477,0.3988682062197426,0,0,0.3370999312316211
46,B,contrast_low,pi_zero_soft,2,True,1.5952017332465491,0.40265101757507615,0,0,0.516886561221819
46,B,contrast_low,pi_zero_hard,2,True,1.9,0.6030856563696043,0,0,0.2084875972073649
46,B,contrast_low,pi_oracle_state_soft,2,True,1.5579387457185432,0.4038170053480874,0,0,0.3370999312316211
46,B,contrast_low,pi_source_state_soft,2,True,1.5579387457185432,0.4038170053480874,0,0,0.3370999312316211
46,A,gaussian_noise,pi_zero_soft,2,True,1.4822188154786717,0.36484413154413,0,0,0.3595732599803958
46,A,gaussian_noise,pi_zero_hard,2,True,1.5,0.3761370439162538,0,0,0.2907763157495221
46,A,gaussian_noise,pi_oracle_state_soft,2,True,1.41986178379986,0.3396353237121892,0,0,0.4944132324730442
46,A,gaussian_noise,pi_source_state_soft,2,True,1.41986178379986,0.3396353237121892,0,0,0.4944132324730442
46,B,gaussian_noise,pi_zero_soft,2,True,1.4822188154786717,0.36484413154413,0,0,0.3595732599803958
46,B,gaussian_noise,pi_zero_hard,2,True,1.5,0.3761370439162538,0,0,0.2907763157495221
46,B,gaussian_noise,pi_oracle_state_soft,2,True,1.4154657418957277,0.3388655345279923,0,0,0.4944132324730442
46,B,gaussian_noise,pi_source_state_soft,2,True,1.4154657418957277,0.3388655345279923,0,0,0.4944132324730442
46,A,gaussian_blur,pi_zero_soft,2,True,1.4477433226558747,0.3421412120043863,0,0,0.5618332187193684
46,A,gaussian_blur,pi_zero_hard,2,True,1.5000000000000002,0.35701652612684753,0,0,0.3835706411883073
46,A,gaussian_blur,pi_oracle_state_soft,2,True,1.4410412935804153,0.3506418593480638,0,0,0.4944132324730442
46,A,gaussian_blur,pi_source_state_soft,2,True,1.4410412935804153,0.3506418593480638,0,0,0.4944132324730442
46,B,gaussian_blur,pi_zero_soft,2,True,1.4477433226558747,0.3421412120043863,0,0,0.5618332187193684
46,B,gaussian_blur,pi_zero_hard,2,True,1.5000000000000002,0.35701652612684753,0,0,0.3835706411883073
46,B,gaussian_blur,pi_oracle_state_soft,2,True,1.4418730618938882,0.3514666168898788,0,0,0.42699324622672
46,B,gaussian_blur,pi_source_state_soft,2,True,1.4418730618938882,0.3514666168898788,0,0,0.42699324622672
47,A,clean,pi_zero_soft,4,True,0.35667165740470086,0.06691896391706509,1,1,0.7784989441615228
47,A,clean,pi_zero_hard,4,True,0.40000000000000013,0.07697599619459083,1,1,0.6823494524023583
47,A,clean,pi_oracle_state_soft,4,True,0.35667165740470086,0.06691896391706509,1,1,0.7784989441615228
47,A,clean,pi_source_state_soft,4,True,0.35667165740470086,0.06691896391706509,1,1,0.7784989441615228
47,B,clean,pi_zero_soft,4,True,0.35667165740470086,0.06691896391706509,1,1,0.7784989441615228
47,B,clean,pi_zero_hard,4,True,0.40000000000000013,0.07697599619459083,1,1,0.6823494524023583
47,B,clean,pi_oracle_state_soft,4,True,0.35667165740470086,0.06691896391706509,1,1,0.7784989441615228
47,B,clean,pi_source_state_soft,4,True,0.35667165740470086,0.06691896391706509,1,1,0.7784989441615228
47,A,brightness_dark,pi_zero_soft,4,True,1.1869966333413042,0.24728877605099586,0,0,0.272474630456533
47,A,brightness_dark,pi_zero_hard,4,True,1.5,0.35396701128391017,0,0,0.4494922348948524
47,A,brightness_dark,pi_oracle_state_soft,4,True,0.4695916325372116,0.07608480278836094,1,1,0.8174238913695991
47,A,brightness_dark,pi_source_state_soft,4,True,0.4695916325372116,0.07608480278836094,1,1,0.8174238913695991
47,B,brightness_dark,pi_zero_soft,4,True,1.1869966333413042,0.24728877605099586,0,0,0.272474630456533
47,B,brightness_dark,pi_zero_hard,4,True,1.5,0.35396701128391017,0,0,0.4494922348948524
47,B,brightness_dark,pi_oracle_state_soft,4,True,0.4650943575695831,0.07603675184545833,1,1,0.8174238913695991
47,B,brightness_dark,pi_source_state_soft,4,True,0.4650943575695831,0.07603675184545833,1,1,0.8174238913695991
47,A,contrast_low,pi_zero_soft,4,True,1.1085478102858621,0.22976258741302713,0,0,0.37627448967806937
47,A,contrast_low,pi_zero_hard,4,True,1.3,0.31091365604844756,0,0,0.3911123997986368
47,A,contrast_low,pi_oracle_state_soft,4,True,0.5028762947813831,0.0956231409698074,1,1,0.8174238913695991
47,A,contrast_low,pi_source_state_soft,4,True,0.5028762947813831,0.0956231409698074,1,1,0.8174238913695991
47,B,contrast_low,pi_zero_soft,4,True,1.1085478102858621,0.22976258741302713,0,0,0.37627448967806937
47,B,contrast_low,pi_zero_hard,4,True,1.3,0.31091365604844756,0,0,0.3911123997986368
47,B,contrast_low,pi_oracle_state_soft,4,True,0.5059477106284065,0.09669468171807605,1,1,0.8174238913695991
47,B,contrast_low,pi_source_state_soft,4,True,0.5059477106284065,0.09669468171807605,1,1,0.8174238913695991
47,A,gaussian_noise,pi_zero_soft,4,True,0.4899099984615615,0.07182515784148058,1,1,0.7784989441615228
47,A,gaussian_noise,pi_zero_hard,4,True,0.4,0.07072023124743332,1,1,0.8380979995685075
47,A,gaussian_noise,pi_oracle_state_soft,4,True,0.3585476146718016,0.06962211383579064,1,1,0.7784989441615228
47,A,gaussian_noise,pi_source_state_soft,4,True,0.3585476146718016,0.06962211383579064,1,1,0.7784989441615228
47,B,gaussian_noise,pi_zero_soft,4,True,0.4899099984615615,0.07182515784148058,1,1,0.7784989441615228
47,B,gaussian_noise,pi_zero_hard,4,True,0.4,0.07072023124743332,1,1,0.8380979995685075
47,B,gaussian_noise,pi_oracle_state_soft,4,True,0.37216105025586854,0.07202289453976207,1,1,0.7784989441615228
47,B,gaussian_noise,pi_source_state_soft,4,True,0.37216105025586854,0.07202289453976207,1,1,0.7784989441615228
47,A,gaussian_blur,pi_zero_soft,4,True,0.559563538736572,0.10292176094744132,1,1,0.8174238913695991
47,A,gaussian_blur,pi_zero_hard,4,True,0.5,0.1301344842722194,1,1,0.5457051563317491
47,A,gaussian_blur,pi_oracle_state_soft,4,True,0.3998253926374143,0.0739383026721141,1,1,0.7784989441615228
47,A,gaussian_blur,pi_source_state_soft,4,True,0.3998253926374143,0.0739383026721141,1,1,0.7784989441615228
47,B,gaussian_blur,pi_zero_soft,4,True,0.559563538736572,0.10292176094744132,1,1,0.8174238913695991
47,B,gaussian_blur,pi_zero_hard,4,True,0.5,0.1301344842722194,1,1,0.5457051563317491
47,B,gaussian_blur,pi_oracle_state_soft,4,True,0.4089048401086393,0.07374632239467993,1,1,0.7784989441615228
47,B,gaussian_blur,pi_source_state_soft,4,True,0.4089048401086393,0.07374632239467993,1,1,0.7784989441615228
48,A,clean,pi_zero_soft,4,True,1.7754134753299393,0.5131629978379562,0,0,-0.6785567440786864
48,A,clean,pi_zero_hard,4,True,2.0,0.6931471805599454,0,0,-0.5965735760453679
48,A,clean,pi_oracle_state_soft,4,True,1.7754134753299393,0.5131629978379562,0,0,-0.6785567440786864
48,A,clean,pi_source_state_soft,4,True,1.7754134753299393,0.5131629978379562,0,0,-0.6785567440786864
48,B,clean,pi_zero_soft,4,True,1.7754134753299393,0.5131629978379562,0,0,-0.6785567440786864
48,B,clean,pi_zero_hard,4,True,2.0,0.6931471805599454,0,0,-0.5965735760453679
48,B,clean,pi_oracle_state_soft,4,True,1.7754134753299393,0.5131629978379562,0,0,-0.6785567440786864
48,B,clean,pi_source_state_soft,4,True,1.7754134753299393,0.5131629978379562,0,0,-0.6785567440786864
48,A,brightness_dark,pi_zero_soft,4,True,1.7383377642232638,0.4972577765828836,0,0,-0.3504633733153655
48,A,brightness_dark,pi_zero_hard,4,True,2.0,0.6931471805599454,0,0,-0.4128440366972478
48,A,brightness_dark,pi_oracle_state_soft,4,True,1.759036380140631,0.5086899169991197,0,0,-0.6785567440786864
48,A,brightness_dark,pi_source_state_soft,4,True,1.759036380140631,0.5086899169991197,0,0,-0.6785567440786864
48,B,brightness_dark,pi_zero_soft,4,True,1.7383377642232638,0.4972577765828836,0,0,-0.3504633733153655
48,B,brightness_dark,pi_zero_hard,4,True,2.0,0.6931471805599454,0,0,-0.4128440366972478
48,B,brightness_dark,pi_oracle_state_soft,4,True,1.7592371473030275,0.5090485499920889,0,0,-0.6785567440786864
48,B,brightness_dark,pi_source_state_soft,4,True,1.7592371473030275,0.5090485499920889,0,0,-0.6785567440786864
48,A,contrast_low,pi_zero_soft,4,True,1.6324746308223457,0.44756210267663077,0,0,-0.26098336310718706
48,A,contrast_low,pi_zero_hard,4,True,2.0,0.6931471805599454,0,0,-0.4128440366972478
48,A,contrast_low,pi_oracle_state_soft,4,True,1.8071710210494345,0.5324648641357295,0,0,-0.6785567440786864
48,A,contrast_low,pi_source_state_soft,4,True,1.8071710210494345,0.5324648641357295,0,0,-0.6785567440786864
48,B,contrast_low,pi_zero_soft,4,True,1.6324746308223457,0.44756210267663077,0,0,-0.26098336310718706
48,B,contrast_low,pi_zero_hard,4,True,2.0,0.6931471805599454,0,0,-0.4128440366972478
48,B,contrast_low,pi_oracle_state_soft,4,True,1.8062234809528328,0.5317941502185242,0,0,-0.6785567440786864
48,B,contrast_low,pi_source_state_soft,4,True,1.8062234809528328,0.5317941502185242,0,0,-0.6785567440786864
48,A,gaussian_noise,pi_zero_soft,4,True,1.8458807363250835,0.5564422863959835,0,0,-0.6785567440786864
48,A,gaussian_noise,pi_zero_hard,4,True,2.0,0.6931471805599454,0,0,-0.5986414282632195
48,A,gaussian_noise,pi_oracle_state_soft,4,True,1.779629749366922,0.5157850754398534,0,0,-0.6785567440786864
48,A,gaussian_noise,pi_source_state_soft,4,True,1.779629749366922,0.5157850754398534,0,0,-0.6785567440786864
48,B,gaussian_noise,pi_zero_soft,4,True,1.8458807363250835,0.5564422863959835,0,0,-0.6785567440786864
48,B,gaussian_noise,pi_zero_hard,4,True,2.0,0.6931471805599454,0,0,-0.5986414282632195
48,B,gaussian_noise,pi_oracle_state_soft,4,True,1.783385942899968,0.518167003453573,0,0,-0.6785567440786864
48,B,gaussian_noise,pi_source_state_soft,4,True,1.783385942899968,0.518167003453573,0,0,-0.6785567440786864
48,A,gaussian_blur,pi_zero_soft,4,True,1.6952598961962093,0.4720227430350685,0,0,-0.49959672366232943
48,A,gaussian_blur,pi_zero_hard,4,True,2.0,0.6931471805599454,0,0,-0.5986414282632195
48,A,gaussian_blur,pi_oracle_state_soft,4,True,1.7722862224708071,0.5125134701273633,0,0,-0.6785567440786864
48,A,gaussian_blur,pi_source_state_soft,4,True,1.7722862224708071,0.5125134701273633,0,0,-0.6785567440786864
48,B,gaussian_blur,pi_zero_soft,4,True,1.6952598961962093,0.4720227430350685,0,0,-0.49959672366232943
48,B,gaussian_blur,pi_zero_hard,4,True,2.0,0.6931471805599454,0,0,-0.5986414282632195
48,B,gaussian_blur,pi_oracle_state_soft,4,True,1.7752987100505961,0.5142864868325319,0,0,-0.6785567440786864
48,B,gaussian_blur,pi_source_state_soft,4,True,1.7752987100505961,0.5142864868325319,0,0,-0.6785567440786864
49,A,clean,pi_zero_soft,2,True,1.5017087654292967,0.41063912169827876,0,0,0.27679962459076374
49,A,clean,pi_zero_hard,2,True,1.7000000000000002,0.5124691023544059,0,0,0.16169041669088866
49,A,clean,pi_oracle_state_soft,2,True,1.5017087654292967,0.41063912169827876,0,0,0.27679962459076374
49,A,clean,pi_source_state_soft,2,True,1.5017087654292967,0.41063912169827876,0,0,0.27679962459076374
49,B,clean,pi_zero_soft,2,True,1.5017087654292967,0.41063912169827876,0,0,0.27679962459076374
49,B,clean,pi_zero_hard,2,True,1.7000000000000002,0.5124691023544059,0,0,0.16169041669088866
49,B,clean,pi_oracle_state_soft,2,True,1.5017087654292967,0.41063912169827876,0,0,0.27679962459076374
49,B,clean,pi_source_state_soft,2,True,1.5017087654292967,0.41063912169827876,0,0,0.27679962459076374
49,A,brightness_dark,pi_zero_soft,2,True,1.5882878330716899,0.42000566259671124,0,0,0.19894973017461143
49,A,brightness_dark,pi_zero_hard,2,True,1.8000000000000003,0.5403620462686821,0,0,0.280717307022173
49,A,brightness_dark,pi_oracle_state_soft,2,True,1.4533885686645724,0.3988069193815069,0,0,0.33734954246999327
49,A,brightness_dark,pi_source_state_soft,2,True,1.4533885686645724,0.3988069193815069,0,0,0.33734954246999327
49,B,brightness_dark,pi_zero_soft,2,True,1.5882878330716899,0.42000566259671124,0,0,0.19894973017461143
49,B,brightness_dark,pi_zero_hard,2,True,1.8000000000000003,0.5403620462686821,0,0,0.280717307022173
49,B,brightness_dark,pi_oracle_state_soft,2,True,1.4535434981145638,0.3969954630736414,0,0,0.33734954246999327
49,B,brightness_dark,pi_source_state_soft,2,True,1.4535434981145638,0.3969954630736414,0,0,0.33734954246999327
49,A,contrast_low,pi_zero_soft,2,True,1.6997620519072387,0.4708906333125693,0,0,-0.03459995307384547
49,A,contrast_low,pi_zero_hard,2,True,1.9000000000000001,0.6369136660980644,0,0,-0.03913115139224995
49,A,contrast_low,pi_oracle_state_soft,2,True,1.4379226012950599,0.38644974964553747,0,0,0.354649519006916
49,A,contrast_low,pi_source_state_soft,2,True,1.4379226012950599,0.38644974964553747,0,0,0.354649519006916
49,B,contrast_low,pi_zero_soft,2,True,1.6997620519072387,0.4708906333125693,0,0,-0.03459995307384547
49,B,contrast_low,pi_zero_hard,2,True,1.9000000000000001,0.6369136660980644,0,0,-0.03913115139224995
49,B,contrast_low,pi_oracle_state_soft,2,True,1.4290311665880342,0.3875340894980219,0,0,0.33734954246999327
49,B,contrast_low,pi_source_state_soft,2,True,1.4290311665880342,0.3875340894980219,0,0,0.33734954246999327
49,A,gaussian_noise,pi_zero_soft,2,True,1.4599239637267019,0.40189679402276424,0,0,0.4151994368861456
49,A,gaussian_noise,pi_zero_hard,2,True,1.6,0.44918523733161797,0,0,0.27126281959038645
49,A,gaussian_noise,pi_oracle_state_soft,2,True,1.4993573792183899,0.4085944973218538,0,0,0.27679962459076374
49,A,gaussian_noise,pi_source_state_soft,2,True,1.4993573792183899,0.4085944973218538,0,0,0.27679962459076374
49,B,gaussian_noise,pi_zero_soft,2,True,1.4599239637267019,0.40189679402276424,0,0,0.4151994368861456
49,B,gaussian_noise,pi_zero_hard,2,True,1.6,0.44918523733161797,0,0,0.27126281959038645
49,B,gaussian_noise,pi_oracle_state_soft,2,True,1.4951192607939718,0.40652605137334485,0,0,0.27679962459076374
49,B,gaussian_noise,pi_source_state_soft,2,True,1.4951192607939718,0.40652605137334485,0,0,0.27679962459076374
49,A,gaussian_blur,pi_zero_soft,2,True,1.6050927279364746,0.4342345839472437,0,0,0.19894973017461143
49,A,gaussian_blur,pi_zero_hard,2,True,1.8000000000000003,0.5403620462686823,0,0,0.1851851851851852
49,A,gaussian_blur,pi_oracle_state_soft,2,True,1.4898374473261977,0.40653899263597637,0,0,0.27679962459076374
49,A,gaussian_blur,pi_source_state_soft,2,True,1.4898374473261977,0.40653899263597637,0,0,0.27679962459076374
49,B,gaussian_blur,pi_zero_soft,2,True,1.6050927279364746,0.4342345839472437,0,0,0.19894973017461143
49,B,gaussian_blur,pi_zero_hard,2,True,1.8000000000000003,0.5403620462686823,0,0,0.1851851851851852
49,B,gaussian_blur,pi_oracle_state_soft,2,True,1.4833611386021002,0.40545494756044875,0,0,0.354649519006916
49,B,gaussian_blur,pi_source_state_soft,2,True,1.4833611386021002,0.40545494756044875,0,0,0.354649519006916
50,A,clean,pi_zero_soft,2,True,1.434380975668188,0.35718694817292374,0,0,0.37194949554383877
50,A,clean,pi_zero_hard,2,True,1.2000000000000002,0.28154275138093476,1,1,0.4475836523241377
50,A,clean,pi_oracle_state_soft,2,True,1.434380975668188,0.35718694817292374,0,0,0.37194949554383877
50,A,clean,pi_source_state_soft,2,True,1.434380975668188,0.35718694817292374,0,0,0.37194949554383877
50,B,clean,pi_zero_soft,2,True,1.434380975668188,0.35718694817292374,0,0,0.37194949554383877
50,B,clean,pi_zero_hard,2,True,1.2000000000000002,0.28154275138093476,1,1,0.4475836523241377
50,B,clean,pi_oracle_state_soft,2,True,1.434380975668188,0.35718694817292374,0,0,0.37194949554383877
50,B,clean,pi_source_state_soft,2,True,1.434380975668188,0.35718694817292374,0,0,0.37194949554383877
50,A,brightness_dark,pi_zero_soft,2,True,1.2005923928535933,0.2768614850729214,1,1,0.4670993664969138
50,A,brightness_dark,pi_zero_hard,2,True,0.9,0.2503244562788626,1,1,0.2526455763199557
50,A,brightness_dark,pi_oracle_state_soft,2,True,1.4592731420461926,0.3657357532144587,0,0,0.29409960112768646
50,A,brightness_dark,pi_source_state_soft,2,True,1.4592731420461926,0.3657357532144587,0,0,0.29409960112768646
50,B,brightness_dark,pi_zero_soft,2,True,1.2005923928535933,0.2768614850729214,1,1,0.4670993664969138
50,B,brightness_dark,pi_zero_hard,2,True,0.9,0.2503244562788626,1,1,0.2526455763199557
50,B,brightness_dark,pi_oracle_state_soft,2,True,1.4580372095546004,0.3653984322852253,0,0,0.29409960112768646
50,B,brightness_dark,pi_source_state_soft,2,True,1.4580372095546004,0.3653984322852253,0,0,0.29409960112768646
50,A,contrast_low,pi_zero_soft,2,True,1.2992789205563322,0.3066658942451801,1,1,0.4670993664969138
50,A,contrast_low,pi_zero_hard,2,True,0.6999999999999998,0.1618639350268064,1,1,0.6139406135149206
50,A,contrast_low,pi_oracle_state_soft,2,True,1.4225045623056907,0.35247696127012795,0,0,0.37194949554383877
50,A,contrast_low,pi_source_state_soft,2,True,1.4225045623056907,0.35247696127012795,0,0,0.37194949554383877
50,B,contrast_low,pi_zero_soft,2,True,1.2992789205563322,0.3066658942451801,1,1,0.4670993664969138
50,B,contrast_low,pi_zero_hard,2,True,0.6999999999999998,0.1618639350268064,1,1,0.6139406135149206
50,B,contrast_low,pi_oracle_state_soft,2,True,1.4323886938038772,0.3562427441100482,0,0,0.37194949554383877
50,B,contrast_low,pi_source_state_soft,2,True,1.4323886938038772,0.3562427441100482,0,0,0.37194949554383877
50,A,gaussian_noise,pi_zero_soft,2,True,1.527350978338565,0.39462561390673634,0,0,0.19894973017461143
50,A,gaussian_noise,pi_zero_hard,2,True,1.2999999999999998,0.3114714652227393,0,0,0.39814814814814814
50,A,gaussian_noise,pi_oracle_state_soft,2,True,1.451472567569666,0.36375707789524037,0,0,0.29409960112768646
50,A,gaussian_noise,pi_source_state_soft,2,True,1.451472567569666,0.36375707789524037,0,0,0.29409960112768646
50,B,gaussian_noise,pi_zero_soft,2,True,1.527350978338565,0.39462561390673634,0,0,0.19894973017461143
50,B,gaussian_noise,pi_zero_hard,2,True,1.2999999999999998,0.3114714652227393,0,0,0.39814814814814814
50,B,gaussian_noise,pi_oracle_state_soft,2,True,1.4552508794361636,0.3655623711575091,0,0,0.29409960112768646
50,B,gaussian_noise,pi_source_state_soft,2,True,1.4552508794361636,0.3655623711575091,0,0,0.29409960112768646
50,A,gaussian_blur,pi_zero_soft,2,True,1.3481183681817073,0.32442457258295576,1,1,0.4670993664969138
50,A,gaussian_blur,pi_zero_hard,2,True,1.0,0.22862505633521046,1,1,0.5416666666666667
50,A,gaussian_blur,pi_oracle_state_soft,2,True,1.4483399364980485,0.3625314528730159,0,0,0.37194949554383877
50,A,gaussian_blur,pi_source_state_soft,2,True,1.4483399364980485,0.3625314528730159,0,0,0.37194949554383877
50,B,gaussian_blur,pi_zero_soft,2,True,1.3481183681817073,0.32442457258295576,1,1,0.4670993664969138
50,B,gaussian_blur,pi_zero_hard,2,True,1.0,0.22862505633521046,1,1,0.5416666666666667
50,B,gaussian_blur,pi_oracle_state_soft,2,True,1.4523284468031479,0.36417962524750336,0,0,0.37194949554383877
50,B,gaussian_blur,pi_source_state_soft,2,True,1.4523284468031479,0.36417962524750336,0,0,0.37194949554383877
51,A,clean,pi_zero_soft,2,True,1.772555239480989,0.5469138390452524,0,0,-0.40451991747794525
51,A,clean,pi_zero_hard,2,True,1.9,0.658489821531948,0,0,-0.24052559968237083
51,A,clean,pi_oracle_state_soft,2,True,1.772555239480989,0.5469138390452524,0,0,-0.40451991747794525
51,A,clean,pi_source_state_soft,2,True,1.772555239480989,0.5469138390452524,0,0,-0.40451991747794525
51,B,clean,pi_zero_soft,2,True,1.772555239480989,0.5469138390452524,0,0,-0.40451991747794525
51,B,clean,pi_zero_hard,2,True,1.9,0.658489821531948,0,0,-0.24052559968237083
51,B,clean,pi_oracle_state_soft,2,True,1.772555239480989,0.5469138390452524,0,0,-0.40451991747794525
51,B,clean,pi_source_state_soft,2,True,1.772555239480989,0.5469138390452524,0,0,-0.40451991747794525
51,A,brightness_dark,pi_zero_soft,2,True,1.7610588390627826,0.5542393130020256,0,0,-0.26967994498529685
51,A,brightness_dark,pi_zero_hard,2,True,1.9,0.658489821531948,0,0,-0.24052559968237083
51,A,brightness_dark,pi_oracle_state_soft,2,True,1.800372472871849,0.5734754574333087,0,0,-0.5618332187193684
51,A,brightness_dark,pi_source_state_soft,2,True,1.800372472871849,0.5734754574333087,0,0,-0.5618332187193684
51,B,brightness_dark,pi_zero_soft,2,True,1.7610588390627826,0.5542393130020256,0,0,-0.26967994498529685
51,B,brightness_dark,pi_zero_hard,2,True,1.9,0.658489821531948,0,0,-0.24052559968237083
51,B,brightness_dark,pi_oracle_state_soft,2,True,1.802245548055391,0.5746023079089675,0,0,-0.5618332187193684
51,B,brightness_dark,pi_source_state_soft,2,True,1.802245548055391,0.5746023079089675,0,0,-0.5618332187193684
51,A,contrast_low,pi_zero_soft,2,True,1.7510668993972969,0.5460514838525952,0,0,-0.3370999312316211
51,A,contrast_low,pi_zero_hard,2,True,2.0,0.6931471805599455,0,0,-0.41475094770699833
51,A,contrast_low,pi_oracle_state_soft,2,True,1.8017024703207554,0.5755044753867828,0,0,-0.4944132324730442
51,A,contrast_low,pi_source_state_soft,2,True,1.8017024703207554,0.5755044753867828,0,0,-0.4944132324730442
51,B,contrast_low,pi_zero_soft,2,True,1.7510668993972969,0.5460514838525952,0,0,-0.3370999312316211
51,B,contrast_low,pi_zero_hard,2,True,2.0,0.6931471805599455,0,0,-0.41475094770699833
51,B,contrast_low,pi_oracle_state_soft,2,True,1.8025723664370257,0.5775837239940802,0,0,-0.4944132324730442
51,B,contrast_low,pi_source_state_soft,2,True,1.8025723664370257,0.5775837239940802,0,0,-0.4944132324730442
51,A,gaussian_noise,pi_zero_soft,2,True,1.829038811633584,0.5763602987506848,0,0,-0.40451991747794525
51,A,gaussian_noise,pi_zero_hard,2,True,1.9,0.658489821531948,0,0,-0.20333142711013955
51,A,gaussian_noise,pi_oracle_state_soft,2,True,1.7661650921772276,0.5440520864776974,0,0,-0.40451991747794525
51,A,gaussian_noise,pi_source_state_soft,2,True,1.7661650921772276,0.5440520864776974,0,0,-0.40451991747794525
51,B,gaussian_noise,pi_zero_soft,2,True,1.829038811633584,0.5763602987506848,0,0,-0.40451991747794525
51,B,gaussian_noise,pi_zero_hard,2,True,1.9,0.658489821531948,0,0,-0.20333142711013955
51,B,gaussian_noise,pi_oracle_state_soft,2,True,1.766891715300758,0.5446326553392913,0,0,-0.40451991747794525
51,B,gaussian_noise,pi_source_state_soft,2,True,1.766891715300758,0.5446326553392913,0,0,-0.40451991747794525
51,A,gaussian_blur,pi_zero_soft,2,True,1.723004018988777,0.5251038814077453,0,0,-0.3370999312316211
51,A,gaussian_blur,pi_zero_hard,2,True,1.9,0.6584898215319478,0,0,-0.3488157876353989
51,A,gaussian_blur,pi_oracle_state_soft,2,True,1.7736428221361893,0.5485267794112967,0,0,-0.40451991747794525
51,A,gaussian_blur,pi_source_state_soft,2,True,1.7736428221361893,0.5485267794112967,0,0,-0.40451991747794525
51,B,gaussian_blur,pi_zero_soft,2,True,1.723004018988777,0.5251038814077453,0,0,-0.3370999312316211
51,B,gaussian_blur,pi_zero_hard,2,True,1.9,0.6584898215319478,0,0,-0.3488157876353989
51,B,gaussian_blur,pi_oracle_state_soft,2,True,1.7775850604621017,0.5502446615117358,0,0,-0.40451991747794525
51,B,gaussian_blur,pi_source_state_soft,2,True,1.7775850604621017,0.5502446615117358,0,0,-0.40451991747794525
52,A,clean,pi_zero_soft,1,False,1.2477637560399104,0.2955940870858502,1,1,0.4670993664969138
52,A,clean,pi_zero_hard,1,False,0.9,0.18917902511697704,1,1,0.5416666666666667
52,A,clean,pi_oracle_state_soft,1,False,1.2477637560399104,0.2955940870858502,1,1,0.4670993664969138
52,A,clean,pi_source_state_soft,1,False,1.3784574246531485,0.3416536935466503,1,1,0.3113995776646092
52,B,clean,pi_zero_soft,1,False,1.2477637560399104,0.2955940870858502,1,1,0.4670993664969138
52,B,clean,pi_zero_hard,1,False,0.9,0.18917902511697704,1,1,0.5416666666666667
52,B,clean,pi_oracle_state_soft,1,False,1.2477637560399104,0.2955940870858502,1,1,0.4670993664969138
52,B,clean,pi_source_state_soft,1,False,1.3879549843745276,0.34510491162844015,1,1,0.3113995776646092
52,A,brightness_dark,pi_zero_soft,1,True,1.1348939420384943,0.2557740449703956,1,1,0.3113995776646092
52,A,brightness_dark,pi_zero_hard,1,True,0.4,0.10544351458539458,1,1,0.3831305140884606
52,A,brightness_dark,pi_oracle_state_soft,1,True,1.250306106849312,0.2967603488609145,1,1,0.38924947208076155
52,A,brightness_dark,pi_source_state_soft,1,True,1.250306106849312,0.2967603488609145,1,1,0.38924947208076155
52,B,brightness_dark,pi_zero_soft,1,True,1.1348939420384943,0.2557740449703956,1,1,0.3113995776646092
52,B,brightness_dark,pi_zero_hard,1,True,0.4,0.10544351458539458,1,1,0.3831305140884606
52,B,brightness_dark,pi_oracle_state_soft,1,True,1.2474639895451038,0.29607328024209867,1,1,0.38924947208076155
52,B,brightness_dark,pi_source_state_soft,1,True,1.2474639895451038,0.29607328024209867,1,1,0.38924947208076155
52,A,contrast_low,pi_zero_soft,1,True,1.2557766882269539,0.295215833104157,1,1,0.3113995776646092
52,A,contrast_low,pi_zero_hard,1,True,0.7,0.16608292931223056,1,1,0.3831305140884606
52,A,contrast_low,pi_oracle_state_soft,1,True,1.3374386509227107,0.3256062678054754,1,1,0.38924947208076155
52,A,contrast_low,pi_source_state_soft,1,True,1.3374386509227107,0.3256062678054754,1,1,0.38924947208076155
52,B,contrast_low,pi_zero_soft,1,True,1.2557766882269539,0.295215833104157,1,1,0.3113995776646092
52,B,contrast_low,pi_zero_hard,1,True,0.7,0.16608292931223056,1,1,0.3831305140884606
52,B,contrast_low,pi_oracle_state_soft,1,True,1.353525120706296,0.32927951766393626,1,1,0.3113995776646092
52,B,contrast_low,pi_source_state_soft,1,True,1.353525120706296,0.32927951766393626,1,1,0.3113995776646092
52,A,gaussian_noise,pi_zero_soft,1,True,1.38049303139376,0.3404871296501588,1,1,0.3113995776646092
52,A,gaussian_noise,pi_zero_hard,1,True,1.2999999999999998,0.3225513571552737,1,1,0.19907407407407407
52,A,gaussian_noise,pi_oracle_state_soft,1,True,1.2824169670102106,0.3087989987682307,1,1,0.4670993664969138
52,A,gaussian_noise,pi_source_state_soft,1,True,1.2824169670102106,0.3087989987682307,1,1,0.4670993664969138
52,B,gaussian_noise,pi_zero_soft,1,True,1.38049303139376,0.3404871296501588,1,1,0.3113995776646092
52,B,gaussian_noise,pi_zero_hard,1,True,1.2999999999999998,0.3225513571552737,1,1,0.19907407407407407
52,B,gaussian_noise,pi_oracle_state_soft,1,True,1.297610549162924,0.3135145054443833,1,1,0.4670993664969138
52,B,gaussian_noise,pi_source_state_soft,1,True,1.297610549162924,0.3135145054443833,1,1,0.4670993664969138
52,A,gaussian_blur,pi_zero_soft,1,True,1.2390059225139731,0.2902454360116753,1,1,0.3113995776646092
52,A,gaussian_blur,pi_zero_hard,1,True,1.0,0.2157615543388357,1,1,0.5416666666666667
52,A,gaussian_blur,pi_oracle_state_soft,1,True,1.315591319351435,0.316119168637244,1,1,0.3113995776646092
52,A,gaussian_blur,pi_source_state_soft,1,True,1.315591319351435,0.316119168637244,1,1,0.3113995776646092
52,B,gaussian_blur,pi_zero_soft,1,True,1.2390059225139731,0.2902454360116753,1,1,0.3113995776646092
52,B,gaussian_blur,pi_zero_hard,1,True,1.0,0.2157615543388357,1,1,0.5416666666666667
52,B,gaussian_blur,pi_oracle_state_soft,1,True,1.3206839056848003,0.31772168806310486,1,1,0.3113995776646092
52,B,gaussian_blur,pi_source_state_soft,1,True,1.3206839056848003,0.31772168806310486,1,1,0.3113995776646092
53,A,clean,pi_zero_soft,2,True,1.2172826859832468,0.3382949559723267,0,0,0.3027495893961478
53,A,clean,pi_zero_hard,2,True,1.3,0.33667312524876425,0,0,0.47685185185185186
53,A,clean,pi_oracle_state_soft,2,True,1.2172826859832468,0.3382949559723267,0,0,0.3027495893961478
53,A,clean,pi_source_state_soft,2,True,1.2172826859832468,0.3382949559723267,0,0,0.3027495893961478
53,B,clean,pi_zero_soft,2,True,1.2172826859832468,0.3382949559723267,0,0,0.3027495893961478
53,B,clean,pi_zero_hard,2,True,1.3,0.33667312524876425,0,0,0.47685185185185186
53,B,clean,pi_oracle_state_soft,2,True,1.2172826859832468,0.3382949559723267,0,0,0.3027495893961478
53,B,clean,pi_source_state_soft,2,True,1.2172826859832468,0.3382949559723267,0,0,0.3027495893961478
53,A,brightness_dark,pi_zero_soft,2,True,1.7709866519549193,0.5251317875358699,0,0,-0.19894973017461143
53,A,brightness_dark,pi_zero_hard,2,True,1.7999999999999998,0.5806801516361837,0,0,0.0638550856814101
53,A,brightness_dark,pi_oracle_state_soft,2,True,1.2044123155437265,0.3345185999661999,0,0,0.3027495893961478
53,A,brightness_dark,pi_source_state_soft,2,True,1.2044123155437265,0.3345185999661999,0,0,0.3027495893961478
53,B,brightness_dark,pi_zero_soft,2,True,1.7709866519549193,0.5251317875358699,0,0,-0.19894973017461143
53,B,brightness_dark,pi_zero_hard,2,True,1.7999999999999998,0.5806801516361837,0,0,0.0638550856814101
53,B,brightness_dark,pi_oracle_state_soft,2,True,1.2091302136963504,0.3345334561210971,0,0,0.3027495893961478
53,B,brightness_dark,pi_source_state_soft,2,True,1.2091302136963504,0.3345334561210971,0,0,0.3027495893961478
53,A,contrast_low,pi_zero_soft,2,True,1.7911436676026993,0.5260635528991184,0,0,-0.354649519006916
53,A,contrast_low,pi_zero_hard,2,True,2.0,0.6931471805599454,0,0,-0.3192754284070505
53,A,contrast_low,pi_oracle_state_soft,2,True,1.282685319871246,0.37487769939089843,0,0,0.2075997184430728
53,A,contrast_low,pi_source_state_soft,2,True,1.282685319871246,0.37487769939089843,0,0,0.2075997184430728
53,B,contrast_low,pi_zero_soft,2,True,1.7911436676026993,0.5260635528991184,0,0,-0.354649519006916
53,B,contrast_low,pi_zero_hard,2,True,2.0,0.6931471805599454,0,0,-0.3192754284070505
53,B,contrast_low,pi_oracle_state_soft,2,True,1.2747018449523375,0.36488167446951514,0,0,0.2075997184430728
53,B,contrast_low,pi_source_state_soft,2,True,1.2747018449523375,0.36488167446951514,0,0,0.2075997184430728
53,A,gaussian_noise,pi_zero_soft,2,True,1.270822359713404,0.3460221981232283,0,0,0.3027495893961478
53,A,gaussian_noise,pi_zero_hard,2,True,1.3,0.3253678696918254,0,0,0.5333628833421288
53,A,gaussian_noise,pi_oracle_state_soft,2,True,1.2486262366263148,0.35729691603570446,0,0,0.3027495893961478
53,A,gaussian_noise,pi_source_state_soft,2,True,1.2486262366263148,0.35729691603570446,0,0,0.3027495893961478
53,B,gaussian_noise,pi_zero_soft,2,True,1.270822359713404,0.3460221981232283,0,0,0.3027495893961478
53,B,gaussian_noise,pi_zero_hard,2,True,1.3,0.3253678696918254,0,0,0.5333628833421288
53,B,gaussian_noise,pi_oracle_state_soft,2,True,1.2499351508260226,0.3587228839867995,0,0,0.3027495893961478
53,B,gaussian_noise,pi_source_state_soft,2,True,1.2499351508260226,0.3587228839867995,0,0,0.3027495893961478
53,A,gaussian_blur,pi_zero_soft,2,True,1.4584293447690104,0.3955417769061338,0,0,0.3027495893961478
53,A,gaussian_blur,pi_zero_hard,2,True,1.2,0.31812877135125905,0,0,0.461109807192301
53,A,gaussian_blur,pi_oracle_state_soft,2,True,1.1940472863957334,0.3238918941437894,0,0,0.4930493313022979
53,A,gaussian_blur,pi_source_state_soft,2,True,1.1940472863957334,0.3238918941437894,0,0,0.4930493313022979
53,B,gaussian_blur,pi_zero_soft,2,True,1.4584293447690104,0.3955417769061338,0,0,0.3027495893961478
53,B,gaussian_blur,pi_zero_hard,2,True,1.2,0.31812877135125905,0,0,0.461109807192301
53,B,gaussian_blur,pi_oracle_state_soft,2,True,1.1891736065018537,0.3192087427949848,0,0,0.5881992022553729
53,B,gaussian_blur,pi_source_state_soft,2,True,1.1891736065018537,0.3192087427949848,0,0,0.5881992022553729
54,A,clean,pi_zero_soft,2,True,1.354201723554148,0.31984631769467997,0,0,0.7680367542868648
54,A,clean,pi_zero_hard,2,True,1.4000000000000001,0.29570183834446695,0,0,0.8028520157132446
54,A,clean,pi_oracle_state_soft,2,True,1.354201723554148,0.31984631769467997,0,0,0.7680367542868648
54,A,clean,pi_source_state_soft,2,True,1.354201723554148,0.31984631769467997,0,0,0.7680367542868648
54,B,clean,pi_zero_soft,2,True,1.354201723554148,0.31984631769467997,0,0,0.7680367542868648
54,B,clean,pi_zero_hard,2,True,1.4000000000000001,0.29570183834446695,0,0,0.8028520157132446
54,B,clean,pi_oracle_state_soft,2,True,1.354201723554148,0.31984631769467997,0,0,0.7680367542868648
54,B,clean,pi_source_state_soft,2,True,1.354201723554148,0.31984631769467997,0,0,0.7680367542868648
54,A,brightness_dark,pi_zero_soft,2,True,1.5161534488162505,0.39096803127613633,0,0,0.49959672366232943
54,A,brightness_dark,pi_zero_hard,2,True,1.6,0.4234197730596333,0,0,0.6491933710943361
54,A,brightness_dark,pi_oracle_state_soft,2,True,1.3133596064110993,0.30367002868009396,0,0,0.7680367542868648
54,A,brightness_dark,pi_source_state_soft,2,True,1.3133596064110993,0.30367002868009396,0,0,0.7680367542868648
54,B,brightness_dark,pi_zero_soft,2,True,1.5161534488162505,0.39096803127613633,0,0,0.49959672366232943
54,B,brightness_dark,pi_zero_hard,2,True,1.6,0.4234197730596333,0,0,0.6491933710943361
54,B,brightness_dark,pi_oracle_state_soft,2,True,1.3069332054025173,0.3008083848742067,0,0,0.7680367542868648
54,B,brightness_dark,pi_source_state_soft,2,True,1.3069332054025173,0.3008083848742067,0,0,0.7680367542868648
54,A,contrast_low,pi_zero_soft,2,True,1.4988690119296975,0.3875521344054482,0,0,0.4846833886276331
54,A,contrast_low,pi_zero_hard,2,True,1.6000000000000003,0.4363100909357033,0,0,0.5045871559633028
54,A,contrast_low,pi_oracle_state_soft,2,True,1.4408493154930497,0.3680142252722116,0,0,0.5741633988358115
54,A,contrast_low,pi_source_state_soft,2,True,1.4408493154930497,0.3680142252722116,0,0,0.5741633988358115
54,B,contrast_low,pi_zero_soft,2,True,1.4988690119296975,0.3875521344054482,0,0,0.4846833886276331
54,B,contrast_low,pi_zero_hard,2,True,1.6000000000000003,0.4363100909357033,0,0,0.5045871559633028
54,B,contrast_low,pi_oracle_state_soft,2,True,1.4311158616239987,0.3635107655591461,0,0,0.6636434090439898
54,B,contrast_low,pi_source_state_soft,2,True,1.4311158616239987,0.3635107655591461,0,0,0.6636434090439898
54,A,gaussian_noise,pi_zero_soft,2,True,1.4025668929629165,0.3486366574340376,0,0,0.6636434090439898
54,A,gaussian_noise,pi_zero_hard,2,True,1.4000000000000001,0.30496944035217544,0,0,0.787262656184832
54,A,gaussian_noise,pi_oracle_state_soft,2,True,1.377885866119875,0.3317671916149165,0,0,0.6785567440786864
54,A,gaussian_noise,pi_source_state_soft,2,True,1.377885866119875,0.3317671916149165,0,0,0.6785567440786864
54,B,gaussian_noise,pi_zero_soft,2,True,1.4025668929629165,0.3486366574340376,0,0,0.6636434090439898
54,B,gaussian_noise,pi_zero_hard,2,True,1.4000000000000001,0.30496944035217544,0,0,0.787262656184832
54,B,gaussian_noise,pi_oracle_state_soft,2,True,1.379306644744499,0.3330016928886037,0,0,0.6636434090439898
54,B,gaussian_noise,pi_source_state_soft,2,True,1.379306644744499,0.3330016928886037,0,0,0.6636434090439898
54,A,gaussian_blur,pi_zero_soft,2,True,1.374104017973442,0.3216577075733611,0,0,0.7680367542868648
54,A,gaussian_blur,pi_zero_hard,2,True,1.5000000000000002,0.3508792332816414,0,0,0.7340380739937703
54,A,gaussian_blur,pi_oracle_state_soft,2,True,1.327006814815761,0.30808677666428386,0,0,0.7680367542868648
54,A,gaussian_blur,pi_source_state_soft,2,True,1.327006814815761,0.30808677666428386,0,0,0.7680367542868648
54,B,gaussian_blur,pi_zero_soft,2,True,1.374104017973442,0.3216577075733611,0,0,0.7680367542868648
54,B,gaussian_blur,pi_zero_hard,2,True,1.5000000000000002,0.3508792332816414,0,0,0.7340380739937703
54,B,gaussian_blur,pi_oracle_state_soft,2,True,1.3213007704384092,0.30612944876491177,0,0,0.7680367542868648
54,B,gaussian_blur,pi_source_state_soft,2,True,1.3213007704384092,0.30612944876491177,0,0,0.7680367542868648
55,A,clean,pi_zero_soft,1,True,1.026334007640025,0.21266585946202243,1,1,0.6227991553292184
55,A,clean,pi_zero_hard,1,True,0.7,0.15277551459922267,1,1,0.3831305140884606
55,A,clean,pi_oracle_state_soft,1,True,1.026334007640025,0.21266585946202243,1,1,0.6227991553292184
55,A,clean,pi_source_state_soft,1,True,1.026334007640025,0.21266585946202243,1,1,0.6227991553292184
55,B,clean,pi_zero_soft,1,True,1.026334007640025,0.21266585946202243,1,1,0.6227991553292184
55,B,clean,pi_zero_hard,1,True,0.7,0.15277551459922267,1,1,0.3831305140884606
55,B,clean,pi_oracle_state_soft,1,True,1.026334007640025,0.21266585946202243,1,1,0.6227991553292184
55,B,clean,pi_source_state_soft,1,True,1.026334007640025,0.21266585946202243,1,1,0.6227991553292184
55,A,brightness_dark,pi_zero_soft,1,True,1.591290743039617,0.4327068050763252,0,0,0.21624970671153415
55,A,brightness_dark,pi_zero_hard,1,True,1.6,0.4274759576167326,0,0,0.19977432661993444
55,A,brightness_dark,pi_oracle_state_soft,1,True,1.1138063273782315,0.2379588838925557,1,1,0.6227991553292184
55,A,brightness_dark,pi_source_state_soft,1,True,1.1138063273782315,0.2379588838925557,1,1,0.6227991553292184
55,B,brightness_dark,pi_zero_soft,1,True,1.591290743039617,0.4327068050763252,0,0,0.21624970671153415
55,B,brightness_dark,pi_zero_hard,1,True,1.6,0.4274759576167326,0,0,0.19977432661993444
55,B,brightness_dark,pi_oracle_state_soft,1,True,1.1050535254392964,0.23496858769693818,1,1,0.6227991553292184
55,B,brightness_dark,pi_source_state_soft,1,True,1.1050535254392964,0.23496858769693818,1,1,0.6227991553292184
55,A,contrast_low,pi_zero_soft,1,True,1.3405643499129067,0.30836808740027255,1,1,0.6227991553292184
55,A,contrast_low,pi_zero_hard,1,True,1.0,0.22611249217232232,1,1,0.3831305140884606
55,A,contrast_low,pi_oracle_state_soft,1,True,1.0490980379490644,0.21728071540539262,1,1,0.6227991553292184
55,A,contrast_low,pi_source_state_soft,1,True,1.0490980379490644,0.21728071540539262,1,1,0.6227991553292184
55,B,contrast_low,pi_zero_soft,1,True,1.3405643499129067,0.30836808740027255,1,1,0.6227991553292184
55,B,contrast_low,pi_zero_hard,1,True,1.0,0.22611249217232232,1,1,0.3831305140884606
55,B,contrast_low,pi_oracle_state_soft,1,True,1.0784012127405205,0.22767803044366342,1,1,0.6227991553292184
55,B,contrast_low,pi_source_state_soft,1,True,1.0784012127405205,0.22767803044366342,1,1,0.6227991553292184
55,A,gaussian_noise,pi_zero_soft,1,True,1.0798979447491175,0.23599543822430158,1,1,0.6227991553292184
55,A,gaussian_noise,pi_zero_hard,1,True,0.9,0.2002788594369399,1,1,0.2526455763199557
55,A,gaussian_noise,pi_oracle_state_soft,1,True,1.0331989829627828,0.21577357351913173,1,1,0.6227991553292184
55,A,gaussian_noise,pi_source_state_soft,1,True,1.0331989829627828,0.21577357351913173,1,1,0.6227991553292184
55,B,gaussian_noise,pi_zero_soft,1,True,1.0798979447491175,0.23599543822430158,1,1,0.6227991553292184
55,B,gaussian_noise,pi_zero_hard,1,True,0.9,0.2002788594369399,1,1,0.2526455763199557
55,B,gaussian_noise,pi_oracle_state_soft,1,True,1.0420317725370563,0.21894451195063447,1,1,0.6227991553292184
55,B,gaussian_noise,pi_source_state_soft,1,True,1.0420317725370563,0.21894451195063447,1,1,0.6227991553292184
55,A,gaussian_blur,pi_zero_soft,1,True,1.0872048262919165,0.22812685921572728,1,1,0.6227991553292184
55,A,gaussian_blur,pi_zero_hard,1,True,0.49999999999999994,0.1098680751535962,1,1,0.30815781721396834
55,A,gaussian_blur,pi_oracle_state_soft,1,True,1.0569241871091688,0.22386723648728235,1,1,0.6227991553292184
55,A,gaussian_blur,pi_source_state_soft,1,True,1.0569241871091688,0.22386723648728235,1,1,0.6227991553292184
55,B,gaussian_blur,pi_zero_soft,1,True,1.0872048262919165,0.22812685921572728,1,1,0.6227991553292184
55,B,gaussian_blur,pi_zero_hard,1,True,0.49999999999999994,0.1098680751535962,1,1,0.30815781721396834
55,B,gaussian_blur,pi_oracle_state_soft,1,True,1.0597367256044807,0.22518853155749485,1,1,0.6227991553292184
55,B,gaussian_blur,pi_source_state_soft,1,True,1.0597367256044807,0.22518853155749485,1,1,0.6227991553292184
56,A,clean,pi_zero_soft,4,True,1.3652360607066563,0.40269573809823944,0,0,-0.24675483634579948
56,A,clean,pi_zero_hard,4,True,1.6,0.517404747775482,0,0,-0.3234983196103153
56,A,clean,pi_oracle_state_soft,4,True,1.3652360607066563,0.40269573809823944,0,0,-0.24675483634579948
56,A,clean,pi_source_state_soft,4,True,1.3652360607066563,0.40269573809823944,0,0,-0.24675483634579948
56,B,clean,pi_zero_soft,4,True,1.3652360607066563,0.40269573809823944,0,0,-0.24675483634579948
56,B,clean,pi_zero_hard,4,True,1.6,0.517404747775482,0,0,-0.3234983196103153
56,B,clean,pi_oracle_state_soft,4,True,1.3652360607066563,0.40269573809823944,0,0,-0.24675483634579948
56,B,clean,pi_source_state_soft,4,True,1.3652360607066563,0.40269573809823944,0,0,-0.24675483634579948
56,A,brightness_dark,pi_zero_soft,4,True,1.2221536800767956,0.3727379609287478,0,0,0.08225161211526649
56,A,brightness_dark,pi_zero_hard,4,True,1.7000000000000002,0.5499314926936125,0,0,-0.08433190209254683
56,A,brightness_dark,pi_oracle_state_soft,4,True,1.3942334756274164,0.41354973307722,0,0,-0.2947349434130383
56,A,brightness_dark,pi_source_state_soft,4,True,1.3942334756274164,0.41354973307722,0,0,-0.2947349434130383
56,B,brightness_dark,pi_zero_soft,4,True,1.2221536800767956,0.3727379609287478,0,0,0.08225161211526649
56,B,brightness_dark,pi_zero_hard,4,True,1.7000000000000002,0.5499314926936125,0,0,-0.08433190209254683
56,B,brightness_dark,pi_oracle_state_soft,4,True,1.3935429080521138,0.41424104772797365,0,0,-0.2947349434130383
56,B,brightness_dark,pi_source_state_soft,4,True,1.3935429080521138,0.41424104772797365,0,0,-0.2947349434130383
56,A,contrast_low,pi_zero_soft,4,True,1.2654623739027095,0.37577205463435015,0,0,0.06168870908644987
56,A,contrast_low,pi_zero_hard,4,True,1.7000000000000002,0.5608345329283488,0,0,-0.08433190209254683
56,A,contrast_low,pi_oracle_state_soft,4,True,1.3686281789816959,0.40494740463772594,0,0,-0.17821182624974405
56,A,contrast_low,pi_source_state_soft,4,True,1.3686281789816959,0.40494740463772594,0,0,-0.17821182624974405
56,B,contrast_low,pi_zero_soft,4,True,1.2654623739027095,0.37577205463435015,0,0,0.06168870908644987
56,B,contrast_low,pi_zero_hard,4,True,1.7000000000000002,0.5608345329283488,0,0,-0.08433190209254683
56,B,contrast_low,pi_oracle_state_soft,4,True,1.3769061588682623,0.40528451700719126,0,0,-0.17821182624974405
56,B,contrast_low,pi_source_state_soft,4,True,1.3769061588682623,0.40528451700719126,0,0,-0.17821182624974405
56,A,gaussian_noise,pi_zero_soft,4,True,1.4131789746244139,0.41580993283426504,0,0,-0.2947349434130383
56,A,gaussian_noise,pi_zero_hard,4,True,1.5,0.46580503431745535,0,0,0.0
56,A,gaussian_noise,pi_oracle_state_soft,4,True,1.3483617084647677,0.39885529340080916,0,0,-0.24675483634579948
56,A,gaussian_noise,pi_source_state_soft,4,True,1.3483617084647677,0.39885529340080916,0,0,-0.24675483634579948
56,B,gaussian_noise,pi_zero_soft,4,True,1.4131789746244139,0.41580993283426504,0,0,-0.2947349434130383
56,B,gaussian_noise,pi_zero_hard,4,True,1.5,0.46580503431745535,0,0,0.0
56,B,gaussian_noise,pi_oracle_state_soft,4,True,1.3478479119302924,0.3979631111737385,0,0,-0.24675483634579948
56,B,gaussian_noise,pi_source_state_soft,4,True,1.3478479119302924,0.3979631111737385,0,0,-0.24675483634579948
56,A,gaussian_blur,pi_zero_soft,4,True,1.2808431418244766,0.3808874477698212,0,0,-0.19877472927856069
56,A,gaussian_blur,pi_zero_hard,4,True,1.7000000000000002,0.5891751034759534,0,0,-0.49664129130990264
56,A,gaussian_blur,pi_oracle_state_soft,4,True,1.3537031767485972,0.39938263358506987,0,0,-0.24675483634579948
56,A,gaussian_blur,pi_source_state_soft,4,True,1.3537031767485972,0.39938263358506987,0,0,-0.24675483634579948
56,B,gaussian_blur,pi_zero_soft,4,True,1.2808431418244766,0.3808874477698212,0,0,-0.19877472927856069
56,B,gaussian_blur,pi_zero_hard,4,True,1.7000000000000002,0.5891751034759534,0,0,-0.49664129130990264
56,B,gaussian_blur,pi_oracle_state_soft,4,True,1.3566701034186637,0.4002828325007326,0,0,-0.24675483634579948
56,B,gaussian_blur,pi_source_state_soft,4,True,1.3566701034186637,0.4002828325007326,0,0,-0.24675483634579948
57,A,clean,pi_zero_soft,4,True,0.9803487140278393,0.20557720507525468,0,0,0.4151994368861456
57,A,clean,pi_zero_hard,4,True,1.1000000000000003,0.2914652541203382,0,0,0.26274692712269404
57,A,clean,pi_oracle_state_soft,4,True,0.9803487140278393,0.20557720507525468,0,0,0.4151994368861456
57,A,clean,pi_source_state_soft,4,True,0.9803487140278393,0.20557720507525468,0,0,0.4151994368861456
57,B,clean,pi_zero_soft,4,True,0.9803487140278393,0.20557720507525468,0,0,0.4151994368861456
57,B,clean,pi_zero_hard,4,True,1.1000000000000003,0.2914652541203382,0,0,0.26274692712269404
57,B,clean,pi_oracle_state_soft,4,True,0.9803487140278393,0.20557720507525468,0,0,0.4151994368861456
57,B,clean,pi_source_state_soft,4,True,0.9803487140278393,0.20557720507525468,0,0,0.4151994368861456
57,A,brightness_dark,pi_zero_soft,4,True,1.1517049561158663,0.253313561954742,0,0,0.3827619808794154
57,A,brightness_dark,pi_zero_hard,4,True,1.7000000000000002,0.5163993119678616,0,0,0.04035399987325775
57,A,brightness_dark,pi_oracle_state_soft,4,True,0.9521042515956206,0.20025231518241515,0,0,0.5060243137049898
57,A,brightness_dark,pi_source_state_soft,4,True,0.9521042515956206,0.20025231518241515,0,0,0.5060243137049898
57,B,brightness_dark,pi_zero_soft,4,True,1.1517049561158663,0.253313561954742,0,0,0.3827619808794154
57,B,brightness_dark,pi_zero_hard,4,True,1.7000000000000002,0.5163993119678616,0,0,0.04035399987325775
57,B,brightness_dark,pi_oracle_state_soft,4,True,0.951324922058592,0.19970331654587015,0,0,0.5060243137049898
57,B,brightness_dark,pi_source_state_soft,4,True,0.951324922058592,0.19970331654587015,0,0,0.5060243137049898
57,A,contrast_low,pi_zero_soft,4,True,1.2376113858020057,0.2880114722431484,0,0,0.23354968324845687
57,A,contrast_low,pi_zero_hard,4,True,1.8000000000000003,0.557978817900054,0,0,-0.16761959991370146
57,A,contrast_low,pi_oracle_state_soft,4,True,0.9974914498870722,0.20789851351168975,0,0,0.39573696328210745
57,A,contrast_low,pi_source_state_soft,4,True,0.9974914498870722,0.20789851351168975,0,0,0.39573696328210745
57,B,contrast_low,pi_zero_soft,4,True,1.2376113858020057,0.2880114722431484,0,0,0.23354968324845687
57,B,contrast_low,pi_zero_hard,4,True,1.8000000000000003,0.557978817900054,0,0,-0.16761959991370146
57,B,contrast_low,pi_oracle_state_soft,4,True,0.982076984243563,0.20544345919873974,0,0,0.4151994368861456
57,B,contrast_low,pi_source_state_soft,4,True,0.982076984243563,0.20544345919873974,0,0,0.4151994368861456
57,A,gaussian_noise,pi_zero_soft,4,True,0.8988605209704515,0.19560358337724404,0,0,0.5060243137049898
57,A,gaussian_noise,pi_zero_hard,4,True,1.0,0.21926462997495633,0,0,0.47539926828479057
57,A,gaussian_noise,pi_oracle_state_soft,4,True,0.975441382870564,0.20651308588150052,0,0,0.4151994368861456
57,A,gaussian_noise,pi_source_state_soft,4,True,0.975441382870564,0.20651308588150052,0,0,0.4151994368861456
57,B,gaussian_noise,pi_zero_soft,4,True,0.8988605209704515,0.19560358337724404,0,0,0.5060243137049898
57,B,gaussian_noise,pi_zero_hard,4,True,1.0,0.21926462997495633,0,0,0.47539926828479057
57,B,gaussian_noise,pi_oracle_state_soft,4,True,0.9764942747238697,0.20537173678698273,0,0,0.4151994368861456
57,B,gaussian_noise,pi_source_state_soft,4,True,0.9764942747238697,0.20537173678698273,0,0,0.4151994368861456
57,A,gaussian_blur,pi_zero_soft,4,True,1.0875435277373837,0.2300868344764595,0,0,0.3438370336713392
57,A,gaussian_blur,pi_zero_hard,4,True,1.4,0.3494768545577782,0,0,0.13137346356134702
57,A,gaussian_blur,pi_oracle_state_soft,4,True,0.9614920539028003,0.19882311264152985,0,0,0.5968491905238342
57,A,gaussian_blur,pi_source_state_soft,4,True,0.9614920539028003,0.19882311264152985,0,0,0.5968491905238342
57,B,gaussian_blur,pi_zero_soft,4,True,1.0875435277373837,0.2300868344764595,0,0,0.3438370336713392
57,B,gaussian_blur,pi_zero_hard,4,True,1.4,0.3494768545577782,0,0,0.13137346356134702
57,B,gaussian_blur,pi_oracle_state_soft,4,True,0.9543160611558502,0.19753348345401567,0,0,0.5968491905238342
57,B,gaussian_blur,pi_source_state_soft,4,True,0.9543160611558502,0.19753348345401567,0,0,0.5968491905238342
58,A,clean,pi_zero_soft,1,True,1.815894933061557,0.5615896251303462,0,0,0.16434977710076598
58,A,clean,pi_zero_hard,1,True,2.0,0.6931471805599453,0,0,-0.39594258061099913
58,A,clean,pi_oracle_state_soft,1,True,1.815894933061557,0.5615896251303462,0,0,0.16434977710076598
58,A,clean,pi_source_state_soft,1,True,1.815894933061557,0.5615896251303462,0,0,0.16434977710076598
58,B,clean,pi_zero_soft,1,True,1.815894933061557,0.5615896251303462,0,0,0.16434977710076598
58,B,clean,pi_zero_hard,1,True,2.0,0.6931471805599453,0,0,-0.39594258061099913
58,B,clean,pi_oracle_state_soft,1,True,1.815894933061557,0.5615896251303462,0,0,0.16434977710076598
58,B,clean,pi_source_state_soft,1,True,1.815894933061557,0.5615896251303462,0,0,0.16434977710076598
58,A,brightness_dark,pi_zero_soft,1,True,1.8884189407166665,0.6078069374682116,0,0,-0.6227991553292184
58,A,brightness_dark,pi_zero_hard,1,True,2.0,0.6931471805599454,0,0,-0.32075014954979214
58,A,brightness_dark,pi_oracle_state_soft,1,True,1.8205713922562432,0.5803322845930469,0,0,-0.0259499648053841
58,A,brightness_dark,pi_source_state_soft,1,True,1.8205713922562432,0.5803322845930469,0,0,-0.0259499648053841
58,B,brightness_dark,pi_zero_soft,1,True,1.8884189407166665,0.6078069374682116,0,0,-0.6227991553292184
58,B,brightness_dark,pi_zero_hard,1,True,2.0,0.6931471805599454,0,0,-0.32075014954979214
58,B,brightness_dark,pi_oracle_state_soft,1,True,1.8186438753449223,0.5806837203581049,0,0,-0.0259499648053841
58,B,brightness_dark,pi_source_state_soft,1,True,1.8186438753449223,0.5806837203581049,0,0,-0.0259499648053841
58,A,contrast_low,pi_zero_soft,1,True,1.789372677262985,0.5732038499459442,0,0,-0.5449492609130662
58,A,contrast_low,pi_zero_hard,1,True,2.0,0.6931471805599453,0,0,-0.32075014954979214
58,A,contrast_low,pi_oracle_state_soft,1,True,1.843050323123539,0.5829276891413102,0,0,-0.0259499648053841
58,A,contrast_low,pi_source_state_soft,1,True,1.843050323123539,0.5829276891413102,0,0,-0.0259499648053841
58,B,contrast_low,pi_zero_soft,1,True,1.789372677262985,0.5732038499459442,0,0,-0.5449492609130662
58,B,contrast_low,pi_zero_hard,1,True,2.0,0.6931471805599453,0,0,-0.32075014954979214
58,B,contrast_low,pi_oracle_state_soft,1,True,1.8536229927890477,0.587686713787679,0,0,-0.0259499648053841
58,B,contrast_low,pi_source_state_soft,1,True,1.8536229927890477,0.587686713787679,0,0,-0.0259499648053841
58,A,gaussian_noise,pi_zero_soft,1,True,1.8695816083860746,0.5895217492982117,0,0,0.16434977710076598
58,A,gaussian_noise,pi_zero_hard,1,True,2.0,0.6931471805599454,0,0,-0.32075014954979214
58,A,gaussian_noise,pi_oracle_state_soft,1,True,1.7951954620334791,0.5522369262954355,0,0,0.16434977710076598
58,A,gaussian_noise,pi_source_state_soft,1,True,1.7951954620334791,0.5522369262954355,0,0,0.16434977710076598
58,B,gaussian_noise,pi_zero_soft,1,True,1.8695816083860746,0.5895217492982117,0,0,0.16434977710076598
58,B,gaussian_noise,pi_zero_hard,1,True,2.0,0.6931471805599454,0,0,-0.32075014954979214
58,B,gaussian_noise,pi_oracle_state_soft,1,True,1.7982813174241299,0.5531661233579401,0,0,0.16434977710076598
58,B,gaussian_noise,pi_source_state_soft,1,True,1.7982813174241299,0.5531661233579401,0,0,0.16434977710076598
58,A,gaussian_blur,pi_zero_soft,1,True,1.7348708658264909,0.529240379648459,0,0,-0.1037998592215364
58,A,gaussian_blur,pi_zero_hard,1,True,2.0,0.6931471805599453,0,0,-0.46136377696522207
58,A,gaussian_blur,pi_oracle_state_soft,1,True,1.8123070212812302,0.5591342084689596,0,0,0.16434977710076598
58,A,gaussian_blur,pi_source_state_soft,1,True,1.8123070212812302,0.5591342084689596,0,0,0.16434977710076598
58,B,gaussian_blur,pi_zero_soft,1,True,1.7348708658264909,0.529240379648459,0,0,-0.1037998592215364
58,B,gaussian_blur,pi_zero_hard,1,True,2.0,0.6931471805599453,0,0,-0.46136377696522207
58,B,gaussian_blur,pi_oracle_state_soft,1,True,1.8174115355942586,0.561668508264041,0,0,0.16434977710076598
58,B,gaussian_blur,pi_source_state_soft,1,True,1.8174115355942586,0.561668508264041,0,0,0.16434977710076598
59,A,clean,pi_zero_soft,4,True,0.733069314018676,0.16616163076968737,1,1,0.5236716289065411
59,A,clean,pi_zero_hard,4,True,0.8,0.23563082051308393,1,1,0.3350442387354457
59,A,clean,pi_oracle_state_soft,4,True,0.733069314018676,0.16616163076968737,1,1,0.5236716289065411
59,A,clean,pi_source_state_soft,4,True,0.733069314018676,0.16616163076968737,1,1,0.5236716289065411
59,B,clean,pi_zero_soft,4,True,0.733069314018676,0.16616163076968737,1,1,0.5236716289065411
59,B,clean,pi_zero_hard,4,True,0.8,0.23563082051308393,1,1,0.3350442387354457
59,B,clean,pi_oracle_state_soft,4,True,0.733069314018676,0.16616163076968737,1,1,0.5236716289065411
59,B,clean,pi_source_state_soft,4,True,0.733069314018676,0.16616163076968737,1,1,0.5236716289065411
59,A,brightness_dark,pi_zero_soft,4,True,1.093909586412509,0.2563355330188106,0,0,0.23920802801903726
59,A,brightness_dark,pi_zero_hard,4,True,1.2,0.3476265753371035,0,0,0.24658374476541875
59,A,brightness_dark,pi_oracle_state_soft,4,True,0.7187306364644722,0.16231951268090739,1,1,0.5366017925832458
59,A,brightness_dark,pi_source_state_soft,4,True,0.7187306364644722,0.16231951268090739,1,1,0.5366017925832458
59,B,brightness_dark,pi_zero_soft,4,True,1.093909586412509,0.2563355330188106,0,0,0.23920802801903726
59,B,brightness_dark,pi_zero_hard,4,True,1.2,0.3476265753371035,0,0,0.24658374476541875
59,B,brightness_dark,pi_oracle_state_soft,4,True,0.72210135335163,0.1622355895477119,1,1,0.5366017925832458
59,B,brightness_dark,pi_source_state_soft,4,True,0.72210135335163,0.1622355895477119,1,1,0.5366017925832458
59,A,contrast_low,pi_zero_soft,4,True,1.093856854372113,0.2613630103859119,0,0,-0.058185736545171236
59,A,contrast_low,pi_zero_hard,4,True,1.5,0.43440247117237996,0,0,0.029134281629169194
59,A,contrast_low,pi_oracle_state_soft,4,True,0.7741558818053209,0.1618900438803248,1,1,0.5366017925832458
59,A,contrast_low,pi_source_state_soft,4,True,0.7741558818053209,0.1618900438803248,1,1,0.5366017925832458
59,B,contrast_low,pi_zero_soft,4,True,1.093856854372113,0.2613630103859119,0,0,-0.058185736545171236
59,B,contrast_low,pi_zero_hard,4,True,1.5,0.43440247117237996,0,0,0.029134281629169194
59,B,contrast_low,pi_oracle_state_soft,4,True,0.7401042520404074,0.15935608880448981,1,1,0.5366017925832458
59,B,contrast_low,pi_source_state_soft,4,True,0.7401042520404074,0.15935608880448981,1,1,0.5366017925832458
59,A,gaussian_noise,pi_zero_soft,4,True,0.6437351356040799,0.15445578745158417,1,1,0.5366017925832458
59,A,gaussian_noise,pi_zero_hard,4,True,0.7999999999999999,0.21903785974978707,1,1,0.33634035281596975
59,A,gaussian_noise,pi_oracle_state_soft,4,True,0.7377658506979772,0.1673988369557664,1,1,0.5236716289065411
59,A,gaussian_noise,pi_source_state_soft,4,True,0.7377658506979772,0.1673988369557664,1,1,0.5236716289065411
59,B,gaussian_noise,pi_zero_soft,4,True,0.6437351356040799,0.15445578745158417,1,1,0.5366017925832458
59,B,gaussian_noise,pi_zero_hard,4,True,0.7999999999999999,0.21903785974978707,1,1,0.33634035281596975
59,B,gaussian_noise,pi_oracle_state_soft,4,True,0.7398106024643241,0.16667953906691868,1,1,0.5753922836133598
59,B,gaussian_noise,pi_source_state_soft,4,True,0.7398106024643241,0.16667953906691868,1,1,0.5753922836133598
59,A,gaussian_blur,pi_zero_soft,4,True,0.9357931528729766,0.20562783140638752,0,0,0.40730015581619866
59,A,gaussian_blur,pi_zero_hard,4,True,1.3,0.36513629889508703,0,0,0.062068965517241385
59,A,gaussian_blur,pi_oracle_state_soft,4,True,0.7470005411345839,0.16769226871162224,1,1,0.5236716289065411
59,A,gaussian_blur,pi_source_state_soft,4,True,0.7470005411345839,0.16769226871162224,1,1,0.5236716289065411
59,B,gaussian_blur,pi_zero_soft,4,True,0.9357931528729766,0.20562783140638752,0,0,0.40730015581619866
59,B,gaussian_blur,pi_zero_hard,4,True,1.3,0.36513629889508703,0,0,0.062068965517241385
59,B,gaussian_blur,pi_oracle_state_soft,4,True,0.736693866552447,0.16636225876005328,1,1,0.4848811378764269
59,B,gaussian_blur,pi_source_state_soft,4,True,0.736693866552447,0.16636225876005328,1,1,0.4848811378764269
60,A,clean,pi_zero_soft,1,True,1.6710648301378572,0.45605851842025624,0,0,0.2901294265928297
60,A,clean,pi_zero_hard,1,True,1.8,0.5255973270178642,0,0,0.19687480773953941
60,A,clean,pi_oracle_state_soft,1,True,1.6710648301378572,0.45605851842025624,0,0,0.2901294265928297
60,A,clean,pi_source_state_soft,1,True,1.6710648301378572,0.45605851842025624,0,0,0.2901294265928297
60,B,clean,pi_zero_soft,1,True,1.6710648301378572,0.45605851842025624,0,0,0.2901294265928297
60,B,clean,pi_zero_hard,1,True,1.8,0.5255973270178642,0,0,0.19687480773953941
60,B,clean,pi_oracle_state_soft,1,True,1.6710648301378572,0.45605851842025624,0,0,0.2901294265928297
60,B,clean,pi_source_state_soft,1,True,1.6710648301378572,0.45605851842025624,0,0,0.2901294265928297
60,A,brightness_dark,pi_zero_soft,1,True,1.8743139790696666,0.5738114838217285,0,0,-0.1740776559556978
60,A,brightness_dark,pi_zero_hard,1,True,2.0,0.6931471805599452,0,0,-0.2624997436527193
60,A,brightness_dark,pi_oracle_state_soft,1,True,1.683769775755181,0.46232885039521143,0,0,0.2901294265928297
60,A,brightness_dark,pi_source_state_soft,1,True,1.683769775755181,0.46232885039521143,0,0,0.2901294265928297
60,B,brightness_dark,pi_zero_soft,1,True,1.8743139790696666,0.5738114838217285,0,0,-0.1740776559556978
60,B,brightness_dark,pi_zero_hard,1,True,2.0,0.6931471805599452,0,0,-0.2624997436527193
60,B,brightness_dark,pi_oracle_state_soft,1,True,1.6770582409399104,0.4590030573013367,0,0,0.2901294265928297
60,B,brightness_dark,pi_source_state_soft,1,True,1.6770582409399104,0.4590030573013367,0,0,0.2901294265928297
60,A,contrast_low,pi_zero_soft,1,True,1.690089649979616,0.4654886610998801,0,0,0.2901294265928297
60,A,contrast_low,pi_zero_hard,1,True,2.0,0.6931471805599453,0,0,-0.21417646843905966
60,A,contrast_low,pi_oracle_state_soft,1,True,1.6607764088322374,0.45105826103747715,0,0,0.2901294265928297
60,A,contrast_low,pi_source_state_soft,1,True,1.6607764088322374,0.45105826103747715,0,0,0.2901294265928297
60,B,contrast_low,pi_zero_soft,1,True,1.690089649979616,0.4654886610998801,0,0,0.2901294265928297
60,B,contrast_low,pi_zero_hard,1,True,2.0,0.6931471805599453,0,0,-0.21417646843905966
60,B,contrast_low,pi_oracle_state_soft,1,True,1.6975763378249968,0.46926800826567183,0,0,0.2901294265928297
60,B,contrast_low,pi_source_state_soft,1,True,1.6975763378249968,0.46926800826567183,0,0,0.2901294265928297
60,A,gaussian_noise,pi_zero_soft,1,True,1.7572859139484658,0.5009551755591426,0,0,0.2901294265928297
60,A,gaussian_noise,pi_zero_hard,1,True,1.8,0.5255973270178643,0,0,0.19611613513818402
60,A,gaussian_noise,pi_oracle_state_soft,1,True,1.6899664328580877,0.4654267904306205,0,0,0.2901294265928297
60,A,gaussian_noise,pi_source_state_soft,1,True,1.6899664328580877,0.4654267904306205,0,0,0.2901294265928297
60,B,gaussian_noise,pi_zero_soft,1,True,1.7572859139484658,0.5009551755591426,0,0,0.2901294265928297
60,B,gaussian_noise,pi_zero_hard,1,True,1.8,0.5255973270178643,0,0,0.19611613513818402
60,B,gaussian_noise,pi_oracle_state_soft,1,True,1.6968440346696565,0.46889657715058874,0,0,0.2901294265928297
60,B,gaussian_noise,pi_source_state_soft,1,True,1.6968440346696565,0.46889657715058874,0,0,0.2901294265928297
60,A,gaussian_blur,pi_zero_soft,1,True,1.663769956783682,0.452506165462896,0,0,0.40618119722996154
60,A,gaussian_blur,pi_zero_hard,1,True,1.8,0.5255973270178643,0,0,0.2624997436527193
60,A,gaussian_blur,pi_oracle_state_soft,1,True,1.6976371987828491,0.4692988948386859,0,0,0.2901294265928297
60,A,gaussian_blur,pi_source_state_soft,1,True,1.6976371987828491,0.4692988948386859,0,0,0.2901294265928297
60,B,gaussian_blur,pi_zero_soft,1,True,1.663769956783682,0.452506165462896,0,0,0.40618119722996154
60,B,gaussian_blur,pi_zero_hard,1,True,1.8,0.5255973270178643,0,0,0.2624997436527193
60,B,gaussian_blur,pi_oracle_state_soft,1,True,1.7022246460278585,0.4716346983133929,0,0,0.2901294265928297
60,B,gaussian_blur,pi_source_state_soft,1,True,1.7022246460278585,0.4716346983133929,0,0,0.2901294265928297
61,A,clean,pi_zero_soft,3,True,1.4301762717197255,0.3921477926966408,0,0,-0.48665537168199335
61,A,clean,pi_zero_hard,3,True,1.8,0.5518919544552503,0,0,-0.3618386550972148
61,A,clean,pi_oracle_state_soft,3,True,1.4301762717197255,0.3921477926966408,0,0,-0.48665537168199335
61,A,clean,pi_source_state_soft,3,True,1.4301762717197255,0.3921477926966408,0,0,-0.48665537168199335
61,B,clean,pi_zero_soft,3,True,1.4301762717197255,0.3921477926966408,0,0,-0.48665537168199335
61,B,clean,pi_zero_hard,3,True,1.8,0.5518919544552503,0,0,-0.3618386550972148
61,B,clean,pi_oracle_state_soft,3,True,1.4301762717197255,0.3921477926966408,0,0,-0.48665537168199335
61,B,clean,pi_source_state_soft,3,True,1.4301762717197255,0.3921477926966408,0,0,-0.48665537168199335
61,A,brightness_dark,pi_zero_soft,3,True,1.5447039357820447,0.4715362995393879,0,0,-0.07539731110566095
61,A,brightness_dark,pi_zero_hard,3,True,2.0,0.6931471805599451,0,0,-0.3913115139224995
61,A,brightness_dark,pi_oracle_state_soft,3,True,1.3972007798076265,0.38126675174976166,0,0,-0.3084435454322494
61,A,brightness_dark,pi_source_state_soft,3,True,1.3972007798076265,0.38126675174976166,0,0,-0.3084435454322494
61,B,brightness_dark,pi_zero_soft,3,True,1.5447039357820447,0.4715362995393879,0,0,-0.07539731110566095
61,B,brightness_dark,pi_zero_hard,3,True,2.0,0.6931471805599451,0,0,-0.3913115139224995
61,B,brightness_dark,pi_oracle_state_soft,3,True,1.3924008947339976,0.3791957483324957,0,0,-0.3084435454322494
61,B,brightness_dark,pi_source_state_soft,3,True,1.3924008947339976,0.3791957483324957,0,0,-0.3084435454322494
61,A,contrast_low,pi_zero_soft,3,True,1.5094135867662568,0.4378392509140452,0,0,0.041125806057633246
61,A,contrast_low,pi_zero_hard,3,True,2.0,0.693147180559945,0,0,-0.3913115139224995
61,A,contrast_low,pi_oracle_state_soft,3,True,1.5237921080301784,0.4446567869138649,0,0,-0.5277811777396266
61,A,contrast_low,pi_source_state_soft,3,True,1.5237921080301784,0.4446567869138649,0,0,-0.5277811777396266
61,B,contrast_low,pi_zero_soft,3,True,1.5094135867662568,0.4378392509140452,0,0,0.041125806057633246
61,B,contrast_low,pi_zero_hard,3,True,2.0,0.693147180559945,0,0,-0.3913115139224995
61,B,contrast_low,pi_oracle_state_soft,3,True,1.5180397841476199,0.4410728222518241,0,0,-0.5277811777396266
61,B,contrast_low,pi_source_state_soft,3,True,1.5180397841476199,0.4410728222518241,0,0,-0.5277811777396266
61,A,gaussian_noise,pi_zero_soft,3,True,1.550920308594996,0.4330570533794571,0,0,-0.48665537168199335
61,A,gaussian_noise,pi_zero_hard,3,True,1.8,0.5518919544552503,0,0,-0.28301781050254793
61,A,gaussian_noise,pi_oracle_state_soft,3,True,1.4549081470882532,0.4037375768203626,0,0,-0.48665537168199335
61,A,gaussian_noise,pi_source_state_soft,3,True,1.4549081470882532,0.4037375768203626,0,0,-0.48665537168199335
61,B,gaussian_noise,pi_zero_soft,3,True,1.550920308594996,0.4330570533794571,0,0,-0.48665537168199335
61,B,gaussian_noise,pi_zero_hard,3,True,1.8,0.5518919544552503,0,0,-0.28301781050254793
61,B,gaussian_noise,pi_oracle_state_soft,3,True,1.457824092230593,0.4044119859573636,0,0,-0.48665537168199335
61,B,gaussian_noise,pi_source_state_soft,3,True,1.457824092230593,0.4044119859573636,0,0,-0.48665537168199335
61,A,gaussian_blur,pi_zero_soft,3,True,1.3666956320100472,0.38545440365027006,0,0,-0.23304623432658841
61,A,gaussian_blur,pi_zero_hard,3,True,1.7999999999999998,0.5518919544552507,0,0,-0.28301781050254793
61,A,gaussian_blur,pi_oracle_state_soft,3,True,1.4135250737694094,0.3855620289196431,0,0,-0.48665537168199335
61,A,gaussian_blur,pi_source_state_soft,3,True,1.4135250737694094,0.3855620289196431,0,0,-0.48665537168199335
61,B,gaussian_blur,pi_zero_soft,3,True,1.3666956320100472,0.38545440365027006,0,0,-0.23304623432658841
61,B,gaussian_blur,pi_zero_hard,3,True,1.7999999999999998,0.5518919544552507,0,0,-0.28301781050254793
61,B,gaussian_blur,pi_oracle_state_soft,3,True,1.41177352556034,0.3838255145368792,0,0,-0.39754945855712137
61,B,gaussian_blur,pi_source_state_soft,3,True,1.41177352556034,0.3838255145368792,0,0,-0.39754945855712137
62,A,clean,pi_zero_soft,4,True,1.2507822828383723,0.337652789827134,0,0,-0.1850661272593496
62,A,clean,pi_zero_hard,4,True,1.3000000000000003,0.36138533060013533,0,0,0.0319269401556366
62,A,clean,pi_oracle_state_soft,4,True,1.2507822828383723,0.337652789827134,0,0,-0.1850661272593496
62,A,clean,pi_source_state_soft,4,True,1.2507822828383723,0.337652789827134,0,0,-0.1850661272593496
62,B,clean,pi_zero_soft,4,True,1.2507822828383723,0.337652789827134,0,0,-0.1850661272593496
62,B,clean,pi_zero_hard,4,True,1.3000000000000003,0.36138533060013533,0,0,0.0319269401556366
62,B,clean,pi_oracle_state_soft,4,True,1.2507822828383723,0.337652789827134,0,0,-0.1850661272593496
62,B,clean,pi_source_state_soft,4,True,1.2507822828383723,0.337652789827134,0,0,-0.1850661272593496
62,A,brightness_dark,pi_zero_soft,4,True,1.2959433425248987,0.3732883336651045,0,0,-0.3152978464418549
62,A,brightness_dark,pi_zero_hard,4,True,1.5000000000000002,0.503669639978864,0,0,0.004891393924031244
62,A,brightness_dark,pi_oracle_state_soft,4,True,1.2361547208241563,0.346081314411242,0,0,-0.2056290302881662
62,A,brightness_dark,pi_source_state_soft,4,True,1.2361547208241563,0.346081314411242,0,0,-0.2056290302881662
62,B,brightness_dark,pi_zero_soft,4,True,1.2959433425248987,0.3732883336651045,0,0,-0.3152978464418549
62,B,brightness_dark,pi_zero_hard,4,True,1.5000000000000002,0.503669639978864,0,0,0.004891393924031244
62,B,brightness_dark,pi_oracle_state_soft,4,True,1.2319001935291336,0.34528025212089686,0,0,-0.2056290302881662
62,B,brightness_dark,pi_source_state_soft,4,True,1.2319001935291336,0.34528025212089686,0,0,-0.2056290302881662
62,A,contrast_low,pi_zero_soft,4,True,1.217819720743333,0.3414493632557214,0,0,-0.26731773937461606
62,A,contrast_low,pi_zero_hard,4,True,1.4000000000000001,0.42037317231329463,0,0,-0.019379844961240313
62,A,contrast_low,pi_oracle_state_soft,4,True,1.2419763880058097,0.3447203603531579,0,0,-0.23990053533619393
62,A,contrast_low,pi_source_state_soft,4,True,1.2419763880058097,0.3447203603531579,0,0,-0.23990053533619393
62,B,contrast_low,pi_zero_soft,4,True,1.217819720743333,0.3414493632557214,0,0,-0.26731773937461606
62,B,contrast_low,pi_zero_hard,4,True,1.4000000000000001,0.42037317231329463,0,0,-0.019379844961240313
62,B,contrast_low,pi_oracle_state_soft,4,True,1.2467104513341174,0.349353687891806,0,0,-0.23990053533619393
62,B,contrast_low,pi_source_state_soft,4,True,1.2467104513341174,0.349353687891806,0,0,-0.23990053533619393
62,A,gaussian_noise,pi_zero_soft,4,True,1.2566911532435514,0.3541950135015566,0,0,-0.26731773937461606
62,A,gaussian_noise,pi_zero_hard,4,True,1.3,0.3264504972870381,0,0,0.42248062015503873
62,A,gaussian_noise,pi_oracle_state_soft,4,True,1.27848226901913,0.3423480506465848,0,0,-0.26731773937461606
62,A,gaussian_noise,pi_source_state_soft,4,True,1.27848226901913,0.3423480506465848,0,0,-0.26731773937461606
62,B,gaussian_noise,pi_zero_soft,4,True,1.2566911532435514,0.3541950135015566,0,0,-0.26731773937461606
62,B,gaussian_noise,pi_zero_hard,4,True,1.3,0.3264504972870381,0,0,0.42248062015503873
62,B,gaussian_noise,pi_oracle_state_soft,4,True,1.2718933368139047,0.3410545713118731,0,0,-0.26731773937461606
62,B,gaussian_noise,pi_source_state_soft,4,True,1.2718933368139047,0.3410545713118731,0,0,-0.26731773937461606
62,A,gaussian_blur,pi_zero_soft,4,True,1.2237124793180039,0.324680807418688,0,0,-0.2056290302881662
62,A,gaussian_blur,pi_zero_hard,4,True,1.2999999999999998,0.33702851398716427,0,0,0.03203110663192365
62,A,gaussian_blur,pi_oracle_state_soft,4,True,1.2525135711190274,0.3392749250647644,0,0,-0.26731773937461606
62,A,gaussian_blur,pi_source_state_soft,4,True,1.2525135711190274,0.3392749250647644,0,0,-0.26731773937461606
62,B,gaussian_blur,pi_zero_soft,4,True,1.2237124793180039,0.324680807418688,0,0,-0.2056290302881662
62,B,gaussian_blur,pi_zero_hard,4,True,1.2999999999999998,0.33702851398716427,0,0,0.03203110663192365
62,B,gaussian_blur,pi_oracle_state_soft,4,True,1.256923088383389,0.3407910034799322,0,0,-0.26731773937461606
62,B,gaussian_blur,pi_source_state_soft,4,True,1.256923088383389,0.3407910034799322,0,0,-0.26731773937461606
63,A,clean,pi_zero_soft,3,True,0.8951504028652596,0.20911690985467324,1,1,0.6189034039399006
63,A,clean,pi_zero_hard,3,True,1.0000000000000002,0.29949282082419526,1,1,0.1512124604201291
63,A,clean,pi_oracle_state_soft,3,True,0.8951504028652596,0.20911690985467324,1,1,0.6189034039399006
63,A,clean,pi_source_state_soft,3,True,0.8951504028652596,0.20911690985467324,1,1,0.6189034039399006
63,B,clean,pi_zero_soft,3,True,0.8951504028652596,0.20911690985467324,1,1,0.6189034039399006
63,B,clean,pi_zero_hard,3,True,1.0000000000000002,0.29949282082419526,1,1,0.1512124604201291
63,B,clean,pi_oracle_state_soft,3,True,0.8951504028652596,0.20911690985467324,1,1,0.6189034039399006
63,B,clean,pi_source_state_soft,3,True,0.8951504028652596,0.20911690985467324,1,1,0.6189034039399006
63,A,brightness_dark,pi_zero_soft,3,True,1.0005355836384642,0.21168797936314832,0,0,0.5890767338705079
63,A,brightness_dark,pi_zero_hard,3,True,1.2,0.38401447109114994,0,0,0.2554203427256404
63,A,brightness_dark,pi_oracle_state_soft,3,True,0.9635943070582925,0.21630437569231442,1,1,0.5592500638011151
63,A,brightness_dark,pi_source_state_soft,3,True,0.9635943070582925,0.21630437569231442,1,1,0.5592500638011151
63,B,brightness_dark,pi_zero_soft,3,True,1.0005355836384642,0.21168797936314832,0,0,0.5890767338705079
63,B,brightness_dark,pi_zero_hard,3,True,1.2,0.38401447109114994,0,0,0.2554203427256404
63,B,brightness_dark,pi_oracle_state_soft,3,True,0.9609384385549231,0.2148518988214898,1,1,0.5592500638011151
63,B,brightness_dark,pi_source_state_soft,3,True,0.9609384385549231,0.2148518988214898,1,1,0.5592500638011151
63,A,contrast_low,pi_zero_soft,3,True,0.9774389250999236,0.2151811731951938,1,1,0.6636434090439898
63,A,contrast_low,pi_zero_hard,3,True,1.0000000000000002,0.31419209939778314,1,1,0.3831305140884606
63,A,contrast_low,pi_oracle_state_soft,3,True,0.8712491316731573,0.20319351283155362,1,1,0.5592500638011151
63,A,contrast_low,pi_source_state_soft,3,True,0.8712491316731573,0.20319351283155362,1,1,0.5592500638011151
63,B,contrast_low,pi_zero_soft,3,True,0.9774389250999236,0.2151811731951938,1,1,0.6636434090439898
63,B,contrast_low,pi_zero_hard,3,True,1.0000000000000002,0.31419209939778314,1,1,0.3831305140884606
63,B,contrast_low,pi_oracle_state_soft,3,True,0.8762028186277114,0.20482176295757437,1,1,0.6189034039399006
63,B,contrast_low,pi_source_state_soft,3,True,0.8762028186277114,0.20482176295757437,1,1,0.6189034039399006
63,A,gaussian_noise,pi_zero_soft,3,True,0.8057660815433817,0.20323558396337194,1,1,0.4250300484888475
63,A,gaussian_noise,pi_zero_hard,3,True,1.0000000000000002,0.2856312209650299,1,1,0.15359390551474136
63,A,gaussian_noise,pi_oracle_state_soft,3,True,0.8899595023491601,0.20703149058453407,1,1,0.6189034039399006
63,A,gaussian_noise,pi_source_state_soft,3,True,0.8899595023491601,0.20703149058453407,1,1,0.6189034039399006
63,B,gaussian_noise,pi_zero_soft,3,True,0.8057660815433817,0.20323558396337194,1,1,0.4250300484888475
63,B,gaussian_noise,pi_zero_hard,3,True,1.0000000000000002,0.2856312209650299,1,1,0.15359390551474136
63,B,gaussian_noise,pi_oracle_state_soft,3,True,0.8738539361369831,0.20348329918527863,1,1,0.5592500638011151
63,B,gaussian_noise,pi_source_state_soft,3,True,0.8738539361369831,0.20348329918527863,1,1,0.5592500638011151
63,A,gaussian_blur,pi_zero_soft,3,True,0.9334871498320368,0.20531297226938694,1,1,0.6785567440786864
63,A,gaussian_blur,pi_zero_hard,3,True,0.9000000000000001,0.23292135604992104,1,1,0.4891250321367716
63,A,gaussian_blur,pi_oracle_state_soft,3,True,0.8826379730357915,0.2044181433437855,1,1,0.6189034039399006
63,A,gaussian_blur,pi_source_state_soft,3,True,0.8826379730357915,0.2044181433437855,1,1,0.6189034039399006
63,B,gaussian_blur,pi_zero_soft,3,True,0.9334871498320368,0.20531297226938694,1,1,0.6785567440786864
63,B,gaussian_blur,pi_zero_hard,3,True,0.9000000000000001,0.23292135604992104,1,1,0.4891250321367716
63,B,gaussian_blur,pi_oracle_state_soft,3,True,0.881699878629141,0.2046384339934364,1,1,0.6189034039399006
63,B,gaussian_blur,pi_source_state_soft,3,True,0.881699878629141,0.2046384339934364,1,1,0.6189034039399006
64,A,clean,pi_zero_soft,4,True,1.2238810562570668,0.3104627182514963,0,0,0.09114189305956417
64,A,clean,pi_zero_hard,4,True,1.5,0.4495877808058544,0,0,0.15311792170875757
64,A,clean,pi_oracle_state_soft,4,True,1.2238810562570668,0.3104627182514963,0,0,0.09114189305956417
64,A,clean,pi_source_state_soft,4,True,1.2238810562570668,0.3104627182514963,0,0,0.09114189305956417
64,B,clean,pi_zero_soft,4,True,1.2238810562570668,0.3104627182514963,0,0,0.09114189305956417
64,B,clean,pi_zero_hard,4,True,1.5,0.4495877808058544,0,0,0.15311792170875757
64,B,clean,pi_oracle_state_soft,4,True,1.2238810562570668,0.3104627182514963,0,0,0.09114189305956417
64,B,clean,pi_source_state_soft,4,True,1.2238810562570668,0.3104627182514963,0,0,0.09114189305956417
64,A,brightness_dark,pi_zero_soft,4,True,1.3796050527936805,0.3527216419431942,0,0,-0.07161148740394328
64,A,brightness_dark,pi_zero_hard,4,True,1.9000000000000001,0.6584898215319479,0,0,-0.37645805165575164
64,A,brightness_dark,pi_oracle_state_soft,4,True,1.265251276292064,0.3155194638887533,0,0,0.04557094652978209
64,A,brightness_dark,pi_source_state_soft,4,True,1.265251276292064,0.3155194638887533,0,0,0.04557094652978209
64,B,brightness_dark,pi_zero_soft,4,True,1.3796050527936805,0.3527216419431942,0,0,-0.07161148740394328
64,B,brightness_dark,pi_zero_hard,4,True,1.9000000000000001,0.6584898215319479,0,0,-0.37645805165575164
64,B,brightness_dark,pi_oracle_state_soft,4,True,1.2598973791866355,0.313611246081009,0,0,0.09114189305956417
64,B,brightness_dark,pi_source_state_soft,4,True,1.2598973791866355,0.313611246081009,0,0,0.09114189305956417
64,A,contrast_low,pi_zero_soft,4,True,1.3955974872225505,0.3687867015926458,0,0,-0.13671283958934627
64,A,contrast_low,pi_zero_hard,4,True,1.9000000000000001,0.6584898215319481,0,0,-0.37645805165575164
64,A,contrast_low,pi_oracle_state_soft,4,True,1.1928161277222382,0.29462197077380803,0,0,0.14322297480788657
64,A,contrast_low,pi_source_state_soft,4,True,1.1928161277222382,0.29462197077380803,0,0,0.14322297480788657
64,B,contrast_low,pi_zero_soft,4,True,1.3955974872225505,0.3687867015926458,0,0,-0.13671283958934627
64,B,contrast_low,pi_zero_hard,4,True,1.9000000000000001,0.6584898215319481,0,0,-0.37645805165575164
64,B,contrast_low,pi_oracle_state_soft,4,True,1.213370348515445,0.2981750069863054,0,0,0.11718243393372539
64,B,contrast_low,pi_source_state_soft,4,True,1.213370348515445,0.2981750069863054,0,0,0.11718243393372539
64,A,gaussian_noise,pi_zero_soft,4,True,1.2720214214135401,0.3176180562366604,0,0,0.04557094652978209
64,A,gaussian_noise,pi_zero_hard,4,True,1.4000000000000001,0.34298991372915677,0,0,0.22237479499833038
64,A,gaussian_noise,pi_oracle_state_soft,4,True,1.2427597317693835,0.3141485202544312,0,0,0.09114189305956417
64,A,gaussian_noise,pi_source_state_soft,4,True,1.2427597317693835,0.3141485202544312,0,0,0.09114189305956417
64,B,gaussian_noise,pi_zero_soft,4,True,1.2720214214135401,0.3176180562366604,0,0,0.04557094652978209
64,B,gaussian_noise,pi_zero_hard,4,True,1.4000000000000001,0.34298991372915677,0,0,0.22237479499833038
64,B,gaussian_noise,pi_oracle_state_soft,4,True,1.2356735968309251,0.3118920423922771,0,0,0.09114189305956417
64,B,gaussian_noise,pi_source_state_soft,4,True,1.2356735968309251,0.3118920423922771,0,0,0.09114189305956417
64,A,gaussian_blur,pi_zero_soft,4,True,1.2485118884155242,0.3249550522741018,0,0,0.09765202827810447
64,A,gaussian_blur,pi_zero_hard,4,True,1.4000000000000001,0.39072847635126773,0,0,0.19605786262608552
64,A,gaussian_blur,pi_oracle_state_soft,4,True,1.2318466880957857,0.3090693934535236,0,0,0.09114189305956417
64,A,gaussian_blur,pi_source_state_soft,4,True,1.2318466880957857,0.3090693934535236,0,0,0.09114189305956417
64,B,gaussian_blur,pi_zero_soft,4,True,1.2485118884155242,0.3249550522741018,0,0,0.09765202827810447
64,B,gaussian_blur,pi_zero_hard,4,True,1.4000000000000001,0.39072847635126773,0,0,0.19605786262608552
64,B,gaussian_blur,pi_oracle_state_soft,4,True,1.2333351054988986,0.308852316139697,0,0,0.09114189305956417
64,B,gaussian_blur,pi_source_state_soft,4,True,1.2333351054988986,0.308852316139697,0,0,0.09114189305956417
65,A,clean,pi_zero_soft,1,True,1.756391305368263,0.5004582391316716,0,0,0.1740776559556978
65,A,clean,pi_zero_hard,1,True,1.8000000000000003,0.5255973270178643,0,0,0.1246595986677943
65,A,clean,pi_oracle_state_soft,1,True,1.756391305368263,0.5004582391316716,0,0,0.1740776559556978
65,A,clean,pi_source_state_soft,1,True,1.756391305368263,0.5004582391316716,0,0,0.1740776559556978
65,B,clean,pi_zero_soft,1,True,1.756391305368263,0.5004582391316716,0,0,0.1740776559556978
65,B,clean,pi_zero_hard,1,True,1.8000000000000003,0.5255973270178643,0,0,0.1246595986677943
65,B,clean,pi_oracle_state_soft,1,True,1.756391305368263,0.5004582391316716,0,0,0.1740776559556978
65,B,clean,pi_source_state_soft,1,True,1.756391305368263,0.5004582391316716,0,0,0.1740776559556978
65,A,brightness_dark,pi_zero_soft,1,True,1.837658493994361,0.5490394646009022,0,0,0.058025885318565944
65,A,brightness_dark,pi_zero_hard,1,True,2.0,0.6931471805599452,0,0,-0.16563466499998444
65,A,brightness_dark,pi_oracle_state_soft,1,True,1.7688239137438095,0.5074312694037821,0,0,0.1740776559556978
65,A,brightness_dark,pi_source_state_soft,1,True,1.7688239137438095,0.5074312694037821,0,0,0.1740776559556978
65,B,brightness_dark,pi_zero_soft,1,True,1.837658493994361,0.5490394646009022,0,0,0.058025885318565944
65,B,brightness_dark,pi_zero_hard,1,True,2.0,0.6931471805599452,0,0,-0.16563466499998444
65,B,brightness_dark,pi_oracle_state_soft,1,True,1.766244162624426,0.5059723406067953,0,0,0.1740776559556978
65,B,brightness_dark,pi_source_state_soft,1,True,1.766244162624426,0.5059723406067953,0,0,0.1740776559556978
65,A,contrast_low,pi_zero_soft,1,True,1.8395075055604762,0.5502387952878625,0,0,0.058025885318565944
65,A,contrast_low,pi_zero_hard,1,True,2.0,0.6931471805599454,0,0,-0.16563466499998444
65,A,contrast_low,pi_oracle_state_soft,1,True,1.8291242977706197,0.543566101174618,0,0,0.058025885318565944
65,A,contrast_low,pi_source_state_soft,1,True,1.8291242977706197,0.543566101174618,0,0,0.058025885318565944
65,B,contrast_low,pi_zero_soft,1,True,1.8395075055604762,0.5502387952878625,0,0,0.058025885318565944
65,B,contrast_low,pi_zero_hard,1,True,2.0,0.6931471805599454,0,0,-0.16563466499998444
65,B,contrast_low,pi_oracle_state_soft,1,True,1.835447007683911,0.5476114108842665,0,0,0.058025885318565944
65,B,contrast_low,pi_source_state_soft,1,True,1.835447007683911,0.5476114108842665,0,0,0.058025885318565944
65,A,gaussian_noise,pi_zero_soft,1,True,1.8063803710978203,0.5294455953546291,0,0,0.058025885318565944
65,A,gaussian_noise,pi_zero_hard,1,True,2.0,0.6931471805599455,0,0,-0.2614881801842454
65,A,gaussian_noise,pi_oracle_state_soft,1,True,1.772207780881601,0.5093547445080897,0,0,0.058025885318565944
65,A,gaussian_noise,pi_source_state_soft,1,True,1.772207780881601,0.5093547445080897,0,0,0.058025885318565944
65,B,gaussian_noise,pi_zero_soft,1,True,1.8063803710978203,0.5294455953546291,0,0,0.058025885318565944
65,B,gaussian_noise,pi_zero_hard,1,True,2.0,0.6931471805599455,0,0,-0.2614881801842454
65,B,gaussian_noise,pi_oracle_state_soft,1,True,1.7686346237828658,0.507324001738515,0,0,0.1740776559556978
65,B,gaussian_noise,pi_source_state_soft,1,True,1.7686346237828658,0.507324001738515,0,0,0.1740776559556978
65,A,gaussian_blur,pi_zero_soft,1,True,1.775393529868866,0.5111759118399897,0,0,0.1740776559556978
65,A,gaussian_blur,pi_zero_hard,1,True,2.0,0.6931471805599452,0,0,-0.2614881801842454
65,A,gaussian_blur,pi_oracle_state_soft,1,True,1.7863211916145816,0.5175009953888208,0,0,0.058025885318565944
65,A,gaussian_blur,pi_source_state_soft,1,True,1.7863211916145816,0.5175009953888208,0,0,0.058025885318565944
65,B,gaussian_blur,pi_zero_soft,1,True,1.775393529868866,0.5111759118399897,0,0,0.1740776559556978
65,B,gaussian_blur,pi_zero_hard,1,True,2.0,0.6931471805599452,0,0,-0.2614881801842454
65,B,gaussian_blur,pi_oracle_state_soft,1,True,1.7866845959028383,0.5177134693167009,0,0,0.058025885318565944
65,B,gaussian_blur,pi_source_state_soft,1,True,1.7866845959028383,0.5177134693167009,0,0,0.058025885318565944
66,A,clean,pi_zero_soft,2,True,1.7264480989690691,0.49862144384397367,0,0,0.3370999312316211
66,A,clean,pi_zero_hard,2,True,1.8000000000000003,0.5867194658314763,0,0,0.3318007581655987
66,A,clean,pi_oracle_state_soft,2,True,1.7264480989690691,0.49862144384397367,0,0,0.3370999312316211
66,A,clean,pi_source_state_soft,2,True,1.7264480989690691,0.49862144384397367,0,0,0.3370999312316211
66,B,clean,pi_zero_soft,2,True,1.7264480989690691,0.49862144384397367,0,0,0.3370999312316211
66,B,clean,pi_zero_hard,2,True,1.8000000000000003,0.5867194658314763,0,0,0.3318007581655987
66,B,clean,pi_oracle_state_soft,2,True,1.7264480989690691,0.49862144384397367,0,0,0.3370999312316211
66,B,clean,pi_source_state_soft,2,True,1.7264480989690691,0.49862144384397367,0,0,0.3370999312316211
66,A,brightness_dark,pi_zero_soft,2,True,1.8204588628873222,0.5791934024688605,0,0,-0.6067798762169179
66,A,brightness_dark,pi_zero_hard,2,True,1.9,0.658489821531948,0,0,-0.20333142711013955
66,A,brightness_dark,pi_oracle_state_soft,2,True,1.7885153023886715,0.5399328740738842,0,0,0.06741998624632421
66,A,brightness_dark,pi_source_state_soft,2,True,1.7885153023886715,0.5399328740738842,0,0,0.06741998624632421
66,B,brightness_dark,pi_zero_soft,2,True,1.8204588628873222,0.5791934024688605,0,0,-0.6067798762169179
66,B,brightness_dark,pi_zero_hard,2,True,1.9,0.658489821531948,0,0,-0.20333142711013955
66,B,brightness_dark,pi_oracle_state_soft,2,True,1.789169274641086,0.5408758996891678,0,0,-0.022473328748774737
66,B,brightness_dark,pi_source_state_soft,2,True,1.789169274641086,0.5408758996891678,0,0,-0.022473328748774737
66,A,contrast_low,pi_zero_soft,2,True,1.7774470424536757,0.5487645461188264,0,0,-0.4719399037242695
66,A,contrast_low,pi_zero_hard,2,True,1.9,0.6305968776176718,0,0,-0.16457014715109583
66,A,contrast_low,pi_oracle_state_soft,2,True,1.803435444078137,0.5385792278886499,0,0,-0.13483997249264842
66,A,contrast_low,pi_source_state_soft,2,True,1.803435444078137,0.5385792278886499,0,0,-0.13483997249264842
66,B,contrast_low,pi_zero_soft,2,True,1.7774470424536757,0.5487645461188264,0,0,-0.4719399037242695
66,B,contrast_low,pi_zero_hard,2,True,1.9,0.6305968776176718,0,0,-0.16457014715109583
66,B,contrast_low,pi_oracle_state_soft,2,True,1.80841236187963,0.5428766779621512,0,0,-0.20225995873897262
66,B,contrast_low,pi_source_state_soft,2,True,1.80841236187963,0.5428766779621512,0,0,-0.20225995873897262
66,A,gaussian_noise,pi_zero_soft,2,True,1.7572664026450573,0.5228627883412228,0,0,0.2921532737340716
66,A,gaussian_noise,pi_zero_hard,2,True,1.8000000000000003,0.5909056402020023,0,0,0.3318007581655987
66,A,gaussian_noise,pi_oracle_state_soft,2,True,1.7142808214019616,0.4914764153072593,0,0,0.3370999312316211
66,A,gaussian_noise,pi_source_state_soft,2,True,1.7142808214019616,0.4914764153072593,0,0,0.3370999312316211
66,B,gaussian_noise,pi_zero_soft,2,True,1.7572664026450573,0.5228627883412228,0,0,0.2921532737340716
66,B,gaussian_noise,pi_zero_hard,2,True,1.8000000000000003,0.5909056402020023,0,0,0.3318007581655987
66,B,gaussian_noise,pi_oracle_state_soft,2,True,1.7145382542563146,0.491802171470094,0,0,0.2472066162365221
66,B,gaussian_noise,pi_source_state_soft,2,True,1.7145382542563146,0.491802171470094,0,0,0.2472066162365221
66,A,gaussian_blur,pi_zero_soft,2,True,1.7091694922051228,0.48013264636025266,0,0,0.08989331499509895
66,A,gaussian_blur,pi_zero_hard,2,True,1.8,0.5747148947609075,0,0,0.1944866553305261
66,A,gaussian_blur,pi_oracle_state_soft,2,True,1.739008438771581,0.5005615125891792,0,0,0.26967994498529685
66,A,gaussian_blur,pi_source_state_soft,2,True,1.739008438771581,0.5005615125891792,0,0,0.26967994498529685
66,B,gaussian_blur,pi_zero_soft,2,True,1.7091694922051228,0.48013264636025266,0,0,0.08989331499509895
66,B,gaussian_blur,pi_zero_hard,2,True,1.8,0.5747148947609075,0,0,0.1944866553305261
66,B,gaussian_blur,pi_oracle_state_soft,2,True,1.74117989147372,0.5027156314391495,0,0,0.26967994498529685
66,B,gaussian_blur,pi_source_state_soft,2,True,1.74117989147372,0.5027156314391495,0,0,0.26967994498529685
67,A,clean,pi_zero_soft,4,True,1.1584511001292757,0.27039415553180945,0,0,0.27896212165787904
67,A,clean,pi_zero_hard,4,True,1.3,0.32214171981779427,0,0,0.4950546457524553
67,A,clean,pi_oracle_state_soft,4,True,1.1584511001292757,0.27039415553180945,0,0,0.27896212165787904
67,A,clean,pi_source_state_soft,4,True,1.1584511001292757,0.27039415553180945,0,0,0.27896212165787904
67,B,clean,pi_zero_soft,4,True,1.1584511001292757,0.27039415553180945,0,0,0.27896212165787904
67,B,clean,pi_zero_hard,4,True,1.3,0.32214171981779427,0,0,0.4950546457524553
67,B,clean,pi_oracle_state_soft,4,True,1.1584511001292757,0.27039415553180945,0,0,0.27896212165787904
67,B,clean,pi_source_state_soft,4,True,1.1584511001292757,0.27039415553180945,0,0,0.27896212165787904
67,A,brightness_dark,pi_zero_soft,4,True,1.502032014942705,0.38988413503128827,0,0,-0.08433738561749832
67,A,brightness_dark,pi_zero_hard,4,True,1.8,0.5418334837700849,0,0,0.05587319997123382
67,A,brightness_dark,pi_oracle_state_soft,4,True,1.1726234605858397,0.27040485406624404,0,0,0.3243745600673012
67,A,brightness_dark,pi_source_state_soft,4,True,1.1726234605858397,0.27040485406624404,0,0,0.3243745600673012
67,B,brightness_dark,pi_zero_soft,4,True,1.502032014942705,0.38988413503128827,0,0,-0.08433738561749832
67,B,brightness_dark,pi_zero_hard,4,True,1.8,0.5418334837700849,0,0,0.05587319997123382
67,B,brightness_dark,pi_oracle_state_soft,4,True,1.1675886731342873,0.2692087216814576,0,0,0.3243745600673012
67,B,brightness_dark,pi_source_state_soft,4,True,1.1675886731342873,0.2692087216814576,0,0,0.3243745600673012
67,A,contrast_low,pi_zero_soft,4,True,1.5279813798200133,0.394150264954513,0,0,-0.26598713925518697
67,A,contrast_low,pi_zero_hard,4,True,1.8,0.553559857889846,0,0,-0.03990942855088131
67,A,contrast_low,pi_oracle_state_soft,4,True,1.2589983845596409,0.3157198170279176,0,0,0.12326233282557446
67,A,contrast_low,pi_source_state_soft,4,True,1.2589983845596409,0.3157198170279176,0,0,0.12326233282557446
67,B,contrast_low,pi_zero_soft,4,True,1.5279813798200133,0.394150264954513,0,0,-0.26598713925518697
67,B,contrast_low,pi_zero_hard,4,True,1.8,0.553559857889846,0,0,-0.03990942855088131
67,B,contrast_low,pi_oracle_state_soft,4,True,1.2558670386755268,0.31198861746602646,0,0,0.12326233282557446
67,B,contrast_low,pi_source_state_soft,4,True,1.2558670386755268,0.31198861746602646,0,0,0.12326233282557446
67,A,gaussian_noise,pi_zero_soft,4,True,1.2299913970780196,0.2834454653033538,0,0,0.2984245952619171
67,A,gaussian_noise,pi_zero_hard,4,True,1.5,0.43400339031775315,0,0,0.07986111111111109
67,A,gaussian_noise,pi_oracle_state_soft,4,True,1.1870118167925565,0.28009500829696243,0,0,0.3243745600673012
67,A,gaussian_noise,pi_source_state_soft,4,True,1.1870118167925565,0.28009500829696243,0,0,0.3243745600673012
67,B,gaussian_noise,pi_zero_soft,4,True,1.2299913970780196,0.2834454653033538,0,0,0.2984245952619171
67,B,gaussian_noise,pi_zero_hard,4,True,1.5,0.43400339031775315,0,0,0.07986111111111109
67,B,gaussian_noise,pi_oracle_state_soft,4,True,1.1824956413753975,0.27972779447286955,0,0,0.27896212165787904
67,B,gaussian_noise,pi_source_state_soft,4,True,1.1824956413753975,0.27972779447286955,0,0,0.27896212165787904
67,A,gaussian_blur,pi_zero_soft,4,True,1.3179271875038492,0.30783356875544854,0,0,0.0518999296107682
67,A,gaussian_blur,pi_zero_hard,4,True,1.5000000000000002,0.4105953103808042,0,0,0.25347222222222215
67,A,gaussian_blur,pi_oracle_state_soft,4,True,1.1655064715956995,0.2726655402499132,0,0,0.27896212165787904
67,A,gaussian_blur,pi_source_state_soft,4,True,1.1655064715956995,0.2726655402499132,0,0,0.27896212165787904
67,B,gaussian_blur,pi_zero_soft,4,True,1.3179271875038492,0.30783356875544854,0,0,0.0518999296107682
67,B,gaussian_blur,pi_zero_hard,4,True,1.5000000000000002,0.4105953103808042,0,0,0.25347222222222215
67,B,gaussian_blur,pi_oracle_state_soft,4,True,1.1648608435101337,0.27086744787630845,0,0,0.27896212165787904
67,B,gaussian_blur,pi_source_state_soft,4,True,1.1648608435101337,0.27086744787630845,0,0,0.27896212165787904
68,A,clean,pi_zero_soft,4,True,1.1578731693818956,0.3111975876407078,0,0,-0.007456667517348202
68,A,clean,pi_zero_hard,4,True,1.3,0.39243536561090275,0,0,-0.03990942855088131
68,A,clean,pi_oracle_state_soft,4,True,1.1578731693818956,0.3111975876407078,0,0,-0.007456667517348202
68,A,clean,pi_source_state_soft,4,True,1.1578731693818956,0.3111975876407078,0,0,-0.007456667517348202
68,B,clean,pi_zero_soft,4,True,1.1578731693818956,0.3111975876407078,0,0,-0.007456667517348202
68,B,clean,pi_zero_hard,4,True,1.3,0.39243536561090275,0,0,-0.03990942855088131
68,B,clean,pi_oracle_state_soft,4,True,1.1578731693818956,0.3111975876407078,0,0,-0.007456667517348202
68,B,clean,pi_source_state_soft,4,True,1.1578731693818956,0.3111975876407078,0,0,-0.007456667517348202
68,A,brightness_dark,pi_zero_soft,4,True,1.696570499090378,0.4914126178052012,0,0,-0.49959672366232943
68,A,brightness_dark,pi_zero_hard,4,True,1.7,0.5404311050462215,0,0,-0.04587155963302753
68,A,brightness_dark,pi_oracle_state_soft,4,True,1.1868947327920736,0.326015511275902,0,0,-0.12676334779491943
68,A,brightness_dark,pi_source_state_soft,4,True,1.1868947327920736,0.326015511275902,0,0,-0.12676334779491943
68,B,brightness_dark,pi_zero_soft,4,True,1.696570499090378,0.4914126178052012,0,0,-0.49959672366232943
68,B,brightness_dark,pi_zero_hard,4,True,1.7,0.5404311050462215,0,0,-0.04587155963302753
68,B,brightness_dark,pi_oracle_state_soft,4,True,1.188096712774332,0.328406005002128,0,0,-0.12676334779491943
68,B,brightness_dark,pi_source_state_soft,4,True,1.188096712774332,0.328406005002128,0,0,-0.12676334779491943
68,A,contrast_low,pi_zero_soft,4,True,1.7918895422914634,0.5299538178044316,0,0,-0.7978634243562575
68,A,contrast_low,pi_zero_hard,4,True,2.0,0.6931471805599454,0,0,-0.3192754284070505
68,A,contrast_low,pi_oracle_state_soft,4,True,1.2570626260864004,0.3614710129644072,0,0,-0.12676334779491943
68,A,contrast_low,pi_source_state_soft,4,True,1.2570626260864004,0.3614710129644072,0,0,-0.12676334779491943
68,B,contrast_low,pi_zero_soft,4,True,1.7918895422914634,0.5299538178044316,0,0,-0.7978634243562575
68,B,contrast_low,pi_zero_hard,4,True,2.0,0.6931471805599454,0,0,-0.3192754284070505
68,B,contrast_low,pi_oracle_state_soft,4,True,1.204027397067831,0.3525079450652593,0,0,-0.12676334779491943
68,B,contrast_low,pi_source_state_soft,4,True,1.204027397067831,0.3525079450652593,0,0,-0.12676334779491943
68,A,gaussian_noise,pi_zero_soft,4,True,1.194534231105755,0.31264821535771836,0,0,-0.007456667517348202
68,A,gaussian_noise,pi_zero_hard,4,True,1.3,0.35897724220516825,0,0,-0.040331762307350014
68,A,gaussian_noise,pi_oracle_state_soft,4,True,1.1517352391815876,0.3170110923474849,0,0,-0.007456667517348202
68,A,gaussian_noise,pi_source_state_soft,4,True,1.1517352391815876,0.3170110923474849,0,0,-0.007456667517348202
68,B,gaussian_noise,pi_zero_soft,4,True,1.194534231105755,0.31264821535771836,0,0,-0.007456667517348202
68,B,gaussian_noise,pi_zero_hard,4,True,1.3,0.35897724220516825,0,0,-0.040331762307350014
68,B,gaussian_noise,pi_oracle_state_soft,4,True,1.1522324319183292,0.3180946404475995,0,0,-0.007456667517348202
68,B,gaussian_noise,pi_source_state_soft,4,True,1.1522324319183292,0.3180946404475995,0,0,-0.007456667517348202
68,A,gaussian_blur,pi_zero_soft,4,True,1.3660354631798954,0.3620141757737818,0,0,-0.007456667517348202
68,A,gaussian_blur,pi_zero_hard,4,True,1.3,0.45054566736396406,0,0,-0.03977157173635786
68,A,gaussian_blur,pi_oracle_state_soft,4,True,1.1433537740051767,0.3078034149491866,0,0,0.14167668282961582
68,A,gaussian_blur,pi_source_state_soft,4,True,1.1433537740051767,0.3078034149491866,0,0,0.14167668282961582
68,B,gaussian_blur,pi_zero_soft,4,True,1.3660354631798954,0.3620141757737818,0,0,-0.007456667517348202
68,B,gaussian_blur,pi_zero_hard,4,True,1.3,0.45054566736396406,0,0,-0.03977157173635786
68,B,gaussian_blur,pi_oracle_state_soft,4,True,1.145273214216282,0.30564552329549644,0,0,0.14167668282961582
68,B,gaussian_blur,pi_source_state_soft,4,True,1.145273214216282,0.30564552329549644,0,0,0.14167668282961582
69,A,clean,pi_zero_soft,3,True,1.3795459678845283,0.37670359681554033,0,0,0.17150335289900864
69,A,clean,pi_zero_hard,3,True,1.4000000000000001,0.4118208799308758,0,0,0.09384742644069301
69,A,clean,pi_oracle_state_soft,3,True,1.3795459678845283,0.37670359681554033,0,0,0.17150335289900864
69,A,clean,pi_source_state_soft,3,True,1.3795459678845283,0.37670359681554033,0,0,0.17150335289900864
69,B,clean,pi_zero_soft,3,True,1.3795459678845283,0.37670359681554033,0,0,0.17150335289900864
69,B,clean,pi_zero_hard,3,True,1.4000000000000001,0.4118208799308758,0,0,0.09384742644069301
69,B,clean,pi_oracle_state_soft,3,True,1.3795459678845283,0.37670359681554033,0,0,0.17150335289900864
69,B,clean,pi_source_state_soft,3,True,1.3795459678845283,0.37670359681554033,0,0,0.17150335289900864
69,A,brightness_dark,pi_zero_soft,3,True,1.3483149248701123,0.3997193982528404,0,0,0.14167668282961582
69,A,brightness_dark,pi_zero_hard,3,True,1.5,0.4193884698754893,0,0,0.13761467889908258
69,A,brightness_dark,pi_oracle_state_soft,3,True,1.428748398451561,0.40514924439659805,0,0,0.0820233426908302
69,A,brightness_dark,pi_source_state_soft,3,True,1.428748398451561,0.40514924439659805,0,0,0.0820233426908302
69,B,brightness_dark,pi_zero_soft,3,True,1.3483149248701123,0.3997193982528404,0,0,0.14167668282961582
69,B,brightness_dark,pi_zero_hard,3,True,1.5,0.4193884698754893,0,0,0.13761467889908258
69,B,brightness_dark,pi_oracle_state_soft,3,True,1.4281985145633163,0.404282477785203,0,0,0.0820233426908302
69,B,brightness_dark,pi_source_state_soft,3,True,1.4281985145633163,0.404282477785203,0,0,0.0820233426908302
69,A,contrast_low,pi_zero_soft,3,True,1.3216119858575153,0.3960187355489979,0,0,0.14167668282961582
69,A,contrast_low,pi_zero_hard,3,True,1.5000000000000002,0.43568324332671615,0,0,0.13761467889908258
69,A,contrast_low,pi_oracle_state_soft,3,True,1.472963031496522,0.43019029632108663,0,0,-0.0820233426908302
69,A,contrast_low,pi_source_state_soft,3,True,1.472963031496522,0.43019029632108663,0,0,-0.0820233426908302
69,B,contrast_low,pi_zero_soft,3,True,1.3216119858575153,0.3960187355489979,0,0,0.14167668282961582
69,B,contrast_low,pi_zero_hard,3,True,1.5000000000000002,0.43568324332671615,0,0,0.13761467889908258
69,B,contrast_low,pi_oracle_state_soft,3,True,1.48606329361355,0.43418221262989665,0,0,-0.1565900178643122
69,B,contrast_low,pi_source_state_soft,3,True,1.48606329361355,0.43418221262989665,0,0,-0.1565900178643122
69,A,gaussian_noise,pi_zero_soft,3,True,1.5126093394550635,0.4367739871767016,0,0,0.022370002552044604
69,A,gaussian_noise,pi_zero_hard,3,True,1.6,0.5385808258255476,0,0,-0.19885785868178932
69,A,gaussian_noise,pi_oracle_state_soft,3,True,1.4223401662793036,0.40106112673313166,0,0,0.09693667772552661
69,A,gaussian_noise,pi_source_state_soft,3,True,1.4223401662793036,0.40106112673313166,0,0,0.09693667772552661
69,B,gaussian_noise,pi_zero_soft,3,True,1.5126093394550635,0.4367739871767016,0,0,0.022370002552044604
69,B,gaussian_noise,pi_zero_hard,3,True,1.6,0.5385808258255476,0,0,-0.19885785868178932
69,B,gaussian_noise,pi_oracle_state_soft,3,True,1.4266545728155937,0.40053994216785105,0,0,0.09693667772552661
69,B,gaussian_noise,pi_source_state_soft,3,True,1.4266545728155937,0.40053994216785105,0,0,0.09693667772552661
69,A,gaussian_blur,pi_zero_soft,3,True,1.2992030837153785,0.35848518049473865,0,0,0.14167668282961582
69,A,gaussian_blur,pi_zero_hard,3,True,1.4000000000000001,0.36260560740140235,0,0,0.1626148977336386
69,A,gaussian_blur,pi_oracle_state_soft,3,True,1.4277900662056215,0.3928394797193113,0,0,0.09693667772552661
69,A,gaussian_blur,pi_source_state_soft,3,True,1.4277900662056215,0.3928394797193113,0,0,0.09693667772552661
69,B,gaussian_blur,pi_zero_soft,3,True,1.2992030837153785,0.35848518049473865,0,0,0.14167668282961582
69,B,gaussian_blur,pi_zero_hard,3,True,1.4000000000000001,0.36260560740140235,0,0,0.1626148977336386
69,B,gaussian_blur,pi_oracle_state_soft,3,True,1.434919916966855,0.395158198470426,0,0,0.09693667772552661
69,B,gaussian_blur,pi_source_state_soft,3,True,1.434919916966855,0.395158198470426,0,0,0.09693667772552661
70,A,clean,pi_zero_soft,2,True,0.8835678026272699,0.18606384334177672,1,1,0.6227991553292184
70,A,clean,pi_zero_hard,2,True,0.4,0.07499281556808102,1,1,0.7483832703767803
70,A,clean,pi_oracle_state_soft,2,True,0.8835678026272699,0.18606384334177672,1,1,0.6227991553292184
70,A,clean,pi_source_state_soft,2,True,0.8835678026272699,0.18606384334177672,1,1,0.6227991553292184
70,B,clean,pi_zero_soft,2,True,0.8835678026272699,0.18606384334177672,1,1,0.6227991553292184
70,B,clean,pi_zero_hard,2,True,0.4,0.07499281556808102,1,1,0.7483832703767803
70,B,clean,pi_oracle_state_soft,2,True,0.8835678026272699,0.18606384334177672,1,1,0.6227991553292184
70,B,clean,pi_source_state_soft,2,True,0.8835678026272699,0.18606384334177672,1,1,0.6227991553292184
70,A,brightness_dark,pi_zero_soft,2,True,1.602924431806821,0.42696142322808583,0,0,0.21624970671153415
70,A,brightness_dark,pi_zero_hard,2,True,1.8000000000000003,0.5361727374305809,0,0,0.1467418177209373
70,A,brightness_dark,pi_oracle_state_soft,2,True,0.9715423569057314,0.2101901852294097,1,1,0.6227991553292184
70,A,brightness_dark,pi_source_state_soft,2,True,0.9715423569057314,0.2101901852294097,1,1,0.6227991553292184
70,B,brightness_dark,pi_zero_soft,2,True,1.602924431806821,0.42696142322808583,0,0,0.21624970671153415
70,B,brightness_dark,pi_zero_hard,2,True,1.8000000000000003,0.5361727374305809,0,0,0.1467418177209373
70,B,brightness_dark,pi_oracle_state_soft,2,True,0.9582868554935536,0.20684158909254946,1,1,0.6227991553292184
70,B,brightness_dark,pi_source_state_soft,2,True,0.9582868554935536,0.20684158909254946,1,1,0.6227991553292184
70,A,contrast_low,pi_zero_soft,2,True,1.2205700323457964,0.294296978791025,1,1,0.6227991553292184
70,A,contrast_low,pi_zero_hard,2,True,1.2000000000000002,0.277257468439003,0,0,0.5527275134155306
70,A,contrast_low,pi_oracle_state_soft,2,True,0.8678943748057779,0.18444825678438304,1,1,0.6227991553292184
70,A,contrast_low,pi_source_state_soft,2,True,0.8678943748057779,0.18444825678438304,1,1,0.6227991553292184
70,B,contrast_low,pi_zero_soft,2,True,1.2205700323457964,0.294296978791025,1,1,0.6227991553292184
70,B,contrast_low,pi_zero_hard,2,True,1.2000000000000002,0.277257468439003,0,0,0.5527275134155306
70,B,contrast_low,pi_oracle_state_soft,2,True,0.9106753761917186,0.19426051551181023,1,1,0.6227991553292184
70,B,contrast_low,pi_source_state_soft,2,True,0.9106753761917186,0.19426051551181023,1,1,0.6227991553292184
70,A,gaussian_noise,pi_zero_soft,2,True,0.9604151747816839,0.20512583547136165,1,1,0.6227991553292184
70,A,gaussian_noise,pi_zero_hard,2,True,0.8000000000000002,0.16458906774618387,1,1,0.7016464154456235
70,A,gaussian_noise,pi_oracle_state_soft,2,True,0.887664563219926,0.18726771181622226,1,1,0.6227991553292184
70,A,gaussian_noise,pi_source_state_soft,2,True,0.887664563219926,0.18726771181622226,1,1,0.6227991553292184
70,B,gaussian_noise,pi_zero_soft,2,True,0.9604151747816839,0.20512583547136165,1,1,0.6227991553292184
70,B,gaussian_noise,pi_zero_hard,2,True,0.8000000000000002,0.16458906774618387,1,1,0.7016464154456235
70,B,gaussian_noise,pi_oracle_state_soft,2,True,0.8985959884274045,0.18993327878151955,1,1,0.6227991553292184
70,B,gaussian_noise,pi_source_state_soft,2,True,0.8985959884274045,0.18993327878151955,1,1,0.6227991553292184
70,A,gaussian_blur,pi_zero_soft,2,True,0.9288481314547904,0.19981964934127738,1,1,0.7006490497453707
70,A,gaussian_blur,pi_zero_hard,2,True,0.7,0.15256120432734155,1,1,0.5416666666666667
70,A,gaussian_blur,pi_oracle_state_soft,2,True,0.8906737686328077,0.18773307549792118,1,1,0.6227991553292184
70,A,gaussian_blur,pi_source_state_soft,2,True,0.8906737686328077,0.18773307549792118,1,1,0.6227991553292184
70,B,gaussian_blur,pi_zero_soft,2,True,0.9288481314547904,0.19981964934127738,1,1,0.7006490497453707
70,B,gaussian_blur,pi_zero_hard,2,True,0.7,0.15256120432734155,1,1,0.5416666666666667
70,B,gaussian_blur,pi_oracle_state_soft,2,True,0.8955525789600135,0.1888910307738032,1,1,0.6227991553292184
70,B,gaussian_blur,pi_source_state_soft,2,True,0.8955525789600135,0.1888910307738032,1,1,0.6227991553292184
71,A,clean,pi_zero_soft,3,False,1.4985803478485071,0.41861414748151105,0,0,0.022370002552044604
71,A,clean,pi_zero_hard,3,False,1.7999999999999998,0.6238324625039507,0,0,-0.27936599985616917
71,A,clean,pi_oracle_state_soft,3,False,1.4985803478485071,0.41861414748151105,0,0,0.022370002552044604
71,A,clean,pi_source_state_soft,3,False,1.5571862876930644,0.459135589816964,0,0,-0.3057233682112762
71,B,clean,pi_zero_soft,3,False,1.4985803478485071,0.41861414748151105,0,0,0.022370002552044604
71,B,clean,pi_zero_hard,3,False,1.7999999999999998,0.6238324625039507,0,0,-0.27936599985616917
71,B,clean,pi_oracle_state_soft,3,False,1.4985803478485071,0.41861414748151105,0,0,0.022370002552044604
71,B,clean,pi_source_state_soft,3,False,1.560006077618361,0.46105387504621165,0,0,-0.3057233682112762
71,A,brightness_dark,pi_zero_soft,3,True,1.5778909124730907,0.4299354276724514,0,0,0.12676334779491943
71,A,brightness_dark,pi_zero_hard,3,True,2.0,0.6931471805599454,0,0,-0.4128440366972478
71,A,brightness_dark,pi_oracle_state_soft,3,True,1.4991461129000585,0.41801255349246214,0,0,0.09693667772552661
71,A,brightness_dark,pi_source_state_soft,3,True,1.4991461129000585,0.41801255349246214,0,0,0.09693667772552661
71,B,brightness_dark,pi_zero_soft,3,True,1.5778909124730907,0.4299354276724514,0,0,0.12676334779491943
71,B,brightness_dark,pi_zero_hard,3,True,2.0,0.6931471805599454,0,0,-0.4128440366972478
71,B,brightness_dark,pi_oracle_state_soft,3,True,1.4996736586618118,0.41855782824018317,0,0,0.09693667772552661
71,B,brightness_dark,pi_source_state_soft,3,True,1.4996736586618118,0.41855782824018317,0,0,0.09693667772552661
71,A,contrast_low,pi_zero_soft,3,True,1.453344289232549,0.37444080545308034,0,0,0.14167668282961582
71,A,contrast_low,pi_zero_hard,3,True,1.8,0.5891751034759533,0,0,-0.024199057384410007
71,A,contrast_low,pi_oracle_state_soft,3,True,1.5286688263334014,0.43598039523814647,0,0,0.0820233426908302
71,A,contrast_low,pi_source_state_soft,3,True,1.5286688263334014,0.43598039523814647,0,0,0.0820233426908302
71,B,contrast_low,pi_zero_soft,3,True,1.453344289232549,0.37444080545308034,0,0,0.14167668282961582
71,B,contrast_low,pi_zero_hard,3,True,1.8,0.5891751034759533,0,0,-0.024199057384410007
71,B,contrast_low,pi_oracle_state_soft,3,True,1.5326370211344242,0.4351415470846365,0,0,0.0820233426908302
71,B,contrast_low,pi_source_state_soft,3,True,1.5326370211344242,0.4351415470846365,0,0,0.0820233426908302
71,A,gaussian_noise,pi_zero_soft,3,True,1.5821693268785015,0.46395167290576556,0,0,-0.17150335289900864
71,A,gaussian_noise,pi_zero_hard,3,True,1.7000000000000002,0.5675989480420698,0,0,-0.15487133117489393
71,A,gaussian_noise,pi_oracle_state_soft,3,True,1.512208627990577,0.4278488258133757,0,0,0.022370002552044604
71,A,gaussian_noise,pi_source_state_soft,3,True,1.512208627990577,0.4278488258133757,0,0,0.022370002552044604
71,B,gaussian_noise,pi_zero_soft,3,True,1.5821693268785015,0.46395167290576556,0,0,-0.17150335289900864
71,B,gaussian_noise,pi_zero_hard,3,True,1.7000000000000002,0.5675989480420698,0,0,-0.15487133117489393
71,B,gaussian_noise,pi_oracle_state_soft,3,True,1.5178034386534962,0.4311898269365593,0,0,0.022370002552044604
71,B,gaussian_noise,pi_source_state_soft,3,True,1.5178034386534962,0.4311898269365593,0,0,0.022370002552044604
71,A,gaussian_blur,pi_zero_soft,3,True,1.465611288444951,0.3957826384182268,0,0,0.14167668282961582
71,A,gaussian_blur,pi_zero_hard,3,True,1.7999999999999998,0.6238324625039509,0,0,-0.35855526915348784
71,A,gaussian_blur,pi_oracle_state_soft,3,True,1.5142427470813602,0.4285993152867573,0,0,0.022370002552044604
71,A,gaussian_blur,pi_source_state_soft,3,True,1.5142427470813602,0.4285993152867573,0,0,0.022370002552044604
71,B,gaussian_blur,pi_zero_soft,3,True,1.465611288444951,0.3957826384182268,0,0,0.14167668282961582
71,B,gaussian_blur,pi_zero_hard,3,True,1.7999999999999998,0.6238324625039509,0,0,-0.35855526915348784
71,B,gaussian_blur,pi_oracle_state_soft,3,True,1.5170506256408858,0.4301811519240504,0,0,0.022370002552044604
71,B,gaussian_blur,pi_source_state_soft,3,True,1.5170506256408858,0.4301811519240504,0,0,0.022370002552044604
72,A,clean,pi_zero_soft,4,True,1.321819258789168,0.3437062081237765,0,0,0.23115669303779424
72,A,clean,pi_zero_hard,4,True,1.4,0.4201970858052113,0,0,-0.054562758349443796
72,A,clean,pi_oracle_state_soft,4,True,1.321819258789168,0.3437062081237765,0,0,0.23115669303779424
72,A,clean,pi_source_state_soft,4,True,1.321819258789168,0.3437062081237765,0,0,0.23115669303779424
72,B,clean,pi_zero_soft,4,True,1.321819258789168,0.3437062081237765,0,0,0.23115669303779424
72,B,clean,pi_zero_hard,4,True,1.4,0.4201970858052113,0,0,-0.054562758349443796
72,B,clean,pi_oracle_state_soft,4,True,1.321819258789168,0.3437062081237765,0,0,0.23115669303779424
72,B,clean,pi_source_state_soft,4,True,1.321819258789168,0.3437062081237765,0,0,0.23115669303779424
72,A,brightness_dark,pi_zero_soft,4,True,1.672904971138907,0.45897503639998183,0,0,-0.24607002807249062
72,A,brightness_dark,pi_zero_hard,4,True,1.9000000000000001,0.6213768248594738,0,0,-0.16866380418509366
72,A,brightness_dark,pi_oracle_state_soft,4,True,1.2871463983435862,0.32846559575527134,0,0,0.23115669303779424
72,A,brightness_dark,pi_source_state_soft,4,True,1.2871463983435862,0.32846559575527134,0,0,0.23115669303779424
72,B,brightness_dark,pi_zero_soft,4,True,1.672904971138907,0.45897503639998183,0,0,-0.24607002807249062
72,B,brightness_dark,pi_zero_hard,4,True,1.9000000000000001,0.6213768248594738,0,0,-0.16866380418509366
72,B,brightness_dark,pi_oracle_state_soft,4,True,1.2820563791691415,0.32662698239640364,0,0,0.23115669303779424
72,B,brightness_dark,pi_source_state_soft,4,True,1.2820563791691415,0.32662698239640364,0,0,0.23115669303779424
72,A,contrast_low,pi_zero_soft,4,True,1.4762251787515626,0.37922311329013314,0,0,0.022370002552044604
72,A,contrast_low,pi_zero_hard,4,True,1.7,0.5499314926936125,0,0,-0.04587155963302753
72,A,contrast_low,pi_oracle_state_soft,4,True,1.3229016216225657,0.3409869163645798,0,0,0.1565900178643122
72,A,contrast_low,pi_source_state_soft,4,True,1.3229016216225657,0.3409869163645798,0,0,0.1565900178643122
72,B,contrast_low,pi_zero_soft,4,True,1.4762251787515626,0.37922311329013314,0,0,0.022370002552044604
72,B,contrast_low,pi_zero_hard,4,True,1.7,0.5499314926936125,0,0,-0.04587155963302753
72,B,contrast_low,pi_oracle_state_soft,4,True,1.3410628752157994,0.3467653246288931,0,0,0.1565900178643122
72,B,contrast_low,pi_source_state_soft,4,True,1.3410628752157994,0.3467653246288931,0,0,0.1565900178643122
72,A,gaussian_noise,pi_zero_soft,4,True,1.3909100326630286,0.3735709000029164,0,0,0.0820233426908302
72,A,gaussian_noise,pi_zero_hard,4,True,1.4000000000000001,0.43608545864891823,0,0,0.031927542840705044
72,A,gaussian_noise,pi_oracle_state_soft,4,True,1.3416719334521277,0.351599342281121,0,0,0.23115669303779424
72,A,gaussian_noise,pi_source_state_soft,4,True,1.3416719334521277,0.351599342281121,0,0,0.23115669303779424
72,B,gaussian_noise,pi_zero_soft,4,True,1.3909100326630286,0.3735709000029164,0,0,0.0820233426908302
72,B,gaussian_noise,pi_zero_hard,4,True,1.4000000000000001,0.43608545864891823,0,0,0.031927542840705044
72,B,gaussian_noise,pi_oracle_state_soft,4,True,1.3480799201525495,0.35286892651911717,0,0,0.23115669303779424
72,B,gaussian_noise,pi_source_state_soft,4,True,1.3480799201525495,0.35286892651911717,0,0,0.23115669303779424
72,A,gaussian_blur,pi_zero_soft,4,True,1.3823560827484445,0.35771312330140526,0,0,-0.06711000765613381
72,A,gaussian_blur,pi_zero_hard,4,True,1.6,0.4823473113636665,0,0,-0.08780074281193888
72,A,gaussian_blur,pi_oracle_state_soft,4,True,1.359815296750014,0.3589884405478092,0,0,0.0820233426908302
72,A,gaussian_blur,pi_source_state_soft,4,True,1.359815296750014,0.3589884405478092,0,0,0.0820233426908302
72,B,gaussian_blur,pi_zero_soft,4,True,1.3823560827484445,0.35771312330140526,0,0,-0.06711000765613381
72,B,gaussian_blur,pi_zero_hard,4,True,1.6,0.4823473113636665,0,0,-0.08780074281193888
72,B,gaussian_blur,pi_oracle_state_soft,4,True,1.3600815001803184,0.3592554313720646,0,0,0.1565900178643122
72,B,gaussian_blur,pi_source_state_soft,4,True,1.3600815001803184,0.3592554313720646,0,0,0.1565900178643122
73,A,clean,pi_zero_soft,4,True,1.3144103178605537,0.31062858668523696,0,0,0.49959672366232943
73,A,clean,pi_zero_hard,4,True,1.3,0.2884340939950101,0,0,0.5545121276661221
73,A,clean,pi_oracle_state_soft,4,True,1.3144103178605537,0.31062858668523696,0,0,0.49959672366232943
73,A,clean,pi_source_state_soft,4,True,1.3144103178605537,0.31062858668523696,0,0,0.49959672366232943
73,B,clean,pi_zero_soft,4,True,1.3144103178605537,0.31062858668523696,0,0,0.49959672366232943
73,B,clean,pi_zero_hard,4,True,1.3,0.2884340939950101,0,0,0.5545121276661221
73,B,clean,pi_oracle_state_soft,4,True,1.3144103178605537,0.31062858668523696,0,0,0.49959672366232943
73,B,clean,pi_source_state_soft,4,True,1.3144103178605537,0.31062858668523696,0,0,0.49959672366232943
73,A,brightness_dark,pi_zero_soft,4,True,1.565602399455977,0.41708938704471654,0,0,0.20133002296840144
73,A,brightness_dark,pi_zero_hard,4,True,1.8000000000000003,0.5680465746753984,0,0,0.0638550856814101
73,A,brightness_dark,pi_oracle_state_soft,4,True,1.388543482997563,0.3297372573444113,0,0,0.3355500382806691
73,A,brightness_dark,pi_source_state_soft,4,True,1.388543482997563,0.3297372573444113,0,0,0.3355500382806691
73,B,brightness_dark,pi_zero_soft,4,True,1.565602399455977,0.41708938704471654,0,0,0.20133002296840144
73,B,brightness_dark,pi_zero_hard,4,True,1.8000000000000003,0.5680465746753984,0,0,0.0638550856814101
73,B,brightness_dark,pi_oracle_state_soft,4,True,1.3823245596090525,0.32734834835183446,0,0,0.4250300484888475
73,B,brightness_dark,pi_source_state_soft,4,True,1.3823245596090525,0.32734834835183446,0,0,0.4250300484888475
73,A,contrast_low,pi_zero_soft,4,True,1.4930724614148503,0.37559219812436573,0,0,0.26098336310718706
73,A,contrast_low,pi_zero_hard,4,True,1.6,0.448862679887426,0,0,0.24362007512131909
73,A,contrast_low,pi_oracle_state_soft,4,True,1.421546281141848,0.349104810535974,0,0,0.3355500382806691
73,A,contrast_low,pi_source_state_soft,4,True,1.421546281141848,0.349104810535974,0,0,0.3355500382806691
73,B,contrast_low,pi_zero_soft,4,True,1.4930724614148503,0.37559219812436573,0,0,0.26098336310718706
73,B,contrast_low,pi_zero_hard,4,True,1.6,0.448862679887426,0,0,0.24362007512131909
73,B,contrast_low,pi_oracle_state_soft,4,True,1.4319745045443548,0.3496996424227612,0,0,0.3355500382806691
73,B,contrast_low,pi_source_state_soft,4,True,1.4319745045443548,0.3496996424227612,0,0,0.3355500382806691
73,A,gaussian_noise,pi_zero_soft,4,True,1.4147083523604735,0.3465358851558227,0,0,0.26098336310718706
73,A,gaussian_noise,pi_zero_hard,4,True,1.6,0.448862679887426,0,0,0.12815593247855372
73,A,gaussian_noise,pi_oracle_state_soft,4,True,1.3599833920651896,0.33048632623064855,0,0,0.3355500382806691
73,A,gaussian_noise,pi_source_state_soft,4,True,1.3599833920651896,0.33048632623064855,0,0,0.3355500382806691
73,B,gaussian_noise,pi_zero_soft,4,True,1.4147083523604735,0.3465358851558227,0,0,0.26098336310718706
73,B,gaussian_noise,pi_zero_hard,4,True,1.6,0.448862679887426,0,0,0.12815593247855372
73,B,gaussian_noise,pi_oracle_state_soft,4,True,1.3565593796711028,0.3284725837091491,0,0,0.3355500382806691
73,B,gaussian_noise,pi_source_state_soft,4,True,1.3565593796711028,0.3284725837091491,0,0,0.3355500382806691
73,A,gaussian_blur,pi_zero_soft,4,True,1.3180933019807115,0.3160298426439949,0,0,0.3504633733153655
73,A,gaussian_blur,pi_zero_hard,4,True,1.3,0.32214171981779405,0,0,0.4598861060881692
73,A,gaussian_blur,pi_oracle_state_soft,4,True,1.304397232053423,0.30884287547234957,0,0,0.410116713454151
73,A,gaussian_blur,pi_source_state_soft,4,True,1.304397232053423,0.30884287547234957,0,0,0.410116713454151
73,B,gaussian_blur,pi_zero_soft,4,True,1.3180933019807115,0.3160298426439949,0,0,0.3504633733153655
73,B,gaussian_blur,pi_zero_hard,4,True,1.3,0.32214171981779405,0,0,0.4598861060881692
73,B,gaussian_blur,pi_oracle_state_soft,4,True,1.3025760801651074,0.3078369730115387,0,0,0.410116713454151
73,B,gaussian_blur,pi_source_state_soft,4,True,1.3025760801651074,0.3078369730115387,0,0,0.410116713454151
74,A,clean,pi_zero_soft,1,True,0.7526339442118885,0.15242556440677135,1,1,0.5222329678670935
74,A,clean,pi_zero_hard,1,True,0.09999999999999994,0.0176492274645947,1,1,0.7453559924999299
74,A,clean,pi_oracle_state_soft,1,True,0.7526339442118885,0.15242556440677135,1,1,0.5222329678670935
74,A,clean,pi_source_state_soft,1,True,0.7526339442118885,0.15242556440677135,1,1,0.5222329678670935
74,B,clean,pi_zero_soft,1,True,0.7526339442118885,0.15242556440677135,1,1,0.5222329678670935
74,B,clean,pi_zero_hard,1,True,0.09999999999999994,0.0176492274645947,1,1,0.7453559924999299
74,B,clean,pi_oracle_state_soft,1,True,0.7526339442118885,0.15242556440677135,1,1,0.5222329678670935
74,B,clean,pi_source_state_soft,1,True,0.7526339442118885,0.15242556440677135,1,1,0.5222329678670935
74,A,brightness_dark,pi_zero_soft,1,True,1.2218615204232486,0.2812592682434394,1,1,0.5222329678670935
74,A,brightness_dark,pi_zero_hard,1,True,0.39999999999999997,0.07488176162235427,1,1,0.7453559924999299
74,A,brightness_dark,pi_oracle_state_soft,1,True,0.8657927898909374,0.18031858246980137,1,1,0.5222329678670935
74,A,brightness_dark,pi_source_state_soft,1,True,0.8657927898909374,0.18031858246980137,1,1,0.5222329678670935
74,B,brightness_dark,pi_zero_soft,1,True,1.2218615204232486,0.2812592682434394,1,1,0.5222329678670935
74,B,brightness_dark,pi_zero_hard,1,True,0.39999999999999997,0.07488176162235427,1,1,0.7453559924999299
74,B,brightness_dark,pi_oracle_state_soft,1,True,0.8617796544481858,0.17929993308263426,1,1,0.5222329678670935
74,B,brightness_dark,pi_source_state_soft,1,True,0.8617796544481858,0.17929993308263426,1,1,0.5222329678670935
74,A,contrast_low,pi_zero_soft,1,True,1.1169477255117843,0.24908462271248732,1,1,0.5222329678670935
74,A,contrast_low,pi_zero_hard,1,True,0.39999999999999997,0.07488176162235427,1,1,0.7453559924999299
74,A,contrast_low,pi_oracle_state_soft,1,True,0.9825768085421587,0.21100132451399356,1,1,0.5222329678670935
74,A,contrast_low,pi_source_state_soft,1,True,0.9825768085421587,0.21100132451399356,1,1,0.5222329678670935
74,B,contrast_low,pi_zero_soft,1,True,1.1169477255117843,0.24908462271248732,1,1,0.5222329678670935
74,B,contrast_low,pi_zero_hard,1,True,0.39999999999999997,0.07488176162235427,1,1,0.7453559924999299
74,B,contrast_low,pi_oracle_state_soft,1,True,0.9628619083529287,0.20567454005272523,1,1,0.5222329678670935
74,B,contrast_low,pi_source_state_soft,1,True,0.9628619083529287,0.20567454005272523,1,1,0.5222329678670935
74,A,gaussian_noise,pi_zero_soft,1,True,0.6247382125995307,0.1227969222559232,1,1,0.5222329678670935
74,A,gaussian_noise,pi_zero_hard,1,True,0.0,0.0,1,1,0.9999999999999999
74,A,gaussian_noise,pi_oracle_state_soft,1,True,0.7605611150544179,0.154325653390614,1,1,0.5222329678670935
74,A,gaussian_noise,pi_source_state_soft,1,True,0.7605611150544179,0.154325653390614,1,1,0.5222329678670935
74,B,gaussian_noise,pi_zero_soft,1,True,0.6247382125995307,0.1227969222559232,1,1,0.5222329678670935
74,B,gaussian_noise,pi_zero_hard,1,True,0.0,0.0,1,1,0.9999999999999999
74,B,gaussian_noise,pi_oracle_state_soft,1,True,0.7543401467875972,0.15283387213363886,1,1,0.5222329678670935
74,B,gaussian_noise,pi_source_state_soft,1,True,0.7543401467875972,0.15283387213363886,1,1,0.5222329678670935
74,A,gaussian_blur,pi_zero_soft,1,False,0.9184562946546496,0.19390020258682195,1,1,0.5222329678670935
74,A,gaussian_blur,pi_zero_hard,1,False,0.09999999999999994,0.0176492274645947,1,1,0.7453559924999299
74,A,gaussian_blur,pi_oracle_state_soft,1,False,0.8117807515358314,0.16679439289722475,1,1,0.5222329678670935
74,A,gaussian_blur,pi_source_state_soft,1,False,1.0253221778548107,0.22277041241751294,1,1,0.5222329678670935
74,B,gaussian_blur,pi_zero_soft,1,False,0.9184562946546496,0.19390020258682195,1,1,0.5222329678670935
74,B,gaussian_blur,pi_zero_hard,1,False,0.09999999999999994,0.0176492274645947,1,1,0.7453559924999299
74,B,gaussian_blur,pi_oracle_state_soft,1,False,0.807413145101403,0.1657179353726852,1,1,0.5222329678670935
74,B,gaussian_blur,pi_source_state_soft,1,False,1.0373238380587693,0.22613071577938126,1,1,0.5222329678670935
75,A,clean,pi_zero_soft,4,True,1.1005138082976589,0.2641605177659039,0,0,0.49959672366232943
75,A,clean,pi_zero_hard,4,True,1.0,0.23072018663518068,0,0,0.534306092553384
75,A,clean,pi_oracle_state_soft,4,True,1.1005138082976589,0.2641605177659039,0,0,0.49959672366232943
75,A,clean,pi_source_state_soft,4,True,1.1005138082976589,0.2641605177659039,0,0,0.49959672366232943
75,B,clean,pi_zero_soft,4,True,1.1005138082976589,0.2641605177659039,0,0,0.49959672366232943
75,B,clean,pi_zero_hard,4,True,1.0,0.23072018663518068,0,0,0.534306092553384
75,B,clean,pi_oracle_state_soft,4,True,1.1005138082976589,0.2641605177659039,0,0,0.49959672366232943
75,B,clean,pi_source_state_soft,4,True,1.1005138082976589,0.2641605177659039,0,0,0.49959672366232943
75,A,brightness_dark,pi_zero_soft,4,True,1.4735128392689238,0.3699570483614474,0,0,0.11185001276022301
75,A,brightness_dark,pi_zero_hard,4,True,1.9000000000000004,0.6213768248594735,0,0,-0.21001730613906822
75,A,brightness_dark,pi_oracle_state_soft,4,True,1.1426434440220494,0.2803016880673004,0,0,0.49959672366232943
75,A,brightness_dark,pi_source_state_soft,4,True,1.1426434440220494,0.2803016880673004,0,0,0.49959672366232943
75,B,brightness_dark,pi_zero_soft,4,True,1.4735128392689238,0.3699570483614474,0,0,0.11185001276022301
75,B,brightness_dark,pi_zero_hard,4,True,1.9000000000000004,0.6213768248594735,0,0,-0.21001730613906822
75,B,brightness_dark,pi_oracle_state_soft,4,True,1.1439505810009694,0.2795000692345062,0,0,0.49959672366232943
75,B,brightness_dark,pi_source_state_soft,4,True,1.1439505810009694,0.2795000692345062,0,0,0.49959672366232943
75,A,contrast_low,pi_zero_soft,4,True,1.4904341826195473,0.38945210607632075,0,0,-0.0521966726214374
75,A,contrast_low,pi_zero_hard,4,True,1.9000000000000001,0.630596877617672,0,0,-0.37514862837828433
75,A,contrast_low,pi_oracle_state_soft,4,True,1.1853897382027172,0.28150629512307,0,0,0.36537670835006186
75,A,contrast_low,pi_source_state_soft,4,True,1.1853897382027172,0.28150629512307,0,0,0.36537670835006186
75,B,contrast_low,pi_zero_soft,4,True,1.4904341826195473,0.38945210607632075,0,0,-0.0521966726214374
75,B,contrast_low,pi_zero_hard,4,True,1.9000000000000001,0.630596877617672,0,0,-0.37514862837828433
75,B,contrast_low,pi_oracle_state_soft,4,True,1.1794601216991731,0.2830564043542356,0,0,0.36537670835006186
75,B,contrast_low,pi_source_state_soft,4,True,1.1794601216991731,0.2830564043542356,0,0,0.36537670835006186
75,A,gaussian_noise,pi_zero_soft,4,True,1.0344857371292075,0.2592384017964593,0,0,0.49959672366232943
75,A,gaussian_noise,pi_zero_hard,4,True,1.1,0.2430491398293091,0,0,0.4862582021923464
75,A,gaussian_noise,pi_oracle_state_soft,4,True,1.0990413713734157,0.26487231185589644,0,0,0.49959672366232943
75,A,gaussian_noise,pi_source_state_soft,4,True,1.0990413713734157,0.26487231185589644,0,0,0.49959672366232943
75,B,gaussian_noise,pi_zero_soft,4,True,1.0344857371292075,0.2592384017964593,0,0,0.49959672366232943
75,B,gaussian_noise,pi_zero_hard,4,True,1.1,0.2430491398293091,0,0,0.4862582021923464
75,B,gaussian_noise,pi_oracle_state_soft,4,True,1.1015940938230222,0.2650363553382613,0,0,0.49959672366232943
75,B,gaussian_noise,pi_source_state_soft,4,True,1.1015940938230222,0.2650363553382613,0,0,0.49959672366232943
75,A,gaussian_blur,pi_zero_soft,4,True,1.2760319827577131,0.3042198116506081,0,0,0.23115669303779424
75,A,gaussian_blur,pi_zero_hard,4,True,1.2,0.2779868337464988,0,0,0.33297336202602196
75,A,gaussian_blur,pi_oracle_state_soft,4,True,1.0967451200286211,0.2600391169847096,0,0,0.49959672366232943
75,A,gaussian_blur,pi_source_state_soft,4,True,1.0967451200286211,0.2600391169847096,0,0,0.49959672366232943
75,B,gaussian_blur,pi_zero_soft,4,True,1.2760319827577131,0.3042198116506081,0,0,0.23115669303779424
75,B,gaussian_blur,pi_zero_hard,4,True,1.2,0.2779868337464988,0,0,0.33297336202602196
75,B,gaussian_blur,pi_oracle_state_soft,4,True,1.0898852010102456,0.25898805115282886,0,0,0.49959672366232943
75,B,gaussian_blur,pi_source_state_soft,4,True,1.0898852010102456,0.25898805115282886,0,0,0.49959672366232943
76,A,clean,pi_zero_soft,3,True,1.2207499029105575,0.29353220898018506,0,0,0.49959672366232943
76,A,clean,pi_zero_hard,3,True,1.2000000000000002,0.2821254588675144,0,0,0.42870738703134414
76,A,clean,pi_oracle_state_soft,3,True,1.2207499029105575,0.29353220898018506,0,0,0.49959672366232943
76,A,clean,pi_source_state_soft,3,True,1.2207499029105575,0.29353220898018506,0,0,0.49959672366232943
76,B,clean,pi_zero_soft,3,True,1.2207499029105575,0.29353220898018506,0,0,0.49959672366232943
76,B,clean,pi_zero_hard,3,True,1.2000000000000002,0.2821254588675144,0,0,0.42870738703134414
76,B,clean,pi_oracle_state_soft,3,True,1.2207499029105575,0.29353220898018506,0,0,0.49959672366232943
76,B,clean,pi_source_state_soft,3,True,1.2207499029105575,0.29353220898018506,0,0,0.49959672366232943
76,A,brightness_dark,pi_zero_soft,3,True,1.4058288689590903,0.38946008185317593,0,0,-0.0521966726214374
76,A,brightness_dark,pi_zero_hard,3,True,1.4,0.4407678054314742,0,0,0.15963771420352524
76,A,brightness_dark,pi_oracle_state_soft,3,True,1.2755064598964674,0.3161330454996889,0,0,0.23115669303779424
76,A,brightness_dark,pi_source_state_soft,3,True,1.2755064598964674,0.3161330454996889,0,0,0.23115669303779424
76,B,brightness_dark,pi_zero_soft,3,True,1.4058288689590903,0.38946008185317593,0,0,-0.0521966726214374
76,B,brightness_dark,pi_zero_hard,3,True,1.4,0.4407678054314742,0,0,0.15963771420352524
76,B,brightness_dark,pi_oracle_state_soft,3,True,1.2755605376912147,0.31638587763743464,0,0,0.23115669303779424
76,B,brightness_dark,pi_source_state_soft,3,True,1.2755605376912147,0.31638587763743464,0,0,0.23115669303779424
76,A,contrast_low,pi_zero_soft,3,True,1.3135583803751927,0.35696839124462576,0,0,-0.007456667517348202
76,A,contrast_low,pi_zero_hard,3,True,1.1,0.3490777737031511,0,0,0.2660628570058754
76,A,contrast_low,pi_oracle_state_soft,3,True,1.211303669800125,0.3171896180872811,0,0,0.0521966726214374
76,A,contrast_low,pi_source_state_soft,3,True,1.211303669800125,0.3171896180872811,0,0,0.0521966726214374
76,B,contrast_low,pi_zero_soft,3,True,1.3135583803751927,0.35696839124462576,0,0,-0.007456667517348202
76,B,contrast_low,pi_zero_hard,3,True,1.1,0.3490777737031511,0,0,0.2660628570058754
76,B,contrast_low,pi_oracle_state_soft,3,True,1.1978119260319415,0.3126933018208853,0,0,0.0521966726214374
76,B,contrast_low,pi_source_state_soft,3,True,1.1978119260319415,0.3126933018208853,0,0,0.0521966726214374
76,A,gaussian_noise,pi_zero_soft,3,True,1.1636476449742725,0.2779380194668424,0,0,0.5294233937317222
76,A,gaussian_noise,pi_zero_hard,3,True,0.9,0.23490571959465578,0,0,0.563442043810179
76,A,gaussian_noise,pi_oracle_state_soft,3,True,1.2346175154369634,0.2992126815410354,0,0,0.4697700535929367
76,A,gaussian_noise,pi_source_state_soft,3,True,1.2346175154369634,0.2992126815410354,0,0,0.4697700535929367
76,B,gaussian_noise,pi_zero_soft,3,True,1.1636476449742725,0.2779380194668424,0,0,0.5294233937317222
76,B,gaussian_noise,pi_zero_hard,3,True,0.9,0.23490571959465578,0,0,0.563442043810179
76,B,gaussian_noise,pi_oracle_state_soft,3,True,1.2268839902823845,0.2971919011919959,0,0,0.4697700535929367
76,B,gaussian_noise,pi_source_state_soft,3,True,1.2268839902823845,0.2971919011919959,0,0,0.4697700535929367
76,A,gaussian_blur,pi_zero_soft,3,True,1.314487940180642,0.33290358758824024,0,0,0.007456667517348202
76,A,gaussian_blur,pi_zero_hard,3,True,1.4000000000000001,0.4407678054314742,0,0,-0.04200346122781364
76,A,gaussian_blur,pi_oracle_state_soft,3,True,1.238420603514913,0.3005404524012132,0,0,0.3504633733153655
76,A,gaussian_blur,pi_source_state_soft,3,True,1.238420603514913,0.3005404524012132,0,0,0.3504633733153655
76,B,gaussian_blur,pi_zero_soft,3,True,1.314487940180642,0.33290358758824024,0,0,0.007456667517348202
76,B,gaussian_blur,pi_zero_hard,3,True,1.4000000000000001,0.4407678054314742,0,0,-0.04200346122781364
76,B,gaussian_blur,pi_oracle_state_soft,3,True,1.2342946440281275,0.2982353024240538,0,0,0.3504633733153655
76,B,gaussian_blur,pi_source_state_soft,3,True,1.2342946440281275,0.2982353024240538,0,0,0.3504633733153655
77,A,clean,pi_zero_soft,2,True,1.3420475222487651,0.33722674018285526,0,0,0.4930493313022979
77,A,clean,pi_zero_hard,2,True,1.1,0.3277517620973678,0,0,0.36380343755449945
77,A,clean,pi_oracle_state_soft,2,True,1.3420475222487651,0.33722674018285526,0,0,0.4930493313022979
77,A,clean,pi_source_state_soft,2,True,1.3420475222487651,0.33722674018285526,0,0,0.4930493313022979
77,B,clean,pi_zero_soft,2,True,1.3420475222487651,0.33722674018285526,0,0,0.4930493313022979
77,B,clean,pi_zero_hard,2,True,1.1,0.3277517620973678,0,0,0.36380343755449945
77,B,clean,pi_oracle_state_soft,2,True,1.3420475222487651,0.33722674018285526,0,0,0.4930493313022979
77,B,clean,pi_source_state_soft,2,True,1.3420475222487651,0.33722674018285526,0,0,0.4930493313022979
77,A,brightness_dark,pi_zero_soft,2,True,1.1251190373105522,0.3422974133673291,0,0,0.11244984748999777
77,A,brightness_dark,pi_zero_hard,2,True,1.2,0.2919400302352232,0,0,0.2566001196398337
77,A,brightness_dark,pi_oracle_state_soft,2,True,1.3125889331047609,0.3240901279416266,0,0,0.4930493313022979
77,A,brightness_dark,pi_source_state_soft,2,True,1.3125889331047609,0.3240901279416266,0,0,0.4930493313022979
77,B,brightness_dark,pi_zero_soft,2,True,1.1251190373105522,0.3422974133673291,0,0,0.11244984748999777
77,B,brightness_dark,pi_zero_hard,2,True,1.2,0.2919400302352232,0,0,0.2566001196398337
77,B,brightness_dark,pi_oracle_state_soft,2,True,1.3062217978760842,0.32156419771797284,0,0,0.4930493313022979
77,B,brightness_dark,pi_source_state_soft,2,True,1.3062217978760842,0.32156419771797284,0,0,0.4930493313022979
77,A,contrast_low,pi_zero_soft,2,True,1.228041003384856,0.326716145420044,0,0,0.3027495893961478
77,A,contrast_low,pi_zero_hard,2,True,1.2000000000000002,0.32164514014998025,0,0,0.2554203427256404
77,A,contrast_low,pi_oracle_state_soft,2,True,1.3845572148793062,0.34983527282429927,0,0,0.4151994368861456
77,A,contrast_low,pi_source_state_soft,2,True,1.3845572148793062,0.34983527282429927,0,0,0.4151994368861456
77,B,contrast_low,pi_zero_soft,2,True,1.228041003384856,0.326716145420044,0,0,0.3027495893961478
77,B,contrast_low,pi_zero_hard,2,True,1.2000000000000002,0.32164514014998025,0,0,0.2554203427256404
77,B,contrast_low,pi_oracle_state_soft,2,True,1.3948131720542682,0.35414603601475414,0,0,0.4930493313022979
77,B,contrast_low,pi_source_state_soft,2,True,1.3948131720542682,0.35414603601475414,0,0,0.4930493313022979
77,A,gaussian_noise,pi_zero_soft,2,True,1.4404873727955991,0.37579287583060084,0,0,0.32004956593307055
77,A,gaussian_noise,pi_zero_hard,2,True,1.4,0.45412934391478,0,0,0.037037037037037035
77,A,gaussian_noise,pi_oracle_state_soft,2,True,1.353759343449339,0.3429256826175009,0,0,0.4930493313022979
77,A,gaussian_noise,pi_source_state_soft,2,True,1.353759343449339,0.3429256826175009,0,0,0.4930493313022979
77,B,gaussian_noise,pi_zero_soft,2,True,1.4404873727955991,0.37579287583060084,0,0,0.32004956593307055
77,B,gaussian_noise,pi_zero_hard,2,True,1.4,0.45412934391478,0,0,0.037037037037037035
77,B,gaussian_noise,pi_oracle_state_soft,2,True,1.364612047169181,0.347068682103435,0,0,0.39789946034922286
77,B,gaussian_noise,pi_source_state_soft,2,True,1.364612047169181,0.347068682103435,0,0,0.39789946034922286
77,A,gaussian_blur,pi_zero_soft,2,True,1.26380447849838,0.3191412544639456,0,0,0.5881992022553729
77,A,gaussian_blur,pi_zero_hard,2,True,1.1,0.3111588013340707,0,0,0.4244546748080043
77,A,gaussian_blur,pi_oracle_state_soft,2,True,1.3638718362708406,0.3431311059154529,0,0,0.4930493313022979
77,A,gaussian_blur,pi_source_state_soft,2,True,1.3638718362708406,0.3431311059154529,0,0,0.4930493313022979
77,B,gaussian_blur,pi_zero_soft,2,True,1.26380447849838,0.3191412544639456,0,0,0.5881992022553729
77,B,gaussian_blur,pi_zero_hard,2,True,1.1,0.3111588013340707,0,0,0.4244546748080043
77,B,gaussian_blur,pi_oracle_state_soft,2,True,1.3685736843551175,0.3444336650960036,0,0,0.4151994368861456
77,B,gaussian_blur,pi_source_state_soft,2,True,1.3685736843551175,0.3444336650960036,0,0,0.4151994368861456
78,A,clean,pi_zero_soft,3,True,1.5019370527724616,0.38894991065866336,0,0,0.0820233426908302
78,A,clean,pi_zero_hard,3,True,1.4000000000000001,0.3773222492225441,0,0,0.1037645142322914
78,A,clean,pi_oracle_state_soft,3,True,1.5019370527724616,0.38894991065866336,0,0,0.0820233426908302
78,A,clean,pi_source_state_soft,3,True,1.5019370527724616,0.38894991065866336,0,0,0.0820233426908302
78,B,clean,pi_zero_soft,3,True,1.5019370527724616,0.38894991065866336,0,0,0.0820233426908302
78,B,clean,pi_zero_hard,3,True,1.4000000000000001,0.3773222492225441,0,0,0.1037645142322914
78,B,clean,pi_oracle_state_soft,3,True,1.5019370527724616,0.38894991065866336,0,0,0.0820233426908302
78,B,clean,pi_source_state_soft,3,True,1.5019370527724616,0.38894991065866336,0,0,0.0820233426908302
78,A,brightness_dark,pi_zero_soft,3,True,1.5991924031608062,0.4445643054215458,0,0,0.12676334779491943
78,A,brightness_dark,pi_zero_hard,3,True,2.0,0.6931471805599454,0,0,-0.3192754284070505
78,A,brightness_dark,pi_oracle_state_soft,3,True,1.5404146216608876,0.4070272209734025,0,0,-0.007456667517348202
78,A,brightness_dark,pi_source_state_soft,3,True,1.5404146216608876,0.4070272209734025,0,0,-0.007456667517348202
78,B,brightness_dark,pi_zero_soft,3,True,1.5991924031608062,0.4445643054215458,0,0,0.12676334779491943
78,B,brightness_dark,pi_zero_hard,3,True,2.0,0.6931471805599454,0,0,-0.3192754284070505
78,B,brightness_dark,pi_oracle_state_soft,3,True,1.53978097893248,0.4065381484942894,0,0,-0.007456667517348202
78,B,brightness_dark,pi_source_state_soft,3,True,1.53978097893248,0.4065381484942894,0,0,-0.007456667517348202
78,A,contrast_low,pi_zero_soft,3,True,1.4631283955441896,0.4044881493422392,0,0,0.20133002296840144
78,A,contrast_low,pi_zero_hard,3,True,1.9,0.6584898215319481,0,0,-0.11926605504587157
78,A,contrast_low,pi_oracle_state_soft,3,True,1.572968278157414,0.41826416070954875,0,0,-0.09693667772552661
78,A,contrast_low,pi_source_state_soft,3,True,1.572968278157414,0.41826416070954875,0,0,-0.09693667772552661
78,B,contrast_low,pi_zero_soft,3,True,1.4631283955441896,0.4044881493422392,0,0,0.20133002296840144
78,B,contrast_low,pi_zero_hard,3,True,1.9,0.6584898215319481,0,0,-0.11926605504587157
78,B,contrast_low,pi_oracle_state_soft,3,True,1.580938364002265,0.4227336534358237,0,0,-0.09693667772552661
78,B,contrast_low,pi_source_state_soft,3,True,1.580938364002265,0.4227336534358237,0,0,-0.09693667772552661
78,A,gaussian_noise,pi_zero_soft,3,True,1.5875257503849063,0.4255429005731992,0,0,-0.09693667772552661
78,A,gaussian_noise,pi_zero_hard,3,True,1.6,0.4557372775421109,0,0,0.03117871905682503
78,A,gaussian_noise,pi_oracle_state_soft,3,True,1.522707852986759,0.39682781516452437,0,0,-0.007456667517348202
78,A,gaussian_noise,pi_source_state_soft,3,True,1.522707852986759,0.39682781516452437,0,0,-0.007456667517348202
78,B,gaussian_noise,pi_zero_soft,3,True,1.5875257503849063,0.4255429005731992,0,0,-0.09693667772552661
78,B,gaussian_noise,pi_zero_hard,3,True,1.6,0.4557372775421109,0,0,0.03117871905682503
78,B,gaussian_noise,pi_oracle_state_soft,3,True,1.5230764194062845,0.39698838762651945,0,0,-0.007456667517348202
78,B,gaussian_noise,pi_source_state_soft,3,True,1.5230764194062845,0.39698838762651945,0,0,-0.007456667517348202
78,A,gaussian_blur,pi_zero_soft,3,True,1.4686849968909854,0.38363369560665883,0,0,0.14167668282961582
78,A,gaussian_blur,pi_zero_hard,3,True,1.7000000000000002,0.504550334749382,0,0,0.03117871905682503
78,A,gaussian_blur,pi_oracle_state_soft,3,True,1.5210056127953793,0.39745354606533767,0,0,-0.007456667517348202
78,A,gaussian_blur,pi_source_state_soft,3,True,1.5210056127953793,0.39745354606533767,0,0,-0.007456667517348202
78,B,gaussian_blur,pi_zero_soft,3,True,1.4686849968909854,0.38363369560665883,0,0,0.14167668282961582
78,B,gaussian_blur,pi_zero_hard,3,True,1.7000000000000002,0.504550334749382,0,0,0.03117871905682503
78,B,gaussian_blur,pi_oracle_state_soft,3,True,1.5227384565638256,0.3981352233525721,0,0,-0.007456667517348202
78,B,gaussian_blur,pi_source_state_soft,3,True,1.5227384565638256,0.3981352233525721,0,0,-0.007456667517348202
79,A,clean,pi_zero_soft,2,True,1.2186397309462746,0.2717870350497327,1,1,0.43994338352354384
79,A,clean,pi_zero_hard,2,True,0.9,0.20383267852852516,1,1,0.34296590962507534
79,A,clean,pi_oracle_state_soft,2,True,1.2186397309462746,0.2717870350497327,1,1,0.43994338352354384
79,A,clean,pi_source_state_soft,2,True,1.2186397309462746,0.2717870350497327,1,1,0.43994338352354384
79,B,clean,pi_zero_soft,2,True,1.2186397309462746,0.2717870350497327,1,1,0.43994338352354384
79,B,clean,pi_zero_hard,2,True,0.9,0.20383267852852516,1,1,0.34296590962507534
79,B,clean,pi_oracle_state_soft,2,True,1.2186397309462746,0.2717870350497327,1,1,0.43994338352354384
79,B,clean,pi_source_state_soft,2,True,1.2186397309462746,0.2717870350497327,1,1,0.43994338352354384
79,A,brightness_dark,pi_zero_soft,2,True,1.0523891435504544,0.230458182987624,1,1,0.410116713454151
79,A,brightness_dark,pi_zero_hard,2,True,0.5000000000000001,0.15636141139319826,1,1,0.3831305140884606
79,A,brightness_dark,pi_oracle_state_soft,2,True,1.1612903771131973,0.25626451884279766,1,1,0.5890767338705079
79,A,brightness_dark,pi_source_state_soft,2,True,1.1612903771131973,0.25626451884279766,1,1,0.5890767338705079
79,B,brightness_dark,pi_zero_soft,2,True,1.0523891435504544,0.230458182987624,1,1,0.410116713454151
79,B,brightness_dark,pi_zero_hard,2,True,0.5000000000000001,0.15636141139319826,1,1,0.3831305140884606
79,B,brightness_dark,pi_oracle_state_soft,2,True,1.1624225431011643,0.2569968381418559,1,1,0.5890767338705079
79,B,brightness_dark,pi_source_state_soft,2,True,1.1624225431011643,0.2569968381418559,1,1,0.5890767338705079
79,A,contrast_low,pi_zero_soft,2,True,1.248541246109802,0.2921063853022532,1,1,0.29081003317657983
79,A,contrast_low,pi_zero_hard,2,True,0.6000000000000001,0.15984437486266623,1,1,0.42165951046273414
79,A,contrast_low,pi_oracle_state_soft,2,True,1.2980952285811604,0.2925041202374892,1,1,0.43994338352354384
79,A,contrast_low,pi_source_state_soft,2,True,1.2980952285811604,0.2925041202374892,1,1,0.43994338352354384
79,B,contrast_low,pi_zero_soft,2,True,1.248541246109802,0.2921063853022532,1,1,0.29081003317657983
79,B,contrast_low,pi_zero_hard,2,True,0.6000000000000001,0.15984437486266623,1,1,0.42165951046273414
79,B,contrast_low,pi_oracle_state_soft,2,True,1.3038208444928292,0.29358945907242573,1,1,0.43994338352354384
79,B,contrast_low,pi_source_state_soft,2,True,1.3038208444928292,0.29358945907242573,1,1,0.43994338352354384
79,A,gaussian_noise,pi_zero_soft,2,True,1.3167558388927796,0.2989053306101961,0,0,0.3504633733153655
79,A,gaussian_noise,pi_zero_hard,2,True,1.0000000000000002,0.2285272943520008,1,1,0.4536373812603873
79,A,gaussian_noise,pi_oracle_state_soft,2,True,1.2482697710204649,0.2809442888638962,1,1,0.43994338352354384
79,A,gaussian_noise,pi_source_state_soft,2,True,1.2482697710204649,0.2809442888638962,1,1,0.43994338352354384
79,B,gaussian_noise,pi_zero_soft,2,True,1.3167558388927796,0.2989053306101961,0,0,0.3504633733153655
79,B,gaussian_noise,pi_zero_hard,2,True,1.0000000000000002,0.2285272943520008,1,1,0.4536373812603873
79,B,gaussian_noise,pi_oracle_state_soft,2,True,1.2576154472045056,0.2845978297129741,1,1,0.43994338352354384
79,B,gaussian_noise,pi_source_state_soft,2,True,1.2576154472045056,0.2845978297129741,1,1,0.43994338352354384
79,A,gaussian_blur,pi_zero_soft,2,True,1.2110225192504238,0.277608860940586,1,1,0.3206367032459727
79,A,gaussian_blur,pi_zero_hard,2,True,0.9,0.21232763036829494,1,1,0.42165951046273414
79,A,gaussian_blur,pi_oracle_state_soft,2,True,1.2678415877129112,0.28705634086654896,1,1,0.43994338352354384
79,A,gaussian_blur,pi_source_state_soft,2,True,1.2678415877129112,0.28705634086654896,1,1,0.43994338352354384
79,B,gaussian_blur,pi_zero_soft,2,True,1.2110225192504238,0.277608860940586,1,1,0.3206367032459727
79,B,gaussian_blur,pi_zero_hard,2,True,0.9,0.21232763036829494,1,1,0.42165951046273414
79,B,gaussian_blur,pi_oracle_state_soft,2,True,1.2714919836238472,0.28795455272664516,1,1,0.43994338352354384
79,B,gaussian_blur,pi_source_state_soft,2,True,1.2714919836238472,0.28795455272664516,1,1,0.43994338352354384
80,A,clean,pi_zero_soft,1,True,0.8819966090717294,0.18446537272785402,1,1,0.5449492609130662
80,A,clean,pi_zero_hard,1,True,0.4,0.07697599619459106,1,1,0.5895063447465633
80,A,clean,pi_oracle_state_soft,1,True,0.8819966090717294,0.18446537272785402,1,1,0.5449492609130662
80,A,clean,pi_source_state_soft,1,True,0.8819966090717294,0.18446537272785402,1,1,0.5449492609130662
80,B,clean,pi_zero_soft,1,True,0.8819966090717294,0.18446537272785402,1,1,0.5449492609130662
80,B,clean,pi_zero_hard,1,True,0.4,0.07697599619459106,1,1,0.5895063447465633
80,B,clean,pi_oracle_state_soft,1,True,0.8819966090717294,0.18446537272785402,1,1,0.5449492609130662
80,B,clean,pi_source_state_soft,1,True,0.8819966090717294,0.18446537272785402,1,1,0.5449492609130662
80,A,brightness_dark,pi_zero_soft,1,True,1.300410622870795,0.30785043083093133,1,1,0.38924947208076155
80,A,brightness_dark,pi_zero_hard,1,True,1.2000000000000002,0.2919400302352233,0,0,0.3641975308641976
80,A,brightness_dark,pi_oracle_state_soft,1,True,0.9899919519123036,0.21335464670254667,1,1,0.4670993664969138
80,A,brightness_dark,pi_source_state_soft,1,True,0.9899919519123036,0.21335464670254667,1,1,0.4670993664969138
80,B,brightness_dark,pi_zero_soft,1,True,1.300410622870795,0.30785043083093133,1,1,0.38924947208076155
80,B,brightness_dark,pi_zero_hard,1,True,1.2000000000000002,0.2919400302352233,0,0,0.3641975308641976
80,B,brightness_dark,pi_oracle_state_soft,1,True,0.9878904205579299,0.21280528671593446,1,1,0.4670993664969138
80,B,brightness_dark,pi_source_state_soft,1,True,0.9878904205579299,0.21280528671593446,1,1,0.4670993664969138
80,A,contrast_low,pi_zero_soft,1,True,1.1955909264804856,0.2735232358922668,1,1,0.38924947208076155
80,A,contrast_low,pi_zero_hard,1,True,0.6,0.14489581473877877,1,1,0.5000000000000001
80,A,contrast_low,pi_oracle_state_soft,1,True,1.0406439724963876,0.22764528510826976,1,1,0.2335496832484569
80,A,contrast_low,pi_source_state_soft,1,True,1.0406439724963876,0.22764528510826976,1,1,0.2335496832484569
80,B,contrast_low,pi_zero_soft,1,True,1.1955909264804856,0.2735232358922668,1,1,0.38924947208076155
80,B,contrast_low,pi_zero_hard,1,True,0.6,0.14489581473877877,1,1,0.5000000000000001
80,B,contrast_low,pi_oracle_state_soft,1,True,1.0250570845244957,0.22323222887182936,1,1,0.2335496832484569
80,B,contrast_low,pi_source_state_soft,1,True,1.0250570845244957,0.22323222887182936,1,1,0.2335496832484569
80,A,gaussian_noise,pi_zero_soft,1,True,0.8256002392585016,0.1709536351122355,1,1,0.4670993664969138
80,A,gaussian_noise,pi_zero_hard,1,True,0.3,0.057704951963283735,1,1,0.6454972243679029
80,A,gaussian_noise,pi_oracle_state_soft,1,True,0.9473699111682361,0.20154328158567902,1,1,0.38924947208076155
80,A,gaussian_noise,pi_source_state_soft,1,True,0.9473699111682361,0.20154328158567902,1,1,0.38924947208076155
80,B,gaussian_noise,pi_zero_soft,1,True,0.8256002392585016,0.1709536351122355,1,1,0.4670993664969138
80,B,gaussian_noise,pi_zero_hard,1,True,0.3,0.057704951963283735,1,1,0.6454972243679029
80,B,gaussian_noise,pi_oracle_state_soft,1,True,0.9388877441509328,0.19930622338972448,1,1,0.38924947208076155
80,B,gaussian_noise,pi_source_state_soft,1,True,0.9388877441509328,0.19930622338972448,1,1,0.38924947208076155
80,A,gaussian_blur,pi_zero_soft,1,True,1.0556517411644326,0.23141159841734305,1,1,0.38924947208076155
80,A,gaussian_blur,pi_zero_hard,1,True,0.4,0.07697599619459106,1,1,0.6603381797442179
80,A,gaussian_blur,pi_oracle_state_soft,1,True,0.9474178432198984,0.20164375363002662,1,1,0.5449492609130662
80,A,gaussian_blur,pi_source_state_soft,1,True,0.9474178432198984,0.20164375363002662,1,1,0.5449492609130662
80,B,gaussian_blur,pi_zero_soft,1,True,1.0556517411644326,0.23141159841734305,1,1,0.38924947208076155
80,B,gaussian_blur,pi_zero_hard,1,True,0.4,0.07697599619459106,1,1,0.6603381797442179
80,B,gaussian_blur,pi_oracle_state_soft,1,True,0.9410892563876674,0.19999943172665868,1,1,0.5449492609130662
80,B,gaussian_blur,pi_source_state_soft,1,True,0.9410892563876674,0.19999943172665868,1,1,0.5449492609130662
81,A,clean,pi_zero_soft,1,True,1.7860327111839571,0.5198032535223416,0,0,-0.3027495893961478
81,A,clean,pi_zero_hard,1,True,1.9000000000000001,0.5938895588870091,0,0,-0.2919410301363267
81,A,clean,pi_oracle_state_soft,1,True,1.7860327111839571,0.5198032535223416,0,0,-0.3027495893961478
81,A,clean,pi_source_state_soft,1,True,1.7860327111839571,0.5198032535223416,0,0,-0.3027495893961478
81,B,clean,pi_zero_soft,1,True,1.7860327111839571,0.5198032535223416,0,0,-0.3027495893961478
81,B,clean,pi_zero_hard,1,True,1.9000000000000001,0.5938895588870091,0,0,-0.2919410301363267
81,B,clean,pi_oracle_state_soft,1,True,1.7860327111839571,0.5198032535223416,0,0,-0.3027495893961478
81,B,clean,pi_source_state_soft,1,True,1.7860327111839571,0.5198032535223416,0,0,-0.3027495893961478
81,A,brightness_dark,pi_zero_soft,1,True,1.9195079239306443,0.6090734665440742,0,0,-0.39789946034922286
81,A,brightness_dark,pi_zero_hard,1,True,2.0,0.6931471805599452,0,0,-0.24691358024691362
81,A,brightness_dark,pi_oracle_state_soft,1,True,1.789806554071824,0.5201754376714296,0,0,-0.3027495893961478
81,A,brightness_dark,pi_source_state_soft,1,True,1.789806554071824,0.5201754376714296,0,0,-0.3027495893961478
81,B,brightness_dark,pi_zero_soft,1,True,1.9195079239306443,0.6090734665440742,0,0,-0.39789946034922286
81,B,brightness_dark,pi_zero_hard,1,True,2.0,0.6931471805599452,0,0,-0.24691358024691362
81,B,brightness_dark,pi_oracle_state_soft,1,True,1.7862680238038398,0.5179700991091092,0,0,-0.3027495893961478
81,B,brightness_dark,pi_source_state_soft,1,True,1.7862680238038398,0.5179700991091092,0,0,-0.3027495893961478
81,A,contrast_low,pi_zero_soft,1,True,1.8938661320449064,0.5889809323293695,0,0,-0.39789946034922286
81,A,contrast_low,pi_zero_hard,1,True,2.0,0.6931471805599454,0,0,-0.24691358024691362
81,A,contrast_low,pi_oracle_state_soft,1,True,1.8645585147262023,0.5687855272500906,0,0,-0.5881992022553729
81,A,contrast_low,pi_source_state_soft,1,True,1.8645585147262023,0.5687855272500906,0,0,-0.5881992022553729
81,B,contrast_low,pi_zero_soft,1,True,1.8938661320449064,0.5889809323293695,0,0,-0.39789946034922286
81,B,contrast_low,pi_zero_hard,1,True,2.0,0.6931471805599454,0,0,-0.24691358024691362
81,B,contrast_low,pi_oracle_state_soft,1,True,1.8620602566955413,0.5669154506226375,0,0,-0.5881992022553729
81,B,contrast_low,pi_source_state_soft,1,True,1.8620602566955413,0.5669154506226375,0,0,-0.5881992022553729
81,A,gaussian_noise,pi_zero_soft,1,True,1.8183765787688422,0.539577631153916,0,0,-0.4930493313022979
81,A,gaussian_noise,pi_zero_hard,1,True,2.0,0.6931471805599451,0,0,-0.5389680556362956
81,A,gaussian_noise,pi_oracle_state_soft,1,True,1.791341599099655,0.5243528820418031,0,0,-0.4930493313022979
81,A,gaussian_noise,pi_source_state_soft,1,True,1.791341599099655,0.5243528820418031,0,0,-0.4930493313022979
81,B,gaussian_noise,pi_zero_soft,1,True,1.8183765787688422,0.539577631153916,0,0,-0.4930493313022979
81,B,gaussian_noise,pi_zero_hard,1,True,2.0,0.6931471805599451,0,0,-0.5389680556362956
81,B,gaussian_noise,pi_oracle_state_soft,1,True,1.791401527914827,0.5242781476376692,0,0,-0.4930493313022979
81,B,gaussian_noise,pi_source_state_soft,1,True,1.791401527914827,0.5242781476376692,0,0,-0.4930493313022979
81,A,gaussian_blur,pi_zero_soft,1,True,1.8076148339117302,0.5327657332731333,0,0,-0.39789946034922286
81,A,gaussian_blur,pi_zero_hard,1,True,1.8,0.5280387748872047,0,0,-0.09401267913629435
81,A,gaussian_blur,pi_oracle_state_soft,1,True,1.7866322228371918,0.520765773589835,0,0,-0.4930493313022979
81,A,gaussian_blur,pi_source_state_soft,1,True,1.7866322228371918,0.520765773589835,0,0,-0.4930493313022979
81,B,gaussian_blur,pi_zero_soft,1,True,1.8076148339117302,0.5327657332731333,0,0,-0.39789946034922286
81,B,gaussian_blur,pi_zero_hard,1,True,1.8,0.5280387748872047,0,0,-0.09401267913629435
81,B,gaussian_blur,pi_oracle_state_soft,1,True,1.7836327147694244,0.518889265749688,0,0,-0.39789946034922286
81,B,gaussian_blur,pi_source_state_soft,1,True,1.7836327147694244,0.518889265749688,0,0,-0.39789946034922286
82,A,clean,pi_zero_soft,1,True,1.668543848338782,0.45678611699988947,0,0,0.24219967151691824
82,A,clean,pi_zero_hard,1,True,1.6,0.4394209089390416,0,0,0.24537037037037035
82,A,clean,pi_oracle_state_soft,1,True,1.668543848338782,0.45678611699988947,0,0,0.24219967151691824
82,A,clean,pi_source_state_soft,1,True,1.668543848338782,0.45678611699988947,0,0,0.24219967151691824
82,B,clean,pi_zero_soft,1,True,1.668543848338782,0.45678611699988947,0,0,0.24219967151691824
82,B,clean,pi_zero_hard,1,True,1.6,0.4394209089390416,0,0,0.24537037037037035
82,B,clean,pi_oracle_state_soft,1,True,1.668543848338782,0.45678611699988947,0,0,0.24219967151691824
82,B,clean,pi_source_state_soft,1,True,1.668543848338782,0.45678611699988947,0,0,0.24219967151691824
82,A,brightness_dark,pi_zero_soft,1,True,1.8250269794284564,0.553903798348325,0,0,0.14704980056384323
82,A,brightness_dark,pi_zero_hard,1,True,2.0,0.6931471805599452,0,0,-0.24691358024691362
82,A,brightness_dark,pi_oracle_state_soft,1,True,1.6676805146369227,0.4532028719408667,0,0,0.32004956593307055
82,A,brightness_dark,pi_source_state_soft,1,True,1.6676805146369227,0.4532028719408667,0,0,0.32004956593307055
82,B,brightness_dark,pi_zero_soft,1,True,1.8250269794284564,0.553903798348325,0,0,0.14704980056384323
82,B,brightness_dark,pi_zero_hard,1,True,2.0,0.6931471805599452,0,0,-0.24691358024691362
82,B,brightness_dark,pi_oracle_state_soft,1,True,1.6635578942089975,0.4505515208459647,0,0,0.32004956593307055
82,B,brightness_dark,pi_source_state_soft,1,True,1.6635578942089975,0.4505515208459647,0,0,0.32004956593307055
82,A,contrast_low,pi_zero_soft,1,True,1.8061140293424318,0.5489273903445318,0,0,0.06919990614769093
82,A,contrast_low,pi_zero_hard,1,True,2.0,0.6931471805599453,0,0,-0.24691358024691362
82,A,contrast_low,pi_oracle_state_soft,1,True,1.775529742100159,0.5233210324726989,0,0,0.06919990614769093
82,A,contrast_low,pi_source_state_soft,1,True,1.775529742100159,0.5233210324726989,0,0,0.06919990614769093
82,B,contrast_low,pi_zero_soft,1,True,1.8061140293424318,0.5489273903445318,0,0,0.06919990614769093
82,B,contrast_low,pi_zero_hard,1,True,2.0,0.6931471805599453,0,0,-0.24691358024691362
82,B,contrast_low,pi_oracle_state_soft,1,True,1.7722275754959544,0.5220887506137195,0,0,0.06919990614769093
82,B,contrast_low,pi_source_state_soft,1,True,1.7722275754959544,0.5220887506137195,0,0,0.06919990614769093
82,A,gaussian_noise,pi_zero_soft,1,True,1.7328441483213306,0.49642827916448073,0,0,0.16434977710076598
82,A,gaussian_noise,pi_zero_hard,1,True,1.8,0.5280387748872046,0,0,-0.01467418177209373
82,A,gaussian_noise,pi_oracle_state_soft,1,True,1.7046364898010278,0.47739217690398106,0,0,0.16434977710076598
82,A,gaussian_noise,pi_source_state_soft,1,True,1.7046364898010278,0.47739217690398106,0,0,0.16434977710076598
82,B,gaussian_noise,pi_zero_soft,1,True,1.7328441483213306,0.49642827916448073,0,0,0.16434977710076598
82,B,gaussian_noise,pi_zero_hard,1,True,1.8,0.5280387748872046,0,0,-0.01467418177209373
82,B,gaussian_noise,pi_oracle_state_soft,1,True,1.7061294943528105,0.4778924686412265,0,0,0.06919990614769093
82,B,gaussian_noise,pi_source_state_soft,1,True,1.7061294943528105,0.4778924686412265,0,0,0.06919990614769093
82,A,gaussian_blur,pi_zero_soft,1,True,1.7015925316306075,0.47470576128458064,0,0,0.24219967151691824
82,A,gaussian_blur,pi_zero_hard,1,True,1.7,0.4933814158592075,0,0,0.24537037037037035
82,A,gaussian_blur,pi_oracle_state_soft,1,True,1.6682893140626427,0.45615388724238537,0,0,0.16434977710076598
82,A,gaussian_blur,pi_source_state_soft,1,True,1.6682893140626427,0.45615388724238537,0,0,0.16434977710076598
82,B,gaussian_blur,pi_zero_soft,1,True,1.7015925316306075,0.47470576128458064,0,0,0.24219967151691824
82,B,gaussian_blur,pi_zero_hard,1,True,1.7,0.4933814158592075,0,0,0.24537037037037035
82,B,gaussian_blur,pi_oracle_state_soft,1,True,1.6629621589533714,0.45334039720626373,0,0,0.16434977710076598
82,B,gaussian_blur,pi_source_state_soft,1,True,1.6629621589533714,0.45334039720626373,0,0,0.16434977710076598
83,A,clean,pi_zero_soft,2,True,1.1450513426499127,0.2664635502459929,1,1,-0.007456667517348202
83,A,clean,pi_zero_hard,2,True,0.7000000000000001,0.1945017338906634,1,1,0.0
83,A,clean,pi_oracle_state_soft,2,True,1.1450513426499127,0.2664635502459929,1,1,-0.007456667517348202
83,A,clean,pi_source_state_soft,2,True,1.1450513426499127,0.2664635502459929,1,1,-0.007456667517348202
83,B,clean,pi_zero_soft,2,True,1.1450513426499127,0.2664635502459929,1,1,-0.007456667517348202
83,B,clean,pi_zero_hard,2,True,0.7000000000000001,0.1945017338906634,1,1,0.0
83,B,clean,pi_oracle_state_soft,2,True,1.1450513426499127,0.2664635502459929,1,1,-0.007456667517348202
83,B,clean,pi_source_state_soft,2,True,1.1450513426499127,0.2664635502459929,1,1,-0.007456667517348202
83,A,brightness_dark,pi_zero_soft,2,True,1.6612758950228796,0.45995233054214224,0,0,-0.09693667772552661
83,A,brightness_dark,pi_zero_hard,2,True,2.0,0.6931471805599452,0,0,-0.4128440366972478
83,A,brightness_dark,pi_oracle_state_soft,2,True,1.2185961275862929,0.28606399366347923,1,1,0.0521966726214374
83,A,brightness_dark,pi_source_state_soft,2,True,1.2185961275862929,0.28606399366347923,1,1,0.0521966726214374
83,B,brightness_dark,pi_zero_soft,2,True,1.6612758950228796,0.45995233054214224,0,0,-0.09693667772552661
83,B,brightness_dark,pi_zero_hard,2,True,2.0,0.6931471805599452,0,0,-0.4128440366972478
83,B,brightness_dark,pi_oracle_state_soft,2,True,1.2141991612112306,0.28450981727139424,1,1,0.0521966726214374
83,B,brightness_dark,pi_source_state_soft,2,True,1.2141991612112306,0.28450981727139424,1,1,0.0521966726214374
83,A,contrast_low,pi_zero_soft,2,True,1.4862592814771334,0.37221200498342055,0,0,0.1565900178643122
83,A,contrast_low,pi_zero_hard,2,True,1.4000000000000001,0.3708732404929923,0,0,0.13761467889908258
83,A,contrast_low,pi_oracle_state_soft,2,True,1.1995739012569153,0.28160977536054,1,1,-0.007456667517348202
83,A,contrast_low,pi_source_state_soft,2,True,1.1995739012569153,0.28160977536054,1,1,-0.007456667517348202
83,B,contrast_low,pi_zero_soft,2,True,1.4862592814771334,0.37221200498342055,0,0,0.1565900178643122
83,B,contrast_low,pi_zero_hard,2,True,1.4000000000000001,0.3708732404929923,0,0,0.13761467889908258
83,B,contrast_low,pi_oracle_state_soft,2,True,1.223656275916882,0.2889173741526456,1,1,-0.007456667517348202
83,B,contrast_low,pi_source_state_soft,2,True,1.223656275916882,0.2889173741526456,1,1,-0.007456667517348202
83,A,gaussian_noise,pi_zero_soft,2,True,1.191325621789585,0.28060762762120817,1,1,-0.007456667517348202
83,A,gaussian_noise,pi_zero_hard,2,True,0.7999999999999999,0.21511150726961514,1,1,0.0
83,A,gaussian_noise,pi_oracle_state_soft,2,True,1.1506719922330615,0.26743764920111257,1,1,-0.007456667517348202
83,A,gaussian_noise,pi_source_state_soft,2,True,1.1506719922330615,0.26743764920111257,1,1,-0.007456667517348202
83,B,gaussian_noise,pi_zero_soft,2,True,1.191325621789585,0.28060762762120817,1,1,-0.007456667517348202
83,B,gaussian_noise,pi_zero_hard,2,True,0.7999999999999999,0.21511150726961514,1,1,0.0
83,B,gaussian_noise,pi_oracle_state_soft,2,True,1.158584327606387,0.26941107544419785,1,1,-0.007456667517348202
83,B,gaussian_noise,pi_source_state_soft,2,True,1.158584327606387,0.26941107544419785,1,1,-0.007456667517348202
83,A,gaussian_blur,pi_zero_soft,2,True,1.2115564597213766,0.28284371881363946,1,1,0.0521966726214374
83,A,gaussian_blur,pi_zero_hard,2,True,1.0,0.2600661929904059,1,1,0.0
83,A,gaussian_blur,pi_oracle_state_soft,2,True,1.1650905026259015,0.2716874385120427,1,1,-0.007456667517348202
83,A,gaussian_blur,pi_source_state_soft,2,True,1.1650905026259015,0.2716874385120427,1,1,-0.007456667517348202
83,B,gaussian_blur,pi_zero_soft,2,True,1.2115564597213766,0.28284371881363946,1,1,0.0521966726214374
83,B,gaussian_blur,pi_zero_hard,2,True,1.0,0.2600661929904059,1,1,0.0
83,B,gaussian_blur,pi_oracle_state_soft,2,True,1.1676983549234214,0.2723927041609544,1,1,-0.007456667517348202
83,B,gaussian_blur,pi_source_state_soft,2,True,1.1676983549234214,0.2723927041609544,1,1,-0.007456667517348202
84,A,clean,pi_zero_soft,4,True,0.6745546690749336,0.13530350578310735,1,1,0.812776759390954
84,A,clean,pi_zero_hard,4,True,0.39999999999999997,0.049842668661471246,1,1,0.8700255424092125
84,A,clean,pi_oracle_state_soft,4,True,0.6745546690749336,0.13530350578310735,1,1,0.812776759390954
84,A,clean,pi_source_state_soft,4,True,0.6745546690749336,0.13530350578310735,1,1,0.812776759390954
84,B,clean,pi_zero_soft,4,True,0.6745546690749336,0.13530350578310735,1,1,0.812776759390954
84,B,clean,pi_zero_hard,4,True,0.39999999999999997,0.049842668661471246,1,1,0.8700255424092125
84,B,clean,pi_oracle_state_soft,4,True,0.6745546690749336,0.13530350578310735,1,1,0.812776759390954
84,B,clean,pi_source_state_soft,4,True,0.6745546690749336,0.13530350578310735,1,1,0.812776759390954
84,A,brightness_dark,pi_zero_soft,4,True,0.5311773272432545,0.10886444465333822,0,0,0.7978634243562575
84,A,brightness_dark,pi_zero_hard,4,True,1.0000000000000002,0.16226428627410705,0,0,0.8407586281385662
84,A,brightness_dark,pi_oracle_state_soft,4,True,0.7450992484283843,0.15137248701393657,1,1,0.812776759390954
84,A,brightness_dark,pi_source_state_soft,4,True,0.7450992484283843,0.15137248701393657,1,1,0.812776759390954
84,B,brightness_dark,pi_zero_soft,4,True,0.5311773272432545,0.10886444465333822,0,0,0.7978634243562575
84,B,brightness_dark,pi_zero_hard,4,True,1.0000000000000002,0.16226428627410705,0,0,0.8407586281385662
84,B,brightness_dark,pi_oracle_state_soft,4,True,0.7420149176286697,0.1508446934741221,1,1,0.812776759390954
84,B,brightness_dark,pi_source_state_soft,4,True,0.7420149176286697,0.1508446934741221,1,1,0.812776759390954
84,A,contrast_low,pi_zero_soft,4,True,0.6584389516584528,0.13260731703871653,1,1,0.7531234192521683
84,A,contrast_low,pi_zero_hard,4,True,0.4,0.0904347856944635,1,1,0.706422018348624
84,A,contrast_low,pi_oracle_state_soft,4,True,0.6908261399655227,0.1384313269778581,1,1,0.812776759390954
84,A,contrast_low,pi_source_state_soft,4,True,0.6908261399655227,0.1384313269778581,1,1,0.812776759390954
84,B,contrast_low,pi_zero_soft,4,True,0.6584389516584528,0.13260731703871653,1,1,0.7531234192521683
84,B,contrast_low,pi_zero_hard,4,True,0.4,0.0904347856944635,1,1,0.706422018348624
84,B,contrast_low,pi_oracle_state_soft,4,True,0.694711387692063,0.1396102535214807,1,1,0.812776759390954
84,B,contrast_low,pi_source_state_soft,4,True,0.694711387692063,0.1396102535214807,1,1,0.812776759390954
84,A,gaussian_noise,pi_zero_soft,4,True,0.663485948800946,0.1381226418200756,1,1,0.812776759390954
84,A,gaussian_noise,pi_zero_hard,4,True,0.8,0.1434931621514326,1,1,0.6156228852755918
84,A,gaussian_noise,pi_oracle_state_soft,4,True,0.691062264796591,0.1387289993840124,1,1,0.812776759390954
84,A,gaussian_noise,pi_source_state_soft,4,True,0.691062264796591,0.1387289993840124,1,1,0.812776759390954
84,B,gaussian_noise,pi_zero_soft,4,True,0.663485948800946,0.1381226418200756,1,1,0.812776759390954
84,B,gaussian_noise,pi_zero_hard,4,True,0.8,0.1434931621514326,1,1,0.6156228852755918
84,B,gaussian_noise,pi_oracle_state_soft,4,True,0.6855470616079068,0.13774659604232964,1,1,0.812776759390954
84,B,gaussian_noise,pi_source_state_soft,4,True,0.6855470616079068,0.13774659604232964,1,1,0.812776759390954
84,A,gaussian_blur,pi_zero_soft,4,True,0.6475863329738183,0.12825931098891163,1,1,0.812776759390954
84,A,gaussian_blur,pi_zero_hard,4,True,0.4,0.04775977794381259,1,1,0.8854849719717417
84,A,gaussian_blur,pi_oracle_state_soft,4,True,0.6670813920219035,0.13347820052379933,1,1,0.812776759390954
84,A,gaussian_blur,pi_source_state_soft,4,True,0.6670813920219035,0.13347820052379933,1,1,0.812776759390954
84,B,gaussian_blur,pi_zero_soft,4,True,0.6475863329738183,0.12825931098891163,1,1,0.812776759390954
84,B,gaussian_blur,pi_zero_hard,4,True,0.4,0.04775977794381259,1,1,0.8854849719717417
84,B,gaussian_blur,pi_oracle_state_soft,4,True,0.6688685230252728,0.13403767723755844,1,1,0.812776759390954
84,B,gaussian_blur,pi_source_state_soft,4,True,0.6688685230252728,0.13403767723755844,1,1,0.812776759390954
85,A,clean,pi_zero_soft,2,True,1.0745262872287824,0.2809460467042979,0,0,0.4930493313022979
85,A,clean,pi_zero_hard,2,True,1.1000000000000003,0.2332920112666339,0,0,0.6169085278120597
85,A,clean,pi_oracle_state_soft,2,True,1.0745262872287824,0.2809460467042979,0,0,0.4930493313022979
85,A,clean,pi_source_state_soft,2,True,1.0745262872287824,0.2809460467042979,0,0,0.4930493313022979
85,B,clean,pi_zero_soft,2,True,1.0745262872287824,0.2809460467042979,0,0,0.4930493313022979
85,B,clean,pi_zero_hard,2,True,1.1000000000000003,0.2332920112666339,0,0,0.6169085278120597
85,B,clean,pi_oracle_state_soft,2,True,1.0745262872287824,0.2809460467042979,0,0,0.4930493313022979
85,B,clean,pi_source_state_soft,2,True,1.0745262872287824,0.2809460467042979,0,0,0.4930493313022979
85,A,brightness_dark,pi_zero_soft,2,True,1.3025745035127851,0.35254976532902593,0,0,0.32004956593307055
85,A,brightness_dark,pi_zero_hard,2,True,1.3000000000000003,0.4505456673639645,0,0,0.2530864197530865
85,A,brightness_dark,pi_oracle_state_soft,2,True,1.152627421095888,0.3024799844513204,0,0,0.4930493313022979
85,A,brightness_dark,pi_source_state_soft,2,True,1.152627421095888,0.3024799844513204,0,0,0.4930493313022979
85,B,brightness_dark,pi_zero_soft,2,True,1.3025745035127851,0.35254976532902593,0,0,0.32004956593307055
85,B,brightness_dark,pi_zero_hard,2,True,1.3000000000000003,0.4505456673639645,0,0,0.2530864197530865
85,B,brightness_dark,pi_oracle_state_soft,2,True,1.149966777139181,0.30135140129204396,0,0,0.4930493313022979
85,B,brightness_dark,pi_source_state_soft,2,True,1.149966777139181,0.30135140129204396,0,0,0.4930493313022979
85,A,contrast_low,pi_zero_soft,2,True,1.1922800301301117,0.3283866088231624,0,0,0.39789946034922286
85,A,contrast_low,pi_zero_hard,2,True,1.3,0.4052120586692447,0,0,0.3105649968749708
85,A,contrast_low,pi_oracle_state_soft,2,True,1.2394113952636514,0.33100872031123885,0,0,0.39789946034922286
85,A,contrast_low,pi_source_state_soft,2,True,1.2394113952636514,0.33100872031123885,0,0,0.39789946034922286
85,B,contrast_low,pi_zero_soft,2,True,1.1922800301301117,0.3283866088231624,0,0,0.39789946034922286
85,B,contrast_low,pi_zero_hard,2,True,1.3,0.4052120586692447,0,0,0.3105649968749708
85,B,contrast_low,pi_oracle_state_soft,2,True,1.2421724843161626,0.3341404575860003,0,0,0.39789946034922286
85,B,contrast_low,pi_source_state_soft,2,True,1.2421724843161626,0.3341404575860003,0,0,0.39789946034922286
85,A,gaussian_noise,pi_zero_soft,2,True,1.0781222821468353,0.2816937571429856,0,0,0.39789946034922286
85,A,gaussian_noise,pi_zero_hard,2,True,1.1000000000000003,0.2332920112666339,0,0,0.6169085278120597
85,A,gaussian_noise,pi_oracle_state_soft,2,True,1.08322728914081,0.284188699134879,0,0,0.4930493313022979
85,A,gaussian_noise,pi_source_state_soft,2,True,1.08322728914081,0.284188699134879,0,0,0.4930493313022979
85,B,gaussian_noise,pi_zero_soft,2,True,1.0781222821468353,0.2816937571429856,0,0,0.39789946034922286
85,B,gaussian_noise,pi_zero_hard,2,True,1.1000000000000003,0.2332920112666339,0,0,0.6169085278120597
85,B,gaussian_noise,pi_oracle_state_soft,2,True,1.072417704380933,0.28142004600288795,0,0,0.4930493313022979
85,B,gaussian_noise,pi_source_state_soft,2,True,1.072417704380933,0.28142004600288795,0,0,0.4930493313022979
85,A,gaussian_blur,pi_zero_soft,2,True,1.1286657716672643,0.2933177648800742,0,0,0.4930493313022979
85,A,gaussian_blur,pi_zero_hard,2,True,1.1,0.25795913345891264,0,0,0.5333628833421288
85,A,gaussian_blur,pi_oracle_state_soft,2,True,1.0895656495266934,0.2878159936472715,0,0,0.4930493313022979
85,A,gaussian_blur,pi_source_state_soft,2,True,1.0895656495266934,0.2878159936472715,0,0,0.4930493313022979
85,B,gaussian_blur,pi_zero_soft,2,True,1.1286657716672643,0.2933177648800742,0,0,0.4930493313022979
85,B,gaussian_blur,pi_zero_hard,2,True,1.1,0.25795913345891264,0,0,0.5333628833421288
85,B,gaussian_blur,pi_oracle_state_soft,2,True,1.08839580933251,0.28782483761375843,0,0,0.4930493313022979
85,B,gaussian_blur,pi_source_state_soft,2,True,1.08839580933251,0.28782483761375843,0,0,0.4930493313022979
86,A,clean,pi_zero_soft,4,True,1.3872993664688,0.32173255838824466,0,0,0.3345664835794702
86,A,clean,pi_zero_hard,4,True,1.6,0.43355576368442494,0,0,0.13204184335017932
86,A,clean,pi_oracle_state_soft,4,True,1.3872993664688,0.32173255838824466,0,0,0.3345664835794702
86,A,clean,pi_source_state_soft,4,True,1.3872993664688,0.32173255838824466,0,0,0.3345664835794702
86,B,clean,pi_zero_soft,4,True,1.3872993664688,0.32173255838824466,0,0,0.3345664835794702
86,B,clean,pi_zero_hard,4,True,1.6,0.43355576368442494,0,0,0.13204184335017932
86,B,clean,pi_oracle_state_soft,4,True,1.3872993664688,0.32173255838824466,0,0,0.3345664835794702
86,B,clean,pi_source_state_soft,4,True,1.3872993664688,0.32173255838824466,0,0,0.3345664835794702
86,A,brightness_dark,pi_zero_soft,4,True,1.3568852998500414,0.2774499555976433,0,0,0.614509867799027
86,A,brightness_dark,pi_zero_hard,4,True,1.7000000000000002,0.4706687603568991,0,0,0.39954865323986893
86,A,brightness_dark,pi_oracle_state_soft,4,True,1.3922403374126375,0.32417422139886565,0,0,0.3345664835794702
86,A,brightness_dark,pi_source_state_soft,4,True,1.3922403374126375,0.32417422139886565,0,0,0.3345664835794702
86,B,brightness_dark,pi_zero_soft,4,True,1.3568852998500414,0.2774499555976433,0,0,0.614509867799027
86,B,brightness_dark,pi_zero_hard,4,True,1.7000000000000002,0.4706687603568991,0,0,0.39954865323986893
86,B,brightness_dark,pi_oracle_state_soft,4,True,1.3922105751727158,0.32446127470839015,0,0,0.3209107087394919
86,B,brightness_dark,pi_source_state_soft,4,True,1.3922105751727158,0.32446127470839015,0,0,0.3209107087394919
86,A,contrast_low,pi_zero_soft,4,True,1.2918211748808468,0.25790225028618363,0,0,0.689616629418908
86,A,contrast_low,pi_zero_hard,4,True,1.7,0.4789839426979995,0,0,0.22681869063019364
86,A,contrast_low,pi_oracle_state_soft,4,True,1.425275188806764,0.3444035882090728,0,0,0.25945972195958916
86,A,contrast_low,pi_source_state_soft,4,True,1.425275188806764,0.3444035882090728,0,0,0.25945972195958916
86,B,contrast_low,pi_zero_soft,4,True,1.2918211748808468,0.25790225028618363,0,0,0.689616629418908
86,B,contrast_low,pi_zero_hard,4,True,1.7,0.4789839426979995,0,0,0.22681869063019364
86,B,contrast_low,pi_oracle_state_soft,4,True,1.4270307247902154,0.345056336396115,0,0,0.17069718549972973
86,B,contrast_low,pi_source_state_soft,4,True,1.4270307247902154,0.345056336396115,0,0,0.17069718549972973
86,A,gaussian_noise,pi_zero_soft,4,True,1.4519822403682998,0.35535468804779446,0,0,0.08193464903987027
86,A,gaussian_noise,pi_zero_hard,4,True,1.7000000000000002,0.49860925352068564,0,0,0.02964997266644405
86,A,gaussian_noise,pi_oracle_state_soft,4,True,1.3917192399877867,0.3218134877604466,0,0,0.3345664835794702
86,A,gaussian_noise,pi_source_state_soft,4,True,1.3917192399877867,0.3218134877604466,0,0,0.3345664835794702
86,B,gaussian_noise,pi_zero_soft,4,True,1.4519822403682998,0.35535468804779446,0,0,0.08193464903987027
86,B,gaussian_noise,pi_zero_hard,4,True,1.7000000000000002,0.49860925352068564,0,0,0.02964997266644405
86,B,gaussian_noise,pi_oracle_state_soft,4,True,1.3904864995478607,0.32222279767339734,0,0,0.3345664835794702
86,B,gaussian_noise,pi_source_state_soft,4,True,1.3904864995478607,0.32222279767339734,0,0,0.3345664835794702
86,A,gaussian_blur,pi_zero_soft,4,True,1.3268475165170366,0.28452101775582883,0,0,0.6008540929590486
86,A,gaussian_blur,pi_zero_hard,4,True,1.7000000000000002,0.49098851376856834,0,0,0.036544084137792886
86,A,gaussian_blur,pi_oracle_state_soft,4,True,1.4023620127405816,0.33227208792843976,0,0,0.25945972195958916
86,A,gaussian_blur,pi_source_state_soft,4,True,1.4023620127405816,0.33227208792843976,0,0,0.25945972195958916
86,B,gaussian_blur,pi_zero_soft,4,True,1.3268475165170366,0.28452101775582883,0,0,0.6008540929590486
86,B,gaussian_blur,pi_zero_hard,4,True,1.7000000000000002,0.49098851376856834,0,0,0.036544084137792886
86,B,gaussian_blur,pi_oracle_state_soft,4,True,1.4050838237649668,0.3343598303674291,0,0,0.25945972195958916
86,B,gaussian_blur,pi_source_state_soft,4,True,1.4050838237649668,0.3343598303674291,0,0,0.25945972195958916
87,A,clean,pi_zero_soft,2,True,1.5298550631503316,0.4197328364905917,0,0,0.354649519006916
87,A,clean,pi_zero_hard,2,True,1.9000000000000001,0.6454086179378344,0,0,-0.17189419094590203
87,A,clean,pi_oracle_state_soft,2,True,1.5298550631503316,0.4197328364905917,0,0,0.354649519006916
87,A,clean,pi_source_state_soft,2,True,1.5298550631503316,0.4197328364905917,0,0,0.354649519006916
87,B,clean,pi_zero_soft,2,True,1.5298550631503316,0.4197328364905917,0,0,0.354649519006916
87,B,clean,pi_zero_hard,2,True,1.9000000000000001,0.6454086179378344,0,0,-0.17189419094590203
87,B,clean,pi_oracle_state_soft,2,True,1.5298550631503316,0.4197328364905917,0,0,0.354649519006916
87,B,clean,pi_source_state_soft,2,True,1.5298550631503316,0.4197328364905917,0,0,0.354649519006916
87,A,brightness_dark,pi_zero_soft,2,True,1.5371278164142284,0.41190472348402385,0,0,0.27679962459076374
87,A,brightness_dark,pi_zero_hard,2,True,2.0,0.6931471805599453,0,0,-0.24691358024691362
87,A,brightness_dark,pi_oracle_state_soft,2,True,1.5123082736065172,0.4129504061999527,0,0,0.354649519006916
87,A,brightness_dark,pi_source_state_soft,2,True,1.5123082736065172,0.4129504061999527,0,0,0.354649519006916
87,B,brightness_dark,pi_zero_soft,2,True,1.5371278164142284,0.41190472348402385,0,0,0.27679962459076374
87,B,brightness_dark,pi_zero_hard,2,True,2.0,0.6931471805599453,0,0,-0.24691358024691362
87,B,brightness_dark,pi_oracle_state_soft,2,True,1.50602125314644,0.40938705945700105,0,0,0.354649519006916
87,B,brightness_dark,pi_source_state_soft,2,True,1.50602125314644,0.40938705945700105,0,0,0.354649519006916
87,A,contrast_low,pi_zero_soft,2,True,1.6212172780630627,0.4607578430161925,0,0,0.18164975363768868
87,A,contrast_low,pi_zero_hard,2,True,2.0,0.6931471805599454,0,0,-0.3192754284070505
87,A,contrast_low,pi_oracle_state_soft,2,True,1.5452092645729303,0.42861245825418837,0,0,0.354649519006916
87,A,contrast_low,pi_source_state_soft,2,True,1.5452092645729303,0.42861245825418837,0,0,0.354649519006916
87,B,contrast_low,pi_zero_soft,2,True,1.6212172780630627,0.4607578430161925,0,0,0.18164975363768868
87,B,contrast_low,pi_zero_hard,2,True,2.0,0.6931471805599454,0,0,-0.3192754284070505
87,B,contrast_low,pi_oracle_state_soft,2,True,1.5575461188877047,0.43328816945612414,0,0,0.354649519006916
87,B,contrast_low,pi_source_state_soft,2,True,1.5575461188877047,0.43328816945612414,0,0,0.354649519006916
87,A,gaussian_noise,pi_zero_soft,2,True,1.568797646101822,0.43724783701584746,0,0,0.18164975363768868
87,A,gaussian_noise,pi_zero_hard,2,True,1.9000000000000001,0.6454086179378344,0,0,-0.17129629629629628
87,A,gaussian_noise,pi_oracle_state_soft,2,True,1.5261559660658988,0.41867876061609044,0,0,0.354649519006916
87,A,gaussian_noise,pi_source_state_soft,2,True,1.5261559660658988,0.41867876061609044,0,0,0.354649519006916
87,B,gaussian_noise,pi_zero_soft,2,True,1.568797646101822,0.43724783701584746,0,0,0.18164975363768868
87,B,gaussian_noise,pi_zero_hard,2,True,1.9000000000000001,0.6454086179378344,0,0,-0.17129629629629628
87,B,gaussian_noise,pi_oracle_state_soft,2,True,1.52109562229544,0.41561895970177165,0,0,0.354649519006916
87,B,gaussian_noise,pi_source_state_soft,2,True,1.52109562229544,0.41561895970177165,0,0,0.354649519006916
87,A,gaussian_blur,pi_zero_soft,2,True,1.532918939572542,0.4217570706112552,0,0,0.354649519006916
87,A,gaussian_blur,pi_zero_hard,2,True,1.9,0.6454086179378343,0,0,-0.03913115139224995
87,A,gaussian_blur,pi_oracle_state_soft,2,True,1.5276056835100713,0.42015229877358906,0,0,0.354649519006916
87,A,gaussian_blur,pi_source_state_soft,2,True,1.5276056835100713,0.42015229877358906,0,0,0.354649519006916
87,B,gaussian_blur,pi_zero_soft,2,True,1.532918939572542,0.4217570706112552,0,0,0.354649519006916
87,B,gaussian_blur,pi_zero_hard,2,True,1.9,0.6454086179378343,0,0,-0.03913115139224995
87,B,gaussian_blur,pi_oracle_state_soft,2,True,1.527419931696139,0.4201221260011576,0,0,0.354649519006916
87,B,gaussian_blur,pi_source_state_soft,2,True,1.527419931696139,0.4201221260011576,0,0,0.354649519006916
88,A,clean,pi_zero_soft,4,True,0.9479121331966283,0.22857644032204338,1,1,0.013708602019211083
88,A,clean,pi_zero_hard,4,True,0.7000000000000001,0.22581648330064175,1,1,0.16508454493605446
88,A,clean,pi_oracle_state_soft,4,True,0.9479121331966283,0.22857644032204338,1,1,0.013708602019211083
88,A,clean,pi_source_state_soft,4,True,0.9479121331966283,0.22857644032204338,1,1,0.013708602019211083
88,B,clean,pi_zero_soft,4,True,0.9479121331966283,0.22857644032204338,1,1,0.013708602019211083
88,B,clean,pi_zero_hard,4,True,0.7000000000000001,0.22581648330064175,1,1,0.16508454493605446
88,B,clean,pi_oracle_state_soft,4,True,0.9479121331966283,0.22857644032204338,1,1,0.013708602019211083
88,B,clean,pi_source_state_soft,4,True,0.9479121331966283,0.22857644032204338,1,1,0.013708602019211083
88,A,brightness_dark,pi_zero_soft,4,True,0.9821251001226586,0.22469750905813002,1,1,0.3152978464418549
88,A,brightness_dark,pi_zero_hard,4,True,1.0,0.31419209939778314,1,1,0.03488372093023256
88,A,brightness_dark,pi_oracle_state_soft,4,True,0.9963520291721748,0.24250469873665992,1,1,0.013708602019211083
88,A,brightness_dark,pi_source_state_soft,4,True,0.9963520291721748,0.24250469873665992,1,1,0.013708602019211083
88,B,brightness_dark,pi_zero_soft,4,True,0.9821251001226586,0.22469750905813002,1,1,0.3152978464418549
88,B,brightness_dark,pi_zero_hard,4,True,1.0,0.31419209939778314,1,1,0.03488372093023256
88,B,brightness_dark,pi_oracle_state_soft,4,True,0.9927358665752539,0.24224057590252146,1,1,0.013708602019211083
88,B,brightness_dark,pi_source_state_soft,4,True,0.9927358665752539,0.24224057590252146,1,1,0.013708602019211083
88,A,contrast_low,pi_zero_soft,4,True,0.8733263524510415,0.2126281537841297,1,1,0.33586074947067146
88,A,contrast_low,pi_zero_hard,4,True,0.9,0.2951312013566363,1,1,0.15179742376658428
88,A,contrast_low,pi_oracle_state_soft,4,True,0.9229010391866403,0.2241681757162981,1,1,0.041125806057633246
88,A,contrast_low,pi_source_state_soft,4,True,0.9229010391866403,0.2241681757162981,1,1,0.041125806057633246
88,B,contrast_low,pi_zero_soft,4,True,0.8733263524510415,0.2126281537841297,1,1,0.33586074947067146
88,B,contrast_low,pi_zero_hard,4,True,0.9,0.2951312013566363,1,1,0.15179742376658428
88,B,contrast_low,pi_oracle_state_soft,4,True,0.901575377688919,0.22106025626506498,1,1,0.06168870908644987
88,B,contrast_low,pi_source_state_soft,4,True,0.901575377688919,0.22106025626506498,1,1,0.06168870908644987
88,A,gaussian_noise,pi_zero_soft,4,True,0.9616529160715188,0.23965970449723395,1,1,-0.05483440807684433
88,A,gaussian_noise,pi_zero_hard,4,True,0.7000000000000002,0.22952030960186698,1,1,0.1137249087337264
88,A,gaussian_noise,pi_oracle_state_soft,4,True,0.9708785072278765,0.23213637107272844,1,1,0.013708602019211083
88,A,gaussian_noise,pi_source_state_soft,4,True,0.9708785072278765,0.23213637107272844,1,1,0.013708602019211083
88,B,gaussian_noise,pi_zero_soft,4,True,0.9616529160715188,0.23965970449723395,1,1,-0.05483440807684433
88,B,gaussian_noise,pi_zero_hard,4,True,0.7000000000000002,0.22952030960186698,1,1,0.1137249087337264
88,B,gaussian_noise,pi_oracle_state_soft,4,True,0.9600665175752773,0.2303482921412554,1,1,0.013708602019211083
88,B,gaussian_noise,pi_source_state_soft,4,True,0.9600665175752773,0.2303482921412554,1,1,0.013708602019211083
88,A,gaussian_blur,pi_zero_soft,4,True,0.8812110360716461,0.2064278449937189,1,1,0.24675483634579948
88,A,gaussian_blur,pi_zero_hard,4,True,0.7000000000000002,0.22952030960186698,1,1,0.1141218555208372
88,A,gaussian_blur,pi_oracle_state_soft,4,True,0.9058324140387084,0.21908689765600897,1,1,0.06168870908644987
88,A,gaussian_blur,pi_source_state_soft,4,True,0.9058324140387084,0.21908689765600897,1,1,0.06168870908644987
88,B,gaussian_blur,pi_zero_soft,4,True,0.8812110360716461,0.2064278449937189,1,1,0.24675483634579948
88,B,gaussian_blur,pi_zero_hard,4,True,0.7000000000000002,0.22952030960186698,1,1,0.1141218555208372
88,B,gaussian_blur,pi_oracle_state_soft,4,True,0.9071489279697258,0.21978181789557727,1,1,0.06168870908644987
88,B,gaussian_blur,pi_source_state_soft,4,True,0.9071489279697258,0.21978181789557727,1,1,0.06168870908644987
89,A,clean,pi_zero_soft,2,True,1.6914429261670447,0.47800611568150697,0,0,-0.1037998592215364
89,A,clean,pi_zero_hard,2,True,1.9,0.621376824859474,0,0,-0.3390785244879831
89,A,clean,pi_oracle_state_soft,2,True,1.6914429261670447,0.47800611568150697,0,0,-0.1037998592215364
89,A,clean,pi_source_state_soft,2,True,1.6914429261670447,0.47800611568150697,0,0,-0.1037998592215364
89,B,clean,pi_zero_soft,2,True,1.6914429261670447,0.47800611568150697,0,0,-0.1037998592215364
89,B,clean,pi_zero_hard,2,True,1.9,0.621376824859474,0,0,-0.3390785244879831
89,B,clean,pi_oracle_state_soft,2,True,1.6914429261670447,0.47800611568150697,0,0,-0.1037998592215364
89,B,clean,pi_source_state_soft,2,True,1.6914429261670447,0.47800611568150697,0,0,-0.1037998592215364
89,A,brightness_dark,pi_zero_soft,2,True,1.657000990255885,0.45187831666294875,0,0,0.18164975363768868
89,A,brightness_dark,pi_zero_hard,2,True,2.0,0.6931471805599454,0,0,-0.3192754284070505
89,A,brightness_dark,pi_oracle_state_soft,2,True,1.6827229029977306,0.4733545458712034,0,0,-0.1037998592215364
89,A,brightness_dark,pi_source_state_soft,2,True,1.6827229029977306,0.4733545458712034,0,0,-0.1037998592215364
89,B,brightness_dark,pi_zero_soft,2,True,1.657000990255885,0.45187831666294875,0,0,0.18164975363768868
89,B,brightness_dark,pi_zero_hard,2,True,2.0,0.6931471805599454,0,0,-0.3192754284070505
89,B,brightness_dark,pi_oracle_state_soft,2,True,1.6817781304442134,0.4733061065235378,0,0,-0.1037998592215364
89,B,brightness_dark,pi_source_state_soft,2,True,1.6817781304442134,0.4733061065235378,0,0,-0.1037998592215364
89,A,contrast_low,pi_zero_soft,2,True,1.5614932771164345,0.4064973821275222,0,0,0.27679962459076374
89,A,contrast_low,pi_zero_hard,2,True,1.9,0.6213768248594735,0,0,0.0638550856814101
89,A,contrast_low,pi_oracle_state_soft,2,True,1.7234676957446509,0.49386769878540715,0,0,-0.1037998592215364
89,A,contrast_low,pi_source_state_soft,2,True,1.7234676957446509,0.49386769878540715,0,0,-0.1037998592215364
89,B,contrast_low,pi_zero_soft,2,True,1.5614932771164345,0.4064973821275222,0,0,0.27679962459076374
89,B,contrast_low,pi_zero_hard,2,True,1.9,0.6213768248594735,0,0,0.0638550856814101
89,B,contrast_low,pi_oracle_state_soft,2,True,1.7256456925741872,0.49406216500177913,0,0,-0.1037998592215364
89,B,contrast_low,pi_source_state_soft,2,True,1.7256456925741872,0.49406216500177913,0,0,-0.1037998592215364
89,A,gaussian_noise,pi_zero_soft,2,True,1.7747781746336708,0.5249327634488647,0,0,-0.18164975363768868
89,A,gaussian_noise,pi_zero_hard,2,True,1.9,0.6213768248594738,0,0,-0.29546842014263947
89,A,gaussian_noise,pi_oracle_state_soft,2,True,1.70883807048467,0.4865192654117805,0,0,-0.18164975363768868
89,A,gaussian_noise,pi_source_state_soft,2,True,1.70883807048467,0.4865192654117805,0,0,-0.18164975363768868
89,B,gaussian_noise,pi_zero_soft,2,True,1.7747781746336708,0.5249327634488647,0,0,-0.18164975363768868
89,B,gaussian_noise,pi_zero_hard,2,True,1.9,0.6213768248594738,0,0,-0.29546842014263947
89,B,gaussian_noise,pi_oracle_state_soft,2,True,1.7094937727055257,0.48782900676124563,0,0,-0.18164975363768868
89,B,gaussian_noise,pi_source_state_soft,2,True,1.7094937727055257,0.48782900676124563,0,0,-0.18164975363768868
89,A,gaussian_blur,pi_zero_soft,2,True,1.6328084986275149,0.44480007029681645,0,0,0.16434977710076598
89,A,gaussian_blur,pi_zero_hard,2,True,1.9000000000000001,0.621376824859474,0,0,-0.2964324305999625
89,A,gaussian_blur,pi_oracle_state_soft,2,True,1.7119390663278977,0.4883253091575497,0,0,-0.18164975363768868
89,A,gaussian_blur,pi_source_state_soft,2,True,1.7119390663278977,0.4883253091575497,0,0,-0.18164975363768868
89,B,gaussian_blur,pi_zero_soft,2,True,1.6328084986275149,0.44480007029681645,0,0,0.16434977710076598
89,B,gaussian_blur,pi_zero_hard,2,True,1.9000000000000001,0.621376824859474,0,0,-0.2964324305999625
89,B,gaussian_blur,pi_oracle_state_soft,2,True,1.7146712117084753,0.4899822134519003,0,0,-0.18164975363768868
89,B,gaussian_blur,pi_source_state_soft,2,True,1.7146712117084753,0.4899822134519003,0,0,-0.18164975363768868
90,A,clean,pi_zero_soft,4,True,0.993666817601139,0.2322727269211049,0,0,0.36187803325942697
90,A,clean,pi_zero_hard,4,True,1.0999999999999999,0.2680571741833895,0,0,0.36162028533978946
90,A,clean,pi_oracle_state_soft,4,True,0.993666817601139,0.2322727269211049,0,0,0.36187803325942697
90,A,clean,pi_source_state_soft,4,True,0.993666817601139,0.2322727269211049,0,0,0.36187803325942697
90,B,clean,pi_zero_soft,4,True,0.993666817601139,0.2322727269211049,0,0,0.36187803325942697
90,B,clean,pi_zero_hard,4,True,1.0999999999999999,0.2680571741833895,0,0,0.36162028533978946
90,B,clean,pi_oracle_state_soft,4,True,0.993666817601139,0.2322727269211049,0,0,0.36187803325942697
90,B,clean,pi_source_state_soft,4,True,0.993666817601139,0.2322727269211049,0,0,0.36187803325942697
90,A,brightness_dark,pi_zero_soft,4,True,1.1475254930376115,0.2645943603650409,0,0,0.38236169551939453
90,A,brightness_dark,pi_zero_hard,4,True,1.4,0.3743651464172326,0,0,0.2153846153846154
90,A,brightness_dark,pi_oracle_state_soft,4,True,1.1151324687995279,0.27301728012938487,0,0,0.24580394711961082
90,A,brightness_dark,pi_source_state_soft,4,True,1.1151324687995279,0.27301728012938487,0,0,0.24580394711961082
90,B,brightness_dark,pi_zero_soft,4,True,1.1475254930376115,0.2645943603650409,0,0,0.38236169551939453
90,B,brightness_dark,pi_zero_hard,4,True,1.4,0.3743651464172326,0,0,0.2153846153846154
90,B,brightness_dark,pi_oracle_state_soft,4,True,1.110229159270166,0.2717221602040081,0,0,0.24580394711961082
90,B,brightness_dark,pi_source_state_soft,4,True,1.110229159270166,0.2717221602040081,0,0,0.24580394711961082
90,A,contrast_low,pi_zero_soft,4,True,1.2041943137985824,0.2782959220352341,0,0,0.23214817227963244
90,A,contrast_low,pi_zero_hard,4,True,1.6,0.45916036169836016,0,0,0.3108256130858209
90,A,contrast_low,pi_oracle_state_soft,4,True,1.069794591457102,0.26148134754966024,0,0,0.3345664835794702
90,A,contrast_low,pi_source_state_soft,4,True,1.069794591457102,0.26148134754966024,0,0,0.3345664835794702
90,B,contrast_low,pi_zero_soft,4,True,1.2041943137985824,0.2782959220352341,0,0,0.23214817227963244
90,B,contrast_low,pi_zero_hard,4,True,1.6,0.45916036169836016,0,0,0.3108256130858209
90,B,contrast_low,pi_oracle_state_soft,4,True,1.0996612375411299,0.27016604715699777,0,0,0.24580394711961082
90,B,contrast_low,pi_source_state_soft,4,True,1.0996612375411299,0.27016604715699777,0,0,0.24580394711961082
90,A,gaussian_noise,pi_zero_soft,4,True,1.1239064194513302,0.2674410456406653,0,0,0.21166451001966485
90,A,gaussian_noise,pi_zero_hard,4,True,1.3,0.32499743484608934,0,0,0.2792848008753788
90,A,gaussian_noise,pi_oracle_state_soft,4,True,1.0192530743478259,0.23845698959759432,0,0,0.36187803325942697
90,A,gaussian_noise,pi_source_state_soft,4,True,1.0192530743478259,0.23845698959759432,0,0,0.36187803325942697
90,B,gaussian_noise,pi_zero_soft,4,True,1.1239064194513302,0.2674410456406653,0,0,0.21166451001966485
90,B,gaussian_noise,pi_zero_hard,4,True,1.3,0.32499743484608934,0,0,0.2792848008753788
90,B,gaussian_noise,pi_oracle_state_soft,4,True,1.019375291532968,0.2380039174009796,0,0,0.36187803325942697
90,B,gaussian_noise,pi_source_state_soft,4,True,1.019375291532968,0.2380039174009796,0,0,0.36187803325942697
90,A,gaussian_blur,pi_zero_soft,4,True,1.0055907694100596,0.2268496491400589,0,0,0.3209107087394919
90,A,gaussian_blur,pi_zero_hard,4,True,1.1,0.27206726204583176,0,0,0.41698456071672957
90,A,gaussian_blur,pi_oracle_state_soft,4,True,1.0167575286140933,0.2390452336263469,0,0,0.36187803325942697
90,A,gaussian_blur,pi_source_state_soft,4,True,1.0167575286140933,0.2390452336263469,0,0,0.36187803325942697
90,B,gaussian_blur,pi_zero_soft,4,True,1.0055907694100596,0.2268496491400589,0,0,0.3209107087394919
90,B,gaussian_blur,pi_zero_hard,4,True,1.1,0.27206726204583176,0,0,0.41698456071672957
90,B,gaussian_blur,pi_oracle_state_soft,4,True,1.0216021058608968,0.24018554475691922,0,0,0.36187803325942697
90,B,gaussian_blur,pi_source_state_soft,4,True,1.0216021058608968,0.24018554475691922,0,0,0.36187803325942697
91,A,clean,pi_zero_soft,2,True,1.705713552660474,0.5131113933423115,0,0,-0.0820233426908302
91,A,clean,pi_zero_hard,2,True,1.7000000000000002,0.5891751034759535,0,0,-0.04789131426105757
91,A,clean,pi_oracle_state_soft,2,True,1.705713552660474,0.5131113933423115,0,0,-0.0820233426908302
91,A,clean,pi_source_state_soft,2,True,1.705713552660474,0.5131113933423115,0,0,-0.0820233426908302
91,B,clean,pi_zero_soft,2,True,1.705713552660474,0.5131113933423115,0,0,-0.0820233426908302
91,B,clean,pi_zero_hard,2,True,1.7000000000000002,0.5891751034759535,0,0,-0.04789131426105757
91,B,clean,pi_oracle_state_soft,2,True,1.705713552660474,0.5131113933423115,0,0,-0.0820233426908302
91,B,clean,pi_source_state_soft,2,True,1.705713552660474,0.5131113933423115,0,0,-0.0820233426908302
91,A,brightness_dark,pi_zero_soft,2,True,1.8183568492105118,0.5647196804339574,0,0,-0.5145100586970259
91,A,brightness_dark,pi_zero_hard,2,True,2.0,0.6931471805599452,0,0,-0.4128440366972478
91,A,brightness_dark,pi_oracle_state_soft,2,True,1.7476717853706765,0.5424721196061777,0,0,-0.3355500382806691
91,A,brightness_dark,pi_source_state_soft,2,True,1.7476717853706765,0.5424721196061777,0,0,-0.3355500382806691
91,B,brightness_dark,pi_zero_soft,2,True,1.8183568492105118,0.5647196804339574,0,0,-0.5145100586970259
91,B,brightness_dark,pi_zero_hard,2,True,2.0,0.6931471805599452,0,0,-0.4128440366972478
91,B,brightness_dark,pi_oracle_state_soft,2,True,1.7495420266968704,0.5436780334242053,0,0,-0.3355500382806691
91,B,brightness_dark,pi_source_state_soft,2,True,1.7495420266968704,0.5436780334242053,0,0,-0.3355500382806691
91,A,contrast_low,pi_zero_soft,2,True,1.7780434782125025,0.5540312053923637,0,0,-0.5741633988358115
91,A,contrast_low,pi_zero_hard,2,True,2.0,0.6931471805599451,0,0,-0.4128440366972478
91,A,contrast_low,pi_oracle_state_soft,2,True,1.7690544100774601,0.5458210571761575,0,0,-0.410116713454151
91,A,contrast_low,pi_source_state_soft,2,True,1.7690544100774601,0.5458210571761575,0,0,-0.410116713454151
91,B,contrast_low,pi_zero_soft,2,True,1.7780434782125025,0.5540312053923637,0,0,-0.5741633988358115
91,B,contrast_low,pi_zero_hard,2,True,2.0,0.6931471805599451,0,0,-0.4128440366972478
91,B,contrast_low,pi_oracle_state_soft,2,True,1.7683734798189485,0.5474742342656129,0,0,-0.410116713454151
91,B,contrast_low,pi_source_state_soft,2,True,1.7683734798189485,0.5474742342656129,0,0,-0.410116713454151
91,A,gaussian_noise,pi_zero_soft,2,True,1.756221211799723,0.5437182673468484,0,0,-0.0820233426908302
91,A,gaussian_noise,pi_zero_hard,2,True,1.7,0.5891751034759535,0,0,-0.04789131426105757
91,A,gaussian_noise,pi_oracle_state_soft,2,True,1.7138152249217962,0.5154484736723017,0,0,-0.0820233426908302
91,A,gaussian_noise,pi_source_state_soft,2,True,1.7138152249217962,0.5154484736723017,0,0,-0.0820233426908302
91,B,gaussian_noise,pi_zero_soft,2,True,1.756221211799723,0.5437182673468484,0,0,-0.0820233426908302
91,B,gaussian_noise,pi_zero_hard,2,True,1.7,0.5891751034759535,0,0,-0.04789131426105757
91,B,gaussian_noise,pi_oracle_state_soft,2,True,1.7158041378702236,0.5161529699792848,0,0,-0.0820233426908302
91,B,gaussian_noise,pi_source_state_soft,2,True,1.7158041378702236,0.5161529699792848,0,0,-0.0820233426908302
91,A,gaussian_blur,pi_zero_soft,2,True,1.697722434236287,0.5036698943515954,0,0,-0.39520337841945463
91,A,gaussian_blur,pi_zero_hard,2,True,1.7999999999999998,0.5976700553157235,0,0,-0.25553769643857493
91,A,gaussian_blur,pi_oracle_state_soft,2,True,1.7040592236500531,0.5150368328308528,0,0,-0.0820233426908302
91,A,gaussian_blur,pi_source_state_soft,2,True,1.7040592236500531,0.5150368328308528,0,0,-0.0820233426908302
91,B,gaussian_blur,pi_zero_soft,2,True,1.697722434236287,0.5036698943515954,0,0,-0.39520337841945463
91,B,gaussian_blur,pi_zero_hard,2,True,1.7999999999999998,0.5976700553157235,0,0,-0.25553769643857493
91,B,gaussian_blur,pi_oracle_state_soft,2,True,1.704292508150711,0.516276123835608,0,0,-0.007456667517348202
91,B,gaussian_blur,pi_source_state_soft,2,True,1.704292508150711,0.516276123835608,0,0,-0.007456667517348202
92,A,clean,pi_zero_soft,3,True,0.4560702336488736,0.07898953011009557,1,1,0.5741633988358115
92,A,clean,pi_zero_hard,3,True,0.2999999999999999,0.040768511350264935,1,1,0.706422018348624
92,A,clean,pi_oracle_state_soft,3,True,0.4560702336488736,0.07898953011009557,1,1,0.5741633988358115
92,A,clean,pi_source_state_soft,3,True,0.4560702336488736,0.07898953011009557,1,1,0.5741633988358115
92,B,clean,pi_zero_soft,3,True,0.4560702336488736,0.07898953011009557,1,1,0.5741633988358115
92,B,clean,pi_zero_hard,3,True,0.2999999999999999,0.040768511350264935,1,1,0.706422018348624
92,B,clean,pi_oracle_state_soft,3,True,0.4560702336488736,0.07898953011009557,1,1,0.5741633988358115
92,B,clean,pi_source_state_soft,3,True,0.4560702336488736,0.07898953011009557,1,1,0.5741633988358115
92,A,brightness_dark,pi_zero_soft,3,True,1.3840191157228392,0.3342055111460305,0,0,0.3504633733153655
92,A,brightness_dark,pi_zero_hard,3,True,1.7000000000000002,0.49509749635150235,0,0,0.08295018954139967
92,A,brightness_dark,pi_oracle_state_soft,3,True,0.40648883933943925,0.07636247576210509,1,1,0.5741633988358115
92,A,brightness_dark,pi_source_state_soft,3,True,0.40648883933943925,0.07636247576210509,1,1,0.5741633988358115
92,B,brightness_dark,pi_zero_soft,3,True,1.3840191157228392,0.3342055111460305,0,0,0.3504633733153655
92,B,brightness_dark,pi_zero_hard,3,True,1.7000000000000002,0.49509749635150235,0,0,0.08295018954139967
92,B,brightness_dark,pi_oracle_state_soft,3,True,0.41682998438465896,0.07721540616204892,1,1,0.5741633988358115
92,B,brightness_dark,pi_source_state_soft,3,True,0.41682998438465896,0.07721540616204892,1,1,0.5741633988358115
92,A,contrast_low,pi_zero_soft,3,True,1.3555167127787318,0.35867398285735774,0,0,0.27589669814188345
92,A,contrast_low,pi_zero_hard,3,True,1.2999999999999998,0.35010056769918974,0,0,0.4805847467945764
92,A,contrast_low,pi_oracle_state_soft,3,True,0.5188965540450554,0.09939513791249888,1,1,0.6338167389745972
92,A,contrast_low,pi_source_state_soft,3,True,0.5188965540450554,0.09939513791249888,1,1,0.6338167389745972
92,B,contrast_low,pi_zero_soft,3,True,1.3555167127787318,0.35867398285735774,0,0,0.27589669814188345
92,B,contrast_low,pi_zero_hard,3,True,1.2999999999999998,0.35010056769918974,0,0,0.4805847467945764
92,B,contrast_low,pi_oracle_state_soft,3,True,0.4803126384686271,0.09313982755757011,1,1,0.6338167389745972
92,B,contrast_low,pi_source_state_soft,3,True,0.4803126384686271,0.09313982755757011,1,1,0.6338167389745972
92,A,gaussian_noise,pi_zero_soft,3,True,0.3180668682492791,0.06157018522188684,1,1,0.5741633988358115
92,A,gaussian_noise,pi_zero_hard,3,True,0.10000000000000012,0.03465735902799727,1,1,0.706422018348624
92,A,gaussian_noise,pi_oracle_state_soft,3,True,0.508021537064344,0.08714309775959883,1,1,0.5741633988358115
92,A,gaussian_noise,pi_source_state_soft,3,True,0.508021537064344,0.08714309775959883,1,1,0.5741633988358115
92,B,gaussian_noise,pi_zero_soft,3,True,0.3180668682492791,0.06157018522188684,1,1,0.5741633988358115
92,B,gaussian_noise,pi_zero_hard,3,True,0.10000000000000012,0.03465735902799727,1,1,0.706422018348624
92,B,gaussian_noise,pi_oracle_state_soft,3,True,0.506911908044283,0.08738955928392089,1,1,0.5741633988358115
92,B,gaussian_noise,pi_source_state_soft,3,True,0.506911908044283,0.08738955928392089,1,1,0.5741633988358115
92,A,gaussian_blur,pi_zero_soft,3,True,0.8087082095184698,0.1588379149471253,0,0,0.6189034039399006
92,A,gaussian_blur,pi_zero_hard,3,True,0.39999999999999997,0.06068307560475461,1,1,0.706422018348624
92,A,gaussian_blur,pi_oracle_state_soft,3,True,0.46791143777056093,0.07982158521051042,1,1,0.5741633988358115
92,A,gaussian_blur,pi_source_state_soft,3,True,0.46791143777056093,0.07982158521051042,1,1,0.5741633988358115
92,B,gaussian_blur,pi_zero_soft,3,True,0.8087082095184698,0.1588379149471253,0,0,0.6189034039399006
92,B,gaussian_blur,pi_zero_hard,3,True,0.39999999999999997,0.06068307560475461,1,1,0.706422018348624
92,B,gaussian_blur,pi_oracle_state_soft,3,True,0.4507854162063947,0.07695797767758439,1,1,0.5741633988358115
92,B,gaussian_blur,pi_source_state_soft,3,True,0.4507854162063947,0.07695797767758439,1,1,0.5741633988358115
93,A,clean,pi_zero_soft,1,True,1.8103632533569274,0.5318720278676987,0,0,0.1740776559556978
93,A,clean,pi_zero_hard,1,True,2.0,0.6931471805599454,0,0,-0.2624997436527193
93,A,clean,pi_oracle_state_soft,1,True,1.8103632533569274,0.5318720278676987,0,0,0.1740776559556978
93,A,clean,pi_source_state_soft,1,True,1.8103632533569274,0.5318720278676987,0,0,0.1740776559556978
93,B,clean,pi_zero_soft,1,True,1.8103632533569274,0.5318720278676987,0,0,0.1740776559556978
93,B,clean,pi_zero_hard,1,True,2.0,0.6931471805599454,0,0,-0.2624997436527193
93,B,clean,pi_oracle_state_soft,1,True,1.8103632533569274,0.5318720278676987,0,0,0.1740776559556978
93,B,clean,pi_source_state_soft,1,True,1.8103632533569274,0.5318720278676987,0,0,0.1740776559556978
93,A,brightness_dark,pi_zero_soft,1,True,1.7757850090529048,0.5114004025884991,0,0,0.1740776559556978
93,A,brightness_dark,pi_zero_hard,1,True,2.0,0.6931471805599454,0,0,-0.16563466499998444
93,A,brightness_dark,pi_oracle_state_soft,1,True,1.8077488124930479,0.530277143449727,0,0,0.1740776559556978
93,A,brightness_dark,pi_source_state_soft,1,True,1.8077488124930479,0.530277143449727,0,0,0.1740776559556978
93,B,brightness_dark,pi_zero_soft,1,True,1.7757850090529048,0.5114004025884991,0,0,0.1740776559556978
93,B,brightness_dark,pi_zero_hard,1,True,2.0,0.6931471805599454,0,0,-0.16563466499998444
93,B,brightness_dark,pi_oracle_state_soft,1,True,1.8084626223391644,0.5307117782286886,0,0,0.1740776559556978
93,B,brightness_dark,pi_source_state_soft,1,True,1.8084626223391644,0.5307117782286886,0,0,0.1740776559556978
93,A,contrast_low,pi_zero_soft,1,True,1.6791208959905044,0.4600219438822529,0,0,0.2901294265928297
93,A,contrast_low,pi_zero_hard,1,True,2.0,0.6931471805599455,0,0,-0.16563466499998444
93,A,contrast_low,pi_oracle_state_soft,1,True,1.8467762752469896,0.5550019387292171,0,0,0.1740776559556978
93,A,contrast_low,pi_source_state_soft,1,True,1.8467762752469896,0.5550019387292171,0,0,0.1740776559556978
93,B,contrast_low,pi_zero_soft,1,True,1.6791208959905044,0.4600219438822529,0,0,0.2901294265928297
93,B,contrast_low,pi_zero_hard,1,True,2.0,0.6931471805599455,0,0,-0.16563466499998444
93,B,contrast_low,pi_oracle_state_soft,1,True,1.8421068609286373,0.5519331750979853,0,0,0.1740776559556978
93,B,contrast_low,pi_source_state_soft,1,True,1.8421068609286373,0.5519331750979853,0,0,0.1740776559556978
93,A,gaussian_noise,pi_zero_soft,1,True,1.8832226911144132,0.5801862758219347,0,0,-0.058025885318565944
93,A,gaussian_noise,pi_zero_hard,1,True,2.0,0.6931471805599453,0,0,-0.2624997436527193
93,A,gaussian_noise,pi_oracle_state_soft,1,True,1.8255527688149409,0.5413049723929895,0,0,0.1740776559556978
93,A,gaussian_noise,pi_source_state_soft,1,True,1.8255527688149409,0.5413049723929895,0,0,0.1740776559556978
93,B,gaussian_noise,pi_zero_soft,1,True,1.8832226911144132,0.5801862758219347,0,0,-0.058025885318565944
93,B,gaussian_noise,pi_zero_hard,1,True,2.0,0.6931471805599453,0,0,-0.2624997436527193
93,B,gaussian_noise,pi_oracle_state_soft,1,True,1.8321713917415874,0.5455087888534609,0,0,0.1740776559556978
93,B,gaussian_noise,pi_source_state_soft,1,True,1.8321713917415874,0.5455087888534609,0,0,0.1740776559556978
93,A,gaussian_blur,pi_zero_soft,1,True,1.7502755480246253,0.4970805206302149,0,0,0.2901294265928297
93,A,gaussian_blur,pi_zero_hard,1,True,2.0,0.6931471805599452,0,0,-0.16666666666666666
93,A,gaussian_blur,pi_oracle_state_soft,1,True,1.823900016280756,0.5402643311433993,0,0,0.1740776559556978
93,A,gaussian_blur,pi_source_state_soft,1,True,1.823900016280756,0.5402643311433993,0,0,0.1740776559556978
93,B,gaussian_blur,pi_zero_soft,1,True,1.7502755480246253,0.4970805206302149,0,0,0.2901294265928297
93,B,gaussian_blur,pi_zero_hard,1,True,2.0,0.6931471805599452,0,0,-0.16666666666666666
93,B,gaussian_blur,pi_oracle_state_soft,1,True,1.826605555012677,0.5419697250039949,0,0,0.1740776559556978
93,B,gaussian_blur,pi_source_state_soft,1,True,1.826605555012677,0.5419697250039949,0,0,0.1740776559556978
94,A,clean,pi_zero_soft,1,True,1.5389301407230445,0.3998131679914467,0,0,0.37194949554383877
94,A,clean,pi_zero_hard,1,True,1.3,0.31406486647759013,0,0,0.396772848190091
94,A,clean,pi_oracle_state_soft,1,True,1.5389301407230445,0.3998131679914467,0,0,0.37194949554383877
94,A,clean,pi_source_state_soft,1,True,1.5389301407230445,0.3998131679914467,0,0,0.37194949554383877
94,B,clean,pi_zero_soft,1,True,1.5389301407230445,0.3998131679914467,0,0,0.37194949554383877
94,B,clean,pi_zero_hard,1,True,1.3,0.31406486647759013,0,0,0.396772848190091
94,B,clean,pi_oracle_state_soft,1,True,1.5389301407230445,0.3998131679914467,0,0,0.37194949554383877
94,B,clean,pi_source_state_soft,1,True,1.5389301407230445,0.3998131679914467,0,0,0.37194949554383877
94,A,brightness_dark,pi_zero_soft,1,True,1.7853246966725114,0.5283879262053236,0,0,0.008649988268461367
94,A,brightness_dark,pi_zero_hard,1,True,2.0,0.6931471805599454,0,0,-0.24845199749997668
94,A,brightness_dark,pi_oracle_state_soft,1,True,1.665964723589277,0.4617175823873765,0,0,0.18164975363768868
94,A,brightness_dark,pi_source_state_soft,1,True,1.665964723589277,0.4617175823873765,0,0,0.18164975363768868
94,B,brightness_dark,pi_zero_soft,1,True,1.7853246966725114,0.5283879262053236,0,0,0.008649988268461367
94,B,brightness_dark,pi_zero_hard,1,True,2.0,0.6931471805599454,0,0,-0.24845199749997668
94,B,brightness_dark,pi_oracle_state_soft,1,True,1.662313872222036,0.4603187680702041,0,0,0.18164975363768868
94,B,brightness_dark,pi_source_state_soft,1,True,1.662313872222036,0.4603187680702041,0,0,0.18164975363768868
94,A,contrast_low,pi_zero_soft,1,True,1.777353451847403,0.513618310460064,0,0,-0.22489969497999554
94,A,contrast_low,pi_zero_hard,1,True,2.0,0.6931471805599452,0,0,-0.24691358024691362
94,A,contrast_low,pi_oracle_state_soft,1,True,1.6603884890140124,0.45986195598151713,0,0,0.18164975363768868
94,A,contrast_low,pi_source_state_soft,1,True,1.6603884890140124,0.45986195598151713,0,0,0.18164975363768868
94,B,contrast_low,pi_zero_soft,1,True,1.777353451847403,0.513618310460064,0,0,-0.22489969497999554
94,B,contrast_low,pi_zero_hard,1,True,2.0,0.6931471805599452,0,0,-0.24691358024691362
94,B,contrast_low,pi_oracle_state_soft,1,True,1.6717834474065,0.46507253512381075,0,0,0.18164975363768868
94,B,contrast_low,pi_source_state_soft,1,True,1.6717834474065,0.46507253512381075,0,0,0.18164975363768868
94,A,gaussian_noise,pi_zero_soft,1,True,1.6039956613088473,0.4239677098114094,0,0,0.37194949554383877
94,A,gaussian_noise,pi_zero_hard,1,True,1.4000000000000001,0.32986962204761905,0,0,0.5231481481481481
94,A,gaussian_noise,pi_oracle_state_soft,1,True,1.5659870177521997,0.41344955500644764,0,0,0.37194949554383877
94,A,gaussian_noise,pi_source_state_soft,1,True,1.5659870177521997,0.41344955500644764,0,0,0.37194949554383877
94,B,gaussian_noise,pi_zero_soft,1,True,1.6039956613088473,0.4239677098114094,0,0,0.37194949554383877
94,B,gaussian_noise,pi_zero_hard,1,True,1.4000000000000001,0.32986962204761905,0,0,0.5231481481481481
94,B,gaussian_noise,pi_oracle_state_soft,1,True,1.5595930545164531,0.41062563690500276,0,0,0.37194949554383877
94,B,gaussian_noise,pi_source_state_soft,1,True,1.5595930545164531,0.41062563690500276,0,0,0.37194949554383877
94,A,gaussian_blur,pi_zero_soft,1,True,1.5730986776396687,0.42450535207695417,0,0,0.12109983575845912
94,A,gaussian_blur,pi_zero_hard,1,True,1.5000000000000002,0.3861031365094997,0,0,0.09756156783416059
94,A,gaussian_blur,pi_oracle_state_soft,1,True,1.5789934618881547,0.4142330281676456,0,0,0.37194949554383877
94,A,gaussian_blur,pi_source_state_soft,1,True,1.5789934618881547,0.4142330281676456,0,0,0.37194949554383877
94,B,gaussian_blur,pi_zero_soft,1,True,1.5730986776396687,0.42450535207695417,0,0,0.12109983575845912
94,B,gaussian_blur,pi_zero_hard,1,True,1.5000000000000002,0.3861031365094997,0,0,0.09756156783416059
94,B,gaussian_blur,pi_oracle_state_soft,1,True,1.5810745253280631,0.41462632167645075,0,0,0.37194949554383877
94,B,gaussian_blur,pi_source_state_soft,1,True,1.5810745253280631,0.41462632167645075,0,0,0.37194949554383877
95,A,clean,pi_zero_soft,3,True,0.9030925646810931,0.19169523042516579,1,1,0.5145100586970259
95,A,clean,pi_zero_hard,3,True,0.7999999999999999,0.20258589365675173,1,1,0.3591848569579318
95,A,clean,pi_oracle_state_soft,3,True,0.9030925646810931,0.19169523042516579,1,1,0.5145100586970259
95,A,clean,pi_source_state_soft,3,True,0.9030925646810931,0.19169523042516579,1,1,0.5145100586970259
95,B,clean,pi_zero_soft,3,True,0.9030925646810931,0.19169523042516579,1,1,0.5145100586970259
95,B,clean,pi_zero_hard,3,True,0.7999999999999999,0.20258589365675173,1,1,0.3591848569579318
95,B,clean,pi_oracle_state_soft,3,True,0.9030925646810931,0.19169523042516579,1,1,0.5145100586970259
95,B,clean,pi_source_state_soft,3,True,0.9030925646810931,0.19169523042516579,1,1,0.5145100586970259
95,A,brightness_dark,pi_zero_soft,3,True,1.4886371231800217,0.36160208537565564,0,0,0.23115669303779424
95,A,brightness_dark,pi_zero_hard,3,True,1.2999999999999998,0.3114714652227395,0,0,0.4311926605504588
95,A,brightness_dark,pi_oracle_state_soft,3,True,0.8504489554283666,0.18336758249231155,1,1,0.5145100586970259
95,A,brightness_dark,pi_source_state_soft,3,True,0.8504489554283666,0.18336758249231155,1,1,0.5145100586970259
95,B,brightness_dark,pi_zero_soft,3,True,1.4886371231800217,0.36160208537565564,0,0,0.23115669303779424
95,B,brightness_dark,pi_zero_hard,3,True,1.2999999999999998,0.3114714652227395,0,0,0.4311926605504588
95,B,brightness_dark,pi_oracle_state_soft,3,True,0.8547193855406885,0.18440649610517768,1,1,0.4548567185582403
95,B,brightness_dark,pi_source_state_soft,3,True,0.8547193855406885,0.18440649610517768,1,1,0.4548567185582403
95,A,contrast_low,pi_zero_soft,3,True,1.5678071570746916,0.4066603336495602,0,0,0.14167668282961582
95,A,contrast_low,pi_zero_hard,3,True,1.8,0.5320463357474156,0,0,0.21841799838463094
95,A,contrast_low,pi_oracle_state_soft,3,True,0.9138840807439025,0.20383840291476374,1,1,0.38029004338475825
95,A,contrast_low,pi_source_state_soft,3,True,0.9138840807439025,0.20383840291476374,1,1,0.38029004338475825
95,B,contrast_low,pi_zero_soft,3,True,1.5678071570746916,0.4066603336495602,0,0,0.14167668282961582
95,B,contrast_low,pi_zero_hard,3,True,1.8,0.5320463357474156,0,0,0.21841799838463094
95,B,contrast_low,pi_oracle_state_soft,3,True,0.8710847292399598,0.19556914134524872,1,1,0.38029004338475825
95,B,contrast_low,pi_source_state_soft,3,True,0.8710847292399598,0.19556914134524872,1,1,0.38029004338475825
95,A,gaussian_noise,pi_zero_soft,3,True,0.7557142810820573,0.16304925200804976,1,1,0.5145100586970259
95,A,gaussian_noise,pi_zero_hard,3,True,0.5,0.1563892355704235,1,1,0.2963605938566555
95,A,gaussian_noise,pi_oracle_state_soft,3,True,0.9589715592479369,0.20622540719000826,1,1,0.5145100586970259
95,A,gaussian_noise,pi_source_state_soft,3,True,0.9589715592479369,0.20622540719000826,1,1,0.5145100586970259
95,B,gaussian_noise,pi_zero_soft,3,True,0.7557142810820573,0.16304925200804976,1,1,0.5145100586970259
95,B,gaussian_noise,pi_zero_hard,3,True,0.5,0.1563892355704235,1,1,0.2963605938566555
95,B,gaussian_noise,pi_oracle_state_soft,3,True,0.959401258582228,0.20538602689834762,1,1,0.5145100586970259
95,B,gaussian_noise,pi_source_state_soft,3,True,0.959401258582228,0.20538602689834762,1,1,0.5145100586970259
95,A,gaussian_blur,pi_zero_soft,3,True,1.2267620333056304,0.2756067326696803,1,1,0.43994338352354384
95,A,gaussian_blur,pi_zero_hard,3,True,1.3,0.3313170839305739,1,1,0.2323069967623409
95,A,gaussian_blur,pi_oracle_state_soft,3,True,0.8849563146850312,0.19085791122019446,1,1,0.4548567185582403
95,A,gaussian_blur,pi_source_state_soft,3,True,0.8849563146850312,0.19085791122019446,1,1,0.4548567185582403
95,B,gaussian_blur,pi_zero_soft,3,True,1.2267620333056304,0.2756067326696803,1,1,0.43994338352354384
95,B,gaussian_blur,pi_zero_hard,3,True,1.3,0.3313170839305739,1,1,0.2323069967623409
95,B,gaussian_blur,pi_oracle_state_soft,3,True,0.8683193709902719,0.18735779588121737,1,1,0.4548567185582403
95,B,gaussian_blur,pi_source_state_soft,3,True,0.8683193709902719,0.18735779588121737,1,1,0.4548567185582403
96,A,clean,pi_zero_soft,1,True,1.8786208282324683,0.5803790409970268,0,0,-0.39789946034922286
96,A,clean,pi_zero_hard,1,True,2.0,0.6931471805599453,0,0,-0.3898035641364575
96,A,clean,pi_oracle_state_soft,1,True,1.8786208282324683,0.5803790409970268,0,0,-0.39789946034922286
96,A,clean,pi_source_state_soft,1,True,1.8786208282324683,0.5803790409970268,0,0,-0.39789946034922286
96,B,clean,pi_zero_soft,1,True,1.8786208282324683,0.5803790409970268,0,0,-0.39789946034922286
96,B,clean,pi_zero_hard,1,True,2.0,0.6931471805599453,0,0,-0.3898035641364575
96,B,clean,pi_oracle_state_soft,1,True,1.8786208282324683,0.5803790409970268,0,0,-0.39789946034922286
96,B,clean,pi_source_state_soft,1,True,1.8786208282324683,0.5803790409970268,0,0,-0.39789946034922286
96,A,brightness_dark,pi_zero_soft,1,True,1.9330932323864052,0.6313727490151537,0,0,-0.683349073208448
96,A,brightness_dark,pi_zero_hard,1,True,2.0,0.6931471805599452,0,0,-0.3192754284070505
96,A,brightness_dark,pi_oracle_state_soft,1,True,1.9208184099841352,0.6149226063801203,0,0,-0.5881992022553729
96,A,brightness_dark,pi_source_state_soft,1,True,1.9208184099841352,0.6149226063801203,0,0,-0.5881992022553729
96,B,brightness_dark,pi_zero_soft,1,True,1.9330932323864052,0.6313727490151537,0,0,-0.683349073208448
96,B,brightness_dark,pi_zero_hard,1,True,2.0,0.6931471805599452,0,0,-0.3192754284070505
96,B,brightness_dark,pi_oracle_state_soft,1,True,1.9228147632669699,0.616608217046461,0,0,-0.5881992022553729
96,B,brightness_dark,pi_source_state_soft,1,True,1.9228147632669699,0.616608217046461,0,0,-0.5881992022553729
96,A,contrast_low,pi_zero_soft,1,True,1.8926773606583274,0.6094807540441785,0,0,-0.7006490497453707
96,A,contrast_low,pi_zero_hard,1,True,2.0,0.6931471805599453,0,0,-0.3898035641364575
96,A,contrast_low,pi_oracle_state_soft,1,True,1.9111138195187687,0.6082283408574073,0,0,-0.5881992022553729
96,A,contrast_low,pi_source_state_soft,1,True,1.9111138195187687,0.6082283408574073,0,0,-0.5881992022553729
96,B,contrast_low,pi_zero_soft,1,True,1.8926773606583274,0.6094807540441785,0,0,-0.7006490497453707
96,B,contrast_low,pi_zero_hard,1,True,2.0,0.6931471805599453,0,0,-0.3898035641364575
96,B,contrast_low,pi_oracle_state_soft,1,True,1.9146197353728724,0.6107574235673122,0,0,-0.5881992022553729
96,B,contrast_low,pi_source_state_soft,1,True,1.9146197353728724,0.6107574235673122,0,0,-0.5881992022553729
96,A,gaussian_noise,pi_zero_soft,1,True,1.917216100012092,0.6087509443300283,0,0,-0.39789946034922286
96,A,gaussian_noise,pi_zero_hard,1,True,2.0,0.6931471805599453,0,0,-0.3913115139224996
96,A,gaussian_noise,pi_oracle_state_soft,1,True,1.8772135417189895,0.5795216654141753,0,0,-0.39789946034922286
96,A,gaussian_noise,pi_source_state_soft,1,True,1.8772135417189895,0.5795216654141753,0,0,-0.39789946034922286
96,B,gaussian_noise,pi_zero_soft,1,True,1.917216100012092,0.6087509443300283,0,0,-0.39789946034922286
96,B,gaussian_noise,pi_zero_hard,1,True,2.0,0.6931471805599453,0,0,-0.3913115139224996
96,B,gaussian_noise,pi_oracle_state_soft,1,True,1.8774133218136155,0.5798069952381195,0,0,-0.39789946034922286
96,B,gaussian_noise,pi_source_state_soft,1,True,1.8774133218136155,0.5798069952381195,0,0,-0.39789946034922286
96,A,gaussian_blur,pi_zero_soft,1,True,1.8483122234468583,0.5629121206826895,0,0,-0.39789946034922286
96,A,gaussian_blur,pi_zero_hard,1,True,2.0,0.6931471805599451,0,0,-0.46136377696522207
96,A,gaussian_blur,pi_oracle_state_soft,1,True,1.883807677121946,0.5847331630632171,0,0,-0.39789946034922286
96,A,gaussian_blur,pi_source_state_soft,1,True,1.883807677121946,0.5847331630632171,0,0,-0.39789946034922286
96,B,gaussian_blur,pi_zero_soft,1,True,1.8483122234468583,0.5629121206826895,0,0,-0.39789946034922286
96,B,gaussian_blur,pi_zero_hard,1,True,2.0,0.6931471805599451,0,0,-0.46136377696522207
96,B,gaussian_blur,pi_oracle_state_soft,1,True,1.8865280224903547,0.5867213522714235,0,0,-0.39789946034922286
96,B,gaussian_blur,pi_source_state_soft,1,True,1.8865280224903547,0.5867213522714235,0,0,-0.39789946034922286
97,A,clean,pi_zero_soft,3,True,1.2632177072663566,0.3079859792808797,1,1,0.03728333758674101
97,A,clean,pi_zero_hard,3,True,0.7,0.19479075732875484,1,1,0.2634022284358166
97,A,clean,pi_oracle_state_soft,3,True,1.2632177072663566,0.3079859792808797,1,1,0.03728333758674101
97,A,clean,pi_source_state_soft,3,True,1.2632177072663566,0.3079859792808797,1,1,0.03728333758674101
97,B,clean,pi_zero_soft,3,True,1.2632177072663566,0.3079859792808797,1,1,0.03728333758674101
97,B,clean,pi_zero_hard,3,True,0.7,0.19479075732875484,1,1,0.2634022284358166
97,B,clean,pi_oracle_state_soft,3,True,1.2632177072663566,0.3079859792808797,1,1,0.03728333758674101
97,B,clean,pi_source_state_soft,3,True,1.2632177072663566,0.3079859792808797,1,1,0.03728333758674101
97,A,brightness_dark,pi_zero_soft,3,True,1.097694057746379,0.25564884101227014,1,1,0.21624335800309782
97,A,brightness_dark,pi_zero_hard,3,True,0.5,0.15636141139319815,1,1,0.24770642201834867
97,A,brightness_dark,pi_oracle_state_soft,3,True,1.2488940149987453,0.3068232159223647,1,1,0.03728333758674101
97,A,brightness_dark,pi_source_state_soft,3,True,1.2488940149987453,0.3068232159223647,1,1,0.03728333758674101
97,B,brightness_dark,pi_zero_soft,3,True,1.097694057746379,0.25564884101227014,1,1,0.21624335800309782
97,B,brightness_dark,pi_zero_hard,3,True,0.5,0.15636141139319815,1,1,0.24770642201834867
97,B,brightness_dark,pi_oracle_state_soft,3,True,1.2497986827137706,0.3071342540961455,1,1,0.09693667772552661
97,B,brightness_dark,pi_source_state_soft,3,True,1.2497986827137706,0.3071342540961455,1,1,0.09693667772552661
97,A,contrast_low,pi_zero_soft,3,True,1.2520191428280985,0.3057267194033386,1,1,0.1565900178643122
97,A,contrast_low,pi_zero_hard,3,True,0.7,0.20973139002563068,1,1,0.24770642201834867
97,A,contrast_low,pi_oracle_state_soft,3,True,1.333042648635533,0.32989955843103247,1,1,0.1565900178643122
97,A,contrast_low,pi_source_state_soft,3,True,1.333042648635533,0.32989955843103247,1,1,0.1565900178643122
97,B,contrast_low,pi_zero_soft,3,True,1.2520191428280985,0.3057267194033386,1,1,0.1565900178643122
97,B,contrast_low,pi_zero_hard,3,True,0.7,0.20973139002563068,1,1,0.24770642201834867
97,B,contrast_low,pi_oracle_state_soft,3,True,1.3385183704167205,0.33272094675341024,1,1,0.09693667772552661
97,B,contrast_low,pi_source_state_soft,3,True,1.3385183704167205,0.33272094675341024,1,1,0.09693667772552661
97,A,gaussian_noise,pi_zero_soft,3,True,1.327104574913239,0.33092851378545673,1,1,0.09693667772552661
97,A,gaussian_noise,pi_zero_hard,3,True,0.8,0.2156670972508654,1,1,0.2634022284358166
97,A,gaussian_noise,pi_oracle_state_soft,3,True,1.2667858529209735,0.30737998021695656,1,1,0.09693667772552661
97,A,gaussian_noise,pi_source_state_soft,3,True,1.2667858529209735,0.30737998021695656,1,1,0.09693667772552661
97,B,gaussian_noise,pi_zero_soft,3,True,1.327104574913239,0.33092851378545673,1,1,0.09693667772552661
97,B,gaussian_noise,pi_zero_hard,3,True,0.8,0.2156670972508654,1,1,0.2634022284358166
97,B,gaussian_noise,pi_oracle_state_soft,3,True,1.2795805136291838,0.3108337564120065,1,1,0.09693667772552661
97,B,gaussian_noise,pi_source_state_soft,3,True,1.2795805136291838,0.3108337564120065,1,1,0.09693667772552661
97,A,gaussian_blur,pi_zero_soft,3,True,1.2431926466115073,0.2968454053097178,1,1,0.09693667772552661
97,A,gaussian_blur,pi_zero_hard,3,True,0.8,0.2156670972508654,1,1,0.29532977127652166
97,A,gaussian_blur,pi_oracle_state_soft,3,True,1.300843716042565,0.317861343868854,1,1,0.09693667772552661
97,A,gaussian_blur,pi_source_state_soft,3,True,1.300843716042565,0.317861343868854,1,1,0.09693667772552661
97,B,gaussian_blur,pi_zero_soft,3,True,1.2431926466115073,0.2968454053097178,1,1,0.09693667772552661
97,B,gaussian_blur,pi_zero_hard,3,True,0.8,0.2156670972508654,1,1,0.29532977127652166
97,B,gaussian_blur,pi_oracle_state_soft,3,True,1.304094379225939,0.3191921892102385,1,1,0.09693667772552661
97,B,gaussian_blur,pi_source_state_soft,3,True,1.304094379225939,0.3191921892102385,1,1,0.09693667772552661
98,A,clean,pi_zero_soft,3,True,1.5179098719240884,0.4016262493656271,0,0,-0.022370002552044604
98,A,clean,pi_zero_hard,3,True,1.6,0.4299720871336088,0,0,0.04646139935246818
98,A,clean,pi_oracle_state_soft,3,True,1.5179098719240884,0.4016262493656271,0,0,-0.022370002552044604
98,A,clean,pi_source_state_soft,3,True,1.5179098719240884,0.4016262493656271,0,0,-0.022370002552044604
98,B,clean,pi_zero_soft,3,True,1.5179098719240884,0.4016262493656271,0,0,-0.022370002552044604
98,B,clean,pi_zero_hard,3,True,1.6,0.4299720871336088,0,0,0.04646139935246818
98,B,clean,pi_oracle_state_soft,3,True,1.5179098719240884,0.4016262493656271,0,0,-0.022370002552044604
98,B,clean,pi_source_state_soft,3,True,1.5179098719240884,0.4016262493656271,0,0,-0.022370002552044604
98,A,brightness_dark,pi_zero_soft,3,True,1.6186137480929699,0.4486851034586674,0,0,0.007456667517348202
98,A,brightness_dark,pi_zero_hard,3,True,1.8,0.5976700553157235,0,0,-0.13493104334807493
98,A,brightness_dark,pi_oracle_state_soft,3,True,1.5466773323966116,0.4200534475496016,0,0,-0.23115669303779424
98,A,brightness_dark,pi_source_state_soft,3,True,1.5466773323966116,0.4200534475496016,0,0,-0.23115669303779424
98,B,brightness_dark,pi_zero_soft,3,True,1.6186137480929699,0.4486851034586674,0,0,0.007456667517348202
98,B,brightness_dark,pi_zero_hard,3,True,1.8,0.5976700553157235,0,0,-0.13493104334807493
98,B,brightness_dark,pi_oracle_state_soft,3,True,1.5441730061358003,0.41945578926570426,0,0,-0.23115669303779424
98,B,brightness_dark,pi_source_state_soft,3,True,1.5441730061358003,0.41945578926570426,0,0,-0.23115669303779424
98,A,contrast_low,pi_zero_soft,3,True,1.592491322492215,0.42583637279954845,0,0,-0.022370002552044604
98,A,contrast_low,pi_zero_hard,3,True,1.7,0.4821145257239847,0,0,0.21841799838463094
98,A,contrast_low,pi_oracle_state_soft,3,True,1.5668361323564008,0.4281110341104586,0,0,-0.17150335289900864
98,A,contrast_low,pi_source_state_soft,3,True,1.5668361323564008,0.4281110341104586,0,0,-0.17150335289900864
98,B,contrast_low,pi_zero_soft,3,True,1.592491322492215,0.42583637279954845,0,0,-0.022370002552044604
98,B,contrast_low,pi_zero_hard,3,True,1.7,0.4821145257239847,0,0,0.21841799838463094
98,B,contrast_low,pi_oracle_state_soft,3,True,1.5745276049149703,0.43239720204839593,0,0,-0.17150335289900864
98,B,contrast_low,pi_source_state_soft,3,True,1.5745276049149703,0.43239720204839593,0,0,-0.17150335289900864
98,A,gaussian_noise,pi_zero_soft,3,True,1.5525763439763762,0.41389385668150314,0,0,-0.17150335289900864
98,A,gaussian_noise,pi_zero_hard,3,True,1.6,0.43774193805495054,0,0,0.03117871905682503
98,A,gaussian_noise,pi_oracle_state_soft,3,True,1.520319124323892,0.4034685677927463,0,0,-0.11185001276022301
98,A,gaussian_noise,pi_source_state_soft,3,True,1.520319124323892,0.4034685677927463,0,0,-0.11185001276022301
98,B,gaussian_noise,pi_zero_soft,3,True,1.5525763439763762,0.41389385668150314,0,0,-0.17150335289900864
98,B,gaussian_noise,pi_zero_hard,3,True,1.6,0.43774193805495054,0,0,0.03117871905682503
98,B,gaussian_noise,pi_oracle_state_soft,3,True,1.5182495302065298,0.4016714209454848,0,0,-0.11185001276022301
98,B,gaussian_noise,pi_source_state_soft,3,True,1.5182495302065298,0.4016714209454848,0,0,-0.11185001276022301
98,A,gaussian_blur,pi_zero_soft,3,True,1.5198357154163245,0.40307819611950424,0,0,-0.0820233426908302
98,A,gaussian_blur,pi_zero_hard,3,True,1.5999999999999999,0.43774193805495054,0,0,0.07718384161783276
98,A,gaussian_blur,pi_oracle_state_soft,3,True,1.5268157494085701,0.4089650524714661,0,0,-0.17150335289900864
98,A,gaussian_blur,pi_source_state_soft,3,True,1.5268157494085701,0.4089650524714661,0,0,-0.17150335289900864
98,B,gaussian_blur,pi_zero_soft,3,True,1.5198357154163245,0.40307819611950424,0,0,-0.0820233426908302
98,B,gaussian_blur,pi_zero_hard,3,True,1.5999999999999999,0.43774193805495054,0,0,0.07718384161783276
98,B,gaussian_blur,pi_oracle_state_soft,3,True,1.527714546359992,0.40984058220619324,0,0,-0.17150335289900864
98,B,gaussian_blur,pi_source_state_soft,3,True,1.527714546359992,0.40984058220619324,0,0,-0.17150335289900864
99,A,clean,pi_zero_soft,4,True,1.2025873456450615,0.28501670749821173,0,0,-0.37378473899526654
99,A,clean,pi_zero_hard,4,True,1.7,0.5262247231498622,0,0,-0.639375192238206
99,A,clean,pi_oracle_state_soft,4,True,1.2025873456450615,0.28501670749821173,0,0,-0.37378473899526654
99,A,clean,pi_source_state_soft,4,True,1.2025873456450615,0.28501670749821173,0,0,-0.37378473899526654
99,B,clean,pi_zero_soft,4,True,1.2025873456450615,0.28501670749821173,0,0,-0.37378473899526654
99,B,clean,pi_zero_hard,4,True,1.7,0.5262247231498622,0,0,-0.639375192238206
99,B,clean,pi_oracle_state_soft,4,True,1.2025873456450615,0.28501670749821173,0,0,-0.37378473899526654
99,B,clean,pi_source_state_soft,4,True,1.2025873456450615,0.28501670749821173,0,0,-0.37378473899526654
99,A,brightness_dark,pi_zero_soft,4,True,1.3379237756179938,0.32083147940768253,0,0,-0.11403602206635252
99,A,brightness_dark,pi_zero_hard,4,True,1.9000000000000001,0.6454086179378342,0,0,-0.4209127072671379
99,A,brightness_dark,pi_oracle_state_soft,4,True,1.2173802352727203,0.28731410324133533,0,0,-0.44347341914692645
99,A,brightness_dark,pi_source_state_soft,4,True,1.2173802352727203,0.28731410324133533,0,0,-0.44347341914692645
99,B,brightness_dark,pi_zero_soft,4,True,1.3379237756179938,0.32083147940768253,0,0,-0.11403602206635252
99,B,brightness_dark,pi_zero_hard,4,True,1.9000000000000001,0.6454086179378342,0,0,-0.4209127072671379
99,B,brightness_dark,pi_oracle_state_soft,4,True,1.2136070526487905,0.2858197164343448,0,0,-0.44347341914692645
99,B,brightness_dark,pi_source_state_soft,4,True,1.2136070526487905,0.2858197164343448,0,0,-0.44347341914692645
99,A,contrast_low,pi_zero_soft,4,True,1.1667040825060881,0.27370595784263196,0,0,-0.03167667279620903
99,A,contrast_low,pi_zero_hard,4,True,1.8,0.573963285771973,0,0,-0.4299004716494399
99,A,contrast_low,pi_oracle_state_soft,4,True,1.2681372632307133,0.3083781972711961,0,0,-0.44347341914692645
99,A,contrast_low,pi_source_state_soft,4,True,1.2681372632307133,0.3083781972711961,0,0,-0.44347341914692645
99,B,contrast_low,pi_zero_soft,4,True,1.1667040825060881,0.27370595784263196,0,0,-0.03167667279620903
99,B,contrast_low,pi_zero_hard,4,True,1.8,0.573963285771973,0,0,-0.4299004716494399
99,B,contrast_low,pi_oracle_state_soft,4,True,1.2759670609254878,0.31055608416086367,0,0,-0.44347341914692645
99,B,contrast_low,pi_source_state_soft,4,True,1.2759670609254878,0.31055608416086367,0,0,-0.44347341914692645
99,A,gaussian_noise,pi_zero_soft,4,True,1.3165646540875298,0.33218134970751567,0,0,-0.6778807978388732
99,A,gaussian_noise,pi_zero_hard,4,True,1.6,0.4926925424241113,0,0,-0.46231744669531827
99,A,gaussian_noise,pi_oracle_state_soft,4,True,1.2062113693918488,0.2883092395803799,0,0,-0.46881475738389367
99,A,gaussian_noise,pi_source_state_soft,4,True,1.2062113693918488,0.2883092395803799,0,0,-0.46881475738389367
99,B,gaussian_noise,pi_zero_soft,4,True,1.3165646540875298,0.33218134970751567,0,0,-0.6778807978388732
99,B,gaussian_noise,pi_zero_hard,4,True,1.6,0.4926925424241113,0,0,-0.46231744669531827
99,B,gaussian_noise,pi_oracle_state_soft,4,True,1.2105813976527176,0.2894099838349371,0,0,-0.46881475738389367
99,B,gaussian_noise,pi_source_state_soft,4,True,1.2105813976527176,0.2894099838349371,0,0,-0.46881475738389367
99,A,gaussian_blur,pi_zero_soft,4,True,1.1259353470737934,0.25527995674447324,0,0,-0.12670669118483613
99,A,gaussian_blur,pi_zero_hard,4,True,1.7,0.5262247231498625,0,0,-0.5625121736119391
99,A,gaussian_blur,pi_oracle_state_soft,4,True,1.1866154475201682,0.28072082107030916,0,0,-0.37378473899526654
99,A,gaussian_blur,pi_source_state_soft,4,True,1.1866154475201682,0.28072082107030916,0,0,-0.37378473899526654
99,B,gaussian_blur,pi_zero_soft,4,True,1.1259353470737934,0.25527995674447324,0,0,-0.12670669118483613
99,B,gaussian_blur,pi_zero_hard,4,True,1.7,0.5262247231498625,0,0,-0.5625121736119391
99,B,gaussian_blur,pi_oracle_state_soft,4,True,1.1888487184334566,0.28161968449749164,0,0,-0.37378473899526654
99,B,gaussian_blur,pi_source_state_soft,4,True,1.1888487184334566,0.28161968449749164,0,0,-0.37378473899526654
