salt,bank,target,policy,macro_class,sample_weighted,macro_client,state_choice_frequency,oracle_hit_rate,regret_median,regret_p75,regret_p90,regret_gt2_fraction,regret_gt5_fraction,gain_vs_zero_pp,capture_vs_P00,capture_vs_T014
T013-S0,A,clean,zero,34.13868991976854,34.21770064498969,33.18853079396754,"{""clean"": 200, ""brightness_dark"": 0, ""contrast_low"": 0, ""gaussian_noise"": 0, ""gaussian_blur"": 0}",0.265,4.147861594670106,10.444078947368421,20.0,0.635,0.435,0.0,0.0,0.0
T013-S0,A,brightness_dark,zero,17.54602645421106,17.64080058514529,18.259971708810973,"{""clean"": 200, ""brightness_dark"": 0, ""contrast_low"": 0, ""gaussian_noise"": 0, ""gaussian_blur"": 0}",0.085,11.180555555555555,22.76923076923077,45.115384615384606,0.845,0.735,0.0,0.0,0.0
T013-S0,A,contrast_low,zero,19.95526398771052,20.08777179333732,20.058068667099974,"{""clean"": 200, ""brightness_dark"": 0, ""contrast_low"": 0, ""gaussian_noise"": 0, ""gaussian_blur"": 0}",0.075,10.411741528762805,18.768382352941178,31.025,0.885,0.735,0.0,0.0,0.0
T013-S0,A,gaussian_noise,zero,30.67664385146025,30.746725181195558,29.49990098428897,"{""clean"": 200, ""brightness_dark"": 0, ""contrast_low"": 0, ""gaussian_noise"": 0, ""gaussian_blur"": 0}",0.235,4.733893557422969,11.11111111111111,19.499999999999996,0.655,0.485,0.0,0.0,0.0
T013-S0,A,gaussian_blur,zero,30.901579176174376,30.992752177671388,30.511363707299605,"{""clean"": 200, ""brightness_dark"": 0, ""contrast_low"": 0, ""gaussian_noise"": 0, ""gaussian_blur"": 0}",0.135,6.371753246753247,12.544014084507042,27.527777777777775,0.78,0.57,0.0,0.0,0.0
T013-S0,B,clean,zero,34.13868991976854,34.21770064498969,33.18853079396754,"{""clean"": 200, ""brightness_dark"": 0, ""contrast_low"": 0, ""gaussian_noise"": 0, ""gaussian_blur"": 0}",0.305,3.8034960819770944,10.444078947368421,20.04081632653061,0.6,0.425,0.0,0.0,0.0
T013-S0,B,brightness_dark,zero,17.54602645421106,17.64080058514529,18.259971708810973,"{""clean"": 200, ""brightness_dark"": 0, ""contrast_low"": 0, ""gaussian_noise"": 0, ""gaussian_blur"": 0}",0.085,11.189358372456963,22.792580982236153,46.15384615384615,0.83,0.72,0.0,0.0,0.0
T013-S0,B,contrast_low,zero,19.95526398771052,20.08777179333732,20.058068667099974,"{""clean"": 200, ""brightness_dark"": 0, ""contrast_low"": 0, ""gaussian_noise"": 0, ""gaussian_blur"": 0}",0.09,10.0,18.33933393339334,30.76923076923077,0.86,0.71,0.0,0.0,0.0
T013-S0,B,gaussian_noise,zero,30.67664385146025,30.746725181195558,29.49990098428897,"{""clean"": 200, ""brightness_dark"": 0, ""contrast_low"": 0, ""gaussian_noise"": 0, ""gaussian_blur"": 0}",0.245,4.669331395348838,10.777777777777777,20.0,0.66,0.455,0.0,0.0,0.0
T013-S0,B,gaussian_blur,zero,30.901579176174376,30.992752177671388,30.511363707299605,"{""clean"": 200, ""brightness_dark"": 0, ""contrast_low"": 0, ""gaussian_noise"": 0, ""gaussian_blur"": 0}",0.13,5.634920634920634,12.860700790106494,28.696741854636585,0.755,0.545,0.0,0.0,0.0
T013-S1,A,clean,zero,34.13868991976854,34.21770064498969,33.18853079396754,"{""clean"": 200, ""brightness_dark"": 0, ""contrast_low"": 0, ""gaussian_noise"": 0, ""gaussian_blur"": 0}",0.27,3.6867142371729527,11.11111111111111,20.04081632653061,0.62,0.425,0.0,0.0,0.0
T013-S1,A,brightness_dark,zero,17.54602645421106,17.64080058514529,18.259971708810973,"{""clean"": 200, ""brightness_dark"": 0, ""contrast_low"": 0, ""gaussian_noise"": 0, ""gaussian_blur"": 0}",0.105,12.5,24.27937915742794,45.07142857142857,0.85,0.715,0.0,0.0,0.0
T013-S1,A,contrast_low,zero,19.95526398771052,20.08777179333732,20.058068667099974,"{""clean"": 200, ""brightness_dark"": 0, ""contrast_low"": 0, ""gaussian_noise"": 0, ""gaussian_blur"": 0}",0.065,10.457963089542037,18.824404761904763,31.423969072164937,0.895,0.73,0.0,0.0,0.0
T013-S1,A,gaussian_noise,zero,30.67664385146025,30.746725181195558,29.49990098428897,"{""clean"": 200, ""brightness_dark"": 0, ""contrast_low"": 0, ""gaussian_noise"": 0, ""gaussian_blur"": 0}",0.25,5.025252525252525,11.142322097378276,19.499999999999996,0.68,0.5,0.0,0.0,0.0
T013-S1,A,gaussian_blur,zero,30.901579176174376,30.992752177671388,30.511363707299605,"{""clean"": 200, ""brightness_dark"": 0, ""contrast_low"": 0, ""gaussian_noise"": 0, ""gaussian_blur"": 0}",0.145,6.639118457300276,14.285714285714286,26.367137355584077,0.785,0.585,0.0,0.0,0.0
T013-S1,B,clean,zero,34.13868991976854,34.21770064498969,33.18853079396754,"{""clean"": 200, ""brightness_dark"": 0, ""contrast_low"": 0, ""gaussian_noise"": 0, ""gaussian_blur"": 0}",0.265,3.0303030303030303,11.11111111111111,22.012798138452588,0.625,0.41,0.0,0.0,0.0
T013-S1,B,brightness_dark,zero,17.54602645421106,17.64080058514529,18.259971708810973,"{""clean"": 200, ""brightness_dark"": 0, ""contrast_low"": 0, ""gaussian_noise"": 0, ""gaussian_blur"": 0}",0.115,11.942959001782532,23.291589363017934,45.74285714285714,0.845,0.705,0.0,0.0,0.0
T013-S1,B,contrast_low,zero,19.95526398771052,20.08777179333732,20.058068667099974,"{""clean"": 200, ""brightness_dark"": 0, ""contrast_low"": 0, ""gaussian_noise"": 0, ""gaussian_blur"": 0}",0.08,10.372646945831733,18.074866310160427,32.02916666666666,0.865,0.715,0.0,0.0,0.0
T013-S1,B,gaussian_noise,zero,30.67664385146025,30.746725181195558,29.49990098428897,"{""clean"": 200, ""brightness_dark"": 0, ""contrast_low"": 0, ""gaussian_noise"": 0, ""gaussian_blur"": 0}",0.245,4.571577847439917,11.11111111111111,20.412801484230055,0.675,0.485,0.0,0.0,0.0
T013-S1,B,gaussian_blur,zero,30.901579176174376,30.992752177671388,30.511363707299605,"{""clean"": 200, ""brightness_dark"": 0, ""contrast_low"": 0, ""gaussian_noise"": 0, ""gaussian_blur"": 0}",0.15,5.798319327731093,14.699014011416711,26.31578947368421,0.76,0.565,0.0,0.0,0.0
T013-S2,A,clean,zero,34.13868991976854,34.21770064498969,33.18853079396754,"{""clean"": 200, ""brightness_dark"": 0, ""contrast_low"": 0, ""gaussian_noise"": 0, ""gaussian_blur"": 0}",0.265,3.723207686622321,10.91221927070756,20.0,0.615,0.43,0.0,0.0,0.0
T013-S2,A,brightness_dark,zero,17.54602645421106,17.64080058514529,18.259971708810973,"{""clean"": 200, ""brightness_dark"": 0, ""contrast_low"": 0, ""gaussian_noise"": 0, ""gaussian_blur"": 0}",0.115,11.829836829836829,23.617681845062094,44.49999999999999,0.84,0.745,0.0,0.0,0.0
T013-S2,A,contrast_low,zero,19.95526398771052,20.08777179333732,20.058068667099974,"{""clean"": 200, ""brightness_dark"": 0, ""contrast_low"": 0, ""gaussian_noise"": 0, ""gaussian_blur"": 0}",0.08,10.526315789473685,19.391716997411564,31.282894736842103,0.86,0.735,0.0,0.0,0.0
T013-S2,A,gaussian_noise,zero,30.67664385146025,30.746725181195558,29.49990098428897,"{""clean"": 200, ""brightness_dark"": 0, ""contrast_low"": 0, ""gaussian_noise"": 0, ""gaussian_blur"": 0}",0.235,4.733893557422969,11.009485094850948,18.92557651991614,0.68,0.495,0.0,0.0,0.0
T013-S2,A,gaussian_blur,zero,30.901579176174376,30.992752177671388,30.511363707299605,"{""clean"": 200, ""brightness_dark"": 0, ""contrast_low"": 0, ""gaussian_noise"": 0, ""gaussian_blur"": 0}",0.145,6.15530303030303,13.8348588863463,26.604823747680886,0.775,0.58,0.0,0.0,0.0
T013-S2,B,clean,zero,34.13868991976854,34.21770064498969,33.18853079396754,"{""clean"": 200, ""brightness_dark"": 0, ""contrast_low"": 0, ""gaussian_noise"": 0, ""gaussian_blur"": 0}",0.28,3.371212121212121,10.90269183168317,20.0,0.615,0.44,0.0,0.0,0.0
T013-S2,B,brightness_dark,zero,17.54602645421106,17.64080058514529,18.259971708810973,"{""clean"": 200, ""brightness_dark"": 0, ""contrast_low"": 0, ""gaussian_noise"": 0, ""gaussian_blur"": 0}",0.105,11.829836829836829,23.20656871218669,42.339181286549696,0.83,0.73,0.0,0.0,0.0
T013-S2,B,contrast_low,zero,19.95526398771052,20.08777179333732,20.058068667099974,"{""clean"": 200, ""brightness_dark"": 0, ""contrast_low"": 0, ""gaussian_noise"": 0, ""gaussian_blur"": 0}",0.085,9.938271604938272,17.44568097509274,31.94179505991685,0.85,0.705,0.0,0.0,0.0
T013-S2,B,gaussian_noise,zero,30.67664385146025,30.746725181195558,29.49990098428897,"{""clean"": 200, ""brightness_dark"": 0, ""contrast_low"": 0, ""gaussian_noise"": 0, ""gaussian_blur"": 0}",0.235,4.733893557422969,11.11111111111111,18.98113207547169,0.685,0.49,0.0,0.0,0.0
T013-S2,B,gaussian_blur,zero,30.901579176174376,30.992752177671388,30.511363707299605,"{""clean"": 200, ""brightness_dark"": 0, ""contrast_low"": 0, ""gaussian_noise"": 0, ""gaussian_blur"": 0}",0.15,5.48048048048048,14.148351648351648,26.604823747680886,0.78,0.555,0.0,0.0,0.0
T013-S3,A,clean,zero,34.13868991976854,34.21770064498969,33.18853079396754,"{""clean"": 200, ""brightness_dark"": 0, ""contrast_low"": 0, ""gaussian_noise"": 0, ""gaussian_blur"": 0}",0.265,3.841991341991342,10.031645569620252,20.04081632653061,0.64,0.435,0.0,0.0,0.0
T013-S3,A,brightness_dark,zero,17.54602645421106,17.64080058514529,18.259971708810973,"{""clean"": 200, ""brightness_dark"": 0, ""contrast_low"": 0, ""gaussian_noise"": 0, ""gaussian_blur"": 0}",0.1,11.180555555555555,23.932210031347964,44.64446444644464,0.84,0.755,0.0,0.0,0.0
T013-S3,A,contrast_low,zero,19.95526398771052,20.08777179333732,20.058068667099974,"{""clean"": 200, ""brightness_dark"": 0, ""contrast_low"": 0, ""gaussian_noise"": 0, ""gaussian_blur"": 0}",0.1,10.532041139240507,20.0,31.619047619047606,0.86,0.71,0.0,0.0,0.0
T013-S3,A,gaussian_noise,zero,30.67664385146025,30.746725181195558,29.49990098428897,"{""clean"": 200, ""brightness_dark"": 0, ""contrast_low"": 0, ""gaussian_noise"": 0, ""gaussian_blur"": 0}",0.265,5.0,10.996955859969558,18.25042881646655,0.665,0.495,0.0,0.0,0.0
T013-S3,A,gaussian_blur,zero,30.901579176174376,30.992752177671388,30.511363707299605,"{""clean"": 200, ""brightness_dark"": 0, ""contrast_low"": 0, ""gaussian_noise"": 0, ""gaussian_blur"": 0}",0.145,5.555555555555555,14.337474120082817,26.392543859649116,0.785,0.54,0.0,0.0,0.0
T013-S3,B,clean,zero,34.13868991976854,34.21770064498969,33.18853079396754,"{""clean"": 200, ""brightness_dark"": 0, ""contrast_low"": 0, ""gaussian_noise"": 0, ""gaussian_blur"": 0}",0.285,3.3337449067786142,9.876543209876543,20.7625786163522,0.6,0.42,0.0,0.0,0.0
T013-S3,B,brightness_dark,zero,17.54602645421106,17.64080058514529,18.259971708810973,"{""clean"": 200, ""brightness_dark"": 0, ""contrast_low"": 0, ""gaussian_noise"": 0, ""gaussian_blur"": 0}",0.09,11.11111111111111,23.574604743083004,44.64446444644464,0.84,0.74,0.0,0.0,0.0
T013-S3,B,contrast_low,zero,19.95526398771052,20.08777179333732,20.058068667099974,"{""clean"": 200, ""brightness_dark"": 0, ""contrast_low"": 0, ""gaussian_noise"": 0, ""gaussian_blur"": 0}",0.085,9.79608156737305,18.859026369168358,31.282894736842103,0.85,0.69,0.0,0.0,0.0
T013-S3,B,gaussian_noise,zero,30.67664385146025,30.746725181195558,29.49990098428897,"{""clean"": 200, ""brightness_dark"": 0, ""contrast_low"": 0, ""gaussian_noise"": 0, ""gaussian_blur"": 0}",0.265,4.84375,10.996955859969558,18.87302396736359,0.66,0.485,0.0,0.0,0.0
T013-S3,B,gaussian_blur,zero,30.901579176174376,30.992752177671388,30.511363707299605,"{""clean"": 200, ""brightness_dark"": 0, ""contrast_low"": 0, ""gaussian_noise"": 0, ""gaussian_blur"": 0}",0.13,5.5300713557594285,14.437689969604865,26.54135338345863,0.79,0.535,0.0,0.0,0.0
T013-S0,A,clean,class_context_only,40.40429062829736,40.46811623113239,39.26281780414981,"{""clean"": 24, ""brightness_dark"": 78, ""contrast_low"": 15, ""gaussian_noise"": 71, ""gaussian_blur"": 12}",0.765,0.0,0.0,4.016666666666666,0.16,0.075,6.2656007085288214,1.0227354621788538,1.0
T013-S0,A,brightness_dark,class_context_only,35.50801577206684,35.56752443646519,34.810872592009794,"{""clean"": 3, ""brightness_dark"": 124, ""contrast_low"": 38, ""gaussian_noise"": 27, ""gaussian_blur"": 8}",0.875,0.0,0.0,1.289900575614861,0.075,0.035,17.961989317855778,1.0016762465936868,1.0
T013-S0,A,contrast_low,class_context_only,33.678637218608394,33.76554292173682,33.549876122816244,"{""clean"": 3, ""brightness_dark"": 59, ""contrast_low"": 89, ""gaussian_noise"": 37, ""gaussian_blur"": 12}",0.875,0.0,0.0,1.962725684333139,0.095,0.04,13.72337323089787,1.013265812267552,1.0
T013-S0,A,gaussian_noise,class_context_only,37.56589973459118,37.62218232595252,36.25527549880916,"{""clean"": 23, ""brightness_dark"": 72, ""contrast_low"": 10, ""gaussian_noise"": 89, ""gaussian_blur"": 6}",0.82,0.0,0.0,2.7999999999999985,0.13,0.06,6.8892558831309305,1.0068626507820668,1.0
T013-S0,A,gaussian_blur,class_context_only,40.03716117435993,40.095751047277076,39.628322892123755,"{""clean"": 11, ""brightness_dark"": 79, ""contrast_low"": 33, ""gaussian_noise"": 47, ""gaussian_blur"": 30}",0.82,0.0,0.0,2.83224097057593,0.13,0.075,9.135581998185552,0.9985167754277684,1.0
T013-S0,B,clean,class_context_only,40.28597679678205,40.34842742203604,39.19483990662208,"{""clean"": 25, ""brightness_dark"": 81, ""contrast_low"": 11, ""gaussian_noise"": 67, ""gaussian_blur"": 16}",0.8,0.0,0.0,3.683704674530362,0.13,0.075,6.147286877013512,0.9966348579108071,1.0
T013-S0,B,brightness_dark,class_context_only,35.49213455905088,35.55422567989893,34.70718537653452,"{""clean"": 2, ""brightness_dark"": 134, ""contrast_low"": 28, ""gaussian_noise"": 28, ""gaussian_blur"": 8}",0.89,0.0,0.0,1.1265822784810118,0.07,0.05,17.946108104839823,1.0133702002977563,1.0
T013-S0,B,contrast_low,class_context_only,33.61540800919098,33.699049138905515,33.12262195375905,"{""clean"": 2, ""brightness_dark"": 63, ""contrast_low"": 82, ""gaussian_noise"": 38, ""gaussian_blur"": 15}",0.87,0.0,0.0,1.862745098039215,0.095,0.045,13.66014402148046,1.01870259443313,1.0
T013-S0,B,gaussian_noise,class_context_only,37.61361757409678,37.66872797393444,36.31562958381814,"{""clean"": 21, ""brightness_dark"": 72, ""contrast_low"": 8, ""gaussian_noise"": 91, ""gaussian_blur"": 8}",0.82,0.0,0.0,2.7548419979612637,0.125,0.06,6.936973722636533,1.0057216145849146,1.0
T013-S0,B,gaussian_blur,class_context_only,39.93283968918552,39.98936099474699,39.442278711721144,"{""clean"": 8, ""brightness_dark"": 80, ""contrast_low"": 32, ""gaussian_noise"": 49, ""gaussian_blur"": 31}",0.78,0.0,0.0,3.925451368666278,0.16,0.085,9.031260513011144,1.0081740151378868,1.0
T013-S1,A,clean,class_context_only,40.40375658962944,40.46811623113239,39.27346938557198,"{""clean"": 25, ""brightness_dark"": 73, ""contrast_low"": 15, ""gaussian_noise"": 74, ""gaussian_blur"": 13}",0.78,0.0,0.0,3.003030303030303,0.15,0.065,6.265066669860899,1.0172732633054489,1.0
T013-S1,A,brightness_dark,class_context_only,35.45467836161357,35.51432941020015,34.81747759766046,"{""clean"": 1, ""brightness_dark"": 127, ""contrast_low"": 38, ""gaussian_noise"": 27, ""gaussian_blur"": 7}",0.86,0.0,0.0,2.0833333333333335,0.105,0.05,17.908651907402508,0.9991023371587784,1.0
T013-S1,A,contrast_low,class_context_only,33.7743036197386,33.85863421770065,33.576006823676245,"{""clean"": 3, ""brightness_dark"": 57, ""contrast_low"": 91, ""gaussian_noise"": 37, ""gaussian_blur"": 12}",0.855,0.0,0.0,1.8541666666666665,0.095,0.02,13.819039632028085,1.0218020323612436,1.0
T013-S1,A,gaussian_noise,class_context_only,37.68534495060343,37.741871135048875,36.36939543754902,"{""clean"": 21, ""brightness_dark"": 71, ""contrast_low"": 9, ""gaussian_noise"": 89, ""gaussian_blur"": 10}",0.825,0.0,0.0,2.5,0.13,0.06,7.00870109914318,1.0194545604432796,1.0
T013-S1,A,gaussian_blur,class_context_only,39.87690046593489,39.936165968481944,39.36975411966332,"{""clean"": 9, ""brightness_dark"": 77, ""contrast_low"": 33, ""gaussian_noise"": 49, ""gaussian_blur"": 32}",0.77,0.0,0.0,5.362499999999998,0.165,0.105,8.975321289760512,0.9802727858701995,1.0
T013-S1,B,clean,class_context_only,40.23308715569892,40.295232395770995,39.110522632859514,"{""clean"": 27, ""brightness_dark"": 75, ""contrast_low"": 13, ""gaussian_noise"": 70, ""gaussian_blur"": 15}",0.77,0.0,0.0,3.5034482758620658,0.15,0.08,6.094397235930378,1.006530540851989,1.0
T013-S1,B,brightness_dark,class_context_only,35.472723576090914,35.53427754504954,34.69123838154966,"{""clean"": 1, ""brightness_dark"": 140, ""contrast_low"": 27, ""gaussian_noise"": 25, ""gaussian_blur"": 7}",0.85,0.0,0.0,1.3537020517395162,0.08,0.035,17.926697121879858,1.0099818792886637,1.0
T013-S1,B,contrast_low,class_context_only,33.516980157358084,33.599308464658556,32.9304005945733,"{""clean"": 2, ""brightness_dark"": 59, ""contrast_low"": 87, ""gaussian_noise"": 38, ""gaussian_blur"": 14}",0.835,0.0,0.0,1.557532040058826,0.095,0.06,13.561716169647566,1.0261695714190275,1.0
T013-S1,B,gaussian_noise,class_context_only,37.68732479623536,37.741871135048875,36.39458642070981,"{""clean"": 17, ""brightness_dark"": 72, ""contrast_low"": 8, ""gaussian_noise"": 92, ""gaussian_blur"": 11}",0.815,0.0,0.0,3.062794348508634,0.14,0.075,7.01068094477511,1.016391156759153,1.0
T013-S1,B,gaussian_blur,class_context_only,39.8917543753131,39.94946472504821,39.47415724635154,"{""clean"": 8, ""brightness_dark"": 76, ""contrast_low"": 29, ""gaussian_noise"": 51, ""gaussian_blur"": 36}",0.77,0.0,0.0,4.55067920585162,0.15,0.095,8.990175199138722,1.0043217313398312,1.0
T013-S2,A,clean,class_context_only,40.40966329902972,40.47476560941552,39.32557249870277,"{""clean"": 25, ""brightness_dark"": 77, ""contrast_low"": 15, ""gaussian_noise"": 72, ""gaussian_blur"": 11}",0.805,0.0,0.0,2.5584058634906084,0.125,0.065,6.270973379261179,1.018090535442375,1.0
T013-S2,A,brightness_dark,class_context_only,35.474560486779545,35.53427754504954,34.88588155744708,"{""clean"": 1, ""brightness_dark"": 127, ""contrast_low"": 37, ""gaussian_noise"": 27, ""gaussian_blur"": 8}",0.86,0.0,0.0,1.5757415254237281,0.09,0.045,17.928534032568486,0.9998168718693857,1.0
T013-S2,A,contrast_low,class_context_only,33.77245189591778,33.85863421770065,33.59118791859695,"{""clean"": 2, ""brightness_dark"": 59, ""contrast_low"": 87, ""gaussian_noise"": 38, ""gaussian_blur"": 14}",0.865,0.0,0.0,1.420277389528007,0.085,0.035,13.817187908207263,1.0155446053910675,1.0
T013-S2,A,gaussian_noise,class_context_only,37.58505378176651,37.642130460801916,36.34486581174214,"{""clean"": 23, ""brightness_dark"": 73, ""contrast_low"": 9, ""gaussian_noise"": 86, ""gaussian_blur"": 9}",0.815,0.0,0.0,2.0640034364261166,0.11,0.045,6.9084099303062665,1.0108471388833675,1.0
T013-S2,A,gaussian_blur,class_context_only,40.037801795805386,40.095751047277076,39.68483772960376,"{""clean"": 13, ""brightness_dark"": 76, ""contrast_low"": 35, ""gaussian_noise"": 46, ""gaussian_blur"": 30}",0.83,0.0,0.0,3.9231601731601717,0.14,0.08,9.13622261963101,1.006676118375402,1.0
T013-S2,B,clean,class_context_only,40.28503902495728,40.34842742203604,39.205522866451886,"{""clean"": 27, ""brightness_dark"": 77, ""contrast_low"": 12, ""gaussian_noise"": 70, ""gaussian_blur"": 14}",0.78,0.0,0.0,2.481404958677686,0.125,0.075,6.146349105188737,1.00717443683752,1.0
T013-S2,B,brightness_dark,class_context_only,35.432163924702095,35.494381275350754,34.6350454055322,"{""clean"": 1, ""brightness_dark"": 138, ""contrast_low"": 28, ""gaussian_noise"": 25, ""gaussian_blur"": 8}",0.865,0.0,0.0,1.455205811138013,0.09,0.06,17.886137470491036,1.0050482129960943,1.0
T013-S2,B,contrast_low,class_context_only,33.64235038209941,33.72564665203804,33.140968578761516,"{""clean"": 2, ""brightness_dark"": 63, ""contrast_low"": 81, ""gaussian_noise"": 38, ""gaussian_blur"": 16}",0.86,0.0,0.0,1.4191207853179677,0.09,0.04,13.687086394388889,1.026814606310305,1.0
T013-S2,B,gaussian_noise,class_context_only,37.62616396723108,37.682026730500695,36.420627488138905,"{""clean"": 20, ""brightness_dark"": 73, ""contrast_low"": 6, ""gaussian_noise"": 89, ""gaussian_blur"": 12}",0.825,0.0,0.0,2.004081632653061,0.1,0.045,6.949520115770834,1.0056530722887738,1.0
T013-S2,B,gaussian_blur,class_context_only,40.05768457339693,40.11569918212647,39.77143288155569,"{""clean"": 10, ""brightness_dark"": 76, ""contrast_low"": 31, ""gaussian_noise"": 51, ""gaussian_blur"": 32}",0.8,0.0,0.0,2.729462135402728,0.14,0.055,9.15610539722255,1.0182835880723478,1.0
T013-S3,A,clean,class_context_only,40.4296669930239,40.494713744264914,39.39493106101177,"{""clean"": 26, ""brightness_dark"": 74, ""contrast_low"": 13, ""gaussian_noise"": 75, ""gaussian_blur"": 12}",0.795,0.0,0.0,3.311180032491506,0.135,0.075,6.290977073255364,1.0069822969678788,1.0
T013-S3,A,brightness_dark,class_context_only,35.427901298234495,35.487731897067626,34.72400630234315,"{""clean"": 3, ""brightness_dark"": 125, ""contrast_low"": 38, ""gaussian_noise"": 28, ""gaussian_blur"": 6}",0.865,0.0,0.0,1.5757415254237281,0.09,0.06,17.881874844023432,0.9968435360350335,1.0
T013-S3,A,contrast_low,class_context_only,33.73142720707556,33.81873794800186,33.554920801745105,"{""clean"": 2, ""brightness_dark"": 60, ""contrast_low"": 85, ""gaussian_noise"": 39, ""gaussian_blur"": 14}",0.86,0.0,0.0,1.437097159226544,0.09,0.025,13.77616321936504,1.014149244575207,1.0
T013-S3,A,gaussian_noise,class_context_only,37.62530501484868,37.682026730500695,36.26609341028941,"{""clean"": 21, ""brightness_dark"": 72, ""contrast_low"": 9, ""gaussian_noise"": 88, ""gaussian_blur"": 10}",0.83,0.0,0.0,2.6079326079326073,0.125,0.07,6.948661163388433,1.0135943502494127,1.0
T013-S3,A,gaussian_blur,class_context_only,40.03121579357747,40.08910166899395,39.68087098489492,"{""clean"": 13, ""brightness_dark"": 78, ""contrast_low"": 33, ""gaussian_noise"": 44, ""gaussian_blur"": 32}",0.82,0.0,0.0,2.506410256410256,0.11,0.06,9.129636617403099,1.0044680586711288,1.0
T013-S3,B,clean,class_context_only,40.29838341862913,40.361726178602304,39.23825278214076,"{""clean"": 27, ""brightness_dark"": 76, ""contrast_low"": 11, ""gaussian_noise"": 68, ""gaussian_blur"": 18}",0.77,0.0,0.0,2.803151176705222,0.155,0.085,6.159693498860587,0.9942797239508354,1.0
T013-S3,B,brightness_dark,class_context_only,35.37868537670203,35.44118624908571,34.59400308061633,"{""clean"": 2, ""brightness_dark"": 134, ""contrast_low"": 29, ""gaussian_noise"": 29, ""gaussian_blur"": 6}",0.865,0.0,0.0,1.582612090844016,0.09,0.06,17.83265892249097,1.0058242941919664,1.0
T013-S3,B,contrast_low,class_context_only,33.64333121581058,33.72564665203804,33.10618876662911,"{""clean"": 2, ""brightness_dark"": 65, ""contrast_low"": 82, ""gaussian_noise"": 37, ""gaussian_blur"": 14}",0.865,0.0,0.0,1.4191207853179677,0.08,0.035,13.688067228100062,1.0162230136710309,1.0
T013-S3,B,gaussian_noise,class_context_only,37.70790603057215,37.76181926989826,36.40185770291807,"{""clean"": 17, ""brightness_dark"": 72, ""contrast_low"": 7, ""gaussian_noise"": 92, ""gaussian_blur"": 12}",0.815,0.0,0.0,2.27533960292581,0.11,0.06,7.0312621791119,1.0173394710167518,1.0
T013-S3,B,gaussian_blur,class_context_only,40.045106935655994,40.10240042556021,39.68815794489585,"{""clean"": 10, ""brightness_dark"": 78, ""contrast_low"": 31, ""gaussian_noise"": 49, ""gaussian_blur"": 32}",0.8,0.0,0.0,2.8960396039603893,0.14,0.08,9.143527759481618,1.0146108518014247,1.0
T013-S0,A,clean,P00,40.265006000742666,40.328479287186646,39.180077362361885,"{""clean"": 25, ""brightness_dark"": 78, ""contrast_low"": 12, ""gaussian_noise"": 68, ""gaussian_blur"": 17}",0.765,0.0,0.0,3.9294117647058817,0.145,0.08,6.126316080974129,1.0,0.9777699483203429
T013-S0,A,clean,P01,36.188022687700176,36.26570915619389,35.06793883570198,"{""clean"": 91, ""brightness_dark"": 0, ""contrast_low"": 0, ""gaussian_noise"": 81, ""gaussian_blur"": 28}",0.46,1.5407319952774499,6.760725229826353,16.69811320754717,0.47,0.305,2.0493327679316335,0.33451306475942955,0.327076822042307
T013-S0,A,clean,P11,35.357386760168964,35.43453687080258,34.249879485684374,"{""clean"": 88, ""brightness_dark"": 0, ""contrast_low"": 0, ""gaussian_noise"": 72, ""gaussian_blur"": 40}",0.425,2.1627308861351415,8.384146341463415,20.04081632653061,0.51,0.345,1.2186968404004257,0.198928168950539,0.19450598547422895
T013-S0,A,clean,zero_hard,35.7060865349167,35.7869539198085,34.74935150618162,"{""clean"": 99, ""brightness_dark"": 0, ""contrast_low"": 2, ""gaussian_noise"": 71, ""gaussian_blur"": 28}",0.445,1.6739039081103795,7.280219780219781,18.144444444444435,0.475,0.325,1.5673966151481604,0.25584651435401173,0.2501590331178619
T013-S0,A,clean,uniform,34.32098622560271,34.403883236917345,33.15440209330923,"{""clean"": 0, ""brightness_dark"": 0, ""contrast_low"": 0, ""gaussian_noise"": 186, ""gaussian_blur"": 14}",0.38,3.101520706858208,9.090909090909092,23.740031897926634,0.55,0.43,0.18229630583417034,0.029756268436803197,0.029094785051659314
T013-S0,A,brightness_dark,P00,35.477957433844004,35.53427754504954,34.91827622298401,"{""clean"": 7, ""brightness_dark"": 129, ""contrast_low"": 33, ""gaussian_noise"": 25, ""gaussian_blur"": 6}",0.885,0.0,0.0,0.9709916251972306,0.065,0.035,17.93193097963294,1.0,0.9983265585069158
T013-S0,A,brightness_dark,P01,32.296535703287994,32.36252410399628,31.268558897347983,"{""clean"": 0, ""brightness_dark"": 200, ""contrast_low"": 0, ""gaussian_noise"": 0, ""gaussian_blur"": 0}",0.7,0.0,2.295096635647817,14.357142857142854,0.255,0.215,14.75050924907693,0.82258342762029,0.8212068823809868
T013-S0,A,brightness_dark,P11,32.296535703287994,32.36252410399628,31.268558897347983,"{""clean"": 0, ""brightness_dark"": 200, ""contrast_low"": 0, ""gaussian_noise"": 0, ""gaussian_blur"": 0}",0.7,0.0,2.295096635647817,14.357142857142854,0.255,0.215,14.75050924907693,0.82258342762029,0.8212068823809868
T013-S0,A,brightness_dark,zero_hard,22.206998393318393,22.282066626770398,22.162221358588337,"{""clean"": 26, ""brightness_dark"": 4, ""contrast_low"": 0, ""gaussian_noise"": 118, ""gaussian_blur"": 52}",0.175,10.0,19.579414838035525,31.178854300976237,0.745,0.65,4.660971939107335,0.2599258241848722,0.25949085352555706
T013-S0,A,brightness_dark,uniform,32.296535703287994,32.36252410399628,31.268558897347983,"{""clean"": 0, ""brightness_dark"": 200, ""contrast_low"": 0, ""gaussian_noise"": 0, ""gaussian_blur"": 0}",0.7,0.0,2.295096635647817,14.357142857142854,0.255,0.215,14.75050924907693,0.82258342762029,0.8212068823809868
T013-S0,A,contrast_low,P00,33.49896897089437,33.58600970809229,33.359923180163435,"{""clean"": 4, ""brightness_dark"": 56, ""contrast_low"": 87, ""gaussian_noise"": 42, ""gaussian_blur"": 11}",0.835,0.0,0.0,2.5320654577620516,0.12,0.045,13.543704983183844,1.0,0.9869078655305018
T013-S0,A,contrast_low,P01,28.620132167300067,28.698716669991356,27.392721188969496,"{""clean"": 0, ""brightness_dark"": 0, ""contrast_low"": 197, ""gaussian_noise"": 0, ""gaussian_blur"": 3}",0.515,0.0,9.160602910602911,22.10594315245478,0.455,0.335,8.664868179589547,0.6397708891583236,0.6313949226477925
T013-S0,A,contrast_low,P11,28.620132167300067,28.698716669991356,27.392721188969496,"{""clean"": 0, ""brightness_dark"": 0, ""contrast_low"": 197, ""gaussian_noise"": 0, ""gaussian_blur"": 3}",0.515,0.0,9.160602910602911,22.10594315245478,0.455,0.335,8.664868179589547,0.6397708891583236,0.6313949226477925
T013-S0,A,contrast_low,zero_hard,22.979967671419395,23.106589533878584,22.971486158845842,"{""clean"": 45, ""brightness_dark"": 0, ""contrast_low"": 11, ""gaussian_noise"": 116, ""gaussian_blur"": 28}",0.295,6.944444444444445,17.46564962618711,30.34965034965035,0.66,0.56,3.024703683708876,0.22332911765756955,0.2204052628182423
T013-S0,A,contrast_low,uniform,28.561473420506015,28.63887226544318,27.361031048124428,"{""clean"": 0, ""brightness_dark"": 0, ""contrast_low"": 200, ""gaussian_noise"": 0, ""gaussian_blur"": 0}",0.51,0.0,9.160602910602911,22.10594315245478,0.46,0.34,8.606209432795497,0.6354398182388904,0.6271205546912334
T013-S0,A,gaussian_noise,P00,37.518943422091645,37.57563667797061,36.27047373143146,"{""clean"": 27, ""brightness_dark"": 74, ""contrast_low"": 9, ""gaussian_noise"": 84, ""gaussian_blur"": 6}",0.815,0.0,0.0,3.0937007874015694,0.14,0.065,6.842299570631401,1.0,0.993184124193368
T013-S0,A,gaussian_noise,P01,33.04130637748285,33.113903849990024,31.846797801579147,"{""clean"": 40, ""brightness_dark"": 0, ""contrast_low"": 0, ""gaussian_noise"": 160, ""gaussian_blur"": 0}",0.495,0.7367280606717226,6.309808612440191,18.200371057513916,0.425,0.29,2.3646625260226,0.3455947085643886,0.34323917795138453
T013-S0,A,gaussian_noise,P11,33.04130637748285,33.113903849990024,31.846797801579147,"{""clean"": 40, ""brightness_dark"": 0, ""contrast_low"": 0, ""gaussian_noise"": 160, ""gaussian_blur"": 0}",0.495,0.7367280606717226,6.309808612440191,18.200371057513916,0.425,0.29,2.3646625260226,0.3455947085643886,0.34323917795138453
T013-S0,A,gaussian_noise,zero_hard,32.84802391099708,32.92107187977924,31.488096552743688,"{""clean"": 95, ""brightness_dark"": 0, ""contrast_low"": 1, ""gaussian_noise"": 86, ""gaussian_blur"": 18}",0.44,1.2916666666666665,7.6923076923076925,17.452173913043474,0.455,0.33,2.171380059536831,0.3173465349071903,0.3151835403375978
T013-S0,A,gaussian_noise,uniform,32.499557590179315,32.575304209056455,31.38728201450004,"{""clean"": 0, ""brightness_dark"": 0, ""contrast_low"": 0, ""gaussian_noise"": 200, ""gaussian_blur"": 0}",0.505,0.0,7.172446443366079,18.92557651991614,0.44,0.31,1.8229137387190708,0.2664182881649033,0.26460241420015584
T013-S0,A,gaussian_blur,P00,40.050731421785706,40.10904980384334,39.640581983159045,"{""clean"": 11, ""brightness_dark"": 80, ""contrast_low"": 35, ""gaussian_noise"": 45, ""gaussian_blur"": 29}",0.81,0.0,0.0,2.83224097057593,0.135,0.07,9.149152245611331,1.0,1.0014854277952379
T013-S0,A,gaussian_blur,P01,34.00988302795514,34.07806370104395,33.14113530570128,"{""clean"": 14, ""brightness_dark"": 0, ""contrast_low"": 19, ""gaussian_noise"": 7, ""gaussian_blur"": 160}",0.31,4.246303642264696,11.413156256484747,20.11267605633802,0.635,0.46,3.1083038517807644,0.33973681586419735,0.3402414703735476
T013-S0,A,gaussian_blur,P11,32.15118965246794,32.216237781767404,32.244908500353816,"{""clean"": 15, ""brightness_dark"": 0, ""contrast_low"": 23, ""gaussian_noise"": 7, ""gaussian_blur"": 155}",0.28,4.918363233219109,12.265865250209671,22.39436619718309,0.665,0.49,1.249610476293568,0.13658210539593782,0.13678498825162505
T013-S0,A,gaussian_blur,zero_hard,33.89513733643372,33.97832302679699,33.28490905460746,"{""clean"": 54, ""brightness_dark"": 0, ""contrast_low"": 2, ""gaussian_noise"": 74, ""gaussian_blur"": 70}",0.365,3.871128871128871,11.142322097378276,20.0,0.575,0.435,2.993558160259342,0.32719514113400977,0.327681165891117
T013-S0,A,gaussian_blur,uniform,31.263384887993965,31.331870470111046,31.08327200469012,"{""clean"": 0, ""brightness_dark"": 0, ""contrast_low"": 6, ""gaussian_noise"": 2, ""gaussian_blur"": 192}",0.23,5.283094098883573,14.071428571428571,25.0,0.7,0.53,0.3618057118195894,0.03954527174833499,0.0396040133941602
T013-S0,B,clean,P00,40.30673313862579,40.36837555688543,39.20603439804519,"{""clean"": 26, ""brightness_dark"": 83, ""contrast_low"": 10, ""gaussian_noise"": 63, ""gaussian_blur"": 18}",0.82,0.0,0.0,2.6541353383458635,0.12,0.075,6.168043218857249,1.0,1.0033765045066225
T013-S0,B,clean,P01,36.002040043345616,36.07952656426624,34.912958208439164,"{""clean"": 93, ""brightness_dark"": 0, ""contrast_low"": 0, ""gaussian_noise"": 84, ""gaussian_blur"": 23}",0.47,0.9580124679134581,6.863636363636363,18.92557651991614,0.44,0.315,1.8633501235770789,0.3020974492980776,0.30311748269707167
T013-S0,B,clean,P11,35.098890711573326,35.17521111776049,34.059240671111645,"{""clean"": 92, ""brightness_dark"": 0, ""contrast_low"": 0, ""gaussian_noise"": 76, ""gaussian_blur"": 32}",0.44,1.5449773323789073,8.020703611457035,20.513943797414246,0.47,0.35,0.9602007918047876,0.15567348634478012,0.1561991185729849
T013-S0,B,clean,zero_hard,35.47409857468789,35.55422567989893,34.59275763901029,"{""clean"": 102, ""brightness_dark"": 0, ""contrast_low"": 2, ""gaussian_noise"": 71, ""gaussian_blur"": 25}",0.465,0.9580124679134581,7.430555555555555,18.98113207547169,0.445,0.325,1.3354086549193525,0.21650442572073336,0.21723545388988313
T013-S0,B,clean,uniform,34.20201827447402,34.284194427821,33.04768492361947,"{""clean"": 0, ""brightness_dark"": 0, ""contrast_low"": 0, ""gaussian_noise"": 188, ""gaussian_blur"": 12}",0.415,1.9345794392523366,10.112359550561798,22.9505582137161,0.495,0.395,0.063328354705481,0.010267171039247975,0.01030183818853226
T013-S0,B,brightness_dark,P00,35.255357259050946,35.31484806170623,34.583484866115334,"{""clean"": 7, ""brightness_dark"": 135, ""contrast_low"": 28, ""gaussian_noise"": 24, ""gaussian_blur"": 6}",0.875,0.0,0.0,1.4285714285714286,0.085,0.07,17.709330804839887,1.0,0.9868062034054014
T013-S0,B,brightness_dark,P01,32.424807666744606,32.48886229137575,31.338011257580153,"{""clean"": 0, ""brightness_dark"": 200, ""contrast_low"": 0, ""gaussian_noise"": 0, ""gaussian_blur"": 0}",0.715,0.0,1.90625,14.357142857142854,0.24,0.21,14.878781212533545,0.8401662025798985,0.829081220597403
T013-S0,B,brightness_dark,P11,32.424807666744606,32.48886229137575,31.338011257580153,"{""clean"": 0, ""brightness_dark"": 200, ""contrast_low"": 0, ""gaussian_noise"": 0, ""gaussian_blur"": 0}",0.715,0.0,1.90625,14.357142857142854,0.24,0.21,14.878781212533545,0.8401662025798985,0.829081220597403
T013-S0,B,brightness_dark,zero_hard,22.26640346801,22.34191103131857,22.305990949935776,"{""clean"": 26, ""brightness_dark"": 4, ""contrast_low"": 0, ""gaussian_noise"": 118, ""gaussian_blur"": 52}",0.185,9.79608156737305,20.113636363636363,30.998116760828616,0.735,0.64,4.720377013798939,0.2665474526292591,0.2630306797564603
T013-S0,B,brightness_dark,uniform,32.424807666744606,32.48886229137575,31.338011257580153,"{""clean"": 0, ""brightness_dark"": 200, ""contrast_low"": 0, ""gaussian_noise"": 0, ""gaussian_blur"": 0}",0.715,0.0,1.90625,14.357142857142854,0.24,0.21,14.878781212533545,0.8401662025798985,0.829081220597403
T013-S0,B,contrast_low,P00,33.36461829399048,33.44637276414655,32.97278328483835,"{""clean"": 3, ""brightness_dark"": 61, ""contrast_low"": 80, ""gaussian_noise"": 42, ""gaussian_blur"": 14}",0.825,0.0,0.0,2.3451240961500868,0.12,0.065,13.409354306279962,1.0,0.9816407707849834
T013-S0,B,contrast_low,P01,28.215705251727467,28.293104594720393,26.887305336825797,"{""clean"": 0, ""brightness_dark"": 0, ""contrast_low"": 196, ""gaussian_noise"": 0, ""gaussian_blur"": 4}",0.485,1.7740429505135387,9.222027972027973,22.53741496598639,0.495,0.385,8.260441264016947,0.6160208072172692,0.6047111400163477
T013-S0,B,contrast_low,P11,28.215705251727467,28.293104594720393,26.887305336825797,"{""clean"": 0, ""brightness_dark"": 0, ""contrast_low"": 196, ""gaussian_noise"": 0, ""gaussian_blur"": 4}",0.485,1.7740429505135387,9.222027972027973,22.53741496598639,0.495,0.385,8.260441264016947,0.6160208072172692,0.6047111400163477
T013-S0,B,contrast_low,zero_hard,22.88490564661644,23.013498237914757,22.58858022050239,"{""clean"": 27, ""brightness_dark"": 0, ""contrast_low"": 8, ""gaussian_noise"": 142, ""gaussian_blur"": 23}",0.285,7.417582417582418,18.12962962962963,27.820512820512818,0.665,0.565,2.9296416589059198,0.21847745924156017,0.2144663814890299
T013-S0,B,contrast_low,uniform,28.1116255098242,28.186714542190305,26.830967308656785,"{""clean"": 0, ""brightness_dark"": 0, ""contrast_low"": 200, ""gaussian_noise"": 0, ""gaussian_blur"": 0}",0.475,2.299154334038055,9.222027972027973,22.53741496598639,0.505,0.39,8.15636152211368,0.6082590806250705,0.5970919127417597
T013-S0,B,gaussian_noise,P00,37.574152686944096,37.62883170423565,36.30323225066275,"{""clean"": 25, ""brightness_dark"": 73, ""contrast_low"": 5, ""gaussian_noise"": 87, ""gaussian_blur"": 10}",0.805,0.0,0.0,3.014960629921259,0.125,0.06,6.897508835483851,1.0,0.9943109360463769
T013-S0,B,gaussian_noise,P01,32.949044231128326,33.0208125540262,31.690859287500256,"{""clean"": 38, ""brightness_dark"": 0, ""contrast_low"": 0, ""gaussian_noise"": 162, ""gaussian_blur"": 0}",0.49,0.8,7.115009746588694,18.92557651991614,0.43,0.3,2.2724003796680803,0.32945233327978396,0.3275780578860849
T013-S0,B,gaussian_noise,P11,32.949044231128326,33.0208125540262,31.690859287500256,"{""clean"": 38, ""brightness_dark"": 0, ""contrast_low"": 0, ""gaussian_noise"": 162, ""gaussian_blur"": 0}",0.49,0.8,7.115009746588694,18.92557651991614,0.43,0.3,2.2724003796680803,0.32945233327978396,0.3275780578860849
T013-S0,B,gaussian_noise,zero_hard,32.583069833833555,32.65509674845402,31.19384923101133,"{""clean"": 97, ""brightness_dark"": 0, ""contrast_low"": 1, ""gaussian_noise"": 84, ""gaussian_blur"": 18}",0.435,1.694915254237288,8.078585147247118,19.456521739130434,0.485,0.34,1.9064259823733065,0.27639340925027944,0.2748209894686947
T013-S0,B,gaussian_noise,uniform,32.40677112345036,32.482212913092624,31.267717362254558,"{""clean"": 0, ""brightness_dark"": 0, ""contrast_low"": 0, ""gaussian_noise"": 200, ""gaussian_blur"": 0}",0.5,0.38461538461538464,7.858201581027668,20.04081632653061,0.435,0.325,1.7301272719901184,0.25083364345828374,0.2494066348189293
T013-S0,B,gaussian_blur,P00,39.85961655603677,39.91621783363256,39.34144302741569,"{""clean"": 8, ""brightness_dark"": 83, ""contrast_low"": 32, ""gaussian_noise"": 45, ""gaussian_blur"": 32}",0.785,0.0,0.0,3.972519700949686,0.155,0.09,8.958037379862395,1.0,0.9918922576706474
T013-S0,B,gaussian_blur,P01,34.037887824152286,34.104661214176474,33.101100177887695,"{""clean"": 11, ""brightness_dark"": 0, ""contrast_low"": 12, ""gaussian_noise"": 12, ""gaussian_blur"": 165}",0.315,4.086317722681359,11.413156256484747,21.135296628254373,0.64,0.46,3.1363086479779074,0.3501111365116993,0.3472725256302256
T013-S0,B,gaussian_blur,P11,32.58409793616873,32.65509674845402,32.42602675176076,"{""clean"": 12, ""brightness_dark"": 0, ""contrast_low"": 14, ""gaussian_noise"": 12, ""gaussian_blur"": 162}",0.295,4.540768992887331,11.5608228980322,22.22222222222222,0.66,0.48,1.682518759994352,0.18782225264840294,0.18629943822021114
T013-S0,B,gaussian_blur,zero_hard,33.89652150886489,33.97832302679699,33.50274390062332,"{""clean"": 42, ""brightness_dark"": 0, ""contrast_low"": 0, ""gaussian_noise"": 89, ""gaussian_blur"": 69}",0.37,3.8314738696418087,11.291613316261202,20.498175471997456,0.57,0.435,2.994942332690515,0.33433018926926167,0.3316195262417428
T013-S0,B,gaussian_blur,uniform,31.71666431644708,31.790677571647052,31.268373900545146,"{""clean"": 0, ""brightness_dark"": 0, ""contrast_low"": 4, ""gaussian_noise"": 2, ""gaussian_blur"": 194}",0.245,5.228981544771019,13.282312925170068,25.043859649122805,0.695,0.525,0.8150851402727047,0.09098925419813612,0.09025153677035767
T013-S1,A,clean,P00,40.29737598363271,40.361726178602304,39.19707815945821,"{""clean"": 25, ""brightness_dark"": 77, ""contrast_low"": 11, ""gaussian_noise"": 71, ""gaussian_blur"": 16}",0.775,0.0,0.0,3.3917565485362093,0.14,0.075,6.158686063864175,1.0,0.9830200360822199
T013-S1,A,clean,P01,36.32053687622877,36.39869672185651,35.16563475682113,"{""clean"": 93, ""brightness_dark"": 0, ""contrast_low"": 0, ""gaussian_noise"": 83, ""gaussian_blur"": 24}",0.49,0.8831310301898537,6.25,16.277650648360012,0.42,0.29,2.181846956460232,0.35427150106937993,0.3482559837641241
T013-S1,A,clean,P11,35.46339332775654,35.54092692333267,34.333029952258066,"{""clean"": 90, ""brightness_dark"": 0, ""contrast_low"": 0, ""gaussian_noise"": 74, ""gaussian_blur"": 36}",0.45,1.1771222822323777,7.848011363636363,21.18505839710028,0.455,0.325,1.3247034079880036,0.2150951346198086,0.2114428269950742
T013-S1,A,clean,zero_hard,35.76646892347847,35.84679832435667,34.770338458447455,"{""clean"": 100, ""brightness_dark"": 0, ""contrast_low"": 2, ""gaussian_noise"": 70, ""gaussian_blur"": 28}",0.49,0.968013468013468,7.410881801125704,20.0,0.43,0.31,1.627779003709932,0.26430621512936914,0.2598183051332274
T013-S1,A,clean,uniform,34.32098622560271,34.403883236917345,33.15440209330923,"{""clean"": 0, ""brightness_dark"": 0, ""contrast_low"": 0, ""gaussian_noise"": 186, ""gaussian_blur"": 14}",0.375,2.016210739614995,9.932432432432432,25.0,0.5,0.4,0.18229630583417034,0.029599869833240255,0.029097265111500847
T013-S1,A,brightness_dark,P00,35.47076873669903,35.527628166766405,34.87395511517759,"{""clean"": 4, ""brightness_dark"": 132, ""contrast_low"": 33, ""gaussian_noise"": 25, ""gaussian_blur"": 6}",0.875,0.0,0.0,1.623486238532109,0.09,0.05,17.924742282487973,1.0,1.0008984693637835
T013-S1,A,brightness_dark,P01,32.296535703287994,32.36252410399628,31.268558897347983,"{""clean"": 0, ""brightness_dark"": 200, ""contrast_low"": 0, ""gaussian_noise"": 0, ""gaussian_blur"": 0}",0.7,0.0,1.843436508616994,14.285714285714286,0.24,0.215,14.75050924907693,0.8229133237518184,0.8236526861622586
T013-S1,A,brightness_dark,P11,32.296535703287994,32.36252410399628,31.268558897347983,"{""clean"": 0, ""brightness_dark"": 200, ""contrast_low"": 0, ""gaussian_noise"": 0, ""gaussian_blur"": 0}",0.7,0.0,1.843436508616994,14.285714285714286,0.24,0.215,14.75050924907693,0.8229133237518184,0.8236526861622586
T013-S1,A,brightness_dark,zero_hard,22.20053110446495,22.275417248487265,22.15870023182777,"{""clean"": 25, ""brightness_dark"": 4, ""contrast_low"": 0, ""gaussian_noise"": 119, ""gaussian_blur"": 52}",0.19,9.918032786885245,18.951380897583427,32.233050847457626,0.76,0.68,4.654504650253889,0.25966926480171626,0.2599025696808568
T013-S1,A,brightness_dark,uniform,32.296535703287994,32.36252410399628,31.268558897347983,"{""clean"": 0, ""brightness_dark"": 200, ""contrast_low"": 0, ""gaussian_noise"": 0, ""gaussian_blur"": 0}",0.7,0.0,1.843436508616994,14.285714285714286,0.24,0.215,14.75050924907693,0.8229133237518184,0.8236526861622586
T013-S1,A,contrast_low,P00,33.479448902565494,33.566061573242905,33.34605069902066,"{""clean"": 4, ""brightness_dark"": 57, ""contrast_low"": 87, ""gaussian_noise"": 42, ""gaussian_blur"": 10}",0.815,0.0,0.0,2.7114941133632655,0.12,0.055,13.524184914854976,1.0,0.9786631542404921
T013-S1,A,contrast_low,P01,28.561473420506015,28.63887226544318,27.361031048124428,"{""clean"": 0, ""brightness_dark"": 0, ""contrast_low"": 198, ""gaussian_noise"": 0, ""gaussian_blur"": 2}",0.47,1.3636363636363638,8.545296167247386,22.477665276950564,0.475,0.335,8.606209432795497,0.6363569772949813,0.6227791266224516
T013-S1,A,contrast_low,P11,28.561473420506015,28.63887226544318,27.361031048124428,"{""clean"": 0, ""brightness_dark"": 0, ""contrast_low"": 198, ""gaussian_noise"": 0, ""gaussian_blur"": 2}",0.47,1.3636363636363638,8.545296167247386,22.477665276950564,0.475,0.335,8.606209432795497,0.6363569772949813,0.6227791266224516
T013-S1,A,contrast_low,zero_hard,23.24968389024381,23.379214043486932,22.990003081633358,"{""clean"": 43, ""brightness_dark"": 0, ""contrast_low"": 10, ""gaussian_noise"": 118, ""gaussian_blur"": 29}",0.29,6.57681316135012,18.28748890860692,30.576923076923077,0.65,0.52,3.29441990253329,0.24359471001573607,0.23839716726029825
T013-S1,A,contrast_low,uniform,28.561473420506015,28.63887226544318,27.361031048124428,"{""clean"": 0, ""brightness_dark"": 0, ""contrast_low"": 200, ""gaussian_noise"": 0, ""gaussian_blur"": 0}",0.47,1.3636363636363638,8.545296167247386,22.477665276950564,0.475,0.335,8.606209432795497,0.6363569772949813,0.6227791266224516
T013-S1,A,gaussian_noise,P00,37.55159578271224,37.608883569386265,36.29649956783592,"{""clean"": 29, ""brightness_dark"": 72, ""contrast_low"": 8, ""gaussian_noise"": 84, ""gaussian_blur"": 7}",0.805,0.0,0.0,2.857142857142857,0.155,0.065,6.874951931251997,1.0,0.9809166968316663
T013-S1,A,gaussian_noise,P01,33.02136331858969,33.09395571514064,31.81047596249869,"{""clean"": 38, ""brightness_dark"": 0, ""contrast_low"": 0, ""gaussian_noise"": 162, ""gaussian_blur"": 0}",0.49,0.8672897196261682,6.760725229826353,18.50202429149797,0.43,0.305,2.344719467129448,0.3410524888866316,0.33454408084489323
T013-S1,A,gaussian_noise,P11,33.02136331858969,33.09395571514064,31.81047596249869,"{""clean"": 38, ""brightness_dark"": 0, ""contrast_low"": 0, ""gaussian_noise"": 162, ""gaussian_blur"": 0}",0.49,0.8672897196261682,6.760725229826353,18.50202429149797,0.43,0.305,2.344719467129448,0.3410524888866316,0.33454408084489323
T013-S1,A,gaussian_noise,zero_hard,32.754901668948186,32.82798058381541,31.365676759333386,"{""clean"": 99, ""brightness_dark"": 0, ""contrast_low"": 1, ""gaussian_noise"": 83, ""gaussian_blur"": 17}",0.435,1.7467581998474446,7.9523809523809526,18.50202429149797,0.49,0.335,2.078257817487937,0.3022941597657783,0.2965253886689512
T013-S1,A,gaussian_noise,uniform,32.499557590179315,32.575304209056455,31.38728201450004,"{""clean"": 0, ""brightness_dark"": 0, ""contrast_low"": 0, ""gaussian_noise"": 200, ""gaussian_blur"": 0}",0.485,1.0434782608695652,7.843501984126984,20.66196418882257,0.455,0.32,1.8229137387190708,0.2651529431693205,0.26009294916884435
T013-S1,A,gaussian_blur,P00,40.057521704756375,40.11569918212647,39.61922005050828,"{""clean"": 11, ""brightness_dark"": 81, ""contrast_low"": 36, ""gaussian_noise"": 45, ""gaussian_blur"": 27}",0.78,0.0,0.0,2.799404909496647,0.14,0.08,9.155942528581996,1.0,1.020124208704099
T013-S1,A,gaussian_blur,P01,34.142453549873096,34.21105126670656,33.13996155208222,"{""clean"": 11, ""brightness_dark"": 0, ""contrast_low"": 22, ""gaussian_noise"": 7, ""gaussian_blur"": 160}",0.29,4.5663052543786495,10.042372881355933,20.45068027210884,0.625,0.485,3.2408743736987167,0.3539640363164926,0.36108728245707095
T013-S1,A,gaussian_blur,P11,32.2837601743859,32.349225347430014,32.243734746734745,"{""clean"": 12, ""brightness_dark"": 0, ""contrast_low"": 26, ""gaussian_noise"": 7, ""gaussian_blur"": 155}",0.26,5.230769230769231,11.18421052631579,22.2463768115942,0.655,0.515,1.3821809982115199,0.1509599906177635,0.1539979409749242
T013-S1,A,gaussian_blur,zero_hard,33.8093784277806,33.8918811091163,33.21463108701415,"{""clean"": 55, ""brightness_dark"": 0, ""contrast_low"": 1, ""gaussian_noise"": 74, ""gaussian_blur"": 70}",0.35,3.934468524251806,12.394662921348315,20.198711063372716,0.605,0.46,2.907799251606226,0.31758600958109817,0.3239771767194102
T013-S1,A,gaussian_blur,uniform,31.263384887993965,31.331870470111046,31.08327200469012,"{""clean"": 0, ""brightness_dark"": 0, ""contrast_low"": 6, ""gaussian_noise"": 2, ""gaussian_blur"": 192}",0.21,6.0606060606060606,13.169398907103826,23.799242424242422,0.71,0.565,0.3618057118195894,0.03951594395553979,0.04031117105884055
T013-S1,B,clean,P00,40.19354567285052,40.255336126072216,39.13343878054783,"{""clean"": 28, ""brightness_dark"": 79, ""contrast_low"": 11, ""gaussian_noise"": 65, ""gaussian_blur"": 17}",0.775,0.0,0.0,3.066255778120183,0.14,0.065,6.054855753081976,1.0,0.9935118304046083
T013-S1,B,clean,P01,36.048744951015905,36.126072212248154,34.94724587461562,"{""clean"": 95, ""brightness_dark"": 0, ""contrast_low"": 0, ""gaussian_noise"": 82, ""gaussian_blur"": 23}",0.47,0.9827536371519414,6.757750455909171,16.999999999999982,0.435,0.295,1.9100550312473639,0.3154583873075967,0.3134116397904562
T013-S1,B,clean,P11,35.16559561924361,35.24170490059179,34.02837682213658,"{""clean"": 92, ""brightness_dark"": 0, ""contrast_low"": 0, ""gaussian_noise"": 75, ""gaussian_blur"": 33}",0.435,1.6411084207694375,7.717282717282718,22.24489795918367,0.47,0.33,1.0269056994750725,0.16960035735820267,0.16849996147622365
T013-S1,B,clean,zero_hard,35.51422090810797,35.594121949597714,34.57418397877323,"{""clean"": 102, ""brightness_dark"": 0, ""contrast_low"": 2, ""gaussian_noise"": 72, ""gaussian_blur"": 24}",0.47,1.090176561203934,7.186411149825784,20.198952879581142,0.445,0.295,1.375530988339433,0.2271781598825497,0.22570418945286272
T013-S1,B,clean,uniform,34.20201827447402,34.284194427821,33.04768492361947,"{""clean"": 0, ""brightness_dark"": 0, ""contrast_low"": 0, ""gaussian_noise"": 188, ""gaussian_blur"": 12}",0.4,1.9327731092436973,10.23972602739726,24.425446316318833,0.495,0.38,0.063328354705481,0.010459102130260708,0.010391241701824054
T013-S1,B,brightness_dark,P00,35.29554997487634,35.354744331405016,34.6042684420751,"{""clean"": 4, ""brightness_dark"": 137, ""contrast_low"": 29, ""gaussian_noise"": 24, ""gaussian_blur"": 6}",0.85,0.0,0.0,2.008333333333333,0.1,0.055,17.749523520665278,1.0,0.9901167738814344
T013-S1,B,brightness_dark,P01,32.424807666744606,32.48886229137575,31.338011257580153,"{""clean"": 0, ""brightness_dark"": 200, ""contrast_low"": 0, ""gaussian_noise"": 0, ""gaussian_blur"": 0}",0.71,0.0,1.6398179585349997,14.316996871741397,0.24,0.2,14.878781212533545,0.8382636973443593,0.8299789476765201
T013-S1,B,brightness_dark,P11,32.424807666744606,32.48886229137575,31.338011257580153,"{""clean"": 0, ""brightness_dark"": 200, ""contrast_low"": 0, ""gaussian_noise"": 0, ""gaussian_blur"": 0}",0.71,0.0,1.6398179585349997,14.316996871741397,0.24,0.2,14.878781212533545,0.8382636973443593,0.8299789476765201
T013-S1,B,brightness_dark,zero_hard,22.2534034494681,22.32861227475231,22.295444270320527,"{""clean"": 26, ""brightness_dark"": 4, ""contrast_low"": 0, ""gaussian_noise"": 118, ""gaussian_blur"": 52}",0.205,8.771929824561404,19.730533179900267,31.534945724623878,0.75,0.66,4.707376995257037,0.26521145707243177,0.26259031227295065
T013-S1,B,brightness_dark,uniform,32.424807666744606,32.48886229137575,31.338011257580153,"{""clean"": 0, ""brightness_dark"": 200, ""contrast_low"": 0, ""gaussian_noise"": 0, ""gaussian_blur"": 0}",0.71,0.0,1.6398179585349997,14.316996871741397,0.24,0.2,14.878781212533545,0.8382636973443593,0.8299789476765201
T013-S1,B,contrast_low,P00,33.17112669439153,33.25354079393577,32.717200618135365,"{""clean"": 3, ""brightness_dark"": 58, ""contrast_low"": 83, ""gaussian_noise"": 42, ""gaussian_blur"": 14}",0.8,0.0,0.0,4.022535211267605,0.135,0.085,13.215862706681015,1.0,0.9744978099644495
T013-S1,B,contrast_low,P01,28.189530988273273,28.26650708158787,26.906637181552696,"{""clean"": 0, ""brightness_dark"": 0, ""contrast_low"": 194, ""gaussian_noise"": 0, ""gaussian_blur"": 6}",0.455,1.8433571185864763,9.059388335704126,22.2463768115942,0.495,0.36,8.234267000562753,0.6230593630788919,0.6071699847982248
T013-S1,B,contrast_low,P11,28.189530988273273,28.26650708158787,26.906637181552696,"{""clean"": 0, ""brightness_dark"": 0, ""contrast_low"": 194, ""gaussian_noise"": 0, ""gaussian_blur"": 6}",0.455,1.8433571185864763,9.059388335704126,22.2463768115942,0.495,0.36,8.234267000562753,0.6230593630788919,0.6071699847982248
T013-S1,B,contrast_low,zero_hard,23.02577831648992,23.153135181860495,22.909008311871943,"{""clean"": 29, ""brightness_dark"": 0, ""contrast_low"": 10, ""gaussian_noise"": 137, ""gaussian_blur"": 24}",0.295,6.770435446906035,16.875,27.820512820512818,0.66,0.545,3.070514328779399,0.23233551958943716,0.22641045501685894
T013-S1,B,contrast_low,uniform,28.1116255098242,28.186714542190305,26.830967308656785,"{""clean"": 0, ""brightness_dark"": 0, ""contrast_low"": 200, ""gaussian_noise"": 0, ""gaussian_blur"": 0}",0.44,2.4742373227221712,9.059388335704126,22.2463768115942,0.51,0.365,8.15636152211368,0.6171645168491645,0.6014254700572784
T013-S1,B,gaussian_noise,P00,37.57426480984132,37.62883170423565,36.298789426821074,"{""clean"": 24, ""brightness_dark"": 72, ""contrast_low"": 7, ""gaussian_noise"": 89, ""gaussian_blur"": 8}",0.785,0.0,0.0,3.340909090909091,0.15,0.065,6.897620958381068,1.0,0.9838731804678255
T013-S1,B,gaussian_noise,P01,32.9088422489455,32.980916284327414,31.627577221911803,"{""clean"": 40, ""brightness_dark"": 0, ""contrast_low"": 0, ""gaussian_noise"": 160, ""gaussian_blur"": 0}",0.48,1.0154639175257731,7.339656729900632,19.237516869095817,0.44,0.315,2.23219839748525,0.323618594143388,0.31839965547838156
T013-S1,B,gaussian_noise,P11,32.9088422489455,32.980916284327414,31.627577221911803,"{""clean"": 40, ""brightness_dark"": 0, ""contrast_low"": 0, ""gaussian_noise"": 160, ""gaussian_blur"": 0}",0.48,1.0154639175257731,7.339656729900632,19.237516869095817,0.44,0.315,2.23219839748525,0.323618594143388,0.31839965547838156
T013-S1,B,gaussian_noise,zero_hard,32.59599729163483,32.66839550502028,31.202777179391134,"{""clean"": 97, ""brightness_dark"": 0, ""contrast_low"": 0, ""gaussian_noise"": 85, ""gaussian_blur"": 18}",0.43,1.7467581998474446,7.965909090909091,19.409237379162185,0.49,0.345,1.9193534401745835,0.2782631072011056,0.2737756082888112
T013-S1,B,gaussian_noise,uniform,32.40677112345036,32.482212913092624,31.267717362254558,"{""clean"": 0, ""brightness_dark"": 0, ""contrast_low"": 0, ""gaussian_noise"": 200, ""gaussian_blur"": 0}",0.49,1.0434782608695652,7.722355769230769,21.78743961352657,0.445,0.33,1.7301272719901184,0.25082956608218643,0.2467844829366454
T013-S1,B,gaussian_blur,P00,39.85306844360787,39.90956845534942,39.399851732124674,"{""clean"": 8, ""brightness_dark"": 83, ""contrast_low"": 31, ""gaussian_noise"": 45, ""gaussian_blur"": 33}",0.775,0.0,0.0,4.55067920585162,0.15,0.09,8.951489267433493,1.0,0.9956968656507457
T013-S1,B,gaussian_blur,P01,34.11592404547969,34.18445375357404,33.066100926816226,"{""clean"": 12, ""brightness_dark"": 0, ""contrast_low"": 14, ""gaussian_noise"": 13, ""gaussian_blur"": 161}",0.315,4.7988505747126435,10.980902777777779,20.865384615384613,0.625,0.495,3.2143448693053114,0.35908492690701793,0.35753973622374485
T013-S1,B,gaussian_blur,P11,32.66213415749613,32.73488928785159,32.39102750068929,"{""clean"": 12, ""brightness_dark"": 0, ""contrast_low"": 16, ""gaussian_noise"": 13, ""gaussian_blur"": 159}",0.295,5.08935508935509,11.401446654611211,21.93025141930251,0.645,0.515,1.7605549813217558,0.1966773269479135,0.19583099798660442
T013-S1,B,gaussian_blur,zero_hard,33.93046594756012,34.01156991821265,33.56155099930697,"{""clean"": 45, ""brightness_dark"": 0, ""contrast_low"": 1, ""gaussian_noise"": 90, ""gaussian_blur"": 64}",0.355,3.1140191445534957,11.303630363036303,20.04081632653061,0.565,0.44,3.028886771385748,0.33836679918783713,0.3369107613916047
T013-S1,B,gaussian_blur,uniform,31.71666431644708,31.790677571647052,31.268373900545146,"{""clean"": 0, ""brightness_dark"": 0, ""contrast_low"": 4, ""gaussian_noise"": 2, ""gaussian_blur"": 194}",0.24,5.90727816550349,12.63586956521739,23.838768115942024,0.7,0.56,0.8150851402727047,0.09105581383402586,0.09066398843381736
T013-S2,A,clean,P00,40.29823385122877,40.361726178602304,39.21308921979127,"{""clean"": 25, ""brightness_dark"": 79, ""contrast_low"": 11, ""gaussian_noise"": 69, ""gaussian_blur"": 16}",0.79,0.0,0.0,2.7027027027027026,0.14,0.06,6.159543931460231,1.0,0.9822309167872634
T013-S2,A,clean,P01,36.201220335562375,36.27900791276016,35.06920025977208,"{""clean"": 92, ""brightness_dark"": 0, ""contrast_low"": 0, ""gaussian_noise"": 83, ""gaussian_blur"": 25}",0.44,1.1931818181818183,6.424370651940042,16.94203683640303,0.45,0.285,2.0625304157938347,0.33485115760914375,0.3289011595257057
T013-S2,A,clean,P11,35.357370358992064,35.43453687080258,34.24386818248175,"{""clean"": 89, ""brightness_dark"": 0, ""contrast_low"": 0, ""gaussian_noise"": 74, ""gaussian_blur"": 37}",0.41,1.6739039081103795,9.191778578447428,20.04081632653061,0.475,0.31,1.218680439223528,0.19785238205689976,0.19433672661629253
T013-S2,A,clean,zero_hard,35.72627268443967,35.80690205465789,34.744747050474665,"{""clean"": 98, ""brightness_dark"": 0, ""contrast_low"": 2, ""gaussian_noise"": 71, ""gaussian_blur"": 29}",0.455,1.0589421783953383,7.1032784362013235,19.560975609756095,0.44,0.29,1.587582764671132,0.25774355736996374,0.2531636906515101
T013-S2,A,clean,uniform,34.32098622560271,34.403883236917345,33.15440209330923,"{""clean"": 0, ""brightness_dark"": 0, ""contrast_low"": 0, ""gaussian_noise"": 186, ""gaussian_blur"": 14}",0.385,2.2800034611058235,9.817073170731707,23.970718722271513,0.515,0.38,0.18229630583417034,0.029595747325233172,0.02906985802826798
T013-S2,A,brightness_dark,P00,35.47784430706145,35.53427754504954,34.88652070479372,"{""clean"": 5, ""brightness_dark"": 130, ""contrast_low"": 34, ""gaussian_noise"": 25, ""gaussian_blur"": 6}",0.855,0.0,0.0,1.6094915254237283,0.09,0.045,17.93181785285039,1.0,1.0001831616726689
T013-S2,A,brightness_dark,P01,32.296535703287994,32.36252410399628,31.268558897347983,"{""clean"": 0, ""brightness_dark"": 200, ""contrast_low"": 0, ""gaussian_noise"": 0, ""gaussian_blur"": 0}",0.69,0.0,3.4769523206082686,15.462287104622863,0.265,0.205,14.75050924907693,0.8225886170671889,0.8227392837742094
T013-S2,A,brightness_dark,P11,32.296535703287994,32.36252410399628,31.268558897347983,"{""clean"": 0, ""brightness_dark"": 200, ""contrast_low"": 0, ""gaussian_noise"": 0, ""gaussian_blur"": 0}",0.69,0.0,3.4769523206082686,15.462287104622863,0.265,0.205,14.75050924907693,0.8225886170671889,0.8227392837742094
T013-S2,A,brightness_dark,zero_hard,22.312081315227672,22.388456679300486,22.231446789112994,"{""clean"": 23, ""brightness_dark"": 4, ""contrast_low"": 0, ""gaussian_noise"": 117, ""gaussian_blur"": 56}",0.19,10.0,19.496692848284415,31.786585365853654,0.755,0.66,4.766054861016611,0.2657876016880805,0.2658362837897804
T013-S2,A,brightness_dark,uniform,32.296535703287994,32.36252410399628,31.268558897347983,"{""clean"": 0, ""brightness_dark"": 200, ""contrast_low"": 0, ""gaussian_noise"": 0, ""gaussian_blur"": 0}",0.69,0.0,3.4769523206082686,15.462287104622863,0.265,0.205,14.75050924907693,0.8225886170671889,0.8227392837742094
T013-S2,A,contrast_low,P00,33.560956770536656,33.64585411264047,33.40463252381491,"{""clean"": 4, ""brightness_dark"": 57, ""contrast_low"": 88, ""gaussian_noise"": 41, ""gaussian_blur"": 10}",0.82,0.0,0.0,2.785714285714285,0.12,0.045,13.605692782826138,1.0,0.9846933307423936
T013-S2,A,contrast_low,P01,28.561473420506015,28.63887226544318,27.361031048124428,"{""clean"": 0, ""brightness_dark"": 0, ""contrast_low"": 198, ""gaussian_noise"": 0, ""gaussian_blur"": 2}",0.49,1.1570358480470841,9.470274390243903,21.77451971688574,0.46,0.345,8.606209432795497,0.632544742128731,0.6228625889703286
T013-S2,A,contrast_low,P11,28.561473420506015,28.63887226544318,27.361031048124428,"{""clean"": 0, ""brightness_dark"": 0, ""contrast_low"": 198, ""gaussian_noise"": 0, ""gaussian_blur"": 2}",0.49,1.1570358480470841,9.470274390243903,21.77451971688574,0.46,0.345,8.606209432795497,0.632544742128731,0.6228625889703286
T013-S2,A,contrast_low,zero_hard,23.189116042199977,23.31936963893876,23.070316933633745,"{""clean"": 50, ""brightness_dark"": 0, ""contrast_low"": 10, ""gaussian_noise"": 112, ""gaussian_blur"": 28}",0.29,6.552538370720189,17.01829268292683,30.253393665158367,0.655,0.555,3.2338520544894567,0.23768374798021344,0.23404560146197206
T013-S2,A,contrast_low,uniform,28.561473420506015,28.63887226544318,27.361031048124428,"{""clean"": 0, ""brightness_dark"": 0, ""contrast_low"": 200, ""gaussian_noise"": 0, ""gaussian_blur"": 0}",0.49,1.1570358480470841,9.470274390243903,21.77451971688574,0.46,0.345,8.606209432795497,0.632544742128731,0.6228625889703286
T013-S2,A,gaussian_noise,P00,37.51092142377216,37.56898729968748,36.27824066711266,"{""clean"": 29, ""brightness_dark"": 75, ""contrast_low"": 8, ""gaussian_noise"": 82, ""gaussian_blur"": 6}",0.81,0.0,0.0,2.2954545454545445,0.115,0.045,6.8342775723119145,1.0,0.9892692589550682
T013-S2,A,gaussian_noise,P01,33.02757394612326,33.100605093423766,31.807916939549468,"{""clean"": 39, ""brightness_dark"": 0, ""contrast_low"": 0, ""gaussian_noise"": 161, ""gaussian_blur"": 0}",0.52,0.0,7.133541992696923,16.369270221177473,0.42,0.305,2.3509300946630187,0.34399101730773585,0.34029973877922387
T013-S2,A,gaussian_noise,P11,33.02757394612326,33.100605093423766,31.807916939549468,"{""clean"": 39, ""brightness_dark"": 0, ""contrast_low"": 0, ""gaussian_noise"": 161, ""gaussian_blur"": 0}",0.52,0.0,7.133541992696923,16.369270221177473,0.42,0.305,2.3509300946630187,0.34399101730773585,0.34029973877922387
T013-S2,A,gaussian_noise,zero_hard,32.80100652919445,32.874526231797326,31.43729303161748,"{""clean"": 97, ""brightness_dark"": 0, ""contrast_low"": 0, ""gaussian_noise"": 85, ""gaussian_blur"": 18}",0.43,1.7170228445099482,7.73552290406223,16.831111351001237,0.47,0.335,2.124362677734203,0.3108393908875973,0.3075038538774182
T013-S2,A,gaussian_noise,uniform,32.499557590179315,32.575304209056455,31.38728201450004,"{""clean"": 0, ""brightness_dark"": 0, ""contrast_low"": 0, ""gaussian_noise"": 200, ""gaussian_blur"": 0}",0.495,0.9302526825891312,7.8725606150206975,18.88634630053394,0.44,0.32,1.8229137387190708,0.2667310069617807,0.26386878559741994
T013-S2,A,gaussian_blur,P00,39.97721179808982,40.035906642728904,39.54040089635615,"{""clean"": 12, ""brightness_dark"": 79, ""contrast_low"": 35, ""gaussian_noise"": 45, ""gaussian_blur"": 29}",0.81,0.0,0.0,4.1994382022471894,0.165,0.08,9.07563262191544,1.0,0.9933681565962087
T013-S2,A,gaussian_blur,P01,34.03587063389056,34.104661214176474,33.002268040629765,"{""clean"": 13, ""brightness_dark"": 0, ""contrast_low"": 21, ""gaussian_noise"": 6, ""gaussian_blur"": 160}",0.285,4.646519158121965,11.11111111111111,20.017543859649123,0.655,0.465,3.134291457716182,0.34535239451491595,0.34306207151536866
T013-S2,A,gaussian_blur,P11,32.17717725840336,32.242835294899926,32.10604123528229,"{""clean"": 14, ""brightness_dark"": 0, ""contrast_low"": 25, ""gaussian_noise"": 6, ""gaussian_blur"": 155}",0.26,4.979338842975206,12.5,22.22222222222222,0.68,0.495,1.2755980822289854,0.14055197421155272,0.139619855528488
T013-S2,A,gaussian_blur,zero_hard,33.8494682336512,33.93177737881508,33.26555898105903,"{""clean"": 59, ""brightness_dark"": 0, ""contrast_low"": 2, ""gaussian_noise"": 72, ""gaussian_blur"": 67}",0.345,4.103535353535354,12.308673469387754,20.0,0.59,0.44,2.9478890574768273,0.3248136168886336,0.3226595038460091
T013-S2,A,gaussian_blur,uniform,31.263384887993965,31.331870470111046,31.08327200469012,"{""clean"": 0, ""brightness_dark"": 0, ""contrast_low"": 6, ""gaussian_noise"": 2, ""gaussian_blur"": 192}",0.22,5.555555555555555,13.350515463917526,22.8953722334004,0.725,0.55,0.3618057118195894,0.03986561894825016,0.03960123640619014
T013-S2,B,clean,P00,40.24125654614955,40.301881774054124,39.16927965150175,"{""clean"": 27, ""brightness_dark"": 82, ""contrast_low"": 11, ""gaussian_noise"": 63, ""gaussian_blur"": 17}",0.77,0.0,0.0,2.373918136266024,0.135,0.055,6.102566626381009,1.0,0.9928766690504502
T013-S2,B,clean,P01,36.00231582822951,36.07952656426624,34.905422318512684,"{""clean"": 94, ""brightness_dark"": 0, ""contrast_low"": 0, ""gaussian_noise"": 84, ""gaussian_blur"": 22}",0.44,1.380952380952381,6.488804723181463,18.194622279129323,0.445,0.31,1.8636259084609723,0.3053839511402687,0.30320860018961543
T013-S2,B,clean,P11,35.08591268598671,35.161912361194226,33.96837144785183,"{""clean"": 92, ""brightness_dark"": 0, ""contrast_low"": 0, ""gaussian_noise"": 76, ""gaussian_blur"": 32}",0.415,1.5151515151515151,8.43711083437111,20.48413525994339,0.47,0.335,0.9472227662181708,0.1552171117843084,0.15411144892803552
T013-S2,B,clean,zero_hard,35.52762125044893,35.60742070616397,34.62437237040072,"{""clean"": 100, ""brightness_dark"": 0, ""contrast_low"": 2, ""gaussian_noise"": 73, ""gaussian_blur"": 25}",0.435,1.4285714285714286,7.280405405405405,19.307692307692303,0.445,0.315,1.3889313306803925,0.22759789703501646,0.2259766418910145
T013-S2,B,clean,uniform,34.20201827447402,34.284194427821,33.04768492361947,"{""clean"": 0, ""brightness_dark"": 0, ""contrast_low"": 0, ""gaussian_noise"": 188, ""gaussian_blur"": 12}",0.385,2.109002109002109,10.24390243902439,23.7963465364442,0.505,0.39,0.063328354705481,0.01037733114321383,0.010303409979107649
T013-S2,B,brightness_dark,P00,35.34232442201864,35.401289979386924,34.68346954400348,"{""clean"": 5, ""brightness_dark"": 136, ""contrast_low"": 29, ""gaussian_noise"": 24, ""gaussian_blur"": 6}",0.855,0.0,0.0,1.6094915254237283,0.095,0.05,17.796297967807583,1.0,0.9949771434536008
T013-S2,B,brightness_dark,P01,32.424807666744606,32.48886229137575,31.338011257580153,"{""clean"": 0, ""brightness_dark"": 200, ""contrast_low"": 0, ""gaussian_noise"": 0, ""gaussian_blur"": 0}",0.705,0.0,2.188073394495413,15.35117599351176,0.25,0.2,14.878781212533545,0.836060468275388,0.8318610564791253
T013-S2,B,brightness_dark,P11,32.424807666744606,32.48886229137575,31.338011257580153,"{""clean"": 0, ""brightness_dark"": 200, ""contrast_low"": 0, ""gaussian_noise"": 0, ""gaussian_blur"": 0}",0.705,0.0,2.188073394495413,15.35117599351176,0.25,0.2,14.878781212533545,0.836060468275388,0.8318610564791253
T013-S2,B,brightness_dark,zero_hard,22.029677241556698,22.102533413125872,22.17577502998678,"{""clean"": 28, ""brightness_dark"": 4, ""contrast_low"": 0, ""gaussian_noise"": 118, ""gaussian_blur"": 50}",0.18,10.15254586683158,19.40684459200613,31.25,0.755,0.665,4.483650787345636,0.25194289258677766,0.2506774195794294
T013-S2,B,brightness_dark,uniform,32.424807666744606,32.48886229137575,31.338011257580153,"{""clean"": 0, ""brightness_dark"": 200, ""contrast_low"": 0, ""gaussian_noise"": 0, ""gaussian_blur"": 0}",0.705,0.0,2.188073394495413,15.35117599351176,0.25,0.2,14.878781212533545,0.836060468275388,0.8318610564791253
T013-S2,B,contrast_low,P00,33.28492088027388,33.366580224748986,32.84386126769189,"{""clean"": 3, ""brightness_dark"": 61, ""contrast_low"": 79, ""gaussian_noise"": 43, ""gaussian_blur"": 14}",0.8,0.0,0.0,2.7803738317757007,0.135,0.07,13.32965689256336,1.0,0.9738856399728683
T013-S2,B,contrast_low,P01,28.215705251727467,28.293104594720393,26.887305336825797,"{""clean"": 0, ""brightness_dark"": 0, ""contrast_low"": 196, ""gaussian_noise"": 0, ""gaussian_blur"": 4}",0.47,1.1570358480470841,9.169793621013133,22.235294117647058,0.46,0.36,8.260441264016947,0.6197039676711755,0.6035207951491685
T013-S2,B,contrast_low,P11,28.215705251727467,28.293104594720393,26.887305336825797,"{""clean"": 0, ""brightness_dark"": 0, ""contrast_low"": 196, ""gaussian_noise"": 0, ""gaussian_blur"": 4}",0.47,1.1570358480470841,9.169793621013133,22.235294117647058,0.46,0.36,8.260441264016947,0.6197039676711755,0.6035207951491685
T013-S2,B,contrast_low,zero_hard,22.858370842591878,22.986900724782235,22.57713034807642,"{""clean"": 37, ""brightness_dark"": 0, ""contrast_low"": 7, ""gaussian_noise"": 133, ""gaussian_blur"": 23}",0.285,7.1067821067821075,17.276589912280702,31.282894736842103,0.665,0.56,2.9031068548813574,0.21779306686438463,0.2121055403048749
T013-S2,B,contrast_low,uniform,28.1116255098242,28.186714542190305,26.830967308656785,"{""clean"": 0, ""brightness_dark"": 0, ""contrast_low"": 200, ""gaussian_noise"": 0, ""gaussian_blur"": 0}",0.46,1.2195121951219512,9.169793621013133,22.235294117647058,0.47,0.365,8.15636152211368,0.6118958340678768,0.5959165659579262
T013-S2,B,gaussian_noise,P00,37.58709866661272,37.642130460801916,36.37298663593513,"{""clean"": 27, ""brightness_dark"": 72, ""contrast_low"": 6, ""gaussian_noise"": 87, ""gaussian_blur"": 8}",0.83,0.0,0.0,2.0,0.095,0.05,6.910454815152474,1.0,0.9943787052965415
T013-S2,B,gaussian_noise,P01,32.92890289681292,33.00086441917681,31.65128318298712,"{""clean"": 41, ""brightness_dark"": 0, ""contrast_low"": 0, ""gaussian_noise"": 159, ""gaussian_blur"": 0}",0.52,0.0,8.333333333333334,17.010767559024004,0.425,0.32,2.2522590453526754,0.3259205226860283,0.3240884273781049
T013-S2,B,gaussian_noise,P11,32.92890289681292,33.00086441917681,31.65128318298712,"{""clean"": 41, ""brightness_dark"": 0, ""contrast_low"": 0, ""gaussian_noise"": 159, ""gaussian_blur"": 0}",0.52,0.0,8.333333333333334,17.010767559024004,0.425,0.32,2.2522590453526754,0.3259205226860283,0.3240884273781049
T013-S2,B,gaussian_noise,zero_hard,32.5962140607215,32.66839550502028,31.211123436447277,"{""clean"": 98, ""brightness_dark"": 0, ""contrast_low"": 0, ""gaussian_noise"": 84, ""gaussian_blur"": 18}",0.435,1.9345794392523366,8.333333333333334,17.436530672725468,0.49,0.35,1.9195702092612572,0.2777776948996523,0.276216224614574
T013-S2,B,gaussian_noise,uniform,32.40677112345036,32.482212913092624,31.267717362254558,"{""clean"": 0, ""brightness_dark"": 0, ""contrast_low"": 0, ""gaussian_noise"": 200, ""gaussian_blur"": 0}",0.515,0.0,8.463014835563856,20.04081632653061,0.43,0.335,1.7301272719901184,0.25036373412014623,0.24895636578759858
T013-S2,B,gaussian_blur,P00,39.89328394729362,39.94946472504821,39.50441959079654,"{""clean"": 8, ""brightness_dark"": 81, ""contrast_low"": 32, ""gaussian_noise"": 47, ""gaussian_blur"": 32}",0.78,0.0,0.0,4.175531914893617,0.16,0.075,8.99170477111924,1.0,0.9820446992502753
T013-S2,B,gaussian_blur,P01,34.143536656075895,34.21105126670656,33.05006455770511,"{""clean"": 9, ""brightness_dark"": 0, ""contrast_low"": 12, ""gaussian_noise"": 14, ""gaussian_blur"": 165}",0.305,4.1494490358126725,11.139455782312925,20.198711063372716,0.605,0.455,3.241957479901521,0.3605498136809911,0.35407603334109167
T013-S2,B,gaussian_blur,P11,32.68974676809234,32.76148680098411,32.374991131578184,"{""clean"": 9, ""brightness_dark"": 0, ""contrast_low"": 14, ""gaussian_noise"": 14, ""gaussian_blur"": 163}",0.285,4.365079365079366,12.5,21.273317112733164,0.625,0.475,1.7881675919179654,0.19886858359289566,0.19529783836481346
T013-S2,B,gaussian_blur,zero_hard,33.910850928058245,33.99162178336326,33.498453703361086,"{""clean"": 52, ""brightness_dark"": 0, ""contrast_low"": 1, ""gaussian_noise"": 85, ""gaussian_blur"": 62}",0.34,3.54676710608914,12.359550561797754,19.51219512195122,0.59,0.43,3.009271751883866,0.3346719925179758,0.3286628562398059
T013-S2,B,gaussian_blur,uniform,31.71666431644708,31.790677571647052,31.268373900545146,"{""clean"": 0, ""brightness_dark"": 0, ""contrast_low"": 4, ""gaussian_noise"": 2, ""gaussian_blur"": 194}",0.22,5.559845559845559,13.706311945748565,23.07142857142856,0.685,0.53,0.8150851402727047,0.09064856565250053,0.08902094339367872
T013-S3,A,clean,P00,40.38604609693085,40.448168096283,39.30609813050722,"{""clean"": 25, ""brightness_dark"": 77, ""contrast_low"": 11, ""gaussian_noise"": 70, ""gaussian_blur"": 17}",0.78,0.0,0.0,4.204545454545452,0.145,0.09,6.247356177162305,1.0,0.9930661174591618
T013-S3,A,clean,P01,36.27397725248672,36.352151073874595,35.151986422897714,"{""clean"": 89, ""brightness_dark"": 0, ""contrast_low"": 0, ""gaussian_noise"": 85, ""gaussian_blur"": 26}",0.46,1.0309278350515463,6.933980334567743,16.690140845070424,0.445,0.305,2.1352873327181876,0.3417905546227532,0.33942061906343113
T013-S3,A,clean,P11,35.43671441972026,35.51432941020015,34.33029070924375,"{""clean"": 86, ""brightness_dark"": 0, ""contrast_low"": 0, ""gaussian_noise"": 76, ""gaussian_blur"": 38}",0.425,1.694915254237288,8.24771689497717,18.98113207547169,0.48,0.345,1.2980244999517245,0.2077718098892382,0.20633114456416887
T013-S3,A,clean,zero_hard,36.01260831927981,36.0928253208325,34.922287407725214,"{""clean"": 99, ""brightness_dark"": 1, ""contrast_low"": 2, ""gaussian_noise"": 70, ""gaussian_blur"": 28}",0.445,1.0929288103201147,7.339656729900632,17.561594202898547,0.45,0.32,1.873918399511275,0.2999538278866713,0.29787398327643033
T013-S3,A,clean,uniform,34.32098622560271,34.403883236917345,33.15440209330923,"{""clean"": 0, ""brightness_dark"": 0, ""contrast_low"": 0, ""gaussian_noise"": 186, ""gaussian_blur"": 14}",0.365,3.0899546647578147,10.700312989045383,21.88048245614035,0.545,0.405,0.18229630583417034,0.0291797523087556,0.02897742333367594
T013-S3,A,brightness_dark,P00,35.48452351780137,35.54092692333267,34.90138317554666,"{""clean"": 7, ""brightness_dark"": 129, ""contrast_low"": 34, ""gaussian_noise"": 24, ""gaussian_blur"": 6}",0.865,0.0,0.0,1.623486238532109,0.09,0.04,17.93849706359031,1.0,1.0031664587779958
T013-S3,A,brightness_dark,P01,32.296535703287994,32.36252410399628,31.268558897347983,"{""clean"": 0, ""brightness_dark"": 200, ""contrast_low"": 0, ""gaussian_noise"": 0, ""gaussian_blur"": 0}",0.715,0.0,2.7753496503496504,15.454342320869944,0.255,0.215,14.75050924907693,0.8222823348459875,0.8248860579631514
T013-S3,A,brightness_dark,P11,32.296535703287994,32.36252410399628,31.268558897347983,"{""clean"": 0, ""brightness_dark"": 200, ""contrast_low"": 0, ""gaussian_noise"": 0, ""gaussian_blur"": 0}",0.715,0.0,2.7753496503496504,15.454342320869944,0.255,0.215,14.75050924907693,0.8222823348459875,0.8248860579631514
T013-S3,A,brightness_dark,zero_hard,22.17416891371125,22.248819735354743,22.15722573642649,"{""clean"": 26, ""brightness_dark"": 4, ""contrast_low"": 0, ""gaussian_noise"": 117, ""gaussian_blur"": 53}",0.18,9.938271604938272,19.37573458702853,32.172949002217266,0.765,0.66,4.628142459500187,0.25800056956242484,0.2588175177306437
T013-S3,A,brightness_dark,uniform,32.296535703287994,32.36252410399628,31.268558897347983,"{""clean"": 0, ""brightness_dark"": 200, ""contrast_low"": 0, ""gaussian_noise"": 0, ""gaussian_blur"": 0}",0.715,0.0,2.7753496503496504,15.454342320869944,0.255,0.215,14.75050924907693,0.8222823348459875,0.8248860579631514
T013-S3,A,contrast_low,P00,33.53922442849891,33.62590597779108,33.394547659519624,"{""clean"": 4, ""brightness_dark"": 57, ""contrast_low"": 87, ""gaussian_noise"": 42, ""gaussian_blur"": 10}",0.845,0.0,0.0,2.5202702702702693,0.11,0.045,13.58396044078839,1.0,0.9860481633734949
T013-S3,A,contrast_low,P01,28.6003456271411,28.678768535141963,27.382157808687808,"{""clean"": 0, ""brightness_dark"": 0, ""contrast_low"": 197, ""gaussian_noise"": 0, ""gaussian_blur"": 3}",0.485,1.1173533083645444,8.897821872505416,22.235294117647058,0.45,0.345,8.64508163943058,0.6364183462631487,0.6275391414699747
T013-S3,A,contrast_low,P11,28.6003456271411,28.678768535141963,27.382157808687808,"{""clean"": 0, ""brightness_dark"": 0, ""contrast_low"": 197, ""gaussian_noise"": 0, ""gaussian_blur"": 3}",0.485,1.1173533083645444,8.897821872505416,22.235294117647058,0.45,0.345,8.64508163943058,0.6364183462631487,0.6275391414699747
T013-S3,A,contrast_low,zero_hard,23.20335649068271,23.33266839550502,23.03609702202649,"{""clean"": 43, ""brightness_dark"": 0, ""contrast_low"": 12, ""gaussian_noise"": 118, ""gaussian_blur"": 27}",0.31,5.9411764705882355,18.028600612870278,30.76923076923077,0.645,0.535,3.2480925029721903,0.23911233525233064,0.23577627901550802
T013-S3,A,contrast_low,uniform,28.561473420506015,28.63887226544318,27.361031048124428,"{""clean"": 0, ""brightness_dark"": 0, ""contrast_low"": 200, ""gaussian_noise"": 0, ""gaussian_blur"": 0}",0.48,1.1570358480470841,8.897821872505416,22.235294117647058,0.455,0.345,8.606209432795497,0.6335567208333247,0.6247174409706339
T013-S3,A,gaussian_noise,P00,37.532109414857075,37.58893543453687,36.34159222365323,"{""clean"": 26, ""brightness_dark"": 72, ""contrast_low"": 8, ""gaussian_noise"": 86, ""gaussian_blur"": 8}",0.825,0.0,0.0,2.6008202323991796,0.13,0.065,6.855465563396829,1.0,0.9865879774822466
T013-S3,A,gaussian_noise,P01,33.04118763564185,33.113903849990024,31.84495872111938,"{""clean"": 37, ""brightness_dark"": 0, ""contrast_low"": 0, ""gaussian_noise"": 163, ""gaussian_blur"": 0}",0.515,0.0,8.040816326530612,15.966405890473993,0.405,0.305,2.3645437841816044,0.3449136695845339,0.3402876796813852
T013-S3,A,gaussian_noise,P11,33.04118763564185,33.113903849990024,31.84495872111938,"{""clean"": 37, ""brightness_dark"": 0, ""contrast_low"": 0, ""gaussian_noise"": 163, ""gaussian_blur"": 0}",0.515,0.0,8.040816326530612,15.966405890473993,0.405,0.305,2.3645437841816044,0.3449136695845339,0.3402876796813852
T013-S3,A,gaussian_noise,zero_hard,32.76808000195203,32.841279340381675,31.411663214558608,"{""clean"": 96, ""brightness_dark"": 0, ""contrast_low"": 0, ""gaussian_noise"": 85, ""gaussian_blur"": 19}",0.46,1.1854657687991021,7.478632478632479,17.1840354767184,0.475,0.345,2.091436150491783,0.3050757284317088,0.3009840458923628
T013-S3,A,gaussian_noise,uniform,32.499557590179315,32.575304209056455,31.38728201450004,"{""clean"": 0, ""brightness_dark"": 0, ""contrast_low"": 0, ""gaussian_noise"": 200, ""gaussian_blur"": 0}",0.51,0.0,8.20578231292517,20.66196418882257,0.44,0.305,1.8229137387190708,0.2659066290774031,0.26234028338059706
T013-S3,A,gaussian_blur,P00,39.99060549074056,40.04920539929517,39.60016400486328,"{""clean"": 12, ""brightness_dark"": 80, ""contrast_low"": 35, ""gaussian_noise"": 44, ""gaussian_blur"": 29}",0.8,0.0,0.0,3.0103459784180644,0.13,0.06,9.089026314566185,1.0,0.9955518160756254
T013-S3,A,gaussian_blur,P01,34.12851099462815,34.197752510140305,33.112434508115975,"{""clean"": 12, ""brightness_dark"": 0, ""contrast_low"": 22, ""gaussian_noise"": 7, ""gaussian_blur"": 159}",0.305,4.121042356336474,10.643879173290937,18.53546910755148,0.62,0.45,3.226931818453773,0.355036029908094,0.353456764347283
T013-S3,A,gaussian_blur,P11,32.26981761914095,32.33592659086376,32.2162077027685,"{""clean"": 13, ""brightness_dark"": 0, ""contrast_low"": 26, ""gaussian_noise"": 7, ""gaussian_blur"": 154}",0.275,4.390048154093098,11.702626641651031,21.236306729264466,0.65,0.48,1.3682384429665768,0.15053740583563072,0.14986778776697562
T013-S3,A,gaussian_blur,zero_hard,33.862565586483136,33.94507613538134,33.203929110823026,"{""clean"": 61, ""brightness_dark"": 0, ""contrast_low"": 2, ""gaussian_noise"": 70, ""gaussian_blur"": 67}",0.355,3.397362385321101,11.11111111111111,20.27057079318013,0.565,0.43,2.960986410308762,0.3257759750968538,0.3243268636414805
T013-S3,A,gaussian_blur,uniform,31.263384887993965,31.331870470111046,31.08327200469012,"{""clean"": 0, ""brightness_dark"": 0, ""contrast_low"": 6, ""gaussian_noise"": 2, ""gaussian_blur"": 192}",0.215,6.0606060606060606,13.395061728395062,25.0,0.705,0.545,0.3618057118195894,0.03980687251831972,0.0396298042279041
T013-S3,B,clean,P00,40.33382128017147,40.394973070017954,39.26822847295938,"{""clean"": 28, ""brightness_dark"": 81, ""contrast_low"": 11, ""gaussian_noise"": 63, ""gaussian_blur"": 17}",0.79,0.0,0.0,2.67027027027027,0.135,0.08,6.195131360402929,1.0,1.0057531858604485
T013-S3,B,clean,P01,36.008676863187,36.086175942549374,34.91357032259476,"{""clean"": 98, ""brightness_dark"": 0, ""contrast_low"": 0, ""gaussian_noise"": 80, ""gaussian_blur"": 22}",0.47,1.0309278350515463,7.440929878048781,18.192904656319293,0.44,0.31,1.869986943418461,0.3018478276943006,0.3035844143485985
T013-S3,B,clean,P11,35.152114675218556,35.228406144025534,34.00924672466117,"{""clean"": 95, ""brightness_dark"": 0, ""contrast_low"": 0, ""gaussian_noise"": 73, ""gaussian_blur"": 32}",0.435,1.6739039081103795,9.003496503496503,20.872227739159214,0.475,0.345,1.0134247554500135,0.16358406246677243,0.16452519198195098
T013-S3,B,clean,zero_hard,35.84063392616792,35.91994148547111,34.79104943075885,"{""clean"": 100, ""brightness_dark"": 1, ""contrast_low"": 2, ""gaussian_noise"": 72, ""gaussian_blur"": 25}",0.475,1.0105134224762682,7.977403343782654,18.181818181818183,0.43,0.315,1.70194400639938,0.27472282787700025,0.2763033593658846
T013-S3,B,clean,uniform,34.20201827447402,34.284194427821,33.04768492361947,"{""clean"": 0, ""brightness_dark"": 0, ""contrast_low"": 0, ""gaussian_noise"": 188, ""gaussian_blur"": 12}",0.375,2.4548192771084336,10.672514619883042,22.511773940345368,0.52,0.39,0.063328354705481,0.010222277950432701,0.010281088615398705
T013-S3,B,brightness_dark,P00,35.27542414868305,35.33479619655562,34.59724633400524,"{""clean"": 6, ""brightness_dark"": 135, ""contrast_low"": 28, ""gaussian_noise"": 25, ""gaussian_blur"": 6}",0.845,0.0,0.0,1.671089544317233,0.09,0.055,17.729397694471995,1.0,0.9942094317808804
T013-S3,B,brightness_dark,P01,32.424807666744606,32.48886229137575,31.338011257580153,"{""clean"": 0, ""brightness_dark"": 200, ""contrast_low"": 0, ""gaussian_noise"": 0, ""gaussian_blur"": 0}",0.71,0.0,1.8761467889908259,15.381349620140021,0.245,0.205,14.878781212533545,0.839215266583632,0.8343557333319528
T013-S3,B,brightness_dark,P11,32.424807666744606,32.48886229137575,31.338011257580153,"{""clean"": 0, ""brightness_dark"": 200, ""contrast_low"": 0, ""gaussian_noise"": 0, ""gaussian_blur"": 0}",0.71,0.0,1.8761467889908259,15.381349620140021,0.245,0.205,14.878781212533545,0.839215266583632,0.8343557333319528
T013-S3,B,brightness_dark,zero_hard,22.06213960126146,22.135780304541527,22.173894655591166,"{""clean"": 36, ""brightness_dark"": 4, ""contrast_low"": 0, ""gaussian_noise"": 109, ""gaussian_blur"": 51}",0.16,9.6875,19.11095689721644,32.095907399751944,0.77,0.67,4.516113147050399,0.2547245667831411,0.25324956680209765
T013-S3,B,brightness_dark,uniform,32.424807666744606,32.48886229137575,31.338011257580153,"{""clean"": 0, ""brightness_dark"": 200, ""contrast_low"": 0, ""gaussian_noise"": 0, ""gaussian_blur"": 0}",0.71,0.0,1.8761467889908259,15.381349620140021,0.245,0.205,14.878781212533545,0.839215266583632,0.8343557333319528
T013-S3,B,contrast_low,P00,33.42481451348825,33.506217168694725,33.00934156879673,"{""clean"": 4, ""brightness_dark"": 61, ""contrast_low"": 82, ""gaussian_noise"": 40, ""gaussian_blur"": 13}",0.835,0.0,0.0,2.5708502024291495,0.12,0.055,13.469550525777729,1.0,0.9840359709898455
T013-S3,B,contrast_low,P01,28.215705251727467,28.293104594720393,26.887305336825797,"{""clean"": 0, ""brightness_dark"": 0, ""contrast_low"": 196, ""gaussian_noise"": 0, ""gaussian_blur"": 4}",0.47,1.2195121951219512,9.02948402948403,22.262773722627735,0.46,0.37,8.260441264016947,0.6132677737247652,0.6034775491940302
T013-S3,B,contrast_low,P11,28.215705251727467,28.293104594720393,26.887305336825797,"{""clean"": 0, ""brightness_dark"": 0, ""contrast_low"": 196, ""gaussian_noise"": 0, ""gaussian_blur"": 4}",0.47,1.2195121951219512,9.02948402948403,22.262773722627735,0.46,0.37,8.260441264016947,0.6132677737247652,0.6034775491940302
T013-S3,B,contrast_low,zero_hard,23.006033748623356,23.133187047011106,22.75805241540098,"{""clean"": 27, ""brightness_dark"": 0, ""contrast_low"": 8, ""gaussian_noise"": 138, ""gaussian_blur"": 27}",0.29,6.4096715328467155,18.181818181818183,26.27863777089783,0.67,0.555,3.0507697609128375,0.22649380579361883,0.2228780521073092
T013-S3,B,contrast_low,uniform,28.1116255098242,28.186714542190305,26.830967308656785,"{""clean"": 0, ""brightness_dark"": 0, ""contrast_low"": 200, ""gaussian_noise"": 0, ""gaussian_blur"": 0}",0.46,1.32150930272996,9.02948402948403,22.262773722627735,0.47,0.375,8.15636152211368,0.6055407347486627,0.5958738648923048
T013-S3,B,gaussian_noise,P00,37.58806563290818,37.642130460801916,36.36277568078785,"{""clean"": 23, ""brightness_dark"": 73, ""contrast_low"": 7, ""gaussian_noise"": 89, ""gaussian_blur"": 8}",0.805,0.0,0.0,2.6714513556618797,0.125,0.06,6.911421781447936,1.0,0.9829560618547293
T013-S3,B,gaussian_noise,P01,32.90209461061891,32.974266906044285,31.61459020892479,"{""clean"": 40, ""brightness_dark"": 0, ""contrast_low"": 0, ""gaussian_noise"": 160, ""gaussian_blur"": 0}",0.495,0.7362893183909913,8.20578231292517,15.966405890473993,0.425,0.315,2.2254507591586643,0.32199608554239245,0.3165080041773886
T013-S3,B,gaussian_noise,P11,32.90209461061891,32.974266906044285,31.61459020892479,"{""clean"": 40, ""brightness_dark"": 0, ""contrast_low"": 0, ""gaussian_noise"": 160, ""gaussian_blur"": 0}",0.495,0.7362893183909913,8.20578231292517,15.966405890473993,0.425,0.315,2.2254507591586643,0.32199608554239245,0.3165080041773886
T013-S3,B,gaussian_noise,zero_hard,32.58288423033109,32.65509674845402,31.20761594235324,"{""clean"": 98, ""brightness_dark"": 0, ""contrast_low"": 0, ""gaussian_noise"": 84, ""gaussian_blur"": 18}",0.445,1.7095265926358854,7.893847194050034,18.35020708697653,0.485,0.35,1.906240378870844,0.2758101645579918,0.2711092731734284
T013-S3,B,gaussian_noise,uniform,32.40677112345036,32.482212913092624,31.267717362254558,"{""clean"": 0, ""brightness_dark"": 0, ""contrast_low"": 0, ""gaussian_noise"": 200, ""gaussian_blur"": 0}",0.51,0.0,8.20578231292517,20.66196418882257,0.43,0.315,1.7301272719901184,0.2503287061186502,0.2460621191355783
T013-S3,B,gaussian_blur,P00,39.91343603069888,39.9694128598976,39.49857955559703,"{""clean"": 9, ""brightness_dark"": 83, ""contrast_low"": 31, ""gaussian_noise"": 46, ""gaussian_blur"": 31}",0.8,0.0,0.0,3.968396839683968,0.145,0.09,9.011856854524506,1.0,0.9855995510244313
T013-S3,B,gaussian_blur,P01,34.11615250234575,34.18445375357404,33.18927605794736,"{""clean"": 10, ""brightness_dark"": 0, ""contrast_low"": 11, ""gaussian_noise"": 14, ""gaussian_blur"": 165}",0.305,3.9809863339275102,11.11111111111111,18.372717508055857,0.625,0.455,3.2145733261713727,0.3567048809211233,0.35156817048408234
T013-S3,B,gaussian_blur,P11,32.662362614362195,32.73488928785159,32.51420263182043,"{""clean"": 10, ""brightness_dark"": 0, ""contrast_low"": 13, ""gaussian_noise"": 14, ""gaussian_blur"": 163}",0.285,4.184759770275949,11.523224043715846,20.073170731707314,0.645,0.475,1.7607834381878176,0.19538519825731543,0.1925715636792296
T013-S3,B,gaussian_blur,zero_hard,33.757285344667594,33.838686082851254,33.31537858455304,"{""clean"": 48, ""brightness_dark"": 0, ""contrast_low"": 1, ""gaussian_noise"": 86, ""gaussian_blur"": 65}",0.34,3.5954257656027915,11.202185792349727,19.514998598261844,0.59,0.445,2.855706168493219,0.31688321447976386,0.3123199539184338
T013-S3,B,gaussian_blur,uniform,31.71666431644708,31.790677571647052,31.268373900545146,"{""clean"": 0, ""brightness_dark"": 0, ""contrast_low"": 4, ""gaussian_noise"": 2, ""gaussian_blur"": 194}",0.23,5.749704840613932,12.57267441860465,22.749999999999986,0.705,0.54,0.8150851402727047,0.09044585965249569,0.08914339866551847
T013-S0,A,clean,BBSE-H-01,38.66931984982816,38.73262849923532,37.28066712809199,"{""clean"": 37, ""brightness_dark"": 61, ""contrast_low"": 5, ""gaussian_noise"": 71, ""gaussian_blur"": 26}",0.59,0.0,4.172120418848168,10.74285714285714,0.345,0.215,4.530629930059622,0.7395357781375228,0.7230958595705703
T013-S0,A,clean,BBSE-H-11,38.31895919340718,38.3802114502294,37.09059030350812,"{""clean"": 34, ""brightness_dark"": 60, ""contrast_low"": 5, ""gaussian_noise"": 70, ""gaussian_blur"": 31}",0.575,0.0,4.325396825396825,11.011111111111111,0.36,0.23,4.180269273638643,0.6823463266319014,0.66717773252745
T013-S0,A,clean,BBSE-S-01,38.51476644040017,38.57969279872332,37.127365297435745,"{""clean"": 18, ""brightness_dark"": 73, ""contrast_low"": 9, ""gaussian_noise"": 85, ""gaussian_blur"": 15}",0.625,0.0,3.9721043056397813,10.381773399014776,0.325,0.215,4.376076520631633,0.7143079891391769,0.698428885625421
T013-S0,A,clean,BBSE-S-11,38.137846463612014,38.20067823658488,36.65218523969961,"{""clean"": 17, ""brightness_dark"": 74, ""contrast_low"": 7, ""gaussian_noise"": 79, ""gaussian_blur"": 23}",0.6,0.0,4.717880289744567,11.11111111111111,0.36,0.24,3.9991565438434717,0.6527832535874605,0.6382718481245965
T013-S0,A,brightness_dark,BBSE-H-01,31.775763825062718,31.837223219628964,30.880693738906572,"{""clean"": 4, ""brightness_dark"": 98, ""contrast_low"": 40, ""gaussian_noise"": 48, ""gaussian_blur"": 10}",0.62,0.0,7.769230769230769,15.239417071478137,0.335,0.3,14.229737370851659,0.793541832556336,0.7922138867272381
T013-S0,A,brightness_dark,BBSE-H-11,31.775763825062718,31.837223219628964,30.880693738906572,"{""clean"": 4, ""brightness_dark"": 98, ""contrast_low"": 40, ""gaussian_noise"": 48, ""gaussian_blur"": 10}",0.62,0.0,7.769230769230769,15.239417071478137,0.335,0.3,14.229737370851659,0.793541832556336,0.7922138867272381
T013-S0,A,brightness_dark,BBSE-S-01,33.32362545513498,33.379878981315244,32.61276392170076,"{""clean"": 10, ""brightness_dark"": 113, ""contrast_low"": 38, ""gaussian_noise"": 31, ""gaussian_blur"": 8}",0.72,0.0,1.420408163265306,10.596133190118149,0.235,0.185,15.777599000923917,0.879860569329878,0.8783881741450326
T013-S0,A,brightness_dark,BBSE-S-11,33.32362545513498,33.379878981315244,32.61276392170076,"{""clean"": 10, ""brightness_dark"": 113, ""contrast_low"": 38, ""gaussian_noise"": 31, ""gaussian_blur"": 8}",0.72,0.0,1.420408163265306,10.596133190118149,0.235,0.185,15.777599000923917,0.879860569329878,0.8783881741450326
T013-S0,A,contrast_low,BBSE-H-01,29.362159533491493,29.456745794268237,29.764841351206773,"{""clean"": 3, ""brightness_dark"": 49, ""contrast_low"": 101, ""gaussian_noise"": 37, ""gaussian_blur"": 10}",0.635,0.0,4.77787498784874,14.948275862068964,0.33,0.24,9.406895545780973,0.6945585094670016,0.6854652560641254
T013-S0,A,contrast_low,BBSE-H-11,29.362159533491493,29.456745794268237,29.764841351206773,"{""clean"": 3, ""brightness_dark"": 49, ""contrast_low"": 101, ""gaussian_noise"": 37, ""gaussian_blur"": 10}",0.635,0.0,4.77787498784874,14.948275862068964,0.33,0.24,9.406895545780973,0.6945585094670016,0.6854652560641254
T013-S0,A,contrast_low,BBSE-S-01,29.702282717400717,29.789214708424762,29.716872682140338,"{""clean"": 3, ""brightness_dark"": 59, ""contrast_low"": 78, ""gaussian_noise"": 46, ""gaussian_blur"": 14}",0.605,0.0,4.953703703703703,15.267275097783571,0.345,0.245,9.747018729690197,0.7196715183764195,0.7102494820839675
T013-S0,A,contrast_low,BBSE-S-11,29.702282717400717,29.789214708424762,29.716872682140338,"{""clean"": 3, ""brightness_dark"": 59, ""contrast_low"": 78, ""gaussian_noise"": 46, ""gaussian_blur"": 14}",0.605,0.0,4.953703703703703,15.267275097783571,0.345,0.245,9.747018729690197,0.7196715183764195,0.7102494820839675
T013-S0,A,gaussian_noise,BBSE-H-01,35.616890784004916,35.67391448899528,34.08265205654304,"{""clean"": 16, ""brightness_dark"": 69, ""contrast_low"": 4, ""gaussian_noise"": 100, ""gaussian_blur"": 11}",0.635,0.0,3.223202086697305,10.0,0.295,0.19,4.9402469325446665,0.722015585776053,0.7170944172129506
T013-S0,A,gaussian_noise,BBSE-H-11,35.616890784004916,35.67391448899528,34.08265205654304,"{""clean"": 16, ""brightness_dark"": 69, ""contrast_low"": 4, ""gaussian_noise"": 100, ""gaussian_blur"": 11}",0.635,0.0,3.223202086697305,10.0,0.295,0.19,4.9402469325446665,0.722015585776053,0.7170944172129506
T013-S0,A,gaussian_noise,BBSE-S-01,35.263577292248776,35.32149743998936,33.80141967267608,"{""clean"": 24, ""brightness_dark"": 63, ""contrast_low"": 6, ""gaussian_noise"": 97, ""gaussian_blur"": 10}",0.595,0.0,4.517575507679621,10.753968253968251,0.32,0.22,4.586933440788529,0.6703789264762127,0.6658097069699674
T013-S0,A,gaussian_noise,BBSE-S-11,35.263577292248776,35.32149743998936,33.80141967267608,"{""clean"": 24, ""brightness_dark"": 63, ""contrast_low"": 6, ""gaussian_noise"": 97, ""gaussian_blur"": 10}",0.595,0.0,4.517575507679621,10.753968253968251,0.32,0.22,4.586933440788529,0.6703789264762127,0.6658097069699674
T013-S0,A,gaussian_blur,BBSE-H-01,37.06396792782107,37.13012833300086,36.32849258960111,"{""clean"": 9, ""brightness_dark"": 59, ""contrast_low"": 30, ""gaussian_noise"": 62, ""gaussian_blur"": 40}",0.53,0.0,5.4320068099595655,14.028571428571427,0.41,0.265,6.162388751646693,0.6735475141538573,0.6745480203527947
T013-S0,A,gaussian_blur,BBSE-H-11,36.21784064041109,36.27900791276016,35.94404047804992,"{""clean"": 8, ""brightness_dark"": 61, ""contrast_low"": 30, ""gaussian_noise"": 62, ""gaussian_blur"": 39}",0.52,0.0,5.575117370892018,16.378911481797147,0.42,0.285,5.31626146423671,0.5810660180878306,0.5819291497019665
T013-S0,A,gaussian_blur,BBSE-S-01,36.936229294643695,37.00379014562139,36.61548216646608,"{""clean"": 8, ""brightness_dark"": 71, ""contrast_low"": 32, ""gaussian_noise"": 54, ""gaussian_blur"": 35}",0.57,0.0,5.5227471566054245,12.732919254658382,0.37,0.27,6.034650118469316,0.6595857142243993,0.6605654811776499
T013-S0,A,gaussian_blur,BBSE-S-11,34.839050692305484,34.90923598643527,35.7155894656878,"{""clean"": 8, ""brightness_dark"": 69, ""contrast_low"": 34, ""gaussian_noise"": 56, ""gaussian_blur"": 33}",0.54,0.0,5.756302521008403,14.285714285714286,0.4,0.29,3.93747151613111,0.430364629468248,0.4310039050509474
T013-S0,B,clean,BBSE-H-01,38.432163574687465,38.49325088104262,37.14210171515903,"{""clean"": 37, ""brightness_dark"": 61, ""contrast_low"": 2, ""gaussian_noise"": 70, ""gaussian_blur"": 30}",0.61,0.0,4.212789827973074,11.11111111111111,0.325,0.225,4.293473654918928,0.6960835880320531,0.6984339174040293
T013-S0,B,clean,BBSE-H-11,37.815487073974026,37.874858700711485,36.80714652949962,"{""clean"": 34, ""brightness_dark"": 59, ""contrast_low"": 2, ""gaussian_noise"": 69, ""gaussian_blur"": 36}",0.59,0.0,4.938271604938271,12.02464788732394,0.345,0.245,3.6767971542054854,0.596104311163806,0.5981170600568677
T013-S0,B,clean,BBSE-S-01,38.28982652578108,38.35361393709688,37.00578783937953,"{""clean"": 19, ""brightness_dark"": 76, ""contrast_low"": 8, ""gaussian_noise"": 82, ""gaussian_blur"": 15}",0.645,0.0,4.092152324847465,10.317725752508359,0.305,0.21,4.151136606012545,0.6730070556771528,0.6752794670336354
T013-S0,B,clean,BBSE-S-11,37.84655670850363,37.908105592127136,36.42158727047616,"{""clean"": 18, ""brightness_dark"": 74, ""contrast_low"": 6, ""gaussian_noise"": 79, ""gaussian_blur"": 23}",0.605,0.0,4.717880289744567,12.112068965517238,0.335,0.235,3.707866788735089,0.6011415058505449,0.6031712628541671
T013-S0,B,brightness_dark,BBSE-H-01,31.983384215519184,32.05000332468914,30.772097497210925,"{""clean"": 3, ""brightness_dark"": 92, ""contrast_low"": 38, ""gaussian_noise"": 55, ""gaussian_blur"": 12}",0.605,0.0,6.25,17.50438596491228,0.335,0.285,14.437357761308125,0.8152401646572921,0.8044840517490567
T013-S0,B,brightness_dark,BBSE-H-11,31.983384215519184,32.05000332468914,30.772097497210925,"{""clean"": 3, ""brightness_dark"": 92, ""contrast_low"": 38, ""gaussian_noise"": 55, ""gaussian_blur"": 12}",0.605,0.0,6.25,17.50438596491228,0.335,0.285,14.437357761308125,0.8152401646572921,0.8044840517490567
T013-S0,B,brightness_dark,BBSE-S-01,33.127311296995614,33.18704701110446,32.30997110162157,"{""clean"": 10, ""brightness_dark"": 117, ""contrast_low"": 31, ""gaussian_noise"": 32, ""gaussian_blur"": 10}",0.695,0.0,2.816380839739799,11.032370953630796,0.265,0.215,15.581284842784555,0.8798347613748484,0.8682264004964114
T013-S0,B,brightness_dark,BBSE-S-11,33.127311296995614,33.18704701110446,32.30997110162157,"{""clean"": 10, ""brightness_dark"": 117, ""contrast_low"": 31, ""gaussian_noise"": 32, ""gaussian_blur"": 10}",0.695,0.0,2.816380839739799,11.032370953630796,0.265,0.215,15.581284842784555,0.8798347613748484,0.8682264004964114
T013-S0,B,contrast_low,BBSE-H-01,29.237512670809746,29.330407606888755,28.98452235794705,"{""clean"": 2, ""brightness_dark"": 55, ""contrast_low"": 104, ""gaussian_noise"": 29, ""gaussian_blur"": 10}",0.62,0.0,5.9491525423728815,16.72413793103448,0.365,0.27,9.282248683099226,0.692221897571317,0.6795132370861514
T013-S0,B,contrast_low,BBSE-H-11,29.237512670809746,29.330407606888755,28.98452235794705,"{""clean"": 2, ""brightness_dark"": 55, ""contrast_low"": 104, ""gaussian_noise"": 29, ""gaussian_blur"": 10}",0.62,0.0,5.9491525423728815,16.72413793103448,0.365,0.27,9.282248683099226,0.692221897571317,0.6795132370861514
T013-S0,B,contrast_low,BBSE-S-01,29.501628909103125,29.589733359930847,29.17852523917307,"{""clean"": 1, ""brightness_dark"": 64, ""contrast_low"": 70, ""gaussian_noise"": 53, ""gaussian_blur"": 12}",0.605,0.0,6.0,14.334415584415583,0.36,0.28,9.546364921392604,0.7119183148827519,0.6988480433574511
T013-S0,B,contrast_low,BBSE-S-11,29.501628909103125,29.589733359930847,29.17852523917307,"{""clean"": 1, ""brightness_dark"": 64, ""contrast_low"": 70, ""gaussian_noise"": 53, ""gaussian_blur"": 12}",0.605,0.0,6.0,14.334415584415583,0.36,0.28,9.546364921392604,0.7119183148827519,0.6988480433574511
T013-S0,B,gaussian_noise,BBSE-H-01,35.5859517683721,35.64066759757963,34.17009332411027,"{""clean"": 16, ""brightness_dark"": 66, ""contrast_low"": 3, ""gaussian_noise"": 104, ""gaussian_blur"": 11}",0.66,0.0,2.7214714714714714,10.803418803418802,0.265,0.185,4.909307916911852,0.7117508703513638,0.7077016741308879
T013-S0,B,gaussian_noise,BBSE-H-11,35.5859517683721,35.64066759757963,34.17009332411027,"{""clean"": 16, ""brightness_dark"": 66, ""contrast_low"": 3, ""gaussian_noise"": 104, ""gaussian_blur"": 11}",0.66,0.0,2.7214714714714714,10.803418803418802,0.265,0.185,4.909307916911852,0.7117508703513638,0.7077016741308879
T013-S0,B,gaussian_noise,BBSE-S-01,35.44358963770794,35.50103065363388,33.92201556389558,"{""clean"": 24, ""brightness_dark"": 60, ""contrast_low"": 6, ""gaussian_noise"": 100, ""gaussian_blur"": 10}",0.61,0.0,3.8125,11.12676056338028,0.305,0.205,4.766945786247694,0.6911112257985675,0.6871794498359326
T013-S0,B,gaussian_noise,BBSE-S-11,35.44358963770794,35.50103065363388,33.92201556389558,"{""clean"": 24, ""brightness_dark"": 60, ""contrast_low"": 6, ""gaussian_noise"": 100, ""gaussian_blur"": 10}",0.61,0.0,3.8125,11.12676056338028,0.305,0.205,4.766945786247694,0.6911112257985675,0.6871794498359326
T013-S0,B,gaussian_blur,BBSE-H-01,36.885058913959746,36.95059511935634,36.156878521301394,"{""clean"": 11, ""brightness_dark"": 56, ""contrast_low"": 29, ""gaussian_noise"": 62, ""gaussian_blur"": 42}",0.545,0.0,5.848214285714286,14.028571428571427,0.425,0.285,5.983479737785372,0.6679453862557209,0.6625298571738796
T013-S0,B,gaussian_blur,BBSE-H-11,36.45707286573824,36.525034909235984,36.00229515099346,"{""clean"": 10, ""brightness_dark"": 58, ""contrast_low"": 27, ""gaussian_noise"": 62, ""gaussian_blur"": 43}",0.545,0.0,6.557971014492754,15.485498108448922,0.425,0.295,5.555493689563866,0.6201686210924479,0.6151404537118804
T013-S0,B,gaussian_blur,BBSE-S-01,36.93650061148158,37.00379014562139,36.53687538730819,"{""clean"": 5, ""brightness_dark"": 73, ""contrast_low"": 23, ""gaussian_noise"": 56, ""gaussian_blur"": 43}",0.605,0.0,5.224106602059358,13.27898169577109,0.365,0.26,6.034921435307199,0.6736879049950898,0.6682258170509882
T013-S0,B,gaussian_blur,BBSE-S-11,35.30428599080676,35.38134184453754,35.885176035103036,"{""clean"": 5, ""brightness_dark"": 71, ""contrast_low"": 23, ""gaussian_noise"": 58, ""gaussian_blur"": 43}",0.585,0.0,5.555555555555555,13.950310559006208,0.385,0.27,4.402706814632385,0.4914811836496284,0.48749638085287195
T013-S1,A,clean,BBSE-H-01,38.655981942026905,38.71932974266906,37.33760595937395,"{""clean"": 37, ""brightness_dark"": 61, ""contrast_low"": 6, ""gaussian_noise"": 71, ""gaussian_blur"": 25}",0.6,0.0,3.331611570247934,9.650308551278284,0.33,0.215,4.517292022258366,0.7334830798996856,0.7210285636686867
T013-S1,A,clean,BBSE-H-11,38.351810815095654,38.413458341645054,37.099696966957914,"{""clean"": 36, ""brightness_dark"": 60, ""contrast_low"": 6, ""gaussian_noise"": 69, ""gaussian_blur"": 29}",0.58,0.0,4.089625064201336,10.111111111111105,0.35,0.235,4.213120895327116,0.6840941154717111,0.6724782220746357
T013-S1,A,clean,BBSE-S-01,38.30125718172857,38.366912693663146,36.92389911833835,"{""clean"": 19, ""brightness_dark"": 71, ""contrast_low"": 10, ""gaussian_noise"": 85, ""gaussian_blur"": 15}",0.62,0.0,3.5469171917191717,11.132075471698112,0.31,0.24,4.162567261960032,0.6758856059222951,0.6644090927211875
T013-S1,A,clean,BBSE-S-11,37.97743598491472,38.041093157789746,36.47720904519389,"{""clean"": 17, ""brightness_dark"": 71, ""contrast_low"": 8, ""gaussian_noise"": 81, ""gaussian_blur"": 23}",0.585,0.0,5.555555555555555,11.455342902711319,0.335,0.27,3.8387460651461804,0.6233060145198597,0.6127223008835772
T013-S1,A,brightness_dark,BBSE-H-01,31.75561675380523,31.817275084779574,30.87056486395011,"{""clean"": 4, ""brightness_dark"": 97, ""contrast_low"": 40, ""gaussian_noise"": 48, ""gaussian_blur"": 11}",0.6,0.0,7.901250651380927,14.414772727272725,0.345,0.3,14.20959029959417,0.7927361005059799,0.7934483496058496
T013-S1,A,brightness_dark,BBSE-H-11,31.75561675380523,31.817275084779574,30.87056486395011,"{""clean"": 4, ""brightness_dark"": 97, ""contrast_low"": 40, ""gaussian_noise"": 48, ""gaussian_blur"": 11}",0.6,0.0,7.901250651380927,14.414772727272725,0.345,0.3,14.20959029959417,0.7927361005059799,0.7934483496058496
T013-S1,A,brightness_dark,BBSE-S-01,33.28304734730341,33.339982711616464,32.58875320038172,"{""clean"": 4, ""brightness_dark"": 118, ""contrast_low"": 37, ""gaussian_noise"": 32, ""gaussian_blur"": 9}",0.69,0.0,2.1875,11.212121212121206,0.26,0.2,15.73702089309235,0.8779496321387577,0.8787384429861792
T013-S1,A,brightness_dark,BBSE-S-11,33.28304734730341,33.339982711616464,32.58875320038172,"{""clean"": 4, ""brightness_dark"": 118, ""contrast_low"": 37, ""gaussian_noise"": 32, ""gaussian_blur"": 9}",0.69,0.0,2.1875,11.212121212121206,0.26,0.2,15.73702089309235,0.8779496321387577,0.8787384429861792
T013-S1,A,contrast_low,BBSE-H-01,29.30923217045616,29.403550768003193,29.72573686411089,"{""clean"": 2, ""brightness_dark"": 48, ""contrast_low"": 103, ""gaussian_noise"": 37, ""gaussian_blur"": 10}",0.615,0.0,4.241795888928958,16.71428571428571,0.355,0.215,9.353968182745641,0.6916474627961671,0.6768898875625303
T013-S1,A,contrast_low,BBSE-H-11,29.30923217045616,29.403550768003193,29.72573686411089,"{""clean"": 2, ""brightness_dark"": 48, ""contrast_low"": 103, ""gaussian_noise"": 37, ""gaussian_blur"": 10}",0.615,0.0,4.241795888928958,16.71428571428571,0.355,0.215,9.353968182745641,0.6916474627961671,0.6768898875625303
T013-S1,A,contrast_low,BBSE-S-01,29.76348753680693,29.849059112972938,29.802406328740798,"{""clean"": 3, ""brightness_dark"": 62, ""contrast_low"": 78, ""gaussian_noise"": 45, ""gaussian_blur"": 12}",0.625,0.0,4.590193271295634,14.793840039741676,0.335,0.235,9.808223549096411,0.7252358357155446,0.7097615905496143
T013-S1,A,contrast_low,BBSE-S-11,29.76348753680693,29.849059112972938,29.802406328740798,"{""clean"": 3, ""brightness_dark"": 62, ""contrast_low"": 78, ""gaussian_noise"": 45, ""gaussian_blur"": 12}",0.625,0.0,4.590193271295634,14.793840039741676,0.335,0.235,9.808223549096411,0.7252358357155446,0.7097615905496143
T013-S1,A,gaussian_noise,BBSE-H-01,35.484547595517796,35.54092692333267,33.85037299137585,"{""clean"": 16, ""brightness_dark"": 70, ""contrast_low"": 4, ""gaussian_noise"": 100, ""gaussian_blur"": 10}",0.625,0.0,2.9761904761904763,10.666929133858266,0.325,0.21,4.807903744057552,0.6993363433134556,0.685990695857371
T013-S1,A,gaussian_noise,BBSE-H-11,35.484547595517796,35.54092692333267,33.85037299137585,"{""clean"": 16, ""brightness_dark"": 70, ""contrast_low"": 4, ""gaussian_noise"": 100, ""gaussian_blur"": 10}",0.625,0.0,2.9761904761904763,10.666929133858266,0.325,0.21,4.807903744057552,0.6993363433134556,0.685990695857371
T013-S1,A,gaussian_noise,BBSE-S-01,35.28378435661745,35.34144557483875,33.78042538312285,"{""clean"": 24, ""brightness_dark"": 62, ""contrast_low"": 6, ""gaussian_noise"": 98, ""gaussian_blur"": 10}",0.6,0.0,4.225352112676056,11.11111111111111,0.365,0.23,4.607140505157206,0.6701342134792497,0.6573458391199524
T013-S1,A,gaussian_noise,BBSE-S-11,35.28378435661745,35.34144557483875,33.78042538312285,"{""clean"": 24, ""brightness_dark"": 62, ""contrast_low"": 6, ""gaussian_noise"": 98, ""gaussian_blur"": 10}",0.6,0.0,4.225352112676056,11.11111111111111,0.365,0.23,4.607140505157206,0.6701342134792497,0.6573458391199524
T013-S1,A,gaussian_blur,BBSE-H-01,37.12987314194203,37.19662211583217,36.24022559755725,"{""clean"": 10, ""brightness_dark"": 59, ""contrast_low"": 31, ""gaussian_noise"": 61, ""gaussian_blur"": 39}",0.535,0.0,6.0886644219977555,14.357142857142854,0.41,0.285,6.2282939657676515,0.6802460747568981,0.6939354887354501
T013-S1,A,gaussian_blur,BBSE-H-11,36.28374585453204,36.34550169559146,35.85577348600605,"{""clean"": 9, ""brightness_dark"": 61, ""contrast_low"": 31, ""gaussian_noise"": 61, ""gaussian_blur"": 38}",0.525,0.0,6.685393258426966,15.610328638497647,0.42,0.305,5.3821666783576685,0.5878331653520349,0.5996628426547704
T013-S1,A,gaussian_blur,BBSE-S-01,36.989178257045985,37.05698517188643,36.5939105702074,"{""clean"": 7, ""brightness_dark"": 69, ""contrast_low"": 29, ""gaussian_noise"": 56, ""gaussian_blur"": 39}",0.59,0.0,6.0606060606060606,13.114130434782604,0.35,0.265,6.08759908087161,0.6648795644870011,0.6782597396058281
T013-S1,A,gaussian_blur,BBSE-S-11,34.898702067576416,34.96908039098344,35.69825515756472,"{""clean"": 7, ""brightness_dark"": 68, ""contrast_low"": 31, ""gaussian_noise"": 57, ""gaussian_blur"": 37}",0.565,0.0,6.391076115485564,16.420765027322403,0.38,0.285,3.997122891402036,0.43656050471311564,0.4453459394219291
T013-S1,B,clean,BBSE-H-01,38.49930330728114,38.55974466387393,37.18961253766985,"{""clean"": 39, ""brightness_dark"": 62, ""contrast_low"": 2, ""gaussian_noise"": 68, ""gaussian_blur"": 29}",0.585,0.0,3.557504873294347,10.856597120188068,0.33,0.215,4.360613387512602,0.7201845205466721,0.7155118412373895
T013-S1,B,clean,BBSE-H-11,37.8826268065677,37.941352483542786,36.85465735201044,"{""clean"": 35, ""brightness_dark"": 60, ""contrast_low"": 2, ""gaussian_noise"": 68, ""gaussian_blur"": 35}",0.565,0.0,4.261363636363637,11.199999999999994,0.35,0.235,3.74393688679916,0.618336264227841,0.6143243936785499
T013-S1,B,clean,BBSE-S-01,38.136359606166614,38.20067823658488,36.776551019940854,"{""clean"": 21, ""brightness_dark"": 71, ""contrast_low"": 9, ""gaussian_noise"": 85, ""gaussian_blur"": 14}",0.605,0.0,4.6021220159151195,11.132075471698112,0.32,0.24,3.9976696863980767,0.660241936294391,0.6559581746377232
T013-S1,B,clean,BBSE-S-11,37.6666179141501,37.72857237848261,36.17840592099125,"{""clean"": 20, ""brightness_dark"": 70, ""contrast_low"": 7, ""gaussian_noise"": 81, ""gaussian_blur"": 22}",0.57,0.0,5.587121212121212,12.302631578947368,0.35,0.27,3.527927994381566,0.5826609482126505,0.5788805451640351
T013-S1,B,brightness_dark,BBSE-H-01,32.063539512930475,32.12979586408671,30.96908673601454,"{""clean"": 3, ""brightness_dark"": 90, ""contrast_low"": 39, ""gaussian_noise"": 55, ""gaussian_blur"": 13}",0.585,0.0,6.694915254237288,13.594771241830065,0.355,0.28,14.517513058719416,0.8179100155458866,0.809826425917607
T013-S1,B,brightness_dark,BBSE-H-11,32.063539512930475,32.12979586408671,30.96908673601454,"{""clean"": 3, ""brightness_dark"": 90, ""contrast_low"": 39, ""gaussian_noise"": 55, ""gaussian_blur"": 13}",0.585,0.0,6.694915254237288,13.594771241830065,0.355,0.28,14.517513058719416,0.8179100155458866,0.809826425917607
T013-S1,B,brightness_dark,BBSE-S-01,33.2134597226072,33.273488928785156,32.400946259159056,"{""clean"": 4, ""brightness_dark"": 124, ""contrast_low"": 31, ""gaussian_noise"": 32, ""gaussian_blur"": 9}",0.66,0.0,3.152920962199313,10.241545893719803,0.285,0.21,15.667433268396136,0.8826959918194411,0.873972107738338
T013-S1,B,brightness_dark,BBSE-S-11,33.2134597226072,33.273488928785156,32.400946259159056,"{""clean"": 4, ""brightness_dark"": 124, ""contrast_low"": 31, ""gaussian_noise"": 32, ""gaussian_blur"": 9}",0.66,0.0,3.152920962199313,10.241545893719803,0.285,0.21,15.667433268396136,0.8826959918194411,0.873972107738338
T013-S1,B,contrast_low,BBSE-H-01,29.297803455357208,29.39025201143693,29.07321938544464,"{""clean"": 2, ""brightness_dark"": 50, ""contrast_low"": 109, ""gaussian_noise"": 29, ""gaussian_blur"": 10}",0.6,0.0,5.1293487957181085,14.718987341772149,0.365,0.255,9.342539467646688,0.7069186230970569,0.688890650031166
T013-S1,B,contrast_low,BBSE-H-11,29.297803455357208,29.39025201143693,29.07321938544464,"{""clean"": 2, ""brightness_dark"": 50, ""contrast_low"": 109, ""gaussian_noise"": 29, ""gaussian_blur"": 10}",0.6,0.0,5.1293487957181085,14.718987341772149,0.365,0.255,9.342539467646688,0.7069186230970569,0.688890650031166
T013-S1,B,contrast_low,BBSE-S-01,29.529181272418302,29.61633087306337,29.25568934170763,"{""clean"": 0, ""brightness_dark"": 61, ""contrast_low"": 73, ""gaussian_noise"": 53, ""gaussian_blur"": 13}",0.6,0.0,6.150360798791743,14.320557491289197,0.345,0.27,9.573917284707782,0.7244262063851404,0.7059517516031737
T013-S1,B,contrast_low,BBSE-S-11,29.529181272418302,29.61633087306337,29.25568934170763,"{""clean"": 0, ""brightness_dark"": 61, ""contrast_low"": 73, ""gaussian_noise"": 53, ""gaussian_blur"": 13}",0.6,0.0,6.150360798791743,14.320557491289197,0.345,0.27,9.573917284707782,0.7244262063851404,0.7059517516031737
T013-S1,B,gaussian_noise,BBSE-H-01,35.579310498594296,35.63401821929649,34.12712972797563,"{""clean"": 16, ""brightness_dark"": 66, ""contrast_low"": 4, ""gaussian_noise"": 103, ""gaussian_blur"": 11}",0.655,0.0,2.8486394557823127,10.068702290076331,0.295,0.19,4.902666647134052,0.7107764657866545,0.6993139019951963
T013-S1,B,gaussian_noise,BBSE-H-11,35.579310498594296,35.63401821929649,34.12712972797563,"{""clean"": 16, ""brightness_dark"": 66, ""contrast_low"": 4, ""gaussian_noise"": 103, ""gaussian_blur"": 11}",0.655,0.0,2.8486394557823127,10.068702290076331,0.295,0.19,4.902666647134052,0.7107764657866545,0.6993139019951963
T013-S1,B,gaussian_noise,BBSE-S-01,35.45692297104127,35.51432941020015,34.05534889722891,"{""clean"": 24, ""brightness_dark"": 61, ""contrast_low"": 6, ""gaussian_noise"": 99, ""gaussian_blur"": 10}",0.61,0.0,3.9702970297029703,10.111111111111105,0.345,0.195,4.780279119581028,0.6930330252161321,0.6818566066886346
T013-S1,B,gaussian_noise,BBSE-S-11,35.45692297104127,35.51432941020015,34.05534889722891,"{""clean"": 24, ""brightness_dark"": 61, ""contrast_low"": 6, ""gaussian_noise"": 99, ""gaussian_blur"": 10}",0.61,0.0,3.9702970297029703,10.111111111111105,0.345,0.195,4.780279119581028,0.6930330252161321,0.6818566066886346
T013-S1,B,gaussian_blur,BBSE-H-01,36.86394770441758,36.93064698450695,36.29631415211024,"{""clean"": 10, ""brightness_dark"": 55, ""contrast_low"": 29, ""gaussian_noise"": 63, ""gaussian_blur"": 43}",0.56,0.0,6.0625,14.357142857142854,0.385,0.275,5.96236852824321,0.6660755936931037,0.6632093809266829
T013-S1,B,gaussian_blur,BBSE-H-11,36.40915200472155,36.478489261254076,36.12478162925995,"{""clean"": 8, ""brightness_dark"": 56, ""contrast_low"": 28, ""gaussian_noise"": 63, ""gaussian_blur"": 45}",0.555,0.0,6.694915254237288,15.425101214574896,0.39,0.285,5.507572828547172,0.6152688858807361,0.6126213012038753
T013-S1,B,gaussian_blur,BBSE-S-01,37.01624160068739,37.08358268501895,36.56391982988187,"{""clean"": 5, ""brightness_dark"": 71, ""contrast_low"": 25, ""gaussian_noise"": 58, ""gaussian_blur"": 41}",0.605,0.0,5.882352941176471,13.35593220338983,0.355,0.26,6.114662424513007,0.6830888405082297,0.6801494174550464
T013-S1,B,gaussian_blur,BBSE-S-11,35.390729392881205,35.46778376221823,35.9164577658123,"{""clean"": 5, ""brightness_dark"": 70, ""contrast_low"": 25, ""gaussian_noise"": 59, ""gaussian_blur"": 41}",0.59,0.0,6.212121212121212,13.7781656616947,0.375,0.27,4.489150216706825,0.5014975813062582,0.4993395698380712
T013-S2,A,clean,BBSE-H-01,38.76354451786428,38.82571979519915,37.42677088773445,"{""clean"": 34, ""brightness_dark"": 59, ""contrast_low"": 5, ""gaussian_noise"": 73, ""gaussian_blur"": 29}",0.61,0.0,3.375547514759093,9.886521537748953,0.315,0.2,4.624854598095746,0.7508436743951173,0.7375018706650336
T013-S2,A,clean,BBSE-H-11,38.43286576999201,38.49325088104262,37.17431644077296,"{""clean"": 33, ""brightness_dark"": 58, ""contrast_low"": 5, ""gaussian_noise"": 71, ""gaussian_blur"": 33}",0.59,0.0,4.061230865354577,10.95486111111111,0.335,0.22,4.294175850223476,0.6971580847553861,0.6847702247349355
T013-S2,A,clean,BBSE-S-01,38.37568860370627,38.440055854777576,37.05008548715145,"{""clean"": 20, ""brightness_dark"": 75, ""contrast_low"": 9, ""gaussian_noise"": 82, ""gaussian_blur"": 14}",0.615,0.0,3.8526944297483183,10.95486111111111,0.325,0.21,4.236998683937732,0.6878753899776595,0.6756524749331528
T013-S2,A,clean,BBSE-S-11,38.071974645498315,38.134184453753576,36.61610727841377,"{""clean"": 18, ""brightness_dark"": 75, ""contrast_low"": 7, ""gaussian_noise"": 78, ""gaussian_blur"": 22}",0.59,0.0,4.5071501532175695,11.147540983606556,0.355,0.24,3.933284725729779,0.638567525371529,0.6272207658762511
T013-S2,A,brightness_dark,BBSE-H-01,31.791973059581604,31.850521976195225,30.95003212569674,"{""clean"": 4, ""brightness_dark"": 96, ""contrast_low"": 41, ""gaussian_noise"": 48, ""gaussian_blur"": 11}",0.59,0.0,6.666883793642522,15.334081976417743,0.355,0.295,14.245946605370543,0.7944507758373225,0.794596288770278
T013-S2,A,brightness_dark,BBSE-H-11,31.791973059581604,31.850521976195225,30.95003212569674,"{""clean"": 4, ""brightness_dark"": 96, ""contrast_low"": 41, ""gaussian_noise"": 48, ""gaussian_blur"": 11}",0.59,0.0,6.666883793642522,15.334081976417743,0.355,0.295,14.245946605370543,0.7944507758373225,0.794596288770278
T013-S2,A,brightness_dark,BBSE-S-01,33.350553320793196,33.406476494447766,32.63968751916571,"{""clean"": 6, ""brightness_dark"": 116, ""contrast_low"": 38, ""gaussian_noise"": 31, ""gaussian_blur"": 9}",0.695,0.0,2.516025641025641,10.294784580498861,0.26,0.195,15.804526866582137,0.8813678008707797,0.8815292336714238
T013-S2,A,brightness_dark,BBSE-S-11,33.350553320793196,33.406476494447766,32.63968751916571,"{""clean"": 6, ""brightness_dark"": 116, ""contrast_low"": 38, ""gaussian_noise"": 31, ""gaussian_blur"": 9}",0.695,0.0,2.516025641025641,10.294784580498861,0.26,0.195,15.804526866582137,0.8813678008707797,0.8815292336714238
T013-S2,A,contrast_low,BBSE-H-01,29.215709382107534,29.310459472039366,29.64027819044228,"{""clean"": 3, ""brightness_dark"": 52, ""contrast_low"": 100, ""gaussian_noise"": 35, ""gaussian_blur"": 10}",0.62,0.0,5.0590652285567534,14.357142857142854,0.35,0.26,9.260445394397015,0.6806301995945451,0.6702120182426128
T013-S2,A,contrast_low,BBSE-H-11,29.215709382107534,29.310459472039366,29.64027819044228,"{""clean"": 3, ""brightness_dark"": 52, ""contrast_low"": 100, ""gaussian_noise"": 35, ""gaussian_blur"": 10}",0.62,0.0,5.0590652285567534,14.357142857142854,0.35,0.26,9.260445394397015,0.6806301995945451,0.6702120182426128
T013-S2,A,contrast_low,BBSE-S-01,29.730210013664696,29.815812221557284,29.66032943688476,"{""clean"": 2, ""brightness_dark"": 62, ""contrast_low"": 78, ""gaussian_noise"": 46, ""gaussian_blur"": 12}",0.635,0.0,5.068654795108346,15.100057175528873,0.33,0.26,9.774946025954174,0.7184452994773376,0.707448294898556
T013-S2,A,contrast_low,BBSE-S-11,29.730210013664696,29.815812221557284,29.66032943688476,"{""clean"": 2, ""brightness_dark"": 62, ""contrast_low"": 78, ""gaussian_noise"": 46, ""gaussian_blur"": 12}",0.635,0.0,5.068654795108346,15.100057175528873,0.33,0.26,9.774946025954174,0.7184452994773376,0.707448294898556
T013-S2,A,gaussian_noise,BBSE-H-01,35.558108135259545,35.61407008444711,34.02926330961271,"{""clean"": 16, ""brightness_dark"": 70, ""contrast_low"": 4, ""gaussian_noise"": 100, ""gaussian_blur"": 10}",0.635,0.0,2.837416059774898,9.803921568627452,0.31,0.2,4.881464283799296,0.7142619292455785,0.7065973694445908
T013-S2,A,gaussian_noise,BBSE-H-11,35.558108135259545,35.61407008444711,34.02926330961271,"{""clean"": 16, ""brightness_dark"": 70, ""contrast_low"": 4, ""gaussian_noise"": 100, ""gaussian_blur"": 10}",0.635,0.0,2.837416059774898,9.803921568627452,0.31,0.2,4.881464283799296,0.7142619292455785,0.7065973694445908
T013-S2,A,gaussian_noise,BBSE-S-01,35.230496605757686,35.28825054857371,33.69885557011198,"{""clean"": 24, ""brightness_dark"": 62, ""contrast_low"": 6, ""gaussian_noise"": 98, ""gaussian_blur"": 10}",0.605,0.0,3.766698473282443,11.346536444203291,0.34,0.215,4.55385275429744,0.6663254025190188,0.6591752371729274
T013-S2,A,gaussian_noise,BBSE-S-11,35.230496605757686,35.28825054857371,33.69885557011198,"{""clean"": 24, ""brightness_dark"": 62, ""contrast_low"": 6, ""gaussian_noise"": 98, ""gaussian_blur"": 10}",0.605,0.0,3.766698473282443,11.346536444203291,0.34,0.215,4.55385275429744,0.6663254025190188,0.6591752371729274
T013-S2,A,gaussian_blur,BBSE-H-01,37.28362614408498,37.34955781634417,36.594468801819524,"{""clean"": 10, ""brightness_dark"": 56, ""contrast_low"": 34, ""gaussian_noise"": 61, ""gaussian_blur"": 39}",0.555,0.0,5.1293487957181085,12.532051282051281,0.41,0.27,6.382046967910602,0.7032068433994909,0.6985432857335911
T013-S2,A,gaussian_blur,BBSE-H-11,36.437498856675,36.49843739610346,36.21001669026833,"{""clean"": 9, ""brightness_dark"": 58, ""contrast_low"": 34, ""gaussian_noise"": 61, ""gaussian_blur"": 38}",0.54,0.0,5.619733146067416,14.493529674252564,0.42,0.285,5.535919680500619,0.6099761758902319,0.6059309094116845
T013-S2,A,gaussian_blur,BBSE-S-01,36.98175706769973,37.050335793603296,36.77234721149602,"{""clean"": 10, ""brightness_dark"": 67, ""contrast_low"": 33, ""gaussian_noise"": 56, ""gaussian_blur"": 34}",0.575,0.0,5.0590652285567534,13.417787873492923,0.365,0.255,6.080177891525358,0.6699453520014914,0.6655023793379197
T013-S2,A,gaussian_blur,BBSE-S-11,34.91138811683606,34.98237914754971,35.88940366326011,"{""clean"": 10, ""brightness_dark"": 66, ""contrast_low"": 35, ""gaussian_noise"": 57, ""gaussian_blur"": 32}",0.555,0.0,5.351351351351351,13.859576235978391,0.39,0.28,4.009808940661682,0.4418214253162883,0.4388913348111508
T013-S2,B,clean,BBSE-H-01,38.47283867221463,38.53314715074141,37.1069561972169,"{""clean"": 35, ""brightness_dark"": 61, ""contrast_low"": 2, ""gaussian_noise"": 72, ""gaussian_blur"": 30}",0.565,0.0,4.030927835051546,10.989159891598916,0.335,0.225,4.334148752446087,0.7102173589895497,0.705158245695352
T013-S2,B,clean,BBSE-H-11,37.85616217150118,37.914754970410264,36.772001011557485,"{""clean"": 31, ""brightness_dark"": 59, ""contrast_low"": 2, ""gaussian_noise"": 72, ""gaussian_blur"": 36}",0.545,0.0,4.554129077029841,11.11111111111111,0.355,0.245,3.717472251732644,0.6091653691517676,0.6048260826242949
T013-S2,B,clean,BBSE-S-01,38.37673388751704,38.440055854777576,37.021768300128606,"{""clean"": 21, ""brightness_dark"": 75, ""contrast_low"": 9, ""gaussian_noise"": 82, ""gaussian_blur"": 13}",0.61,0.0,2.7279616064662795,9.650308551278284,0.305,0.22,4.238043967748504,0.6944691024638237,0.6895221692127371
T013-S2,B,clean,BBSE-S-11,37.87373838503002,37.93470310525966,36.40544138299719,"{""clean"": 21, ""brightness_dark"": 74, ""contrast_low"": 7, ""gaussian_noise"": 77, ""gaussian_blur"": 21}",0.575,0.0,4.641972957531899,11.581798483206931,0.335,0.25,3.7350484652614826,0.6120455037909959,0.6076857011113087
T013-S2,B,brightness_dark,BBSE-H-01,32.102934319653535,32.16969213378549,30.964351018337688,"{""clean"": 3, ""brightness_dark"": 92, ""contrast_low"": 37, ""gaussian_noise"": 55, ""gaussian_blur"": 13}",0.565,0.0,6.514866712235133,15.015151515151514,0.35,0.295,14.556907865442478,0.8179739343415712,0.8138653686106797
T013-S2,B,brightness_dark,BBSE-H-11,32.102934319653535,32.16969213378549,30.964351018337688,"{""clean"": 3, ""brightness_dark"": 92, ""contrast_low"": 37, ""gaussian_noise"": 55, ""gaussian_blur"": 13}",0.565,0.0,6.514866712235133,15.015151515151514,0.35,0.295,14.556907865442478,0.8179739343415712,0.8138653686106797
T013-S2,B,brightness_dark,BBSE-S-01,33.187293595311125,33.246891415652634,32.37890208649308,"{""clean"": 5, ""brightness_dark"": 122, ""contrast_low"": 31, ""gaussian_noise"": 32, ""gaussian_blur"": 10}",0.68,0.0,3.525046382189239,10.294784580498861,0.285,0.215,15.641267141100064,0.8789056673131772,0.8744910502284458
T013-S2,B,brightness_dark,BBSE-S-11,33.187293595311125,33.246891415652634,32.37890208649308,"{""clean"": 5, ""brightness_dark"": 122, ""contrast_low"": 31, ""gaussian_noise"": 32, ""gaussian_blur"": 10}",0.68,0.0,3.525046382189239,10.294784580498861,0.285,0.215,15.641267141100064,0.8789056673131772,0.8744910502284458
T013-S2,B,contrast_low,BBSE-H-01,29.13769472189236,29.2306669326418,28.888107732335143,"{""clean"": 2, ""brightness_dark"": 55, ""contrast_low"": 103, ""gaussian_noise"": 30, ""gaussian_blur"": 10}",0.585,0.0,5.934301057224367,16.00919540229885,0.365,0.275,9.18243073418184,0.688872249915505,0.6708827919685112
T013-S2,B,contrast_low,BBSE-H-11,29.13769472189236,29.2306669326418,28.888107732335143,"{""clean"": 2, ""brightness_dark"": 55, ""contrast_low"": 103, ""gaussian_noise"": 30, ""gaussian_blur"": 10}",0.585,0.0,5.934301057224367,16.00919540229885,0.365,0.275,9.18243073418184,0.688872249915505,0.6708827919685112
T013-S2,B,contrast_low,BBSE-S-01,29.681555534277933,29.769266573575372,29.26191406773215,"{""clean"": 2, ""brightness_dark"": 66, ""contrast_low"": 69, ""gaussian_noise"": 51, ""gaussian_blur"": 12}",0.605,0.0,5.16491067338525,15.19191919191919,0.35,0.26,9.726291546567413,0.7296730609768155,0.7106181159603677
T013-S2,B,contrast_low,BBSE-S-11,29.681555534277933,29.769266573575372,29.26191406773215,"{""clean"": 2, ""brightness_dark"": 66, ""contrast_low"": 69, ""gaussian_noise"": 51, ""gaussian_blur"": 12}",0.605,0.0,5.16491067338525,15.19191919191919,0.35,0.26,9.726291546567413,0.7296730609768155,0.7106181159603677
T013-S2,B,gaussian_noise,BBSE-H-01,35.47911974158146,35.53427754504954,34.09769688959427,"{""clean"": 16, ""brightness_dark"": 68, ""contrast_low"": 4, ""gaussian_noise"": 102, ""gaussian_blur"": 10}",0.655,0.0,2.6109720009105395,10.526315789473685,0.29,0.195,4.802475890121209,0.6949580047308719,0.6910514409797521
T013-S2,B,gaussian_noise,BBSE-H-11,35.47911974158146,35.53427754504954,34.09769688959427,"{""clean"": 16, ""brightness_dark"": 68, ""contrast_low"": 4, ""gaussian_noise"": 102, ""gaussian_blur"": 10}",0.655,0.0,2.6109720009105395,10.526315789473685,0.29,0.195,4.802475890121209,0.6949580047308719,0.6910514409797521
T013-S2,B,gaussian_noise,BBSE-S-01,35.443580760655124,35.50103065363388,33.92201556389558,"{""clean"": 26, ""brightness_dark"": 59, ""contrast_low"": 6, ""gaussian_noise"": 99, ""gaussian_blur"": 10}",0.615,0.0,3.191207627118644,11.11111111111111,0.32,0.185,4.766936909194876,0.6898152200839905,0.6859375654409673
T013-S2,B,gaussian_noise,BBSE-S-11,35.443580760655124,35.50103065363388,33.92201556389558,"{""clean"": 26, ""brightness_dark"": 59, ""contrast_low"": 6, ""gaussian_noise"": 99, ""gaussian_blur"": 10}",0.615,0.0,3.191207627118644,11.11111111111111,0.32,0.185,4.766936909194876,0.6898152200839905,0.6859375654409673
T013-S2,B,gaussian_blur,BBSE-H-01,37.00440294009896,37.07028392845269,36.36230408945226,"{""clean"": 11, ""brightness_dark"": 53, ""contrast_low"": 28, ""gaussian_noise"": 61, ""gaussian_blur"": 47}",0.525,0.0,5.460304054054054,14.08631274828458,0.43,0.275,6.10282376392459,0.6787170975104138,0.666530527900634
T013-S2,B,gaussian_blur,BBSE-H-11,36.57641689187746,36.64472371833234,36.20772071914434,"{""clean"": 10, ""brightness_dark"": 55, ""contrast_low"": 26, ""gaussian_noise"": 61, ""gaussian_blur"": 48}",0.52,0.0,5.714285714285714,14.302925989672977,0.43,0.28,5.674837715703083,0.6311192215663358,0.6197872861341801
T013-S2,B,gaussian_blur,BBSE-S-01,37.02866138735965,37.09688144158521,36.70680718870135,"{""clean"": 8, ""brightness_dark"": 71, ""contrast_low"": 22, ""gaussian_noise"": 57, ""gaussian_blur"": 42}",0.565,0.0,4.733783277090364,12.929453262786593,0.365,0.24,6.127082211185274,0.6814149671445016,0.6691799564740581
T013-S2,B,gaussian_blur,BBSE-S-11,35.39644676668484,35.47443314050136,36.05510783649618,"{""clean"": 8, ""brightness_dark"": 69, ""contrast_low"": 22, ""gaussian_noise"": 59, ""gaussian_blur"": 42}",0.55,0.0,5.0590652285567534,14.302925989672977,0.385,0.255,4.49486759051046,0.49989047738173936,0.49091479351842676
T013-S3,A,clean,BBSE-H-01,38.66254608813216,38.72597912095219,37.35876687154424,"{""clean"": 36, ""brightness_dark"": 60, ""contrast_low"": 5, ""gaussian_noise"": 71, ""gaussian_blur"": 28}",0.6,0.0,3.941176470588235,11.278099972383318,0.335,0.205,4.5238561683636185,0.7241232995328369,0.7191023136287921
T013-S3,A,clean,BBSE-H-11,38.25893162124067,38.32036704568123,37.066312424582755,"{""clean"": 33, ""brightness_dark"": 59, ""contrast_low"": 5, ""gaussian_noise"": 70, ""gaussian_blur"": 33}",0.58,0.0,4.35064935064935,11.507618283881314,0.355,0.225,4.12024170147213,0.6595176558900215,0.6549446379304712
T013-S3,A,clean,BBSE-S-01,38.34904669207893,38.413458341645054,36.96553586075961,"{""clean"": 20, ""brightness_dark"": 70, ""contrast_low"": 9, ""gaussian_noise"": 84, ""gaussian_blur"": 17}",0.605,0.0,4.5071501532175695,11.27720870678617,0.32,0.24,4.210356772310389,0.6739421689612758,0.6692691331223806
T013-S3,A,clean,BBSE-S-11,38.01852308239644,38.08098942748853,36.51460849947956,"{""clean"": 18, ""brightness_dark"": 71, ""contrast_low"": 7, ""gaussian_noise"": 79, ""gaussian_blur"": 25}",0.575,0.0,5.442942942942943,11.58570349861565,0.35,0.265,3.8798331626279046,0.6210360114908984,0.6167298207335898
T013-S3,A,brightness_dark,BBSE-H-01,31.862405687751117,31.923665137309662,30.932840711433784,"{""clean"": 3, ""brightness_dark"": 98, ""contrast_low"": 39, ""gaussian_noise"": 49, ""gaussian_blur"": 11}",0.61,0.0,6.484972829100588,14.670731707317072,0.345,0.305,14.316379233540056,0.7980813098661396,0.8006084014353196
T013-S3,A,brightness_dark,BBSE-H-11,31.862405687751117,31.923665137309662,30.932840711433784,"{""clean"": 3, ""brightness_dark"": 98, ""contrast_low"": 39, ""gaussian_noise"": 49, ""gaussian_blur"": 11}",0.61,0.0,6.484972829100588,14.670731707317072,0.345,0.305,14.316379233540056,0.7980813098661396,0.8006084014353196
T013-S3,A,brightness_dark,BBSE-S-01,33.331288459768814,33.38652835959838,32.75309965815689,"{""clean"": 11, ""brightness_dark"": 111, ""contrast_low"": 38, ""gaussian_noise"": 30, ""gaussian_blur"": 10}",0.7,0.0,3.0927835051546393,9.651257096512563,0.26,0.18,15.785262005557753,0.8799656933131276,0.882752068407054
T013-S3,A,brightness_dark,BBSE-S-11,33.331288459768814,33.38652835959838,32.75309965815689,"{""clean"": 11, ""brightness_dark"": 111, ""contrast_low"": 38, ""gaussian_noise"": 30, ""gaussian_blur"": 10}",0.7,0.0,3.0927835051546393,9.651257096512563,0.26,0.18,15.785262005557753,0.8799656933131276,0.882752068407054
T013-S3,A,contrast_low,BBSE-H-01,29.315780811106478,29.41020014628632,29.81545535563188,"{""clean"": 2, ""brightness_dark"": 49, ""contrast_low"": 101, ""gaussian_noise"": 38, ""gaussian_blur"": 10}",0.63,0.0,4.301242236024844,15.018987341772151,0.34,0.225,9.360516823395958,0.6890859896270937,0.6794719744782028
T013-S3,A,contrast_low,BBSE-H-11,29.315780811106478,29.41020014628632,29.81545535563188,"{""clean"": 2, ""brightness_dark"": 49, ""contrast_low"": 101, ""gaussian_noise"": 38, ""gaussian_blur"": 10}",0.63,0.0,4.301242236024844,15.018987341772151,0.34,0.225,9.360516823395958,0.6890859896270937,0.6794719744782028
T013-S3,A,contrast_low,BBSE-S-01,29.73629705356416,29.822461599840416,29.679946614175233,"{""clean"": 3, ""brightness_dark"": 62, ""contrast_low"": 77, ""gaussian_noise"": 46, ""gaussian_blur"": 12}",0.63,0.0,4.590193271295634,15.194805194805193,0.34,0.24,9.781033065853642,0.7200428114089802,0.7099968917401126
T013-S3,A,contrast_low,BBSE-S-11,29.73629705356416,29.822461599840416,29.679946614175233,"{""clean"": 3, ""brightness_dark"": 62, ""contrast_low"": 77, ""gaussian_noise"": 46, ""gaussian_blur"": 12}",0.63,0.0,4.590193271295634,15.194805194805193,0.34,0.24,9.781033065853642,0.7200428114089802,0.7099968917401126
T013-S3,A,gaussian_noise,BBSE-H-01,35.51779696198477,35.57417381474832,34.025283483748375,"{""clean"": 15, ""brightness_dark"": 70, ""contrast_low"": 4, ""gaussian_noise"": 100, ""gaussian_blur"": 11}",0.65,0.0,2.6315789473684212,10.840840840840839,0.295,0.21,4.841153110524522,0.7061742292708373,0.6967030046063997
T013-S3,A,gaussian_noise,BBSE-H-11,35.51779696198477,35.57417381474832,34.025283483748375,"{""clean"": 15, ""brightness_dark"": 70, ""contrast_low"": 4, ""gaussian_noise"": 100, ""gaussian_blur"": 11}",0.65,0.0,2.6315789473684212,10.840840840840839,0.295,0.21,4.841153110524522,0.7061742292708373,0.6967030046063997
T013-S3,A,gaussian_noise,BBSE-S-01,35.29020412787643,35.34809495312188,33.75905786175532,"{""clean"": 24, ""brightness_dark"": 61, ""contrast_low"": 6, ""gaussian_noise"": 99, ""gaussian_blur"": 10}",0.62,0.0,3.854166666666667,11.11111111111111,0.32,0.23,4.613560276416182,0.6729754870404746,0.6639495246543917
T013-S3,A,gaussian_noise,BBSE-S-11,35.29020412787643,35.34809495312188,33.75905786175532,"{""clean"": 24, ""brightness_dark"": 61, ""contrast_low"": 6, ""gaussian_noise"": 99, ""gaussian_blur"": 10}",0.62,0.0,3.854166666666667,11.11111111111111,0.32,0.23,4.613560276416182,0.6729754870404746,0.6639495246543917
T013-S3,A,gaussian_blur,BBSE-H-01,37.10274046482765,37.17002460269965,36.38850830197791,"{""clean"": 11, ""brightness_dark"": 56, ""contrast_low"": 31, ""gaussian_noise"": 62, ""gaussian_blur"": 40}",0.565,0.0,5.555555555555555,14.332552693208429,0.365,0.255,6.201161288653272,0.6822690433534354,0.6792341851626923
T013-S3,A,gaussian_blur,BBSE-H-11,36.25661317741766,36.31890418245894,36.00405619042671,"{""clean"": 10, ""brightness_dark"": 58, ""contrast_low"": 31, ""gaussian_noise"": 62, ""gaussian_blur"": 39}",0.55,0.0,6.25,15.267275097783571,0.375,0.275,5.355034001243289,0.5891757616171983,0.5865549994657415
T013-S3,A,gaussian_blur,BBSE-S-01,36.90189764781918,36.97054325420573,36.512559634343624,"{""clean"": 9, ""brightness_dark"": 73, ""contrast_low"": 32, ""gaussian_noise"": 53, ""gaussian_blur"": 33}",0.59,0.0,4.908536585365853,13.601532567049807,0.345,0.245,6.000318471644807,0.6601717570152287,0.6572351916183474
T013-S3,A,gaussian_blur,BBSE-S-11,34.80471904548098,34.87598909501961,35.61266693356535,"{""clean"": 9, ""brightness_dark"": 71, ""contrast_low"": 34, ""gaussian_noise"": 55, ""gaussian_blur"": 31}",0.565,0.0,5.695940347970174,14.534706331045001,0.375,0.265,3.9031398693066004,0.4294343237901491,0.4275241209344911
T013-S3,B,clean,BBSE-H-01,38.59819822164522,38.65948533812089,37.29833072784417,"{""clean"": 35, ""brightness_dark"": 61, ""contrast_low"": 2, ""gaussian_noise"": 71, ""gaussian_blur"": 31}",0.62,0.0,3.4119380987472363,11.149425287356319,0.295,0.22,4.459508301876678,0.7198407979498652,0.7239821758504044
T013-S3,B,clean,BBSE-H-11,37.981521720931774,38.041093157789746,36.963375542184764,"{""clean"": 32, ""brightness_dark"": 59, ""contrast_low"": 2, ""gaussian_noise"": 70, ""gaussian_blur"": 37}",0.6,0.0,4.111644657863145,11.838235294117643,0.315,0.24,3.8428318011632356,0.620298679334751,0.6238673729259545
T013-S3,B,clean,BBSE-S-01,38.330552038444345,38.39351020679567,36.94355198412627,"{""clean"": 20, ""brightness_dark"": 75, ""contrast_low"": 8, ""gaussian_noise"": 81, ""gaussian_blur"": 16}",0.635,0.0,4.595959595959596,11.376698014629048,0.3,0.25,4.191862118675803,0.6766381332071006,0.680530958147708
T013-S3,B,clean,BBSE-S-11,37.88069507736304,37.941352483542786,36.35571505158653,"{""clean"": 19, ""brightness_dark"": 73, ""contrast_low"": 6, ""gaussian_noise"": 78, ""gaussian_blur"": 24}",0.6,0.0,5.442942942942943,13.42911483499537,0.33,0.28,3.742005157594504,0.6040235371782537,0.6074985968517257
T013-S3,B,brightness_dark,BBSE-H-01,32.12376023012361,32.18964026863488,30.940842621232008,"{""clean"": 4, ""brightness_dark"": 91, ""contrast_low"": 39, ""gaussian_noise"": 54, ""gaussian_blur"": 12}",0.575,0.0,5.5227471566054245,14.320557491289197,0.355,0.29,14.57773377591255,0.8222351388991557,0.8174739302352029
T013-S3,B,brightness_dark,BBSE-H-11,32.12376023012361,32.18964026863488,30.940842621232008,"{""clean"": 4, ""brightness_dark"": 91, ""contrast_low"": 39, ""gaussian_noise"": 54, ""gaussian_blur"": 12}",0.575,0.0,5.5227471566054245,14.320557491289197,0.355,0.29,14.57773377591255,0.8222351388991557,0.8174739302352029
T013-S3,B,brightness_dark,BBSE-S-01,33.1606104441193,33.22029390252011,32.31396231053069,"{""clean"": 11, ""brightness_dark"": 118, ""contrast_low"": 31, ""gaussian_noise"": 31, ""gaussian_blur"": 9}",0.65,0.0,3.779555767852878,10.389461626575025,0.29,0.205,15.614583989908242,0.8807171150984363,0.8756172625617126
T013-S3,B,brightness_dark,BBSE-S-11,33.1606104441193,33.22029390252011,32.31396231053069,"{""clean"": 11, ""brightness_dark"": 118, ""contrast_low"": 31, ""gaussian_noise"": 31, ""gaussian_blur"": 9}",0.65,0.0,3.779555767852878,10.389461626575025,0.29,0.205,15.614583989908242,0.8807171150984363,0.8756172625617126
T013-S3,B,contrast_low,BBSE-H-01,29.25786458692922,29.35035574173815,28.982117485106823,"{""clean"": 2, ""brightness_dark"": 54, ""contrast_low"": 103, ""gaussian_noise"": 30, ""gaussian_blur"": 11}",0.62,0.0,5.504587155963303,17.752645777132184,0.335,0.27,9.3026005992187,0.6906392742219265,0.6796138888126957
T013-S3,B,contrast_low,BBSE-H-11,29.25786458692922,29.35035574173815,28.982117485106823,"{""clean"": 2, ""brightness_dark"": 54, ""contrast_low"": 103, ""gaussian_noise"": 30, ""gaussian_blur"": 11}",0.62,0.0,5.504587155963303,17.752645777132184,0.335,0.27,9.3026005992187,0.6906392742219265,0.6796138888126957
T013-S3,B,contrast_low,BBSE-S-01,29.675086665333748,29.76261719529224,29.347318505058052,"{""clean"": 0, ""brightness_dark"": 65, ""contrast_low"": 70, ""gaussian_noise"": 54, ""gaussian_blur"": 11}",0.615,0.0,5.123225930187956,15.151515151515152,0.34,0.255,9.719822677623227,0.7216144784506094,0.7100946039824765
T013-S3,B,contrast_low,BBSE-S-11,29.675086665333748,29.76261719529224,29.347318505058052,"{""clean"": 0, ""brightness_dark"": 65, ""contrast_low"": 70, ""gaussian_noise"": 54, ""gaussian_blur"": 11}",0.615,0.0,5.123225930187956,15.151515151515152,0.34,0.255,9.719822677623227,0.7216144784506094,0.7100946039824765
T013-S3,B,gaussian_noise,BBSE-H-01,35.52702705779089,35.58082319303145,34.13330784308669,"{""clean"": 16, ""brightness_dark"": 66, ""contrast_low"": 4, ""gaussian_noise"": 104, ""gaussian_blur"": 10}",0.65,0.0,2.373488580385132,10.283400809716598,0.275,0.18,4.850383206330644,0.7017923894256232,0.6898310833494311
T013-S3,B,gaussian_noise,BBSE-H-11,35.52702705779089,35.58082319303145,34.13330784308669,"{""clean"": 16, ""brightness_dark"": 66, ""contrast_low"": 4, ""gaussian_noise"": 104, ""gaussian_blur"": 10}",0.65,0.0,2.373488580385132,10.283400809716598,0.275,0.18,4.850383206330644,0.7017923894256232,0.6898310833494311
T013-S3,B,gaussian_noise,BBSE-S-01,35.370184633605575,35.42788749251945,33.90040456193095,"{""clean"": 24, ""brightness_dark"": 61, ""contrast_low"": 6, ""gaussian_noise"": 99, ""gaussian_blur"": 10}",0.63,0.0,3.741238317757009,10.840840840840839,0.31,0.21,4.693540782145326,0.6790991680965003,0.6675246438809588
T013-S3,B,gaussian_noise,BBSE-S-11,35.370184633605575,35.42788749251945,33.90040456193095,"{""clean"": 24, ""brightness_dark"": 61, ""contrast_low"": 6, ""gaussian_noise"": 99, ""gaussian_blur"": 10}",0.63,0.0,3.741238317757009,10.840840840840839,0.31,0.21,4.693540782145326,0.6790991680965003,0.6675246438809588
T013-S3,B,gaussian_blur,BBSE-H-01,36.79714095379375,36.86415320167564,36.127560431508066,"{""clean"": 9, ""brightness_dark"": 55, ""contrast_low"": 28, ""gaussian_noise"": 63, ""gaussian_blur"": 45}",0.545,0.0,5.848214285714286,14.357142857142854,0.42,0.285,5.895561777619377,0.6542005574200218,0.6447797756731062
T013-S3,B,gaussian_blur,BBSE-H-11,36.369154905572245,36.43859299155529,35.97297706120014,"{""clean"": 8, ""brightness_dark"": 57, ""contrast_low"": 26, ""gaussian_noise"": 63, ""gaussian_blur"": 46}",0.54,0.0,6.44806338028169,15.319722650231121,0.42,0.295,5.467575729397869,0.6067091186266247,0.5979722349208297
T013-S3,B,gaussian_blur,BBSE-S-01,37.02414516406083,37.09023206330208,36.78465597095769,"{""clean"": 8, ""brightness_dark"": 75, ""contrast_low"": 23, ""gaussian_noise"": 53, ""gaussian_blur"": 41}",0.61,0.0,4.026635057871984,13.17620650953984,0.35,0.235,6.122565987886457,0.6793900620838814,0.669606540160334
T013-S3,B,gaussian_blur,BBSE-S-11,35.39193054338602,35.46778376221823,36.132956618752516,"{""clean"": 8, ""brightness_dark"": 73, ""contrast_low"": 23, ""gaussian_noise"": 55, ""gaussian_blur"": 41}",0.595,0.0,4.765625,13.842364532019701,0.37,0.245,4.490351367211643,0.49827149273428706,0.4910961595271865
